,obj_values ['yield'],Vendi_score,eval_samples,cut_samples
0,"[1.4, 1.9, 12.9]",2.059478091875785,"['COC(=O)CC1CCc2cc(Br)cc3[nH]c(=O)c(=O)n1c23.O=C(N[C@@H](Cc1c[nH]c2ccccc12)C(=O)O)OCc1ccccc1', 'CN1C(=O)C[C@@](C)(c2cc(Br)cs2)N/C1=N/C(=O)OC(C)(C)C.CC(C)(C)OC(=O)N1CCC(=O)C[C@H]1C(=O)O', 'COC(=O)CC1CCc2cc(Br)cc3[nH]c(=O)c(=O)n1c23.O=C(O)CC1CCCCCC1']",[]
1,"[40.3, 4.2, 39.0]",2.629365629999995,"['COC(=O)CC1CCc2cc(Br)cc3[nH]c(=O)c(=O)n1c23.CCCCC(=O)O', 'COC(=O)CC1CCc2cc(Br)cc3[nH]c(=O)c(=O)n1c23.C[C@H](CCC(=O)O)[C@H]1CC[C@H]2[C@@H]3[C@H](O)C[C@@H]4C[C@H](O)CC[C@]4(C)[C@H]3C[C@H](O)[C@]12C', 'CCOC(=O)c1ncn2c1CN(C)C(=O)c1cc(Br)ccc1-2.O=C(O)CC1CCCCCC1']",[]
2,"[14.4, 31.1, 95.2]",3.4421991965379886,"['CCOC(=O)c1ncn2c1CN(C)C(=O)c1cc(Br)ccc1-2.O=C(O)C1C2COCC21', 'CCOC(=O)c1ncn2c1CN(C)C(=O)c1cc(Br)ccc1-2.CC(C)(C)OC(=O)NC(CC(=O)O)C1CCC1', 'CCOC(=O)c1ncn2c1CN(C)C(=O)c1cc(Br)ccc1-2.COCC(=O)O']",[]
3,"[16.8, 52.3, 48.0]",4.029004262951182,"['CN1C(=O)C[C@@](C)(c2cc(Br)cs2)N/C1=N/C(=O)OC(C)(C)C.COCC(=O)O', 'CCOC(=O)c1ncn2c1CN(C)C(=O)c1cc(Br)ccc1-2.CC(F)C(=O)O', 'CCOC(=O)c1ncn2c1CN(C)C(=O)c1cc(Br)ccc1-2.COc1cc(OCC(=O)O)ccc1C=O']",[]
4,"[58.7, 23.8, 45.1]",4.836747973109797,"['CCOC(=O)c1ncn2c1CN(C)C(=O)c1cc(Br)ccc1-2.C[C@H](NC(=O)OCc1ccccc1)C(=O)N1CCC[C@H]1C(=O)O', 'CCOC(=O)c1ncn2c1CN(C)C(=O)c1cc(Br)ccc1-2.Cc1ccc(S(=O)(=O)NC(=N)NCCC[C@H](NC(=O)OCc2ccccc2)C(=O)O)cc1', 'CCOC(=O)c1ncn2c1CN(C)C(=O)c1cc(Br)ccc1-2.CC(C)[C@@H]1CC[C@@H](C)C[C@H]1OCC(=O)O']",[]
5,"[57.1, 45.1, 55.4]",5.216471759001522,"['CCOC(=O)c1ncn2c1CN(C)C(=O)c1cc(Br)ccc1-2.O=C(O)C1(F)CCOCC1', 'CCOC(=O)c1ncn2c1CN(C)C(=O)c1cc(Br)ccc1-2.O=C(O)CN1C(=O)c2ccccc2C1=O', 'CCOC(=O)c1ncn2c1CN(C)C(=O)c1cc(Br)ccc1-2.O=C(O)CSCCS(=O)(=O)c1ccccc1']",[]
6,"[35.0, 52.1, 50.5]",5.356725417692105,"['CCOC(=O)c1ncn2c1CN(C)C(=O)c1cc(Br)ccc1-2.CC(C)(C)OC(=O)N1CC(C(=O)O)C1', 'CCOC(=O)c1ncn2c1CN(C)C(=O)c1cc(Br)ccc1-2.CC(C)(C)OC(=O)N1CCSC(C(=O)O)C1', 'CCOC(=O)c1ncn2c1CN(C)C(=O)c1cc(Br)ccc1-2.CC(C)(C)c1ccc(OCC(=O)O)cc1']",[]
7,"[0.4, 1.0, 39.4]",5.455928292110468,"['CN1C(=O)C[C@@](C)(c2cc(Br)cs2)N/C1=N/C(=O)OC(C)(C)C.C[C@H](CCC(=O)O)[C@H]1CC[C@H]2[C@@H]3C(=O)C[C@@H]4CC(=O)CC[C@]4(C)[C@H]3CC(=O)[C@]12C', 'COC(=O)CC1CCc2cc(Br)cc3[nH]c(=O)c(=O)n1c23.C=CC[C@H](CC(=O)O)NC(=O)OC(C)(C)C', 'CN1C(=O)C[C@@](C)(c2cc(Br)cs2)N/C1=N/C(=O)OC(C)(C)C.O=C(O)[C@H]1CC[C@H](O)CC1']",[]
8,"[11.3, 68.8, 82.7]",5.3008437771282235,"['CCOC(=O)c1ncn2c1CN(C)C(=O)c1cc(Br)ccc1-2.C[C@H](O)[C@@H](NC(=O)OC(C)(C)C)C(=O)O', 'CCOC(=O)c1ncn2c1CN(C)C(=O)c1cc(Br)ccc1-2.CC(=O)N1CCCC1C(=O)O', 'CCOC(=O)c1ncn2c1CN(C)C(=O)c1cc(Br)ccc1-2.CC(=O)NCCCC[C@H](NC(C)=O)C(=O)O']",[]
