,obj_values ['yield'],Vendi_score,eval_samples,cut_samples
0,"[2.3, 0.0, 25.1]",1.9339451241289332,"['CN1C(=O)C[C@@](C)(c2cc(Br)cs2)N/C1=N/C(=O)OC(C)(C)C.O=C(O)Cc1cc(Cl)ccc1F', 'COC(=O)CC1CCc2cc(Br)cc3[nH]c(=O)c(=O)n1c23.CC(C)(C)OC(=O)N1CCCC[C@@H]1C(=O)O', 'COC(=O)CC1CCc2cc(Br)cc3[nH]c(=O)c(=O)n1c23.CC(C)Oc1ccccc1-c1nnc(SCC(=O)O)[nH]1']",[]
1,"[23.3, 0.9, 27.2]",2.437980134923203,"['CCOC(=O)c1ncn2c1CN(C)C(=O)c1cc(Br)ccc1-2.CC(C)Oc1ccccc1-c1nnc(SCC(=O)O)[nH]1', 'COC(=O)CC1CCc2cc(Br)cc3[nH]c(=O)c(=O)n1c23.CC(C)(C)OC(=O)NC(CC(=O)O)c1cccc(Cl)c1', 'COC(=O)CC1CCc2cc(Br)cc3[nH]c(=O)c(=O)n1c23.O=C(O)COc1ccc(OCc2ccccc2)cc1']",[]
2,"[44.7, 57.1, 27.1]",3.505108475533744,"['COC(=O)CC1CCc2cc(Br)cc3[nH]c(=O)c(=O)n1c23.COCC(=O)O', 'CCOC(=O)c1ncn2c1CN(C)C(=O)c1cc(Br)ccc1-2.O=C(O)C1(F)CCOCC1', 'COC(=O)CC1CCc2cc(Br)cc3[nH]c(=O)c(=O)n1c23.CSCC[C@H](NC(=O)OC(C)(C)C)C(=O)NCC(=O)O']",[]
3,"[52.3, 26.1, 58.2]",4.109835751813691,"['CCOC(=O)c1ncn2c1CN(C)C(=O)c1cc(Br)ccc1-2.CC(F)C(=O)O', 'COC(=O)CC1CCc2cc(Br)cc3[nH]c(=O)c(=O)n1c23.O=C(O)C1(F)CCOCC1', 'CCOC(=O)c1ncn2c1CN(C)C(=O)c1cc(Br)ccc1-2.CN(C(=O)OC(C)(C)C)C1(C(=O)O)CC1']",[]
4,"[95.2, 36.0, 45.1]",4.435776475564277,"['CCOC(=O)c1ncn2c1CN(C)C(=O)c1cc(Br)ccc1-2.COCC(=O)O', 'CCOC(=O)c1ncn2c1CN(C)C(=O)c1cc(Br)ccc1-2.O=C(O)C1CC1', 'CCOC(=O)c1ncn2c1CN(C)C(=O)c1cc(Br)ccc1-2.CC(C)[C@@H]1CC[C@@H](C)C[C@H]1OCC(=O)O']",[]
5,"[30.1, 58.7, 23.8]",5.457014747327486,"['CCOC(=O)c1ncn2c1CN(C)C(=O)c1cc(Br)ccc1-2.O=C(O)C1(c2ccc(Cl)cc2)CC1', 'CCOC(=O)c1ncn2c1CN(C)C(=O)c1cc(Br)ccc1-2.C[C@H](NC(=O)OCc1ccccc1)C(=O)N1CCC[C@H]1C(=O)O', 'CCOC(=O)c1ncn2c1CN(C)C(=O)c1cc(Br)ccc1-2.Cc1ccc(S(=O)(=O)NC(=N)NCCC[C@H](NC(=O)OCc2ccccc2)C(=O)O)cc1']",[]
6,"[16.8, 45.1, 96.8]",5.725232835431848,"['CN1C(=O)C[C@@](C)(c2cc(Br)cs2)N/C1=N/C(=O)OC(C)(C)C.COCC(=O)O', 'CCOC(=O)c1ncn2c1CN(C)C(=O)c1cc(Br)ccc1-2.O=C(O)CN1C(=O)c2ccccc2C1=O', 'CCOC(=O)c1ncn2c1CN(C)C(=O)c1cc(Br)ccc1-2.Cc1ccnn1CC(=O)O']",[]
7,"[69.8, 52.1, 100.0]",5.82277658630526,"['CCOC(=O)c1ncn2c1CN(C)C(=O)c1cc(Br)ccc1-2.O=C(O)CC1CN2CCC1CC2', 'CCOC(=O)c1ncn2c1CN(C)C(=O)c1cc(Br)ccc1-2.CC(C)(C)OC(=O)N1CCSC(C(=O)O)C1', 'CCOC(=O)c1ncn2c1CN(C)C(=O)c1cc(Br)ccc1-2.Cc1nc(C)n(CC(=O)O)n1']",[]
8,"[20.1, 66.4, 9.8]",5.882228796673335,"['CCOC(=O)c1ncn2c1CN(C)C(=O)c1cc(Br)ccc1-2.O=C(O)C1CCC1(F)F', 'CCOC(=O)c1ncn2c1CN(C)C(=O)c1cc(Br)ccc1-2.Cc1cc(C)n(C(C)CC(=O)O)n1', 'CCOC(=O)c1ncn2c1CN(C)C(=O)c1cc(Br)ccc1-2.O=C(O)C1CCCCC1O']",[]
