,obj_values ['yield'],Vendi_score,eval_samples,cut_samples
0,"[1.9, 29.5, 4.1]",2.02441713270375,"['COC(=O)CC1CCc2cc(Br)cc3[nH]c(=O)c(=O)n1c23.CC(C)(C)OC(=O)N[C@H](CO)C(=O)O', 'COC(=O)CC1CCc2cc(Br)cc3[nH]c(=O)c(=O)n1c23.O=C(O)[C@H]1CCC[C@@H](C(=O)c2ccccc2)C1', 'CCOC(=O)c1ncn2c1CN(C)C(=O)c1cc(Br)ccc1-2.O=C(O)CN1C(=O)COCC1=O']",[]
1,"[0.6, 7.9, 3.4]",1.9179142429810492,"['COC(=O)CC1CCc2cc(Br)cc3[nH]c(=O)c(=O)n1c23.O=C(O)CCCC(=O)c1ccccc1Cl', 'COC(=O)CC1CCc2cc(Br)cc3[nH]c(=O)c(=O)n1c23.O=C(O)CCCC(=O)N1CCC(=O)CC1', 'COC(=O)CC1CCc2cc(Br)cc3[nH]c(=O)c(=O)n1c23.O=C(O)CCCC(=O)C1CC1']",[]
2,"[5.8, 35.3, 20.1]",2.100803274039021,"['CCOC(=O)c1ncn2c1CN(C)C(=O)c1cc(Br)ccc1-2.O=C(O)CCc1ccc(O)cc1', 'CCOC(=O)c1ncn2c1CN(C)C(=O)c1cc(Br)ccc1-2.O=C(O)CCc1ccc(-n2ccnn2)cc1', 'CCOC(=O)c1ncn2c1CN(C)C(=O)c1cc(Br)ccc1-2.O=C(O)CCc1cc(C(F)(F)F)cc(C(F)(F)F)c1']",[]
3,"[0.0, 3.6, 25.9]",2.4898004600985586,"['COC(=O)CC1CCc2cc(Br)cc3[nH]c(=O)c(=O)n1c23.O=C(O)C1CCC2CCCCC2C1', 'COC(=O)CC1CCc2cc(Br)cc3[nH]c(=O)c(=O)n1c23.O=C(O)C1CC(Oc2ccccc2)C1', 'COC(=O)CC1CCc2cc(Br)cc3[nH]c(=O)c(=O)n1c23.O=C(O)CC1CN2CCC1CC2']",[]
4,"[51.7, 10.7, 16.8]",2.7001019422734376,"['CCOC(=O)c1ncn2c1CN(C)C(=O)c1cc(Br)ccc1-2.O=C(O)Cc1cccnc1', 'CN1C(=O)C[C@@](C)(c2cc(Br)cs2)N/C1=N/C(=O)OC(C)(C)C.CC(C)(C)OC(=O)N1CCCC(CCC(=O)O)C1', 'CCOC(=O)c1ncn2c1CN(C)C(=O)c1cc(Br)ccc1-2.O=C(O)CCN1C(=O)c2ccccc2C1=O']",[]
5,"[4.5, 0.4, 1.4]",2.7493070133560606,"['COC(=O)CC1CCc2cc(Br)cc3[nH]c(=O)c(=O)n1c23.O=C(O)CCCc1cccs1', 'COC(=O)CC1CCc2cc(Br)cc3[nH]c(=O)c(=O)n1c23.O=C(O)CCC(=O)c1ccc(-c2ccccc2)cc1', 'COC(=O)CC1CCc2cc(Br)cc3[nH]c(=O)c(=O)n1c23.O=C(N[C@@H](Cc1c[nH]c2ccccc12)C(=O)O)OCc1ccccc1']",[]
6,"[7.9, 55.8, 64.7]",2.827398459222884,"['CN1C(=O)C[C@@](C)(c2cc(Br)cs2)N/C1=N/C(=O)OC(C)(C)C.CC(C)(C)OC(=O)N1CCCC(CC(=O)O)C1', 'CCOC(=O)c1ncn2c1CN(C)C(=O)c1cc(Br)ccc1-2.O=C(O)Cc1cccc(-c2ccccn2)c1', 'CCOC(=O)c1ncn2c1CN(C)C(=O)c1cc(Br)ccc1-2.O=C(O)Cc1cccc(-n2cccn2)c1']",[]
7,"[50.9, 0.5, 12.9]",2.9588627138107215,"['COC(=O)CC1CCc2cc(Br)cc3[nH]c(=O)c(=O)n1c23.O=C(O)C1Cc2ccccc2O1', 'COC(=O)CC1CCc2cc(Br)cc3[nH]c(=O)c(=O)n1c23.O=C(O)C1CC(O)(c2ccccc2)C1', 'COC(=O)CC1CCc2cc(Br)cc3[nH]c(=O)c(=O)n1c23.O=C(O)CC1CCCCCC1']",[]
8,"[5.2, 7.4, 47.8]",3.0501411634446405,"['CN1C(=O)C[C@@](C)(c2cc(Br)cs2)N/C1=N/C(=O)OC(C)(C)C.CC(C)(C)OC(=O)N1CCCC1C(=O)O', 'CCOC(=O)c1ncn2c1CN(C)C(=O)c1cc(Br)ccc1-2.O=C(O)CCCSc1nc2ccccc2s1', 'COC(=O)CC1CCc2cc(Br)cc3[nH]c(=O)c(=O)n1c23.O=C1CCC(C(=O)O)CC1']",[]
