,obj_values ['yield'],Vendi_score,eval_samples,cut_samples
0,"[75.5, 32.6, 41.6]",1.7529944894558256,"['CCOC(=O)c1ncn2c1CN(C)C(=O)c1cc(Br)ccc1-2.O=C(O)Cn1ccc(-c2cccs2)n1', 'CCOC(=O)c1ncn2c1CN(C)C(=O)c1cc(Br)ccc1-2.O=C(O)COc1cccc(Cl)c1', 'CN1C(=O)C[C@@](C)(c2cc(Br)cs2)N/C1=N/C(=O)OC(C)(C)C.O=C(O)C1CCOC1']",[]
1,"[0.8, 13.6, 2.9]",2.4271870524729535,"['CN1C(=O)C[C@@](C)(c2cc(Br)cs2)N/C1=N/C(=O)OC(C)(C)C.O=C(C[C@H]1CCCC[C@H]1C(=O)O)c1ccccc1', 'CN1C(=O)C[C@@](C)(c2cc(Br)cs2)N/C1=N/C(=O)OC(C)(C)C.O=C(NCC(=O)N1CCC[C@H]1C(=O)O)OCc1ccccc1', 'CN1C(=O)C[C@@](C)(c2cc(Br)cs2)N/C1=N/C(=O)OC(C)(C)C.O=C(N[C@@H](Cc1c[nH]c2ccccc12)C(=O)O)OCc1ccccc1']",[]
2,"[25.4, 55.4, 12.1]",3.1521797269470047,"['CCOC(=O)c1ncn2c1CN(C)C(=O)c1cc(Br)ccc1-2.CCCCCCCCC#CCCCCCCCC(=O)O', 'CCOC(=O)c1ncn2c1CN(C)C(=O)c1cc(Br)ccc1-2.CCCOc1ccc(CC(=O)O)cc1', 'CCOC(=O)c1ncn2c1CN(C)C(=O)c1cc(Br)ccc1-2.CCC[C@](C)(F)C(=O)O']",[]
3,"[11.0, 1.2, 18.9]",3.1523568861586373,"['CN1C(=O)C[C@@](C)(c2cc(Br)cs2)N/C1=N/C(=O)OC(C)(C)C.Cn1ncc2ccc(CC(=O)O)cc21', 'CN1C(=O)C[C@@](C)(c2cc(Br)cs2)N/C1=N/C(=O)OC(C)(C)C.N#Cc1ccc(CC(=O)O)cc1', 'CN1C(=O)C[C@@](C)(c2cc(Br)cs2)N/C1=N/C(=O)OC(C)(C)C.NC(=O)CC[C@H](NC(=O)OCc1ccccc1)C(=O)NCC(=O)O']",[]
4,"[15.4, 59.4, 44.0]",3.227916640108205,"['CCOC(=O)c1ncn2c1CN(C)C(=O)c1cc(Br)ccc1-2.CCCCCCCC/C=C\\CCCCCCCC(=O)O', 'CCOC(=O)c1ncn2c1CN(C)C(=O)c1cc(Br)ccc1-2.CCOC(=O)N1CSCC1C(=O)O', 'CCOC(=O)c1ncn2c1CN(C)C(=O)c1cc(Br)ccc1-2.CCOC(=O)N[C@@H](Cc1ccccc1)C(=O)O']",[]
5,"[5.2, 2.0, 5.3]",3.1310287370700225,"['CN1C(=O)C[C@@](C)(c2cc(Br)cs2)N/C1=N/C(=O)OC(C)(C)C.O=C(N[C@@H](Cc1ccc(O)cc1)C(=O)O)OCc1ccccc1', 'CN1C(=O)C[C@@](C)(c2cc(Br)cs2)N/C1=N/C(=O)OC(C)(C)C.O=C(N[C@@H](Cc1ccccc1)C(=O)O)OCc1ccccc1', 'CN1C(=O)C[C@@](C)(c2cc(Br)cs2)N/C1=N/C(=O)OC(C)(C)C.O=C(N[C@H](CO)C(=O)O)OCc1ccccc1']",[]
6,"[19.2, 28.2, 52.6]",3.1901935853394496,"['CCOC(=O)c1ncn2c1CN(C)C(=O)c1cc(Br)ccc1-2.CCCCCCC(CCCC)C(=O)O', 'CCOC(=O)c1ncn2c1CN(C)C(=O)c1cc(Br)ccc1-2.CC[C@H](NC(=O)OCc1ccccc1)C(=O)O', 'CCOC(=O)c1ncn2c1CN(C)C(=O)c1cc(Br)ccc1-2.CCc1ccc(OCC(=O)O)cc1']",[]
7,"[3.3, 13.6, 3.8]",3.2643315750782653,"['CN1C(=O)C[C@@](C)(c2cc(Br)cs2)N/C1=N/C(=O)OC(C)(C)C.Cn1cc(SCC(=O)O)c2ccccc21', 'CN1C(=O)C[C@@](C)(c2cc(Br)cs2)N/C1=N/C(=O)OC(C)(C)C.O=C(N[C@H]1C[C@@H](C(=O)O)C1)OCc1ccccc1', 'CN1C(=O)C[C@@](C)(c2cc(Br)cs2)N/C1=N/C(=O)OC(C)(C)C.O=C(O)C1CCC(F)(F)C1']",[]
8,"[35.6, 92.0, 10.5]",3.4271960241188486,"['CCOC(=O)c1ncn2c1CN(C)C(=O)c1cc(Br)ccc1-2.CCC1(CC)CC1C(=O)O', 'CCOC(=O)c1ncn2c1CN(C)C(=O)c1cc(Br)ccc1-2.CCCCC(=O)O', 'CCOC(=O)c1ncn2c1CN(C)C(=O)c1cc(Br)ccc1-2.COC(=O)c1ccc(CC(=O)O)cc1']",[]
