,obj_values ['yield'],Vendi_score,eval_samples,cut_samples
0,"[51.5, 48.6, 3.4]",2.1052615462694266,"['COC(=O)CC1CCc2cc(Br)cc3[nH]c(=O)c(=O)n1c23.CC(Oc1ccccc1)C(=O)O', 'CCOC(=O)c1ncn2c1CN(C)C(=O)c1cc(Br)ccc1-2.CC(C)(C)OC(=O)N1CC(Cc2ccccc2)C(C(=O)O)C1', 'COC(=O)CC1CCc2cc(Br)cc3[nH]c(=O)c(=O)n1c23.O=C(O)CN1C(=O)c2ccccc2C1=O']",[]
1,"[3.7, 6.0, 9.8]",2.340964137894821,"['CN1C(=O)C[C@@](C)(c2cc(Br)cs2)N/C1=N/C(=O)OC(C)(C)C.CC(C)(C)OC(=O)N[C@@H](Cc1ccc(OC(C)(C)C)cc1)C(=O)O', 'CN1C(=O)C[C@@](C)(c2cc(Br)cs2)N/C1=N/C(=O)OC(C)(C)C.CC(C)(C)OC(=O)N[C@@H](Cc1cccc(Cl)c1)C(=O)O', 'CN1C(=O)C[C@@](C)(c2cc(Br)cs2)N/C1=N/C(=O)OC(C)(C)C.CC(C)(C)OC(=O)N[C@@H](Cc1cccnc1)C(=O)O']",[]
2,"[62.8, 2.4, 32.9]",2.7257470527079337,"['COC(=O)CC1CCc2cc(Br)cc3[nH]c(=O)c(=O)n1c23.CC(C)(C)OC(=O)N[C@H]1CCCCN(CC(=O)O)C1=O', 'COC(=O)CC1CCc2cc(Br)cc3[nH]c(=O)c(=O)n1c23.CC(C)(C)OC(=O)N[C@H]1CCCC[C@H]1C(=O)O', 'COC(=O)CC1CCc2cc(Br)cc3[nH]c(=O)c(=O)n1c23.CC(C)(C)OC(=O)N[C@H]1CCC[C@@H](C(=O)O)C1']",[]
3,"[18.1, 3.0, 7.4]",2.7267350529456786,"['CN1C(=O)C[C@@](C)(c2cc(Br)cs2)N/C1=N/C(=O)OC(C)(C)C.CC(C)(C)OC(=O)N[C@H]1CCC[C@@H](C(=O)O)C1', 'CN1C(=O)C[C@@](C)(c2cc(Br)cs2)N/C1=N/C(=O)OC(C)(C)C.CC(C)(C)OC(=O)N[C@@H](Cc1cccs1)C(=O)O', 'CN1C(=O)C[C@@](C)(c2cc(Br)cs2)N/C1=N/C(=O)OC(C)(C)C.CC(C)(C)OC(=O)N[C@@H](Cc1ccncc1)C(=O)O']",[]
4,"[14.7, 12.5, 69.2]",2.8958244434231175,"['COC(=O)CC1CCc2cc(Br)cc3[nH]c(=O)c(=O)n1c23.CC(C)c1ccc(CC(=O)O)cc1', 'COC(=O)CC1CCc2cc(Br)cc3[nH]c(=O)c(=O)n1c23.CC(C)(C)OC(=O)N[C@H]1CCC[C@H]1C(=O)O', 'COC(=O)CC1CCc2cc(Br)cc3[nH]c(=O)c(=O)n1c23.CC(C)(C)OC(=O)N[C@H]1CCN(CC(=O)O)C1=O']",[]
5,"[5.9, 1.0, 3.0]",3.0625444451747783,"['CN1C(=O)C[C@@](C)(c2cc(Br)cs2)N/C1=N/C(=O)OC(C)(C)C.CC(C)(C)OC(=O)N[C@H](Cc1cn(C=O)c2ccccc12)C(=O)O', 'CN1C(=O)C[C@@](C)(c2cc(Br)cs2)N/C1=N/C(=O)OC(C)(C)C.CC(C)(C)OC(=O)N[C@@H]1[C@H]2CC[C@H](C2)[C@@H]1C(=O)O', 'CN1C(=O)C[C@@](C)(c2cc(Br)cs2)N/C1=N/C(=O)OC(C)(C)C.CC(C)(C)OC(=O)N[C@H](CO)C(=O)O']",[]
6,"[47.0, 15.8, 2.7]",3.0890977981787664,"['COC(=O)CC1CCc2cc(Br)cc3[nH]c(=O)c(=O)n1c23.CC(C)(C)OC(=O)N[C@H]1CC[C@H](C(=O)O)CC1', 'COC(=O)CC1CCc2cc(Br)cc3[nH]c(=O)c(=O)n1c23.O=C(O)C1CCN(C(=O)c2ccc(B(O)O)cc2)CC1', 'COC(=O)CC1CCc2cc(Br)cc3[nH]c(=O)c(=O)n1c23.O=C(O)C1CCC(c2ccccc2)C1']",[]
7,"[7.2, 4.1, 7.4]",3.224739735581574,"['CN1C(=O)C[C@@](C)(c2cc(Br)cs2)N/C1=N/C(=O)OC(C)(C)C.CC(C)(C)OC(=O)N[C@H]1CCC[C@H]1C(=O)O', 'CCOC(=O)c1ncn2c1CN(C)C(=O)c1cc(Br)ccc1-2.O=C(O)CN1C(=O)COCC1=O', 'CN1C(=O)C[C@@](C)(c2cc(Br)cs2)N/C1=N/C(=O)OC(C)(C)C.CC(C)C1CCC(C(=O)O)CC1']",[]
8,"[0.0, 25.2, 9.9]",3.5199996436900416,"['COC(=O)CC1CCc2cc(Br)cc3[nH]c(=O)c(=O)n1c23.CC(C)(C)O[C@@H]1C[C@@H](C(=O)O)N(C(=O)OCc2ccccc2)C1', 'COC(=O)CC1CCc2cc(Br)cc3[nH]c(=O)c(=O)n1c23.CC(F)C(=O)O', 'COC(=O)CC1CCc2cc(Br)cc3[nH]c(=O)c(=O)n1c23.CC(C)(C)OCC(=O)O']",[]
