,obj_values ['yield'],Vendi_score,eval_samples,cut_samples
0,"[21.7, 5.3, 3.2]",1.7840545138667223,"['CCOC(=O)c1ncn2c1CN(C)C(=O)c1cc(Br)ccc1-2.O=C(O)C1CC(O)(c2ccccc2)C1', 'CCOC(=O)c1ncn2c1CN(C)C(=O)c1cc(Br)ccc1-2.Cc1n[nH]c2c1CC(C(=O)O)CC2', 'CN1C(=O)C[C@@](C)(c2cc(Br)cs2)N/C1=N/C(=O)OC(C)(C)C.O=C(O)CCNC(=O)c1ccccc1']",[]
1,"[1.4, 0.0, 31.1]",2.769480581856634,"['COC(=O)CC1CCc2cc(Br)cc3[nH]c(=O)c(=O)n1c23.O=C(N[C@@H](Cc1c[nH]c2ccccc12)C(=O)O)OCc1ccccc1', 'COC(=O)CC1CCc2cc(Br)cc3[nH]c(=O)c(=O)n1c23.CCCCCCCC/C=C\\CCCCCCCC(=O)O', 'COC(=O)CC1CCc2cc(Br)cc3[nH]c(=O)c(=O)n1c23.CC(OCc1ccccc1)C(=O)O']",[]
2,"[18.9, 1.3, 13.7]",3.074323105578831,"['CCOC(=O)c1ncn2c1CN(C)C(=O)c1cc(Br)ccc1-2.C=CC[C@H](CC(=O)O)NC(=O)OC(C)(C)C', 'CN1C(=O)C[C@@](C)(c2cc(Br)cs2)N/C1=N/C(=O)OC(C)(C)C.CC(C)(C)OC(=O)N1CCc2cc(CCC(=O)O)ccc2C1', 'CN1C(=O)C[C@@](C)(c2cc(Br)cs2)N/C1=N/C(=O)OC(C)(C)C.CC(C)(C)OC(=O)N1CSC(C)(C)C1C(=O)O']",[]
3,"[14.7, 7.1, 25.2]",3.353886547358102,"['COC(=O)CC1CCc2cc(Br)cc3[nH]c(=O)c(=O)n1c23.CC(C)c1ccc(CC(=O)O)cc1', 'COC(=O)CC1CCc2cc(Br)cc3[nH]c(=O)c(=O)n1c23.CC(CC(=O)O)c1ccc(Cl)cc1', 'COC(=O)CC1CCc2cc(Br)cc3[nH]c(=O)c(=O)n1c23.CC(F)C(=O)O']",[]
4,"[31.8, 8.5, 4.9]",3.4916168487111947,"['CCOC(=O)c1ncn2c1CN(C)C(=O)c1cc(Br)ccc1-2.O=C(O)C1CC[C@@H]2CCC[C@H]12', 'CN1C(=O)C[C@@](C)(c2cc(Br)cs2)N/C1=N/C(=O)OC(C)(C)C.CC(C)(C)OC(=O)NCCCCCCC(=O)O', 'CN1C(=O)C[C@@](C)(c2cc(Br)cs2)N/C1=N/C(=O)OC(C)(C)C.CC(C)(C)OC(=O)NCC(Cc1ccccc1)C(=O)O']",[]
5,"[0.0, 0.0, 44.0]",3.5563893379688465,"['COC(=O)CC1CCc2cc(Br)cc3[nH]c(=O)c(=O)n1c23.CC(C)[C@H](NC(=O)[C@@H](NC(=O)OC(C)(C)C)C(C)C)C(=O)O', 'COC(=O)CC1CCc2cc(Br)cc3[nH]c(=O)c(=O)n1c23.N#Cc1ccc(CC(=O)O)cc1', 'COC(=O)CC1CCc2cc(Br)cc3[nH]c(=O)c(=O)n1c23.CC1CCCC(C(=O)O)C1']",[]
6,"[3.3, 10.0, 5.3]",3.6328070870408506,"['CN1C(=O)C[C@@](C)(c2cc(Br)cs2)N/C1=N/C(=O)OC(C)(C)C.CC(C)(C)OC(=O)N1CCC2(CC1)CC(C(=O)O)C2', 'CN1C(=O)C[C@@](C)(c2cc(Br)cs2)N/C1=N/C(=O)OC(C)(C)C.CC(C)(C)OC(=O)N1CCC2(CCC(CC(=O)O)CC2)CC1', 'CN1C(=O)C[C@@](C)(c2cc(Br)cs2)N/C1=N/C(=O)OC(C)(C)C.CCCCCCC(CCCC)C(=O)O']",[]
7,"[16.7, 0.6, 16.2]",3.7547432506815195,"['CCOC(=O)c1ncn2c1CN(C)C(=O)c1cc(Br)ccc1-2.COc1cccc(OCCC(=O)O)c1', 'COC(=O)CC1CCc2cc(Br)cc3[nH]c(=O)c(=O)n1c23.CC1(C)CC(=O)CC1C(=O)O', 'COC(=O)CC1CCc2cc(Br)cc3[nH]c(=O)c(=O)n1c23.CC(C)[C@@H]1CC[C@@H](C)C[C@H]1OCC(=O)O']",[]
8,"[3.8, 3.7, 1.1]",3.897225614853948,"['CN1C(=O)C[C@@](C)(c2cc(Br)cs2)N/C1=N/C(=O)OC(C)(C)C.CC(C)(C)OC(=O)N1CCN(C(=O)OC(C)(C)C)C(C(=O)O)C1', 'CN1C(=O)C[C@@](C)(c2cc(Br)cs2)N/C1=N/C(=O)OC(C)(C)C.CC(C)(C)OC(=O)N[C@@H](Cc1ccc(OC(C)(C)C)cc1)C(=O)O', 'CN1C(=O)C[C@@](C)(c2cc(Br)cs2)N/C1=N/C(=O)OC(C)(C)C.CC(C)(C)OC(=O)NC1CC(C(=O)O)C1']",[]
