,obj_values ['yield'],Vendi_score,eval_samples,cut_samples
0,"[0.2, 0.4, 58.5]",1.9429810532347551,"['COC(=O)CC1CCc2cc(Br)cc3[nH]c(=O)c(=O)n1c23.O=C(C[C@H]1CCCC[C@H]1C(=O)O)c1ccccc1', 'COC(=O)CC1CCc2cc(Br)cc3[nH]c(=O)c(=O)n1c23.O=C(O)CCC(=O)c1ccc(-c2ccccc2)cc1', 'CCOC(=O)c1ncn2c1CN(C)C(=O)c1cc(Br)ccc1-2.O=C(O)C1CCC2(CC1)OCCO2']",[]
1,"[36.4, 0.7, 15.8]",2.4452655004669257,"['CN1C(=O)C[C@@](C)(c2cc(Br)cs2)N/C1=N/C(=O)OC(C)(C)C.O=C(O)CC1COC1', 'CN1C(=O)C[C@@](C)(c2cc(Br)cs2)N/C1=N/C(=O)OC(C)(C)C.O=C(O)CCC(=O)c1ccc(-c2ccccc2)cc1', 'CN1C(=O)C[C@@](C)(c2cc(Br)cs2)N/C1=N/C(=O)OC(C)(C)C.O=C(O)CCCC(=O)C1CC1']",[]
2,"[41.9, 8.2, 59.0]",2.929351332047888,"['CCOC(=O)c1ncn2c1CN(C)C(=O)c1cc(Br)ccc1-2.Cc1ccc(SCC(=O)O)cc1', 'CCOC(=O)c1ncn2c1CN(C)C(=O)c1cc(Br)ccc1-2.Cc1cccc(C)c1CC(=O)O', 'CCOC(=O)c1ncn2c1CN(C)C(=O)c1cc(Br)ccc1-2.Cc1ccccc1COCC(=O)O']",[]
3,"[12.9, 3.8, 19.6]",3.145998988680218,"['CN1C(=O)C[C@@](C)(c2cc(Br)cs2)N/C1=N/C(=O)OC(C)(C)C.O=C(O)COc1ccc(OCc2ccccc2)cc1', 'CN1C(=O)C[C@@](C)(c2cc(Br)cs2)N/C1=N/C(=O)OC(C)(C)C.O=C(O)C1CCC(F)(F)C1', 'CN1C(=O)C[C@@](C)(c2cc(Br)cs2)N/C1=N/C(=O)OC(C)(C)C.O=C(O)C1CCC(F)(F)CC1']",[]
4,"[83.5, 23.8, 50.7]",3.577461869681912,"['CCOC(=O)c1ncn2c1CN(C)C(=O)c1cc(Br)ccc1-2.Cn1ncc2ccc(CC(=O)O)cc21', 'CCOC(=O)c1ncn2c1CN(C)C(=O)c1cc(Br)ccc1-2.Cc1ccc(S(=O)(=O)NC(=N)NCCC[C@H](NC(=O)OCc2ccccc2)C(=O)O)cc1', 'CCOC(=O)c1ncn2c1CN(C)C(=O)c1cc(Br)ccc1-2.Cc1ccccc1OCC(=O)O']",[]
5,"[14.5, 4.9, 4.7]",3.3477590871510605,"['CN1C(=O)C[C@@](C)(c2cc(Br)cs2)N/C1=N/C(=O)OC(C)(C)C.O=C(O)CCc1ccc(-n2ccnn2)cc1', 'CN1C(=O)C[C@@](C)(c2cc(Br)cs2)N/C1=N/C(=O)OC(C)(C)C.O=C(O)CCCC(=O)N1CCC(=O)CC1', 'CN1C(=O)C[C@@](C)(c2cc(Br)cs2)N/C1=N/C(=O)OC(C)(C)C.O=C(O)CCCC(=O)c1ccccc1Cl']",[]
6,"[96.8, 100.0, 5.3]",3.5132481620649005,"['CCOC(=O)c1ncn2c1CN(C)C(=O)c1cc(Br)ccc1-2.Cc1ccnn1CC(=O)O', 'CCOC(=O)c1ncn2c1CN(C)C(=O)c1cc(Br)ccc1-2.Cc1cn(CC(=O)O)c(=O)[nH]c1=O', 'CCOC(=O)c1ncn2c1CN(C)C(=O)c1cc(Br)ccc1-2.Cc1n[nH]c2c1CC(C(=O)O)CC2']",[]
7,"[1.7, 0.4, 8.6]",3.3547486023482898,"['CN1C(=O)C[C@@](C)(c2cc(Br)cs2)N/C1=N/C(=O)OC(C)(C)C.O=C(O)CCCCC(=O)c1ccc(Cl)cc1', 'CN1C(=O)C[C@@](C)(c2cc(Br)cs2)N/C1=N/C(=O)OC(C)(C)C.O=C(O)CCCSc1nc2ccccc2s1', 'CN1C(=O)C[C@@](C)(c2cc(Br)cs2)N/C1=N/C(=O)OC(C)(C)C.O=C(O)CCCc1cccs1']",[]
8,"[99.6, 100.0, 89.1]",3.3676514724853415,"['CCOC(=O)c1ncn2c1CN(C)C(=O)c1cc(Br)ccc1-2.CC1CCCC(C(=O)O)C1', 'CCOC(=O)c1ncn2c1CN(C)C(=O)c1cc(Br)ccc1-2.Cc1nc(C)n(CC(=O)O)n1', 'CCOC(=O)c1ncn2c1CN(C)C(=O)c1cc(Br)ccc1-2.Cc1nc(CC(=O)O)c(C)s1']",[]
