,obj_values ['yield'],Vendi_score,eval_samples,cut_samples
0,"[92.1, 19.7, 44.0]",1.7888443371303884,"['CCOC(=O)c1ncn2c1CN(C)C(=O)c1cc(Br)ccc1-2.O=C(O)Cn1c(=O)oc2ccccc21', 'CN1C(=O)C[C@@](C)(c2cc(Br)cs2)N/C1=N/C(=O)OC(C)(C)C.CC(=O)N1CCCC1C(=O)O', 'CCOC(=O)c1ncn2c1CN(C)C(=O)c1cc(Br)ccc1-2.CCOC(=O)N[C@@H](Cc1ccccc1)C(=O)O']",[]
1,"[17.7, 23.6, 25.3]",2.0335201418528785,"['CN1C(=O)C[C@@](C)(c2cc(Br)cs2)N/C1=N/C(=O)OC(C)(C)C.O=C(O)COc1ccc(O)cc1', 'CN1C(=O)C[C@@](C)(c2cc(Br)cs2)N/C1=N/C(=O)OC(C)(C)C.O=C(O)COc1ccc(Cl)cc1', 'CN1C(=O)C[C@@](C)(c2cc(Br)cs2)N/C1=N/C(=O)OC(C)(C)C.O=C(O)CNC(=O)Cc1ccccc1']",[]
2,"[53.4, 20.2, 27.1]",2.332075409638391,"['CCOC(=O)c1ncn2c1CN(C)C(=O)c1cc(Br)ccc1-2.O=C(N[C@H]1C[C@@H](C(=O)O)C1)OCc1ccccc1', 'CCOC(=O)c1ncn2c1CN(C)C(=O)c1cc(Br)ccc1-2.O=C(N[C@H](CO)C(=O)O)OCc1ccccc1', 'CCOC(=O)c1ncn2c1CN(C)C(=O)c1cc(Br)ccc1-2.O=C(N[C@@H](Cc1ccccc1)C(=O)O)OCc1ccccc1']",[]
3,"[0.0, 4.9, 4.8]",2.443380330874922,"['CN1C(=O)C[C@@](C)(c2cc(Br)cs2)N/C1=N/C(=O)OC(C)(C)C.O=C(O)CN1C(=O)c2ccccc2C1=O', 'CN1C(=O)C[C@@](C)(c2cc(Br)cs2)N/C1=N/C(=O)OC(C)(C)C.O=C(O)CN1C(=O)COCC1=O', 'CN1C(=O)C[C@@](C)(c2cc(Br)cs2)N/C1=N/C(=O)OC(C)(C)C.O=C(O)CCc1nc2ccccc2s1']",[]
4,"[57.1, 38.1, 24.6]",2.8216384868703246,"['CCOC(=O)c1ncn2c1CN(C)C(=O)c1cc(Br)ccc1-2.O=C(O)C1(F)CCOCC1', 'CCOC(=O)c1ncn2c1CN(C)C(=O)c1cc(Br)ccc1-2.O=C(N[C@@H](Cc1ccc(O)cc1)C(=O)O)OCc1ccccc1', 'CCOC(=O)c1ncn2c1CN(C)C(=O)c1cc(Br)ccc1-2.O=C(N[C@@H](Cc1c[nH]c2ccccc12)C(=O)O)OCc1ccccc1']",[]
5,"[12.9, 24.4, 19.4]",2.796299803158119,"['CN1C(=O)C[C@@](C)(c2cc(Br)cs2)N/C1=N/C(=O)OC(C)(C)C.O=C(O)COc1ccc(OCc2ccccc2)cc1', 'CN1C(=O)C[C@@](C)(c2cc(Br)cs2)N/C1=N/C(=O)OC(C)(C)C.O=C(O)COc1ccc(OC(F)(F)F)cc1', 'CN1C(=O)C[C@@](C)(c2cc(Br)cs2)N/C1=N/C(=O)OC(C)(C)C.O=C(O)CNC(=O)CNC(=O)c1ccccc1']",[]
6,"[22.8, 20.1, 30.1]",3.0893240641876143,"['CCOC(=O)c1ncn2c1CN(C)C(=O)c1cc(Br)ccc1-2.O=C(O)C1CCN(C(=O)c2ccc(B(O)O)cc2)CC1', 'CCOC(=O)c1ncn2c1CN(C)C(=O)c1cc(Br)ccc1-2.O=C(O)C1(c2ccc(Cl)nc2)CC1', 'CCOC(=O)c1ncn2c1CN(C)C(=O)c1cc(Br)ccc1-2.O=C(O)C1(c2ccc(Cl)cc2)CC1']",[]
7,"[2.1, 12.4, 5.3]",3.4278234067819287,"['COC(=O)CC1CCc2cc(Br)cc3[nH]c(=O)c(=O)n1c23.O=C(O)C1CC[C@@H]2CCC[C@H]12', 'CN1C(=O)C[C@@](C)(c2cc(Br)cs2)N/C1=N/C(=O)OC(C)(C)C.O=C(O)CC1CCCCCC1', 'CN1C(=O)C[C@@](C)(c2cc(Br)cs2)N/C1=N/C(=O)OC(C)(C)C.O=C(N[C@H](CO)C(=O)O)OCc1ccccc1']",[]
8,"[14.4, 44.1, 4.3]",3.5588866578925766,"['CCOC(=O)c1ncn2c1CN(C)C(=O)c1cc(Br)ccc1-2.O=C(O)C1C2COCC21', 'CCOC(=O)c1ncn2c1CN(C)C(=O)c1cc(Br)ccc1-2.O=C(NCC(=O)N1CCC[C@H]1C(=O)O)OCc1ccccc1', 'CN1C(=O)C[C@@](C)(c2cc(Br)cs2)N/C1=N/C(=O)OC(C)(C)C.COc1cc2c(cc1OC)C(CC(=O)O)N(C(=O)OC(C)(C)C)CC2']",[]
