,obj_values ['rate'],Vendi_score,eval_samples,cut_samples
0,"[0.33202938800728404, -0.6840584844371156, -0.3341217343172275]",1.822875583848761,"['COC1=C(I)C(F)=CC=C1', 'NC1(CC1)C1=CC=C(I)C=C1', 'COC1=C(I)C(Cl)=C(Cl)C=C1']",[]
1,"[-0.5879529326977142, 0.43139330236988777, 1.0558560625499234]",2.1884439631570975,"['OC1=CC=CC(O)=C1I', 'NC1=C(F)C(F)=C(I)C(F)=C1F', 'OC1=CC=CC(I)=C1F']","['COC1=CC(CO)=CC=C1I', 'CC1=CC(F)=C(I)C=C1O', 'COC1=CC(Cl)=C(I)C=C1', 'NC1=C(Cl)C=C(C=C1I)C(F)(F)F', 'FC1=CC=C(I)C(F)=C1', 'CC1=CC(Cl)=C(I)C=C1C', 'NC1=C(I)C=C(OC(F)(F)F)C=C1', 'COC1=CC(Cl)=C(OC)C=C1I', 'COC1=C(I)C=CC=C1', 'CC1=CC(I)=C(O)C=C1Cl', 'CCOC(=O)C1=CC(I)=C(N)C=C1', 'COC1=C(I)C(F)=C(F)C=C1', 'COC1=C(I)C=CC(=C1)C(F)(F)F', 'IC1=CC=C(OCC#N)C=C1', 'CC1=CC(F)=C(I)C=C1', 'FC1=C(I)C=CC(=C1)C1CC1', 'COC1=C(F)C=CC=C1I', 'CC(=O)NC1=CC(F)=CC=C1I', 'OC(=O)CCC1=CC=C(O)C(I)=C1', 'CCOC(=O)COC1=CC=CC=C1I', 'CCOC(=O)C1=CC(I)=C(OC)C=C1', 'COC1=CC=C(I)C(OC)=C1', 'COC1=CC=CC(Br)=C1I', 'NC1=C(F)C(F)=C(I)C=C1', 'COC1=C(I)C=C(C=C1)C(O)=O', 'COC1=CC=C(C)C=C1I', 'COC1=CC(F)=C(I)C=C1', 'CCOC1=CC=C(I)C(F)=C1F', 'CCOC1=CC(Br)=CC=C1I', 'OC1=CC(Cl)=C(I)C=C1', 'OC1=C(O)C(I)=CC=C1', 'CC1=C(F)C=C(F)C(I)=C1', 'OC1=C(I)C=CC(Cl)=C1', 'COC1=CC(I)=C(F)C=C1', 'IC1=C(OCC2=CC=CC=C2)C=CC=C1', 'OC1=C(F)C=CC=C1I', 'COC1=CC=C(C=C1I)C#N', 'FC1=CC(I)=C(F)C=C1', 'CC(=O)OC1=CC=C(I)C=C1', 'NC(=O)C1=CC(O)=C(I)C=C1', 'CC(=O)NC1=CC=CC=C1I', 'COC1=CC=C(I)C(C(O)=O)=C1F', 'NC1=C(I)C=C(F)C(=C1)C(F)(F)F', 'OC1=CC=C(I)C=C1C(F)(F)F', 'FC(F)(F)C(=O)NC1=CC=CC=C1I', 'OC1=CC(Cl)=C(F)C=C1I', 'IC1=CC=C(OC2=CC=CC=C2)C=C1', 'NC1=C(F)C=C(C=C1I)C#N', 'COC1=CC(=C(I)C=C1)C(F)(F)F', 'COC(=O)C1=CC=C(N)C(I)=C1Cl', 'OC1=C(I)C(Cl)=CC(Cl)=C1', 'COC1=C(I)C=C(Br)C=C1', 'OC(=O)CC1=CC=C(O)C(I)=C1', 'OC1=C(I)C=C(Cl)C=C1', 'COC1=C(I)C=C(C(O)=O)C(F)=C1', 'OCC1=C(I)C=CC(F)=C1', 'COC(=O)C1=CC(I)=C(N)C=C1Cl', 'FC(F)(F)OC1=CC=CC=C1I', 'OC1=C(I)C=CC=C1Cl', 'COC1=CC(I)=C(F)C=C1Cl', 'CC1=C(O)C(I)=CC(Cl)=C1', 'NC1=C(Cl)C=C(Cl)C=C1I', 'FC1=C(I)C=CC(Cl)=C1', 'IC1=CC=C(OCC2CC2)C=C1', 'NCCC1=CC=C(I)C=C1', 'CC1=CC(I)=CC(C)=C1F', 'OC1=C(I)C=CC=C1', 'COC1=CC=C(I)C(O)=C1', 'IC1=C(OC2CC2)C=CC=C1', 'COC(=O)C1=C(OC)C=C(F)C(I)=C1', 'CC(Cl)C(=O)NC1=CC=CC=C1I', 'COC1=CC(OC)=C(I)C=C1Cl', 'OC(=O)C1=CC=C(O)C(I)=C1', 'CC1=CC(I)=C(F)C=C1', 'NC1=C(I)C(Cl)=C(Cl)C=C1', 'OCC1=CC(I)=C(O)C=C1', 'OC1=C(I)C=C(C=C1)C1=CC=CC=C1', 'NC1=C(I)C=C(Cl)C(=C1)C(F)(F)F', 'NC1=CC(I)=C(F)C=C1Cl', 'OC1=C(I)C(Cl)=CC=C1']"
2,"[-0.24448008121560494, 0.3605637792644092, 0.41060517290180687]",2.513062638369326,"['COC1=CC(Cl)=CC(I)=C1', 'FC1=CC(F)=C(F)C(I)=C1F', 'NC1=CC=C(I)C=C1']","['CC(C)(C)C1=CC(I)=CC=C1O', 'NC1=C(I)C=CC(Br)=C1', 'FC1=C(Br)C=CC(I)=C1F', 'CC1=C(C=C(I)C(N)=C1)C#N', 'NC1=C(I)C(F)=C(F)C=C1F', 'CC1=C(O)C=CC(I)=C1', 'FC1=C(I)C=CC(I)=C1', 'NC1=C(I)C=C(Br)C=C1', 'NC1=C(I)C(Br)=CC(F)=C1', 'COC1=CC(Br)=CC(OC)=C1I', 'COC(=O)C1=CC(I)=C(N)C=C1OC', 'NC1=C(I)C(F)=C(Br)C(F)=C1', 'OC1=C(Cl)C(I)=CC=C1', 'COC1=CC(I)=C(Cl)C=C1', 'COC(=O)C1=CC(I)=C(OC2=CC=CC=C2)C=C1', 'OC1=C(F)C=C(I)C=C1', 'CC1=CC(N)=C(I)C=C1', 'COC1=C(I)C(C)=CC(Cl)=C1', 'COC1=CC=CC(OC)=C1I', 'CC1=C(I)C(O)=CC=C1', 'COC1=CC=C(I)C(N)=C1', 'FC1=C(I)C=C(CBr)C=C1', 'COC1=CC=CC(C)=C1I', 'CC1=C(I)C=CC(O)=C1', 'COC1=CC=C(OC)C(I)=C1', 'COC1=C(I)C(N)=CC=C1', 'FC1=CC(F)=C(I)C(F)=C1', 'FC1=CC(F)=C(Cl)C=C1I', 'FC1=CC=CC(CBr)=C1I', 'FC1=CC=CC(F)=C1I', 'COC(=O)C1=CC(I)=C(N)C(OC)=C1', 'CC1=C(N)C(I)=CC=C1', 'COC1=CC=C(Br)C(F)=C1I', 'CC(C)(C)OC(=O)NC1=C(I)C(F)=CC=C1', 'OC1=CC(I)=C(Cl)C=C1', 'NC1=C(I)C(Cl)=CC=C1', 'NNC1=C(I)C=CC=C1', 'COC1=C(N)C(I)=CC=C1', 'OC1=C(I)C(Br)=CC=C1', 'CC1=CC=C(C=C1I)C(N)=N', 'COC(=O)C1=C(C)C=C(N)C(I)=C1', 'FC1=C(F)C(I)=CC=C1', '[H][C@@](N)(CC1=CC=C(O)C(I)=C1)C(O)=O', 'COC1=CC(C)=C(OC)C=C1I', 'OC1=CC(I)=C(O)C=C1I', 'CCNC(=O)C1=CC(OCC)=C(I)C=C1', 'CC1=C(Cl)C=C(I)C=C1', 'NC1=C(I)C=C(C=C1)C#N', 'COC1=CC=C(I)C(C)=C1', 'C[C@H](O)C1=C(I)C=CC(F)=C1', '[H][C@](N)(CC1=CC(I)=C(O)C=C1)C(=O)OC', 'NC1=CC(Cl)=CC=C1I', 'FC1=C(I)C=CC(=C1)C(F)(F)F', 'NC1=CC(F)=C(I)C=C1', 'CSC1=CC=C(I)C=C1', 'COC1=CC=CC(CO)=C1I', 'ClCC(=O)NC1=CC=CC=C1I', 'COC1=C(I)C(F)=CC(Br)=C1', 'CC1=CC(N)=C(I)C=C1F', 'COC(=O)C1=CC(I)=C(F)C=C1', 'OB(O)C1=CC(F)=C(I)C(F)=C1', 'CC1=CC=C(I)C=C1', 'CN(C)C1=C(I)C=CC=C1', 'CC1=CC(Cl)=CC(I)=C1N', 'NC1=CC(I)=C(O)C=C1', 'CC1=CC(O)=C(C)C=C1I', 'CCC1=CC=C(I)C=C1', 'IC1=CC=C(CC#C)C=C1', 'FC1=CC=C(I)C(F)=C1F']"
3,"[0.21043106576080262, -0.8310572398642792, 0.610371127314533]",2.579675769147522,"['CN(C)C1=CC=C(I)C=C1', 'CNC1=CC=C(I)C=C1C', 'NC1=CC(I)=CC(CO)=C1']","['CCOC(=O)CC1=CC=C(N)C(I)=C1', 'NC1=C(I)C=C(C=C1)C1=CC=CC=C1', 'CC(=O)NC1=C(OC(F)(F)F)C=C(I)C=C1', 'CC(=O)NC1=C(F)C=C(I)C=C1', 'NC1=C(Cl)C=C(I)C=C1', 'COC1=C(OC)C=C(I)C=C1', 'CC1=CC(I)=C(CO)C=C1C', 'COC1=C(C)C=CC(I)=C1', 'CC(=O)NC1=C(C=C(I)C=C1)C(F)(F)F', 'FC1=C(C=C(I)C=C1)C(F)(F)F', 'COC1=CC(B(O)O)=C(I)C=C1', 'CNC1=CC=C(I)C=C1', 'CC1=CC(I)=C(N)C=C1O', 'NCC1=CC(I)=CC=C1', 'NNC(=O)CNC1=CC=C(I)C=C1', 'OC1=CC=C(OC2=CC=C(I)C=C2)C=C1', 'CNCC1=C(I)C=CC=C1', 'CC1=CC=C(I)C(C(O)=O)=C1F', 'COC1=CC=C(C(N)=O)C(I)=C1', 'CC1=CC(N)=C(I)C=C1C', 'CC(C)(C)C1=CC=C(N)C(I)=C1', 'COC1=C(C(O)=O)C(I)=CC=C1', 'CC1=CC=C(N)C(I)=C1', 'OCC1=C(I)C=C(F)C=C1', 'CCC1=C(N)C=CC(I)=C1', 'CC(C)C1=CC=C(N)C(I)=C1', 'CC1=CC(I)=C(N)C(C)=C1', 'CC1=C(I)C=C(O)C=C1', 'NNC1=CC=C(I)C=C1', 'NC1=CC=C(O)C=C1I', 'COC(=O)C1=C(I)C=CC=C1OC', 'CCOC(=O)CC1=CC(I)=CC=C1', 'ClCC1=CC=C(I)C=C1', 'CC1=C(I)C=C(CO)C=C1', 'NC1=C(N)C(I)=CC=C1', 'NC(CC1=CC=C(I)C=C1)C(O)=O', 'ClC1=CC=C(I)C=C1', 'OCC1=C(Cl)C=CC(I)=C1', 'IC1=CC=C(OCC2=CC=NC=C2)C=C1', 'FC1=C(Cl)C=C(I)C=C1', 'NC1=CC=C(I)C(Cl)=C1', 'IC1=CC=CC(=C1)C1=CC=CC=C1', 'OB(O)C1=CC(I)=CC=C1', 'NC1=C(Br)C=CC=C1I', 'IC1=CC=CC(CN2CCCC2)=C1', 'IC1=CC=C(OCCN2CCCC2=O)C=C1', 'COC1=C(Cl)C=CC(I)=C1', 'CC1=CC=CC(I)=C1', 'COC1=CC=CC(I)=C1C', 'CS(=O)(=O)NC1=CC=C(I)C=C1', 'OC(=O)CCCCC1=CC=C(I)C=C1', 'OB(O)C1=CC=C(I)C=C1', 'COC1=C(N)C=CC(I)=C1', 'IC1=CC=C(OCC2=CC=CN=C2)C=C1', 'NC1=CC(I)=CC=C1O', 'COC1=C(I)C=CC(N)=C1', 'CC1=CC(I)=CC(F)=C1', 'OC1=CC=C(I)C2=CC=CC=C12', 'COC1=CC(I)=C(N)C=C1', 'COC1=CC=C(N)C=C1I']"
4,"[0.03589396540360318, 0.6125615222860419, 0.7152369130646198]",2.987496434573043,"['CN(C)C1=CC(Br)=C(I)C=C1', 'CC1=C(C(I)=CC=C1)N(=O)=O', 'FC1=CC(I)=C(Cl)C=C1']","['CC(C)(C)C1=C(N)C=CC(I)=C1', 'NC1=CC=C(N)C(I)=C1', 'FC(F)(F)C1=C(Cl)C=CC(I)=C1', 'CC(=O)NC(CC1=CC=C(I)C=C1)C(O)=O', 'OCC1=C(I)C=C(Cl)C=C1', 'CC(C)OC1=CC=C(I)C=C1Br', 'NC(=O)C1=CN=C(OC2=CC=C(I)C=C2)C=C1', 'CCOC1=C(I)C=CC(=C1)C(=O)N1CCOCC1', 'IC1=CC=C(NC(=O)OCC2=CC=CC=C2)C=C1', 'COC1=C(I)C=C(N)C=C1I', 'IC1=CC=C(C=C1)C(=O)N1CCOCC1', 'CON(C)C(=O)C1=CC=C(I)C=C1', 'ClCC1=C(I)C=CC=C1', 'NC(=O)C1=C(I)C=CC=C1', 'COC1=CC(I)=C(NC(=O)OC(C)(C)C)C=C1', 'IC1=CC(=CC=C1)N1C=CN=N1', 'CCNC(=O)C1=CC=CC=C1I', 'COC1=C(NCC(O)=O)C=C(I)C(Cl)=C1', 'NC1=C(I)C=C(Br)C(=C1)C(F)(F)F', 'NNC(=O)C1=CC=C(I)C=C1', 'CC1=CC=C(I)C=C1Br', 'FC1=CC(I)=CC=C1NC(=O)NC1CC1', 'CC1=CC=CC(I)=C1CO', 'ClC1=CC=C(OC2=CC=C(I)C=C2)C=C1', 'FC(F)C1=C(I)C=CC=C1', 'IC1=CC=C(C=C1)N1CCCCC1', 'CC(C)(C)C(=O)NC1=CC=CC=C1I', 'NC1=C(N)C=C(I)C(Cl)=C1', 'IC1=CC=C(OCCN2CCCC2)C=C1', 'COC1=CC(Br)=CC(I)=C1', 'CC1=CC(I)=C(CO)C=C1', 'IC1=C(C=CC=C1)C1=CC=CC=C1', 'COC(=O)C1=CC(I)=C(N)C(Br)=C1', 'CC1=CC(I)=C(C)C=C1', 'NCC1=CC=CC=C1I', 'CC(C)(C)C(=O)NC1=CC=C(Cl)C=C1I', 'COC1=CC(N)=C(I)C=C1C(O)=O', 'COC1=C(C)C(I)=CC=C1C', 'COC(=O)C1=C(OC)C=C(NC(C)=O)C(I)=C1', 'ClC1=CC=C(C=C1)C1=CC=C(I)C=C1', 'NC1=C(I)C=C(C(Br)=C1)C(F)(F)F', 'CNC(=O)C1=CC=CC=C1I', 'CC1=CC=CC(I)=C1Cl', 'OCC1=C(Cl)C=CC=C1I', 'COC(=O)C1(CC1)C1=CC=C(I)C=C1', 'CC1=C(I)C=CC=C1CC#N', 'COC1=CC(Br)=C(OC)C=C1I', 'FC(F)C1=CC=C(I)C=C1', 'CC1=C(I)C=CC=C1', 'IC1=CC(CC#N)=CC=C1', 'COC1=CC=C(COC2=C(I)C=CC=C2)C=C1', 'COC(=O)C1=C(I)C=C(OC)C(OC)=C1']"
5,"[-0.03658781328811367, 0.9011189241452577, 0.7372699867152058]",3.3014424974280625,"['FC1=CC(F)=C(I)C(Cl)=C1', 'OC1=C(C=O)C(I)=CC=C1', 'CC1=C(C=CC=C1I)C#N']","['OC(=O)C1=CC=CC(I)=C1Cl', 'CC1=CC(I)=CC(I)=C1N', 'CC(C)C1=CC=C(I)C(Br)=C1', 'OC1=CC=C(I)C(Br)=C1', 'ClC1=CC=CC=C1I', 'FC1=C(I)C(Cl)=CC=C1', 'OC(=O)CC1=CC=CC=C1I', 'NC1=CC(I)=C(Br)C=C1', 'FC(F)(F)C1=CC(I)=C(Cl)C=C1', 'BrCC1=CC(I)=CC=C1', 'OC(=O)C1=CC(I)=C(O)C(I)=C1', 'FC1=C(Cl)C=C(I)C=C1Cl', 'IC1=CC=CC=C1CN1C=NC=N1', 'FC(F)C1=C(I)C(F)=C(Cl)C=C1', 'NC(=O)CC1=C(I)C=CC=C1', 'COC(=O)CC1=C(I)C=CC=C1', 'OC1=CC(I)=C(Br)C=C1', 'FC1=CC(Cl)=C(I)C=C1', 'OC(=O)C1=C(F)C(F)=C(F)C(F)=C1I', 'IC1=CC(I)=CC=C1', 'COC1=CC(I)=CC=C1I', 'OC1=C(Br)C(I)=CC=C1', 'CCC1=C(Br)C=CC(I)=C1', 'COC(=O)C1=CC(I)=C(Cl)C=C1', 'CC1=C(Cl)C=C(I)C=C1Cl', 'NC(=O)C1=C(Cl)C=CC=C1I', 'CC1=C(F)C=C(F)C=C1I', 'OC(=O)CC1=C(I)C=C(Cl)C=C1', 'ClCC1=CC(I)=C(CCl)C=C1', 'COC1=CC(Br)=C(I)C=C1', 'COC(OC)C1=C(I)C=CC=C1', 'COC(=O)C1=CC=C(I)C=C1', 'COC1=CC(N)=C(I)C=C1I', 'CC1=CC(Br)=C(I)C=C1', 'CCOC(=O)C1=CC(Br)=C(N)C(I)=C1', 'CCCNC(=O)C1=CC=CC=C1I', 'BrC1=CC=CC=C1I', 'OC1=C(I)C=C(F)C(F)=C1I', 'OC(=O)CCC1=CC=CC=C1I', 'CC1=C(Br)C(F)=CC(I)=C1', 'COC(=O)C1=CC(I)=C(Cl)C=C1C', 'CCC1=CC(Br)=C(I)C=C1', 'CC1=CC(Br)=CC(I)=C1', 'OC1=C(F)C=C(I)C=C1I', 'ClC1=CC(Cl)=C(I)C=C1']"
6,"[0.9869241843207679, 0.748476934445635, 0.6468855920821965]",3.4919701761422286,"['BrC1=C(C=C(I)C=C1)C#N', 'NC1=CC=C(I)C=C1N(=O)=O', 'OC1=C(I)C=CC=C1N(=O)=O']","['COC(=O)C1=C(Cl)C=C(C)C(I)=C1', 'ClC1=C(I)C=C(C=O)C=C1', 'COC(=O)C1=CC(N)=C(I)C=C1C', 'CC1=CC(Cl)=CC(Cl)=C1I', 'CC1=CC(I)=C(N)C(I)=C1', 'NC(=O)C1=C(O)C=CC(I)=C1', 'CC1=CC=CC(Cl)=C1I', 'COC(=O)C1=CC=C(I)C(N)=C1', 'CCOC1=C(O)C(I)=CC(C=O)=C1', 'IC1=CC=C(C=C1)C1=NC=CO1', 'NC1=C(I)C=CC(=C1)C(O)=O', 'OC(C1=CC=C(I)C(F)=C1)(C(F)(F)F)C(F)(F)F', 'CC1=CC(Br)=CC=C1I', 'COC(=O)C1=C(C)C(I)=CC=C1', 'CCCC1=C(I)C=CC=C1', 'OC(=O)CNC(=O)C1=C(I)C=CC=C1', 'OC1=C(I)C=C(C=C1I)C(F)(F)F', 'CC(C)(C)C1=CC(I)=C(O)C(I)=C1', 'FC1=C(F)C(=CC=C1I)C(F)(F)F', 'FC1=CC=CC(I)=C1Br', 'COC1=CC(C=O)=CC(I)=C1O', 'FC1=C(I)C=CC(Br)=C1Cl', 'CC(=O)C1=CC(I)=C(O)C=C1', 'COC(=O)C1=CC(I)=C(N)C(I)=C1', 'COC1=C(OC)C(I)=CC(C=O)=C1', 'OC1=CC=C(C=C1I)C1=CC=C(C=C1)C#N', 'COC(=O)C1=C(I)C=CC=C1O', 'IC1=C(C=CC=C1)C(=O)NC1CCCC1', 'COC1=CC=C(I)C=C1C(O)=O', 'CC(=O)C1=CC(I)=CC=C1', 'ClC1=C(I)C=C(C=C1)C#N', 'COC(=O)C1=CC(N)=CC=C1I', 'CC1=CC(=CC(I)=C1)C(O)=O', 'CC1=CC(Br)=C(I)C=C1Cl', 'CC1=CC(C)=C(I)C=C1I', 'COC(=O)C1=C(Cl)C(O)=C(I)C=C1', 'CC1=C(C=C(I)C=C1Cl)C(O)=O', 'COC(=O)C1=C(I)C=CC(OC)=C1']"
7,"[1.1539729119520985, 0.6785827796541858, 1.0708146217817276]",3.6748151928279147,"['ClC1=CC(=CC=C1I)N(=O)=O', 'CC(=O)C1=CC(I)=CC=C1N', 'FC1=C(F)C(=CC(I)=C1F)N(=O)=O']","['CC1=C(I)C=C(C=C1F)C(O)=O', 'FC(F)(F)C(=O)CC1=CC=C(I)C=C1', 'OC(=O)C1=CC=CC(I)=C1', 'OS(=O)(=O)C1=CC=CC(I)=C1', 'NC1=CC=C(I)C(F)=C1C#N', 'CC1=C(C(F)=CC=C1I)N(=O)=O', 'CC1=CC=C(C(O)=O)C(I)=C1', 'CC1=CC(O)=C(I)C=C1N(=O)=O', 'COC(=O)C1=CC(I)=C(N)C(=C1)N(=O)=O', 'CC1=C(I)C=CC=C1N(=O)=O', 'COC(=O)C1=CC=CC=C1I', 'COC(=O)C1=C(N)C=CC=C1I', 'COC(=O)C1=C(N)C(I)=CC(Cl)=C1', 'OC(=O)C1=CC=CC2=CC=CC(I)=C12', 'OC(=O)CCC1=CC(I)=C(O)C(I)=C1', 'ClC1=CC=C(Br)C=C1I', 'COC1=C(C=C(I)C(F)=C1)C(O)=O', 'CCC1=CC=C(I)C=C1C(O)=O', 'CC(=O)CCC1=CC=C(I)C=C1', 'OC1=C(I)C=C(C=O)C=C1I', 'CC1=CC(C)=C(I)C=C1C(O)=O', 'CCOC(=O)C1=CC(I)=C(O)C(I)=C1', 'CCOC(=O)C1=CC=C(I)C=C1F', 'COC(=O)C1=C(O)C=C(I)C(Cl)=C1', 'COC(=O)C1=C(N)C(I)=CC(F)=C1', 'NC1=C(C(O)=O)C(I)=CC=C1', 'COC(=O)C1=CC(I)=C(C=C1O)N(C)C', 'NS(=O)(=O)C1=CC=CC(I)=C1', 'OC(=O)C1=C(Br)C(I)=CC=C1', 'IC1=CC=CC(=C1)C(=O)C1=CC=CC=C1', 'CC1=CC(C(O)=O)=C(I)C=C1', 'COC1=CC(O)=C(C=O)C=C1I', 'CCOC(=O)C1=CC(OCC)=C(I)C=C1']"
8,"[0.9057282466323808, 0.06991425479088953, 0.3863027835248003]",3.7815779783020873,"['OC(=O)C1=CC=C(I)C=C1', 'OC(=O)C1=C(I)C=C(F)C(F)=C1', 'ClC1=C(I)C(=CC=C1)N(=O)=O']","['NC1=C(I)C=CC=C1C(O)=O', 'COC(=O)C1=C(OC)C=C(C)C(I)=C1', 'OC(=O)C1=CC(OC(F)(F)F)=C(I)C=C1', 'IC1=CC=C(C#N)C(I)=C1', 'FC1=CC(F)=C(I)C=C1N(=O)=O', 'OC1=C(I)C=C(C=C1N(=O)=O)C#N', 'COC1=C(I)C=C(C=C1I)C#N', 'IC1=CC=C(C=C1)N1C(=O)C=CC1=O', 'OC(=O)C1=C(F)C=C(Cl)C(I)=C1', 'NC1=CC(Cl)=C(I)C=C1C(O)=O', 'COC1=C(I)C(=CC=C1)C#N', 'OC1=C(I)C(=CC=C1)N(=O)=O', 'CCOC(=O)C1=CC(F)=C(I)C=C1', 'COC(=O)C1=CC=CC(I)=C1N', 'OC(=O)C1=CC(I)=C(C=C1)C(F)(F)F', 'BrC1=C(I)C=C(C=O)C=C1', 'CC(C)(C)OC(=O)C1=CC(I)=CC=C1', 'FC1=C(C=C(Br)C=C1I)C#N', 'OCC1=CC(=C(I)C=C1)N(=O)=O', 'ClC1=CC2=C(C=C1)C=C(I)C=C2', 'FC1=C(Cl)C=CC(I)=C1C=O', 'OC(=O)C1=CC(Cl)=CC=C1I', 'OC1=CC(I)=C(C=C1)N(=O)=O', 'FC1=CC(Br)=C(I)C=C1F', 'CCOC(=O)C1=CC2=CC=CC=C2C=C1I', 'CC1=C(I)C=C(Cl)C(=C1)N(=O)=O', 'COC(=O)C1=CC=C(I)C=C1N(=O)=O', 'CC1=CC(I)=CC(C(O)=O)=C1N']"
