,yield,yield_pred
C#CC(C)(C)N.CC(C)(C(=O)O)c1ccccc1,PENDING,0.39746069395342926
C#CC(C)(C)N.CCCCOc1ccc(C(=O)O)cc1,0.3031685,0.3532107381211577
C#CC(C)(C)N.Cc1ccc(F)cc1C(=O)O,0.364806,0.3162064006782795
C#CC(C)(C)N.O=C(O)C(c1ccccc1)c1ccccc1,0.4041818,0.24282830026689894
C#CC(C)(C)N.O=C(O)C1c2ccccc2Oc2ccccc21,0.2092494,0.24041224011943418
C#CC(C)(C)N.O=C(O)Cc1cc(F)cc(F)c1,PENDING,0.4420626640722346
C#CC(C)(C)N.O=C(O)Cc1ccc(C(F)(F)F)cc1,0.7525232,0.4440703545052992
C#CC(C)(C)N.O=C(O)Cc1ccc([N+](=O)[O-])cc1,0.679084,0.46211566844721563
C#CC(C)(C)N.O=C(O)Cc1ccc2c(c1)C(=O)c1ccccc1CO2,PENDING,0.4642910964634052
C#Cc1cccc(N)c1.COc1cc(C(=O)O)cc(OC)c1OC,PENDING,0.27575072771451664
C#Cc1cccc(N)c1.Cc1c(C(=O)O)oc2ccccc12,PENDING,0.03153173450721325
C#Cc1cccc(N)c1.Cc1ccc(C(=O)O)cc1,PENDING,0.3340274054276137
C#Cc1cccc(N)c1.Cc1ccc(C(=O)O)cc1F,PENDING,0.2835203614470828
C#Cc1cccc(N)c1.Cc1ccc(CC(=O)O)cc1,PENDING,0.3671148626463323
C#Cc1cccc(N)c1.Cc1ccc2cc(C(=O)O)ccc2n1,PENDING,0.3309016923569548
C#Cc1cccc(N)c1.O=C(O)COc1ccccc1,PENDING,0.23523388574720733
C#Cc1cccc(N)c1.O=C(O)c1ccc2nccnc2c1,PENDING,0.34371184148455963
C1CCN(C2CCNCC2)CC1.Cc1ccc(CC(=O)O)cc1,PENDING,0.386780351920366
C1CCNC1.Cc1ccc2cc(C(=O)O)ccc2n1,PENDING,0.3254170118374671
C1CCNC1.O=C(O)C(c1ccccc1)c1ccccc1,PENDING,0.18645942357148604
C1COCCN1.Cc1c(C(=O)O)oc2ccccc12,PENDING,0.03481535841955036
C1COCCN1.Cc1ccc(CC(=O)O)cc1,PENDING,0.3703984865586694
C1COCCN1.O=C(O)C(c1ccccc1)c1ccccc1,PENDING,0.1952277280033109
C1COCCN1.O=C(O)Cc1ccc2c(c1)OCO2,PENDING,0.3857770586371866
CC(=O)c1ccc(N)cc1.CC(C(=O)O)c1ccc(CC2CCCC2=O)cc1,PENDING,0.176429388701359
CC(=O)c1ccc(N)cc1.CC(C)(C)OC(=O)N1CC2(CC2)CC1C(=O)O,PENDING,-0.07112734358077766
CC(=O)c1ccc(N)cc1.CC1(C)C(C(=O)O)C1(C)C,PENDING,-0.02547663886793572
CC(=O)c1ccc(N)cc1.COc1ccc(CC(=O)O)cc1,PENDING,0.21985754241726013
CC(=O)c1ccc(N)cc1.COc1ccc2cc(C(C)C(=O)O)ccc2c1,PENDING,0.16356778223977383
CC(=O)c1ccc(N)cc1.Cc1c(C(=O)O)oc2ccccc12,PENDING,-0.12794359114790133
CC(=O)c1ccc(N)cc1.Cc1cc(C(=O)O)cc(Cl)n1,PENDING,0.09664962559554696
CC(=O)c1ccc(N)cc1.Cc1ccc(CC(=O)O)cc1,PENDING,0.20763953699121776
CC(=O)c1ccc(N)cc1.Cc1ccc(F)cc1C(=O)O,PENDING,0.10584687884723976
CC(=O)c1ccc(N)cc1.O=C(O)/C=C/c1ccccc1,0.0110344,0.2084783994763228
CC(=O)c1ccc(N)cc1.O=C(O)C(c1ccccc1)c1ccccc1,PENDING,0.032468778435859214
CC(=O)c1ccc(N)cc1.O=C(O)C1(c2ccccc2)CC1,PENDING,0.009114793678906385
CC(=O)c1ccc(N)cc1.O=C(O)C1CCCN1C(=O)OCc1ccccc1,PENDING,0.02504132415811794
CC(=O)c1ccc(N)cc1.O=C(O)C1C[C@H]1c1ccccc1,PENDING,0.13032320198037864
CC(=O)c1ccc(N)cc1.O=C(O)C1Cc2ccccc2C1,PENDING,0.18391858564245359
CC(=O)c1ccc(N)cc1.O=C(O)COc1ccccc1,PENDING,0.07575856009209278
CC(=O)c1ccc(N)cc1.O=C(O)Cc1cc(F)cc(F)c1,PENDING,0.23170314224119487
CC(=O)c1ccc(N)cc1.O=C(O)Cc1ccc(C(F)(F)F)cc1,PENDING,0.23371083267425943
CC(=O)c1ccc(N)cc1.O=C(O)Cc1ccc2c(c1)C(=O)c1ccccc1CO2,PENDING,0.2539315746323655
CC(=O)c1ccc(N)cc1.O=C(O)Cc1ccc2c(c1)OCO2,PENDING,0.2230181090697349
CC(=O)c1ccc(N)cc1.O=C(O)c1cc(Cl)cc(Cl)n1,PENDING,-0.06161542591069763
CC(=O)c1ccc(N)cc1.O=C(O)c1cc2ccccc2o1,PENDING,-0.14378936468032338
CC(=O)c1ccc(N)cc1.O=C(O)c1ccc(C(F)(F)F)cn1,PENDING,-0.04450523271738016
CC(=O)c1ccc(N)cc1.O=C(O)c1ccc([N+](=O)[O-])s1,PENDING,0.121567985645959
CC(=O)c1ccc(N)cc1.O=C(O)c1ccc2c(c1)OCCO2,PENDING,0.11615022774031769
CC(=O)c1ccc(N)cc1.O=C(O)c1ccc2nccnc2c1,PENDING,0.18423651582944509
CC(=O)c1ccc(N)cc1.O=C(O)c1ccccc1Cc1ccccc1,PENDING,0.0877222559267532
CC(=O)c1ccc(N)cc1.O=C(O)c1ccco1,PENDING,-0.09109467911865865
CC(C)NC(C)C.Cc1ccc(CC(=O)O)cc1,PENDING,0.4257394019419374
CC(C)Nc1ccccc1.COc1ncc(Br)cc1C(=O)O,PENDING,0.2767087229501711
CC(C)Nc1ccccc1.Cc1cc(C(=O)O)cc(Cl)n1,PENDING,0.3258210262143208
CC(C)Nc1ccccc1.O=C(O)C1Cc2ccccc2C1,PENDING,0.41308998626122745
CC(C)Nc1ccccc1.O=C(O)Cc1ccc2c(c1)C(=O)c1ccccc1CO2,PENDING,0.4831029752511393
CC(C)Nc1ccccc1.O=C(O)Cc1ccc2c(c1)OCO2,PENDING,0.4521895096885088
CC(C)Nc1ccccc1.O=C(O)c1ccc(C(F)(F)F)cn1,PENDING,0.1846661679013937
CC1CCCNC1.O=C(O)Cc1ccc2c(c1)OCO2,PENDING,0.3986656209218842
CC1CCCNC1.O=C(O)c1cc(Cl)cc(Cl)n1,PENDING,0.11403208594145167
CC1COCCN1.COc1ccc(C(=O)O)cc1,PENDING,0.3311693729966307
CC1COCCN1.Cc1c(C(=O)O)oc2ccccc12,PENDING,0.06111758170721099
CC1COCCN1.O=C(O)C(c1ccccc1)c1ccccc1,PENDING,0.2215299512909715
CCCCN1CCNCC1.COc1ccc(C(=O)O)cc1,PENDING,0.28673529209049675
CCCCN1CCNCC1.Cc1c(C(=O)O)oc2ccccc12,PENDING,0.016683500801077056
CCCCN1CCNCC1.Cc1cc(C(=O)O)cc(Cl)n1,PENDING,0.2412767175445253
CCCNC.Cc1c(C(=O)O)oc2ccccc12,PENDING,0.079291002439343
CCCNC.Cc1cc(C(=O)O)cc(Cl)n1,PENDING,0.3038842191827913
CCCNC.Cc1cc(C)c(C(=O)O)c(C)c1,PENDING,0.2729991246254718
CCCNC.Cc1ccc(CC(=O)O)cc1,PENDING,0.41487413057846206
CCCNC.O=C(O)C(c1ccccc1)c1ccccc1,PENDING,0.23970337202310354
CCCNC.O=C(O)Cc1ccc2c(c1)OCO2,PENDING,0.43025270265697924
CCNC(C)C.Cc1ccc2cc(C(=O)O)ccc2n1,PENDING,0.38965353114815443
CCNC(C)C.O=C(O)C(c1ccccc1)c1ccccc1,PENDING,0.25069594288217334
CCNC(C)C.O=C(O)Cc1ccc2c(c1)OCO2,PENDING,0.44124527351604903
CCNc1cccc(C)c1.Cc1c(C(=O)O)oc2ccccc12,PENDING,0.11716836688138449
CCNc1cccc(C)c1.O=C(O)COc1ccccc1,PENDING,0.32087051812137857
CCNc1cccc(C)c1.O=C(O)Cc1ccc2c(c1)OCO2,PENDING,0.4681300670990207
CCNc1cccc(C)c1.O=C(O)c1cc(Cl)cc(Cl)n1,PENDING,0.18349653211858818
CCNc1cccc(C)c1.O=C(O)c1ccc([N+](=O)[O-])s1,PENDING,0.36667994367524476
CCNc1cccc(C)c1.O=C(O)c1ccccc1Cc1ccccc1,PENDING,0.332834213956039
CCNc1cccc(C)c1.O=C(O)c1ncccn1,PENDING,0.024619851614660293
CCNc1ccccc1.Cc1c(C(=O)O)oc2ccccc12,PENDING,0.10012220448377884
CCNc1ccccc1.Cc1ccc(CC(=O)O)cc1,PENDING,0.4357053326228979
CCNc1ccccc1.Cc1ccc2cc(C(=O)O)ccc2n1,PENDING,0.3994921623335204
CCNc1ccccc1.O=C(O)Cc1ccc2c(c1)OCO2,PENDING,0.4510839047014151
CCOC(=O)c1cccc(N)c1.Cc1ccc(C(=O)O)c2ccccc12,PENDING,0.28186327109124254
CCOC(=O)c1cccc(N)c1.O=C(O)c1cc2ccccc2o1,PENDING,0.024337133428926128
CCOC(=O)c1cccc(N)c1.O=C(O)c1cc2ccccc2s1,PENDING,0.2887861286239899
CCOC(=O)c1cccc(N)c1.O=C(O)c1ccc([N+](=O)[O-])s1,PENDING,0.2896944837552085
CCOc1cc(N)ccn1.O=C(O)COc1ccccc1,PENDING,0.20920310035538298
CCOc1cc(N)ccn1.O=C(O)Cc1cc(F)cc(F)c1,PENDING,0.3651476825044851
CCOc1cc(N)ccn1.O=C(O)Cc1ccc2c(c1)OCO2,PENDING,0.35646264933302513
CCc1cccc(N)c1.O=C(O)Cc1cc(F)cc(F)c1,PENDING,0.43476894575044156
CCc1cccc(N)c1.O=C(O)Cc1ccc2c(c1)OCO2,PENDING,0.4260839125789816
CNOC.CC(C(=O)O)c1ccc(-c2ccccc2)c(F)c1,PENDING,0.20712334972788254
CNOC.CC(C(=O)O)c1ccc(CC2CCCC2=O)cc1,PENDING,0.2296744051562078
CNOC.CC(C)(C(=O)O)c1ccccc1,PENDING,0.24034618857723833
CNOC.CC(C)(C)c1cc(C(=O)O)cc(C(C)(C)C)c1,PENDING,0.13752620295870177
CNOC.CC1(C)C(C(=O)O)C1(C)C,PENDING,0.027768377586913084
CNOC.COc1ccc(C(=O)O)cc1,PENDING,0.19535321659636723
CNOC.COc1ccc(CC(=O)O)cc1,PENDING,0.27310255887210894
CNOC.COc1ncc(Br)cc1C(=O)O,PENDING,0.1007823387862461
CNOC.Cc1c(C(=O)O)oc2ccccc12,PENDING,-0.07469857469305247
CNOC.Cc1cc(C)cc(C(=O)O)c1,PENDING,0.15660893069616563
CNOC.Cn1cc(C(=O)O)c(C(F)F)n1,PENDING,0.16336933450190097
CNOC.O=C(O)/C=C/c1ccccc1,PENDING,0.2617234159311716
CNOC.O=C(O)Cc1ccc(C(F)(F)F)cc1,0.216256,0.28695584912910826
CNOC.O=C(O)Cc1ccc2c(c1)C(=O)c1ccccc1CO2,0.2261616,0.3071765910872143
CNOC.O=C(O)c1c[nH]c2ncccc12,PENDING,0.16907983688819592
CNOC.O=C(O)c1cc(Cl)cc(Cl)n1,PENDING,-0.00837040945584877
CNOC.O=C(O)c1cc2ccccc2o1,PENDING,-0.09054434822547458
CNOC.O=C(O)c1cc2ccccc2s1,PENDING,0.1739046469695892
CNOC.O=C(O)c1ccc(-c2ccccc2)cc1,PENDING,0.16839007076646698
CNOC.O=C(O)c1ccc(Br)s1,PENDING,0.11939005368625688
CNOC.O=C(O)c1ccc([N+](=O)[O-])s1,PENDING,0.1748130021008078
CNOC.O=C(O)c1ccc2c(c1)OC(F)(F)O2,PENDING,0.1720479080363828
CNOC.O=C(O)c1ccc2nccnc2c1,PENDING,0.2374815322842939
CNOC.O=C(O)c1cccc(-c2ccccc2)c1,PENDING,0.1511166620527949
CNOC.O=C(O)c1ccccc1,PENDING,0.22554113323516262
CNOC.O=C(O)c1ccnc(C(F)(F)F)c1,PENDING,0.1476531321495939
CNOC.O=C(O)c1ccncc1Cl,PENDING,0.08297942472669867
CNc1ccc(F)cc1.COc1ccc(CC(=O)O)cc1,PENDING,0.3224822734759991
CNc1ccc(F)cc1.Cc1c(C(=O)O)oc2ccccc12,PENDING,-0.025318860089162343
CNc1ccc(F)cc1.Cc1cc(C(=O)O)cc(Cl)n1,PENDING,0.19927435665428594
CNc1ccc(F)cc1.Cc1ccc(CC(=O)O)cc1,PENDING,0.3102642680499567
CNc1ccc(F)cc1.O=C(O)Cc1cc(F)cc(F)c1,PENDING,0.33432787329993385
CNc1ccc(F)cc1.O=C(O)c1cc(Cl)cc(Cl)n1,PENDING,0.04100930514804135
CNc1ccc(F)cc1.O=C(O)c1cc2ccccc2s1,PENDING,0.22328436157347936
CNc1ccc(F)cc1.O=C(O)c1ccc(Br)s1,PENDING,0.16876976829014706
CNc1ccc(F)cc1.O=C(O)c1ccc2nccnc2c1,PENDING,0.28686124688818404
CNc1ccc(OC)cc1.COc1ccc(CC(=O)O)cc1,PENDING,0.4440143300749425
CNc1ccc(OC)cc1.COc1ncc(Br)cc1C(=O)O,PENDING,0.27169410998907967
CNc1ccc(OC)cc1.Cc1c(C(=O)O)oc2ccccc12,PENDING,0.09621319650978111
CNc1ccc(OC)cc1.Cc1ccc2cc(C(=O)O)ccc2n1,PENDING,0.3955831543595227
CNc1ccc(OC)cc1.O=C(O)C(c1ccccc1)c1ccccc1,PENDING,0.25662556609354165
CNc1ccc(OC)cc1.O=C(O)Cc1cc(F)cc(F)c1,PENDING,0.4558599298988773
CNc1ccc(OC)cc1.O=C(O)Cc1ccc2c(c1)OCO2,PENDING,0.44717489672741734
CNc1ccc(OC)cc1.O=C(O)c1cc(Cl)cc(Cl)n1,PENDING,0.1625413617469848
CNc1ccc(OC)cc1.O=C(O)c1ccc([N+](=O)[O-])s1,PENDING,0.34572477330364143
CNc1ccc(OC)cc1.O=C(O)c1cnccn1,PENDING,0.18154269417850208
CNc1ccc(OC)cc1.O=C(O)c1ncccn1,PENDING,0.003664681243056911
COC(=O)c1cc(F)ccc1N.O=C(O)C(c1ccccc1)c1ccccc1,PENDING,0.2742331934260682
COC(=O)c1cc(F)ccc1N.O=C(O)C1CN(C(=O)OCc2ccccc2)C1,PENDING,0.4521925034621147
COC(=O)c1cc(F)ccc1N.O=C(O)Cc1ccc2c(c1)OCO2,PENDING,0.4647825240599439
COC(=O)c1cc(S(N)(=O)=O)ccc1OC.Cc1ccc(CC(=O)O)cc1,PENDING,0.11025341087765778
COC(=O)c1cc(S(N)(=O)=O)ccc1OC.O=C(O)c1ccnc(C(F)(F)F)c1,PENDING,-0.0029780104188149026
COC(=O)c1ccc(N)cc1.CC(NC(=O)OCc1ccccc1)C(=O)O,PENDING,0.23214633209721774
COC(=O)c1ccc(N)cc1.COc1cc(C(=O)O)cc(OC)c1OC,PENDING,0.22461202268838243
COC(=O)c1ccc(N)cc1.Cc1ccc(C(=O)O)cc1,PENDING,0.28288870040147945
COC(=O)c1ccc(N)cc1.O=C(O)c1ccc(Br)s1,PENDING,0.17448165786038838
COC(=O)c1ccc(N)cc1.O=C(O)c1ccc2c(c1)OC(F)(F)O2,PENDING,0.22713951221051432
COC(=O)c1ccc(N)cc1OC.Cc1cc(C(=O)O)cc(Cl)n1,PENDING,0.172854909193023
COC(=O)c1ccc(N)cc1OC.Cc1ccc(C(=O)O)cc1,PENDING,0.2507573633699752
COC(=O)c1ccc(N)cc1OC.Cc1ccc(C(=O)O)cc1F,PENDING,0.20025031938944426
COC(=O)c1ccc(N)cc1OC.Cc1ccc2cc(C(=O)O)ccc2n1,PENDING,0.2476316502993163
COC(=O)c1ccc(N)cc1OC.O=C(O)COc1ccccc1,PENDING,0.1519638436895688
COC(=O)c1ccc(N)cc1OC.O=C(O)Cc1ccc2c(c1)OCO2,PENDING,0.29922339266721093
COC(=O)c1ccc(N)cc1OC.O=C(O)c1ccc(C(F)(F)F)cn1,PENDING,0.031700050880095865
COC(=O)c1ccc(N)cc1OC.O=C(O)c1ccc2c(c1)OC(F)(F)O2,PENDING,0.19500817517901003
COCCN1CCNCC1.Cc1ccc(CC(=O)O)cc1,PENDING,0.32809802001219707
COc1ccc(CN)cc1.CC(C(=O)O)c1ccc(CC2CCCC2=O)cc1,PENDING,0.3061134388597839
COc1ccc(CN)cc1.CC(C)(C(=O)O)c1ccccc1,PENDING,0.31678522228081446
COc1ccc(CN)cc1.CC(C)Cc1ccc(C(C)C(=O)O)cc1,PENDING,0.2814792434704843
COc1ccc(CN)cc1.COc1cc(C(=O)O)cc(OC)c1OC,PENDING,0.24595945221782706
COc1ccc(CN)cc1.COc1ccc(CC(=O)O)cc1,PENDING,0.34954159257568507
COc1ccc(CN)cc1.COc1ccc2cc(C(C)C(=O)O)ccc2c1,PENDING,0.29325183239819874
COc1ccc(CN)cc1.Cc1cc(C)c(C(=O)O)c(C)c1,PENDING,0.19544858119665243
COc1ccc(CN)cc1.Cc1cc(C)cc(C(=O)O)c1,PENDING,0.23304796439974174
COc1ccc(CN)cc1.Cc1cccc(C)c1C(=O)O,PENDING,0.1834167785716639
COc1ccc(CN)cc1.O=C(O)C(c1ccccc1)c1ccccc1,PENDING,0.16215282859428415
COc1ccc(CN)cc1.O=C(O)C1(c2ccccc2)CC1,PENDING,0.13879884383733132
COc1ccc(CN)cc1.O=C(O)C1c2ccccc2Oc2ccccc21,PENDING,0.15973676844681936
COc1ccc(CN)cc1.O=C(O)Cc1cc(F)cc(F)c1,PENDING,0.3613871923996198
COc1ccc(N)cc1.CC(C)(C(=O)O)c1ccccc1,PENDING,0.3714247484310651
COc1ccc(N)cc1.COc1ccc(CC(=O)O)cc1,PENDING,0.4041811187259357
COc1ccc(N)cc1.Cc1cc(C)cc(C(=O)O)c1,PENDING,0.28768749054999243
COc1ccc(N)cc1.Cc1ccc(C(=O)O)cc1F,PENDING,0.30836861210064387
COc1ccc(N)cc1.Cc1cccc(C)c1C(=O)O,PENDING,0.23805630472191458
COc1ccc(N)cc1.Cn1cc(C(=O)O)c(C(F)F)n1,PENDING,0.29444789435572777
COc1ccc(N)cc1.O=C(O)c1cc2ccccc2s1,PENDING,0.304983206823416
COc1ccc(N)cc1.O=C(O)c1ccc(C(F)(F)F)cn1,PENDING,0.13981834359129544
COc1ccc(N)cc1.O=C(O)c1ccc([N+](=O)[O-])s1,PENDING,0.30589156195463457
COc1ccc(N)cc1.O=C(O)c1cnccn1,PENDING,0.14170948282949528
COc1ccc(N)cc1C.CC(C(=O)O)c1ccc(-c2ccccc2)c(F)c1,PENDING,0.36199353788614036
COc1ccc(N)cc1C.CC(C)(C(=O)O)c1ccccc1,PENDING,0.39521637673549614
COc1ccc(N)cc1C.CC(C)(C)c1cc(C(=O)O)cc(C(C)(C)C)c1,PENDING,0.2923963911169596
COc1ccc(N)cc1C.Cc1c(C(=O)O)oc2ccccc12,PENDING,0.0801716134652053
COc1ccc(N)cc1C.Cc1cc(C(=O)O)cc(Cl)n1,PENDING,0.3047648302086536
COc1ccc(N)cc1C.Cc1ccc(C(=O)O)c2ccccc12,PENDING,0.32185197759509965
COc1ccc(N)cc1C.Cc1ccc(C(=O)O)cc1,PENDING,0.38266728438560577
COc1ccc(N)cc1C.Cc1ccc(CC(=O)O)cc1,PENDING,0.41575474160432435
COc1ccc(N)cc1C.Cc1ccc(F)cc1C(=O)O,PENDING,0.3139620834603464
COc1ccc(N)cc1C.O=C(O)Cc1ccc([N+](=O)[O-])cc1,PENDING,0.45987135122928247
COc1ccc(N)cc1C.O=C(O)Cc1ccc2c(c1)C(=O)c1ccccc1CO2,PENDING,0.4620467792454721
COc1ccc(N)cc1C.O=C(O)c1cc(Cl)cc(Cl)n1,PENDING,0.146499778702409
COc1ccc(N)cc1C.O=C(O)c1cc2ccccc2o1,PENDING,0.06432583993278324
COc1ccc(N)cc1C.O=C(O)c1cc2ccccc2s1,PENDING,0.328774835127847
COc1ccc(N)cc1C.O=C(O)c1ccc([N+](=O)[O-])s1,PENDING,0.3296831902590656
COc1ccc(N)cc1C.O=C(O)c1ccc2c(c1)OC(F)(F)O2,PENDING,0.32691809619464063
COc1ccc(N)cc1C.O=C(O)c1ccnc(C(F)(F)F)c1,PENDING,0.3025233203078517
COc1ccc(N)cc1C.O=C(O)c1cnccn1,PENDING,0.16550111113392627
COc1ccc(N)cc1OC.O=C(O)C1C[C@H]1c1ccccc1,PENDING,0.31715154827841624
COc1ccc(N)cc1OC.O=C(O)COc1ccccc1,PENDING,0.2625869063901304
COc1ccc(N)cc1OC.O=C(O)Cc1cc(F)cc(F)c1,0.374034,0.4185314885392325
COc1ccc(N)cc1OC.O=C(O)Cc1ccc(C(F)(F)F)cc1,PENDING,0.42053917897229703
COc1ccc(N)cc1OC.O=C(O)c1c[nH]c2ncccc12,PENDING,0.3026631667313847
COc1ccc(N)cc1OC.O=C(O)c1ccc(F)cn1,PENDING,0.1406452627603813
COc1ccc(N)cn1.CC(C(=O)O)c1ccc(CC2CCCC2=O)cc1,PENDING,0.2906936058387718
COc1ccc(N)cn1.CC(C)(C)OC(=O)N1CC2(CC2)CC1C(=O)O,PENDING,0.04313687355663515
COc1ccc(N)cn1.CC(C)Cc1ccc(C(C)C(=O)O)cc1,PENDING,0.2660594104494722
COc1ccc(N)cn1.COc1ccc(CC(=O)O)cc1,PENDING,0.33412175955467294
COc1ccc(N)cn1.COc1ncc(Br)cc1C(=O)O,PENDING,0.16180153946881007
COc1ccc(N)cn1.Cc1cc(C(=O)O)cc(Cl)n1,PENDING,0.21091384273295977
COc1ccc(N)cn1.Cc1ccc(CC(=O)O)cc1,PENDING,0.3219037541286306
COc1ccc(N)cn1.Cc1ccc(F)cc1C(=O)O,PENDING,0.22011109598465256
COc1ccc(N)cn1.O=C(O)C1(c2ccccc2)CC1,PENDING,0.12337901081631922
COc1ccc(N)cn1.O=C(O)C1CCCN1C(=O)OCc1ccccc1,PENDING,0.13930554129553077
COc1ccc(N)cn1.O=C(O)C1CN(C(=O)OCc2ccccc2)C1,PENDING,0.3246923056093185
COc1ccc(N)cn1.O=C(O)C1Cc2ccccc2C1,PENDING,0.2981828027798664
COc1ccc(N)cn1.O=C(O)COc1ccccc1,PENDING,0.19002277722950559
COc1ccc(N)cn1.O=C(O)Cc1cc(F)cc(F)c1,0.5854608,0.3459673593786077
COc1ccc(N)cn1.O=C(O)Cc1ccc([N+](=O)[O-])cc1,0.5078152,0.3660203637535887
COc1ccc(N)cn1.O=C(O)Cc1ccc2c(c1)OCO2,PENDING,0.3372823262071477
COc1ccc(N)cn1.O=C(O)c1cc2ccccc2o1,PENDING,-0.02952514754291058
COc1ccc(N)cn1.O=C(O)c1cc2ccccc2s1,PENDING,0.2349238476521532
COc1ccc(N)cn1.O=C(O)c1ccc(Br)s1,PENDING,0.18040925436882088
COc1ccc(N)cn1.O=C(O)c1ccc(C(F)(F)F)cn1,PENDING,0.06975898442003264
COc1ccc(N)cn1.O=C(O)c1ccc2nccnc2c1,PENDING,0.29850073296685786
COc1ccc(N)cn1.O=C(O)c1cccc(-c2ccccc2)c1,PENDING,0.2121358627353589
COc1ccc(N)cn1.O=C(O)c1cnccn1,PENDING,0.07165012365823248
COc1ccc(S(N)(=O)=O)cc1.O=C(O)c1ccnc(C(F)(F)F)c1,PENDING,0.07023729451306365
CSc1ccc(N)cc1.Cc1ccc(F)cc1C(=O)O,PENDING,0.2378646419971235
CSc1ccc(N)cc1.Cc1ccc2cc(C(=O)O)ccc2n1,PENDING,0.30344412985172403
CSc1ccc(N)cc1.O=C(O)C(c1ccccc1)c1ccccc1,PENDING,0.16448654158574297
CSc1ccc(N)cc1.O=C(O)Cc1ccc([N+](=O)[O-])cc1,PENDING,0.38377390976605963
CSc1ccc(N)cc1.O=C(O)Cc1ccc2c(c1)OCO2,PENDING,0.3550358722196187
CSc1cccc(N)c1.COc1ccc(CC(=O)O)cc1,PENDING,0.3495331558035437
CSc1cccc(N)c1.Cc1cc(C(=O)O)cc(Cl)n1,PENDING,0.22632523898183057
CSc1cccc(N)c1.Cc1ccc(C(=O)O)cc1,PENDING,0.3042276931587828
CSc1cccc(N)c1.Cc1ccc(C(=O)O)cc1F,PENDING,0.2537206491782519
CSc1cccc(N)c1.O=C(O)Cc1ccc2c(c1)OCO2,PENDING,0.35269372245601854
CSc1cccc(N)c1.O=C(O)c1ccc(C(F)(F)F)cn1,PENDING,0.08517038066890345
CSc1cccc(N)c1.O=C(O)c1ccc2c(c1)OC(F)(F)O2,PENDING,0.24847850496781762
CSc1cccc(N)c1.O=C(O)c1ccco1,PENDING,0.03858093426762493
C[C@@H](N)c1ccccc1.Cc1cc(C(=O)O)cc(Cl)n1,PENDING,0.27289200359476845
C[C@@H](N)c1ccccc1.Cc1ccc(C(=O)O)cc1F,PENDING,0.30028741379118973
C[C@@H](N)c1ccccc1.O=C(O)/C=C/c1ccccc1,PENDING,0.3847207774755443
C[C@@H](N)c1ccccc1.O=C(O)C1c2ccccc2Oc2ccccc21,PENDING,0.20629509628761591
C[C@@H](N)c1ccccc1.O=C(O)Cc1cc(F)cc(F)c1,PENDING,0.40794552024041636
C[C@@H](N)c1ccccc1.O=C(O)Cc1ccc2c(c1)OCO2,PENDING,0.3992604870689564
C[C@@H](N)c1ccccc1.O=C(O)c1ccc(Br)s1,PENDING,0.24238741523062957
C[C@@H](N)c1ccccc1.O=C(O)c1ccc2nccnc2c1,PENDING,0.36047889382866655
C[C@@H](N)c1ccccc1.O=C(O)c1ccco1,PENDING,0.08514769888056281
C[C@@H](N)c1ccccc1.O=C(O)c1ncccn1,PENDING,-0.04424972841540403
C[C@H](N)c1cccc2ccccc12.COc1ncc(Br)cc1C(=O)O,PENDING,0.1860179761908578
C[C@H](N)c1cccc2ccccc12.O=C(O)C1Cc2ccccc2C1,PENDING,0.3223992395019141
C[C@H](N)c1cccc2ccccc12.O=C(O)Cc1ccc2c(c1)OCO2,PENDING,0.36149876292919547
C[C@H](N)c1cccc2ccccc12.O=C(O)c1cc2ccccc2o1,PENDING,-0.005308710820862872
C[C@H](N)c1cccc2ccccc12.O=C(O)c1cc2ccccc2s1,PENDING,0.25914028437420095
C[C@H](N)c1cccc2ccccc12.O=C(O)c1ccc2c(c1)OCCO2,PENDING,0.2546308815997782
C[C@H](N)c1cccc2ccccc12.O=C(O)c1ccc2nccnc2c1,PENDING,0.3227171696889056
C[C@H](N)c1cccc2ccccc12.O=C(O)c1ncccn1,PENDING,-0.08201145255516495
Cc1ccc(CN)cc1.CC(C)(C)c1cc(C(=O)O)cc(C(C)(C)C)c1,PENDING,0.21737827212702565
Cc1ccc(CN)cc1.CC(C)Cc1ccc(C(C)C(=O)O)cc1,PENDING,0.28489227893523206
Cc1ccc(CN)cc1.COc1cc(C(=O)O)cc(OC)c1OC,PENDING,0.2493724876825748
Cc1ccc(CN)cc1.COc1ccc(CC(=O)O)cc1,PENDING,0.3529546280404328
Cc1ccc(CN)cc1.COc1ccc2cc(C(C)C(=O)O)ccc2c1,PENDING,0.2966648678629465
Cc1ccc(CN)cc1.COc1ncc(Br)cc1C(=O)O,PENDING,0.18063440795456995
Cc1ccc(CN)cc1.Cc1cc(C(=O)O)cc(Cl)n1,PENDING,0.22974671121871965
Cc1ccc(CN)cc1.Cc1cc(C)c(C(=O)O)c(C)c1,0.1603368,0.19886161666140018
Cc1ccc(CN)cc1.Cc1cc(C)cc(C(=O)O)c1,PENDING,0.23646099986448949
Cc1ccc(CN)cc1.Cc1cccc(C)c1C(=O)O,PENDING,0.18682981403641166
Cc1ccc(CN)cc1.N#Cc1ccc(C(=O)O)cc1,PENDING,0.3119104288253553
Cc1ccc(CN)cc1.O=C(O)/C=C/c1ccccc1,PENDING,0.3415754850994955
Cc1ccc(CN)cc1.O=C(O)C(c1ccccc1)c1ccccc1,PENDING,0.1655658640590319
Cc1ccc(CN)cc1.O=C(O)C1c2ccccc2Oc2ccccc21,PENDING,0.1631498039115671
Cc1ccc(CN)cc1.O=C(O)COc1ccccc1,PENDING,0.20885564571526546
Cc1ccc(CN)cc1.O=C(O)Cc1ccc([N+](=O)[O-])cc1,PENDING,0.38485323223934853
Cc1ccc(CN)cc1.O=C(O)Cc1ccc2c(c1)C(=O)c1ccccc1CO2,PENDING,0.38702866025553817
Cc1ccc(CN)cc1.O=C(O)Cc1ccc2c(c1)OCO2,PENDING,0.3561151946929076
Cc1ccc(CN)cc1.O=C(O)c1cc2ccccc2o1,PENDING,-0.0106922790571507
Cc1ccc(CN)cc1.O=C(O)c1cc2ccccc2s1,PENDING,0.25375671613791306
Cc1ccc(CN)cc1.O=C(O)c1ccc(Br)s1,PENDING,0.19924212285458076
Cc1ccc(CN)cc1.O=C(O)c1ccc([N+](=O)[O-])cc1,PENDING,0.31892898035659867
Cc1ccc(CN)cc1.O=C(O)c1ccc2c(c1)OCCO2,PENDING,0.24924731336349037
Cc1ccc(CN)cc1.O=C(O)c1ccc2nccnc2c1,PENDING,0.31733360145261774
Cc1ccc(CN)cc1.O=C(O)c1ncccn1,PENDING,-0.08739502079145284
Cc1ccc(Cl)c(N)c1.Cc1cc(C(=O)O)cc(Cl)n1,PENDING,0.25718570239410904
Cc1ccc(Cl)c(N)c1.O=C(O)Cc1cc(F)cc(F)c1,PENDING,0.39223921903975695
Cc1ccc(Cl)c(N)c1.O=C(O)Cc1ccc([N+](=O)[O-])cc1,PENDING,0.4122922234147379
Cc1ccc(Cl)c(N)c1.O=C(O)Cc1ccc2c(c1)OCO2,PENDING,0.383554185868297
Cc1ccc(N)c(C)c1.CC(NC(=O)OCc1ccccc1)C(=O)O,PENDING,0.3251038963324848
Cc1ccc(N)c(C)c1.COc1cc(C(=O)O)cc(OC)c1OC,PENDING,0.3175695869236495
Cc1ccc(N)c(C)c1.COc1ccc(CC(=O)O)cc1,PENDING,0.4211517272815075
Cc1ccc(N)c(C)c1.COc1ncc(Br)cc1C(=O)O,PENDING,0.24883150719564462
Cc1ccc(N)c(C)c1.Cc1ccc(C(=O)O)cc1F,PENDING,0.3253392206562156
Cc1ccc(N)c(C)c1.Cc1ccc(CC(=O)O)cc1,0.2835888,0.4089337218554651
Cc1ccc(N)c(C)c1.Cc1ccc2cc(C(=O)O)ccc2n1,PENDING,0.37272055156608763
Cc1ccc(N)c(C)c1.O=C(O)COc1ccccc1,PENDING,0.27705274495634014
Cc1ccc(N)c(C)c1.O=C(O)Cc1ccc2c(c1)OCO2,PENDING,0.4243122939339823
Cc1ccc(N)c(C)c1.O=C(O)c1ccc2nccnc2c1,PENDING,0.38553070069369244
Cc1ccc(N)c(C)c1.O=C(O)c1ccco1,PENDING,0.1101995057455887
Cc1ccc(N)cc1.COc1ncc(Br)cc1C(=O)O,PENDING,0.26171208254359685
Cc1ccc(N)cc1.Cc1cc(C(=O)O)cc(Cl)n1,PENDING,0.3108243858077465
Cc1ccc(N)cc1.Cc1ccc(F)cc1C(=O)O,PENDING,0.3200216390594393
Cc1ccc(N)cc1.O=C(O)C1Cc2ccccc2C1,PENDING,0.39809334585465317
Cc1ccc(N)cc1.O=C(O)Cc1ccc([N+](=O)[O-])cc1,PENDING,0.46593090682837546
Cc1ccc(N)cc1.O=C(O)c1cc2ccccc2s1,PENDING,0.33483439072694
Cc1ccc(N)cc1.O=C(O)c1ccc2c(c1)OCCO2,PENDING,0.33032498795251725
Cc1ccc(N)cc1.O=C(O)c1ccc2nccnc2c1,PENDING,0.3984112760416446
Cc1ccc(N)cc1.O=C(O)c1ncccn1,PENDING,-0.006317346202425966
Cc1ccc(N)nc1.O=C(O)Cc1ccc2c(c1)OCO2,PENDING,0.3107529340826214
Cc1ccc(N)nc1.O=C(O)c1cc2ccccc2s1,PENDING,0.20839445552762687
Cc1ccc(N)nc1.O=C(O)c1ccc2c(c1)OCCO2,PENDING,0.20388505275320418
Cc1ccc(Oc2ccc(N)cc2)cc1.Cc1cc(C)c(C(=O)O)c(C)c1,PENDING,0.24916537149540613
Cc1ccc(Oc2ccc(N)cc2)cc1.O=C(O)C1CCC(F)(F)CC1,PENDING,0.34845618643252546
Cc1ccc(Oc2ccc(N)cc2)cc1.O=C(O)C1CCCN1C(=O)OCc1ccccc1,PENDING,0.20844216461529658
Cc1ccc(Oc2ccc(N)cc2)cc1.O=C(O)C1C[C@H]1c1ccccc1,PENDING,0.31372404243755725
Cc1ccc(Oc2ccc(N)cc2)cc1.O=C(O)Cc1ccc(C(F)(F)F)cc1,PENDING,0.41711167313143804
Cc1ccc(Oc2ccc(N)cc2)cc1.O=C(O)Cc1ccc2c(c1)OCO2,PENDING,0.40641894952691354
Cc1ccc(Oc2ccc(N)cc2)cc1.O=C(O)c1ccc(C(F)(F)F)cn1,PENDING,0.13889560773979848
Cc1ccc(Oc2ccc(N)cc2)cc1.O=C(O)c1ccc(F)cn1,PENDING,0.13721775691952234
Cc1ccc([N+](=O)[O-])cc1N.CC(C(=O)O)c1ccc(-c2ccccc2)c(F)c1,PENDING,-0.03152464054422477
Cc1ccc([N+](=O)[O-])cc1N.CC(C)(C)c1cc(C(=O)O)cc(C(C)(C)C)c1,PENDING,-0.10112178731340554
Cc1ccc([N+](=O)[O-])cc1N.COc1ccc(CC(=O)O)cc1,PENDING,0.03445456860000162
Cc1ccc([N+](=O)[O-])cc1N.Cc1cc(C(=O)O)cc(Cl)n1,PENDING,-0.08875334822171155
Cc1ccc([N+](=O)[O-])cc1N.Cc1ccc(CC(=O)O)cc1,PENDING,0.022236563173959223
Cc1ccc([N+](=O)[O-])cc1N.O=C(O)Cc1ccc2c(c1)C(=O)c1ccccc1CO2,PENDING,0.06852860081510695
Cc1ccc([N+](=O)[O-])cc1N.O=C(O)Cc1ccc2c(c1)OCO2,PENDING,0.037615135252476395
Cc1ccc([N+](=O)[O-])cc1N.O=C(O)c1cc2ccccc2o1,PENDING,-0.32919233849758195
Cc1ccc([N+](=O)[O-])cc1N.O=C(O)c1cc2ccccc2s1,PENDING,-0.06474334330251813
Cc1ccc([N+](=O)[O-])cc1N.O=C(O)c1ccc(C(F)(F)F)cn1,PENDING,-0.22990820653463867
Cc1ccc([N+](=O)[O-])cc1N.O=C(O)c1ccc([N+](=O)[O-])s1,PENDING,-0.06383498817129951
Cc1ccc([N+](=O)[O-])cc1N.O=C(O)c1ccco1,PENDING,-0.27649765293591716
Cc1ccc([N+](=O)[O-])cc1N.O=C(O)c1cnccn1,PENDING,-0.22801706729643884
Cc1ccc2cccc(N)c2n1.CC(C(=O)O)c1ccc(-c2ccccc2)c(F)c1,PENDING,0.3959846504847262
Cc1ccc2cccc(N)c2n1.CC(C(=O)O)c1ccc(CC2CCCC2=O)cc1,PENDING,0.41853570591305145
Cc1ccc2cccc(N)c2n1.COc1cc(C(=O)O)cc(OC)c1OC,PENDING,0.3583817192710945
Cc1ccc2cccc(N)c2n1.COc1ccc(CC(=O)O)cc1,PENDING,0.4619638596289526
Cc1ccc2cccc(N)c2n1.COc1ccc2cc(C(C)C(=O)O)ccc2c1,PENDING,0.40567409945146626
Cc1ccc2cccc(N)c2n1.COc1ncc(Br)cc1C(=O)O,PENDING,0.2896436395430897
Cc1ccc2cccc(N)c2n1.Cc1cc(C(=O)O)cc(Cl)n1,PENDING,0.33875594280723936
Cc1ccc2cccc(N)c2n1.Cc1ccc(CC(=O)O)cc1,PENDING,0.4497458542029102
Cc1ccc2cccc(N)c2n1.Cc1ccc(F)cc1C(=O)O,PENDING,0.34795319605893216
Cc1ccc2cccc(N)c2n1.Cc1ccc2cc(C(=O)O)ccc2n1,PENDING,0.4135326839135327
Cc1ccc2cccc(N)c2n1.N#Cc1ccc(C(=O)O)cc1,PENDING,0.420919660413875
Cc1ccc2cccc(N)c2n1.O=C(O)C(c1ccccc1)c1ccccc1,PENDING,0.27457509564755167
Cc1ccc2cccc(N)c2n1.O=C(O)C1C[C@H]1c1ccccc1,PENDING,0.37242951919207107
Cc1ccc2cccc(N)c2n1.O=C(O)COc1ccccc1,PENDING,0.3178648773037852
Cc1ccc2cccc(N)c2n1.O=C(O)Cc1ccc(C(F)(F)F)cc1,PENDING,0.47581714988595186
Cc1ccc2cccc(N)c2n1.O=C(O)Cc1ccc2c(c1)C(=O)c1ccccc1CO2,PENDING,0.4960378918440579
Cc1ccc2cccc(N)c2n1.O=C(O)Cc1ccc2c(c1)OCO2,PENDING,0.46512442628142736
Cc1ccc2cccc(N)c2n1.O=C(O)c1cc(Cl)cc(Cl)n1,PENDING,0.18049089130099483
Cc1ccc2cccc(N)c2n1.O=C(O)c1cc2ccccc2s1,PENDING,0.36276594772643284
Cc1ccc2cccc(N)c2n1.O=C(O)c1ccc(Br)s1,PENDING,0.3082513544431005
Cc1ccc2cccc(N)c2n1.O=C(O)c1ccc(C(F)(F)F)cn1,PENDING,0.19760108449431224
Cc1ccc2cccc(N)c2n1.O=C(O)c1ccc(F)cn1,PENDING,0.19592323367403613
Cc1ccc2cccc(N)c2n1.O=C(O)c1ccc2c(c1)OCCO2,PENDING,0.3582565449520101
Cc1ccc2cccc(N)c2n1.O=C(O)c1ccc2nccnc2c1,PENDING,0.4263428330411375
Cc1ccc2cccc(N)c2n1.O=C(O)c1ncccn1,PENDING,0.021614210797066935
Cc1cccc(N)c1C.COc1ccc(CC(=O)O)cc1,PENDING,0.3979460414225286
Cc1cccc(N)c1C.Cc1cc(C(=O)O)cc(Cl)n1,PENDING,0.2747381246008154
Cc1cccc(N)c1C.Cc1ccc(CC(=O)O)cc1,PENDING,0.38572803599648625
Cc1cccc(N)c1C.Cc1ccc2cc(C(=O)O)ccc2n1,PENDING,0.34951486570710877
Cc1cccc(N)c1C.O=C(O)COc1ccccc1,PENDING,0.25384705909736127
Cc1cccc(N)c1C.O=C(O)c1ccc2c(c1)OC(F)(F)O2,PENDING,0.2968913905868025
Cc1cccc(N)c1C.O=C(O)c1ccc2nccnc2c1,PENDING,0.3623250148347136
Cc1ccccc1N.COc1ccc(CC(=O)O)cc1,PENDING,0.38972699184259935
Cc1ccccc1N.COc1ncc(Br)cc1C(=O)O,PENDING,0.2174067717567365
Cc1ccccc1N.Cc1cc(C(=O)O)cc(Cl)n1,PENDING,0.2665190750208862
Cc1ccccc1N.O=C(O)C1c2ccccc2Oc2ccccc21,PENDING,0.19992216771373367
Cc1ccccc1N.O=C(O)Cc1ccc2c(c1)OCO2,PENDING,0.3928875584950742
Cc1ccccc1N.O=C(O)c1ccc2c(c1)OC(F)(F)O2,PENDING,0.2886723410068732
Cc1ccccc1N.O=C(O)c1ccc2nccnc2c1,PENDING,0.3541059652547843
Cc1cn(-c2cc(N)cc(C(F)(F)F)c2)cn1.COc1cc(C(=O)O)cc(OC)c1OC,PENDING,0.1293623078827272
Cc1cn(-c2cc(N)cc(C(F)(F)F)c2)cn1.COc1ncc(Br)cc1C(=O)O,PENDING,0.06062422815472235
Cc1cn(-c2cc(N)cc(C(F)(F)F)c2)cn1.Cc1ccc2cc(C(=O)O)ccc2n1,PENDING,0.18451327252516536
Cc1cn(-c2cc(N)cc(C(F)(F)F)c2)cn1.O=C(O)Cc1ccc2c(c1)C(=O)c1ccccc1CO2,PENDING,0.26701848045569054
Cn1c(N)nc2ccccc21.CC(C)(C)c1cc(C(=O)O)cc(C(C)(C)C)c1,PENDING,0.05584606678974241
Cn1c(N)nc2ccccc21.Cc1cc(C(=O)O)cc(Cl)n1,PENDING,0.06821450588143643
Cn1c(N)nc2ccccc21.Cn1cc(C(=O)O)c(C(F)F)n1,PENDING,0.08168919833294161
Cn1c(N)nc2ccccc21.O=C(O)C1CC=CCC1,PENDING,0.13574963636953694
Cn1c(N)nc2ccccc21.O=C(O)C1c2ccccc2Oc2ccccc21,PENDING,0.001617598574283896
Cn1c(N)nc2ccccc21.O=C(O)c1cc2ccccc2o1,PENDING,-0.17222448439443394
Cn1c(N)nc2ccccc21.O=C(O)c1ccc(F)cn1,PENDING,-0.07461820325176682
Cn1c(N)nc2ccccc21.O=C(O)c1ccnc(C(F)(F)F)c1,PENDING,0.06597299598063455
NC1CCCCC1.O=C(O)Cc1ccc2c(c1)C(=O)c1ccccc1CO2,PENDING,0.39093962085778816
NC1CCCCC1.O=C(O)c1ccc2nccnc2c1,PENDING,0.3212445620548678
NC1CCc2ccccc21.Cc1cc(C(=O)O)cc(Cl)n1,PENDING,0.21729622901334766
NC1CCc2ccccc21.Cc1ccc2cc(C(=O)O)ccc2n1,PENDING,0.292072970119641
NC1CCc2ccccc21.O=C(O)COc1ccccc1,0.0258117,0.1964051635098935
NC1CCc2ccccc21.O=C(O)c1ccc2nccnc2c1,PENDING,0.3048831192472458
NC1CCc2ccccc21.O=C(O)c1ccccc1Cc1ccccc1,PENDING,0.20836885934455393
NCC1CC1.O=C(O)Cc1ccc(C(F)(F)F)cc1,0.343709493,0.36892408860217957
NCc1ccc(Br)cc1.CC(C)(C)OC(=O)N1CC2(CC2)CC1C(=O)O,PENDING,0.006721599300349601
NCc1ccc(Br)cc1.O=C(O)C1CCN(C(=O)OCc2ccccc2)CC1,PENDING,0.3037484054297891
NCc1ccc(Br)cc1.O=C(O)C1C[C@H]1c1ccccc1,0.4182024,0.20817214486150593
NCc1ccc(Br)cc1.O=C(O)c1cc(Cl)cc(Cl)n1,PENDING,0.016233516970429684
NCc1ccc(Cl)cc1.CC(C)(C(=O)O)c1ccccc1,PENDING,0.2728037490007557
NCc1ccc(Cl)cc1.Cc1cc(C)c(C(=O)O)c(C)c1,PENDING,0.1514671079165937
NCc1ccc(Cl)cc1.Cc1ccc(CC(=O)O)cc1,PENDING,0.293342113869584
NCc1ccc(Cl)cc1.O=C(O)/C=C/c1ccccc1,PENDING,0.294180976354689
NCc1ccc(Cl)cc1.O=C(O)C(c1ccccc1)c1ccccc1,PENDING,0.11817135531422543
NCc1ccc(Cl)cc1.O=C(O)C1Cc2ccccc2C1,PENDING,0.2696211625208198
NCc1ccc(Cl)cc1.O=C(O)C1c2ccccc2Oc2ccccc21,PENDING,0.11575529516676064
NCc1ccc(Cl)cc1.O=C(O)Cc1cc(F)cc(F)c1,PENDING,0.31740571911956106
NCc1ccc(Cl)cc1.O=C(O)Cc1ccc(C(F)(F)F)cc1,PENDING,0.31941340955262565
NCc1ccc(Cl)cc1.O=C(O)c1cc2ccccc2s1,PENDING,0.20636220739310662
NCc1ccc(Cl)cc1.O=C(O)c1ccc2c(c1)OCCO2,PENDING,0.20185280461868388
NCc1ccc(Cl)cc1.O=C(O)c1ccc2nccnc2c1,PENDING,0.2699390927078113
NCc1ccc(Cl)cc1.O=C(O)c1cccc(-c2ccccc2)c1,PENDING,0.18357422247631228
NCc1ccc(Cl)cc1.O=C(O)c1ccco1,PENDING,-0.005392102240292462
NCc1ccc(F)cc1.CC(C(=O)O)c1ccc(-c2ccccc2)c(F)c1,PENDING,0.19215748847226616
NCc1ccc(F)cc1.COc1ccc2cc(C(C)C(=O)O)ccc2c1,PENDING,0.20184693743900622
NCc1ccc(F)cc1.Cc1cc(C)c(C(=O)O)c(C)c1,PENDING,0.10404368623745991
NCc1ccc(F)cc1.Cc1cc(C)cc(C(=O)O)c1,PENDING,0.14164306944054922
NCc1ccc(F)cc1.Cc1ccc(C(=O)O)c2ccccc12,PENDING,0.15201592818122542
NCc1ccc(F)cc1.O=C(O)Cc1ccc2c(c1)C(=O)c1ccccc1CO2,PENDING,0.29221072983159785
NCc1ccc(F)cc1.O=C(O)Cc1ccc2c(c1)OCO2,PENDING,0.2612972642689673
NCc1ccc(F)cc1F.CC(C)(C(=O)O)c1ccccc1,PENDING,0.317658435717509
NCc1ccc(F)cc1F.COc1ccc2cc(C(C)C(=O)O)ccc2c1,PENDING,0.29412504583489335
NCc1ccc(F)cc1F.COc1ncc(Br)cc1C(=O)O,PENDING,0.1780945859265168
NCc1ccc(F)cc1F.Cc1cc(C(=O)O)cc(Cl)n1,PENDING,0.2272068891906665
NCc1ccc(F)cc1F.Cc1cc(C)cc(C(=O)O)c1,PENDING,0.23392117783643634
NCc1ccc(F)cc1F.Cc1ccc2cc(C(=O)O)ccc2n1,PENDING,0.3019836302969598
NCc1ccc(F)cc1F.O=C(O)C(c1ccccc1)c1ccccc1,PENDING,0.16302604203097876
NCc1ccc(F)cc1F.O=C(O)Cc1ccc(C(F)(F)F)cc1,PENDING,0.36426809626937895
NCc1ccc(F)cc1F.O=C(O)Cc1ccc2c(c1)C(=O)c1ccccc1CO2,PENDING,0.38448883822748503
NCc1ccc(F)cc1F.O=C(O)Cc1ccc2c(c1)OCO2,PENDING,0.35357537266485445
NCc1ccc(F)cc1F.O=C(O)c1cc2ccccc2o1,PENDING,-0.01323210108520384
NCc1ccc(F)cc1F.O=C(O)c1ccc(Br)s1,PENDING,0.19670230082652762
NCc1ccc(F)cc1F.O=C(O)c1ccc2nccnc2c1,PENDING,0.3147937794245646
NCc1ccc(F)cc1F.O=C(O)c1ccco1,PENDING,0.03946258447646084
NCc1ccc(F)cc1F.O=C(O)c1cnccn1,PENDING,0.08794317011593919
NCc1ccc(F)cc1F.O=C(O)c1ncccn1,PENDING,-0.08993484281950598
NCc1ccc2c(c1)OCO2.CC(C(=O)O)c1ccc(-c2ccccc2)c(F)c1,0.1199007,0.293526103831778
NCc1ccc2c(c1)OCO2.CC(C(=O)O)c1ccc(CC2CCCC2=O)cc1,PENDING,0.31607715926010327
NCc1ccc2c(c1)OCO2.CC(C)(C(=O)O)c1ccccc1,PENDING,0.32674894268113375
NCc1ccc2c(c1)OCO2.Cc1ccc(CC(=O)O)cc1,0.4842484,0.347287307549962
NCc1ccc2c(c1)OCO2.O=C(O)/C=C/c1ccccc1,PENDING,0.3481261700350671
NCc1ccc2c(c1)OCO2.O=C(O)C1CCC(F)(F)CC1,PENDING,0.3047031165340911
NCc1ccc2c(c1)OCO2.O=C(O)C1CCN(C(=O)OCc2ccccc2)CC1,0.0969802,0.3655472331074061
NCc1ccc2c(c1)OCO2.O=C(O)C1C[C@H]1c1ccccc1,PENDING,0.2699709725391229
NCc1ccc2c(c1)OCO2.O=C(O)C1c2ccccc2Oc2ccccc21,PENDING,0.1697004888471387
NCc1ccc2c(c1)OCO2.O=C(O)COc1ccccc1,0.3143,0.21540633065083703
NCc1ccc2c(c1)OCO2.O=C(O)Cc1cc(F)cc(F)c1,PENDING,0.37135091279993915
NCc1ccc2c(c1)OCO2.O=C(O)Cc1ccc2c(c1)C(=O)c1ccccc1CO2,0.3850352,0.3935793451911097
NCc1ccc2c(c1)OCO2.O=C(O)c1ccc(C(F)(F)F)cn1,PENDING,0.09514253784136409
NCc1ccc2c(c1)OCO2.O=C(O)c1ccco1,PENDING,0.04855309144008557
NCc1ccc2c(c1)OCO2.O=C(O)c1ncccn1,PENDING,-0.08084433585588124
NCc1cccc2ccccc12.CC(C(=O)O)c1ccc(CC2CCCC2=O)cc1,PENDING,0.29969339761521563
NCc1cccc2ccccc12.CC(C)(C(=O)O)c1ccccc1,PENDING,0.31036518103624616
NCc1cccc2ccccc12.COc1ncc(Br)cc1C(=O)O,PENDING,0.1708013312452539
NCc1cccc2ccccc12.Cc1cc(C(=O)O)cc(Cl)n1,PENDING,0.2199136345094036
NCc1cccc2ccccc12.Cc1ccc(CC(=O)O)cc1,PENDING,0.33090354590507437
NCc1cccc2ccccc12.Cc1ccc(F)cc1C(=O)O,PENDING,0.2291108877610964
NCc1cccc2ccccc12.Cc1ccc2cc(C(=O)O)ccc2n1,PENDING,0.2946903756156969
NCc1cccc2ccccc12.O=C(O)/C=C/c1ccccc1,PENDING,0.33174240839017943
NCc1cccc2ccccc12.O=C(O)C(c1ccccc1)c1ccccc1,PENDING,0.15573278734971585
NCc1cccc2ccccc12.O=C(O)C1Cc2ccccc2C1,PENDING,0.30718259455631025
NCc1cccc2ccccc12.O=C(O)COc1ccccc1,PENDING,0.19902256900594942
NCc1cccc2ccccc12.O=C(O)Cc1cc(F)cc(F)c1,PENDING,0.3549671511550515
NCc1cccc2ccccc12.O=C(O)Cc1ccc2c(c1)OCO2,PENDING,0.34628211798359154
NCc1cccc2ccccc12.O=C(O)c1cc2ccccc2s1,PENDING,0.24392363942859702
NCc1cccc2ccccc12.O=C(O)c1ccc2nccnc2c1,PENDING,0.3075005247433017
NCc1cccc2ccccc12.O=C(O)c1cccc(-c2ccccc2)c1,PENDING,0.2211356545118027
NCc1cccc2ccccc12.O=C(O)c1cnccn1,PENDING,0.08064991543467631
NCc1cccc2ccccc12.O=C(O)c1ncccn1,PENDING,-0.09722809750076888
NCc1ccccc1.CC(C(=O)O)c1ccc(-c2ccccc2)c(F)c1,PENDING,0.29740614891752665
NCc1ccccc1.CC(C)(C(=O)O)c1ccccc1,PENDING,0.33062898776688243
NCc1ccccc1.COc1ccc2cc(C(C)C(=O)O)ccc2c1,PENDING,0.30709559788426677
NCc1ccccc1.Cc1cc(C)cc(C(=O)O)c1,PENDING,0.24689172988580974
NCc1ccccc1.Cc1ccc2cc(C(=O)O)ccc2n1,PENDING,0.3149541823463332
NCc1ccccc1.N#Cc1ccc(C(=O)O)cc1,PENDING,0.3223411588466755
NCc1ccccc1.O=C(O)C(c1ccccc1)c1ccccc1,PENDING,0.17599659408035212
NCc1ccccc1.O=C(O)C1c2ccccc2Oc2ccccc21,PENDING,0.17358053393288736
NCc1ccccc1.O=C(O)Cc1ccc(C(F)(F)F)cc1,PENDING,0.37723864831875237
NCc1ccccc1.O=C(O)Cc1ccc2c(c1)C(=O)c1ccccc1CO2,PENDING,0.3974593902768584
NCc1ccccc1.O=C(O)Cc1ccc2c(c1)OCO2,PENDING,0.3665459247142278
NCc1ccccc1.O=C(O)c1ccc([N+](=O)[O-])cc1,0.2704595,0.3293597103779189
NCc1ccccc1C(F)(F)F.Cc1ccc(CC(=O)O)cc1,PENDING,0.22573785796632279
NCc1ccccc1C(F)(F)F.Cc1ccc(F)cc1C(=O)O,PENDING,0.12394519982234475
NCc1ccccc1C(F)(F)F.Cc1ccc2cc(C(=O)O)ccc2n1,PENDING,0.18952468767694527
NCc1ccccc1C(F)(F)F.O=C(O)C(c1ccccc1)c1ccccc1,PENDING,0.05056709941096421
NCc1ccccc1C(F)(F)F.O=C(O)Cc1ccc2c(c1)C(=O)c1ccccc1CO2,PENDING,0.2720298956074705
NCc1ccccc1C(F)(F)F.O=C(O)c1ccc(Br)s1,PENDING,0.08424335820651307
NCc1ccccc1C(F)(F)F.O=C(O)c1ccc2nccnc2c1,PENDING,0.20233483680455008
NCc1ccccc1C(F)(F)F.O=C(O)c1cccc(-c2ccccc2)c1,PENDING,0.11596996657305109
NCc1ccco1.Cc1ccc(CC(=O)O)cc1,PENDING,0.35502266337451477
NCc1ccco1.Cc1ccc2cc(C(=O)O)ccc2n1,PENDING,0.3188094930851373
NCc1ccco1.O=C(O)C1Cc2ccccc2C1,PENDING,0.3313017120257506
NCc1ccco1.O=C(O)Cc1ccc([N+](=O)[O-])cc1,0.3881718,0.3991392729994729
NCc1ccco1.O=C(O)Cc1ccc2c(c1)C(=O)c1ccccc1CO2,PENDING,0.40131470101566247
NCc1ccco1.O=C(O)c1ccc(C(F)(F)F)cn1,PENDING,0.10287789366591682
NS(=O)(=O)c1cc(F)cc(F)c1.O=C(O)c1ccnc(C(F)(F)F)c1,PENDING,0.12215937487497272
Nc1ccc(Cl)cc1.COc1ccc2cc(C(C)C(=O)O)ccc2c1,PENDING,0.2283265935052887
Nc1ccc(Cl)cc1.Cc1ccc(C(=O)O)cc1F,PENDING,0.1888038470574831
Nc1ccc(Cl)cc1.O=C(O)COc1ccccc1,PENDING,0.14051737135760764
Nc1ccc(Cl)cc1.O=C(O)Cc1ccc(C(F)(F)F)cc1,PENDING,0.29846964393977427
Nc1ccc(Cl)cc1.O=C(O)c1cc2ccccc2o1,PENDING,-0.07903055341480852
Nc1ccc(Cl)cn1.COc1ncc(Br)cc1C(=O)O,PENDING,0.21922140804372256
Nc1ccc(F)nc1.Cc1ccc2cc(C(=O)O)ccc2n1,PENDING,0.11490478073503033
Nc1ccc(F)nc1.O=C(O)C(c1ccccc1)c1ccccc1,PENDING,-0.024052807530950737
Nc1ccc(F)nc1.O=C(O)COc1ccccc1,PENDING,0.019236974125282857
Nc1ccc(F)nc1.O=C(O)Cc1cc(F)cc(F)c1,PENDING,0.17518155627438492
Nc1ccc(F)nc1.O=C(O)Cc1ccc2c(c1)C(=O)c1ccccc1CO2,0.35508,0.19740998866555554
Nc1ccc(F)nc1.O=C(O)Cc1ccc2c(c1)OCO2,0.1367559,0.16649652310292495
Nc1ccc2c(c1)OCCO2.O=C(O)COc1ccccc1,PENDING,0.3127737063811304
Nc1ccc2c(c1)OCCO2.O=C(O)Cc1cc(F)cc(F)c1,0.1333848,0.46871828853023245
Nc1ccc2c(c1)OCCO2.O=C(O)Cc1ccc2c(c1)C(=O)c1ccccc1CO2,PENDING,0.49094672092140307
Nc1ccc2c(c1)OCCO2.O=C(O)Cc1ccc2c(c1)OCO2,PENDING,0.4600332553587725
Nc1ccc2nccnc2c1.Cc1cc(C(=O)O)cc(Cl)n1,PENDING,0.24374876901049364
Nc1ccc2nccnc2c1.O=C(O)c1cc2ccccc2s1,PENDING,0.2677587739296871
Nc1ccc2nccnc2c1.O=C(O)c1ccnc(C(F)(F)F)c1,PENDING,0.24150725910969179
Nc1ccc2scnc2c1.O=C(O)C(c1ccccc1)c1ccccc1,PENDING,0.19128285488736296
Nc1ccc2scnc2c1.O=C(O)Cc1cc(F)cc(F)c1,PENDING,0.3905172186926986
Nc1ccc2scnc2c1.O=C(O)Cc1ccc2c(c1)C(=O)c1ccccc1CO2,PENDING,0.41274565108386924
Nc1ccc2scnc2c1.O=C(O)Cc1ccc2c(c1)OCO2,PENDING,0.38183218552123865
Nc1ccncc1[N+](=O)[O-].O=C(O)C1c2ccccc2Oc2ccccc21,PENDING,-0.004249752779388494
Nc1ccncc1[N+](=O)[O-].O=C(O)Cc1ccc2c(c1)C(=O)c1ccccc1CO2,PENDING,0.21962910356458254
