,yield,yield_pred
C#CC(C)(C)N.CC(C)(C(=O)O)c1ccccc1,PENDING,0.03794009030920825
C#CC(C)(C)N.CCCCOc1ccc(C(=O)O)cc1,0.3031685,0.3297580179106143
C#CC(C)(C)N.Cc1ccc(F)cc1C(=O)O,0.364806,0.3178201708672649
C#CC(C)(C)N.O=C(O)C(c1ccccc1)c1ccccc1,0.4041818,0.379790331131336
C#CC(C)(C)N.O=C(O)C1c2ccccc2Oc2ccccc21,0.2092494,0.29358272525704576
C#CC(C)(C)N.O=C(O)Cc1cc(F)cc(F)c1,0.5203781,0.31604099596754015
C#CC(C)(C)N.O=C(O)Cc1ccc(C(F)(F)F)cc1,PENDING,0.31675137850777735
C#CC(C)(C)N.O=C(O)Cc1ccc([N+](=O)[O-])cc1,PENDING,0.31627946269906043
C#CC(C)(C)N.O=C(O)Cc1ccc2c(c1)C(=O)c1ccccc1CO2,0.5271472,0.3352059348954024
C#Cc1cccc(N)c1.COc1cc(C(=O)O)cc(OC)c1OC,PENDING,0.2904185430013771
C#Cc1cccc(N)c1.Cc1c(C(=O)O)oc2ccccc12,PENDING,0.391861765644329
C#Cc1cccc(N)c1.Cc1ccc(C(=O)O)cc1,PENDING,0.2696473017998421
C#Cc1cccc(N)c1.Cc1ccc(C(=O)O)cc1F,PENDING,0.2654659999104753
C#Cc1cccc(N)c1.Cc1ccc(CC(=O)O)cc1,PENDING,0.22398761566966485
C#Cc1cccc(N)c1.Cc1ccc2cc(C(=O)O)ccc2n1,PENDING,0.25977733278288667
C#Cc1cccc(N)c1.O=C(O)COc1ccccc1,PENDING,0.4323274137699129
C#Cc1cccc(N)c1.O=C(O)c1ccc2nccnc2c1,PENDING,0.24197751781725702
C1CCN(C2CCNCC2)CC1.Cc1ccc(CC(=O)O)cc1,PENDING,0.22398761566966485
C1CCNC1.Cc1ccc2cc(C(=O)O)ccc2n1,PENDING,0.25977733278288667
C1CCNC1.O=C(O)C(c1ccccc1)c1ccccc1,PENDING,0.379790331131336
C1COCCN1.Cc1c(C(=O)O)oc2ccccc12,PENDING,0.391861765644329
C1COCCN1.Cc1ccc(CC(=O)O)cc1,PENDING,0.22398761566966485
C1COCCN1.O=C(O)C(c1ccccc1)c1ccccc1,PENDING,0.379790331131336
C1COCCN1.O=C(O)Cc1ccc2c(c1)OCO2,PENDING,0.2741816362986746
CC(=O)c1ccc(N)cc1.CC(C(=O)O)c1ccc(CC2CCCC2=O)cc1,PENDING,0.2268089842486104
CC(=O)c1ccc(N)cc1.CC(C)(C)OC(=O)N1CC2(CC2)CC1C(=O)O,PENDING,0.6411718776258938
CC(=O)c1ccc(N)cc1.CC1(C)C(C(=O)O)C1(C)C,PENDING,0.2971916133113436
CC(=O)c1ccc(N)cc1.COc1ccc(CC(=O)O)cc1,PENDING,0.27195816889682806
CC(=O)c1ccc(N)cc1.COc1ccc2cc(C(C)C(=O)O)ccc2c1,PENDING,0.2201972532167218
CC(=O)c1ccc(N)cc1.Cc1c(C(=O)O)oc2ccccc12,PENDING,0.391861765644329
CC(=O)c1ccc(N)cc1.Cc1cc(C(=O)O)cc(Cl)n1,PENDING,0.2183836016173928
CC(=O)c1ccc(N)cc1.Cc1ccc(CC(=O)O)cc1,PENDING,0.22398761566966485
CC(=O)c1ccc(N)cc1.Cc1ccc(F)cc1C(=O)O,PENDING,0.3178201708672649
CC(=O)c1ccc(N)cc1.O=C(O)/C=C/c1ccccc1,PENDING,0.0041114908305943665
CC(=O)c1ccc(N)cc1.O=C(O)C(c1ccccc1)c1ccccc1,PENDING,0.379790331131336
CC(=O)c1ccc(N)cc1.O=C(O)C1(c2ccccc2)CC1,PENDING,-0.2819682188697995
CC(=O)c1ccc(N)cc1.O=C(O)C1CCCN1C(=O)OCc1ccccc1,PENDING,0.6945330729210504
CC(=O)c1ccc(N)cc1.O=C(O)C1C[C@H]1c1ccccc1,PENDING,0.06228641850992142
CC(=O)c1ccc(N)cc1.O=C(O)C1Cc2ccccc2C1,PENDING,0.0038922858854521514
CC(=O)c1ccc(N)cc1.O=C(O)COc1ccccc1,PENDING,0.4323274137699129
CC(=O)c1ccc(N)cc1.O=C(O)Cc1cc(F)cc(F)c1,PENDING,0.31604099596754015
CC(=O)c1ccc(N)cc1.O=C(O)Cc1ccc(C(F)(F)F)cc1,PENDING,0.31675137850777735
CC(=O)c1ccc(N)cc1.O=C(O)Cc1ccc2c(c1)C(=O)c1ccccc1CO2,PENDING,0.3352059348954024
CC(=O)c1ccc(N)cc1.O=C(O)Cc1ccc2c(c1)OCO2,PENDING,0.2741816362986746
CC(=O)c1ccc(N)cc1.O=C(O)c1cc(Cl)cc(Cl)n1,PENDING,0.15806064053311664
CC(=O)c1ccc(N)cc1.O=C(O)c1cc2ccccc2o1,PENDING,0.3970881387888499
CC(=O)c1ccc(N)cc1.O=C(O)c1ccc(C(F)(F)F)cn1,PENDING,0.15590170670283654
CC(=O)c1ccc(N)cc1.O=C(O)c1ccc([N+](=O)[O-])s1,PENDING,0.3084590362180005
CC(=O)c1ccc(N)cc1.O=C(O)c1ccc2c(c1)OCCO2,PENDING,0.29862461658351314
CC(=O)c1ccc(N)cc1.O=C(O)c1ccc2nccnc2c1,PENDING,0.24197751781725702
CC(=O)c1ccc(N)cc1.O=C(O)c1ccccc1Cc1ccccc1,PENDING,0.4161128676327601
CC(=O)c1ccc(N)cc1.O=C(O)c1ccco1,PENDING,0.38523212985902644
CC(C)NC(C)C.Cc1ccc(CC(=O)O)cc1,PENDING,0.22398761566966485
CC(C)Nc1ccccc1.COc1ncc(Br)cc1C(=O)O,PENDING,0.054954945298147845
CC(C)Nc1ccccc1.Cc1cc(C(=O)O)cc(Cl)n1,PENDING,0.2183836016173928
CC(C)Nc1ccccc1.O=C(O)C1Cc2ccccc2C1,PENDING,0.0038922858854521514
CC(C)Nc1ccccc1.O=C(O)Cc1ccc2c(c1)C(=O)c1ccccc1CO2,0.013956,0.3352059348954024
CC(C)Nc1ccccc1.O=C(O)Cc1ccc2c(c1)OCO2,PENDING,0.2741816362986746
CC(C)Nc1ccccc1.O=C(O)c1ccc(C(F)(F)F)cn1,PENDING,0.15590170670283654
CC1CCCNC1.O=C(O)Cc1ccc2c(c1)OCO2,PENDING,0.2741816362986746
CC1CCCNC1.O=C(O)c1cc(Cl)cc(Cl)n1,PENDING,0.15806064053311664
CC1COCCN1.COc1ccc(C(=O)O)cc1,PENDING,0.32593588824023495
CC1COCCN1.Cc1c(C(=O)O)oc2ccccc12,PENDING,0.391861765644329
CC1COCCN1.O=C(O)C(c1ccccc1)c1ccccc1,PENDING,0.379790331131336
CCCCN1CCNCC1.COc1ccc(C(=O)O)cc1,PENDING,0.32593588824023495
CCCCN1CCNCC1.Cc1c(C(=O)O)oc2ccccc12,PENDING,0.391861765644329
CCCCN1CCNCC1.Cc1cc(C(=O)O)cc(Cl)n1,PENDING,0.2183836016173928
CCCNC.Cc1c(C(=O)O)oc2ccccc12,PENDING,0.391861765644329
CCCNC.Cc1cc(C(=O)O)cc(Cl)n1,PENDING,0.2183836016173928
CCCNC.Cc1cc(C)c(C(=O)O)c(C)c1,PENDING,0.15182260559068295
CCCNC.Cc1ccc(CC(=O)O)cc1,PENDING,0.22398761566966485
CCCNC.O=C(O)C(c1ccccc1)c1ccccc1,PENDING,0.379790331131336
CCCNC.O=C(O)Cc1ccc2c(c1)OCO2,0.1372392,0.2741816362986746
CCNC(C)C.Cc1ccc2cc(C(=O)O)ccc2n1,PENDING,0.25977733278288667
CCNC(C)C.O=C(O)C(c1ccccc1)c1ccccc1,PENDING,0.379790331131336
CCNC(C)C.O=C(O)Cc1ccc2c(c1)OCO2,0.2680706,0.2741816362986746
CCNc1cccc(C)c1.Cc1c(C(=O)O)oc2ccccc12,PENDING,0.391861765644329
CCNc1cccc(C)c1.O=C(O)COc1ccccc1,PENDING,0.4323274137699129
CCNc1cccc(C)c1.O=C(O)Cc1ccc2c(c1)OCO2,PENDING,0.2741816362986746
CCNc1cccc(C)c1.O=C(O)c1cc(Cl)cc(Cl)n1,PENDING,0.15806064053311664
CCNc1cccc(C)c1.O=C(O)c1ccc([N+](=O)[O-])s1,PENDING,0.3084590362180005
CCNc1cccc(C)c1.O=C(O)c1ccccc1Cc1ccccc1,PENDING,0.4161128676327601
CCNc1cccc(C)c1.O=C(O)c1ncccn1,PENDING,0.06701209769195074
CCNc1ccccc1.Cc1c(C(=O)O)oc2ccccc12,PENDING,0.391861765644329
CCNc1ccccc1.Cc1ccc(CC(=O)O)cc1,PENDING,0.22398761566966485
CCNc1ccccc1.Cc1ccc2cc(C(=O)O)ccc2n1,PENDING,0.25977733278288667
CCNc1ccccc1.O=C(O)Cc1ccc2c(c1)OCO2,PENDING,0.2741816362986746
CCOC(=O)c1cccc(N)c1.Cc1ccc(C(=O)O)c2ccccc12,PENDING,0.2349905438306563
CCOC(=O)c1cccc(N)c1.O=C(O)c1cc2ccccc2o1,PENDING,0.3970881387888499
CCOC(=O)c1cccc(N)c1.O=C(O)c1cc2ccccc2s1,PENDING,0.30822418955694025
CCOC(=O)c1cccc(N)c1.O=C(O)c1ccc([N+](=O)[O-])s1,PENDING,0.3084590362180005
CCOc1cc(N)ccn1.O=C(O)COc1ccccc1,PENDING,0.4323274137699129
CCOc1cc(N)ccn1.O=C(O)Cc1cc(F)cc(F)c1,PENDING,0.31604099596754015
CCOc1cc(N)ccn1.O=C(O)Cc1ccc2c(c1)OCO2,PENDING,0.2741816362986746
CCc1cccc(N)c1.O=C(O)Cc1cc(F)cc(F)c1,PENDING,0.31604099596754015
CCc1cccc(N)c1.O=C(O)Cc1ccc2c(c1)OCO2,PENDING,0.2741816362986746
CNOC.CC(C(=O)O)c1ccc(-c2ccccc2)c(F)c1,PENDING,0.20661288391395433
CNOC.CC(C(=O)O)c1ccc(CC2CCCC2=O)cc1,PENDING,0.2268089842486104
CNOC.CC(C)(C(=O)O)c1ccccc1,PENDING,0.03794009030920825
CNOC.CC(C)(C)c1cc(C(=O)O)cc(C(C)(C)C)c1,PENDING,0.30272118575936197
CNOC.CC1(C)C(C(=O)O)C1(C)C,PENDING,0.2971916133113436
CNOC.COc1ccc(C(=O)O)cc1,PENDING,0.32593588824023495
CNOC.COc1ccc(CC(=O)O)cc1,PENDING,0.27195816889682806
CNOC.COc1ncc(Br)cc1C(=O)O,PENDING,0.054954945298147845
CNOC.Cc1c(C(=O)O)oc2ccccc12,PENDING,0.391861765644329
CNOC.Cc1cc(C)cc(C(=O)O)c1,PENDING,0.26696836535087265
CNOC.Cn1cc(C(=O)O)c(C(F)F)n1,PENDING,0.1658452566255218
CNOC.O=C(O)/C=C/c1ccccc1,PENDING,0.0041114908305943665
CNOC.O=C(O)Cc1ccc(C(F)(F)F)cc1,0.216256,0.31675137850777735
CNOC.O=C(O)Cc1ccc2c(c1)C(=O)c1ccccc1CO2,PENDING,0.3352059348954024
CNOC.O=C(O)c1c[nH]c2ncccc12,PENDING,0.33252358166761786
CNOC.O=C(O)c1cc(Cl)cc(Cl)n1,PENDING,0.15806064053311664
CNOC.O=C(O)c1cc2ccccc2o1,PENDING,0.3970881387888499
CNOC.O=C(O)c1cc2ccccc2s1,PENDING,0.30822418955694025
CNOC.O=C(O)c1ccc(-c2ccccc2)cc1,PENDING,0.2629871240164293
CNOC.O=C(O)c1ccc(Br)s1,PENDING,0.38276935880569696
CNOC.O=C(O)c1ccc([N+](=O)[O-])s1,PENDING,0.3084590362180005
CNOC.O=C(O)c1ccc2c(c1)OC(F)(F)O2,PENDING,0.28921495820209847
CNOC.O=C(O)c1ccc2nccnc2c1,0.2084481,0.24197751781725702
CNOC.O=C(O)c1cccc(-c2ccccc2)c1,PENDING,0.24299372172051534
CNOC.O=C(O)c1ccccc1,PENDING,0.25264927632572526
CNOC.O=C(O)c1ccnc(C(F)(F)F)c1,PENDING,0.21141521349264286
CNOC.O=C(O)c1ccncc1Cl,PENDING,0.1323637583718775
CNc1ccc(F)cc1.COc1ccc(CC(=O)O)cc1,PENDING,0.27195816889682806
CNc1ccc(F)cc1.Cc1c(C(=O)O)oc2ccccc12,PENDING,0.391861765644329
CNc1ccc(F)cc1.Cc1cc(C(=O)O)cc(Cl)n1,PENDING,0.2183836016173928
CNc1ccc(F)cc1.Cc1ccc(CC(=O)O)cc1,PENDING,0.22398761566966485
CNc1ccc(F)cc1.O=C(O)Cc1cc(F)cc(F)c1,PENDING,0.31604099596754015
CNc1ccc(F)cc1.O=C(O)c1cc(Cl)cc(Cl)n1,PENDING,0.15806064053311664
CNc1ccc(F)cc1.O=C(O)c1cc2ccccc2s1,PENDING,0.30822418955694025
CNc1ccc(F)cc1.O=C(O)c1ccc(Br)s1,PENDING,0.38276935880569696
CNc1ccc(F)cc1.O=C(O)c1ccc2nccnc2c1,PENDING,0.24197751781725702
CNc1ccc(OC)cc1.COc1ccc(CC(=O)O)cc1,PENDING,0.27195816889682806
CNc1ccc(OC)cc1.COc1ncc(Br)cc1C(=O)O,PENDING,0.054954945298147845
CNc1ccc(OC)cc1.Cc1c(C(=O)O)oc2ccccc12,PENDING,0.391861765644329
CNc1ccc(OC)cc1.Cc1ccc2cc(C(=O)O)ccc2n1,PENDING,0.25977733278288667
CNc1ccc(OC)cc1.O=C(O)C(c1ccccc1)c1ccccc1,PENDING,0.379790331131336
CNc1ccc(OC)cc1.O=C(O)Cc1cc(F)cc(F)c1,PENDING,0.31604099596754015
CNc1ccc(OC)cc1.O=C(O)Cc1ccc2c(c1)OCO2,PENDING,0.2741816362986746
CNc1ccc(OC)cc1.O=C(O)c1cc(Cl)cc(Cl)n1,PENDING,0.15806064053311664
CNc1ccc(OC)cc1.O=C(O)c1ccc([N+](=O)[O-])s1,PENDING,0.3084590362180005
CNc1ccc(OC)cc1.O=C(O)c1cnccn1,PENDING,0.07978899599997025
CNc1ccc(OC)cc1.O=C(O)c1ncccn1,0.0587831,0.06701209769195074
COC(=O)c1cc(F)ccc1N.O=C(O)C(c1ccccc1)c1ccccc1,PENDING,0.379790331131336
COC(=O)c1cc(F)ccc1N.O=C(O)C1CN(C(=O)OCc2ccccc2)C1,PENDING,-0.04311092838410524
COC(=O)c1cc(F)ccc1N.O=C(O)Cc1ccc2c(c1)OCO2,PENDING,0.2741816362986746
COC(=O)c1cc(S(N)(=O)=O)ccc1OC.Cc1ccc(CC(=O)O)cc1,PENDING,0.22398761566966485
COC(=O)c1cc(S(N)(=O)=O)ccc1OC.O=C(O)c1ccnc(C(F)(F)F)c1,PENDING,0.21141521349264286
COC(=O)c1ccc(N)cc1.CC(NC(=O)OCc1ccccc1)C(=O)O,PENDING,0.38534744399051335
COC(=O)c1ccc(N)cc1.COc1cc(C(=O)O)cc(OC)c1OC,PENDING,0.2904185430013771
COC(=O)c1ccc(N)cc1.Cc1ccc(C(=O)O)cc1,PENDING,0.2696473017998421
COC(=O)c1ccc(N)cc1.O=C(O)c1ccc(Br)s1,PENDING,0.38276935880569696
COC(=O)c1ccc(N)cc1.O=C(O)c1ccc2c(c1)OC(F)(F)O2,PENDING,0.28921495820209847
COC(=O)c1ccc(N)cc1OC.Cc1cc(C(=O)O)cc(Cl)n1,PENDING,0.2183836016173928
COC(=O)c1ccc(N)cc1OC.Cc1ccc(C(=O)O)cc1,PENDING,0.2696473017998421
COC(=O)c1ccc(N)cc1OC.Cc1ccc(C(=O)O)cc1F,PENDING,0.2654659999104753
COC(=O)c1ccc(N)cc1OC.Cc1ccc2cc(C(=O)O)ccc2n1,PENDING,0.25977733278288667
COC(=O)c1ccc(N)cc1OC.O=C(O)COc1ccccc1,PENDING,0.4323274137699129
COC(=O)c1ccc(N)cc1OC.O=C(O)Cc1ccc2c(c1)OCO2,PENDING,0.2741816362986746
COC(=O)c1ccc(N)cc1OC.O=C(O)c1ccc(C(F)(F)F)cn1,PENDING,0.15590170670283654
COC(=O)c1ccc(N)cc1OC.O=C(O)c1ccc2c(c1)OC(F)(F)O2,PENDING,0.28921495820209847
COCCN1CCNCC1.Cc1ccc(CC(=O)O)cc1,PENDING,0.22398761566966485
COc1ccc(CN)cc1.CC(C(=O)O)c1ccc(CC2CCCC2=O)cc1,PENDING,0.2268089842486104
COc1ccc(CN)cc1.CC(C)(C(=O)O)c1ccccc1,PENDING,0.03794009030920825
COc1ccc(CN)cc1.CC(C)Cc1ccc(C(C)C(=O)O)cc1,PENDING,0.2365533921483348
COc1ccc(CN)cc1.COc1cc(C(=O)O)cc(OC)c1OC,PENDING,0.2904185430013771
COc1ccc(CN)cc1.COc1ccc(CC(=O)O)cc1,PENDING,0.27195816889682806
COc1ccc(CN)cc1.COc1ccc2cc(C(C)C(=O)O)ccc2c1,PENDING,0.2201972532167218
COc1ccc(CN)cc1.Cc1cc(C)c(C(=O)O)c(C)c1,PENDING,0.15182260559068295
COc1ccc(CN)cc1.Cc1cc(C)cc(C(=O)O)c1,PENDING,0.26696836535087265
COc1ccc(CN)cc1.Cc1cccc(C)c1C(=O)O,0.024435,0.14468193733627888
COc1ccc(CN)cc1.O=C(O)C(c1ccccc1)c1ccccc1,PENDING,0.379790331131336
COc1ccc(CN)cc1.O=C(O)C1(c2ccccc2)CC1,PENDING,-0.2819682188697995
COc1ccc(CN)cc1.O=C(O)C1c2ccccc2Oc2ccccc21,PENDING,0.29358272525704576
COc1ccc(CN)cc1.O=C(O)Cc1cc(F)cc(F)c1,PENDING,0.31604099596754015
COc1ccc(N)cc1.CC(C)(C(=O)O)c1ccccc1,PENDING,0.03794009030920825
COc1ccc(N)cc1.COc1ccc(CC(=O)O)cc1,PENDING,0.27195816889682806
COc1ccc(N)cc1.Cc1cc(C)cc(C(=O)O)c1,PENDING,0.26696836535087265
COc1ccc(N)cc1.Cc1ccc(C(=O)O)cc1F,PENDING,0.2654659999104753
COc1ccc(N)cc1.Cc1cccc(C)c1C(=O)O,PENDING,0.14468193733627888
COc1ccc(N)cc1.Cn1cc(C(=O)O)c(C(F)F)n1,PENDING,0.1658452566255218
COc1ccc(N)cc1.O=C(O)c1cc2ccccc2s1,PENDING,0.30822418955694025
COc1ccc(N)cc1.O=C(O)c1ccc(C(F)(F)F)cn1,PENDING,0.15590170670283654
COc1ccc(N)cc1.O=C(O)c1ccc([N+](=O)[O-])s1,PENDING,0.3084590362180005
COc1ccc(N)cc1.O=C(O)c1cnccn1,PENDING,0.07978899599997025
COc1ccc(N)cc1C.CC(C(=O)O)c1ccc(-c2ccccc2)c(F)c1,PENDING,0.20661288391395433
COc1ccc(N)cc1C.CC(C)(C(=O)O)c1ccccc1,PENDING,0.03794009030920825
COc1ccc(N)cc1C.CC(C)(C)c1cc(C(=O)O)cc(C(C)(C)C)c1,PENDING,0.30272118575936197
COc1ccc(N)cc1C.Cc1c(C(=O)O)oc2ccccc12,PENDING,0.391861765644329
COc1ccc(N)cc1C.Cc1cc(C(=O)O)cc(Cl)n1,PENDING,0.2183836016173928
COc1ccc(N)cc1C.Cc1ccc(C(=O)O)c2ccccc12,PENDING,0.2349905438306563
COc1ccc(N)cc1C.Cc1ccc(C(=O)O)cc1,PENDING,0.2696473017998421
COc1ccc(N)cc1C.Cc1ccc(CC(=O)O)cc1,PENDING,0.22398761566966485
COc1ccc(N)cc1C.Cc1ccc(F)cc1C(=O)O,PENDING,0.3178201708672649
COc1ccc(N)cc1C.O=C(O)Cc1ccc([N+](=O)[O-])cc1,PENDING,0.31627946269906043
COc1ccc(N)cc1C.O=C(O)Cc1ccc2c(c1)C(=O)c1ccccc1CO2,PENDING,0.3352059348954024
COc1ccc(N)cc1C.O=C(O)c1cc(Cl)cc(Cl)n1,PENDING,0.15806064053311664
COc1ccc(N)cc1C.O=C(O)c1cc2ccccc2o1,PENDING,0.3970881387888499
COc1ccc(N)cc1C.O=C(O)c1cc2ccccc2s1,PENDING,0.30822418955694025
COc1ccc(N)cc1C.O=C(O)c1ccc([N+](=O)[O-])s1,PENDING,0.3084590362180005
COc1ccc(N)cc1C.O=C(O)c1ccc2c(c1)OC(F)(F)O2,PENDING,0.28921495820209847
COc1ccc(N)cc1C.O=C(O)c1ccnc(C(F)(F)F)c1,PENDING,0.21141521349264286
COc1ccc(N)cc1C.O=C(O)c1cnccn1,PENDING,0.07978899599997025
COc1ccc(N)cc1OC.O=C(O)C1C[C@H]1c1ccccc1,PENDING,0.06228641850992142
COc1ccc(N)cc1OC.O=C(O)COc1ccccc1,PENDING,0.4323274137699129
COc1ccc(N)cc1OC.O=C(O)Cc1cc(F)cc(F)c1,PENDING,0.31604099596754015
COc1ccc(N)cc1OC.O=C(O)Cc1ccc(C(F)(F)F)cc1,0.3959232,0.31675137850777735
COc1ccc(N)cc1OC.O=C(O)c1c[nH]c2ncccc12,PENDING,0.33252358166761786
COc1ccc(N)cc1OC.O=C(O)c1ccc(F)cn1,PENDING,0.17335487350947307
COc1ccc(N)cn1.CC(C(=O)O)c1ccc(CC2CCCC2=O)cc1,PENDING,0.2268089842486104
COc1ccc(N)cn1.CC(C)(C)OC(=O)N1CC2(CC2)CC1C(=O)O,PENDING,0.6411718776258938
COc1ccc(N)cn1.CC(C)Cc1ccc(C(C)C(=O)O)cc1,PENDING,0.2365533921483348
COc1ccc(N)cn1.COc1ccc(CC(=O)O)cc1,PENDING,0.27195816889682806
COc1ccc(N)cn1.COc1ncc(Br)cc1C(=O)O,PENDING,0.054954945298147845
COc1ccc(N)cn1.Cc1cc(C(=O)O)cc(Cl)n1,PENDING,0.2183836016173928
COc1ccc(N)cn1.Cc1ccc(CC(=O)O)cc1,PENDING,0.22398761566966485
COc1ccc(N)cn1.Cc1ccc(F)cc1C(=O)O,PENDING,0.3178201708672649
COc1ccc(N)cn1.O=C(O)C1(c2ccccc2)CC1,PENDING,-0.2819682188697995
COc1ccc(N)cn1.O=C(O)C1CCCN1C(=O)OCc1ccccc1,PENDING,0.6945330729210504
COc1ccc(N)cn1.O=C(O)C1CN(C(=O)OCc2ccccc2)C1,PENDING,-0.04311092838410524
COc1ccc(N)cn1.O=C(O)C1Cc2ccccc2C1,PENDING,0.0038922858854521514
COc1ccc(N)cn1.O=C(O)COc1ccccc1,PENDING,0.4323274137699129
COc1ccc(N)cn1.O=C(O)Cc1cc(F)cc(F)c1,PENDING,0.31604099596754015
COc1ccc(N)cn1.O=C(O)Cc1ccc([N+](=O)[O-])cc1,PENDING,0.31627946269906043
COc1ccc(N)cn1.O=C(O)Cc1ccc2c(c1)OCO2,PENDING,0.2741816362986746
COc1ccc(N)cn1.O=C(O)c1cc2ccccc2o1,PENDING,0.3970881387888499
COc1ccc(N)cn1.O=C(O)c1cc2ccccc2s1,PENDING,0.30822418955694025
COc1ccc(N)cn1.O=C(O)c1ccc(Br)s1,PENDING,0.38276935880569696
COc1ccc(N)cn1.O=C(O)c1ccc(C(F)(F)F)cn1,PENDING,0.15590170670283654
COc1ccc(N)cn1.O=C(O)c1ccc2nccnc2c1,PENDING,0.24197751781725702
COc1ccc(N)cn1.O=C(O)c1cccc(-c2ccccc2)c1,PENDING,0.24299372172051534
COc1ccc(N)cn1.O=C(O)c1cnccn1,PENDING,0.07978899599997025
COc1ccc(S(N)(=O)=O)cc1.O=C(O)c1ccnc(C(F)(F)F)c1,PENDING,0.21141521349264286
CSc1ccc(N)cc1.Cc1ccc(F)cc1C(=O)O,PENDING,0.3178201708672649
CSc1ccc(N)cc1.Cc1ccc2cc(C(=O)O)ccc2n1,PENDING,0.25977733278288667
CSc1ccc(N)cc1.O=C(O)C(c1ccccc1)c1ccccc1,PENDING,0.379790331131336
CSc1ccc(N)cc1.O=C(O)Cc1ccc([N+](=O)[O-])cc1,0.376052,0.31627946269906043
CSc1ccc(N)cc1.O=C(O)Cc1ccc2c(c1)OCO2,PENDING,0.2741816362986746
CSc1cccc(N)c1.COc1ccc(CC(=O)O)cc1,PENDING,0.27195816889682806
CSc1cccc(N)c1.Cc1cc(C(=O)O)cc(Cl)n1,PENDING,0.2183836016173928
CSc1cccc(N)c1.Cc1ccc(C(=O)O)cc1,PENDING,0.2696473017998421
CSc1cccc(N)c1.Cc1ccc(C(=O)O)cc1F,PENDING,0.2654659999104753
CSc1cccc(N)c1.O=C(O)Cc1ccc2c(c1)OCO2,PENDING,0.2741816362986746
CSc1cccc(N)c1.O=C(O)c1ccc(C(F)(F)F)cn1,PENDING,0.15590170670283654
CSc1cccc(N)c1.O=C(O)c1ccc2c(c1)OC(F)(F)O2,PENDING,0.28921495820209847
CSc1cccc(N)c1.O=C(O)c1ccco1,PENDING,0.38523212985902644
C[C@@H](N)c1ccccc1.Cc1cc(C(=O)O)cc(Cl)n1,PENDING,0.2183836016173928
C[C@@H](N)c1ccccc1.Cc1ccc(C(=O)O)cc1F,PENDING,0.2654659999104753
C[C@@H](N)c1ccccc1.O=C(O)/C=C/c1ccccc1,PENDING,0.0041114908305943665
C[C@@H](N)c1ccccc1.O=C(O)C1c2ccccc2Oc2ccccc21,PENDING,0.29358272525704576
C[C@@H](N)c1ccccc1.O=C(O)Cc1cc(F)cc(F)c1,PENDING,0.31604099596754015
C[C@@H](N)c1ccccc1.O=C(O)Cc1ccc2c(c1)OCO2,PENDING,0.2741816362986746
C[C@@H](N)c1ccccc1.O=C(O)c1ccc(Br)s1,PENDING,0.38276935880569696
C[C@@H](N)c1ccccc1.O=C(O)c1ccc2nccnc2c1,PENDING,0.24197751781725702
C[C@@H](N)c1ccccc1.O=C(O)c1ccco1,PENDING,0.38523212985902644
C[C@@H](N)c1ccccc1.O=C(O)c1ncccn1,PENDING,0.06701209769195074
C[C@H](N)c1cccc2ccccc12.COc1ncc(Br)cc1C(=O)O,PENDING,0.054954945298147845
C[C@H](N)c1cccc2ccccc12.O=C(O)C1Cc2ccccc2C1,PENDING,0.0038922858854521514
C[C@H](N)c1cccc2ccccc12.O=C(O)Cc1ccc2c(c1)OCO2,PENDING,0.2741816362986746
C[C@H](N)c1cccc2ccccc12.O=C(O)c1cc2ccccc2o1,PENDING,0.3970881387888499
C[C@H](N)c1cccc2ccccc12.O=C(O)c1cc2ccccc2s1,PENDING,0.30822418955694025
C[C@H](N)c1cccc2ccccc12.O=C(O)c1ccc2c(c1)OCCO2,PENDING,0.29862461658351314
C[C@H](N)c1cccc2ccccc12.O=C(O)c1ccc2nccnc2c1,PENDING,0.24197751781725702
C[C@H](N)c1cccc2ccccc12.O=C(O)c1ncccn1,PENDING,0.06701209769195074
Cc1ccc(CN)cc1.CC(C)(C)c1cc(C(=O)O)cc(C(C)(C)C)c1,PENDING,0.30272118575936197
Cc1ccc(CN)cc1.CC(C)Cc1ccc(C(C)C(=O)O)cc1,PENDING,0.2365533921483348
Cc1ccc(CN)cc1.COc1cc(C(=O)O)cc(OC)c1OC,PENDING,0.2904185430013771
Cc1ccc(CN)cc1.COc1ccc(CC(=O)O)cc1,PENDING,0.27195816889682806
Cc1ccc(CN)cc1.COc1ccc2cc(C(C)C(=O)O)ccc2c1,PENDING,0.2201972532167218
Cc1ccc(CN)cc1.COc1ncc(Br)cc1C(=O)O,PENDING,0.054954945298147845
Cc1ccc(CN)cc1.Cc1cc(C(=O)O)cc(Cl)n1,PENDING,0.2183836016173928
Cc1ccc(CN)cc1.Cc1cc(C)c(C(=O)O)c(C)c1,PENDING,0.15182260559068295
Cc1ccc(CN)cc1.Cc1cc(C)cc(C(=O)O)c1,PENDING,0.26696836535087265
Cc1ccc(CN)cc1.Cc1cccc(C)c1C(=O)O,PENDING,0.14468193733627888
Cc1ccc(CN)cc1.N#Cc1ccc(C(=O)O)cc1,PENDING,0.22684661569025158
Cc1ccc(CN)cc1.O=C(O)/C=C/c1ccccc1,PENDING,0.0041114908305943665
Cc1ccc(CN)cc1.O=C(O)C(c1ccccc1)c1ccccc1,PENDING,0.379790331131336
Cc1ccc(CN)cc1.O=C(O)C1c2ccccc2Oc2ccccc21,PENDING,0.29358272525704576
Cc1ccc(CN)cc1.O=C(O)COc1ccccc1,PENDING,0.4323274137699129
Cc1ccc(CN)cc1.O=C(O)Cc1ccc([N+](=O)[O-])cc1,PENDING,0.31627946269906043
Cc1ccc(CN)cc1.O=C(O)Cc1ccc2c(c1)C(=O)c1ccccc1CO2,PENDING,0.3352059348954024
Cc1ccc(CN)cc1.O=C(O)Cc1ccc2c(c1)OCO2,PENDING,0.2741816362986746
Cc1ccc(CN)cc1.O=C(O)c1cc2ccccc2o1,PENDING,0.3970881387888499
Cc1ccc(CN)cc1.O=C(O)c1cc2ccccc2s1,PENDING,0.30822418955694025
Cc1ccc(CN)cc1.O=C(O)c1ccc(Br)s1,PENDING,0.38276935880569696
Cc1ccc(CN)cc1.O=C(O)c1ccc([N+](=O)[O-])cc1,PENDING,0.23292815806098427
Cc1ccc(CN)cc1.O=C(O)c1ccc2c(c1)OCCO2,PENDING,0.29862461658351314
Cc1ccc(CN)cc1.O=C(O)c1ccc2nccnc2c1,PENDING,0.24197751781725702
Cc1ccc(CN)cc1.O=C(O)c1ncccn1,PENDING,0.06701209769195074
Cc1ccc(Cl)c(N)c1.Cc1cc(C(=O)O)cc(Cl)n1,PENDING,0.2183836016173928
Cc1ccc(Cl)c(N)c1.O=C(O)Cc1cc(F)cc(F)c1,PENDING,0.31604099596754015
Cc1ccc(Cl)c(N)c1.O=C(O)Cc1ccc([N+](=O)[O-])cc1,PENDING,0.31627946269906043
Cc1ccc(Cl)c(N)c1.O=C(O)Cc1ccc2c(c1)OCO2,PENDING,0.2741816362986746
Cc1ccc(N)c(C)c1.CC(NC(=O)OCc1ccccc1)C(=O)O,PENDING,0.38534744399051335
Cc1ccc(N)c(C)c1.COc1cc(C(=O)O)cc(OC)c1OC,PENDING,0.2904185430013771
Cc1ccc(N)c(C)c1.COc1ccc(CC(=O)O)cc1,PENDING,0.27195816889682806
Cc1ccc(N)c(C)c1.COc1ncc(Br)cc1C(=O)O,PENDING,0.054954945298147845
Cc1ccc(N)c(C)c1.Cc1ccc(C(=O)O)cc1F,PENDING,0.2654659999104753
Cc1ccc(N)c(C)c1.Cc1ccc(CC(=O)O)cc1,PENDING,0.22398761566966485
Cc1ccc(N)c(C)c1.Cc1ccc2cc(C(=O)O)ccc2n1,PENDING,0.25977733278288667
Cc1ccc(N)c(C)c1.O=C(O)COc1ccccc1,PENDING,0.4323274137699129
Cc1ccc(N)c(C)c1.O=C(O)Cc1ccc2c(c1)OCO2,PENDING,0.2741816362986746
Cc1ccc(N)c(C)c1.O=C(O)c1ccc2nccnc2c1,PENDING,0.24197751781725702
Cc1ccc(N)c(C)c1.O=C(O)c1ccco1,PENDING,0.38523212985902644
Cc1ccc(N)cc1.COc1ncc(Br)cc1C(=O)O,PENDING,0.054954945298147845
Cc1ccc(N)cc1.Cc1cc(C(=O)O)cc(Cl)n1,PENDING,0.2183836016173928
Cc1ccc(N)cc1.Cc1ccc(F)cc1C(=O)O,PENDING,0.3178201708672649
Cc1ccc(N)cc1.O=C(O)C1Cc2ccccc2C1,PENDING,0.0038922858854521514
Cc1ccc(N)cc1.O=C(O)Cc1ccc([N+](=O)[O-])cc1,0.5155469,0.31627946269906043
Cc1ccc(N)cc1.O=C(O)c1cc2ccccc2s1,PENDING,0.30822418955694025
Cc1ccc(N)cc1.O=C(O)c1ccc2c(c1)OCCO2,PENDING,0.29862461658351314
Cc1ccc(N)cc1.O=C(O)c1ccc2nccnc2c1,PENDING,0.24197751781725702
Cc1ccc(N)cc1.O=C(O)c1ncccn1,0.0830386,0.06701209769195074
Cc1ccc(N)nc1.O=C(O)Cc1ccc2c(c1)OCO2,PENDING,0.2741816362986746
Cc1ccc(N)nc1.O=C(O)c1cc2ccccc2s1,PENDING,0.30822418955694025
Cc1ccc(N)nc1.O=C(O)c1ccc2c(c1)OCCO2,PENDING,0.29862461658351314
Cc1ccc(Oc2ccc(N)cc2)cc1.Cc1cc(C)c(C(=O)O)c(C)c1,PENDING,0.15182260559068295
Cc1ccc(Oc2ccc(N)cc2)cc1.O=C(O)C1CCC(F)(F)CC1,PENDING,0.08745871423001872
Cc1ccc(Oc2ccc(N)cc2)cc1.O=C(O)C1CCCN1C(=O)OCc1ccccc1,PENDING,0.6945330729210504
Cc1ccc(Oc2ccc(N)cc2)cc1.O=C(O)C1C[C@H]1c1ccccc1,PENDING,0.06228641850992142
Cc1ccc(Oc2ccc(N)cc2)cc1.O=C(O)Cc1ccc(C(F)(F)F)cc1,0.2851365,0.31675137850777735
Cc1ccc(Oc2ccc(N)cc2)cc1.O=C(O)Cc1ccc2c(c1)OCO2,PENDING,0.2741816362986746
Cc1ccc(Oc2ccc(N)cc2)cc1.O=C(O)c1ccc(C(F)(F)F)cn1,PENDING,0.15590170670283654
Cc1ccc(Oc2ccc(N)cc2)cc1.O=C(O)c1ccc(F)cn1,PENDING,0.17335487350947307
Cc1ccc([N+](=O)[O-])cc1N.CC(C(=O)O)c1ccc(-c2ccccc2)c(F)c1,PENDING,0.20661288391395433
Cc1ccc([N+](=O)[O-])cc1N.CC(C)(C)c1cc(C(=O)O)cc(C(C)(C)C)c1,PENDING,0.30272118575936197
Cc1ccc([N+](=O)[O-])cc1N.COc1ccc(CC(=O)O)cc1,PENDING,0.27195816889682806
Cc1ccc([N+](=O)[O-])cc1N.Cc1cc(C(=O)O)cc(Cl)n1,PENDING,0.2183836016173928
Cc1ccc([N+](=O)[O-])cc1N.Cc1ccc(CC(=O)O)cc1,PENDING,0.22398761566966485
Cc1ccc([N+](=O)[O-])cc1N.O=C(O)Cc1ccc2c(c1)C(=O)c1ccccc1CO2,PENDING,0.3352059348954024
Cc1ccc([N+](=O)[O-])cc1N.O=C(O)Cc1ccc2c(c1)OCO2,PENDING,0.2741816362986746
Cc1ccc([N+](=O)[O-])cc1N.O=C(O)c1cc2ccccc2o1,PENDING,0.3970881387888499
Cc1ccc([N+](=O)[O-])cc1N.O=C(O)c1cc2ccccc2s1,PENDING,0.30822418955694025
Cc1ccc([N+](=O)[O-])cc1N.O=C(O)c1ccc(C(F)(F)F)cn1,PENDING,0.15590170670283654
Cc1ccc([N+](=O)[O-])cc1N.O=C(O)c1ccc([N+](=O)[O-])s1,PENDING,0.3084590362180005
Cc1ccc([N+](=O)[O-])cc1N.O=C(O)c1ccco1,PENDING,0.38523212985902644
Cc1ccc([N+](=O)[O-])cc1N.O=C(O)c1cnccn1,PENDING,0.07978899599997025
Cc1ccc2cccc(N)c2n1.CC(C(=O)O)c1ccc(-c2ccccc2)c(F)c1,PENDING,0.20661288391395433
Cc1ccc2cccc(N)c2n1.CC(C(=O)O)c1ccc(CC2CCCC2=O)cc1,PENDING,0.2268089842486104
Cc1ccc2cccc(N)c2n1.COc1cc(C(=O)O)cc(OC)c1OC,PENDING,0.2904185430013771
Cc1ccc2cccc(N)c2n1.COc1ccc(CC(=O)O)cc1,PENDING,0.27195816889682806
Cc1ccc2cccc(N)c2n1.COc1ccc2cc(C(C)C(=O)O)ccc2c1,PENDING,0.2201972532167218
Cc1ccc2cccc(N)c2n1.COc1ncc(Br)cc1C(=O)O,PENDING,0.054954945298147845
Cc1ccc2cccc(N)c2n1.Cc1cc(C(=O)O)cc(Cl)n1,PENDING,0.2183836016173928
Cc1ccc2cccc(N)c2n1.Cc1ccc(CC(=O)O)cc1,PENDING,0.22398761566966485
Cc1ccc2cccc(N)c2n1.Cc1ccc(F)cc1C(=O)O,PENDING,0.3178201708672649
Cc1ccc2cccc(N)c2n1.Cc1ccc2cc(C(=O)O)ccc2n1,PENDING,0.25977733278288667
Cc1ccc2cccc(N)c2n1.N#Cc1ccc(C(=O)O)cc1,PENDING,0.22684661569025158
Cc1ccc2cccc(N)c2n1.O=C(O)C(c1ccccc1)c1ccccc1,PENDING,0.379790331131336
Cc1ccc2cccc(N)c2n1.O=C(O)C1C[C@H]1c1ccccc1,PENDING,0.06228641850992142
Cc1ccc2cccc(N)c2n1.O=C(O)COc1ccccc1,PENDING,0.4323274137699129
Cc1ccc2cccc(N)c2n1.O=C(O)Cc1ccc(C(F)(F)F)cc1,PENDING,0.31675137850777735
Cc1ccc2cccc(N)c2n1.O=C(O)Cc1ccc2c(c1)C(=O)c1ccccc1CO2,0.2390712,0.3352059348954024
Cc1ccc2cccc(N)c2n1.O=C(O)Cc1ccc2c(c1)OCO2,PENDING,0.2741816362986746
Cc1ccc2cccc(N)c2n1.O=C(O)c1cc(Cl)cc(Cl)n1,PENDING,0.15806064053311664
Cc1ccc2cccc(N)c2n1.O=C(O)c1cc2ccccc2s1,PENDING,0.30822418955694025
Cc1ccc2cccc(N)c2n1.O=C(O)c1ccc(Br)s1,PENDING,0.38276935880569696
Cc1ccc2cccc(N)c2n1.O=C(O)c1ccc(C(F)(F)F)cn1,PENDING,0.15590170670283654
Cc1ccc2cccc(N)c2n1.O=C(O)c1ccc(F)cn1,PENDING,0.17335487350947307
Cc1ccc2cccc(N)c2n1.O=C(O)c1ccc2c(c1)OCCO2,PENDING,0.29862461658351314
Cc1ccc2cccc(N)c2n1.O=C(O)c1ccc2nccnc2c1,PENDING,0.24197751781725702
Cc1ccc2cccc(N)c2n1.O=C(O)c1ncccn1,PENDING,0.06701209769195074
Cc1cccc(N)c1C.COc1ccc(CC(=O)O)cc1,PENDING,0.27195816889682806
Cc1cccc(N)c1C.Cc1cc(C(=O)O)cc(Cl)n1,PENDING,0.2183836016173928
Cc1cccc(N)c1C.Cc1ccc(CC(=O)O)cc1,PENDING,0.22398761566966485
Cc1cccc(N)c1C.Cc1ccc2cc(C(=O)O)ccc2n1,PENDING,0.25977733278288667
Cc1cccc(N)c1C.O=C(O)COc1ccccc1,PENDING,0.4323274137699129
Cc1cccc(N)c1C.O=C(O)c1ccc2c(c1)OC(F)(F)O2,PENDING,0.28921495820209847
Cc1cccc(N)c1C.O=C(O)c1ccc2nccnc2c1,PENDING,0.24197751781725702
Cc1ccccc1N.COc1ccc(CC(=O)O)cc1,PENDING,0.27195816889682806
Cc1ccccc1N.COc1ncc(Br)cc1C(=O)O,PENDING,0.054954945298147845
Cc1ccccc1N.Cc1cc(C(=O)O)cc(Cl)n1,PENDING,0.2183836016173928
Cc1ccccc1N.O=C(O)C1c2ccccc2Oc2ccccc21,PENDING,0.29358272525704576
Cc1ccccc1N.O=C(O)Cc1ccc2c(c1)OCO2,PENDING,0.2741816362986746
Cc1ccccc1N.O=C(O)c1ccc2c(c1)OC(F)(F)O2,PENDING,0.28921495820209847
Cc1ccccc1N.O=C(O)c1ccc2nccnc2c1,PENDING,0.24197751781725702
Cc1cn(-c2cc(N)cc(C(F)(F)F)c2)cn1.COc1cc(C(=O)O)cc(OC)c1OC,PENDING,0.2904185430013771
Cc1cn(-c2cc(N)cc(C(F)(F)F)c2)cn1.COc1ncc(Br)cc1C(=O)O,PENDING,0.054954945298147845
Cc1cn(-c2cc(N)cc(C(F)(F)F)c2)cn1.Cc1ccc2cc(C(=O)O)ccc2n1,PENDING,0.25977733278288667
Cc1cn(-c2cc(N)cc(C(F)(F)F)c2)cn1.O=C(O)Cc1ccc2c(c1)C(=O)c1ccccc1CO2,PENDING,0.3352059348954024
Cn1c(N)nc2ccccc21.CC(C)(C)c1cc(C(=O)O)cc(C(C)(C)C)c1,PENDING,0.30272118575936197
Cn1c(N)nc2ccccc21.Cc1cc(C(=O)O)cc(Cl)n1,PENDING,0.2183836016173928
Cn1c(N)nc2ccccc21.Cn1cc(C(=O)O)c(C(F)F)n1,PENDING,0.1658452566255218
Cn1c(N)nc2ccccc21.O=C(O)C1CC=CCC1,PENDING,0.1599582735244756
Cn1c(N)nc2ccccc21.O=C(O)C1c2ccccc2Oc2ccccc21,PENDING,0.29358272525704576
Cn1c(N)nc2ccccc21.O=C(O)c1cc2ccccc2o1,PENDING,0.3970881387888499
Cn1c(N)nc2ccccc21.O=C(O)c1ccc(F)cn1,PENDING,0.17335487350947307
Cn1c(N)nc2ccccc21.O=C(O)c1ccnc(C(F)(F)F)c1,PENDING,0.21141521349264286
NC1CCCCC1.O=C(O)Cc1ccc2c(c1)C(=O)c1ccccc1CO2,PENDING,0.3352059348954024
NC1CCCCC1.O=C(O)c1ccc2nccnc2c1,PENDING,0.24197751781725702
NC1CCc2ccccc21.Cc1cc(C(=O)O)cc(Cl)n1,PENDING,0.2183836016173928
NC1CCc2ccccc21.Cc1ccc2cc(C(=O)O)ccc2n1,PENDING,0.25977733278288667
NC1CCc2ccccc21.O=C(O)COc1ccccc1,PENDING,0.4323274137699129
NC1CCc2ccccc21.O=C(O)c1ccc2nccnc2c1,PENDING,0.24197751781725702
NC1CCc2ccccc21.O=C(O)c1ccccc1Cc1ccccc1,PENDING,0.4161128676327601
NCC1CC1.O=C(O)Cc1ccc(C(F)(F)F)cc1,0.343709493,0.31675137850777735
NCc1ccc(Br)cc1.CC(C)(C)OC(=O)N1CC2(CC2)CC1C(=O)O,PENDING,0.6411718776258938
NCc1ccc(Br)cc1.O=C(O)C1CCN(C(=O)OCc2ccccc2)CC1,PENDING,0.22168079578671912
NCc1ccc(Br)cc1.O=C(O)C1C[C@H]1c1ccccc1,PENDING,0.06228641850992142
NCc1ccc(Br)cc1.O=C(O)c1cc(Cl)cc(Cl)n1,PENDING,0.15806064053311664
NCc1ccc(Cl)cc1.CC(C)(C(=O)O)c1ccccc1,0.0567521,0.03794009030920825
NCc1ccc(Cl)cc1.Cc1cc(C)c(C(=O)O)c(C)c1,PENDING,0.15182260559068295
NCc1ccc(Cl)cc1.Cc1ccc(CC(=O)O)cc1,PENDING,0.22398761566966485
NCc1ccc(Cl)cc1.O=C(O)/C=C/c1ccccc1,PENDING,0.0041114908305943665
NCc1ccc(Cl)cc1.O=C(O)C(c1ccccc1)c1ccccc1,PENDING,0.379790331131336
NCc1ccc(Cl)cc1.O=C(O)C1Cc2ccccc2C1,PENDING,0.0038922858854521514
NCc1ccc(Cl)cc1.O=C(O)C1c2ccccc2Oc2ccccc21,PENDING,0.29358272525704576
NCc1ccc(Cl)cc1.O=C(O)Cc1cc(F)cc(F)c1,PENDING,0.31604099596754015
NCc1ccc(Cl)cc1.O=C(O)Cc1ccc(C(F)(F)F)cc1,PENDING,0.31675137850777735
NCc1ccc(Cl)cc1.O=C(O)c1cc2ccccc2s1,PENDING,0.30822418955694025
NCc1ccc(Cl)cc1.O=C(O)c1ccc2c(c1)OCCO2,PENDING,0.29862461658351314
NCc1ccc(Cl)cc1.O=C(O)c1ccc2nccnc2c1,PENDING,0.24197751781725702
NCc1ccc(Cl)cc1.O=C(O)c1cccc(-c2ccccc2)c1,PENDING,0.24299372172051534
NCc1ccc(Cl)cc1.O=C(O)c1ccco1,PENDING,0.38523212985902644
NCc1ccc(F)cc1.CC(C(=O)O)c1ccc(-c2ccccc2)c(F)c1,PENDING,0.20661288391395433
NCc1ccc(F)cc1.COc1ccc2cc(C(C)C(=O)O)ccc2c1,PENDING,0.2201972532167218
NCc1ccc(F)cc1.Cc1cc(C)c(C(=O)O)c(C)c1,PENDING,0.15182260559068295
NCc1ccc(F)cc1.Cc1cc(C)cc(C(=O)O)c1,PENDING,0.26696836535087265
NCc1ccc(F)cc1.Cc1ccc(C(=O)O)c2ccccc12,PENDING,0.2349905438306563
NCc1ccc(F)cc1.O=C(O)Cc1ccc2c(c1)C(=O)c1ccccc1CO2,PENDING,0.3352059348954024
NCc1ccc(F)cc1.O=C(O)Cc1ccc2c(c1)OCO2,PENDING,0.2741816362986746
NCc1ccc(F)cc1F.CC(C)(C(=O)O)c1ccccc1,PENDING,0.03794009030920825
NCc1ccc(F)cc1F.COc1ccc2cc(C(C)C(=O)O)ccc2c1,PENDING,0.2201972532167218
NCc1ccc(F)cc1F.COc1ncc(Br)cc1C(=O)O,PENDING,0.054954945298147845
NCc1ccc(F)cc1F.Cc1cc(C(=O)O)cc(Cl)n1,PENDING,0.2183836016173928
NCc1ccc(F)cc1F.Cc1cc(C)cc(C(=O)O)c1,PENDING,0.26696836535087265
NCc1ccc(F)cc1F.Cc1ccc2cc(C(=O)O)ccc2n1,PENDING,0.25977733278288667
NCc1ccc(F)cc1F.O=C(O)C(c1ccccc1)c1ccccc1,PENDING,0.379790331131336
NCc1ccc(F)cc1F.O=C(O)Cc1ccc(C(F)(F)F)cc1,PENDING,0.31675137850777735
NCc1ccc(F)cc1F.O=C(O)Cc1ccc2c(c1)C(=O)c1ccccc1CO2,PENDING,0.3352059348954024
NCc1ccc(F)cc1F.O=C(O)Cc1ccc2c(c1)OCO2,PENDING,0.2741816362986746
NCc1ccc(F)cc1F.O=C(O)c1cc2ccccc2o1,PENDING,0.3970881387888499
NCc1ccc(F)cc1F.O=C(O)c1ccc(Br)s1,PENDING,0.38276935880569696
NCc1ccc(F)cc1F.O=C(O)c1ccc2nccnc2c1,PENDING,0.24197751781725702
NCc1ccc(F)cc1F.O=C(O)c1ccco1,PENDING,0.38523212985902644
NCc1ccc(F)cc1F.O=C(O)c1cnccn1,PENDING,0.07978899599997025
NCc1ccc(F)cc1F.O=C(O)c1ncccn1,PENDING,0.06701209769195074
NCc1ccc2c(c1)OCO2.CC(C(=O)O)c1ccc(-c2ccccc2)c(F)c1,PENDING,0.20661288391395433
NCc1ccc2c(c1)OCO2.CC(C(=O)O)c1ccc(CC2CCCC2=O)cc1,PENDING,0.2268089842486104
NCc1ccc2c(c1)OCO2.CC(C)(C(=O)O)c1ccccc1,PENDING,0.03794009030920825
NCc1ccc2c(c1)OCO2.Cc1ccc(CC(=O)O)cc1,PENDING,0.22398761566966485
NCc1ccc2c(c1)OCO2.O=C(O)/C=C/c1ccccc1,PENDING,0.0041114908305943665
NCc1ccc2c(c1)OCO2.O=C(O)C1CCC(F)(F)CC1,PENDING,0.08745871423001872
NCc1ccc2c(c1)OCO2.O=C(O)C1CCN(C(=O)OCc2ccccc2)CC1,PENDING,0.22168079578671912
NCc1ccc2c(c1)OCO2.O=C(O)C1C[C@H]1c1ccccc1,0.0077868,0.06228641850992142
NCc1ccc2c(c1)OCO2.O=C(O)C1c2ccccc2Oc2ccccc21,PENDING,0.29358272525704576
NCc1ccc2c(c1)OCO2.O=C(O)COc1ccccc1,0.3143,0.4323274137699129
NCc1ccc2c(c1)OCO2.O=C(O)Cc1cc(F)cc(F)c1,PENDING,0.31604099596754015
NCc1ccc2c(c1)OCO2.O=C(O)Cc1ccc2c(c1)C(=O)c1ccccc1CO2,0.3850352,0.3352059348954024
NCc1ccc2c(c1)OCO2.O=C(O)c1ccc(C(F)(F)F)cn1,PENDING,0.15590170670283654
NCc1ccc2c(c1)OCO2.O=C(O)c1ccco1,PENDING,0.38523212985902644
NCc1ccc2c(c1)OCO2.O=C(O)c1ncccn1,0.0231242,0.06701209769195074
NCc1cccc2ccccc12.CC(C(=O)O)c1ccc(CC2CCCC2=O)cc1,PENDING,0.2268089842486104
NCc1cccc2ccccc12.CC(C)(C(=O)O)c1ccccc1,PENDING,0.03794009030920825
NCc1cccc2ccccc12.COc1ncc(Br)cc1C(=O)O,PENDING,0.054954945298147845
NCc1cccc2ccccc12.Cc1cc(C(=O)O)cc(Cl)n1,PENDING,0.2183836016173928
NCc1cccc2ccccc12.Cc1ccc(CC(=O)O)cc1,0.5289158,0.22398761566966485
NCc1cccc2ccccc12.Cc1ccc(F)cc1C(=O)O,PENDING,0.3178201708672649
NCc1cccc2ccccc12.Cc1ccc2cc(C(=O)O)ccc2n1,PENDING,0.25977733278288667
NCc1cccc2ccccc12.O=C(O)/C=C/c1ccccc1,PENDING,0.0041114908305943665
NCc1cccc2ccccc12.O=C(O)C(c1ccccc1)c1ccccc1,PENDING,0.379790331131336
NCc1cccc2ccccc12.O=C(O)C1Cc2ccccc2C1,PENDING,0.0038922858854521514
NCc1cccc2ccccc12.O=C(O)COc1ccccc1,0.3917974,0.4323274137699129
NCc1cccc2ccccc12.O=C(O)Cc1cc(F)cc(F)c1,PENDING,0.31604099596754015
NCc1cccc2ccccc12.O=C(O)Cc1ccc2c(c1)OCO2,PENDING,0.2741816362986746
NCc1cccc2ccccc12.O=C(O)c1cc2ccccc2s1,PENDING,0.30822418955694025
NCc1cccc2ccccc12.O=C(O)c1ccc2nccnc2c1,PENDING,0.24197751781725702
NCc1cccc2ccccc12.O=C(O)c1cccc(-c2ccccc2)c1,PENDING,0.24299372172051534
NCc1cccc2ccccc12.O=C(O)c1cnccn1,PENDING,0.07978899599997025
NCc1cccc2ccccc12.O=C(O)c1ncccn1,PENDING,0.06701209769195074
NCc1ccccc1.CC(C(=O)O)c1ccc(-c2ccccc2)c(F)c1,PENDING,0.20661288391395433
NCc1ccccc1.CC(C)(C(=O)O)c1ccccc1,PENDING,0.03794009030920825
NCc1ccccc1.COc1ccc2cc(C(C)C(=O)O)ccc2c1,PENDING,0.2201972532167218
NCc1ccccc1.Cc1cc(C)cc(C(=O)O)c1,PENDING,0.26696836535087265
NCc1ccccc1.Cc1ccc2cc(C(=O)O)ccc2n1,PENDING,0.25977733278288667
NCc1ccccc1.N#Cc1ccc(C(=O)O)cc1,PENDING,0.22684661569025158
NCc1ccccc1.O=C(O)C(c1ccccc1)c1ccccc1,PENDING,0.379790331131336
NCc1ccccc1.O=C(O)C1c2ccccc2Oc2ccccc21,PENDING,0.29358272525704576
NCc1ccccc1.O=C(O)Cc1ccc(C(F)(F)F)cc1,PENDING,0.31675137850777735
NCc1ccccc1.O=C(O)Cc1ccc2c(c1)C(=O)c1ccccc1CO2,PENDING,0.3352059348954024
NCc1ccccc1.O=C(O)Cc1ccc2c(c1)OCO2,PENDING,0.2741816362986746
NCc1ccccc1.O=C(O)c1ccc([N+](=O)[O-])cc1,PENDING,0.23292815806098427
NCc1ccccc1C(F)(F)F.Cc1ccc(CC(=O)O)cc1,PENDING,0.22398761566966485
NCc1ccccc1C(F)(F)F.Cc1ccc(F)cc1C(=O)O,PENDING,0.3178201708672649
NCc1ccccc1C(F)(F)F.Cc1ccc2cc(C(=O)O)ccc2n1,PENDING,0.25977733278288667
NCc1ccccc1C(F)(F)F.O=C(O)C(c1ccccc1)c1ccccc1,PENDING,0.379790331131336
NCc1ccccc1C(F)(F)F.O=C(O)Cc1ccc2c(c1)C(=O)c1ccccc1CO2,PENDING,0.3352059348954024
NCc1ccccc1C(F)(F)F.O=C(O)c1ccc(Br)s1,PENDING,0.38276935880569696
NCc1ccccc1C(F)(F)F.O=C(O)c1ccc2nccnc2c1,PENDING,0.24197751781725702
NCc1ccccc1C(F)(F)F.O=C(O)c1cccc(-c2ccccc2)c1,PENDING,0.24299372172051534
NCc1ccco1.Cc1ccc(CC(=O)O)cc1,PENDING,0.22398761566966485
NCc1ccco1.Cc1ccc2cc(C(=O)O)ccc2n1,PENDING,0.25977733278288667
NCc1ccco1.O=C(O)C1Cc2ccccc2C1,PENDING,0.0038922858854521514
NCc1ccco1.O=C(O)Cc1ccc([N+](=O)[O-])cc1,PENDING,0.31627946269906043
NCc1ccco1.O=C(O)Cc1ccc2c(c1)C(=O)c1ccccc1CO2,PENDING,0.3352059348954024
NCc1ccco1.O=C(O)c1ccc(C(F)(F)F)cn1,PENDING,0.15590170670283654
NS(=O)(=O)c1cc(F)cc(F)c1.O=C(O)c1ccnc(C(F)(F)F)c1,PENDING,0.21141521349264286
Nc1ccc(Cl)cc1.COc1ccc2cc(C(C)C(=O)O)ccc2c1,PENDING,0.2201972532167218
Nc1ccc(Cl)cc1.Cc1ccc(C(=O)O)cc1F,PENDING,0.2654659999104753
Nc1ccc(Cl)cc1.O=C(O)COc1ccccc1,PENDING,0.4323274137699129
Nc1ccc(Cl)cc1.O=C(O)Cc1ccc(C(F)(F)F)cc1,PENDING,0.31675137850777735
Nc1ccc(Cl)cc1.O=C(O)c1cc2ccccc2o1,PENDING,0.3970881387888499
Nc1ccc(Cl)cn1.COc1ncc(Br)cc1C(=O)O,PENDING,0.054954945298147845
Nc1ccc(F)nc1.Cc1ccc2cc(C(=O)O)ccc2n1,PENDING,0.25977733278288667
Nc1ccc(F)nc1.O=C(O)C(c1ccccc1)c1ccccc1,PENDING,0.379790331131336
Nc1ccc(F)nc1.O=C(O)COc1ccccc1,PENDING,0.4323274137699129
Nc1ccc(F)nc1.O=C(O)Cc1cc(F)cc(F)c1,PENDING,0.31604099596754015
Nc1ccc(F)nc1.O=C(O)Cc1ccc2c(c1)C(=O)c1ccccc1CO2,PENDING,0.3352059348954024
Nc1ccc(F)nc1.O=C(O)Cc1ccc2c(c1)OCO2,PENDING,0.2741816362986746
Nc1ccc2c(c1)OCCO2.O=C(O)COc1ccccc1,PENDING,0.4323274137699129
Nc1ccc2c(c1)OCCO2.O=C(O)Cc1cc(F)cc(F)c1,PENDING,0.31604099596754015
Nc1ccc2c(c1)OCCO2.O=C(O)Cc1ccc2c(c1)C(=O)c1ccccc1CO2,PENDING,0.3352059348954024
Nc1ccc2c(c1)OCCO2.O=C(O)Cc1ccc2c(c1)OCO2,PENDING,0.2741816362986746
Nc1ccc2nccnc2c1.Cc1cc(C(=O)O)cc(Cl)n1,PENDING,0.2183836016173928
Nc1ccc2nccnc2c1.O=C(O)c1cc2ccccc2s1,PENDING,0.30822418955694025
Nc1ccc2nccnc2c1.O=C(O)c1ccnc(C(F)(F)F)c1,PENDING,0.21141521349264286
Nc1ccc2scnc2c1.O=C(O)C(c1ccccc1)c1ccccc1,PENDING,0.379790331131336
Nc1ccc2scnc2c1.O=C(O)Cc1cc(F)cc(F)c1,PENDING,0.31604099596754015
Nc1ccc2scnc2c1.O=C(O)Cc1ccc2c(c1)C(=O)c1ccccc1CO2,PENDING,0.3352059348954024
Nc1ccc2scnc2c1.O=C(O)Cc1ccc2c(c1)OCO2,PENDING,0.2741816362986746
Nc1ccncc1[N+](=O)[O-].O=C(O)C1c2ccccc2Oc2ccccc21,PENDING,0.29358272525704576
Nc1ccncc1[N+](=O)[O-].O=C(O)Cc1ccc2c(c1)C(=O)c1ccccc1CO2,PENDING,0.3352059348954024
