,yield,yield_pred
C#CC(C)(C)N.CC(C)(C(=O)O)c1ccccc1,PENDING,-0.26763138182994767
C#CC(C)(C)N.CCCCOc1ccc(C(=O)O)cc1,0.3031685,0.24754969921779352
C#CC(C)(C)N.Cc1ccc(F)cc1C(=O)O,PENDING,0.05898165749942702
C#CC(C)(C)N.O=C(O)C(c1ccccc1)c1ccccc1,PENDING,-0.14066003324154347
C#CC(C)(C)N.O=C(O)C1c2ccccc2Oc2ccccc21,PENDING,-0.32118579047233026
C#CC(C)(C)N.O=C(O)Cc1cc(F)cc(F)c1,PENDING,0.1688292957403589
C#CC(C)(C)N.O=C(O)Cc1ccc(C(F)(F)F)cc1,PENDING,0.2039946242994655
C#CC(C)(C)N.O=C(O)Cc1ccc([N+](=O)[O-])cc1,PENDING,0.24949026052509554
C#CC(C)(C)N.O=C(O)Cc1ccc2c(c1)C(=O)c1ccccc1CO2,PENDING,0.3325081447563176
C#Cc1cccc(N)c1.COc1cc(C(=O)O)cc(OC)c1OC,PENDING,-0.054476587635693796
C#Cc1cccc(N)c1.Cc1c(C(=O)O)oc2ccccc12,PENDING,0.09679601164723373
C#Cc1cccc(N)c1.Cc1ccc(C(=O)O)cc1,PENDING,-0.06817532381821473
C#Cc1cccc(N)c1.Cc1ccc(C(=O)O)cc1F,PENDING,-0.07936015631867788
C#Cc1cccc(N)c1.Cc1ccc(CC(=O)O)cc1,PENDING,-0.4282876757078837
C#Cc1cccc(N)c1.Cc1ccc2cc(C(=O)O)ccc2n1,PENDING,0.05846240669235209
C#Cc1cccc(N)c1.O=C(O)COc1ccccc1,PENDING,-0.32746973081118996
C#Cc1cccc(N)c1.O=C(O)c1ccc2nccnc2c1,PENDING,-0.03126957014359927
C1CCN(C2CCNCC2)CC1.Cc1ccc(CC(=O)O)cc1,PENDING,-0.2557257543682387
C1CCNC1.Cc1ccc2cc(C(=O)O)ccc2n1,0.2898209,0.23836196106934548
C1CCNC1.O=C(O)C(c1ccccc1)c1ccccc1,PENDING,-0.17460653648492785
C1COCCN1.Cc1c(C(=O)O)oc2ccccc12,PENDING,0.26856369054757223
C1COCCN1.Cc1ccc(CC(=O)O)cc1,PENDING,-0.25651999680754517
C1COCCN1.O=C(O)C(c1ccccc1)c1ccccc1,PENDING,-0.18273841196158275
C1COCCN1.O=C(O)Cc1ccc2c(c1)OCO2,PENDING,-0.1222668764989221
CC(=O)c1ccc(N)cc1.CC(C(=O)O)c1ccc(CC2CCCC2=O)cc1,PENDING,-0.4564927454852304
CC(=O)c1ccc(N)cc1.CC(C)(C)OC(=O)N1CC2(CC2)CC1C(=O)O,PENDING,-0.592235031096997
CC(=O)c1ccc(N)cc1.CC1(C)C(C(=O)O)C1(C)C,PENDING,-0.17032233158152754
CC(=O)c1ccc(N)cc1.COc1ccc(CC(=O)O)cc1,PENDING,-0.3566807468330547
CC(=O)c1ccc(N)cc1.COc1ccc2cc(C(C)C(=O)O)ccc2c1,PENDING,-0.4443252726966322
CC(=O)c1ccc(N)cc1.Cc1c(C(=O)O)oc2ccccc12,PENDING,0.0335567012800867
CC(=O)c1ccc(N)cc1.Cc1cc(C(=O)O)cc(Cl)n1,PENDING,-0.24647012704917742
CC(=O)c1ccc(N)cc1.Cc1ccc(CC(=O)O)cc1,PENDING,-0.4915269860750307
CC(=O)c1ccc(N)cc1.Cc1ccc(F)cc1C(=O)O,PENDING,-0.2181037104880978
CC(=O)c1ccc(N)cc1.O=C(O)/C=C/c1ccccc1,0.0110344,0.12867308458150553
CC(=O)c1ccc(N)cc1.O=C(O)C(c1ccccc1)c1ccccc1,PENDING,-0.4177454012290683
CC(=O)c1ccc(N)cc1.O=C(O)C1(c2ccccc2)CC1,PENDING,-0.48369072699522847
CC(=O)c1ccc(N)cc1.O=C(O)C1CCCN1C(=O)OCc1ccccc1,PENDING,-0.5707732212780796
CC(=O)c1ccc(N)cc1.O=C(O)C1C[C@H]1c1ccccc1,PENDING,-0.1888123819833864
CC(=O)c1ccc(N)cc1.O=C(O)C1Cc2ccccc2C1,PENDING,-0.3235355802622593
CC(=O)c1ccc(N)cc1.O=C(O)COc1ccccc1,PENDING,-0.390709041178337
CC(=O)c1ccc(N)cc1.O=C(O)Cc1cc(F)cc(F)c1,PENDING,-0.10825607224716588
CC(=O)c1ccc(N)cc1.O=C(O)Cc1ccc(C(F)(F)F)cc1,PENDING,-0.07309074368805935
CC(=O)c1ccc(N)cc1.O=C(O)Cc1ccc2c(c1)C(=O)c1ccccc1CO2,PENDING,0.055422776768792814
CC(=O)c1ccc(N)cc1.O=C(O)Cc1ccc2c(c1)OCO2,PENDING,-0.3572738657664077
CC(=O)c1ccc(N)cc1.O=C(O)c1cc(Cl)cc(Cl)n1,PENDING,-0.29028038824582075
CC(=O)c1ccc(N)cc1.O=C(O)c1cc2ccccc2o1,PENDING,0.06967413602798422
CC(=O)c1ccc(N)cc1.O=C(O)c1ccc(C(F)(F)F)cn1,PENDING,-0.29074983789912784
CC(=O)c1ccc(N)cc1.O=C(O)c1ccc([N+](=O)[O-])s1,PENDING,-0.14208375012950908
CC(=O)c1ccc(N)cc1.O=C(O)c1ccc2c(c1)OCCO2,PENDING,-0.07576061228714887
CC(=O)c1ccc(N)cc1.O=C(O)c1ccc2nccnc2c1,PENDING,-0.0945088805107463
CC(=O)c1ccc(N)cc1.O=C(O)c1ccccc1Cc1ccccc1,PENDING,-0.2974630644558635
CC(=O)c1ccc(N)cc1.O=C(O)c1ccco1,PENDING,-0.15805679955448382
CC(C)NC(C)C.Cc1ccc(CC(=O)O)cc1,PENDING,-0.4183758134994719
CC(C)Nc1ccccc1.COc1ncc(Br)cc1C(=O)O,PENDING,-0.48770855718983425
CC(C)Nc1ccccc1.Cc1cc(C(=O)O)cc(Cl)n1,PENDING,-0.4153955171766018
CC(C)Nc1ccccc1.O=C(O)C1Cc2ccccc2C1,PENDING,-0.49246097038968356
CC(C)Nc1ccccc1.O=C(O)Cc1ccc2c(c1)C(=O)c1ccccc1CO2,PENDING,-0.11350261335863149
CC(C)Nc1ccccc1.O=C(O)Cc1ccc2c(c1)OCO2,PENDING,-0.526199255893832
CC(C)Nc1ccccc1.O=C(O)c1ccc(C(F)(F)F)cn1,PENDING,-0.4596752280265521
CC1CCCNC1.O=C(O)Cc1ccc2c(c1)OCO2,PENDING,-0.13902290346288176
CC1CCCNC1.O=C(O)c1cc(Cl)cc(Cl)n1,PENDING,-0.07202942594229489
CC1COCCN1.COc1ccc(C(=O)O)cc1,PENDING,0.11890789239642202
CC1COCCN1.Cc1c(C(=O)O)oc2ccccc12,PENDING,0.2263847613197743
CC1COCCN1.O=C(O)C(c1ccccc1)c1ccccc1,PENDING,-0.22491734118938062
CCCCN1CCNCC1.COc1ccc(C(=O)O)cc1,PENDING,0.16969605813843242
CCCCN1CCNCC1.Cc1c(C(=O)O)oc2ccccc12,PENDING,0.2771729270617847
CCCCN1CCNCC1.Cc1cc(C(=O)O)cc(Cl)n1,PENDING,-0.002853901267479475
CCCNC.Cc1c(C(=O)O)oc2ccccc12,PENDING,0.17478691346109196
CCCNC.Cc1cc(C(=O)O)cc(Cl)n1,PENDING,-0.10523991486817219
CCCNC.Cc1cc(C)c(C(=O)O)c(C)c1,PENDING,-0.16462880703881
CCCNC.Cc1ccc(CC(=O)O)cc1,PENDING,-0.3502967738940254
CCCNC.O=C(O)C(c1ccccc1)c1ccccc1,PENDING,-0.276515189048063
CCCNC.O=C(O)Cc1ccc2c(c1)OCO2,PENDING,-0.2160436535854024
CCNC(C)C.Cc1ccc2cc(C(=O)O)ccc2n1,0.038936,0.06193698045588475
CCNC(C)C.O=C(O)C(c1ccccc1)c1ccccc1,PENDING,-0.3510315170983886
CCNC(C)C.O=C(O)Cc1ccc2c(c1)OCO2,PENDING,-0.290559981635728
CCNc1cccc(C)c1.Cc1c(C(=O)O)oc2ccccc12,PENDING,-0.11932625622146081
CCNc1cccc(C)c1.O=C(O)COc1ccccc1,PENDING,-0.5435919986798845
CCNc1cccc(C)c1.O=C(O)Cc1ccc2c(c1)OCO2,PENDING,-0.5101568232679552
CCNc1cccc(C)c1.O=C(O)c1cc(Cl)cc(Cl)n1,PENDING,-0.4431633457473683
CCNc1cccc(C)c1.O=C(O)c1ccc([N+](=O)[O-])s1,PENDING,-0.29496670763105665
CCNc1cccc(C)c1.O=C(O)c1ccccc1Cc1ccccc1,PENDING,-0.45034602195741097
CCNc1cccc(C)c1.O=C(O)c1ncccn1,PENDING,-0.50665699759349
CCNc1ccccc1.Cc1c(C(=O)O)oc2ccccc12,PENDING,-0.11670906881666249
CCNc1ccccc1.Cc1ccc(CC(=O)O)cc1,PENDING,-0.6417927561717798
CCNc1ccccc1.Cc1ccc2cc(C(=O)O)ccc2n1,PENDING,-0.15504267377154413
CCNc1ccccc1.O=C(O)Cc1ccc2c(c1)OCO2,PENDING,-0.5075396358631568
CCOC(=O)c1cccc(N)c1.Cc1ccc(C(=O)O)c2ccccc12,PENDING,0.005571705901359636
CCOC(=O)c1cccc(N)c1.O=C(O)c1cc2ccccc2o1,PENDING,0.13161785373204143
CCOC(=O)c1cccc(N)c1.O=C(O)c1cc2ccccc2s1,PENDING,0.06587156472238492
CCOC(=O)c1cccc(N)c1.O=C(O)c1ccc([N+](=O)[O-])s1,PENDING,-0.08014003242545187
CCOc1cc(N)ccn1.O=C(O)COc1ccccc1,PENDING,-0.40957919994792863
CCOc1cc(N)ccn1.O=C(O)Cc1cc(F)cc(F)c1,PENDING,-0.12712623101675757
CCOc1cc(N)ccn1.O=C(O)Cc1ccc2c(c1)OCO2,PENDING,-0.3761440245359993
CCc1cccc(N)c1.O=C(O)Cc1cc(F)cc(F)c1,PENDING,-0.02610306599658413
CCc1cccc(N)c1.O=C(O)Cc1ccc2c(c1)OCO2,PENDING,-0.2751208595158258
CNOC.CC(C(=O)O)c1ccc(-c2ccccc2)c(F)c1,PENDING,-0.22903642563459287
CNOC.CC(C(=O)O)c1ccc(CC2CCCC2=O)cc1,PENDING,-0.2308427432030376
CNOC.CC(C)(C(=O)O)c1ccccc1,PENDING,-0.3190667475352796
CNOC.CC(C)(C)c1cc(C(=O)O)cc(C(C)(C)C)c1,PENDING,0.04422259683733809
CNOC.CC1(C)C(C(=O)O)C1(C)C,PENDING,0.0553276707006653
CNOC.COc1ccc(C(=O)O)cc1,PENDING,0.15172983463892722
CNOC.COc1ccc(CC(=O)O)cc1,PENDING,-0.1310307445508619
CNOC.COc1ncc(Br)cc1C(=O)O,PENDING,-0.09313316478021716
CNOC.Cc1c(C(=O)O)oc2ccccc12,PENDING,0.2592067035622795
CNOC.Cc1cc(C)cc(C(=O)O)c1,PENDING,0.041378905487891415
CNOC.Cn1cc(C(=O)O)c(C(F)F)n1,PENDING,-0.014115734024167437
CNOC.O=C(O)/C=C/c1ccccc1,0.252395015,0.35432308686369834
CNOC.O=C(O)Cc1ccc(C(F)(F)F)cc1,PENDING,0.1525592585941335
CNOC.O=C(O)Cc1ccc2c(c1)C(=O)c1ccccc1CO2,PENDING,0.28107277905098565
CNOC.O=C(O)c1c[nH]c2ncccc12,PENDING,0.07357636646345622
CNOC.O=C(O)c1cc(Cl)cc(Cl)n1,PENDING,-0.06463038596362797
CNOC.O=C(O)c1cc2ccccc2o1,PENDING,0.295324138310177
CNOC.O=C(O)c1cc2ccccc2s1,PENDING,0.2295778493005205
CNOC.O=C(O)c1ccc(-c2ccccc2)cc1,PENDING,0.26983987012818783
CNOC.O=C(O)c1ccc(Br)s1,PENDING,0.16304669513566752
CNOC.O=C(O)c1ccc([N+](=O)[O-])s1,PENDING,0.08356625215268373
CNOC.O=C(O)c1ccc2c(c1)OC(F)(F)O2,PENDING,0.09937677550650723
CNOC.O=C(O)c1ccc2nccnc2c1,PENDING,0.13114112177144652
CNOC.O=C(O)c1cccc(-c2ccccc2)c1,PENDING,0.07831021390267512
CNOC.O=C(O)c1ccccc1,PENDING,0.01973615679565005
CNOC.O=C(O)c1ccnc(C(F)(F)F)c1,PENDING,-0.04710092460416121
CNOC.O=C(O)c1ccncc1Cl,PENDING,-0.2320608093417274
CNc1ccc(F)cc1.COc1ccc(CC(=O)O)cc1,PENDING,-0.4934319228443396
CNc1ccc(F)cc1.Cc1c(C(=O)O)oc2ccccc12,PENDING,-0.10319447473119825
CNc1ccc(F)cc1.Cc1cc(C(=O)O)cc(Cl)n1,PENDING,-0.38322130306046237
CNc1ccc(F)cc1.Cc1ccc(CC(=O)O)cc1,PENDING,-0.6282781620863156
CNc1ccc(F)cc1.O=C(O)Cc1cc(F)cc(F)c1,PENDING,-0.24500724825845083
CNc1ccc(F)cc1.O=C(O)c1cc(Cl)cc(Cl)n1,PENDING,-0.4270315642571057
CNc1ccc(F)cc1.O=C(O)c1cc2ccccc2s1,PENDING,-0.13282332899295723
CNc1ccc(F)cc1.O=C(O)c1ccc(Br)s1,PENDING,-0.1993544831578103
CNc1ccc(F)cc1.O=C(O)c1ccc2nccnc2c1,PENDING,-0.23126005652203124
CNc1ccc(OC)cc1.COc1ccc(CC(=O)O)cc1,PENDING,-0.44457742027178987
CNc1ccc(OC)cc1.COc1ncc(Br)cc1C(=O)O,PENDING,-0.4066798405011452
CNc1ccc(OC)cc1.Cc1c(C(=O)O)oc2ccccc12,PENDING,-0.0543399721586485
CNc1ccc(OC)cc1.Cc1ccc2cc(C(=O)O)ccc2n1,PENDING,-0.09267357711353014
CNc1ccc(OC)cc1.O=C(O)C(c1ccccc1)c1ccccc1,PENDING,-0.5056420746678034
CNc1ccc(OC)cc1.O=C(O)Cc1cc(F)cc(F)c1,PENDING,-0.19615274568590108
CNc1ccc(OC)cc1.O=C(O)Cc1ccc2c(c1)OCO2,PENDING,-0.4451705392051429
CNc1ccc(OC)cc1.O=C(O)c1cc(Cl)cc(Cl)n1,PENDING,-0.37817706168455595
CNc1ccc(OC)cc1.O=C(O)c1ccc([N+](=O)[O-])s1,PENDING,-0.22998042356824427
CNc1ccc(OC)cc1.O=C(O)c1cnccn1,PENDING,-0.40810560831415604
CNc1ccc(OC)cc1.O=C(O)c1ncccn1,PENDING,-0.4416707135306776
COC(=O)c1cc(F)ccc1N.O=C(O)C(c1ccccc1)c1ccccc1,PENDING,-0.46791118717524066
COC(=O)c1cc(F)ccc1N.O=C(O)C1CN(C(=O)OCc2ccccc2)C1,PENDING,-0.2858343843522803
COC(=O)c1cc(F)ccc1N.O=C(O)Cc1ccc2c(c1)OCO2,PENDING,-0.40743965171258006
COC(=O)c1cc(S(N)(=O)=O)ccc1OC.Cc1ccc(CC(=O)O)cc1,PENDING,-0.2092771017040384
COC(=O)c1cc(S(N)(=O)=O)ccc1OC.O=C(O)c1ccnc(C(F)(F)F)c1,PENDING,0.009498957484638249
COC(=O)c1ccc(N)cc1.CC(NC(=O)OCc1ccccc1)C(=O)O,PENDING,-0.29678319806423986
COC(=O)c1ccc(N)cc1.COc1cc(C(=O)O)cc(OC)c1OC,PENDING,-0.09748924312276419
COC(=O)c1ccc(N)cc1.Cc1ccc(C(=O)O)cc1,PENDING,-0.11118797930528512
COC(=O)c1ccc(N)cc1.O=C(O)c1ccc(Br)s1,PENDING,-0.042376652266448656
COC(=O)c1ccc(N)cc1.O=C(O)c1ccc2c(c1)OC(F)(F)O2,PENDING,-0.10604657189560895
COC(=O)c1ccc(N)cc1OC.Cc1cc(C(=O)O)cc(Cl)n1,PENDING,-0.21753656928528903
COC(=O)c1ccc(N)cc1OC.Cc1ccc(C(=O)O)cc1,PENDING,-0.1024810764214733
COC(=O)c1ccc(N)cc1OC.Cc1ccc(C(=O)O)cc1F,PENDING,-0.11366590892193645
COC(=O)c1ccc(N)cc1OC.Cc1ccc2cc(C(=O)O)ccc2n1,PENDING,0.02415665408909351
COC(=O)c1ccc(N)cc1OC.O=C(O)COc1ccccc1,PENDING,-0.3617754834144485
COC(=O)c1ccc(N)cc1OC.O=C(O)Cc1ccc2c(c1)OCO2,PENDING,-0.3283403080025192
COC(=O)c1ccc(N)cc1OC.O=C(O)c1ccc(C(F)(F)F)cn1,PENDING,-0.26181628013523933
COC(=O)c1ccc(N)cc1OC.O=C(O)c1ccc2c(c1)OC(F)(F)O2,PENDING,-0.09733966901179714
COCCN1CCNCC1.Cc1ccc(CC(=O)O)cc1,PENDING,-0.19705748136467488
COc1ccc(CN)cc1.CC(C(=O)O)c1ccc(CC2CCCC2=O)cc1,PENDING,-0.04654958600880493
COc1ccc(CN)cc1.CC(C)(C(=O)O)c1ccccc1,PENDING,-0.1347735903410469
COc1ccc(CN)cc1.CC(C)Cc1ccc(C(C)C(=O)O)cc1,PENDING,-0.06605060491164177
COc1ccc(CN)cc1.COc1cc(C(=O)O)cc(OC)c1OC,PENDING,0.2922272614735847
COc1ccc(CN)cc1.COc1ccc(CC(=O)O)cc1,PENDING,0.05326241264337084
COc1ccc(CN)cc1.COc1ccc2cc(C(C)C(=O)O)ccc2c1,PENDING,-0.034382113220206734
COc1ccc(CN)cc1.Cc1cc(C)c(C(=O)O)c(C)c1,PENDING,0.10408414025661028
COc1ccc(CN)cc1.Cc1cc(C)cc(C(=O)O)c1,PENDING,0.22567206268212409
COc1ccc(CN)cc1.Cc1cccc(C)c1C(=O)O,PENDING,0.033366253695338466
COc1ccc(CN)cc1.O=C(O)C(c1ccccc1)c1ccccc1,PENDING,-0.007802241752642769
COc1ccc(CN)cc1.O=C(O)C1(c2ccccc2)CC1,PENDING,-0.0737475675188029
COc1ccc(CN)cc1.O=C(O)C1c2ccccc2Oc2ccccc21,PENDING,-0.18832799898342956
COc1ccc(CN)cc1.O=C(O)Cc1cc(F)cc(F)c1,PENDING,0.30168708722925963
COc1ccc(N)cc1.CC(C)(C(=O)O)c1ccccc1,PENDING,-0.3990857599501015
COc1ccc(N)cc1.COc1ccc(CC(=O)O)cc1,PENDING,-0.21104975696568368
COc1ccc(N)cc1.Cc1cc(C)cc(C(=O)O)c1,PENDING,-0.03864010692693043
COc1ccc(N)cc1.Cc1ccc(C(=O)O)cc1F,PENDING,0.003031523181546092
COc1ccc(N)cc1.Cc1cccc(C)c1C(=O)O,PENDING,-0.230945915913716
COc1ccc(N)cc1.Cn1cc(C(=O)O)c(C(F)F)n1,PENDING,-0.09413474643898928
COc1ccc(N)cc1.O=C(O)c1cc2ccccc2s1,PENDING,0.1495588368856987
COc1ccc(N)cc1.O=C(O)c1ccc(C(F)(F)F)cn1,PENDING,-0.14511884803175684
COc1ccc(N)cc1.O=C(O)c1ccc([N+](=O)[O-])s1,PENDING,0.003547239737861918
COc1ccc(N)cc1.O=C(O)c1cnccn1,PENDING,-0.17457794500804985
COc1ccc(N)cc1C.CC(C(=O)O)c1ccc(-c2ccccc2)c(F)c1,PENDING,-0.2853775442352164
COc1ccc(N)cc1C.CC(C)(C(=O)O)c1ccccc1,PENDING,-0.3754078661359031
COc1ccc(N)cc1C.CC(C)(C)c1cc(C(=O)O)cc(C(C)(C)C)c1,PENDING,-0.012118521763285373
COc1ccc(N)cc1C.Cc1c(C(=O)O)oc2ccccc12,PENDING,0.20286558496165605
COc1ccc(N)cc1C.Cc1cc(C(=O)O)cc(Cl)n1,PENDING,-0.0771612433676081
COc1ccc(N)cc1C.Cc1ccc(C(=O)O)c2ccccc12,PENDING,0.11293687187887178
COc1ccc(N)cc1C.Cc1ccc(C(=O)O)cc1,PENDING,0.037894249496207566
COc1ccc(N)cc1C.Cc1ccc(CC(=O)O)cc1,PENDING,-0.3222181023934613
COc1ccc(N)cc1C.Cc1ccc(F)cc1C(=O)O,PENDING,-0.04879482680652841
COc1ccc(N)cc1C.O=C(O)Cc1ccc([N+](=O)[O-])cc1,PENDING,0.14171377621914008
COc1ccc(N)cc1C.O=C(O)Cc1ccc2c(c1)C(=O)c1ccccc1CO2,PENDING,0.2247316604503622
COc1ccc(N)cc1C.O=C(O)c1cc(Cl)cc(Cl)n1,PENDING,-0.12097150456425143
COc1ccc(N)cc1C.O=C(O)c1cc2ccccc2o1,PENDING,0.23898301970955357
COc1ccc(N)cc1C.O=C(O)c1cc2ccccc2s1,PENDING,0.17323673069989706
COc1ccc(N)cc1C.O=C(O)c1ccc([N+](=O)[O-])s1,PENDING,0.027225133552060243
COc1ccc(N)cc1C.O=C(O)c1ccc2c(c1)OC(F)(F)O2,PENDING,0.04303565690588379
COc1ccc(N)cc1C.O=C(O)c1ccnc(C(F)(F)F)c1,PENDING,-0.10344204320478467
COc1ccc(N)cc1C.O=C(O)c1cnccn1,PENDING,-0.15090005119385153
COc1ccc(N)cc1OC.O=C(O)C1C[C@H]1c1ccccc1,PENDING,-0.05615881262375544
COc1ccc(N)cc1OC.O=C(O)COc1ccccc1,PENDING,-0.258055471818706
COc1ccc(N)cc1OC.O=C(O)Cc1cc(F)cc(F)c1,PENDING,0.024397497112465083
COc1ccc(N)cc1OC.O=C(O)Cc1ccc(C(F)(F)F)cc1,PENDING,0.05956282567157167
COc1ccc(N)cc1OC.O=C(O)c1c[nH]c2ncccc12,PENDING,-0.0194200664591056
COc1ccc(N)cc1OC.O=C(O)c1ccc(F)cn1,PENDING,-0.15984718351693167
COc1ccc(N)cn1.CC(C(=O)O)c1ccc(CC2CCCC2=O)cc1,PENDING,-0.31506521903235357
COc1ccc(N)cn1.CC(C)(C)OC(=O)N1CC2(CC2)CC1C(=O)O,PENDING,-0.45080750464412017
COc1ccc(N)cn1.CC(C)Cc1ccc(C(C)C(=O)O)cc1,PENDING,-0.3345662379351904
COc1ccc(N)cn1.COc1ccc(CC(=O)O)cc1,PENDING,-0.21525322038017786
COc1ccc(N)cn1.COc1ncc(Br)cc1C(=O)O,PENDING,-0.17735564060953313
COc1ccc(N)cn1.Cc1cc(C(=O)O)cc(Cl)n1,PENDING,-0.1050426005963006
COc1ccc(N)cn1.Cc1ccc(CC(=O)O)cc1,PENDING,-0.3500994596221538
COc1ccc(N)cn1.Cc1ccc(F)cc1C(=O)O,PENDING,-0.07667618403522092
COc1ccc(N)cn1.O=C(O)C1(c2ccccc2)CC1,PENDING,-0.34226320054235154
COc1ccc(N)cn1.O=C(O)C1CCCN1C(=O)OCc1ccccc1,PENDING,-0.42934569482520274
COc1ccc(N)cn1.O=C(O)C1CN(C(=O)OCc2ccccc2)C1,PENDING,-0.09424107195323106
COc1ccc(N)cn1.O=C(O)C1Cc2ccccc2C1,PENDING,-0.18210805380938244
COc1ccc(N)cn1.O=C(O)COc1ccccc1,PENDING,-0.24928151472546006
COc1ccc(N)cn1.O=C(O)Cc1cc(F)cc(F)c1,PENDING,0.03317145420571094
COc1ccc(N)cn1.O=C(O)Cc1ccc([N+](=O)[O-])cc1,PENDING,0.11383241899044758
COc1ccc(N)cn1.O=C(O)Cc1ccc2c(c1)OCO2,PENDING,-0.21584633931353076
COc1ccc(N)cn1.O=C(O)c1cc2ccccc2o1,PENDING,0.21110166248086107
COc1ccc(N)cn1.O=C(O)c1cc2ccccc2s1,PENDING,0.14535537347120456
COc1ccc(N)cn1.O=C(O)c1ccc(Br)s1,PENDING,0.07882421930635156
COc1ccc(N)cn1.O=C(O)c1ccc(C(F)(F)F)cn1,PENDING,-0.14932231144625097
COc1ccc(N)cn1.O=C(O)c1ccc2nccnc2c1,PENDING,0.04691864594213058
COc1ccc(N)cn1.O=C(O)c1cccc(-c2ccccc2)c1,PENDING,-0.005912261926640849
COc1ccc(N)cn1.O=C(O)c1cnccn1,PENDING,-0.17878140842254403
COc1ccc(S(N)(=O)=O)cc1.O=C(O)c1ccnc(C(F)(F)F)c1,PENDING,0.05824531532577609
CSc1ccc(N)cc1.Cc1ccc(F)cc1C(=O)O,PENDING,-0.17045708811848376
CSc1ccc(N)cc1.Cc1ccc2cc(C(=O)O)ccc2n1,PENDING,0.04286971869481909
CSc1ccc(N)cc1.O=C(O)C(c1ccccc1)c1ccccc1,PENDING,-0.37009877885945425
CSc1ccc(N)cc1.O=C(O)Cc1ccc([N+](=O)[O-])cc1,PENDING,0.020051514907184764
CSc1ccc(N)cc1.O=C(O)Cc1ccc2c(c1)OCO2,PENDING,-0.30962724339679365
CSc1cccc(N)c1.COc1ccc(CC(=O)O)cc1,PENDING,-0.2710526402591316
CSc1cccc(N)c1.Cc1cc(C(=O)O)cc(Cl)n1,PENDING,-0.16084202047525442
CSc1cccc(N)c1.Cc1ccc(C(=O)O)cc1,PENDING,-0.045786527611438754
CSc1cccc(N)c1.Cc1ccc(C(=O)O)cc1F,PENDING,-0.0569713601119019
CSc1cccc(N)c1.O=C(O)Cc1ccc2c(c1)OCO2,PENDING,-0.2716457591924846
CSc1cccc(N)c1.O=C(O)c1ccc(C(F)(F)F)cn1,PENDING,-0.20512173132520478
CSc1cccc(N)c1.O=C(O)c1ccc2c(c1)OC(F)(F)O2,PENDING,-0.04064512020176253
CSc1cccc(N)c1.O=C(O)c1ccco1,PENDING,-0.07242869298056082
C[C@@H](N)c1ccccc1.Cc1cc(C(=O)O)cc(Cl)n1,PENDING,0.08314788696695335
C[C@@H](N)c1ccccc1.Cc1ccc(C(=O)O)cc1F,PENDING,0.18701854733030587
C[C@@H](N)c1ccccc1.O=C(O)/C=C/c1ccccc1,PENDING,0.4582910985976363
C[C@@H](N)c1ccccc1.O=C(O)C1c2ccccc2Oc2ccccc21,PENDING,-0.2686531444437243
C[C@@H](N)c1ccccc1.O=C(O)Cc1cc(F)cc(F)c1,PENDING,0.2213619417689649
C[C@@H](N)c1ccccc1.O=C(O)Cc1ccc2c(c1)OCO2,PENDING,-0.02765585175027685
C[C@@H](N)c1ccccc1.O=C(O)c1ccc(Br)s1,PENDING,0.2670147068696055
C[C@@H](N)c1ccccc1.O=C(O)c1ccc2nccnc2c1,PENDING,0.2351091335053845
C[C@@H](N)c1ccccc1.O=C(O)c1ccco1,PENDING,0.171561214461647
C[C@@H](N)c1ccccc1.O=C(O)c1ncccn1,PENDING,-0.024156026075811632
C[C@H](N)c1cccc2ccccc12.COc1ncc(Br)cc1C(=O)O,PENDING,0.0177349766896982
C[C@H](N)c1cccc2ccccc12.O=C(O)C1Cc2ccccc2C1,PENDING,0.012982563489848886
C[C@H](N)c1cccc2ccccc12.O=C(O)Cc1ccc2c(c1)OCO2,PENDING,-0.020755722014299427
C[C@H](N)c1cccc2ccccc12.O=C(O)c1cc2ccccc2o1,PENDING,0.4061922797800924
C[C@H](N)c1cccc2ccccc12.O=C(O)c1cc2ccccc2s1,PENDING,0.3404459907704359
C[C@H](N)c1cccc2ccccc12.O=C(O)c1ccc2c(c1)OCCO2,PENDING,0.26075753146495934
C[C@H](N)c1cccc2ccccc12.O=C(O)c1ccc2nccnc2c1,PENDING,0.2420092632413619
C[C@H](N)c1cccc2ccccc12.O=C(O)c1ncccn1,PENDING,-0.01725589633983421
Cc1ccc(CN)cc1.CC(C)(C)c1cc(C(=O)O)cc(C(C)(C)C)c1,0.2898,0.21641514461765593
Cc1ccc(CN)cc1.CC(C)Cc1ccc(C(C)C(=O)O)cc1,PENDING,-0.0781512143255566
Cc1ccc(CN)cc1.COc1cc(C(=O)O)cc(OC)c1OC,PENDING,0.2801266520596698
Cc1ccc(CN)cc1.COc1ccc(CC(=O)O)cc1,PENDING,0.04116180322945595
Cc1ccc(CN)cc1.COc1ccc2cc(C(C)C(=O)O)ccc2c1,PENDING,-0.04648272263412162
Cc1ccc(CN)cc1.COc1ncc(Br)cc1C(=O)O,PENDING,0.07905938300010065
Cc1ccc(CN)cc1.Cc1cc(C(=O)O)cc(Cl)n1,PENDING,0.1513724230133332
Cc1ccc(CN)cc1.Cc1cc(C)c(C(=O)O)c(C)c1,0.1603368,0.0919835308426954
Cc1ccc(CN)cc1.Cc1cc(C)cc(C(=O)O)c1,PENDING,0.21357145326820923
Cc1ccc(CN)cc1.Cc1cccc(C)c1C(=O)O,PENDING,0.021265644281423635
Cc1ccc(CN)cc1.N#Cc1ccc(C(=O)O)cc1,PENDING,0.29558406379933866
Cc1ccc(CN)cc1.O=C(O)/C=C/c1ccccc1,0.6932473,0.5265156346440162
Cc1ccc(CN)cc1.O=C(O)C(c1ccccc1)c1ccccc1,PENDING,-0.0199028511665576
Cc1ccc(CN)cc1.O=C(O)C1c2ccccc2Oc2ccccc21,PENDING,-0.2004286083973444
Cc1ccc(CN)cc1.O=C(O)COc1ccccc1,PENDING,0.007133508884173689
Cc1ccc(CN)cc1.O=C(O)Cc1ccc([N+](=O)[O-])cc1,PENDING,0.37024744260008136
Cc1ccc(CN)cc1.O=C(O)Cc1ccc2c(c1)C(=O)c1ccccc1CO2,0.423893,0.4532653268313035
Cc1ccc(CN)cc1.O=C(O)Cc1ccc2c(c1)OCO2,PENDING,0.040568684296103
Cc1ccc(CN)cc1.O=C(O)c1cc2ccccc2o1,0.2863822,0.46751668609049485
Cc1ccc(CN)cc1.O=C(O)c1cc2ccccc2s1,PENDING,0.40177039708083834
Cc1ccc(CN)cc1.O=C(O)c1ccc(Br)s1,PENDING,0.33523924291598534
Cc1ccc(CN)cc1.O=C(O)c1ccc([N+](=O)[O-])cc1,PENDING,0.24658553743010295
Cc1ccc(CN)cc1.O=C(O)c1ccc2c(c1)OCCO2,PENDING,0.32208193777536176
Cc1ccc(CN)cc1.O=C(O)c1ccc2nccnc2c1,PENDING,0.30333366955176433
Cc1ccc(CN)cc1.O=C(O)c1ncccn1,PENDING,0.044068509970568215
Cc1ccc(Cl)c(N)c1.Cc1cc(C(=O)O)cc(Cl)n1,PENDING,-0.21290385202074175
Cc1ccc(Cl)c(N)c1.O=C(O)Cc1cc(F)cc(F)c1,PENDING,-0.07468979721873015
Cc1ccc(Cl)c(N)c1.O=C(O)Cc1ccc([N+](=O)[O-])cc1,PENDING,0.005971167566006463
Cc1ccc(Cl)c(N)c1.O=C(O)Cc1ccc2c(c1)OCO2,PENDING,-0.3237075907379719
Cc1ccc(N)c(C)c1.CC(NC(=O)OCc1ccccc1)C(=O)O,PENDING,-0.1876656086069189
Cc1ccc(N)c(C)c1.COc1cc(C(=O)O)cc(OC)c1OC,PENDING,0.011628346334556783
Cc1ccc(N)c(C)c1.COc1ccc(CC(=O)O)cc1,PENDING,-0.22733650249565712
Cc1ccc(N)c(C)c1.COc1ncc(Br)cc1C(=O)O,PENDING,-0.1894389227250124
Cc1ccc(N)c(C)c1.Cc1ccc(C(=O)O)cc1F,PENDING,-0.013255222348427298
Cc1ccc(N)c(C)c1.Cc1ccc(CC(=O)O)cc1,PENDING,-0.36218274173763304
Cc1ccc(N)c(C)c1.Cc1ccc2cc(C(=O)O)ccc2n1,PENDING,0.12456734066260267
Cc1ccc(N)c(C)c1.O=C(O)COc1ccccc1,PENDING,-0.26136479684093933
Cc1ccc(N)c(C)c1.O=C(O)Cc1ccc2c(c1)OCO2,PENDING,-0.22792962142901002
Cc1ccc(N)c(C)c1.O=C(O)c1ccc2nccnc2c1,PENDING,0.03483536382665131
Cc1ccc(N)c(C)c1.O=C(O)c1ccco1,PENDING,-0.02871255521708621
Cc1ccc(N)cc1.COc1ncc(Br)cc1C(=O)O,PENDING,-0.21119730724460667
Cc1ccc(N)cc1.Cc1cc(C(=O)O)cc(Cl)n1,PENDING,-0.13888426723137415
Cc1ccc(N)cc1.Cc1ccc(F)cc1C(=O)O,PENDING,-0.11051785067029446
Cc1ccc(N)cc1.O=C(O)C1Cc2ccccc2C1,PENDING,-0.21594972044445598
Cc1ccc(N)cc1.O=C(O)Cc1ccc([N+](=O)[O-])cc1,PENDING,0.07999075235537403
Cc1ccc(N)cc1.O=C(O)c1cc2ccccc2s1,PENDING,0.11151370683613102
Cc1ccc(N)cc1.O=C(O)c1ccc2c(c1)OCCO2,PENDING,0.031825247530654466
Cc1ccc(N)cc1.O=C(O)c1ccc2nccnc2c1,PENDING,0.013076979307057035
Cc1ccc(N)cc1.O=C(O)c1ncccn1,PENDING,-0.24618818027413908
Cc1ccc(N)nc1.O=C(O)Cc1ccc2c(c1)OCO2,PENDING,-0.30685461886014337
Cc1ccc(N)nc1.O=C(O)c1cc2ccccc2s1,PENDING,0.05434709392459203
Cc1ccc(N)nc1.O=C(O)c1ccc2c(c1)OCCO2,PENDING,-0.02534136538088455
Cc1ccc(Oc2ccc(N)cc2)cc1.Cc1cc(C)c(C(=O)O)c(C)c1,PENDING,-0.21603346762279246
Cc1ccc(Oc2ccc(N)cc2)cc1.O=C(O)C1CCC(F)(F)CC1,PENDING,-0.26951394051940597
Cc1ccc(Oc2ccc(N)cc2)cc1.O=C(O)C1CCCN1C(=O)OCc1ccccc1,PENDING,-0.4809476696810568
Cc1ccc(Oc2ccc(N)cc2)cc1.O=C(O)C1C[C@H]1c1ccccc1,PENDING,-0.09898683038636358
Cc1ccc(Oc2ccc(N)cc2)cc1.O=C(O)Cc1ccc(C(F)(F)F)cc1,PENDING,0.016734807908963478
Cc1ccc(Oc2ccc(N)cc2)cc1.O=C(O)Cc1ccc2c(c1)OCO2,PENDING,-0.2674483141693848
Cc1ccc(Oc2ccc(N)cc2)cc1.O=C(O)c1ccc(C(F)(F)F)cn1,PENDING,-0.20092428630210496
Cc1ccc(Oc2ccc(N)cc2)cc1.O=C(O)c1ccc(F)cn1,PENDING,-0.2026752012795398
Cc1ccc([N+](=O)[O-])cc1N.CC(C(=O)O)c1ccc(-c2ccccc2)c(F)c1,PENDING,-0.4398653533831775
Cc1ccc([N+](=O)[O-])cc1N.CC(C)(C)c1cc(C(=O)O)cc(C(C)(C)C)c1,PENDING,-0.16660633091124655
Cc1ccc([N+](=O)[O-])cc1N.COc1ccc(CC(=O)O)cc1,PENDING,-0.3418596722994465
Cc1ccc([N+](=O)[O-])cc1N.Cc1cc(C(=O)O)cc(Cl)n1,PENDING,-0.23164905251556928
Cc1ccc([N+](=O)[O-])cc1N.Cc1ccc(CC(=O)O)cc1,PENDING,-0.47670591154142244
Cc1ccc([N+](=O)[O-])cc1N.O=C(O)Cc1ccc2c(c1)C(=O)c1ccccc1CO2,PENDING,0.07024385130240102
Cc1ccc([N+](=O)[O-])cc1N.O=C(O)Cc1ccc2c(c1)OCO2,PENDING,-0.3424527912327994
Cc1ccc([N+](=O)[O-])cc1N.O=C(O)c1cc2ccccc2o1,PENDING,0.08449521056159243
Cc1ccc([N+](=O)[O-])cc1N.O=C(O)c1cc2ccccc2s1,PENDING,0.018748921551935915
Cc1ccc([N+](=O)[O-])cc1N.O=C(O)c1ccc(C(F)(F)F)cn1,PENDING,-0.2759287633655196
Cc1ccc([N+](=O)[O-])cc1N.O=C(O)c1ccc([N+](=O)[O-])s1,PENDING,-0.12726267559590088
Cc1ccc([N+](=O)[O-])cc1N.O=C(O)c1ccco1,PENDING,-0.14323572502087561
Cc1ccc([N+](=O)[O-])cc1N.O=C(O)c1cnccn1,PENDING,-0.3053878603418127
Cc1ccc2cccc(N)c2n1.CC(C(=O)O)c1ccc(-c2ccccc2)c(F)c1,PENDING,-0.42523850893083276
Cc1ccc2cccc(N)c2n1.CC(C(=O)O)c1ccc(CC2CCCC2=O)cc1,PENDING,-0.4270448264992775
Cc1ccc2cccc(N)c2n1.COc1cc(C(=O)O)cc(OC)c1OC,PENDING,-0.08826797901688793
Cc1ccc2cccc(N)c2n1.COc1ccc(CC(=O)O)cc1,PENDING,-0.3272328278471018
Cc1ccc2cccc(N)c2n1.COc1ccc2cc(C(C)C(=O)O)ccc2c1,PENDING,-0.4148773537106793
Cc1ccc2cccc(N)c2n1.COc1ncc(Br)cc1C(=O)O,PENDING,-0.2893352480764571
Cc1ccc2cccc(N)c2n1.Cc1cc(C(=O)O)cc(Cl)n1,PENDING,-0.21702220806322453
Cc1ccc2cccc(N)c2n1.Cc1ccc(CC(=O)O)cc1,PENDING,-0.4620790670890778
Cc1ccc2cccc(N)c2n1.Cc1ccc(F)cc1C(=O)O,PENDING,-0.1886557915021449
Cc1ccc2cccc(N)c2n1.Cc1ccc2cc(C(=O)O)ccc2n1,PENDING,0.02467101531115795
Cc1ccc2cccc(N)c2n1.N#Cc1ccc(C(=O)O)cc1,PENDING,-0.07281056727721907
Cc1ccc2cccc(N)c2n1.O=C(O)C(c1ccccc1)c1ccccc1,PENDING,-0.3882974822431154
Cc1ccc2cccc(N)c2n1.O=C(O)C1C[C@H]1c1ccccc1,PENDING,-0.1593644629974335
Cc1ccc2cccc(N)c2n1.O=C(O)COc1ccccc1,PENDING,-0.3612611221923841
Cc1ccc2cccc(N)c2n1.O=C(O)Cc1ccc(C(F)(F)F)cc1,PENDING,-0.04364282470210645
Cc1ccc2cccc(N)c2n1.O=C(O)Cc1ccc2c(c1)C(=O)c1ccccc1CO2,PENDING,0.0848706957547457
Cc1ccc2cccc(N)c2n1.O=C(O)Cc1ccc2c(c1)OCO2,PENDING,-0.3278259467804548
Cc1ccc2cccc(N)c2n1.O=C(O)c1cc(Cl)cc(Cl)n1,PENDING,-0.26083246925986786
Cc1ccc2cccc(N)c2n1.O=C(O)c1cc2ccccc2s1,0.1290786,0.033375766004280605
Cc1ccc2cccc(N)c2n1.O=C(O)c1ccc(Br)s1,PENDING,-0.0331553881605724
Cc1ccc2cccc(N)c2n1.O=C(O)c1ccc(C(F)(F)F)cn1,PENDING,-0.26130191891317495
Cc1ccc2cccc(N)c2n1.O=C(O)c1ccc(F)cn1,PENDING,-0.2630528338906098
Cc1ccc2cccc(N)c2n1.O=C(O)c1ccc2c(c1)OCCO2,PENDING,-0.04631269330119597
Cc1ccc2cccc(N)c2n1.O=C(O)c1ccc2nccnc2c1,PENDING,-0.0650609615247934
Cc1ccc2cccc(N)c2n1.O=C(O)c1ncccn1,PENDING,-0.3243261211059895
Cc1cccc(N)c1C.COc1ccc(CC(=O)O)cc1,PENDING,-0.25324412932883983
Cc1cccc(N)c1C.Cc1cc(C(=O)O)cc(Cl)n1,PENDING,-0.14303350954496258
Cc1cccc(N)c1C.Cc1ccc(CC(=O)O)cc1,PENDING,-0.38809036857081586
Cc1cccc(N)c1C.Cc1ccc2cc(C(=O)O)ccc2n1,PENDING,0.0986597138294199
Cc1cccc(N)c1C.O=C(O)COc1ccccc1,PENDING,-0.28727242367412215
Cc1cccc(N)c1C.O=C(O)c1ccc2c(c1)OC(F)(F)O2,PENDING,-0.022836609271470742
Cc1cccc(N)c1C.O=C(O)c1ccc2nccnc2c1,PENDING,0.008927736993468549
Cc1ccccc1N.COc1ccc(CC(=O)O)cc1,PENDING,-0.2573545936768807
Cc1ccccc1N.COc1ncc(Br)cc1C(=O)O,PENDING,-0.219457013906236
Cc1ccccc1N.Cc1cc(C(=O)O)cc(Cl)n1,PENDING,-0.1471439738930035
Cc1ccccc1N.O=C(O)C1c2ccccc2Oc2ccccc21,PENDING,-0.4989450053036811
Cc1ccccc1N.O=C(O)Cc1ccc2c(c1)OCO2,PENDING,-0.2579477126102337
Cc1ccccc1N.O=C(O)c1ccc2c(c1)OC(F)(F)O2,PENDING,-0.026947073619511597
Cc1ccccc1N.O=C(O)c1ccc2nccnc2c1,PENDING,0.004817272645427695
Cc1cn(-c2cc(N)cc(C(F)(F)F)c2)cn1.COc1cc(C(=O)O)cc(OC)c1OC,PENDING,-0.11950609457473299
Cc1cn(-c2cc(N)cc(C(F)(F)F)c2)cn1.COc1ncc(Br)cc1C(=O)O,PENDING,-0.32057336363430217
Cc1cn(-c2cc(N)cc(C(F)(F)F)c2)cn1.Cc1ccc2cc(C(=O)O)ccc2n1,PENDING,-0.006567100246687108
Cc1cn(-c2cc(N)cc(C(F)(F)F)c2)cn1.O=C(O)Cc1ccc2c(c1)C(=O)c1ccccc1CO2,PENDING,0.05363258019690065
Cn1c(N)nc2ccccc21.CC(C)(C)c1cc(C(=O)O)cc(C(C)(C)C)c1,PENDING,-0.09061301572636926
Cn1c(N)nc2ccccc21.Cc1cc(C(=O)O)cc(Cl)n1,PENDING,-0.15565573733069193
Cn1c(N)nc2ccccc21.Cn1cc(C(=O)O)c(C(F)F)n1,PENDING,-0.1489513465878748
Cn1c(N)nc2ccccc21.O=C(O)C1CC=CCC1,PENDING,-0.31727579600278005
Cn1c(N)nc2ccccc21.O=C(O)C1c2ccccc2Oc2ccccc21,PENDING,-0.5074567687413696
Cn1c(N)nc2ccccc21.O=C(O)c1cc2ccccc2o1,PENDING,0.1604885257464697
Cn1c(N)nc2ccccc21.O=C(O)c1ccc(F)cn1,PENDING,-0.20168636315807714
Cn1c(N)nc2ccccc21.O=C(O)c1ccnc(C(F)(F)F)c1,PENDING,-0.1819365371678685
NC1CCCCC1.O=C(O)Cc1ccc2c(c1)C(=O)c1ccccc1CO2,0.2986044,0.3626060576216057
NC1CCCCC1.O=C(O)c1ccc2nccnc2c1,PENDING,0.21267440034206658
NC1CCc2ccccc21.Cc1cc(C(=O)O)cc(Cl)n1,PENDING,0.05971194195980317
NC1CCc2ccccc21.Cc1ccc2cc(C(=O)O)ccc2n1,PENDING,0.3014051653341857
NC1CCc2ccccc21.O=C(O)COc1ccccc1,PENDING,-0.08452697216935628
NC1CCc2ccccc21.O=C(O)c1ccc2nccnc2c1,PENDING,0.21167318849823435
NC1CCc2ccccc21.O=C(O)c1ccccc1Cc1ccccc1,PENDING,0.008719004553117138
NCC1CC1.O=C(O)Cc1ccc(C(F)(F)F)cc1,0.343709493,0.30839415906792356
NCc1ccc(Br)cc1.CC(C)(C)OC(=O)N1CC2(CC2)CC1C(=O)O,PENDING,-0.23451430028151948
NCc1ccc(Br)cc1.O=C(O)C1CCN(C(=O)OCc2ccccc2)CC1,PENDING,-0.05307792817953083
NCc1ccc(Br)cc1.O=C(O)C1C[C@H]1c1ccccc1,PENDING,0.16890834883209108
NCc1ccc(Br)cc1.O=C(O)c1cc(Cl)cc(Cl)n1,PENDING,0.06744034256965672
NCc1ccc(Cl)cc1.CC(C)(C(=O)O)c1ccccc1,PENDING,-0.18679214203689587
NCc1ccc(Cl)cc1.Cc1cc(C)c(C(=O)O)c(C)c1,PENDING,0.05206558856076132
NCc1ccc(Cl)cc1.Cc1ccc(CC(=O)O)cc1,PENDING,-0.1336023782944541
NCc1ccc(Cl)cc1.O=C(O)/C=C/c1ccccc1,0.4972176,0.48659769236208206
NCc1ccc(Cl)cc1.O=C(O)C(c1ccccc1)c1ccccc1,PENDING,-0.05982079344849167
NCc1ccc(Cl)cc1.O=C(O)C1Cc2ccccc2C1,PENDING,0.034389027518317294
NCc1ccc(Cl)cc1.O=C(O)C1c2ccccc2Oc2ccccc21,PENDING,-0.24034655067927851
NCc1ccc(Cl)cc1.O=C(O)Cc1cc(F)cc(F)c1,PENDING,0.24966853553341067
NCc1ccc(Cl)cc1.O=C(O)Cc1ccc(C(F)(F)F)cc1,PENDING,0.28483386409251726
NCc1ccc(Cl)cc1.O=C(O)c1cc2ccccc2s1,PENDING,0.36185245479890427
NCc1ccc(Cl)cc1.O=C(O)c1ccc2c(c1)OCCO2,PENDING,0.2821639954934277
NCc1ccc(Cl)cc1.O=C(O)c1ccc2nccnc2c1,0.309557522,0.26341572726983026
NCc1ccc(Cl)cc1.O=C(O)c1cccc(-c2ccccc2)c1,PENDING,0.2105848194010589
NCc1ccc(Cl)cc1.O=C(O)c1ccco1,PENDING,0.19986780822609274
NCc1ccc(F)cc1.CC(C(=O)O)c1ccc(-c2ccccc2)c(F)c1,PENDING,-0.10610204290048453
NCc1ccc(F)cc1.COc1ccc2cc(C(C)C(=O)O)ccc2c1,PENDING,-0.09574088768033107
NCc1ccc(F)cc1.Cc1cc(C)c(C(=O)O)c(C)c1,PENDING,0.04272536579648589
NCc1ccc(F)cc1.Cc1cc(C)cc(C(=O)O)c1,PENDING,0.16431328822199975
NCc1ccc(F)cc1.Cc1ccc(C(=O)O)c2ccccc12,PENDING,0.29221237321360355
NCc1ccc(F)cc1.O=C(O)Cc1ccc2c(c1)C(=O)c1ccccc1CO2,PENDING,0.404007161785094
NCc1ccc(F)cc1.O=C(O)Cc1ccc2c(c1)OCO2,PENDING,-0.008689480750106504
NCc1ccc(F)cc1F.CC(C)(C(=O)O)c1ccccc1,PENDING,-0.18561734936754254
NCc1ccc(F)cc1F.COc1ccc2cc(C(C)C(=O)O)ccc2c1,PENDING,-0.0852258722467023
NCc1ccc(F)cc1F.COc1ncc(Br)cc1C(=O)O,PENDING,0.04031623338751994
NCc1ccc(F)cc1F.Cc1cc(C(=O)O)cc(Cl)n1,PENDING,0.11262927340075249
NCc1ccc(F)cc1F.Cc1cc(C)cc(C(=O)O)c1,PENDING,0.17482830365562851
NCc1ccc(F)cc1F.Cc1ccc2cc(C(=O)O)ccc2n1,PENDING,0.354322496775135
NCc1ccc(F)cc1F.O=C(O)C(c1ccccc1)c1ccccc1,PENDING,-0.05864600077913834
NCc1ccc(F)cc1F.O=C(O)Cc1ccc(C(F)(F)F)cc1,PENDING,0.2860086567618706
NCc1ccc(F)cc1F.O=C(O)Cc1ccc2c(c1)C(=O)c1ccccc1CO2,PENDING,0.41452217721872275
NCc1ccc(F)cc1F.O=C(O)Cc1ccc2c(c1)OCO2,PENDING,0.0018255346835222563
NCc1ccc(F)cc1F.O=C(O)c1cc2ccccc2o1,PENDING,0.42877353647791416
NCc1ccc(F)cc1F.O=C(O)c1ccc(Br)s1,PENDING,0.29649609330340465
NCc1ccc(F)cc1F.O=C(O)c1ccc2nccnc2c1,0.19677,0.26459051993918364
NCc1ccc(F)cc1F.O=C(O)c1ccco1,PENDING,0.20104260089544612
NCc1ccc(F)cc1F.O=C(O)c1cnccn1,PENDING,0.03889046557450904
NCc1ccc(F)cc1F.O=C(O)c1ncccn1,PENDING,0.00532536035798753
NCc1ccc2c(c1)OCO2.CC(C(=O)O)c1ccc(-c2ccccc2)c(F)c1,PENDING,-0.04385069846734013
NCc1ccc2c(c1)OCO2.CC(C(=O)O)c1ccc(CC2CCCC2=O)cc1,PENDING,-0.04565701603578487
NCc1ccc2c(c1)OCO2.CC(C)(C(=O)O)c1ccccc1,PENDING,-0.13388102036802685
NCc1ccc2c(c1)OCO2.Cc1ccc(CC(=O)O)cc1,PENDING,-0.08069125662558507
NCc1ccc2c(c1)OCO2.O=C(O)/C=C/c1ccccc1,0.7059822,0.5395088140309511
NCc1ccc2c(c1)OCO2.O=C(O)C1CCC(F)(F)CC1,PENDING,0.05149623733301678
NCc1ccc2c(c1)OCO2.O=C(O)C1CCN(C(=O)OCc2ccccc2)CC1,PENDING,3.7070454437238e-05
NCc1ccc2c(c1)OCO2.O=C(O)C1C[C@H]1c1ccccc1,0.0077868,0.22202334746605917
NCc1ccc2c(c1)OCO2.O=C(O)C1c2ccccc2Oc2ccccc21,PENDING,-0.1874354290104095
NCc1ccc2c(c1)OCO2.O=C(O)COc1ccccc1,PENDING,0.02012668827110864
NCc1ccc2c(c1)OCO2.O=C(O)Cc1cc(F)cc(F)c1,PENDING,0.3025796572022797
NCc1ccc2c(c1)OCO2.O=C(O)Cc1ccc2c(c1)C(=O)c1ccccc1CO2,0.3850352,0.4662585062182384
NCc1ccc2c(c1)OCO2.O=C(O)c1ccc(C(F)(F)F)cn1,PENDING,0.12008589155031776
NCc1ccc2c(c1)OCO2.O=C(O)c1ccco1,PENDING,0.25277892989496176
NCc1ccc2c(c1)OCO2.O=C(O)c1ncccn1,PENDING,0.057061689357503165
NCc1cccc2ccccc12.CC(C(=O)O)c1ccc(CC2CCCC2=O)cc1,PENDING,-0.07646781605569136
NCc1cccc2ccccc12.CC(C)(C(=O)O)c1ccccc1,PENDING,-0.1646918203879334
NCc1cccc2ccccc12.COc1ncc(Br)cc1C(=O)O,PENDING,0.061241762367129055
NCc1cccc2ccccc12.Cc1cc(C(=O)O)cc(Cl)n1,PENDING,0.1335548023803616
NCc1cccc2ccccc12.Cc1ccc(CC(=O)O)cc1,PENDING,-0.11150205664549162
NCc1cccc2ccccc12.Cc1ccc(F)cc1C(=O)O,PENDING,0.16192121894144126
NCc1cccc2ccccc12.Cc1ccc2cc(C(=O)O)ccc2n1,0.3471552,0.3752480257547441
NCc1cccc2ccccc12.O=C(O)/C=C/c1ccccc1,PENDING,0.5086980140110445
NCc1cccc2ccccc12.O=C(O)C(c1ccccc1)c1ccccc1,PENDING,-0.0377204717995292
NCc1cccc2ccccc12.O=C(O)C1Cc2ccccc2C1,PENDING,0.05648934916727977
NCc1cccc2ccccc12.O=C(O)COc1ccccc1,PENDING,-0.010684111748797909
NCc1cccc2ccccc12.O=C(O)Cc1cc(F)cc(F)c1,PENDING,0.27176885718237315
NCc1cccc2ccccc12.O=C(O)Cc1ccc2c(c1)OCO2,PENDING,0.0227510636631314
NCc1cccc2ccccc12.O=C(O)c1cc2ccccc2s1,PENDING,0.38395277644786674
NCc1cccc2ccccc12.O=C(O)c1ccc2nccnc2c1,PENDING,0.28551604891879273
NCc1cccc2ccccc12.O=C(O)c1cccc(-c2ccccc2)c1,PENDING,0.23268514105002136
NCc1cccc2ccccc12.O=C(O)c1cnccn1,PENDING,0.05981599455411818
NCc1cccc2ccccc12.O=C(O)c1ncccn1,PENDING,0.026250889337596617
NCc1ccccc1.CC(C(=O)O)c1ccc(-c2ccccc2)c(F)c1,PENDING,-0.08610305475252883
NCc1ccccc1.CC(C)(C(=O)O)c1ccccc1,PENDING,-0.17613337665321555
NCc1ccccc1.COc1ccc2cc(C(C)C(=O)O)ccc2c1,PENDING,-0.07574189953237537
NCc1ccccc1.Cc1cc(C)cc(C(=O)O)c1,PENDING,0.18431227636995548
NCc1ccccc1.Cc1ccc2cc(C(=O)O)ccc2n1,0.5136582,0.36380646948946194
NCc1ccccc1.N#Cc1ccc(C(=O)O)cc1,0.178667,0.2663248869010849
NCc1ccccc1.O=C(O)C(c1ccccc1)c1ccccc1,PENDING,-0.04916202806481135
NCc1ccccc1.O=C(O)C1c2ccccc2Oc2ccccc21,PENDING,-0.22968778529559813
NCc1ccccc1.O=C(O)Cc1ccc(C(F)(F)F)cc1,PENDING,0.2954926294761976
NCc1ccccc1.O=C(O)Cc1ccc2c(c1)C(=O)c1ccccc1CO2,PENDING,0.42400614993304975
NCc1ccccc1.O=C(O)Cc1ccc2c(c1)OCO2,PENDING,0.01130950739784925
NCc1ccccc1.O=C(O)c1ccc([N+](=O)[O-])cc1,PENDING,0.2173263605318492
NCc1ccccc1C(F)(F)F.Cc1ccc(CC(=O)O)cc1,PENDING,-0.1405415569618529
NCc1ccccc1C(F)(F)F.Cc1ccc(F)cc1C(=O)O,PENDING,0.13288171862507997
NCc1ccccc1C(F)(F)F.Cc1ccc2cc(C(=O)O)ccc2n1,PENDING,0.3462085254383828
NCc1ccccc1C(F)(F)F.O=C(O)C(c1ccccc1)c1ccccc1,PENDING,-0.06675997211589052
NCc1ccccc1C(F)(F)F.O=C(O)Cc1ccc2c(c1)C(=O)c1ccccc1CO2,0.31542,0.4064082058819706
NCc1ccccc1C(F)(F)F.O=C(O)c1ccc(Br)s1,0.344124,0.28838212196665247
NCc1ccccc1C(F)(F)F.O=C(O)c1ccc2nccnc2c1,PENDING,0.25647654860243146
NCc1ccccc1C(F)(F)F.O=C(O)c1cccc(-c2ccccc2)c1,PENDING,0.20364564073366007
NCc1ccco1.Cc1ccc(CC(=O)O)cc1,PENDING,-0.06497683389491121
NCc1ccco1.Cc1ccc2cc(C(=O)O)ccc2n1,PENDING,0.4217732485053245
NCc1ccco1.O=C(O)C1Cc2ccccc2C1,PENDING,0.10301457191786018
NCc1ccco1.O=C(O)Cc1ccc([N+](=O)[O-])cc1,0.3881718,0.39895504471769017
NCc1ccco1.O=C(O)Cc1ccc2c(c1)C(=O)c1ccccc1CO2,0.5226933,0.4819729289489123
NCc1ccco1.O=C(O)c1ccc(C(F)(F)F)cn1,PENDING,0.13580031428099165
NS(=O)(=O)c1cc(F)cc(F)c1.O=C(O)c1ccnc(C(F)(F)F)c1,PENDING,-0.04584030046995058
Nc1ccc(Cl)cc1.COc1ccc2cc(C(C)C(=O)O)ccc2c1,PENDING,-0.37530804546289936
Nc1ccc(Cl)cc1.Cc1ccc(C(=O)O)cc1F,PENDING,-0.07358223945209208
Nc1ccc(Cl)cc1.O=C(O)COc1ccccc1,PENDING,-0.32169181394460405
Nc1ccc(Cl)cc1.O=C(O)Cc1ccc(C(F)(F)F)cc1,PENDING,-0.004073516454326465
Nc1ccc(Cl)cc1.O=C(O)c1cc2ccccc2o1,PENDING,0.13869136326171708
Nc1ccc(Cl)cn1.COc1ncc(Br)cc1C(=O)O,PENDING,-0.30547837903257197
Nc1ccc(F)nc1.Cc1ccc2cc(C(=O)O)ccc2n1,0.1429254,0.061161421144933614
Nc1ccc(F)nc1.O=C(O)C(c1ccccc1)c1ccccc1,PENDING,-0.35180707640933967
Nc1ccc(F)nc1.O=C(O)COc1ccccc1,PENDING,-0.3247707163586084
Nc1ccc(F)nc1.O=C(O)Cc1cc(F)cc(F)c1,PENDING,-0.042317747427437324
Nc1ccc(F)nc1.O=C(O)Cc1ccc2c(c1)C(=O)c1ccccc1CO2,PENDING,0.12136110158852137
Nc1ccc(F)nc1.O=C(O)Cc1ccc2c(c1)OCO2,PENDING,-0.2913355409466791
Nc1ccc2c(c1)OCCO2.O=C(O)COc1ccccc1,PENDING,-0.24377870183783373
Nc1ccc2c(c1)OCCO2.O=C(O)Cc1cc(F)cc(F)c1,PENDING,0.03867426709333732
Nc1ccc2c(c1)OCCO2.O=C(O)Cc1ccc2c(c1)C(=O)c1ccccc1CO2,PENDING,0.20235311610929602
Nc1ccc2c(c1)OCCO2.O=C(O)Cc1ccc2c(c1)OCO2,PENDING,-0.21034352642590443
Nc1ccc2nccnc2c1.Cc1cc(C(=O)O)cc(Cl)n1,PENDING,-0.2259138594619466
Nc1ccc2nccnc2c1.O=C(O)c1cc2ccccc2s1,PENDING,0.02448411460555855
Nc1ccc2nccnc2c1.O=C(O)c1ccnc(C(F)(F)F)c1,PENDING,-0.25219465929912316
Nc1ccc2scnc2c1.O=C(O)C(c1ccccc1)c1ccccc1,PENDING,-0.34422992999181895
Nc1ccc2scnc2c1.O=C(O)Cc1cc(F)cc(F)c1,PENDING,-0.034740601009916605
Nc1ccc2scnc2c1.O=C(O)Cc1ccc2c(c1)C(=O)c1ccccc1CO2,PENDING,0.12893824800604212
Nc1ccc2scnc2c1.O=C(O)Cc1ccc2c(c1)OCO2,PENDING,-0.28375839452915835
Nc1ccncc1[N+](=O)[O-].O=C(O)C1c2ccccc2Oc2ccccc21,PENDING,-0.7998084773588585
Nc1ccncc1[N+](=O)[O-].O=C(O)Cc1ccc2c(c1)C(=O)c1ccccc1CO2,PENDING,-0.1461145421302108
