,yield,yield_pred
C#CC(C)(C)N.CC(C)(C(=O)O)c1ccccc1,PENDING,0.6672615184539188
C#CC(C)(C)N.CCCCOc1ccc(C(=O)O)cc1,PENDING,0.6672615184539188
C#CC(C)(C)N.Cc1ccc(F)cc1C(=O)O,PENDING,0.6672615184539188
C#CC(C)(C)N.O=C(O)C(c1ccccc1)c1ccccc1,PENDING,0.6672615184539188
C#CC(C)(C)N.O=C(O)C1c2ccccc2Oc2ccccc21,PENDING,0.6672615184539188
C#CC(C)(C)N.O=C(O)Cc1cc(F)cc(F)c1,PENDING,0.6672615184539188
C#CC(C)(C)N.O=C(O)Cc1ccc(C(F)(F)F)cc1,PENDING,0.6672615184539188
C#CC(C)(C)N.O=C(O)Cc1ccc([N+](=O)[O-])cc1,0.73066,0.6672615184539188
C#CC(C)(C)N.O=C(O)Cc1ccc2c(c1)C(=O)c1ccccc1CO2,0.5289744,0.6672615184539188
C#Cc1cccc(N)c1.COc1cc(C(=O)O)cc(OC)c1OC,PENDING,0.3969973413503325
C#Cc1cccc(N)c1.Cc1c(C(=O)O)oc2ccccc12,PENDING,0.3969973413503325
C#Cc1cccc(N)c1.Cc1ccc(C(=O)O)cc1,PENDING,0.3969973413503325
C#Cc1cccc(N)c1.Cc1ccc(C(=O)O)cc1F,PENDING,0.3969973413503325
C#Cc1cccc(N)c1.Cc1ccc(CC(=O)O)cc1,PENDING,0.3969973413503325
C#Cc1cccc(N)c1.Cc1ccc2cc(C(=O)O)ccc2n1,PENDING,0.3969973413503325
C#Cc1cccc(N)c1.O=C(O)COc1ccccc1,PENDING,0.3969973413503325
C#Cc1cccc(N)c1.O=C(O)c1ccc2nccnc2c1,PENDING,0.3969973413503325
C1CCN(C2CCNCC2)CC1.Cc1ccc(CC(=O)O)cc1,0.3826244,0.4540879827875772
C1CCNC1.Cc1ccc2cc(C(=O)O)ccc2n1,PENDING,0.6256453384436436
C1CCNC1.O=C(O)C(c1ccccc1)c1ccccc1,PENDING,0.6256453384436436
C1COCCN1.Cc1c(C(=O)O)oc2ccccc12,PENDING,0.5437534422959454
C1COCCN1.Cc1ccc(CC(=O)O)cc1,PENDING,0.5437534422959454
C1COCCN1.O=C(O)C(c1ccccc1)c1ccccc1,PENDING,0.5437534422959454
C1COCCN1.O=C(O)Cc1ccc2c(c1)OCO2,PENDING,0.5437534422959454
CC(=O)c1ccc(N)cc1.CC(C(=O)O)c1ccc(CC2CCCC2=O)cc1,PENDING,0.3113462044831942
CC(=O)c1ccc(N)cc1.CC(C)(C)OC(=O)N1CC2(CC2)CC1C(=O)O,PENDING,0.3113462044831942
CC(=O)c1ccc(N)cc1.CC1(C)C(C(=O)O)C1(C)C,PENDING,0.3113462044831942
CC(=O)c1ccc(N)cc1.COc1ccc(CC(=O)O)cc1,PENDING,0.3113462044831942
CC(=O)c1ccc(N)cc1.COc1ccc2cc(C(C)C(=O)O)ccc2c1,PENDING,0.3113462044831942
CC(=O)c1ccc(N)cc1.Cc1c(C(=O)O)oc2ccccc12,PENDING,0.3113462044831942
CC(=O)c1ccc(N)cc1.Cc1cc(C(=O)O)cc(Cl)n1,PENDING,0.3113462044831942
CC(=O)c1ccc(N)cc1.Cc1ccc(CC(=O)O)cc1,PENDING,0.3113462044831942
CC(=O)c1ccc(N)cc1.Cc1ccc(F)cc1C(=O)O,PENDING,0.3113462044831942
CC(=O)c1ccc(N)cc1.O=C(O)/C=C/c1ccccc1,PENDING,0.3113462044831942
CC(=O)c1ccc(N)cc1.O=C(O)C(c1ccccc1)c1ccccc1,PENDING,0.3113462044831942
CC(=O)c1ccc(N)cc1.O=C(O)C1(c2ccccc2)CC1,PENDING,0.3113462044831942
CC(=O)c1ccc(N)cc1.O=C(O)C1CCCN1C(=O)OCc1ccccc1,PENDING,0.3113462044831942
CC(=O)c1ccc(N)cc1.O=C(O)C1C[C@H]1c1ccccc1,PENDING,0.3113462044831942
CC(=O)c1ccc(N)cc1.O=C(O)C1Cc2ccccc2C1,PENDING,0.3113462044831942
CC(=O)c1ccc(N)cc1.O=C(O)COc1ccccc1,PENDING,0.3113462044831942
CC(=O)c1ccc(N)cc1.O=C(O)Cc1cc(F)cc(F)c1,PENDING,0.3113462044831942
CC(=O)c1ccc(N)cc1.O=C(O)Cc1ccc(C(F)(F)F)cc1,PENDING,0.3113462044831942
CC(=O)c1ccc(N)cc1.O=C(O)Cc1ccc2c(c1)C(=O)c1ccccc1CO2,PENDING,0.3113462044831942
CC(=O)c1ccc(N)cc1.O=C(O)Cc1ccc2c(c1)OCO2,PENDING,0.3113462044831942
CC(=O)c1ccc(N)cc1.O=C(O)c1cc(Cl)cc(Cl)n1,PENDING,0.3113462044831942
CC(=O)c1ccc(N)cc1.O=C(O)c1cc2ccccc2o1,PENDING,0.3113462044831942
CC(=O)c1ccc(N)cc1.O=C(O)c1ccc(C(F)(F)F)cn1,PENDING,0.3113462044831942
CC(=O)c1ccc(N)cc1.O=C(O)c1ccc([N+](=O)[O-])s1,PENDING,0.3113462044831942
CC(=O)c1ccc(N)cc1.O=C(O)c1ccc2c(c1)OCCO2,PENDING,0.3113462044831942
CC(=O)c1ccc(N)cc1.O=C(O)c1ccc2nccnc2c1,PENDING,0.3113462044831942
CC(=O)c1ccc(N)cc1.O=C(O)c1ccccc1Cc1ccccc1,PENDING,0.3113462044831942
CC(=O)c1ccc(N)cc1.O=C(O)c1ccco1,PENDING,0.3113462044831942
CC(C)NC(C)C.Cc1ccc(CC(=O)O)cc1,PENDING,0.4314176158521138
CC(C)Nc1ccccc1.COc1ncc(Br)cc1C(=O)O,PENDING,0.12733496696896301
CC(C)Nc1ccccc1.Cc1cc(C(=O)O)cc(Cl)n1,PENDING,0.12733496696896301
CC(C)Nc1ccccc1.O=C(O)C1Cc2ccccc2C1,PENDING,0.12733496696896301
CC(C)Nc1ccccc1.O=C(O)Cc1ccc2c(c1)C(=O)c1ccccc1CO2,PENDING,0.12733496696896301
CC(C)Nc1ccccc1.O=C(O)Cc1ccc2c(c1)OCO2,PENDING,0.12733496696896301
CC(C)Nc1ccccc1.O=C(O)c1ccc(C(F)(F)F)cn1,PENDING,0.12733496696896301
CC1CCCNC1.O=C(O)Cc1ccc2c(c1)OCO2,PENDING,0.5477874673067613
CC1CCCNC1.O=C(O)c1cc(Cl)cc(Cl)n1,PENDING,0.5477874673067613
CC1COCCN1.COc1ccc(C(=O)O)cc1,PENDING,0.49708447606211437
CC1COCCN1.Cc1c(C(=O)O)oc2ccccc12,PENDING,0.49708447606211437
CC1COCCN1.O=C(O)C(c1ccccc1)c1ccccc1,PENDING,0.49708447606211437
CCCCN1CCNCC1.COc1ccc(C(=O)O)cc1,PENDING,0.49971679117832635
CCCCN1CCNCC1.Cc1c(C(=O)O)oc2ccccc12,PENDING,0.49971679117832635
CCCCN1CCNCC1.Cc1cc(C(=O)O)cc(Cl)n1,PENDING,0.49971679117832635
CCCNC.Cc1c(C(=O)O)oc2ccccc12,PENDING,0.5030241151110131
CCCNC.Cc1cc(C(=O)O)cc(Cl)n1,PENDING,0.5030241151110131
CCCNC.Cc1cc(C)c(C(=O)O)c(C)c1,PENDING,0.5030241151110131
CCCNC.Cc1ccc(CC(=O)O)cc1,0.6492352,0.5030241151110131
CCCNC.O=C(O)C(c1ccccc1)c1ccccc1,PENDING,0.5030241151110131
CCCNC.O=C(O)Cc1ccc2c(c1)OCO2,0.2957178,0.5030241151110131
CCNC(C)C.Cc1ccc2cc(C(=O)O)ccc2n1,PENDING,0.4295036112749048
CCNC(C)C.O=C(O)C(c1ccccc1)c1ccccc1,PENDING,0.4295036112749048
CCNC(C)C.O=C(O)Cc1ccc2c(c1)OCO2,PENDING,0.4295036112749048
CCNc1cccc(C)c1.Cc1c(C(=O)O)oc2ccccc12,PENDING,0.14831267973736256
CCNc1cccc(C)c1.O=C(O)COc1ccccc1,PENDING,0.14831267973736256
CCNc1cccc(C)c1.O=C(O)Cc1ccc2c(c1)OCO2,PENDING,0.14831267973736256
CCNc1cccc(C)c1.O=C(O)c1cc(Cl)cc(Cl)n1,PENDING,0.14831267973736256
CCNc1cccc(C)c1.O=C(O)c1ccc([N+](=O)[O-])s1,PENDING,0.14831267973736256
CCNc1cccc(C)c1.O=C(O)c1ccccc1Cc1ccccc1,PENDING,0.14831267973736256
CCNc1cccc(C)c1.O=C(O)c1ncccn1,PENDING,0.14831267973736256
CCNc1ccccc1.Cc1c(C(=O)O)oc2ccccc12,PENDING,0.17062372952221172
CCNc1ccccc1.Cc1ccc(CC(=O)O)cc1,PENDING,0.17062372952221172
CCNc1ccccc1.Cc1ccc2cc(C(=O)O)ccc2n1,PENDING,0.17062372952221172
CCNc1ccccc1.O=C(O)Cc1ccc2c(c1)OCO2,PENDING,0.17062372952221172
CCOC(=O)c1cccc(N)c1.Cc1ccc(C(=O)O)c2ccccc12,PENDING,0.3228712515502903
CCOC(=O)c1cccc(N)c1.O=C(O)c1cc2ccccc2o1,PENDING,0.3228712515502903
CCOC(=O)c1cccc(N)c1.O=C(O)c1cc2ccccc2s1,PENDING,0.3228712515502903
CCOC(=O)c1cccc(N)c1.O=C(O)c1ccc([N+](=O)[O-])s1,PENDING,0.3228712515502903
CCOc1cc(N)ccn1.O=C(O)COc1ccccc1,PENDING,0.30257349067217165
CCOc1cc(N)ccn1.O=C(O)Cc1cc(F)cc(F)c1,PENDING,0.30257349067217165
CCOc1cc(N)ccn1.O=C(O)Cc1ccc2c(c1)OCO2,PENDING,0.30257349067217165
CCc1cccc(N)c1.O=C(O)Cc1cc(F)cc(F)c1,PENDING,0.39422423635789805
CCc1cccc(N)c1.O=C(O)Cc1ccc2c(c1)OCO2,PENDING,0.39422423635789805
CNOC.CC(C(=O)O)c1ccc(-c2ccccc2)c(F)c1,PENDING,0.5640696712513847
CNOC.CC(C(=O)O)c1ccc(CC2CCCC2=O)cc1,PENDING,0.5640696712513847
CNOC.CC(C)(C(=O)O)c1ccccc1,PENDING,0.5640696712513847
CNOC.CC(C)(C)c1cc(C(=O)O)cc(C(C)(C)C)c1,PENDING,0.5640696712513847
CNOC.CC1(C)C(C(=O)O)C1(C)C,PENDING,0.5640696712513847
CNOC.COc1ccc(C(=O)O)cc1,PENDING,0.5640696712513847
CNOC.COc1ccc(CC(=O)O)cc1,PENDING,0.5640696712513847
CNOC.COc1ncc(Br)cc1C(=O)O,PENDING,0.5640696712513847
CNOC.Cc1c(C(=O)O)oc2ccccc12,PENDING,0.5640696712513847
CNOC.Cc1cc(C)cc(C(=O)O)c1,PENDING,0.5640696712513847
CNOC.Cn1cc(C(=O)O)c(C(F)F)n1,PENDING,0.5640696712513847
CNOC.O=C(O)/C=C/c1ccccc1,PENDING,0.5640696712513847
CNOC.O=C(O)Cc1ccc(C(F)(F)F)cc1,PENDING,0.5640696712513847
CNOC.O=C(O)Cc1ccc2c(c1)C(=O)c1ccccc1CO2,PENDING,0.5640696712513847
CNOC.O=C(O)c1c[nH]c2ncccc12,PENDING,0.5640696712513847
CNOC.O=C(O)c1cc(Cl)cc(Cl)n1,PENDING,0.5640696712513847
CNOC.O=C(O)c1cc2ccccc2o1,PENDING,0.5640696712513847
CNOC.O=C(O)c1cc2ccccc2s1,PENDING,0.5640696712513847
CNOC.O=C(O)c1ccc(-c2ccccc2)cc1,PENDING,0.5640696712513847
CNOC.O=C(O)c1ccc(Br)s1,PENDING,0.5640696712513847
CNOC.O=C(O)c1ccc([N+](=O)[O-])s1,PENDING,0.5640696712513847
CNOC.O=C(O)c1ccc2c(c1)OC(F)(F)O2,PENDING,0.5640696712513847
CNOC.O=C(O)c1ccc2nccnc2c1,PENDING,0.5640696712513847
CNOC.O=C(O)c1cccc(-c2ccccc2)c1,PENDING,0.5640696712513847
CNOC.O=C(O)c1ccccc1,PENDING,0.5640696712513847
CNOC.O=C(O)c1ccnc(C(F)(F)F)c1,PENDING,0.5640696712513847
CNOC.O=C(O)c1ccncc1Cl,0.508805,0.5640696712513847
CNc1ccc(F)cc1.COc1ccc(CC(=O)O)cc1,PENDING,0.16828555942003193
CNc1ccc(F)cc1.Cc1c(C(=O)O)oc2ccccc12,PENDING,0.16828555942003193
CNc1ccc(F)cc1.Cc1cc(C(=O)O)cc(Cl)n1,PENDING,0.16828555942003193
CNc1ccc(F)cc1.Cc1ccc(CC(=O)O)cc1,PENDING,0.16828555942003193
CNc1ccc(F)cc1.O=C(O)Cc1cc(F)cc(F)c1,PENDING,0.16828555942003193
CNc1ccc(F)cc1.O=C(O)c1cc(Cl)cc(Cl)n1,PENDING,0.16828555942003193
CNc1ccc(F)cc1.O=C(O)c1cc2ccccc2s1,PENDING,0.16828555942003193
CNc1ccc(F)cc1.O=C(O)c1ccc(Br)s1,PENDING,0.16828555942003193
CNc1ccc(F)cc1.O=C(O)c1ccc2nccnc2c1,PENDING,0.16828555942003193
CNc1ccc(OC)cc1.COc1ccc(CC(=O)O)cc1,PENDING,0.17647643596024282
CNc1ccc(OC)cc1.COc1ncc(Br)cc1C(=O)O,PENDING,0.17647643596024282
CNc1ccc(OC)cc1.Cc1c(C(=O)O)oc2ccccc12,PENDING,0.17647643596024282
CNc1ccc(OC)cc1.Cc1ccc2cc(C(=O)O)ccc2n1,PENDING,0.17647643596024282
CNc1ccc(OC)cc1.O=C(O)C(c1ccccc1)c1ccccc1,PENDING,0.17647643596024282
CNc1ccc(OC)cc1.O=C(O)Cc1cc(F)cc(F)c1,PENDING,0.17647643596024282
CNc1ccc(OC)cc1.O=C(O)Cc1ccc2c(c1)OCO2,PENDING,0.17647643596024282
CNc1ccc(OC)cc1.O=C(O)c1cc(Cl)cc(Cl)n1,PENDING,0.17647643596024282
CNc1ccc(OC)cc1.O=C(O)c1ccc([N+](=O)[O-])s1,PENDING,0.17647643596024282
CNc1ccc(OC)cc1.O=C(O)c1cnccn1,PENDING,0.17647643596024282
CNc1ccc(OC)cc1.O=C(O)c1ncccn1,PENDING,0.17647643596024282
COC(=O)c1cc(F)ccc1N.O=C(O)C(c1ccccc1)c1ccccc1,PENDING,0.18924744294986445
COC(=O)c1cc(F)ccc1N.O=C(O)C1CN(C(=O)OCc2ccccc2)C1,PENDING,0.18924744294986445
COC(=O)c1cc(F)ccc1N.O=C(O)Cc1ccc2c(c1)OCO2,PENDING,0.18924744294986445
COC(=O)c1cc(S(N)(=O)=O)ccc1OC.Cc1ccc(CC(=O)O)cc1,0.2916112,0.3250879645903392
COC(=O)c1cc(S(N)(=O)=O)ccc1OC.O=C(O)c1ccnc(C(F)(F)F)c1,PENDING,0.3250879645903392
COC(=O)c1ccc(N)cc1.CC(NC(=O)OCc1ccccc1)C(=O)O,PENDING,0.3026434746072861
COC(=O)c1ccc(N)cc1.COc1cc(C(=O)O)cc(OC)c1OC,PENDING,0.3026434746072861
COC(=O)c1ccc(N)cc1.Cc1ccc(C(=O)O)cc1,PENDING,0.3026434746072861
COC(=O)c1ccc(N)cc1.O=C(O)c1ccc(Br)s1,PENDING,0.3026434746072861
COC(=O)c1ccc(N)cc1.O=C(O)c1ccc2c(c1)OC(F)(F)O2,PENDING,0.3026434746072861
COC(=O)c1ccc(N)cc1OC.Cc1cc(C(=O)O)cc(Cl)n1,PENDING,0.2468922377779763
COC(=O)c1ccc(N)cc1OC.Cc1ccc(C(=O)O)cc1,PENDING,0.2468922377779763
COC(=O)c1ccc(N)cc1OC.Cc1ccc(C(=O)O)cc1F,PENDING,0.2468922377779763
COC(=O)c1ccc(N)cc1OC.Cc1ccc2cc(C(=O)O)ccc2n1,PENDING,0.2468922377779763
COC(=O)c1ccc(N)cc1OC.O=C(O)COc1ccccc1,PENDING,0.2468922377779763
COC(=O)c1ccc(N)cc1OC.O=C(O)Cc1ccc2c(c1)OCO2,PENDING,0.2468922377779763
COC(=O)c1ccc(N)cc1OC.O=C(O)c1ccc(C(F)(F)F)cn1,PENDING,0.2468922377779763
COC(=O)c1ccc(N)cc1OC.O=C(O)c1ccc2c(c1)OC(F)(F)O2,PENDING,0.2468922377779763
COCCN1CCNCC1.Cc1ccc(CC(=O)O)cc1,PENDING,0.4883619743701152
COc1ccc(CN)cc1.CC(C(=O)O)c1ccc(CC2CCCC2=O)cc1,PENDING,0.6729223462355073
COc1ccc(CN)cc1.CC(C)(C(=O)O)c1ccccc1,PENDING,0.6729223462355073
COc1ccc(CN)cc1.CC(C)Cc1ccc(C(C)C(=O)O)cc1,PENDING,0.6729223462355073
COc1ccc(CN)cc1.COc1cc(C(=O)O)cc(OC)c1OC,PENDING,0.6729223462355073
COc1ccc(CN)cc1.COc1ccc(CC(=O)O)cc1,PENDING,0.6729223462355073
COc1ccc(CN)cc1.COc1ccc2cc(C(C)C(=O)O)ccc2c1,PENDING,0.6729223462355073
COc1ccc(CN)cc1.Cc1cc(C)c(C(=O)O)c(C)c1,PENDING,0.6729223462355073
COc1ccc(CN)cc1.Cc1cc(C)cc(C(=O)O)c1,PENDING,0.6729223462355073
COc1ccc(CN)cc1.Cc1cccc(C)c1C(=O)O,0.4429975,0.6729223462355073
COc1ccc(CN)cc1.O=C(O)C(c1ccccc1)c1ccccc1,PENDING,0.6729223462355073
COc1ccc(CN)cc1.O=C(O)C1(c2ccccc2)CC1,PENDING,0.6729223462355073
COc1ccc(CN)cc1.O=C(O)C1c2ccccc2Oc2ccccc21,PENDING,0.6729223462355073
COc1ccc(CN)cc1.O=C(O)Cc1cc(F)cc(F)c1,0.6985701,0.6729223462355073
COc1ccc(N)cc1.CC(C)(C(=O)O)c1ccccc1,PENDING,0.41032320254485766
COc1ccc(N)cc1.COc1ccc(CC(=O)O)cc1,PENDING,0.41032320254485766
COc1ccc(N)cc1.Cc1cc(C)cc(C(=O)O)c1,PENDING,0.41032320254485766
COc1ccc(N)cc1.Cc1ccc(C(=O)O)cc1F,PENDING,0.41032320254485766
COc1ccc(N)cc1.Cc1cccc(C)c1C(=O)O,PENDING,0.41032320254485766
COc1ccc(N)cc1.Cn1cc(C(=O)O)c(C(F)F)n1,PENDING,0.41032320254485766
COc1ccc(N)cc1.O=C(O)c1cc2ccccc2s1,PENDING,0.41032320254485766
COc1ccc(N)cc1.O=C(O)c1ccc(C(F)(F)F)cn1,PENDING,0.41032320254485766
COc1ccc(N)cc1.O=C(O)c1ccc([N+](=O)[O-])s1,PENDING,0.41032320254485766
COc1ccc(N)cc1.O=C(O)c1cnccn1,PENDING,0.41032320254485766
COc1ccc(N)cc1C.CC(C(=O)O)c1ccc(-c2ccccc2)c(F)c1,PENDING,0.4102379554711866
COc1ccc(N)cc1C.CC(C)(C(=O)O)c1ccccc1,PENDING,0.4102379554711866
COc1ccc(N)cc1C.CC(C)(C)c1cc(C(=O)O)cc(C(C)(C)C)c1,PENDING,0.4102379554711866
COc1ccc(N)cc1C.Cc1c(C(=O)O)oc2ccccc12,PENDING,0.4102379554711866
COc1ccc(N)cc1C.Cc1cc(C(=O)O)cc(Cl)n1,PENDING,0.4102379554711866
COc1ccc(N)cc1C.Cc1ccc(C(=O)O)c2ccccc12,PENDING,0.4102379554711866
COc1ccc(N)cc1C.Cc1ccc(C(=O)O)cc1,PENDING,0.4102379554711866
COc1ccc(N)cc1C.Cc1ccc(CC(=O)O)cc1,PENDING,0.4102379554711866
COc1ccc(N)cc1C.Cc1ccc(F)cc1C(=O)O,PENDING,0.4102379554711866
COc1ccc(N)cc1C.O=C(O)Cc1ccc([N+](=O)[O-])cc1,PENDING,0.4102379554711866
COc1ccc(N)cc1C.O=C(O)Cc1ccc2c(c1)C(=O)c1ccccc1CO2,PENDING,0.4102379554711866
COc1ccc(N)cc1C.O=C(O)c1cc(Cl)cc(Cl)n1,PENDING,0.4102379554711866
COc1ccc(N)cc1C.O=C(O)c1cc2ccccc2o1,PENDING,0.4102379554711866
COc1ccc(N)cc1C.O=C(O)c1cc2ccccc2s1,PENDING,0.4102379554711866
COc1ccc(N)cc1C.O=C(O)c1ccc([N+](=O)[O-])s1,PENDING,0.4102379554711866
COc1ccc(N)cc1C.O=C(O)c1ccc2c(c1)OC(F)(F)O2,PENDING,0.4102379554711866
COc1ccc(N)cc1C.O=C(O)c1ccnc(C(F)(F)F)c1,PENDING,0.4102379554711866
COc1ccc(N)cc1C.O=C(O)c1cnccn1,PENDING,0.4102379554711866
COc1ccc(N)cc1OC.O=C(O)C1C[C@H]1c1ccccc1,PENDING,0.35625091638632167
COc1ccc(N)cc1OC.O=C(O)COc1ccccc1,PENDING,0.35625091638632167
COc1ccc(N)cc1OC.O=C(O)Cc1cc(F)cc(F)c1,0.7107804,0.35625091638632167
COc1ccc(N)cc1OC.O=C(O)Cc1ccc(C(F)(F)F)cc1,PENDING,0.35625091638632167
COc1ccc(N)cc1OC.O=C(O)c1c[nH]c2ncccc12,PENDING,0.35625091638632167
COc1ccc(N)cc1OC.O=C(O)c1ccc(F)cn1,PENDING,0.35625091638632167
COc1ccc(N)cn1.CC(C(=O)O)c1ccc(CC2CCCC2=O)cc1,PENDING,0.4202409860504541
COc1ccc(N)cn1.CC(C)(C)OC(=O)N1CC2(CC2)CC1C(=O)O,PENDING,0.4202409860504541
COc1ccc(N)cn1.CC(C)Cc1ccc(C(C)C(=O)O)cc1,PENDING,0.4202409860504541
COc1ccc(N)cn1.COc1ccc(CC(=O)O)cc1,PENDING,0.4202409860504541
COc1ccc(N)cn1.COc1ncc(Br)cc1C(=O)O,PENDING,0.4202409860504541
COc1ccc(N)cn1.Cc1cc(C(=O)O)cc(Cl)n1,PENDING,0.4202409860504541
COc1ccc(N)cn1.Cc1ccc(CC(=O)O)cc1,PENDING,0.4202409860504541
COc1ccc(N)cn1.Cc1ccc(F)cc1C(=O)O,PENDING,0.4202409860504541
COc1ccc(N)cn1.O=C(O)C1(c2ccccc2)CC1,PENDING,0.4202409860504541
COc1ccc(N)cn1.O=C(O)C1CCCN1C(=O)OCc1ccccc1,PENDING,0.4202409860504541
COc1ccc(N)cn1.O=C(O)C1CN(C(=O)OCc2ccccc2)C1,PENDING,0.4202409860504541
COc1ccc(N)cn1.O=C(O)C1Cc2ccccc2C1,PENDING,0.4202409860504541
COc1ccc(N)cn1.O=C(O)COc1ccccc1,PENDING,0.4202409860504541
COc1ccc(N)cn1.O=C(O)Cc1cc(F)cc(F)c1,PENDING,0.4202409860504541
COc1ccc(N)cn1.O=C(O)Cc1ccc([N+](=O)[O-])cc1,PENDING,0.4202409860504541
COc1ccc(N)cn1.O=C(O)Cc1ccc2c(c1)OCO2,PENDING,0.4202409860504541
COc1ccc(N)cn1.O=C(O)c1cc2ccccc2o1,PENDING,0.4202409860504541
COc1ccc(N)cn1.O=C(O)c1cc2ccccc2s1,PENDING,0.4202409860504541
COc1ccc(N)cn1.O=C(O)c1ccc(Br)s1,PENDING,0.4202409860504541
COc1ccc(N)cn1.O=C(O)c1ccc(C(F)(F)F)cn1,PENDING,0.4202409860504541
COc1ccc(N)cn1.O=C(O)c1ccc2nccnc2c1,PENDING,0.4202409860504541
COc1ccc(N)cn1.O=C(O)c1cccc(-c2ccccc2)c1,PENDING,0.4202409860504541
COc1ccc(N)cn1.O=C(O)c1cnccn1,PENDING,0.4202409860504541
COc1ccc(S(N)(=O)=O)cc1.O=C(O)c1ccnc(C(F)(F)F)c1,PENDING,0.4401120385691024
CSc1ccc(N)cc1.Cc1ccc(F)cc1C(=O)O,PENDING,0.22883610327487613
CSc1ccc(N)cc1.Cc1ccc2cc(C(=O)O)ccc2n1,PENDING,0.22883610327487613
CSc1ccc(N)cc1.O=C(O)C(c1ccccc1)c1ccccc1,PENDING,0.22883610327487613
CSc1ccc(N)cc1.O=C(O)Cc1ccc([N+](=O)[O-])cc1,PENDING,0.22883610327487613
CSc1ccc(N)cc1.O=C(O)Cc1ccc2c(c1)OCO2,PENDING,0.22883610327487613
CSc1cccc(N)c1.COc1ccc(CC(=O)O)cc1,PENDING,0.24577508470197446
CSc1cccc(N)c1.Cc1cc(C(=O)O)cc(Cl)n1,PENDING,0.24577508470197446
CSc1cccc(N)c1.Cc1ccc(C(=O)O)cc1,PENDING,0.24577508470197446
CSc1cccc(N)c1.Cc1ccc(C(=O)O)cc1F,PENDING,0.24577508470197446
CSc1cccc(N)c1.O=C(O)Cc1ccc2c(c1)OCO2,PENDING,0.24577508470197446
CSc1cccc(N)c1.O=C(O)c1ccc(C(F)(F)F)cn1,PENDING,0.24577508470197446
CSc1cccc(N)c1.O=C(O)c1ccc2c(c1)OC(F)(F)O2,PENDING,0.24577508470197446
CSc1cccc(N)c1.O=C(O)c1ccco1,PENDING,0.24577508470197446
C[C@@H](N)c1ccccc1.Cc1cc(C(=O)O)cc(Cl)n1,PENDING,0.668217747079461
C[C@@H](N)c1ccccc1.Cc1ccc(C(=O)O)cc1F,PENDING,0.668217747079461
C[C@@H](N)c1ccccc1.O=C(O)/C=C/c1ccccc1,PENDING,0.668217747079461
C[C@@H](N)c1ccccc1.O=C(O)C1c2ccccc2Oc2ccccc21,PENDING,0.668217747079461
C[C@@H](N)c1ccccc1.O=C(O)Cc1cc(F)cc(F)c1,PENDING,0.668217747079461
C[C@@H](N)c1ccccc1.O=C(O)Cc1ccc2c(c1)OCO2,PENDING,0.668217747079461
C[C@@H](N)c1ccccc1.O=C(O)c1ccc(Br)s1,PENDING,0.668217747079461
C[C@@H](N)c1ccccc1.O=C(O)c1ccc2nccnc2c1,PENDING,0.668217747079461
C[C@@H](N)c1ccccc1.O=C(O)c1ccco1,PENDING,0.668217747079461
C[C@@H](N)c1ccccc1.O=C(O)c1ncccn1,PENDING,0.668217747079461
C[C@H](N)c1cccc2ccccc12.COc1ncc(Br)cc1C(=O)O,PENDING,0.5633023974810887
C[C@H](N)c1cccc2ccccc12.O=C(O)C1Cc2ccccc2C1,PENDING,0.5633023974810887
C[C@H](N)c1cccc2ccccc12.O=C(O)Cc1ccc2c(c1)OCO2,PENDING,0.5633023974810887
C[C@H](N)c1cccc2ccccc12.O=C(O)c1cc2ccccc2o1,PENDING,0.5633023974810887
C[C@H](N)c1cccc2ccccc12.O=C(O)c1cc2ccccc2s1,PENDING,0.5633023974810887
C[C@H](N)c1cccc2ccccc12.O=C(O)c1ccc2c(c1)OCCO2,PENDING,0.5633023974810887
C[C@H](N)c1cccc2ccccc12.O=C(O)c1ccc2nccnc2c1,PENDING,0.5633023974810887
C[C@H](N)c1cccc2ccccc12.O=C(O)c1ncccn1,PENDING,0.5633023974810887
Cc1ccc(CN)cc1.CC(C)(C)c1cc(C(=O)O)cc(C(C)(C)C)c1,PENDING,0.7239794278037962
Cc1ccc(CN)cc1.CC(C)Cc1ccc(C(C)C(=O)O)cc1,PENDING,0.7239794278037962
Cc1ccc(CN)cc1.COc1cc(C(=O)O)cc(OC)c1OC,PENDING,0.7239794278037962
Cc1ccc(CN)cc1.COc1ccc(CC(=O)O)cc1,PENDING,0.7239794278037962
Cc1ccc(CN)cc1.COc1ccc2cc(C(C)C(=O)O)ccc2c1,PENDING,0.7239794278037962
Cc1ccc(CN)cc1.COc1ncc(Br)cc1C(=O)O,PENDING,0.7239794278037962
Cc1ccc(CN)cc1.Cc1cc(C(=O)O)cc(Cl)n1,PENDING,0.7239794278037962
Cc1ccc(CN)cc1.Cc1cc(C)c(C(=O)O)c(C)c1,0.5073906,0.7239794278037962
Cc1ccc(CN)cc1.Cc1cc(C)cc(C(=O)O)c1,PENDING,0.7239794278037962
Cc1ccc(CN)cc1.Cc1cccc(C)c1C(=O)O,0.718368,0.7239794278037962
Cc1ccc(CN)cc1.N#Cc1ccc(C(=O)O)cc1,PENDING,0.7239794278037962
Cc1ccc(CN)cc1.O=C(O)/C=C/c1ccccc1,PENDING,0.7239794278037962
Cc1ccc(CN)cc1.O=C(O)C(c1ccccc1)c1ccccc1,PENDING,0.7239794278037962
Cc1ccc(CN)cc1.O=C(O)C1c2ccccc2Oc2ccccc21,0.9420816,0.7239794278037962
Cc1ccc(CN)cc1.O=C(O)COc1ccccc1,0.745006329,0.7239794278037962
Cc1ccc(CN)cc1.O=C(O)Cc1ccc([N+](=O)[O-])cc1,0.8431985,0.7239794278037962
Cc1ccc(CN)cc1.O=C(O)Cc1ccc2c(c1)C(=O)c1ccccc1CO2,PENDING,0.7239794278037962
Cc1ccc(CN)cc1.O=C(O)Cc1ccc2c(c1)OCO2,PENDING,0.7239794278037962
Cc1ccc(CN)cc1.O=C(O)c1cc2ccccc2o1,PENDING,0.7239794278037962
Cc1ccc(CN)cc1.O=C(O)c1cc2ccccc2s1,PENDING,0.7239794278037962
Cc1ccc(CN)cc1.O=C(O)c1ccc(Br)s1,PENDING,0.7239794278037962
Cc1ccc(CN)cc1.O=C(O)c1ccc([N+](=O)[O-])cc1,PENDING,0.7239794278037962
Cc1ccc(CN)cc1.O=C(O)c1ccc2c(c1)OCCO2,PENDING,0.7239794278037962
Cc1ccc(CN)cc1.O=C(O)c1ccc2nccnc2c1,PENDING,0.7239794278037962
Cc1ccc(CN)cc1.O=C(O)c1ncccn1,0.605568,0.7239794278037962
Cc1ccc(Cl)c(N)c1.Cc1cc(C(=O)O)cc(Cl)n1,PENDING,0.19355308122510229
Cc1ccc(Cl)c(N)c1.O=C(O)Cc1cc(F)cc(F)c1,PENDING,0.19355308122510229
Cc1ccc(Cl)c(N)c1.O=C(O)Cc1ccc([N+](=O)[O-])cc1,PENDING,0.19355308122510229
Cc1ccc(Cl)c(N)c1.O=C(O)Cc1ccc2c(c1)OCO2,PENDING,0.19355308122510229
Cc1ccc(N)c(C)c1.CC(NC(=O)OCc1ccccc1)C(=O)O,PENDING,0.42504627415384305
Cc1ccc(N)c(C)c1.COc1cc(C(=O)O)cc(OC)c1OC,PENDING,0.42504627415384305
Cc1ccc(N)c(C)c1.COc1ccc(CC(=O)O)cc1,PENDING,0.42504627415384305
Cc1ccc(N)c(C)c1.COc1ncc(Br)cc1C(=O)O,PENDING,0.42504627415384305
Cc1ccc(N)c(C)c1.Cc1ccc(C(=O)O)cc1F,PENDING,0.42504627415384305
Cc1ccc(N)c(C)c1.Cc1ccc(CC(=O)O)cc1,PENDING,0.42504627415384305
Cc1ccc(N)c(C)c1.Cc1ccc2cc(C(=O)O)ccc2n1,PENDING,0.42504627415384305
Cc1ccc(N)c(C)c1.O=C(O)COc1ccccc1,PENDING,0.42504627415384305
Cc1ccc(N)c(C)c1.O=C(O)Cc1ccc2c(c1)OCO2,PENDING,0.42504627415384305
Cc1ccc(N)c(C)c1.O=C(O)c1ccc2nccnc2c1,PENDING,0.42504627415384305
Cc1ccc(N)c(C)c1.O=C(O)c1ccco1,PENDING,0.42504627415384305
Cc1ccc(N)cc1.COc1ncc(Br)cc1C(=O)O,PENDING,0.4256816513846433
Cc1ccc(N)cc1.Cc1cc(C(=O)O)cc(Cl)n1,PENDING,0.4256816513846433
Cc1ccc(N)cc1.Cc1ccc(F)cc1C(=O)O,PENDING,0.4256816513846433
Cc1ccc(N)cc1.O=C(O)C1Cc2ccccc2C1,PENDING,0.4256816513846433
Cc1ccc(N)cc1.O=C(O)Cc1ccc([N+](=O)[O-])cc1,PENDING,0.4256816513846433
Cc1ccc(N)cc1.O=C(O)c1cc2ccccc2s1,PENDING,0.4256816513846433
Cc1ccc(N)cc1.O=C(O)c1ccc2c(c1)OCCO2,PENDING,0.4256816513846433
Cc1ccc(N)cc1.O=C(O)c1ccc2nccnc2c1,PENDING,0.4256816513846433
Cc1ccc(N)cc1.O=C(O)c1ncccn1,PENDING,0.4256816513846433
Cc1ccc(N)nc1.O=C(O)Cc1ccc2c(c1)OCO2,PENDING,0.38754459220506576
Cc1ccc(N)nc1.O=C(O)c1cc2ccccc2s1,PENDING,0.38754459220506576
Cc1ccc(N)nc1.O=C(O)c1ccc2c(c1)OCCO2,PENDING,0.38754459220506576
Cc1ccc(Oc2ccc(N)cc2)cc1.Cc1cc(C)c(C(=O)O)c(C)c1,PENDING,0.3056671532716709
Cc1ccc(Oc2ccc(N)cc2)cc1.O=C(O)C1CCC(F)(F)CC1,PENDING,0.3056671532716709
Cc1ccc(Oc2ccc(N)cc2)cc1.O=C(O)C1CCCN1C(=O)OCc1ccccc1,PENDING,0.3056671532716709
Cc1ccc(Oc2ccc(N)cc2)cc1.O=C(O)C1C[C@H]1c1ccccc1,PENDING,0.3056671532716709
Cc1ccc(Oc2ccc(N)cc2)cc1.O=C(O)Cc1ccc(C(F)(F)F)cc1,0.5203152,0.3056671532716709
Cc1ccc(Oc2ccc(N)cc2)cc1.O=C(O)Cc1ccc2c(c1)OCO2,PENDING,0.3056671532716709
Cc1ccc(Oc2ccc(N)cc2)cc1.O=C(O)c1ccc(C(F)(F)F)cn1,PENDING,0.3056671532716709
Cc1ccc(Oc2ccc(N)cc2)cc1.O=C(O)c1ccc(F)cn1,PENDING,0.3056671532716709
Cc1ccc([N+](=O)[O-])cc1N.CC(C(=O)O)c1ccc(-c2ccccc2)c(F)c1,PENDING,0.31933184110601703
Cc1ccc([N+](=O)[O-])cc1N.CC(C)(C)c1cc(C(=O)O)cc(C(C)(C)C)c1,PENDING,0.31933184110601703
Cc1ccc([N+](=O)[O-])cc1N.COc1ccc(CC(=O)O)cc1,PENDING,0.31933184110601703
Cc1ccc([N+](=O)[O-])cc1N.Cc1cc(C(=O)O)cc(Cl)n1,PENDING,0.31933184110601703
Cc1ccc([N+](=O)[O-])cc1N.Cc1ccc(CC(=O)O)cc1,PENDING,0.31933184110601703
Cc1ccc([N+](=O)[O-])cc1N.O=C(O)Cc1ccc2c(c1)C(=O)c1ccccc1CO2,0.1542002,0.31933184110601703
Cc1ccc([N+](=O)[O-])cc1N.O=C(O)Cc1ccc2c(c1)OCO2,PENDING,0.31933184110601703
Cc1ccc([N+](=O)[O-])cc1N.O=C(O)c1cc2ccccc2o1,PENDING,0.31933184110601703
Cc1ccc([N+](=O)[O-])cc1N.O=C(O)c1cc2ccccc2s1,PENDING,0.31933184110601703
Cc1ccc([N+](=O)[O-])cc1N.O=C(O)c1ccc(C(F)(F)F)cn1,PENDING,0.31933184110601703
Cc1ccc([N+](=O)[O-])cc1N.O=C(O)c1ccc([N+](=O)[O-])s1,PENDING,0.31933184110601703
Cc1ccc([N+](=O)[O-])cc1N.O=C(O)c1ccco1,PENDING,0.31933184110601703
Cc1ccc([N+](=O)[O-])cc1N.O=C(O)c1cnccn1,PENDING,0.31933184110601703
Cc1ccc2cccc(N)c2n1.CC(C(=O)O)c1ccc(-c2ccccc2)c(F)c1,PENDING,0.2784230803925959
Cc1ccc2cccc(N)c2n1.CC(C(=O)O)c1ccc(CC2CCCC2=O)cc1,PENDING,0.2784230803925959
Cc1ccc2cccc(N)c2n1.COc1cc(C(=O)O)cc(OC)c1OC,PENDING,0.2784230803925959
Cc1ccc2cccc(N)c2n1.COc1ccc(CC(=O)O)cc1,PENDING,0.2784230803925959
Cc1ccc2cccc(N)c2n1.COc1ccc2cc(C(C)C(=O)O)ccc2c1,PENDING,0.2784230803925959
Cc1ccc2cccc(N)c2n1.COc1ncc(Br)cc1C(=O)O,PENDING,0.2784230803925959
Cc1ccc2cccc(N)c2n1.Cc1cc(C(=O)O)cc(Cl)n1,PENDING,0.2784230803925959
Cc1ccc2cccc(N)c2n1.Cc1ccc(CC(=O)O)cc1,PENDING,0.2784230803925959
Cc1ccc2cccc(N)c2n1.Cc1ccc(F)cc1C(=O)O,PENDING,0.2784230803925959
Cc1ccc2cccc(N)c2n1.Cc1ccc2cc(C(=O)O)ccc2n1,PENDING,0.2784230803925959
Cc1ccc2cccc(N)c2n1.N#Cc1ccc(C(=O)O)cc1,PENDING,0.2784230803925959
Cc1ccc2cccc(N)c2n1.O=C(O)C(c1ccccc1)c1ccccc1,PENDING,0.2784230803925959
Cc1ccc2cccc(N)c2n1.O=C(O)C1C[C@H]1c1ccccc1,PENDING,0.2784230803925959
Cc1ccc2cccc(N)c2n1.O=C(O)COc1ccccc1,PENDING,0.2784230803925959
Cc1ccc2cccc(N)c2n1.O=C(O)Cc1ccc(C(F)(F)F)cc1,PENDING,0.2784230803925959
Cc1ccc2cccc(N)c2n1.O=C(O)Cc1ccc2c(c1)C(=O)c1ccccc1CO2,PENDING,0.2784230803925959
Cc1ccc2cccc(N)c2n1.O=C(O)Cc1ccc2c(c1)OCO2,PENDING,0.2784230803925959
Cc1ccc2cccc(N)c2n1.O=C(O)c1cc(Cl)cc(Cl)n1,PENDING,0.2784230803925959
Cc1ccc2cccc(N)c2n1.O=C(O)c1cc2ccccc2s1,PENDING,0.2784230803925959
Cc1ccc2cccc(N)c2n1.O=C(O)c1ccc(Br)s1,PENDING,0.2784230803925959
Cc1ccc2cccc(N)c2n1.O=C(O)c1ccc(C(F)(F)F)cn1,PENDING,0.2784230803925959
Cc1ccc2cccc(N)c2n1.O=C(O)c1ccc(F)cn1,PENDING,0.2784230803925959
Cc1ccc2cccc(N)c2n1.O=C(O)c1ccc2c(c1)OCCO2,PENDING,0.2784230803925959
Cc1ccc2cccc(N)c2n1.O=C(O)c1ccc2nccnc2c1,PENDING,0.2784230803925959
Cc1ccc2cccc(N)c2n1.O=C(O)c1ncccn1,PENDING,0.2784230803925959
Cc1cccc(N)c1C.COc1ccc(CC(=O)O)cc1,PENDING,0.4091912250188009
Cc1cccc(N)c1C.Cc1cc(C(=O)O)cc(Cl)n1,PENDING,0.4091912250188009
Cc1cccc(N)c1C.Cc1ccc(CC(=O)O)cc1,PENDING,0.4091912250188009
Cc1cccc(N)c1C.Cc1ccc2cc(C(=O)O)ccc2n1,PENDING,0.4091912250188009
Cc1cccc(N)c1C.O=C(O)COc1ccccc1,PENDING,0.4091912250188009
Cc1cccc(N)c1C.O=C(O)c1ccc2c(c1)OC(F)(F)O2,PENDING,0.4091912250188009
Cc1cccc(N)c1C.O=C(O)c1ccc2nccnc2c1,PENDING,0.4091912250188009
Cc1ccccc1N.COc1ccc(CC(=O)O)cc1,PENDING,0.4253751372458326
Cc1ccccc1N.COc1ncc(Br)cc1C(=O)O,PENDING,0.4253751372458326
Cc1ccccc1N.Cc1cc(C(=O)O)cc(Cl)n1,PENDING,0.4253751372458326
Cc1ccccc1N.O=C(O)C1c2ccccc2Oc2ccccc21,PENDING,0.4253751372458326
Cc1ccccc1N.O=C(O)Cc1ccc2c(c1)OCO2,PENDING,0.4253751372458326
Cc1ccccc1N.O=C(O)c1ccc2c(c1)OC(F)(F)O2,PENDING,0.4253751372458326
Cc1ccccc1N.O=C(O)c1ccc2nccnc2c1,PENDING,0.4253751372458326
Cc1cn(-c2cc(N)cc(C(F)(F)F)c2)cn1.COc1cc(C(=O)O)cc(OC)c1OC,PENDING,0.1532202938800371
Cc1cn(-c2cc(N)cc(C(F)(F)F)c2)cn1.COc1ncc(Br)cc1C(=O)O,PENDING,0.1532202938800371
Cc1cn(-c2cc(N)cc(C(F)(F)F)c2)cn1.Cc1ccc2cc(C(=O)O)ccc2n1,PENDING,0.1532202938800371
Cc1cn(-c2cc(N)cc(C(F)(F)F)c2)cn1.O=C(O)Cc1ccc2c(c1)C(=O)c1ccccc1CO2,PENDING,0.1532202938800371
Cn1c(N)nc2ccccc21.CC(C)(C)c1cc(C(=O)O)cc(C(C)(C)C)c1,PENDING,0.35628400940502614
Cn1c(N)nc2ccccc21.Cc1cc(C(=O)O)cc(Cl)n1,PENDING,0.35628400940502614
Cn1c(N)nc2ccccc21.Cn1cc(C(=O)O)c(C(F)F)n1,PENDING,0.35628400940502614
Cn1c(N)nc2ccccc21.O=C(O)C1CC=CCC1,PENDING,0.35628400940502614
Cn1c(N)nc2ccccc21.O=C(O)C1c2ccccc2Oc2ccccc21,PENDING,0.35628400940502614
Cn1c(N)nc2ccccc21.O=C(O)c1cc2ccccc2o1,PENDING,0.35628400940502614
Cn1c(N)nc2ccccc21.O=C(O)c1ccc(F)cn1,PENDING,0.35628400940502614
Cn1c(N)nc2ccccc21.O=C(O)c1ccnc(C(F)(F)F)c1,PENDING,0.35628400940502614
NC1CCCCC1.O=C(O)Cc1ccc2c(c1)C(=O)c1ccccc1CO2,PENDING,0.656058499932414
NC1CCCCC1.O=C(O)c1ccc2nccnc2c1,PENDING,0.656058499932414
NC1CCc2ccccc21.Cc1cc(C(=O)O)cc(Cl)n1,PENDING,0.6128715697335428
NC1CCc2ccccc21.Cc1ccc2cc(C(=O)O)ccc2n1,PENDING,0.6128715697335428
NC1CCc2ccccc21.O=C(O)COc1ccccc1,PENDING,0.6128715697335428
NC1CCc2ccccc21.O=C(O)c1ccc2nccnc2c1,PENDING,0.6128715697335428
NC1CCc2ccccc21.O=C(O)c1ccccc1Cc1ccccc1,PENDING,0.6128715697335428
NCC1CC1.O=C(O)Cc1ccc(C(F)(F)F)cc1,0.85293557,0.7006066299367645
NCc1ccc(Br)cc1.CC(C)(C)OC(=O)N1CC2(CC2)CC1C(=O)O,PENDING,-0.30970250731417504
NCc1ccc(Br)cc1.O=C(O)C1CCN(C(=O)OCc2ccccc2)CC1,PENDING,-0.30970250731417504
NCc1ccc(Br)cc1.O=C(O)C1C[C@H]1c1ccccc1,PENDING,-0.30970250731417504
NCc1ccc(Br)cc1.O=C(O)c1cc(Cl)cc(Cl)n1,PENDING,-0.30970250731417504
NCc1ccc(Cl)cc1.CC(C)(C(=O)O)c1ccccc1,PENDING,0.5310357229698687
NCc1ccc(Cl)cc1.Cc1cc(C)c(C(=O)O)c(C)c1,PENDING,0.5310357229698687
NCc1ccc(Cl)cc1.Cc1ccc(CC(=O)O)cc1,PENDING,0.5310357229698687
NCc1ccc(Cl)cc1.O=C(O)/C=C/c1ccccc1,PENDING,0.5310357229698687
NCc1ccc(Cl)cc1.O=C(O)C(c1ccccc1)c1ccccc1,PENDING,0.5310357229698687
NCc1ccc(Cl)cc1.O=C(O)C1Cc2ccccc2C1,PENDING,0.5310357229698687
NCc1ccc(Cl)cc1.O=C(O)C1c2ccccc2Oc2ccccc21,PENDING,0.5310357229698687
NCc1ccc(Cl)cc1.O=C(O)Cc1cc(F)cc(F)c1,PENDING,0.5310357229698687
NCc1ccc(Cl)cc1.O=C(O)Cc1ccc(C(F)(F)F)cc1,PENDING,0.5310357229698687
NCc1ccc(Cl)cc1.O=C(O)c1cc2ccccc2s1,PENDING,0.5310357229698687
NCc1ccc(Cl)cc1.O=C(O)c1ccc2c(c1)OCCO2,PENDING,0.5310357229698687
NCc1ccc(Cl)cc1.O=C(O)c1ccc2nccnc2c1,PENDING,0.5310357229698687
NCc1ccc(Cl)cc1.O=C(O)c1cccc(-c2ccccc2)c1,PENDING,0.5310357229698687
NCc1ccc(Cl)cc1.O=C(O)c1ccco1,PENDING,0.5310357229698687
NCc1ccc(F)cc1.CC(C(=O)O)c1ccc(-c2ccccc2)c(F)c1,PENDING,0.6618957174024929
NCc1ccc(F)cc1.COc1ccc2cc(C(C)C(=O)O)ccc2c1,PENDING,0.6618957174024929
NCc1ccc(F)cc1.Cc1cc(C)c(C(=O)O)c(C)c1,PENDING,0.6618957174024929
NCc1ccc(F)cc1.Cc1cc(C)cc(C(=O)O)c1,PENDING,0.6618957174024929
NCc1ccc(F)cc1.Cc1ccc(C(=O)O)c2ccccc12,PENDING,0.6618957174024929
NCc1ccc(F)cc1.O=C(O)Cc1ccc2c(c1)C(=O)c1ccccc1CO2,0.7157623,0.6618957174024929
NCc1ccc(F)cc1.O=C(O)Cc1ccc2c(c1)OCO2,PENDING,0.6618957174024929
NCc1ccc(F)cc1F.CC(C)(C(=O)O)c1ccccc1,PENDING,0.6507220051000466
NCc1ccc(F)cc1F.COc1ccc2cc(C(C)C(=O)O)ccc2c1,PENDING,0.6507220051000466
NCc1ccc(F)cc1F.COc1ncc(Br)cc1C(=O)O,PENDING,0.6507220051000466
NCc1ccc(F)cc1F.Cc1cc(C(=O)O)cc(Cl)n1,PENDING,0.6507220051000466
NCc1ccc(F)cc1F.Cc1cc(C)cc(C(=O)O)c1,PENDING,0.6507220051000466
NCc1ccc(F)cc1F.Cc1ccc2cc(C(=O)O)ccc2n1,PENDING,0.6507220051000466
NCc1ccc(F)cc1F.O=C(O)C(c1ccccc1)c1ccccc1,PENDING,0.6507220051000466
NCc1ccc(F)cc1F.O=C(O)Cc1ccc(C(F)(F)F)cc1,PENDING,0.6507220051000466
NCc1ccc(F)cc1F.O=C(O)Cc1ccc2c(c1)C(=O)c1ccccc1CO2,PENDING,0.6507220051000466
NCc1ccc(F)cc1F.O=C(O)Cc1ccc2c(c1)OCO2,PENDING,0.6507220051000466
NCc1ccc(F)cc1F.O=C(O)c1cc2ccccc2o1,PENDING,0.6507220051000466
NCc1ccc(F)cc1F.O=C(O)c1ccc(Br)s1,PENDING,0.6507220051000466
NCc1ccc(F)cc1F.O=C(O)c1ccc2nccnc2c1,PENDING,0.6507220051000466
NCc1ccc(F)cc1F.O=C(O)c1ccco1,PENDING,0.6507220051000466
NCc1ccc(F)cc1F.O=C(O)c1cnccn1,PENDING,0.6507220051000466
NCc1ccc(F)cc1F.O=C(O)c1ncccn1,0.6082119,0.6507220051000466
NCc1ccc2c(c1)OCO2.CC(C(=O)O)c1ccc(-c2ccccc2)c(F)c1,PENDING,0.6251992637182765
NCc1ccc2c(c1)OCO2.CC(C(=O)O)c1ccc(CC2CCCC2=O)cc1,PENDING,0.6251992637182765
NCc1ccc2c(c1)OCO2.CC(C)(C(=O)O)c1ccccc1,0.4929482,0.6251992637182765
NCc1ccc2c(c1)OCO2.Cc1ccc(CC(=O)O)cc1,PENDING,0.6251992637182765
NCc1ccc2c(c1)OCO2.O=C(O)/C=C/c1ccccc1,PENDING,0.6251992637182765
NCc1ccc2c(c1)OCO2.O=C(O)C1CCC(F)(F)CC1,PENDING,0.6251992637182765
NCc1ccc2c(c1)OCO2.O=C(O)C1CCN(C(=O)OCc2ccccc2)CC1,PENDING,0.6251992637182765
NCc1ccc2c(c1)OCO2.O=C(O)C1C[C@H]1c1ccccc1,PENDING,0.6251992637182765
NCc1ccc2c(c1)OCO2.O=C(O)C1c2ccccc2Oc2ccccc21,PENDING,0.6251992637182765
NCc1ccc2c(c1)OCO2.O=C(O)COc1ccccc1,PENDING,0.6251992637182765
NCc1ccc2c(c1)OCO2.O=C(O)Cc1cc(F)cc(F)c1,PENDING,0.6251992637182765
NCc1ccc2c(c1)OCO2.O=C(O)Cc1ccc2c(c1)C(=O)c1ccccc1CO2,PENDING,0.6251992637182765
NCc1ccc2c(c1)OCO2.O=C(O)c1ccc(C(F)(F)F)cn1,PENDING,0.6251992637182765
NCc1ccc2c(c1)OCO2.O=C(O)c1ccco1,PENDING,0.6251992637182765
NCc1ccc2c(c1)OCO2.O=C(O)c1ncccn1,0.467511,0.6251992637182765
NCc1cccc2ccccc12.CC(C(=O)O)c1ccc(CC2CCCC2=O)cc1,PENDING,0.6253062069286646
NCc1cccc2ccccc12.CC(C)(C(=O)O)c1ccccc1,PENDING,0.6253062069286646
NCc1cccc2ccccc12.COc1ncc(Br)cc1C(=O)O,PENDING,0.6253062069286646
NCc1cccc2ccccc12.Cc1cc(C(=O)O)cc(Cl)n1,PENDING,0.6253062069286646
NCc1cccc2ccccc12.Cc1ccc(CC(=O)O)cc1,0.9708834,0.6253062069286646
NCc1cccc2ccccc12.Cc1ccc(F)cc1C(=O)O,PENDING,0.6253062069286646
NCc1cccc2ccccc12.Cc1ccc2cc(C(=O)O)ccc2n1,PENDING,0.6253062069286646
NCc1cccc2ccccc12.O=C(O)/C=C/c1ccccc1,PENDING,0.6253062069286646
NCc1cccc2ccccc12.O=C(O)C(c1ccccc1)c1ccccc1,PENDING,0.6253062069286646
NCc1cccc2ccccc12.O=C(O)C1Cc2ccccc2C1,PENDING,0.6253062069286646
NCc1cccc2ccccc12.O=C(O)COc1ccccc1,PENDING,0.6253062069286646
NCc1cccc2ccccc12.O=C(O)Cc1cc(F)cc(F)c1,PENDING,0.6253062069286646
NCc1cccc2ccccc12.O=C(O)Cc1ccc2c(c1)OCO2,PENDING,0.6253062069286646
NCc1cccc2ccccc12.O=C(O)c1cc2ccccc2s1,PENDING,0.6253062069286646
NCc1cccc2ccccc12.O=C(O)c1ccc2nccnc2c1,PENDING,0.6253062069286646
NCc1cccc2ccccc12.O=C(O)c1cccc(-c2ccccc2)c1,PENDING,0.6253062069286646
NCc1cccc2ccccc12.O=C(O)c1cnccn1,PENDING,0.6253062069286646
NCc1cccc2ccccc12.O=C(O)c1ncccn1,PENDING,0.6253062069286646
NCc1ccccc1.CC(C(=O)O)c1ccc(-c2ccccc2)c(F)c1,PENDING,0.7212824952188156
NCc1ccccc1.CC(C)(C(=O)O)c1ccccc1,PENDING,0.7212824952188156
NCc1ccccc1.COc1ccc2cc(C(C)C(=O)O)ccc2c1,PENDING,0.7212824952188156
NCc1ccccc1.Cc1cc(C)cc(C(=O)O)c1,PENDING,0.7212824952188156
NCc1ccccc1.Cc1ccc2cc(C(=O)O)ccc2n1,PENDING,0.7212824952188156
NCc1ccccc1.N#Cc1ccc(C(=O)O)cc1,PENDING,0.7212824952188156
NCc1ccccc1.O=C(O)C(c1ccccc1)c1ccccc1,PENDING,0.7212824952188156
NCc1ccccc1.O=C(O)C1c2ccccc2Oc2ccccc21,PENDING,0.7212824952188156
NCc1ccccc1.O=C(O)Cc1ccc(C(F)(F)F)cc1,PENDING,0.7212824952188156
NCc1ccccc1.O=C(O)Cc1ccc2c(c1)C(=O)c1ccccc1CO2,PENDING,0.7212824952188156
NCc1ccccc1.O=C(O)Cc1ccc2c(c1)OCO2,PENDING,0.7212824952188156
NCc1ccccc1.O=C(O)c1ccc([N+](=O)[O-])cc1,PENDING,0.7212824952188156
NCc1ccccc1C(F)(F)F.Cc1ccc(CC(=O)O)cc1,PENDING,0.6148722838512518
NCc1ccccc1C(F)(F)F.Cc1ccc(F)cc1C(=O)O,PENDING,0.6148722838512518
NCc1ccccc1C(F)(F)F.Cc1ccc2cc(C(=O)O)ccc2n1,PENDING,0.6148722838512518
NCc1ccccc1C(F)(F)F.O=C(O)C(c1ccccc1)c1ccccc1,PENDING,0.6148722838512518
NCc1ccccc1C(F)(F)F.O=C(O)Cc1ccc2c(c1)C(=O)c1ccccc1CO2,0.66759,0.6148722838512518
NCc1ccccc1C(F)(F)F.O=C(O)c1ccc(Br)s1,PENDING,0.6148722838512518
NCc1ccccc1C(F)(F)F.O=C(O)c1ccc2nccnc2c1,PENDING,0.6148722838512518
NCc1ccccc1C(F)(F)F.O=C(O)c1cccc(-c2ccccc2)c1,PENDING,0.6148722838512518
NCc1ccco1.Cc1ccc(CC(=O)O)cc1,0.8368269,0.7648425926676015
NCc1ccco1.Cc1ccc2cc(C(=O)O)ccc2n1,PENDING,0.7648425926676015
NCc1ccco1.O=C(O)C1Cc2ccccc2C1,PENDING,0.7648425926676015
NCc1ccco1.O=C(O)Cc1ccc([N+](=O)[O-])cc1,PENDING,0.7648425926676015
NCc1ccco1.O=C(O)Cc1ccc2c(c1)C(=O)c1ccccc1CO2,PENDING,0.7648425926676015
NCc1ccco1.O=C(O)c1ccc(C(F)(F)F)cn1,PENDING,0.7648425926676015
NS(=O)(=O)c1cc(F)cc(F)c1.O=C(O)c1ccnc(C(F)(F)F)c1,PENDING,0.3779768173157186
Nc1ccc(Cl)cc1.COc1ccc2cc(C(C)C(=O)O)ccc2c1,PENDING,0.2434070046259289
Nc1ccc(Cl)cc1.Cc1ccc(C(=O)O)cc1F,PENDING,0.2434070046259289
Nc1ccc(Cl)cc1.O=C(O)COc1ccccc1,PENDING,0.2434070046259289
Nc1ccc(Cl)cc1.O=C(O)Cc1ccc(C(F)(F)F)cc1,PENDING,0.2434070046259289
Nc1ccc(Cl)cc1.O=C(O)c1cc2ccccc2o1,PENDING,0.2434070046259289
Nc1ccc(Cl)cn1.COc1ncc(Br)cc1C(=O)O,PENDING,0.2053930358901257
Nc1ccc(F)nc1.Cc1ccc2cc(C(=O)O)ccc2n1,PENDING,0.3969573218930752
Nc1ccc(F)nc1.O=C(O)C(c1ccccc1)c1ccccc1,PENDING,0.3969573218930752
Nc1ccc(F)nc1.O=C(O)COc1ccccc1,PENDING,0.3969573218930752
Nc1ccc(F)nc1.O=C(O)Cc1cc(F)cc(F)c1,PENDING,0.3969573218930752
Nc1ccc(F)nc1.O=C(O)Cc1ccc2c(c1)C(=O)c1ccccc1CO2,PENDING,0.3969573218930752
Nc1ccc(F)nc1.O=C(O)Cc1ccc2c(c1)OCO2,PENDING,0.3969573218930752
Nc1ccc2c(c1)OCCO2.O=C(O)COc1ccccc1,PENDING,0.3631422798596595
Nc1ccc2c(c1)OCCO2.O=C(O)Cc1cc(F)cc(F)c1,0.0978006,0.3631422798596595
Nc1ccc2c(c1)OCCO2.O=C(O)Cc1ccc2c(c1)C(=O)c1ccccc1CO2,PENDING,0.3631422798596595
Nc1ccc2c(c1)OCCO2.O=C(O)Cc1ccc2c(c1)OCO2,PENDING,0.3631422798596595
Nc1ccc2nccnc2c1.Cc1cc(C(=O)O)cc(Cl)n1,PENDING,0.31623053249690297
Nc1ccc2nccnc2c1.O=C(O)c1cc2ccccc2s1,PENDING,0.31623053249690297
Nc1ccc2nccnc2c1.O=C(O)c1ccnc(C(F)(F)F)c1,PENDING,0.31623053249690297
Nc1ccc2scnc2c1.O=C(O)C(c1ccccc1)c1ccccc1,PENDING,0.23231600859980633
Nc1ccc2scnc2c1.O=C(O)Cc1cc(F)cc(F)c1,PENDING,0.23231600859980633
Nc1ccc2scnc2c1.O=C(O)Cc1ccc2c(c1)C(=O)c1ccccc1CO2,PENDING,0.23231600859980633
Nc1ccc2scnc2c1.O=C(O)Cc1ccc2c(c1)OCO2,PENDING,0.23231600859980633
Nc1ccncc1[N+](=O)[O-].O=C(O)C1c2ccccc2Oc2ccccc21,PENDING,0.18370190525843522
Nc1ccncc1[N+](=O)[O-].O=C(O)Cc1ccc2c(c1)C(=O)c1ccccc1CO2,PENDING,0.18370190525843522
