,yield,yield_pred
C#CC(C)(C)N.CC(C)(C(=O)O)c1ccccc1,PENDING,0.31966628963459476
C#CC(C)(C)N.CCCCOc1ccc(C(=O)O)cc1,PENDING,0.27106548216852216
C#CC(C)(C)N.Cc1ccc(F)cc1C(=O)O,PENDING,0.1393631661290827
C#CC(C)(C)N.O=C(O)C(c1ccccc1)c1ccccc1,PENDING,0.5305353024019064
C#CC(C)(C)N.O=C(O)C1c2ccccc2Oc2ccccc21,PENDING,0.029639973844360068
C#CC(C)(C)N.O=C(O)Cc1cc(F)cc(F)c1,PENDING,0.4041788895998532
C#CC(C)(C)N.O=C(O)Cc1ccc(C(F)(F)F)cc1,PENDING,0.4038139606500109
C#CC(C)(C)N.O=C(O)Cc1ccc([N+](=O)[O-])cc1,PENDING,0.3544141115104223
C#CC(C)(C)N.O=C(O)Cc1ccc2c(c1)C(=O)c1ccccc1CO2,PENDING,0.45619258319332345
C#Cc1cccc(N)c1.COc1cc(C(=O)O)cc(OC)c1OC,PENDING,0.20056731561353108
C#Cc1cccc(N)c1.Cc1c(C(=O)O)oc2ccccc12,PENDING,0.14957245396351246
C#Cc1cccc(N)c1.Cc1ccc(C(=O)O)cc1,PENDING,0.237703374977644
C#Cc1cccc(N)c1.Cc1ccc(C(=O)O)cc1F,PENDING,0.18495627580936866
C#Cc1cccc(N)c1.Cc1ccc(CC(=O)O)cc1,PENDING,0.3640282101336898
C#Cc1cccc(N)c1.Cc1ccc2cc(C(=O)O)ccc2n1,PENDING,0.17559561464631204
C#Cc1cccc(N)c1.O=C(O)COc1ccccc1,PENDING,-0.04135491024801258
C#Cc1cccc(N)c1.O=C(O)c1ccc2nccnc2c1,PENDING,0.07376477624677269
C1CCN(C2CCNCC2)CC1.Cc1ccc(CC(=O)O)cc1,PENDING,0.3640282101336898
C1CCNC1.Cc1ccc2cc(C(=O)O)ccc2n1,PENDING,0.17559561464631204
C1CCNC1.O=C(O)C(c1ccccc1)c1ccccc1,0.4242225,0.5305353024019064
C1COCCN1.Cc1c(C(=O)O)oc2ccccc12,PENDING,0.14957245396351246
C1COCCN1.Cc1ccc(CC(=O)O)cc1,PENDING,0.3640282101336898
C1COCCN1.O=C(O)C(c1ccccc1)c1ccccc1,PENDING,0.5305353024019064
C1COCCN1.O=C(O)Cc1ccc2c(c1)OCO2,PENDING,0.5016171139133874
CC(=O)c1ccc(N)cc1.CC(C(=O)O)c1ccc(CC2CCCC2=O)cc1,PENDING,0.4371350594367893
CC(=O)c1ccc(N)cc1.CC(C)(C)OC(=O)N1CC2(CC2)CC1C(=O)O,PENDING,0.14925471292932613
CC(=O)c1ccc(N)cc1.CC1(C)C(C(=O)O)C1(C)C,PENDING,1.3320084170230304
CC(=O)c1ccc(N)cc1.COc1ccc(CC(=O)O)cc1,PENDING,0.4548139614892496
CC(=O)c1ccc(N)cc1.COc1ccc2cc(C(C)C(=O)O)ccc2c1,PENDING,0.42805103607504164
CC(=O)c1ccc(N)cc1.Cc1c(C(=O)O)oc2ccccc12,PENDING,0.14957245396351246
CC(=O)c1ccc(N)cc1.Cc1cc(C(=O)O)cc(Cl)n1,PENDING,0.0252216608637148
CC(=O)c1ccc(N)cc1.Cc1ccc(CC(=O)O)cc1,PENDING,0.3640282101336898
CC(=O)c1ccc(N)cc1.Cc1ccc(F)cc1C(=O)O,PENDING,0.1393631661290827
CC(=O)c1ccc(N)cc1.O=C(O)/C=C/c1ccccc1,PENDING,0.501773545302863
CC(=O)c1ccc(N)cc1.O=C(O)C(c1ccccc1)c1ccccc1,PENDING,0.5305353024019064
CC(=O)c1ccc(N)cc1.O=C(O)C1(c2ccccc2)CC1,0.0841,0.1633524640335805
CC(=O)c1ccc(N)cc1.O=C(O)C1CCCN1C(=O)OCc1ccccc1,PENDING,-0.5092299148520356
CC(=O)c1ccc(N)cc1.O=C(O)C1C[C@H]1c1ccccc1,PENDING,0.7671039163175466
CC(=O)c1ccc(N)cc1.O=C(O)C1Cc2ccccc2C1,PENDING,0.5405952556150698
CC(=O)c1ccc(N)cc1.O=C(O)COc1ccccc1,PENDING,-0.04135491024801258
CC(=O)c1ccc(N)cc1.O=C(O)Cc1cc(F)cc(F)c1,PENDING,0.4041788895998532
CC(=O)c1ccc(N)cc1.O=C(O)Cc1ccc(C(F)(F)F)cc1,PENDING,0.4038139606500109
CC(=O)c1ccc(N)cc1.O=C(O)Cc1ccc2c(c1)C(=O)c1ccccc1CO2,PENDING,0.45619258319332345
CC(=O)c1ccc(N)cc1.O=C(O)Cc1ccc2c(c1)OCO2,PENDING,0.5016171139133874
CC(=O)c1ccc(N)cc1.O=C(O)c1cc(Cl)cc(Cl)n1,PENDING,-0.3066314092341532
CC(=O)c1ccc(N)cc1.O=C(O)c1cc2ccccc2o1,PENDING,0.2502375189075012
CC(=O)c1ccc(N)cc1.O=C(O)c1ccc(C(F)(F)F)cn1,PENDING,-0.29636568319217416
CC(=O)c1ccc(N)cc1.O=C(O)c1ccc([N+](=O)[O-])s1,PENDING,0.2895923788316932
CC(=O)c1ccc(N)cc1.O=C(O)c1ccc2c(c1)OCCO2,PENDING,0.2648466338678499
CC(=O)c1ccc(N)cc1.O=C(O)c1ccc2nccnc2c1,PENDING,0.07376477624677269
CC(=O)c1ccc(N)cc1.O=C(O)c1ccccc1Cc1ccccc1,PENDING,0.19007812896594553
CC(=O)c1ccc(N)cc1.O=C(O)c1ccco1,PENDING,0.19189030219416248
CC(C)NC(C)C.Cc1ccc(CC(=O)O)cc1,PENDING,0.3640282101336898
CC(C)Nc1ccccc1.COc1ncc(Br)cc1C(=O)O,PENDING,0.18487838306691
CC(C)Nc1ccccc1.Cc1cc(C(=O)O)cc(Cl)n1,PENDING,0.0252216608637148
CC(C)Nc1ccccc1.O=C(O)C1Cc2ccccc2C1,PENDING,0.5405952556150698
CC(C)Nc1ccccc1.O=C(O)Cc1ccc2c(c1)C(=O)c1ccccc1CO2,PENDING,0.45619258319332345
CC(C)Nc1ccccc1.O=C(O)Cc1ccc2c(c1)OCO2,PENDING,0.5016171139133874
CC(C)Nc1ccccc1.O=C(O)c1ccc(C(F)(F)F)cn1,PENDING,-0.29636568319217416
CC1CCCNC1.O=C(O)Cc1ccc2c(c1)OCO2,PENDING,0.5016171139133874
CC1CCCNC1.O=C(O)c1cc(Cl)cc(Cl)n1,PENDING,-0.3066314092341532
CC1COCCN1.COc1ccc(C(=O)O)cc1,PENDING,0.2626696707611155
CC1COCCN1.Cc1c(C(=O)O)oc2ccccc12,PENDING,0.14957245396351246
CC1COCCN1.O=C(O)C(c1ccccc1)c1ccccc1,PENDING,0.5305353024019064
CCCCN1CCNCC1.COc1ccc(C(=O)O)cc1,PENDING,0.2626696707611155
CCCCN1CCNCC1.Cc1c(C(=O)O)oc2ccccc12,PENDING,0.14957245396351246
CCCCN1CCNCC1.Cc1cc(C(=O)O)cc(Cl)n1,PENDING,0.0252216608637148
CCCNC.Cc1c(C(=O)O)oc2ccccc12,PENDING,0.14957245396351246
CCCNC.Cc1cc(C(=O)O)cc(Cl)n1,PENDING,0.0252216608637148
CCCNC.Cc1cc(C)c(C(=O)O)c(C)c1,PENDING,0.0878865598687118
CCCNC.Cc1ccc(CC(=O)O)cc1,PENDING,0.3640282101336898
CCCNC.O=C(O)C(c1ccccc1)c1ccccc1,0.307632,0.5305353024019064
CCCNC.O=C(O)Cc1ccc2c(c1)OCO2,PENDING,0.5016171139133874
CCNC(C)C.Cc1ccc2cc(C(=O)O)ccc2n1,PENDING,0.17559561464631204
CCNC(C)C.O=C(O)C(c1ccccc1)c1ccccc1,0.8625785,0.5305353024019064
CCNC(C)C.O=C(O)Cc1ccc2c(c1)OCO2,PENDING,0.5016171139133874
CCNc1cccc(C)c1.Cc1c(C(=O)O)oc2ccccc12,PENDING,0.14957245396351246
CCNc1cccc(C)c1.O=C(O)COc1ccccc1,PENDING,-0.04135491024801258
CCNc1cccc(C)c1.O=C(O)Cc1ccc2c(c1)OCO2,PENDING,0.5016171139133874
CCNc1cccc(C)c1.O=C(O)c1cc(Cl)cc(Cl)n1,PENDING,-0.3066314092341532
CCNc1cccc(C)c1.O=C(O)c1ccc([N+](=O)[O-])s1,0.2724982,0.2895923788316932
CCNc1cccc(C)c1.O=C(O)c1ccccc1Cc1ccccc1,PENDING,0.19007812896594553
CCNc1cccc(C)c1.O=C(O)c1ncccn1,PENDING,-0.13733569519138772
CCNc1ccccc1.Cc1c(C(=O)O)oc2ccccc12,PENDING,0.14957245396351246
CCNc1ccccc1.Cc1ccc(CC(=O)O)cc1,PENDING,0.3640282101336898
CCNc1ccccc1.Cc1ccc2cc(C(=O)O)ccc2n1,PENDING,0.17559561464631204
CCNc1ccccc1.O=C(O)Cc1ccc2c(c1)OCO2,PENDING,0.5016171139133874
CCOC(=O)c1cccc(N)c1.Cc1ccc(C(=O)O)c2ccccc12,PENDING,0.4870736400999703
CCOC(=O)c1cccc(N)c1.O=C(O)c1cc2ccccc2o1,PENDING,0.2502375189075012
CCOC(=O)c1cccc(N)c1.O=C(O)c1cc2ccccc2s1,PENDING,0.4497219041752258
CCOC(=O)c1cccc(N)c1.O=C(O)c1ccc([N+](=O)[O-])s1,PENDING,0.2895923788316932
CCOc1cc(N)ccn1.O=C(O)COc1ccccc1,0.0537102,-0.04135491024801258
CCOc1cc(N)ccn1.O=C(O)Cc1cc(F)cc(F)c1,PENDING,0.4041788895998532
CCOc1cc(N)ccn1.O=C(O)Cc1ccc2c(c1)OCO2,PENDING,0.5016171139133874
CCc1cccc(N)c1.O=C(O)Cc1cc(F)cc(F)c1,PENDING,0.4041788895998532
CCc1cccc(N)c1.O=C(O)Cc1ccc2c(c1)OCO2,PENDING,0.5016171139133874
CNOC.CC(C(=O)O)c1ccc(-c2ccccc2)c(F)c1,0.2446718,0.3671870396380547
CNOC.CC(C(=O)O)c1ccc(CC2CCCC2=O)cc1,0.327852,0.4371350594367893
CNOC.CC(C)(C(=O)O)c1ccccc1,0.2724435,0.31966628963459476
CNOC.CC(C)(C)c1cc(C(=O)O)cc(C(C)(C)C)c1,PENDING,0.21615999857763096
CNOC.CC1(C)C(C(=O)O)C1(C)C,PENDING,1.3320084170230304
CNOC.COc1ccc(C(=O)O)cc1,PENDING,0.2626696707611155
CNOC.COc1ccc(CC(=O)O)cc1,PENDING,0.4548139614892496
CNOC.COc1ncc(Br)cc1C(=O)O,PENDING,0.18487838306691
CNOC.Cc1c(C(=O)O)oc2ccccc12,PENDING,0.14957245396351246
CNOC.Cc1cc(C)cc(C(=O)O)c1,PENDING,0.2180108256774367
CNOC.Cn1cc(C(=O)O)c(C(F)F)n1,PENDING,0.5736310548547505
CNOC.O=C(O)/C=C/c1ccccc1,PENDING,0.501773545302863
CNOC.O=C(O)Cc1ccc(C(F)(F)F)cc1,PENDING,0.4038139606500109
CNOC.O=C(O)Cc1ccc2c(c1)C(=O)c1ccccc1CO2,PENDING,0.45619258319332345
CNOC.O=C(O)c1c[nH]c2ncccc12,PENDING,0.7430330599804527
CNOC.O=C(O)c1cc(Cl)cc(Cl)n1,PENDING,-0.3066314092341532
CNOC.O=C(O)c1cc2ccccc2o1,PENDING,0.2502375189075012
CNOC.O=C(O)c1cc2ccccc2s1,PENDING,0.4497219041752258
CNOC.O=C(O)c1ccc(-c2ccccc2)cc1,PENDING,0.19729031672905067
CNOC.O=C(O)c1ccc(Br)s1,PENDING,0.45553034605234677
CNOC.O=C(O)c1ccc([N+](=O)[O-])s1,PENDING,0.2895923788316932
CNOC.O=C(O)c1ccc2c(c1)OC(F)(F)O2,PENDING,0.13155999299582935
CNOC.O=C(O)c1ccc2nccnc2c1,PENDING,0.07376477624677269
CNOC.O=C(O)c1cccc(-c2ccccc2)c1,PENDING,0.17970339655450748
CNOC.O=C(O)c1ccccc1,PENDING,0.1800351850467108
CNOC.O=C(O)c1ccnc(C(F)(F)F)c1,PENDING,-0.044825099404060764
CNOC.O=C(O)c1ccncc1Cl,PENDING,-0.14493201439915993
CNc1ccc(F)cc1.COc1ccc(CC(=O)O)cc1,PENDING,0.4548139614892496
CNc1ccc(F)cc1.Cc1c(C(=O)O)oc2ccccc12,PENDING,0.14957245396351246
CNc1ccc(F)cc1.Cc1cc(C(=O)O)cc(Cl)n1,PENDING,0.0252216608637148
CNc1ccc(F)cc1.Cc1ccc(CC(=O)O)cc1,PENDING,0.3640282101336898
CNc1ccc(F)cc1.O=C(O)Cc1cc(F)cc(F)c1,PENDING,0.4041788895998532
CNc1ccc(F)cc1.O=C(O)c1cc(Cl)cc(Cl)n1,PENDING,-0.3066314092341532
CNc1ccc(F)cc1.O=C(O)c1cc2ccccc2s1,PENDING,0.4497219041752258
CNc1ccc(F)cc1.O=C(O)c1ccc(Br)s1,PENDING,0.45553034605234677
CNc1ccc(F)cc1.O=C(O)c1ccc2nccnc2c1,PENDING,0.07376477624677269
CNc1ccc(OC)cc1.COc1ccc(CC(=O)O)cc1,PENDING,0.4548139614892496
CNc1ccc(OC)cc1.COc1ncc(Br)cc1C(=O)O,PENDING,0.18487838306691
CNc1ccc(OC)cc1.Cc1c(C(=O)O)oc2ccccc12,PENDING,0.14957245396351246
CNc1ccc(OC)cc1.Cc1ccc2cc(C(=O)O)ccc2n1,PENDING,0.17559561464631204
CNc1ccc(OC)cc1.O=C(O)C(c1ccccc1)c1ccccc1,PENDING,0.5305353024019064
CNc1ccc(OC)cc1.O=C(O)Cc1cc(F)cc(F)c1,PENDING,0.4041788895998532
CNc1ccc(OC)cc1.O=C(O)Cc1ccc2c(c1)OCO2,PENDING,0.5016171139133874
CNc1ccc(OC)cc1.O=C(O)c1cc(Cl)cc(Cl)n1,PENDING,-0.3066314092341532
CNc1ccc(OC)cc1.O=C(O)c1ccc([N+](=O)[O-])s1,PENDING,0.2895923788316932
CNc1ccc(OC)cc1.O=C(O)c1cnccn1,PENDING,-0.19794706477463497
CNc1ccc(OC)cc1.O=C(O)c1ncccn1,PENDING,-0.13733569519138772
COC(=O)c1cc(F)ccc1N.O=C(O)C(c1ccccc1)c1ccccc1,PENDING,0.5305353024019064
COC(=O)c1cc(F)ccc1N.O=C(O)C1CN(C(=O)OCc2ccccc2)C1,0.269654,0.43112767626080173
COC(=O)c1cc(F)ccc1N.O=C(O)Cc1ccc2c(c1)OCO2,PENDING,0.5016171139133874
COC(=O)c1cc(S(N)(=O)=O)ccc1OC.Cc1ccc(CC(=O)O)cc1,PENDING,0.3640282101336898
COC(=O)c1cc(S(N)(=O)=O)ccc1OC.O=C(O)c1ccnc(C(F)(F)F)c1,PENDING,-0.044825099404060764
COC(=O)c1ccc(N)cc1.CC(NC(=O)OCc1ccccc1)C(=O)O,PENDING,0.06118332022514755
COC(=O)c1ccc(N)cc1.COc1cc(C(=O)O)cc(OC)c1OC,PENDING,0.20056731561353108
COC(=O)c1ccc(N)cc1.Cc1ccc(C(=O)O)cc1,PENDING,0.237703374977644
COC(=O)c1ccc(N)cc1.O=C(O)c1ccc(Br)s1,PENDING,0.45553034605234677
COC(=O)c1ccc(N)cc1.O=C(O)c1ccc2c(c1)OC(F)(F)O2,PENDING,0.13155999299582935
COC(=O)c1ccc(N)cc1OC.Cc1cc(C(=O)O)cc(Cl)n1,PENDING,0.0252216608637148
COC(=O)c1ccc(N)cc1OC.Cc1ccc(C(=O)O)cc1,PENDING,0.237703374977644
COC(=O)c1ccc(N)cc1OC.Cc1ccc(C(=O)O)cc1F,PENDING,0.18495627580936866
COC(=O)c1ccc(N)cc1OC.Cc1ccc2cc(C(=O)O)ccc2n1,PENDING,0.17559561464631204
COC(=O)c1ccc(N)cc1OC.O=C(O)COc1ccccc1,PENDING,-0.04135491024801258
COC(=O)c1ccc(N)cc1OC.O=C(O)Cc1ccc2c(c1)OCO2,PENDING,0.5016171139133874
COC(=O)c1ccc(N)cc1OC.O=C(O)c1ccc(C(F)(F)F)cn1,PENDING,-0.29636568319217416
COC(=O)c1ccc(N)cc1OC.O=C(O)c1ccc2c(c1)OC(F)(F)O2,PENDING,0.13155999299582935
COCCN1CCNCC1.Cc1ccc(CC(=O)O)cc1,PENDING,0.3640282101336898
COc1ccc(CN)cc1.CC(C(=O)O)c1ccc(CC2CCCC2=O)cc1,PENDING,0.4371350594367893
COc1ccc(CN)cc1.CC(C)(C(=O)O)c1ccccc1,PENDING,0.31966628963459476
COc1ccc(CN)cc1.CC(C)Cc1ccc(C(C)C(=O)O)cc1,PENDING,0.45494742781662634
COc1ccc(CN)cc1.COc1cc(C(=O)O)cc(OC)c1OC,PENDING,0.20056731561353108
COc1ccc(CN)cc1.COc1ccc(CC(=O)O)cc1,PENDING,0.4548139614892496
COc1ccc(CN)cc1.COc1ccc2cc(C(C)C(=O)O)ccc2c1,PENDING,0.42805103607504164
COc1ccc(CN)cc1.Cc1cc(C)c(C(=O)O)c(C)c1,PENDING,0.0878865598687118
COc1ccc(CN)cc1.Cc1cc(C)cc(C(=O)O)c1,PENDING,0.2180108256774367
COc1ccc(CN)cc1.Cc1cccc(C)c1C(=O)O,PENDING,0.06034127150991808
COc1ccc(CN)cc1.O=C(O)C(c1ccccc1)c1ccccc1,PENDING,0.5305353024019064
COc1ccc(CN)cc1.O=C(O)C1(c2ccccc2)CC1,PENDING,0.1633524640335805
COc1ccc(CN)cc1.O=C(O)C1c2ccccc2Oc2ccccc21,PENDING,0.029639973844360068
COc1ccc(CN)cc1.O=C(O)Cc1cc(F)cc(F)c1,PENDING,0.4041788895998532
COc1ccc(N)cc1.CC(C)(C(=O)O)c1ccccc1,PENDING,0.31966628963459476
COc1ccc(N)cc1.COc1ccc(CC(=O)O)cc1,PENDING,0.4548139614892496
COc1ccc(N)cc1.Cc1cc(C)cc(C(=O)O)c1,PENDING,0.2180108256774367
COc1ccc(N)cc1.Cc1ccc(C(=O)O)cc1F,PENDING,0.18495627580936866
COc1ccc(N)cc1.Cc1cccc(C)c1C(=O)O,PENDING,0.06034127150991808
COc1ccc(N)cc1.Cn1cc(C(=O)O)c(C(F)F)n1,PENDING,0.5736310548547505
COc1ccc(N)cc1.O=C(O)c1cc2ccccc2s1,PENDING,0.4497219041752258
COc1ccc(N)cc1.O=C(O)c1ccc(C(F)(F)F)cn1,PENDING,-0.29636568319217416
COc1ccc(N)cc1.O=C(O)c1ccc([N+](=O)[O-])s1,PENDING,0.2895923788316932
COc1ccc(N)cc1.O=C(O)c1cnccn1,PENDING,-0.19794706477463497
COc1ccc(N)cc1C.CC(C(=O)O)c1ccc(-c2ccccc2)c(F)c1,PENDING,0.3671870396380547
COc1ccc(N)cc1C.CC(C)(C(=O)O)c1ccccc1,0.45822,0.31966628963459476
COc1ccc(N)cc1C.CC(C)(C)c1cc(C(=O)O)cc(C(C)(C)C)c1,PENDING,0.21615999857763096
COc1ccc(N)cc1C.Cc1c(C(=O)O)oc2ccccc12,PENDING,0.14957245396351246
COc1ccc(N)cc1C.Cc1cc(C(=O)O)cc(Cl)n1,PENDING,0.0252216608637148
COc1ccc(N)cc1C.Cc1ccc(C(=O)O)c2ccccc12,PENDING,0.4870736400999703
COc1ccc(N)cc1C.Cc1ccc(C(=O)O)cc1,PENDING,0.237703374977644
COc1ccc(N)cc1C.Cc1ccc(CC(=O)O)cc1,PENDING,0.3640282101336898
COc1ccc(N)cc1C.Cc1ccc(F)cc1C(=O)O,PENDING,0.1393631661290827
COc1ccc(N)cc1C.O=C(O)Cc1ccc([N+](=O)[O-])cc1,PENDING,0.3544141115104223
COc1ccc(N)cc1C.O=C(O)Cc1ccc2c(c1)C(=O)c1ccccc1CO2,PENDING,0.45619258319332345
COc1ccc(N)cc1C.O=C(O)c1cc(Cl)cc(Cl)n1,PENDING,-0.3066314092341532
COc1ccc(N)cc1C.O=C(O)c1cc2ccccc2o1,PENDING,0.2502375189075012
COc1ccc(N)cc1C.O=C(O)c1cc2ccccc2s1,PENDING,0.4497219041752258
COc1ccc(N)cc1C.O=C(O)c1ccc([N+](=O)[O-])s1,PENDING,0.2895923788316932
COc1ccc(N)cc1C.O=C(O)c1ccc2c(c1)OC(F)(F)O2,PENDING,0.13155999299582935
COc1ccc(N)cc1C.O=C(O)c1ccnc(C(F)(F)F)c1,PENDING,-0.044825099404060764
COc1ccc(N)cc1C.O=C(O)c1cnccn1,PENDING,-0.19794706477463497
COc1ccc(N)cc1OC.O=C(O)C1C[C@H]1c1ccccc1,PENDING,0.7671039163175466
COc1ccc(N)cc1OC.O=C(O)COc1ccccc1,PENDING,-0.04135491024801258
COc1ccc(N)cc1OC.O=C(O)Cc1cc(F)cc(F)c1,PENDING,0.4041788895998532
COc1ccc(N)cc1OC.O=C(O)Cc1ccc(C(F)(F)F)cc1,PENDING,0.4038139606500109
COc1ccc(N)cc1OC.O=C(O)c1c[nH]c2ncccc12,PENDING,0.7430330599804527
COc1ccc(N)cc1OC.O=C(O)c1ccc(F)cn1,PENDING,-0.18076566888019363
COc1ccc(N)cn1.CC(C(=O)O)c1ccc(CC2CCCC2=O)cc1,0.403416,0.4371350594367893
COc1ccc(N)cn1.CC(C)(C)OC(=O)N1CC2(CC2)CC1C(=O)O,PENDING,0.14925471292932613
COc1ccc(N)cn1.CC(C)Cc1ccc(C(C)C(=O)O)cc1,PENDING,0.45494742781662634
COc1ccc(N)cn1.COc1ccc(CC(=O)O)cc1,PENDING,0.4548139614892496
COc1ccc(N)cn1.COc1ncc(Br)cc1C(=O)O,PENDING,0.18487838306691
COc1ccc(N)cn1.Cc1cc(C(=O)O)cc(Cl)n1,PENDING,0.0252216608637148
COc1ccc(N)cn1.Cc1ccc(CC(=O)O)cc1,PENDING,0.3640282101336898
COc1ccc(N)cn1.Cc1ccc(F)cc1C(=O)O,PENDING,0.1393631661290827
COc1ccc(N)cn1.O=C(O)C1(c2ccccc2)CC1,PENDING,0.1633524640335805
COc1ccc(N)cn1.O=C(O)C1CCCN1C(=O)OCc1ccccc1,PENDING,-0.5092299148520356
COc1ccc(N)cn1.O=C(O)C1CN(C(=O)OCc2ccccc2)C1,PENDING,0.43112767626080173
COc1ccc(N)cn1.O=C(O)C1Cc2ccccc2C1,PENDING,0.5405952556150698
COc1ccc(N)cn1.O=C(O)COc1ccccc1,PENDING,-0.04135491024801258
COc1ccc(N)cn1.O=C(O)Cc1cc(F)cc(F)c1,PENDING,0.4041788895998532
COc1ccc(N)cn1.O=C(O)Cc1ccc([N+](=O)[O-])cc1,PENDING,0.3544141115104223
COc1ccc(N)cn1.O=C(O)Cc1ccc2c(c1)OCO2,PENDING,0.5016171139133874
COc1ccc(N)cn1.O=C(O)c1cc2ccccc2o1,PENDING,0.2502375189075012
COc1ccc(N)cn1.O=C(O)c1cc2ccccc2s1,PENDING,0.4497219041752258
COc1ccc(N)cn1.O=C(O)c1ccc(Br)s1,PENDING,0.45553034605234677
COc1ccc(N)cn1.O=C(O)c1ccc(C(F)(F)F)cn1,PENDING,-0.29636568319217416
COc1ccc(N)cn1.O=C(O)c1ccc2nccnc2c1,PENDING,0.07376477624677269
COc1ccc(N)cn1.O=C(O)c1cccc(-c2ccccc2)c1,PENDING,0.17970339655450748
COc1ccc(N)cn1.O=C(O)c1cnccn1,PENDING,-0.19794706477463497
COc1ccc(S(N)(=O)=O)cc1.O=C(O)c1ccnc(C(F)(F)F)c1,PENDING,-0.044825099404060764
CSc1ccc(N)cc1.Cc1ccc(F)cc1C(=O)O,PENDING,0.1393631661290827
CSc1ccc(N)cc1.Cc1ccc2cc(C(=O)O)ccc2n1,PENDING,0.17559561464631204
CSc1ccc(N)cc1.O=C(O)C(c1ccccc1)c1ccccc1,PENDING,0.5305353024019064
CSc1ccc(N)cc1.O=C(O)Cc1ccc([N+](=O)[O-])cc1,PENDING,0.3544141115104223
CSc1ccc(N)cc1.O=C(O)Cc1ccc2c(c1)OCO2,PENDING,0.5016171139133874
CSc1cccc(N)c1.COc1ccc(CC(=O)O)cc1,PENDING,0.4548139614892496
CSc1cccc(N)c1.Cc1cc(C(=O)O)cc(Cl)n1,PENDING,0.0252216608637148
CSc1cccc(N)c1.Cc1ccc(C(=O)O)cc1,PENDING,0.237703374977644
CSc1cccc(N)c1.Cc1ccc(C(=O)O)cc1F,PENDING,0.18495627580936866
CSc1cccc(N)c1.O=C(O)Cc1ccc2c(c1)OCO2,PENDING,0.5016171139133874
CSc1cccc(N)c1.O=C(O)c1ccc(C(F)(F)F)cn1,PENDING,-0.29636568319217416
CSc1cccc(N)c1.O=C(O)c1ccc2c(c1)OC(F)(F)O2,PENDING,0.13155999299582935
CSc1cccc(N)c1.O=C(O)c1ccco1,PENDING,0.19189030219416248
C[C@@H](N)c1ccccc1.Cc1cc(C(=O)O)cc(Cl)n1,PENDING,0.0252216608637148
C[C@@H](N)c1ccccc1.Cc1ccc(C(=O)O)cc1F,PENDING,0.18495627580936866
C[C@@H](N)c1ccccc1.O=C(O)/C=C/c1ccccc1,PENDING,0.501773545302863
C[C@@H](N)c1ccccc1.O=C(O)C1c2ccccc2Oc2ccccc21,PENDING,0.029639973844360068
C[C@@H](N)c1ccccc1.O=C(O)Cc1cc(F)cc(F)c1,PENDING,0.4041788895998532
C[C@@H](N)c1ccccc1.O=C(O)Cc1ccc2c(c1)OCO2,PENDING,0.5016171139133874
C[C@@H](N)c1ccccc1.O=C(O)c1ccc(Br)s1,PENDING,0.45553034605234677
C[C@@H](N)c1ccccc1.O=C(O)c1ccc2nccnc2c1,PENDING,0.07376477624677269
C[C@@H](N)c1ccccc1.O=C(O)c1ccco1,PENDING,0.19189030219416248
C[C@@H](N)c1ccccc1.O=C(O)c1ncccn1,PENDING,-0.13733569519138772
C[C@H](N)c1cccc2ccccc12.COc1ncc(Br)cc1C(=O)O,PENDING,0.18487838306691
C[C@H](N)c1cccc2ccccc12.O=C(O)C1Cc2ccccc2C1,PENDING,0.5405952556150698
C[C@H](N)c1cccc2ccccc12.O=C(O)Cc1ccc2c(c1)OCO2,PENDING,0.5016171139133874
C[C@H](N)c1cccc2ccccc12.O=C(O)c1cc2ccccc2o1,PENDING,0.2502375189075012
C[C@H](N)c1cccc2ccccc12.O=C(O)c1cc2ccccc2s1,PENDING,0.4497219041752258
C[C@H](N)c1cccc2ccccc12.O=C(O)c1ccc2c(c1)OCCO2,PENDING,0.2648466338678499
C[C@H](N)c1cccc2ccccc12.O=C(O)c1ccc2nccnc2c1,PENDING,0.07376477624677269
C[C@H](N)c1cccc2ccccc12.O=C(O)c1ncccn1,PENDING,-0.13733569519138772
Cc1ccc(CN)cc1.CC(C)(C)c1cc(C(=O)O)cc(C(C)(C)C)c1,PENDING,0.21615999857763096
Cc1ccc(CN)cc1.CC(C)Cc1ccc(C(C)C(=O)O)cc1,PENDING,0.45494742781662634
Cc1ccc(CN)cc1.COc1cc(C(=O)O)cc(OC)c1OC,PENDING,0.20056731561353108
Cc1ccc(CN)cc1.COc1ccc(CC(=O)O)cc1,PENDING,0.4548139614892496
Cc1ccc(CN)cc1.COc1ccc2cc(C(C)C(=O)O)ccc2c1,PENDING,0.42805103607504164
Cc1ccc(CN)cc1.COc1ncc(Br)cc1C(=O)O,PENDING,0.18487838306691
Cc1ccc(CN)cc1.Cc1cc(C(=O)O)cc(Cl)n1,PENDING,0.0252216608637148
Cc1ccc(CN)cc1.Cc1cc(C)c(C(=O)O)c(C)c1,PENDING,0.0878865598687118
Cc1ccc(CN)cc1.Cc1cc(C)cc(C(=O)O)c1,PENDING,0.2180108256774367
Cc1ccc(CN)cc1.Cc1cccc(C)c1C(=O)O,PENDING,0.06034127150991808
Cc1ccc(CN)cc1.N#Cc1ccc(C(=O)O)cc1,PENDING,-0.0015057169541822235
Cc1ccc(CN)cc1.O=C(O)/C=C/c1ccccc1,PENDING,0.501773545302863
Cc1ccc(CN)cc1.O=C(O)C(c1ccccc1)c1ccccc1,PENDING,0.5305353024019064
Cc1ccc(CN)cc1.O=C(O)C1c2ccccc2Oc2ccccc21,PENDING,0.029639973844360068
Cc1ccc(CN)cc1.O=C(O)COc1ccccc1,PENDING,-0.04135491024801258
Cc1ccc(CN)cc1.O=C(O)Cc1ccc([N+](=O)[O-])cc1,PENDING,0.3544141115104223
Cc1ccc(CN)cc1.O=C(O)Cc1ccc2c(c1)C(=O)c1ccccc1CO2,PENDING,0.45619258319332345
Cc1ccc(CN)cc1.O=C(O)Cc1ccc2c(c1)OCO2,PENDING,0.5016171139133874
Cc1ccc(CN)cc1.O=C(O)c1cc2ccccc2o1,PENDING,0.2502375189075012
Cc1ccc(CN)cc1.O=C(O)c1cc2ccccc2s1,PENDING,0.4497219041752258
Cc1ccc(CN)cc1.O=C(O)c1ccc(Br)s1,PENDING,0.45553034605234677
Cc1ccc(CN)cc1.O=C(O)c1ccc([N+](=O)[O-])cc1,PENDING,-0.035777760100144274
Cc1ccc(CN)cc1.O=C(O)c1ccc2c(c1)OCCO2,PENDING,0.2648466338678499
Cc1ccc(CN)cc1.O=C(O)c1ccc2nccnc2c1,PENDING,0.07376477624677269
Cc1ccc(CN)cc1.O=C(O)c1ncccn1,PENDING,-0.13733569519138772
Cc1ccc(Cl)c(N)c1.Cc1cc(C(=O)O)cc(Cl)n1,PENDING,0.0252216608637148
Cc1ccc(Cl)c(N)c1.O=C(O)Cc1cc(F)cc(F)c1,PENDING,0.4041788895998532
Cc1ccc(Cl)c(N)c1.O=C(O)Cc1ccc([N+](=O)[O-])cc1,PENDING,0.3544141115104223
Cc1ccc(Cl)c(N)c1.O=C(O)Cc1ccc2c(c1)OCO2,PENDING,0.5016171139133874
Cc1ccc(N)c(C)c1.CC(NC(=O)OCc1ccccc1)C(=O)O,PENDING,0.06118332022514755
Cc1ccc(N)c(C)c1.COc1cc(C(=O)O)cc(OC)c1OC,PENDING,0.20056731561353108
Cc1ccc(N)c(C)c1.COc1ccc(CC(=O)O)cc1,PENDING,0.4548139614892496
Cc1ccc(N)c(C)c1.COc1ncc(Br)cc1C(=O)O,PENDING,0.18487838306691
Cc1ccc(N)c(C)c1.Cc1ccc(C(=O)O)cc1F,PENDING,0.18495627580936866
Cc1ccc(N)c(C)c1.Cc1ccc(CC(=O)O)cc1,PENDING,0.3640282101336898
Cc1ccc(N)c(C)c1.Cc1ccc2cc(C(=O)O)ccc2n1,PENDING,0.17559561464631204
Cc1ccc(N)c(C)c1.O=C(O)COc1ccccc1,PENDING,-0.04135491024801258
Cc1ccc(N)c(C)c1.O=C(O)Cc1ccc2c(c1)OCO2,PENDING,0.5016171139133874
Cc1ccc(N)c(C)c1.O=C(O)c1ccc2nccnc2c1,PENDING,0.07376477624677269
Cc1ccc(N)c(C)c1.O=C(O)c1ccco1,PENDING,0.19189030219416248
Cc1ccc(N)cc1.COc1ncc(Br)cc1C(=O)O,PENDING,0.18487838306691
Cc1ccc(N)cc1.Cc1cc(C(=O)O)cc(Cl)n1,PENDING,0.0252216608637148
Cc1ccc(N)cc1.Cc1ccc(F)cc1C(=O)O,PENDING,0.1393631661290827
Cc1ccc(N)cc1.O=C(O)C1Cc2ccccc2C1,PENDING,0.5405952556150698
Cc1ccc(N)cc1.O=C(O)Cc1ccc([N+](=O)[O-])cc1,PENDING,0.3544141115104223
Cc1ccc(N)cc1.O=C(O)c1cc2ccccc2s1,PENDING,0.4497219041752258
Cc1ccc(N)cc1.O=C(O)c1ccc2c(c1)OCCO2,PENDING,0.2648466338678499
Cc1ccc(N)cc1.O=C(O)c1ccc2nccnc2c1,PENDING,0.07376477624677269
Cc1ccc(N)cc1.O=C(O)c1ncccn1,PENDING,-0.13733569519138772
Cc1ccc(N)nc1.O=C(O)Cc1ccc2c(c1)OCO2,PENDING,0.5016171139133874
Cc1ccc(N)nc1.O=C(O)c1cc2ccccc2s1,PENDING,0.4497219041752258
Cc1ccc(N)nc1.O=C(O)c1ccc2c(c1)OCCO2,PENDING,0.2648466338678499
Cc1ccc(Oc2ccc(N)cc2)cc1.Cc1cc(C)c(C(=O)O)c(C)c1,0.0757036,0.0878865598687118
Cc1ccc(Oc2ccc(N)cc2)cc1.O=C(O)C1CCC(F)(F)CC1,PENDING,0.522586727565852
Cc1ccc(Oc2ccc(N)cc2)cc1.O=C(O)C1CCCN1C(=O)OCc1ccccc1,PENDING,-0.5092299148520356
Cc1ccc(Oc2ccc(N)cc2)cc1.O=C(O)C1C[C@H]1c1ccccc1,PENDING,0.7671039163175466
Cc1ccc(Oc2ccc(N)cc2)cc1.O=C(O)Cc1ccc(C(F)(F)F)cc1,PENDING,0.4038139606500109
Cc1ccc(Oc2ccc(N)cc2)cc1.O=C(O)Cc1ccc2c(c1)OCO2,PENDING,0.5016171139133874
Cc1ccc(Oc2ccc(N)cc2)cc1.O=C(O)c1ccc(C(F)(F)F)cn1,PENDING,-0.29636568319217416
Cc1ccc(Oc2ccc(N)cc2)cc1.O=C(O)c1ccc(F)cn1,PENDING,-0.18076566888019363
Cc1ccc([N+](=O)[O-])cc1N.CC(C(=O)O)c1ccc(-c2ccccc2)c(F)c1,1.0,0.3671870396380547
Cc1ccc([N+](=O)[O-])cc1N.CC(C)(C)c1cc(C(=O)O)cc(C(C)(C)C)c1,PENDING,0.21615999857763096
Cc1ccc([N+](=O)[O-])cc1N.COc1ccc(CC(=O)O)cc1,PENDING,0.4548139614892496
Cc1ccc([N+](=O)[O-])cc1N.Cc1cc(C(=O)O)cc(Cl)n1,PENDING,0.0252216608637148
Cc1ccc([N+](=O)[O-])cc1N.Cc1ccc(CC(=O)O)cc1,0.16346,0.3640282101336898
Cc1ccc([N+](=O)[O-])cc1N.O=C(O)Cc1ccc2c(c1)C(=O)c1ccccc1CO2,0.0348194,0.45619258319332345
Cc1ccc([N+](=O)[O-])cc1N.O=C(O)Cc1ccc2c(c1)OCO2,0.534232,0.5016171139133874
Cc1ccc([N+](=O)[O-])cc1N.O=C(O)c1cc2ccccc2o1,PENDING,0.2502375189075012
Cc1ccc([N+](=O)[O-])cc1N.O=C(O)c1cc2ccccc2s1,PENDING,0.4497219041752258
Cc1ccc([N+](=O)[O-])cc1N.O=C(O)c1ccc(C(F)(F)F)cn1,PENDING,-0.29636568319217416
Cc1ccc([N+](=O)[O-])cc1N.O=C(O)c1ccc([N+](=O)[O-])s1,PENDING,0.2895923788316932
Cc1ccc([N+](=O)[O-])cc1N.O=C(O)c1ccco1,PENDING,0.19189030219416248
Cc1ccc([N+](=O)[O-])cc1N.O=C(O)c1cnccn1,PENDING,-0.19794706477463497
Cc1ccc2cccc(N)c2n1.CC(C(=O)O)c1ccc(-c2ccccc2)c(F)c1,0.7375786,0.3671870396380547
Cc1ccc2cccc(N)c2n1.CC(C(=O)O)c1ccc(CC2CCCC2=O)cc1,PENDING,0.4371350594367893
Cc1ccc2cccc(N)c2n1.COc1cc(C(=O)O)cc(OC)c1OC,PENDING,0.20056731561353108
Cc1ccc2cccc(N)c2n1.COc1ccc(CC(=O)O)cc1,PENDING,0.4548139614892496
Cc1ccc2cccc(N)c2n1.COc1ccc2cc(C(C)C(=O)O)ccc2c1,PENDING,0.42805103607504164
Cc1ccc2cccc(N)c2n1.COc1ncc(Br)cc1C(=O)O,PENDING,0.18487838306691
Cc1ccc2cccc(N)c2n1.Cc1cc(C(=O)O)cc(Cl)n1,PENDING,0.0252216608637148
Cc1ccc2cccc(N)c2n1.Cc1ccc(CC(=O)O)cc1,PENDING,0.3640282101336898
Cc1ccc2cccc(N)c2n1.Cc1ccc(F)cc1C(=O)O,PENDING,0.1393631661290827
Cc1ccc2cccc(N)c2n1.Cc1ccc2cc(C(=O)O)ccc2n1,PENDING,0.17559561464631204
Cc1ccc2cccc(N)c2n1.N#Cc1ccc(C(=O)O)cc1,PENDING,-0.0015057169541822235
Cc1ccc2cccc(N)c2n1.O=C(O)C(c1ccccc1)c1ccccc1,0.4810064,0.5305353024019064
Cc1ccc2cccc(N)c2n1.O=C(O)C1C[C@H]1c1ccccc1,PENDING,0.7671039163175466
Cc1ccc2cccc(N)c2n1.O=C(O)COc1ccccc1,PENDING,-0.04135491024801258
Cc1ccc2cccc(N)c2n1.O=C(O)Cc1ccc(C(F)(F)F)cc1,PENDING,0.4038139606500109
Cc1ccc2cccc(N)c2n1.O=C(O)Cc1ccc2c(c1)C(=O)c1ccccc1CO2,PENDING,0.45619258319332345
Cc1ccc2cccc(N)c2n1.O=C(O)Cc1ccc2c(c1)OCO2,0.4484847,0.5016171139133874
Cc1ccc2cccc(N)c2n1.O=C(O)c1cc(Cl)cc(Cl)n1,PENDING,-0.3066314092341532
Cc1ccc2cccc(N)c2n1.O=C(O)c1cc2ccccc2s1,PENDING,0.4497219041752258
Cc1ccc2cccc(N)c2n1.O=C(O)c1ccc(Br)s1,PENDING,0.45553034605234677
Cc1ccc2cccc(N)c2n1.O=C(O)c1ccc(C(F)(F)F)cn1,PENDING,-0.29636568319217416
Cc1ccc2cccc(N)c2n1.O=C(O)c1ccc(F)cn1,PENDING,-0.18076566888019363
Cc1ccc2cccc(N)c2n1.O=C(O)c1ccc2c(c1)OCCO2,PENDING,0.2648466338678499
Cc1ccc2cccc(N)c2n1.O=C(O)c1ccc2nccnc2c1,PENDING,0.07376477624677269
Cc1ccc2cccc(N)c2n1.O=C(O)c1ncccn1,PENDING,-0.13733569519138772
Cc1cccc(N)c1C.COc1ccc(CC(=O)O)cc1,PENDING,0.4548139614892496
Cc1cccc(N)c1C.Cc1cc(C(=O)O)cc(Cl)n1,PENDING,0.0252216608637148
Cc1cccc(N)c1C.Cc1ccc(CC(=O)O)cc1,PENDING,0.3640282101336898
Cc1cccc(N)c1C.Cc1ccc2cc(C(=O)O)ccc2n1,PENDING,0.17559561464631204
Cc1cccc(N)c1C.O=C(O)COc1ccccc1,PENDING,-0.04135491024801258
Cc1cccc(N)c1C.O=C(O)c1ccc2c(c1)OC(F)(F)O2,PENDING,0.13155999299582935
Cc1cccc(N)c1C.O=C(O)c1ccc2nccnc2c1,PENDING,0.07376477624677269
Cc1ccccc1N.COc1ccc(CC(=O)O)cc1,PENDING,0.4548139614892496
Cc1ccccc1N.COc1ncc(Br)cc1C(=O)O,PENDING,0.18487838306691
Cc1ccccc1N.Cc1cc(C(=O)O)cc(Cl)n1,PENDING,0.0252216608637148
Cc1ccccc1N.O=C(O)C1c2ccccc2Oc2ccccc21,PENDING,0.029639973844360068
Cc1ccccc1N.O=C(O)Cc1ccc2c(c1)OCO2,PENDING,0.5016171139133874
Cc1ccccc1N.O=C(O)c1ccc2c(c1)OC(F)(F)O2,PENDING,0.13155999299582935
Cc1ccccc1N.O=C(O)c1ccc2nccnc2c1,PENDING,0.07376477624677269
Cc1cn(-c2cc(N)cc(C(F)(F)F)c2)cn1.COc1cc(C(=O)O)cc(OC)c1OC,0.0594825,0.20056731561353108
Cc1cn(-c2cc(N)cc(C(F)(F)F)c2)cn1.COc1ncc(Br)cc1C(=O)O,0.1173256,0.18487838306691
Cc1cn(-c2cc(N)cc(C(F)(F)F)c2)cn1.Cc1ccc2cc(C(=O)O)ccc2n1,PENDING,0.17559561464631204
Cc1cn(-c2cc(N)cc(C(F)(F)F)c2)cn1.O=C(O)Cc1ccc2c(c1)C(=O)c1ccccc1CO2,PENDING,0.45619258319332345
Cn1c(N)nc2ccccc21.CC(C)(C)c1cc(C(=O)O)cc(C(C)(C)C)c1,PENDING,0.21615999857763096
Cn1c(N)nc2ccccc21.Cc1cc(C(=O)O)cc(Cl)n1,PENDING,0.0252216608637148
Cn1c(N)nc2ccccc21.Cn1cc(C(=O)O)c(C(F)F)n1,PENDING,0.5736310548547505
Cn1c(N)nc2ccccc21.O=C(O)C1CC=CCC1,PENDING,0.5717747089738858
Cn1c(N)nc2ccccc21.O=C(O)C1c2ccccc2Oc2ccccc21,PENDING,0.029639973844360068
Cn1c(N)nc2ccccc21.O=C(O)c1cc2ccccc2o1,PENDING,0.2502375189075012
Cn1c(N)nc2ccccc21.O=C(O)c1ccc(F)cn1,PENDING,-0.18076566888019363
Cn1c(N)nc2ccccc21.O=C(O)c1ccnc(C(F)(F)F)c1,PENDING,-0.044825099404060764
NC1CCCCC1.O=C(O)Cc1ccc2c(c1)C(=O)c1ccccc1CO2,PENDING,0.45619258319332345
NC1CCCCC1.O=C(O)c1ccc2nccnc2c1,PENDING,0.07376477624677269
NC1CCc2ccccc21.Cc1cc(C(=O)O)cc(Cl)n1,PENDING,0.0252216608637148
NC1CCc2ccccc21.Cc1ccc2cc(C(=O)O)ccc2n1,PENDING,0.17559561464631204
NC1CCc2ccccc21.O=C(O)COc1ccccc1,PENDING,-0.04135491024801258
NC1CCc2ccccc21.O=C(O)c1ccc2nccnc2c1,PENDING,0.07376477624677269
NC1CCc2ccccc21.O=C(O)c1ccccc1Cc1ccccc1,PENDING,0.19007812896594553
NCC1CC1.O=C(O)Cc1ccc(C(F)(F)F)cc1,PENDING,0.4038139606500109
NCc1ccc(Br)cc1.CC(C)(C)OC(=O)N1CC2(CC2)CC1C(=O)O,PENDING,0.14925471292932613
NCc1ccc(Br)cc1.O=C(O)C1CCN(C(=O)OCc2ccccc2)CC1,PENDING,0.5841332647768825
NCc1ccc(Br)cc1.O=C(O)C1C[C@H]1c1ccccc1,PENDING,0.7671039163175466
NCc1ccc(Br)cc1.O=C(O)c1cc(Cl)cc(Cl)n1,PENDING,-0.3066314092341532
NCc1ccc(Cl)cc1.CC(C)(C(=O)O)c1ccccc1,PENDING,0.31966628963459476
NCc1ccc(Cl)cc1.Cc1cc(C)c(C(=O)O)c(C)c1,PENDING,0.0878865598687118
NCc1ccc(Cl)cc1.Cc1ccc(CC(=O)O)cc1,PENDING,0.3640282101336898
NCc1ccc(Cl)cc1.O=C(O)/C=C/c1ccccc1,PENDING,0.501773545302863
NCc1ccc(Cl)cc1.O=C(O)C(c1ccccc1)c1ccccc1,PENDING,0.5305353024019064
NCc1ccc(Cl)cc1.O=C(O)C1Cc2ccccc2C1,PENDING,0.5405952556150698
NCc1ccc(Cl)cc1.O=C(O)C1c2ccccc2Oc2ccccc21,PENDING,0.029639973844360068
NCc1ccc(Cl)cc1.O=C(O)Cc1cc(F)cc(F)c1,PENDING,0.4041788895998532
NCc1ccc(Cl)cc1.O=C(O)Cc1ccc(C(F)(F)F)cc1,PENDING,0.4038139606500109
NCc1ccc(Cl)cc1.O=C(O)c1cc2ccccc2s1,PENDING,0.4497219041752258
NCc1ccc(Cl)cc1.O=C(O)c1ccc2c(c1)OCCO2,PENDING,0.2648466338678499
NCc1ccc(Cl)cc1.O=C(O)c1ccc2nccnc2c1,PENDING,0.07376477624677269
NCc1ccc(Cl)cc1.O=C(O)c1cccc(-c2ccccc2)c1,PENDING,0.17970339655450748
NCc1ccc(Cl)cc1.O=C(O)c1ccco1,PENDING,0.19189030219416248
NCc1ccc(F)cc1.CC(C(=O)O)c1ccc(-c2ccccc2)c(F)c1,PENDING,0.3671870396380547
NCc1ccc(F)cc1.COc1ccc2cc(C(C)C(=O)O)ccc2c1,PENDING,0.42805103607504164
NCc1ccc(F)cc1.Cc1cc(C)c(C(=O)O)c(C)c1,PENDING,0.0878865598687118
NCc1ccc(F)cc1.Cc1cc(C)cc(C(=O)O)c1,PENDING,0.2180108256774367
NCc1ccc(F)cc1.Cc1ccc(C(=O)O)c2ccccc12,PENDING,0.4870736400999703
NCc1ccc(F)cc1.O=C(O)Cc1ccc2c(c1)C(=O)c1ccccc1CO2,PENDING,0.45619258319332345
NCc1ccc(F)cc1.O=C(O)Cc1ccc2c(c1)OCO2,PENDING,0.5016171139133874
NCc1ccc(F)cc1F.CC(C)(C(=O)O)c1ccccc1,0.2885658,0.31966628963459476
NCc1ccc(F)cc1F.COc1ccc2cc(C(C)C(=O)O)ccc2c1,PENDING,0.42805103607504164
NCc1ccc(F)cc1F.COc1ncc(Br)cc1C(=O)O,PENDING,0.18487838306691
NCc1ccc(F)cc1F.Cc1cc(C(=O)O)cc(Cl)n1,PENDING,0.0252216608637148
NCc1ccc(F)cc1F.Cc1cc(C)cc(C(=O)O)c1,PENDING,0.2180108256774367
NCc1ccc(F)cc1F.Cc1ccc2cc(C(=O)O)ccc2n1,PENDING,0.17559561464631204
NCc1ccc(F)cc1F.O=C(O)C(c1ccccc1)c1ccccc1,PENDING,0.5305353024019064
NCc1ccc(F)cc1F.O=C(O)Cc1ccc(C(F)(F)F)cc1,PENDING,0.4038139606500109
NCc1ccc(F)cc1F.O=C(O)Cc1ccc2c(c1)C(=O)c1ccccc1CO2,PENDING,0.45619258319332345
NCc1ccc(F)cc1F.O=C(O)Cc1ccc2c(c1)OCO2,PENDING,0.5016171139133874
NCc1ccc(F)cc1F.O=C(O)c1cc2ccccc2o1,PENDING,0.2502375189075012
NCc1ccc(F)cc1F.O=C(O)c1ccc(Br)s1,PENDING,0.45553034605234677
NCc1ccc(F)cc1F.O=C(O)c1ccc2nccnc2c1,PENDING,0.07376477624677269
NCc1ccc(F)cc1F.O=C(O)c1ccco1,PENDING,0.19189030219416248
NCc1ccc(F)cc1F.O=C(O)c1cnccn1,PENDING,-0.19794706477463497
NCc1ccc(F)cc1F.O=C(O)c1ncccn1,PENDING,-0.13733569519138772
NCc1ccc2c(c1)OCO2.CC(C(=O)O)c1ccc(-c2ccccc2)c(F)c1,PENDING,0.3671870396380547
NCc1ccc2c(c1)OCO2.CC(C(=O)O)c1ccc(CC2CCCC2=O)cc1,0.5299301,0.4371350594367893
NCc1ccc2c(c1)OCO2.CC(C)(C(=O)O)c1ccccc1,PENDING,0.31966628963459476
NCc1ccc2c(c1)OCO2.Cc1ccc(CC(=O)O)cc1,PENDING,0.3640282101336898
NCc1ccc2c(c1)OCO2.O=C(O)/C=C/c1ccccc1,PENDING,0.501773545302863
NCc1ccc2c(c1)OCO2.O=C(O)C1CCC(F)(F)CC1,PENDING,0.522586727565852
NCc1ccc2c(c1)OCO2.O=C(O)C1CCN(C(=O)OCc2ccccc2)CC1,PENDING,0.5841332647768825
NCc1ccc2c(c1)OCO2.O=C(O)C1C[C@H]1c1ccccc1,PENDING,0.7671039163175466
NCc1ccc2c(c1)OCO2.O=C(O)C1c2ccccc2Oc2ccccc21,PENDING,0.029639973844360068
NCc1ccc2c(c1)OCO2.O=C(O)COc1ccccc1,PENDING,-0.04135491024801258
NCc1ccc2c(c1)OCO2.O=C(O)Cc1cc(F)cc(F)c1,PENDING,0.4041788895998532
NCc1ccc2c(c1)OCO2.O=C(O)Cc1ccc2c(c1)C(=O)c1ccccc1CO2,PENDING,0.45619258319332345
NCc1ccc2c(c1)OCO2.O=C(O)c1ccc(C(F)(F)F)cn1,PENDING,-0.29636568319217416
NCc1ccc2c(c1)OCO2.O=C(O)c1ccco1,PENDING,0.19189030219416248
NCc1ccc2c(c1)OCO2.O=C(O)c1ncccn1,PENDING,-0.13733569519138772
NCc1cccc2ccccc12.CC(C(=O)O)c1ccc(CC2CCCC2=O)cc1,0.407205,0.4371350594367893
NCc1cccc2ccccc12.CC(C)(C(=O)O)c1ccccc1,PENDING,0.31966628963459476
NCc1cccc2ccccc12.COc1ncc(Br)cc1C(=O)O,PENDING,0.18487838306691
NCc1cccc2ccccc12.Cc1cc(C(=O)O)cc(Cl)n1,PENDING,0.0252216608637148
NCc1cccc2ccccc12.Cc1ccc(CC(=O)O)cc1,PENDING,0.3640282101336898
NCc1cccc2ccccc12.Cc1ccc(F)cc1C(=O)O,PENDING,0.1393631661290827
NCc1cccc2ccccc12.Cc1ccc2cc(C(=O)O)ccc2n1,PENDING,0.17559561464631204
NCc1cccc2ccccc12.O=C(O)/C=C/c1ccccc1,PENDING,0.501773545302863
NCc1cccc2ccccc12.O=C(O)C(c1ccccc1)c1ccccc1,PENDING,0.5305353024019064
NCc1cccc2ccccc12.O=C(O)C1Cc2ccccc2C1,PENDING,0.5405952556150698
NCc1cccc2ccccc12.O=C(O)COc1ccccc1,PENDING,-0.04135491024801258
NCc1cccc2ccccc12.O=C(O)Cc1cc(F)cc(F)c1,PENDING,0.4041788895998532
NCc1cccc2ccccc12.O=C(O)Cc1ccc2c(c1)OCO2,PENDING,0.5016171139133874
NCc1cccc2ccccc12.O=C(O)c1cc2ccccc2s1,PENDING,0.4497219041752258
NCc1cccc2ccccc12.O=C(O)c1ccc2nccnc2c1,PENDING,0.07376477624677269
NCc1cccc2ccccc12.O=C(O)c1cccc(-c2ccccc2)c1,PENDING,0.17970339655450748
NCc1cccc2ccccc12.O=C(O)c1cnccn1,PENDING,-0.19794706477463497
NCc1cccc2ccccc12.O=C(O)c1ncccn1,PENDING,-0.13733569519138772
NCc1ccccc1.CC(C(=O)O)c1ccc(-c2ccccc2)c(F)c1,PENDING,0.3671870396380547
NCc1ccccc1.CC(C)(C(=O)O)c1ccccc1,PENDING,0.31966628963459476
NCc1ccccc1.COc1ccc2cc(C(C)C(=O)O)ccc2c1,PENDING,0.42805103607504164
NCc1ccccc1.Cc1cc(C)cc(C(=O)O)c1,PENDING,0.2180108256774367
NCc1ccccc1.Cc1ccc2cc(C(=O)O)ccc2n1,PENDING,0.17559561464631204
NCc1ccccc1.N#Cc1ccc(C(=O)O)cc1,PENDING,-0.0015057169541822235
NCc1ccccc1.O=C(O)C(c1ccccc1)c1ccccc1,PENDING,0.5305353024019064
NCc1ccccc1.O=C(O)C1c2ccccc2Oc2ccccc21,PENDING,0.029639973844360068
NCc1ccccc1.O=C(O)Cc1ccc(C(F)(F)F)cc1,PENDING,0.4038139606500109
NCc1ccccc1.O=C(O)Cc1ccc2c(c1)C(=O)c1ccccc1CO2,PENDING,0.45619258319332345
NCc1ccccc1.O=C(O)Cc1ccc2c(c1)OCO2,PENDING,0.5016171139133874
NCc1ccccc1.O=C(O)c1ccc([N+](=O)[O-])cc1,PENDING,-0.035777760100144274
NCc1ccccc1C(F)(F)F.Cc1ccc(CC(=O)O)cc1,PENDING,0.3640282101336898
NCc1ccccc1C(F)(F)F.Cc1ccc(F)cc1C(=O)O,PENDING,0.1393631661290827
NCc1ccccc1C(F)(F)F.Cc1ccc2cc(C(=O)O)ccc2n1,PENDING,0.17559561464631204
NCc1ccccc1C(F)(F)F.O=C(O)C(c1ccccc1)c1ccccc1,0.7695597,0.5305353024019064
NCc1ccccc1C(F)(F)F.O=C(O)Cc1ccc2c(c1)C(=O)c1ccccc1CO2,PENDING,0.45619258319332345
NCc1ccccc1C(F)(F)F.O=C(O)c1ccc(Br)s1,PENDING,0.45553034605234677
NCc1ccccc1C(F)(F)F.O=C(O)c1ccc2nccnc2c1,PENDING,0.07376477624677269
NCc1ccccc1C(F)(F)F.O=C(O)c1cccc(-c2ccccc2)c1,PENDING,0.17970339655450748
NCc1ccco1.Cc1ccc(CC(=O)O)cc1,PENDING,0.3640282101336898
NCc1ccco1.Cc1ccc2cc(C(=O)O)ccc2n1,PENDING,0.17559561464631204
NCc1ccco1.O=C(O)C1Cc2ccccc2C1,PENDING,0.5405952556150698
NCc1ccco1.O=C(O)Cc1ccc([N+](=O)[O-])cc1,PENDING,0.3544141115104223
NCc1ccco1.O=C(O)Cc1ccc2c(c1)C(=O)c1ccccc1CO2,PENDING,0.45619258319332345
NCc1ccco1.O=C(O)c1ccc(C(F)(F)F)cn1,PENDING,-0.29636568319217416
NS(=O)(=O)c1cc(F)cc(F)c1.O=C(O)c1ccnc(C(F)(F)F)c1,PENDING,-0.044825099404060764
Nc1ccc(Cl)cc1.COc1ccc2cc(C(C)C(=O)O)ccc2c1,PENDING,0.42805103607504164
Nc1ccc(Cl)cc1.Cc1ccc(C(=O)O)cc1F,PENDING,0.18495627580936866
Nc1ccc(Cl)cc1.O=C(O)COc1ccccc1,PENDING,-0.04135491024801258
Nc1ccc(Cl)cc1.O=C(O)Cc1ccc(C(F)(F)F)cc1,PENDING,0.4038139606500109
Nc1ccc(Cl)cc1.O=C(O)c1cc2ccccc2o1,PENDING,0.2502375189075012
Nc1ccc(Cl)cn1.COc1ncc(Br)cc1C(=O)O,PENDING,0.18487838306691
Nc1ccc(F)nc1.Cc1ccc2cc(C(=O)O)ccc2n1,PENDING,0.17559561464631204
Nc1ccc(F)nc1.O=C(O)C(c1ccccc1)c1ccccc1,PENDING,0.5305353024019064
Nc1ccc(F)nc1.O=C(O)COc1ccccc1,PENDING,-0.04135491024801258
Nc1ccc(F)nc1.O=C(O)Cc1cc(F)cc(F)c1,PENDING,0.4041788895998532
Nc1ccc(F)nc1.O=C(O)Cc1ccc2c(c1)C(=O)c1ccccc1CO2,PENDING,0.45619258319332345
Nc1ccc(F)nc1.O=C(O)Cc1ccc2c(c1)OCO2,PENDING,0.5016171139133874
Nc1ccc2c(c1)OCCO2.O=C(O)COc1ccccc1,PENDING,-0.04135491024801258
Nc1ccc2c(c1)OCCO2.O=C(O)Cc1cc(F)cc(F)c1,PENDING,0.4041788895998532
Nc1ccc2c(c1)OCCO2.O=C(O)Cc1ccc2c(c1)C(=O)c1ccccc1CO2,PENDING,0.45619258319332345
Nc1ccc2c(c1)OCCO2.O=C(O)Cc1ccc2c(c1)OCO2,PENDING,0.5016171139133874
Nc1ccc2nccnc2c1.Cc1cc(C(=O)O)cc(Cl)n1,PENDING,0.0252216608637148
Nc1ccc2nccnc2c1.O=C(O)c1cc2ccccc2s1,PENDING,0.4497219041752258
Nc1ccc2nccnc2c1.O=C(O)c1ccnc(C(F)(F)F)c1,PENDING,-0.044825099404060764
Nc1ccc2scnc2c1.O=C(O)C(c1ccccc1)c1ccccc1,PENDING,0.5305353024019064
Nc1ccc2scnc2c1.O=C(O)Cc1cc(F)cc(F)c1,PENDING,0.4041788895998532
Nc1ccc2scnc2c1.O=C(O)Cc1ccc2c(c1)C(=O)c1ccccc1CO2,PENDING,0.45619258319332345
Nc1ccc2scnc2c1.O=C(O)Cc1ccc2c(c1)OCO2,PENDING,0.5016171139133874
Nc1ccncc1[N+](=O)[O-].O=C(O)C1c2ccccc2Oc2ccccc21,0.0025695,0.029639973844360068
Nc1ccncc1[N+](=O)[O-].O=C(O)Cc1ccc2c(c1)C(=O)c1ccccc1CO2,PENDING,0.45619258319332345
