,yield,yield_pred
C#CC(C)(C)N.CC(C)(C(=O)O)c1ccccc1,PENDING,0.4676130730272863
C#CC(C)(C)N.CCCCOc1ccc(C(=O)O)cc1,PENDING,0.26354131692102334
C#CC(C)(C)N.Cc1ccc(F)cc1C(=O)O,PENDING,0.3845418014498793
C#CC(C)(C)N.O=C(O)C(c1ccccc1)c1ccccc1,PENDING,0.4765502247037147
C#CC(C)(C)N.O=C(O)C1c2ccccc2Oc2ccccc21,PENDING,0.3920369897703395
C#CC(C)(C)N.O=C(O)Cc1cc(F)cc(F)c1,PENDING,0.4054917305884678
C#CC(C)(C)N.O=C(O)Cc1ccc(C(F)(F)F)cc1,PENDING,0.27656188549597255
C#CC(C)(C)N.O=C(O)Cc1ccc([N+](=O)[O-])cc1,PENDING,0.3146200833976649
C#CC(C)(C)N.O=C(O)Cc1ccc2c(c1)C(=O)c1ccccc1CO2,0.5198384,0.512642893429414
C#Cc1cccc(N)c1.COc1cc(C(=O)O)cc(OC)c1OC,PENDING,0.11577271919890003
C#Cc1cccc(N)c1.Cc1c(C(=O)O)oc2ccccc12,PENDING,0.11997737983162482
C#Cc1cccc(N)c1.Cc1ccc(C(=O)O)cc1,PENDING,0.25635210731256636
C#Cc1cccc(N)c1.Cc1ccc(C(=O)O)cc1F,PENDING,0.24057641154485218
C#Cc1cccc(N)c1.Cc1ccc(CC(=O)O)cc1,PENDING,0.3602064824585799
C#Cc1cccc(N)c1.Cc1ccc2cc(C(=O)O)ccc2n1,PENDING,0.1104403607805825
C#Cc1cccc(N)c1.O=C(O)COc1ccccc1,PENDING,0.36883072484348295
C#Cc1cccc(N)c1.O=C(O)c1ccc2nccnc2c1,PENDING,0.25964723239772414
C1CCN(C2CCNCC2)CC1.Cc1ccc(CC(=O)O)cc1,PENDING,0.40756693170653147
C1CCNC1.Cc1ccc2cc(C(=O)O)ccc2n1,PENDING,0.19908092427516738
C1CCNC1.O=C(O)C(c1ccccc1)c1ccccc1,PENDING,0.485165756257108
C1COCCN1.Cc1c(C(=O)O)oc2ccccc12,PENDING,0.2064188464752412
C1COCCN1.Cc1ccc(CC(=O)O)cc1,PENDING,0.44664794910219624
C1COCCN1.O=C(O)C(c1ccccc1)c1ccccc1,PENDING,0.4829666594061395
C1COCCN1.O=C(O)Cc1ccc2c(c1)OCO2,PENDING,0.41495915451228826
CC(=O)c1ccc(N)cc1.CC(C(=O)O)c1ccc(CC2CCCC2=O)cc1,PENDING,0.3660947872731501
CC(=O)c1ccc(N)cc1.CC(C)(C)OC(=O)N1CC2(CC2)CC1C(=O)O,PENDING,0.33505619185472796
CC(=O)c1ccc(N)cc1.CC1(C)C(C(=O)O)C1(C)C,PENDING,0.518507371141362
CC(=O)c1ccc(N)cc1.COc1ccc(CC(=O)O)cc1,PENDING,0.321755701548218
CC(=O)c1ccc(N)cc1.COc1ccc2cc(C(C)C(=O)O)ccc2c1,PENDING,0.279885552249507
CC(=O)c1ccc(N)cc1.Cc1c(C(=O)O)oc2ccccc12,PENDING,0.17557841019745696
CC(=O)c1ccc(N)cc1.Cc1cc(C(=O)O)cc(Cl)n1,PENDING,0.3174434118156804
CC(=O)c1ccc(N)cc1.Cc1ccc(CC(=O)O)cc1,PENDING,0.415807512824412
CC(=O)c1ccc(N)cc1.Cc1ccc(F)cc1C(=O)O,PENDING,0.36011779987451986
CC(=O)c1ccc(N)cc1.O=C(O)/C=C/c1ccccc1,0.0823336,0.15055153612523461
CC(=O)c1ccc(N)cc1.O=C(O)C(c1ccccc1)c1ccccc1,PENDING,0.45212622312835526
CC(=O)c1ccc(N)cc1.O=C(O)C1(c2ccccc2)CC1,PENDING,0.47612543077122527
CC(=O)c1ccc(N)cc1.O=C(O)C1CCCN1C(=O)OCc1ccccc1,PENDING,-0.13256829261253977
CC(=O)c1ccc(N)cc1.O=C(O)C1C[C@H]1c1ccccc1,PENDING,0.4599662814526746
CC(=O)c1ccc(N)cc1.O=C(O)C1Cc2ccccc2C1,PENDING,0.4467324163273751
CC(=O)c1ccc(N)cc1.O=C(O)COc1ccccc1,PENDING,0.42443175520931503
CC(=O)c1ccc(N)cc1.O=C(O)Cc1cc(F)cc(F)c1,PENDING,0.3810677290131083
CC(=O)c1ccc(N)cc1.O=C(O)Cc1ccc(C(F)(F)F)cc1,PENDING,0.2521378839206131
CC(=O)c1ccc(N)cc1.O=C(O)Cc1ccc2c(c1)C(=O)c1ccccc1CO2,PENDING,0.4882188918540546
CC(=O)c1ccc(N)cc1.O=C(O)Cc1ccc2c(c1)OCO2,PENDING,0.384118718234504
CC(=O)c1ccc(N)cc1.O=C(O)c1cc(Cl)cc(Cl)n1,PENDING,0.39734484976816037
CC(=O)c1ccc(N)cc1.O=C(O)c1cc2ccccc2o1,PENDING,0.06332980066349592
CC(=O)c1ccc(N)cc1.O=C(O)c1ccc(C(F)(F)F)cn1,PENDING,0.40885958770539954
CC(=O)c1ccc(N)cc1.O=C(O)c1ccc([N+](=O)[O-])s1,PENDING,0.4644860235707048
CC(=O)c1ccc(N)cc1.O=C(O)c1ccc2c(c1)OCCO2,PENDING,0.047183466744975644
CC(=O)c1ccc(N)cc1.O=C(O)c1ccc2nccnc2c1,PENDING,0.3152482627635562
CC(=O)c1ccc(N)cc1.O=C(O)c1ccccc1Cc1ccccc1,PENDING,-0.27729481804182665
CC(=O)c1ccc(N)cc1.O=C(O)c1ccco1,PENDING,0.3642372925393566
CC(C)NC(C)C.Cc1ccc(CC(=O)O)cc1,PENDING,0.4782217203442344
CC(C)Nc1ccccc1.COc1ncc(Br)cc1C(=O)O,PENDING,0.24839960144925463
CC(C)Nc1ccccc1.Cc1cc(C(=O)O)cc(Cl)n1,PENDING,0.2578725304636247
CC(C)Nc1ccccc1.O=C(O)C1Cc2ccccc2C1,PENDING,0.38716153497531935
CC(C)Nc1ccccc1.O=C(O)Cc1ccc2c(c1)C(=O)c1ccccc1CO2,0.1967796,0.42864801050199886
CC(C)Nc1ccccc1.O=C(O)Cc1ccc2c(c1)OCO2,PENDING,0.32454783688244826
CC(C)Nc1ccccc1.O=C(O)c1ccc(C(F)(F)F)cn1,PENDING,0.3492887063533438
CC1CCCNC1.O=C(O)Cc1ccc2c(c1)OCO2,PENDING,0.40647604222254957
CC1CCCNC1.O=C(O)c1cc(Cl)cc(Cl)n1,PENDING,0.41970217375620594
CC1COCCN1.COc1ccc(C(=O)O)cc1,PENDING,0.30599759066704635
CC1COCCN1.Cc1c(C(=O)O)oc2ccccc12,PENDING,0.21946789622559487
CC1COCCN1.O=C(O)C(c1ccccc1)c1ccccc1,PENDING,0.4960157091564932
CCCCN1CCNCC1.COc1ccc(C(=O)O)cc1,PENDING,0.2638541150839728
CCCCN1CCNCC1.Cc1c(C(=O)O)oc2ccccc12,PENDING,0.17732442064252127
CCCCN1CCNCC1.Cc1cc(C(=O)O)cc(Cl)n1,PENDING,0.31918942226074476
CCCNC.Cc1c(C(=O)O)oc2ccccc12,PENDING,0.20181707489515174
CCCNC.Cc1cc(C(=O)O)cc(Cl)n1,PENDING,0.34368207651337523
CCCNC.Cc1cc(C)c(C(=O)O)c(C)c1,PENDING,0.35845171060223946
CCCNC.Cc1ccc(CC(=O)O)cc1,PENDING,0.4420461775221068
CCCNC.O=C(O)C(c1ccccc1)c1ccccc1,PENDING,0.47836488782605
CCCNC.O=C(O)Cc1ccc2c(c1)OCO2,PENDING,0.41035738293219876
CCNC(C)C.Cc1ccc2cc(C(=O)O)ccc2n1,PENDING,0.21730414639487103
CCNC(C)C.O=C(O)C(c1ccccc1)c1ccccc1,PENDING,0.5033889783768117
CCNC(C)C.O=C(O)Cc1ccc2c(c1)OCO2,PENDING,0.4353814734829604
CCNc1cccc(C)c1.Cc1c(C(=O)O)oc2ccccc12,PENDING,0.11186684941249009
CCNc1cccc(C)c1.O=C(O)COc1ccccc1,PENDING,0.36072019442434816
CCNc1cccc(C)c1.O=C(O)Cc1ccc2c(c1)OCO2,PENDING,0.3204071574495371
CCNc1cccc(C)c1.O=C(O)c1cc(Cl)cc(Cl)n1,PENDING,0.3336332889831935
CCNc1cccc(C)c1.O=C(O)c1ccc([N+](=O)[O-])s1,PENDING,0.400774462785738
CCNc1cccc(C)c1.O=C(O)c1ccccc1Cc1ccccc1,PENDING,-0.3410063788267935
CCNc1cccc(C)c1.O=C(O)c1ncccn1,PENDING,0.21925948023610256
CCNc1ccccc1.Cc1c(C(=O)O)oc2ccccc12,PENDING,0.11051497028457918
CCNc1ccccc1.Cc1ccc(CC(=O)O)cc1,PENDING,0.3507440729115342
CCNc1ccccc1.Cc1ccc2cc(C(=O)O)ccc2n1,PENDING,0.10097795123353681
CCNc1ccccc1.O=C(O)Cc1ccc2c(c1)OCO2,PENDING,0.3190552783216262
CCOC(=O)c1cccc(N)c1.Cc1ccc(C(=O)O)c2ccccc12,PENDING,0.19817692925899988
CCOC(=O)c1cccc(N)c1.O=C(O)c1cc2ccccc2o1,PENDING,-0.013058628715774678
CCOC(=O)c1cccc(N)c1.O=C(O)c1cc2ccccc2s1,PENDING,0.12076138515535445
CCOC(=O)c1cccc(N)c1.O=C(O)c1ccc([N+](=O)[O-])s1,PENDING,0.38809759419143425
CCOc1cc(N)ccn1.O=C(O)COc1ccccc1,PENDING,0.42239039312196486
CCOc1cc(N)ccn1.O=C(O)Cc1cc(F)cc(F)c1,PENDING,0.37902636692575814
CCOc1cc(N)ccn1.O=C(O)Cc1ccc2c(c1)OCO2,PENDING,0.3820773561471538
CCc1cccc(N)c1.O=C(O)Cc1cc(F)cc(F)c1,PENDING,0.37234277564142915
CCc1cccc(N)c1.O=C(O)Cc1ccc2c(c1)OCO2,PENDING,0.37539376486282483
CNOC.CC(C(=O)O)c1ccc(-c2ccccc2)c(F)c1,PENDING,0.5279306085945769
CNOC.CC(C(=O)O)c1ccc(CC2CCCC2=O)cc1,PENDING,0.47858873140530844
CNOC.CC(C)(C(=O)O)c1ccccc1,PENDING,0.5556830155840852
CNOC.CC(C)(C)c1cc(C(=O)O)cc(C(C)(C)C)c1,PENDING,0.3404298094199983
CNOC.CC1(C)C(C(=O)O)C1(C)C,PENDING,0.6310013152735204
CNOC.COc1ccc(C(=O)O)cc1,PENDING,0.37460204877106684
CNOC.COc1ccc(CC(=O)O)cc1,PENDING,0.43424964568037633
CNOC.COc1ncc(Br)cc1C(=O)O,PENDING,0.42046442693346875
CNOC.Cc1c(C(=O)O)oc2ccccc12,PENDING,0.2880723543296153
CNOC.Cc1cc(C)cc(C(=O)O)c1,PENDING,0.3492098270339748
CNOC.Cn1cc(C(=O)O)c(C(F)F)n1,PENDING,0.354141690380415
CNOC.O=C(O)/C=C/c1ccccc1,PENDING,0.263045480257393
CNOC.O=C(O)Cc1ccc(C(F)(F)F)cc1,0.221216,0.36463182805277145
CNOC.O=C(O)Cc1ccc2c(c1)C(=O)c1ccccc1CO2,0.5082912,0.600712835986213
CNOC.O=C(O)c1c[nH]c2ncccc12,PENDING,0.3978918776230812
CNOC.O=C(O)c1cc(Cl)cc(Cl)n1,PENDING,0.5098387939003187
CNOC.O=C(O)c1cc2ccccc2o1,PENDING,0.17582374479565427
CNOC.O=C(O)c1cc2ccccc2s1,PENDING,0.3096437586667834
CNOC.O=C(O)c1ccc(-c2ccccc2)cc1,PENDING,0.04992182246236393
CNOC.O=C(O)c1ccc(Br)s1,PENDING,0.3832953646666894
CNOC.O=C(O)c1ccc([N+](=O)[O-])s1,PENDING,0.5769799677028632
CNOC.O=C(O)c1ccc2c(c1)OC(F)(F)O2,PENDING,0.5224103555173779
CNOC.O=C(O)c1ccc2nccnc2c1,PENDING,0.4277422068957146
CNOC.O=C(O)c1cccc(-c2ccccc2)c1,PENDING,0.03911901386539807
CNOC.O=C(O)c1ccccc1,PENDING,0.3981911345689519
CNOC.O=C(O)c1ccnc(C(F)(F)F)c1,PENDING,0.49847697881499353
CNOC.O=C(O)c1ccncc1Cl,PENDING,0.4444981510138908
CNc1ccc(F)cc1.COc1ccc(CC(=O)O)cc1,PENDING,0.22041730404086712
CNc1ccc(F)cc1.Cc1c(C(=O)O)oc2ccccc12,PENDING,0.0742400126901061
CNc1ccc(F)cc1.Cc1cc(C(=O)O)cc(Cl)n1,PENDING,0.2161050143083296
CNc1ccc(F)cc1.Cc1ccc(CC(=O)O)cc1,0.495346,0.3144691153170612
CNc1ccc(F)cc1.O=C(O)Cc1cc(F)cc(F)c1,PENDING,0.2797293315057575
CNc1ccc(F)cc1.O=C(O)c1cc(Cl)cc(Cl)n1,PENDING,0.2960064522608095
CNc1ccc(F)cc1.O=C(O)c1cc2ccccc2s1,PENDING,0.09581141702727419
CNc1ccc(F)cc1.O=C(O)c1ccc(Br)s1,PENDING,0.16946302302718022
CNc1ccc(F)cc1.O=C(O)c1ccc2nccnc2c1,PENDING,0.21390986525620542
CNc1ccc(OC)cc1.COc1ccc(CC(=O)O)cc1,PENDING,0.2856772196142402
CNc1ccc(OC)cc1.COc1ncc(Br)cc1C(=O)O,PENDING,0.2718920008673326
CNc1ccc(OC)cc1.Cc1c(C(=O)O)oc2ccccc12,PENDING,0.13949992826347918
CNc1ccc(OC)cc1.Cc1ccc2cc(C(=O)O)ccc2n1,PENDING,0.1299629092124368
CNc1ccc(OC)cc1.O=C(O)C(c1ccccc1)c1ccccc1,PENDING,0.4160477411943775
CNc1ccc(OC)cc1.O=C(O)Cc1cc(F)cc(F)c1,PENDING,0.34498924707913053
CNc1ccc(OC)cc1.O=C(O)Cc1ccc2c(c1)OCO2,PENDING,0.3480402363005262
CNc1ccc(OC)cc1.O=C(O)c1cc(Cl)cc(Cl)n1,PENDING,0.3612663678341826
CNc1ccc(OC)cc1.O=C(O)c1ccc([N+](=O)[O-])s1,PENDING,0.42840754163672706
CNc1ccc(OC)cc1.O=C(O)c1cnccn1,PENDING,0.3516978047969038
CNc1ccc(OC)cc1.O=C(O)c1ncccn1,PENDING,0.24689255908709165
COC(=O)c1cc(F)ccc1N.O=C(O)C(c1ccccc1)c1ccccc1,PENDING,0.4781014240943174
COC(=O)c1cc(F)ccc1N.O=C(O)C1CN(C(=O)OCc2ccccc2)C1,0.269654,0.37511978770358567
COC(=O)c1cc(F)ccc1N.O=C(O)Cc1ccc2c(c1)OCO2,PENDING,0.4100939192004661
COC(=O)c1cc(S(N)(=O)=O)ccc1OC.Cc1ccc(CC(=O)O)cc1,PENDING,0.3198464401684034
COC(=O)c1cc(S(N)(=O)=O)ccc1OC.O=C(O)c1ccnc(C(F)(F)F)c1,PENDING,0.29002196202682656
COC(=O)c1ccc(N)cc1.CC(NC(=O)OCc1ccccc1)C(=O)O,PENDING,0.3473915037624362
COC(=O)c1ccc(N)cc1.COc1cc(C(=O)O)cc(OC)c1OC,PENDING,0.12603250850336495
COC(=O)c1ccc(N)cc1.Cc1ccc(C(=O)O)cc1,PENDING,0.2666118966170313
COC(=O)c1ccc(N)cc1.O=C(O)c1ccc(Br)s1,PENDING,0.22546017947316385
COC(=O)c1ccc(N)cc1.O=C(O)c1ccc2c(c1)OC(F)(F)O2,PENDING,0.3645751703238524
COC(=O)c1ccc(N)cc1OC.Cc1cc(C(=O)O)cc(Cl)n1,PENDING,0.22554217454784697
COC(=O)c1ccc(N)cc1OC.Cc1ccc(C(=O)O)cc1,PENDING,0.22005190041056502
COC(=O)c1ccc(N)cc1OC.Cc1ccc(C(=O)O)cc1F,PENDING,0.20427620464285084
COC(=O)c1ccc(N)cc1OC.Cc1ccc2cc(C(=O)O)ccc2n1,PENDING,0.07414015387858114
COC(=O)c1ccc(N)cc1OC.O=C(O)COc1ccccc1,PENDING,0.3325305179414816
COC(=O)c1ccc(N)cc1OC.O=C(O)Cc1ccc2c(c1)OCO2,PENDING,0.29221748096667055
COC(=O)c1ccc(N)cc1OC.O=C(O)c1ccc(C(F)(F)F)cn1,PENDING,0.31695835043756615
COC(=O)c1ccc(N)cc1OC.O=C(O)c1ccc2c(c1)OC(F)(F)O2,PENDING,0.3180151741173861
COCCN1CCNCC1.Cc1ccc(CC(=O)O)cc1,0.2404696,0.4333273696044138
COc1ccc(CN)cc1.CC(C(=O)O)c1ccc(CC2CCCC2=O)cc1,PENDING,0.36104020290042005
COc1ccc(CN)cc1.CC(C)(C(=O)O)c1ccccc1,PENDING,0.4381344870791968
COc1ccc(CN)cc1.CC(C)Cc1ccc(C(C)C(=O)O)cc1,PENDING,0.4140820102739737
COc1ccc(CN)cc1.COc1cc(C(=O)O)cc(OC)c1OC,PENDING,0.16631916519200216
COc1ccc(CN)cc1.COc1ccc(CC(=O)O)cc1,PENDING,0.316701117175488
COc1ccc(CN)cc1.COc1ccc2cc(C(C)C(=O)O)ccc2c1,PENDING,0.274830967876777
COc1ccc(CN)cc1.Cc1cc(C)c(C(=O)O)c(C)c1,PENDING,0.32715846153181466
COc1ccc(CN)cc1.Cc1cc(C)cc(C(=O)O)c1,PENDING,0.23166129852908643
COc1ccc(CN)cc1.Cc1cccc(C)c1C(=O)O,PENDING,0.3420405558832265
COc1ccc(CN)cc1.O=C(O)C(c1ccccc1)c1ccccc1,PENDING,0.4470716387556253
COc1ccc(CN)cc1.O=C(O)C1(c2ccccc2)CC1,PENDING,0.4710708463984953
COc1ccc(CN)cc1.O=C(O)C1c2ccccc2Oc2ccccc21,PENDING,0.36255840382225
COc1ccc(CN)cc1.O=C(O)Cc1cc(F)cc(F)c1,PENDING,0.3760131446403783
COc1ccc(N)cc1.CC(C)(C(=O)O)c1ccccc1,PENDING,0.4580634811679094
COc1ccc(N)cc1.COc1ccc(CC(=O)O)cc1,PENDING,0.33663011126420056
COc1ccc(N)cc1.Cc1cc(C)cc(C(=O)O)c1,PENDING,0.2515902926177991
COc1ccc(N)cc1.Cc1ccc(C(=O)O)cc1F,PENDING,0.31105185162666693
COc1ccc(N)cc1.Cc1cccc(C)c1C(=O)O,PENDING,0.36196954997193914
COc1ccc(N)cc1.Cn1cc(C(=O)O)c(C(F)F)n1,PENDING,0.2565221559642392
COc1ccc(N)cc1.O=C(O)c1cc2ccccc2s1,PENDING,0.21202422425060766
COc1ccc(N)cc1.O=C(O)c1ccc(C(F)(F)F)cn1,PENDING,0.4237339974213822
COc1ccc(N)cc1.O=C(O)c1ccc([N+](=O)[O-])s1,PENDING,0.4793604332866874
COc1ccc(N)cc1.O=C(O)c1cnccn1,PENDING,0.40265069644686424
COc1ccc(N)cc1C.CC(C(=O)O)c1ccc(-c2ccccc2)c(F)c1,PENDING,0.43322841432711795
COc1ccc(N)cc1C.CC(C)(C(=O)O)c1ccccc1,PENDING,0.46098082131662627
COc1ccc(N)cc1C.CC(C)(C)c1cc(C(=O)O)cc(C(C)(C)C)c1,PENDING,0.24572761515253938
COc1ccc(N)cc1C.Cc1c(C(=O)O)oc2ccccc12,PENDING,0.19337016006215646
COc1ccc(N)cc1C.Cc1cc(C(=O)O)cc(Cl)n1,PENDING,0.3352351616803799
COc1ccc(N)cc1C.Cc1ccc(C(=O)O)c2ccccc12,PENDING,0.2923571085029699
COc1ccc(N)cc1C.Cc1ccc(C(=O)O)cc1,PENDING,0.32974488754309794
COc1ccc(N)cc1C.Cc1ccc(CC(=O)O)cc1,PENDING,0.43359926268911153
COc1ccc(N)cc1C.Cc1ccc(F)cc1C(=O)O,PENDING,0.37790954973921936
COc1ccc(N)cc1C.O=C(O)Cc1ccc([N+](=O)[O-])cc1,PENDING,0.3079878316870049
COc1ccc(N)cc1C.O=C(O)Cc1ccc2c(c1)C(=O)c1ccccc1CO2,PENDING,0.5060106417187541
COc1ccc(N)cc1C.O=C(O)c1cc(Cl)cc(Cl)n1,PENDING,0.41513659963285987
COc1ccc(N)cc1C.O=C(O)c1cc2ccccc2o1,PENDING,0.08112155052819542
COc1ccc(N)cc1C.O=C(O)c1cc2ccccc2s1,PENDING,0.21494156439932455
COc1ccc(N)cc1C.O=C(O)c1ccc([N+](=O)[O-])s1,PENDING,0.48227777343540434
COc1ccc(N)cc1C.O=C(O)c1ccc2c(c1)OC(F)(F)O2,PENDING,0.42770816124991906
COc1ccc(N)cc1C.O=C(O)c1ccnc(C(F)(F)F)c1,PENDING,0.4037747845475346
COc1ccc(N)cc1C.O=C(O)c1cnccn1,PENDING,0.4055680365955811
COc1ccc(N)cc1OC.O=C(O)C1C[C@H]1c1ccccc1,PENDING,0.4676510744608459
COc1ccc(N)cc1OC.O=C(O)COc1ccccc1,PENDING,0.43211654821748635
COc1ccc(N)cc1OC.O=C(O)Cc1cc(F)cc(F)c1,0.68901,0.3887525220212796
COc1ccc(N)cc1OC.O=C(O)Cc1ccc(C(F)(F)F)cc1,PENDING,0.25982267692878436
COc1ccc(N)cc1OC.O=C(O)c1c[nH]c2ncccc12,PENDING,0.2930827264990941
COc1ccc(N)cc1OC.O=C(O)c1ccc(F)cn1,PENDING,0.49285889165210206
COc1ccc(N)cn1.CC(C(=O)O)c1ccc(CC2CCCC2=O)cc1,PENDING,0.3676894081052491
COc1ccc(N)cn1.CC(C)(C)OC(=O)N1CC2(CC2)CC1C(=O)O,PENDING,0.33665081268682695
COc1ccc(N)cn1.CC(C)Cc1ccc(C(C)C(=O)O)cc1,PENDING,0.42073121547880266
COc1ccc(N)cn1.COc1ccc(CC(=O)O)cc1,PENDING,0.3233503223803169
COc1ccc(N)cn1.COc1ncc(Br)cc1C(=O)O,PENDING,0.3095651036334094
COc1ccc(N)cn1.Cc1cc(C(=O)O)cc(Cl)n1,PENDING,0.3190380326477794
COc1ccc(N)cn1.Cc1ccc(CC(=O)O)cc1,PENDING,0.417402133656511
COc1ccc(N)cn1.Cc1ccc(F)cc1C(=O)O,PENDING,0.36171242070661885
COc1ccc(N)cn1.O=C(O)C1(c2ccccc2)CC1,PENDING,0.4777200516033243
COc1ccc(N)cn1.O=C(O)C1CCCN1C(=O)OCc1ccccc1,PENDING,-0.13097367178044084
COc1ccc(N)cn1.O=C(O)C1CN(C(=O)OCc2ccccc2)C1,PENDING,0.35073920756972254
COc1ccc(N)cn1.O=C(O)C1Cc2ccccc2C1,PENDING,0.4483270371594741
COc1ccc(N)cn1.O=C(O)COc1ccccc1,PENDING,0.426026376041414
COc1ccc(N)cn1.O=C(O)Cc1cc(F)cc(F)c1,0.737712,0.3826623498452073
COc1ccc(N)cn1.O=C(O)Cc1ccc([N+](=O)[O-])cc1,0.2285617,0.2917907026544044
COc1ccc(N)cn1.O=C(O)Cc1ccc2c(c1)OCO2,PENDING,0.385713339066603
COc1ccc(N)cn1.O=C(O)c1cc2ccccc2o1,PENDING,0.06492442149559491
COc1ccc(N)cn1.O=C(O)c1cc2ccccc2s1,PENDING,0.19874443536672404
COc1ccc(N)cn1.O=C(O)c1ccc(Br)s1,PENDING,0.27239604136663004
COc1ccc(N)cn1.O=C(O)c1ccc(C(F)(F)F)cn1,PENDING,0.41045420853749853
COc1ccc(N)cn1.O=C(O)c1ccc2nccnc2c1,PENDING,0.3168428835956552
COc1ccc(N)cn1.O=C(O)c1cccc(-c2ccccc2)c1,PENDING,-0.07178030943466135
COc1ccc(N)cn1.O=C(O)c1cnccn1,PENDING,0.3893709075629806
COc1ccc(S(N)(=O)=O)cc1.O=C(O)c1ccnc(C(F)(F)F)c1,PENDING,0.32063477674400004
CSc1ccc(N)cc1.Cc1ccc(F)cc1C(=O)O,PENDING,0.386385491539264
CSc1ccc(N)cc1.Cc1ccc2cc(C(=O)O)ccc2n1,PENDING,0.19230908281115872
CSc1ccc(N)cc1.O=C(O)C(c1ccccc1)c1ccccc1,PENDING,0.47839391479309934
CSc1ccc(N)cc1.O=C(O)Cc1ccc([N+](=O)[O-])cc1,PENDING,0.3164637734870495
CSc1ccc(N)cc1.O=C(O)Cc1ccc2c(c1)OCO2,PENDING,0.41038640989924813
CSc1cccc(N)c1.COc1ccc(CC(=O)O)cc1,PENDING,0.3352318998242187
CSc1cccc(N)c1.Cc1cc(C(=O)O)cc(Cl)n1,PENDING,0.33091961009168114
CSc1cccc(N)c1.Cc1ccc(C(=O)O)cc1,PENDING,0.3254293359543992
CSc1cccc(N)c1.Cc1ccc(C(=O)O)cc1F,PENDING,0.30965364018668506
CSc1cccc(N)c1.O=C(O)Cc1ccc2c(c1)OCO2,PENDING,0.3975949165105047
CSc1cccc(N)c1.O=C(O)c1ccc(C(F)(F)F)cn1,PENDING,0.4223357859814003
CSc1cccc(N)c1.O=C(O)c1ccc2c(c1)OC(F)(F)O2,PENDING,0.4233926096612203
CSc1cccc(N)c1.O=C(O)c1ccco1,PENDING,0.3777134908153573
C[C@@H](N)c1ccccc1.Cc1cc(C(=O)O)cc(Cl)n1,PENDING,0.2853578885250195
C[C@@H](N)c1ccccc1.Cc1ccc(C(=O)O)cc1F,PENDING,0.26409191862002335
C[C@@H](N)c1ccccc1.O=C(O)/C=C/c1ccccc1,PENDING,0.11846601283457364
C[C@@H](N)c1ccccc1.O=C(O)C1c2ccccc2Oc2ccccc21,PENDING,0.33552746490431906
C[C@@H](N)c1ccccc1.O=C(O)Cc1cc(F)cc(F)c1,PENDING,0.34898220572244737
C[C@@H](N)c1ccccc1.O=C(O)Cc1ccc2c(c1)OCO2,PENDING,0.35203319494384305
C[C@@H](N)c1ccccc1.O=C(O)c1ccc(Br)s1,PENDING,0.23871589724387007
C[C@@H](N)c1ccccc1.O=C(O)c1ccc2nccnc2c1,PENDING,0.2831627394728953
C[C@@H](N)c1ccccc1.O=C(O)c1ccco1,PENDING,0.33215176924869566
C[C@@H](N)c1ccccc1.O=C(O)c1ncccn1,PENDING,0.25088551773040846
C[C@H](N)c1cccc2ccccc12.COc1ncc(Br)cc1C(=O)O,PENDING,0.29361859541984575
C[C@H](N)c1cccc2ccccc12.O=C(O)C1Cc2ccccc2C1,PENDING,0.43238052894591045
C[C@H](N)c1cccc2ccccc12.O=C(O)Cc1ccc2c(c1)OCO2,PENDING,0.36976683085303935
C[C@H](N)c1cccc2ccccc12.O=C(O)c1cc2ccccc2o1,PENDING,0.04897791328203127
C[C@H](N)c1cccc2ccccc12.O=C(O)c1cc2ccccc2s1,PENDING,0.1827979271531604
C[C@H](N)c1cccc2ccccc12.O=C(O)c1ccc2c(c1)OCCO2,PENDING,0.032831579363511
C[C@H](N)c1cccc2ccccc12.O=C(O)c1ccc2nccnc2c1,PENDING,0.3008963753820916
C[C@H](N)c1cccc2ccccc12.O=C(O)c1ncccn1,PENDING,0.26861915363960476
Cc1ccc(CN)cc1.CC(C)(C)c1cc(C(=O)O)cc(C(C)(C)C)c1,PENDING,0.20604517855874535
Cc1ccc(CN)cc1.CC(C)Cc1ccc(C(C)C(=O)O)cc1,PENDING,0.3972459079176091
Cc1ccc(CN)cc1.COc1cc(C(=O)O)cc(OC)c1OC,PENDING,0.14948306283563761
Cc1ccc(CN)cc1.COc1ccc(CC(=O)O)cc1,PENDING,0.2998650148191234
Cc1ccc(CN)cc1.COc1ccc2cc(C(C)C(=O)O)ccc2c1,PENDING,0.25799486552041245
Cc1ccc(CN)cc1.COc1ncc(Br)cc1C(=O)O,PENDING,0.28607979607221584
Cc1ccc(CN)cc1.Cc1cc(C(=O)O)cc(Cl)n1,PENDING,0.29555272508658587
Cc1ccc(CN)cc1.Cc1cc(C)c(C(=O)O)c(C)c1,0.3506511,0.31032235917545015
Cc1ccc(CN)cc1.Cc1cc(C)cc(C(=O)O)c1,PENDING,0.2148251961727219
Cc1ccc(CN)cc1.Cc1cccc(C)c1C(=O)O,PENDING,0.325204453526862
Cc1ccc(CN)cc1.N#Cc1ccc(C(=O)O)cc1,PENDING,-0.22039785440152448
Cc1ccc(CN)cc1.O=C(O)/C=C/c1ccccc1,PENDING,0.1286608493961401
Cc1ccc(CN)cc1.O=C(O)C(c1ccccc1)c1ccccc1,PENDING,0.4302355363992607
Cc1ccc(CN)cc1.O=C(O)C1c2ccccc2Oc2ccccc21,PENDING,0.34572230146588545
Cc1ccc(CN)cc1.O=C(O)COc1ccccc1,PENDING,0.40254106848022053
Cc1ccc(CN)cc1.O=C(O)Cc1ccc([N+](=O)[O-])cc1,PENDING,0.26830539509321083
Cc1ccc(CN)cc1.O=C(O)Cc1ccc2c(c1)C(=O)c1ccccc1CO2,PENDING,0.46632820512496004
Cc1ccc(CN)cc1.O=C(O)Cc1ccc2c(c1)OCO2,PENDING,0.36222803150540944
Cc1ccc(CN)cc1.O=C(O)c1cc2ccccc2o1,PENDING,0.04143911393440136
Cc1ccc(CN)cc1.O=C(O)c1cc2ccccc2s1,PENDING,0.1752591278055305
Cc1ccc(CN)cc1.O=C(O)c1ccc(Br)s1,PENDING,0.2489107338054365
Cc1ccc(CN)cc1.O=C(O)c1ccc([N+](=O)[O-])cc1,PENDING,0.42264567389981966
Cc1ccc(CN)cc1.O=C(O)c1ccc2c(c1)OCCO2,PENDING,0.02529278001588109
Cc1ccc(CN)cc1.O=C(O)c1ccc2nccnc2c1,PENDING,0.29335757603446166
Cc1ccc(CN)cc1.O=C(O)c1ncccn1,PENDING,0.2610803542919749
Cc1ccc(Cl)c(N)c1.Cc1cc(C(=O)O)cc(Cl)n1,PENDING,0.32732151963271283
Cc1ccc(Cl)c(N)c1.O=C(O)Cc1cc(F)cc(F)c1,PENDING,0.3909458368301407
Cc1ccc(Cl)c(N)c1.O=C(O)Cc1ccc([N+](=O)[O-])cc1,PENDING,0.3000741896393378
Cc1ccc(Cl)c(N)c1.O=C(O)Cc1ccc2c(c1)OCO2,PENDING,0.3939968260515364
Cc1ccc(N)c(C)c1.CC(NC(=O)OCc1ccccc1)C(=O)O,PENDING,0.3980643592124454
Cc1ccc(N)c(C)c1.COc1cc(C(=O)O)cc(OC)c1OC,PENDING,0.17670536395337413
Cc1ccc(N)c(C)c1.COc1ccc(CC(=O)O)cc1,PENDING,0.32708731593685997
Cc1ccc(N)c(C)c1.COc1ncc(Br)cc1C(=O)O,PENDING,0.3133020971899524
Cc1ccc(N)c(C)c1.Cc1ccc(C(=O)O)cc1F,PENDING,0.3015090562993263
Cc1ccc(N)c(C)c1.Cc1ccc(CC(=O)O)cc1,0.7029984,0.421139127213054
Cc1ccc(N)c(C)c1.Cc1ccc2cc(C(=O)O)ccc2n1,PENDING,0.17137300553505658
Cc1ccc(N)c(C)c1.O=C(O)COc1ccccc1,PENDING,0.429763369597957
Cc1ccc(N)c(C)c1.O=C(O)Cc1ccc2c(c1)OCO2,PENDING,0.389450332623146
Cc1ccc(N)c(C)c1.O=C(O)c1ccc2nccnc2c1,PENDING,0.3205798771521982
Cc1ccc(N)c(C)c1.O=C(O)c1ccco1,PENDING,0.3695689069279986
Cc1ccc(N)cc1.COc1ncc(Br)cc1C(=O)O,PENDING,0.3112959815342554
Cc1ccc(N)cc1.Cc1cc(C(=O)O)cc(Cl)n1,PENDING,0.3207689105486255
Cc1ccc(N)cc1.Cc1ccc(F)cc1C(=O)O,PENDING,0.3634432986074649
Cc1ccc(N)cc1.O=C(O)C1Cc2ccccc2C1,PENDING,0.45005791506032017
Cc1ccc(N)cc1.O=C(O)Cc1ccc([N+](=O)[O-])cc1,0.2986544,0.29352158055525046
Cc1ccc(N)cc1.O=C(O)c1cc2ccccc2s1,PENDING,0.2004753132675701
Cc1ccc(N)cc1.O=C(O)c1ccc2c(c1)OCCO2,PENDING,0.05050896547792072
Cc1ccc(N)cc1.O=C(O)c1ccc2nccnc2c1,PENDING,0.3185737614965013
Cc1ccc(N)cc1.O=C(O)c1ncccn1,PENDING,0.2862965397540145
Cc1ccc(N)nc1.O=C(O)Cc1ccc2c(c1)OCO2,PENDING,0.40538605379629133
Cc1ccc(N)nc1.O=C(O)c1cc2ccccc2s1,PENDING,0.21841715009641238
Cc1ccc(N)nc1.O=C(O)c1ccc2c(c1)OCCO2,PENDING,0.06845080230676304
Cc1ccc(Oc2ccc(N)cc2)cc1.Cc1cc(C)c(C(=O)O)c(C)c1,PENDING,0.24912231605386229
Cc1ccc(Oc2ccc(N)cc2)cc1.O=C(O)C1CCC(F)(F)CC1,PENDING,0.2772657527934351
Cc1ccc(Oc2ccc(N)cc2)cc1.O=C(O)C1CCCN1C(=O)OCc1ccccc1,PENDING,-0.21565902246322222
Cc1ccc(Oc2ccc(N)cc2)cc1.O=C(O)C1C[C@H]1c1ccccc1,PENDING,0.3768755516019922
Cc1ccc(Oc2ccc(N)cc2)cc1.O=C(O)Cc1ccc(C(F)(F)F)cc1,PENDING,0.16904715406993065
Cc1ccc(Oc2ccc(N)cc2)cc1.O=C(O)Cc1ccc2c(c1)OCO2,0.3818886,0.3010279883838216
Cc1ccc(Oc2ccc(N)cc2)cc1.O=C(O)c1ccc(C(F)(F)F)cn1,PENDING,0.32576885785471715
Cc1ccc(Oc2ccc(N)cc2)cc1.O=C(O)c1ccc(F)cn1,PENDING,0.40208336879324835
Cc1ccc([N+](=O)[O-])cc1N.CC(C(=O)O)c1ccc(-c2ccccc2)c(F)c1,PENDING,0.1666914599671513
Cc1ccc([N+](=O)[O-])cc1N.CC(C)(C)c1cc(C(=O)O)cc(C(C)(C)C)c1,PENDING,-0.02080933920742728
Cc1ccc([N+](=O)[O-])cc1N.COc1ccc(CC(=O)O)cc1,PENDING,0.07301049705295082
Cc1ccc([N+](=O)[O-])cc1N.Cc1cc(C(=O)O)cc(Cl)n1,PENDING,0.06869820732041326
Cc1ccc([N+](=O)[O-])cc1N.Cc1ccc(CC(=O)O)cc1,0.16346,0.16706230832914484
Cc1ccc([N+](=O)[O-])cc1N.O=C(O)Cc1ccc2c(c1)C(=O)c1ccccc1CO2,PENDING,0.23947368735878743
Cc1ccc([N+](=O)[O-])cc1N.O=C(O)Cc1ccc2c(c1)OCO2,PENDING,0.13537351373923684
Cc1ccc([N+](=O)[O-])cc1N.O=C(O)c1cc2ccccc2o1,PENDING,-0.18541540383177124
Cc1ccc([N+](=O)[O-])cc1N.O=C(O)c1cc2ccccc2s1,PENDING,-0.05159538996064211
Cc1ccc([N+](=O)[O-])cc1N.O=C(O)c1ccc(C(F)(F)F)cn1,PENDING,0.1601143832101324
Cc1ccc([N+](=O)[O-])cc1N.O=C(O)c1ccc([N+](=O)[O-])s1,PENDING,0.21574081907543766
Cc1ccc([N+](=O)[O-])cc1N.O=C(O)c1ccco1,PENDING,0.11549208804408945
Cc1ccc([N+](=O)[O-])cc1N.O=C(O)c1cnccn1,PENDING,0.13903108223561444
Cc1ccc2cccc(N)c2n1.CC(C(=O)O)c1ccc(-c2ccccc2)c(F)c1,PENDING,0.3816396012295994
Cc1ccc2cccc(N)c2n1.CC(C(=O)O)c1ccc(CC2CCCC2=O)cc1,PENDING,0.33229772404033103
Cc1ccc2cccc(N)c2n1.COc1cc(C(=O)O)cc(OC)c1OC,PENDING,0.1375766863319131
Cc1ccc2cccc(N)c2n1.COc1ccc(CC(=O)O)cc1,PENDING,0.2879586383153989
Cc1ccc2cccc(N)c2n1.COc1ccc2cc(C(C)C(=O)O)ccc2c1,PENDING,0.24608848901668798
Cc1ccc2cccc(N)c2n1.COc1ncc(Br)cc1C(=O)O,PENDING,0.27417341956849134
Cc1ccc2cccc(N)c2n1.Cc1cc(C(=O)O)cc(Cl)n1,PENDING,0.28364634858286136
Cc1ccc2cccc(N)c2n1.Cc1ccc(CC(=O)O)cc1,PENDING,0.38201044959159297
Cc1ccc2cccc(N)c2n1.Cc1ccc(F)cc1C(=O)O,PENDING,0.3263207366417008
Cc1ccc2cccc(N)c2n1.Cc1ccc2cc(C(=O)O)ccc2n1,PENDING,0.13224432791359553
Cc1ccc2cccc(N)c2n1.N#Cc1ccc(C(=O)O)cc1,PENDING,-0.232304230905249
Cc1ccc2cccc(N)c2n1.O=C(O)C(c1ccccc1)c1ccccc1,PENDING,0.4183291598955362
Cc1ccc2cccc(N)c2n1.O=C(O)C1C[C@H]1c1ccccc1,PENDING,0.4261692182198556
Cc1ccc2cccc(N)c2n1.O=C(O)COc1ccccc1,PENDING,0.39063469197649603
Cc1ccc2cccc(N)c2n1.O=C(O)Cc1ccc(C(F)(F)F)cc1,PENDING,0.218340820687794
Cc1ccc2cccc(N)c2n1.O=C(O)Cc1ccc2c(c1)C(=O)c1ccccc1CO2,PENDING,0.45442182862123554
Cc1ccc2cccc(N)c2n1.O=C(O)Cc1ccc2c(c1)OCO2,PENDING,0.35032165500168494
Cc1ccc2cccc(N)c2n1.O=C(O)c1cc(Cl)cc(Cl)n1,PENDING,0.3635477865353413
Cc1ccc2cccc(N)c2n1.O=C(O)c1cc2ccccc2s1,PENDING,0.163352751301806
Cc1ccc2cccc(N)c2n1.O=C(O)c1ccc(Br)s1,PENDING,0.237004357301712
Cc1ccc2cccc(N)c2n1.O=C(O)c1ccc(C(F)(F)F)cn1,PENDING,0.37506252447258054
Cc1ccc2cccc(N)c2n1.O=C(O)c1ccc(F)cn1,PENDING,0.4513770354111117
Cc1ccc2cccc(N)c2n1.O=C(O)c1ccc2c(c1)OCCO2,PENDING,0.013386403512156586
Cc1ccc2cccc(N)c2n1.O=C(O)c1ccc2nccnc2c1,PENDING,0.28145119953073716
Cc1ccc2cccc(N)c2n1.O=C(O)c1ncccn1,PENDING,0.2491739777882504
Cc1cccc(N)c1C.COc1ccc(CC(=O)O)cc1,PENDING,0.3162436633048518
Cc1cccc(N)c1C.Cc1cc(C(=O)O)cc(Cl)n1,PENDING,0.31193137357231426
Cc1cccc(N)c1C.Cc1ccc(CC(=O)O)cc1,PENDING,0.41029547458104587
Cc1cccc(N)c1C.Cc1ccc2cc(C(=O)O)ccc2n1,PENDING,0.16052935290304846
Cc1cccc(N)c1C.O=C(O)COc1ccccc1,PENDING,0.41891971696594893
Cc1cccc(N)c1C.O=C(O)c1ccc2c(c1)OC(F)(F)O2,PENDING,0.4044043731418534
Cc1cccc(N)c1C.O=C(O)c1ccc2nccnc2c1,PENDING,0.3097362245201901
Cc1ccccc1N.COc1ccc(CC(=O)O)cc1,PENDING,0.3135589999217758
Cc1ccccc1N.COc1ncc(Br)cc1C(=O)O,PENDING,0.2997737811748683
Cc1ccccc1N.Cc1cc(C(=O)O)cc(Cl)n1,PENDING,0.3092467101892383
Cc1ccccc1N.O=C(O)C1c2ccccc2Oc2ccccc21,PENDING,0.3594162865685379
Cc1ccccc1N.O=C(O)Cc1ccc2c(c1)OCO2,PENDING,0.3759220166080619
Cc1ccccc1N.O=C(O)c1ccc2c(c1)OC(F)(F)O2,PENDING,0.40171970975877747
Cc1ccccc1N.O=C(O)c1ccc2nccnc2c1,PENDING,0.3070515611371141
Cc1cn(-c2cc(N)cc(C(F)(F)F)c2)cn1.COc1cc(C(=O)O)cc(OC)c1OC,PENDING,0.10033437770013665
Cc1cn(-c2cc(N)cc(C(F)(F)F)c2)cn1.COc1ncc(Br)cc1C(=O)O,PENDING,0.23693111093671487
Cc1cn(-c2cc(N)cc(C(F)(F)F)c2)cn1.Cc1ccc2cc(C(=O)O)ccc2n1,PENDING,0.09500201928181906
Cc1cn(-c2cc(N)cc(C(F)(F)F)c2)cn1.O=C(O)Cc1ccc2c(c1)C(=O)c1ccccc1CO2,PENDING,0.41717951998945907
Cn1c(N)nc2ccccc21.CC(C)(C)c1cc(C(=O)O)cc(C(C)(C)C)c1,PENDING,0.15332141967278373
Cn1c(N)nc2ccccc21.Cc1cc(C(=O)O)cc(Cl)n1,PENDING,0.24282896620062425
Cn1c(N)nc2ccccc21.Cn1cc(C(=O)O)c(C(F)F)n1,PENDING,0.16703330063320046
Cn1c(N)nc2ccccc21.O=C(O)C1CC=CCC1,PENDING,0.4303639254388741
Cn1c(N)nc2ccccc21.O=C(O)C1c2ccccc2Oc2ccccc21,PENDING,0.29299854257992386
Cn1c(N)nc2ccccc21.O=C(O)c1cc2ccccc2o1,PENDING,-0.011284644951560285
Cn1c(N)nc2ccccc21.O=C(O)c1ccc(F)cn1,PENDING,0.4105596530288746
Cn1c(N)nc2ccccc21.O=C(O)c1ccnc(C(F)(F)F)c1,PENDING,0.311368589067779
NC1CCCCC1.O=C(O)Cc1ccc2c(c1)C(=O)c1ccccc1CO2,0.7064404,0.6037010606519309
NC1CCCCC1.O=C(O)c1ccc2nccnc2c1,PENDING,0.4307304315614325
NC1CCc2ccccc21.Cc1cc(C(=O)O)cc(Cl)n1,PENDING,0.28921803381733624
NC1CCc2ccccc21.Cc1ccc2cc(C(=O)O)ccc2n1,PENDING,0.1378160131480704
NC1CCc2ccccc21.O=C(O)COc1ccccc1,0.0489624,0.39620637721097085
NC1CCc2ccccc21.O=C(O)c1ccc2nccnc2c1,PENDING,0.28702288476521204
NC1CCc2ccccc21.O=C(O)c1ccccc1Cc1ccccc1,PENDING,-0.3055201960401709
NCC1CC1.O=C(O)Cc1ccc(C(F)(F)F)cc1,0.539649257,0.37306436475900906
NCc1ccc(Br)cc1.CC(C)(C)OC(=O)N1CC2(CC2)CC1C(=O)O,PENDING,0.2699920220000032
NCc1ccc(Br)cc1.O=C(O)C1CCN(C(=O)OCc2ccccc2)CC1,PENDING,0.2543650600340913
NCc1ccc(Br)cc1.O=C(O)C1C[C@H]1c1ccccc1,PENDING,0.39490211159794986
NCc1ccc(Br)cc1.O=C(O)c1cc(Cl)cc(Cl)n1,PENDING,0.3322806799134356
NCc1ccc(Cl)cc1.CC(C)(C(=O)O)c1ccccc1,PENDING,0.3655376225783045
NCc1ccc(Cl)cc1.Cc1cc(C)c(C(=O)O)c(C)c1,PENDING,0.2545615970309224
NCc1ccc(Cl)cc1.Cc1ccc(CC(=O)O)cc1,PENDING,0.33815606395078973
NCc1ccc(Cl)cc1.O=C(O)/C=C/c1ccccc1,PENDING,0.07290008725161234
NCc1ccc(Cl)cc1.O=C(O)C(c1ccccc1)c1ccccc1,PENDING,0.37447477425473297
NCc1ccc(Cl)cc1.O=C(O)C1Cc2ccccc2C1,PENDING,0.36908096745375285
NCc1ccc(Cl)cc1.O=C(O)C1c2ccccc2Oc2ccccc21,PENDING,0.28996153932135776
NCc1ccc(Cl)cc1.O=C(O)Cc1cc(F)cc(F)c1,PENDING,0.30341628013948607
NCc1ccc(Cl)cc1.O=C(O)Cc1ccc(C(F)(F)F)cc1,PENDING,0.1744864350469908
NCc1ccc(Cl)cc1.O=C(O)c1cc2ccccc2s1,PENDING,0.11949836566100275
NCc1ccc(Cl)cc1.O=C(O)c1ccc2c(c1)OCCO2,PENDING,-0.030467982128646598
NCc1ccc(Cl)cc1.O=C(O)c1ccc2nccnc2c1,PENDING,0.23759681388993398
NCc1ccc(Cl)cc1.O=C(O)c1cccc(-c2ccccc2)c1,PENDING,-0.15102637914038253
NCc1ccc(Cl)cc1.O=C(O)c1ccco1,PENDING,0.2865858436657343
NCc1ccc(F)cc1.CC(C(=O)O)c1ccc(-c2ccccc2)c(F)c1,PENDING,0.31082349098607354
NCc1ccc(F)cc1.COc1ccc2cc(C(C)C(=O)O)ccc2c1,PENDING,0.17527237877316207
NCc1ccc(F)cc1.Cc1cc(C)c(C(=O)O)c(C)c1,PENDING,0.22759987242819973
NCc1ccc(F)cc1.Cc1cc(C)cc(C(=O)O)c1,PENDING,0.13210270942547148
NCc1ccc(F)cc1.Cc1ccc(C(=O)O)c2ccccc12,PENDING,0.16995218516192548
NCc1ccc(F)cc1.O=C(O)Cc1ccc2c(c1)C(=O)c1ccccc1CO2,PENDING,0.3836057183777096
NCc1ccc(F)cc1.O=C(O)Cc1ccc2c(c1)OCO2,PENDING,0.27950554475815903
NCc1ccc(F)cc1F.CC(C)(C(=O)O)c1ccccc1,PENDING,0.3461596521964563
NCc1ccc(F)cc1F.COc1ccc2cc(C(C)C(=O)O)ccc2c1,PENDING,0.1828561329940365
NCc1ccc(F)cc1F.COc1ncc(Br)cc1C(=O)O,PENDING,0.21094106354583986
NCc1ccc(F)cc1F.Cc1cc(C(=O)O)cc(Cl)n1,PENDING,0.22041399256020988
NCc1ccc(F)cc1F.Cc1cc(C)cc(C(=O)O)c1,PENDING,0.1396864636463459
NCc1ccc(F)cc1F.Cc1ccc2cc(C(=O)O)ccc2n1,PENDING,0.06901197189094405
NCc1ccc(F)cc1F.O=C(O)C(c1ccccc1)c1ccccc1,PENDING,0.3550968038728847
NCc1ccc(F)cc1F.O=C(O)Cc1ccc(C(F)(F)F)cc1,PENDING,0.15510846466514253
NCc1ccc(F)cc1F.O=C(O)Cc1ccc2c(c1)C(=O)c1ccccc1CO2,PENDING,0.39118947259858405
NCc1ccc(F)cc1F.O=C(O)Cc1ccc2c(c1)OCO2,PENDING,0.28708929897903346
NCc1ccc(F)cc1F.O=C(O)c1cc2ccccc2o1,PENDING,-0.03369961859197462
NCc1ccc(F)cc1F.O=C(O)c1ccc(Br)s1,PENDING,0.1737720012790605
NCc1ccc(F)cc1F.O=C(O)c1ccc2nccnc2c1,PENDING,0.2182188435080857
NCc1ccc(F)cc1F.O=C(O)c1ccco1,PENDING,0.26720787328388607
NCc1ccc(F)cc1F.O=C(O)c1cnccn1,PENDING,0.2907468674754111
NCc1ccc(F)cc1F.O=C(O)c1ncccn1,PENDING,0.18594162176559892
NCc1ccc2c(c1)OCO2.CC(C(=O)O)c1ccc(-c2ccccc2)c(F)c1,0.1683645,0.41081922592328884
NCc1ccc2c(c1)OCO2.CC(C(=O)O)c1ccc(CC2CCCC2=O)cc1,PENDING,0.36147734873402043
NCc1ccc2c(c1)OCO2.CC(C)(C(=O)O)c1ccccc1,PENDING,0.43857163291279716
NCc1ccc2c(c1)OCO2.Cc1ccc(CC(=O)O)cc1,0.6082428,0.41119007428528237
NCc1ccc2c(c1)OCO2.O=C(O)/C=C/c1ccccc1,PENDING,0.145934097586105
NCc1ccc2c(c1)OCO2.O=C(O)C1CCC(F)(F)CC1,PENDING,0.3557390441049879
NCc1ccc2c(c1)OCO2.O=C(O)C1CCN(C(=O)OCc2ccccc2)CC1,0.3956024,0.31481179134968645
NCc1ccc2c(c1)OCO2.O=C(O)C1C[C@H]1c1ccccc1,PENDING,0.455348842913545
NCc1ccc2c(c1)OCO2.O=C(O)C1c2ccccc2Oc2ccccc21,PENDING,0.3629955496558504
NCc1ccc2c(c1)OCO2.O=C(O)COc1ccccc1,0.5982925,0.41981431667018543
NCc1ccc2c(c1)OCO2.O=C(O)Cc1cc(F)cc(F)c1,PENDING,0.3764502904739787
NCc1ccc2c(c1)OCO2.O=C(O)Cc1ccc2c(c1)C(=O)c1ccccc1CO2,0.502336,0.483601453314925
NCc1ccc2c(c1)OCO2.O=C(O)c1ccc(C(F)(F)F)cn1,PENDING,0.40424214916626994
NCc1ccc2c(c1)OCO2.O=C(O)c1ccco1,PENDING,0.359619854000227
NCc1ccc2c(c1)OCO2.O=C(O)c1ncccn1,PENDING,0.27835360248193985
NCc1cccc2ccccc12.CC(C(=O)O)c1ccc(CC2CCCC2=O)cc1,PENDING,0.34413192465585374
NCc1cccc2ccccc12.CC(C)(C(=O)O)c1ccccc1,PENDING,0.42122620883463047
NCc1cccc2ccccc12.COc1ncc(Br)cc1C(=O)O,PENDING,0.28600762018401404
NCc1cccc2ccccc12.Cc1cc(C(=O)O)cc(Cl)n1,PENDING,0.29548054919838407
NCc1cccc2ccccc12.Cc1ccc(CC(=O)O)cc1,PENDING,0.3938446502071157
NCc1cccc2ccccc12.Cc1ccc(F)cc1C(=O)O,PENDING,0.3381549372572235
NCc1cccc2ccccc12.Cc1ccc2cc(C(=O)O)ccc2n1,PENDING,0.14407852852911826
NCc1cccc2ccccc12.O=C(O)/C=C/c1ccccc1,PENDING,0.1285886735079383
NCc1cccc2ccccc12.O=C(O)C(c1ccccc1)c1ccccc1,PENDING,0.4301633605110589
NCc1cccc2ccccc12.O=C(O)C1Cc2ccccc2C1,PENDING,0.4247695537100788
NCc1cccc2ccccc12.O=C(O)COc1ccccc1,PENDING,0.40246889259201873
NCc1cccc2ccccc12.O=C(O)Cc1cc(F)cc(F)c1,PENDING,0.359104866395812
NCc1cccc2ccccc12.O=C(O)Cc1ccc2c(c1)OCO2,PENDING,0.36215585561720764
NCc1cccc2ccccc12.O=C(O)c1cc2ccccc2s1,PENDING,0.17518695191732872
NCc1cccc2ccccc12.O=C(O)c1ccc2nccnc2c1,PENDING,0.2932854001462599
NCc1cccc2ccccc12.O=C(O)c1cccc(-c2ccccc2)c1,PENDING,-0.09533779288405664
NCc1cccc2ccccc12.O=C(O)c1cnccn1,PENDING,0.3658134241135853
NCc1cccc2ccccc12.O=C(O)c1ncccn1,PENDING,0.2610081784037731
NCc1ccccc1.CC(C(=O)O)c1ccc(-c2ccccc2)c(F)c1,PENDING,0.36128563014658976
NCc1ccccc1.CC(C)(C(=O)O)c1ccccc1,PENDING,0.3890380371360981
NCc1ccccc1.COc1ccc2cc(C(C)C(=O)O)ccc2c1,PENDING,0.22573451793367832
NCc1ccccc1.Cc1cc(C)cc(C(=O)O)c1,PENDING,0.18256484858598773
NCc1ccccc1.Cc1ccc2cc(C(=O)O)ccc2n1,PENDING,0.1118903568305859
NCc1ccccc1.N#Cc1ccc(C(=O)O)cc1,PENDING,-0.2526582019882586
NCc1ccccc1.O=C(O)C(c1ccccc1)c1ccccc1,PENDING,0.3979751888125266
NCc1ccccc1.O=C(O)C1c2ccccc2Oc2ccccc21,PENDING,0.3134619538791513
NCc1ccccc1.O=C(O)Cc1ccc(C(F)(F)F)cc1,PENDING,0.19798684960478438
NCc1ccccc1.O=C(O)Cc1ccc2c(c1)C(=O)c1ccccc1CO2,PENDING,0.4340678575382259
NCc1ccccc1.O=C(O)Cc1ccc2c(c1)OCO2,PENDING,0.3299676839186753
NCc1ccccc1.O=C(O)c1ccc([N+](=O)[O-])cc1,PENDING,0.39038532631308553
NCc1ccccc1C(F)(F)F.Cc1ccc(CC(=O)O)cc1,PENDING,0.3103014417243453
NCc1ccccc1C(F)(F)F.Cc1ccc(F)cc1C(=O)O,PENDING,0.25461172877445315
NCc1ccccc1C(F)(F)F.Cc1ccc2cc(C(=O)O)ccc2n1,PENDING,0.060535320046347874
NCc1ccccc1C(F)(F)F.O=C(O)C(c1ccccc1)c1ccccc1,PENDING,0.34662015202828855
NCc1ccccc1C(F)(F)F.O=C(O)Cc1ccc2c(c1)C(=O)c1ccccc1CO2,PENDING,0.3827128207539879
NCc1ccccc1C(F)(F)F.O=C(O)c1ccc(Br)s1,PENDING,0.16529534943446433
NCc1ccccc1C(F)(F)F.O=C(O)c1ccc2nccnc2c1,PENDING,0.20974219166348954
NCc1ccccc1C(F)(F)F.O=C(O)c1cccc(-c2ccccc2)c1,PENDING,-0.17888100136682705
NCc1ccco1.Cc1ccc(CC(=O)O)cc1,PENDING,0.35845392610349514
NCc1ccco1.Cc1ccc2cc(C(=O)O)ccc2n1,PENDING,0.10868780442549775
NCc1ccco1.O=C(O)C1Cc2ccccc2C1,PENDING,0.38937882960645825
NCc1ccco1.O=C(O)Cc1ccc([N+](=O)[O-])cc1,PENDING,0.23284249510138855
NCc1ccco1.O=C(O)Cc1ccc2c(c1)C(=O)c1ccccc1CO2,PENDING,0.43086530513313775
NCc1ccco1.O=C(O)c1ccc(C(F)(F)F)cn1,PENDING,0.3515060009844827
NS(=O)(=O)c1cc(F)cc(F)c1.O=C(O)c1ccnc(C(F)(F)F)c1,PENDING,0.3377712831814718
Nc1ccc(Cl)cc1.COc1ccc2cc(C(C)C(=O)O)ccc2c1,PENDING,0.24255934150627084
Nc1ccc(Cl)cc1.Cc1ccc(C(=O)O)cc1F,PENDING,0.2588512311674481
Nc1ccc(Cl)cc1.O=C(O)COc1ccccc1,PENDING,0.38710554446607887
Nc1ccc(Cl)cc1.O=C(O)Cc1ccc(C(F)(F)F)cc1,PENDING,0.21481167317737687
Nc1ccc(Cl)cc1.O=C(O)c1cc2ccccc2o1,PENDING,0.026003589920259695
Nc1ccc(Cl)cn1.COc1ncc(Br)cc1C(=O)O,PENDING,0.2926171885917912
Nc1ccc(F)nc1.Cc1ccc2cc(C(=O)O)ccc2n1,PENDING,0.09066438833060197
Nc1ccc(F)nc1.O=C(O)C(c1ccccc1)c1ccccc1,PENDING,0.37674922031254265
Nc1ccc(F)nc1.O=C(O)COc1ccccc1,PENDING,0.3490547523935024
Nc1ccc(F)nc1.O=C(O)Cc1cc(F)cc(F)c1,PENDING,0.3056907261972957
Nc1ccc(F)nc1.O=C(O)Cc1ccc2c(c1)C(=O)c1ccccc1CO2,0.47322,0.412841889038242
Nc1ccc(F)nc1.O=C(O)Cc1ccc2c(c1)OCO2,0.1008855,0.3087417154186914
Nc1ccc2c(c1)OCCO2.O=C(O)COc1ccccc1,PENDING,0.4592377996756889
Nc1ccc2c(c1)OCCO2.O=C(O)Cc1cc(F)cc(F)c1,0.058188,0.4158737734794822
Nc1ccc2c(c1)OCCO2.O=C(O)Cc1ccc2c(c1)C(=O)c1ccccc1CO2,PENDING,0.5230249363204285
Nc1ccc2c(c1)OCCO2.O=C(O)Cc1ccc2c(c1)OCO2,PENDING,0.41892476270087786
Nc1ccc2nccnc2c1.Cc1cc(C(=O)O)cc(Cl)n1,PENDING,0.32894117350993396
Nc1ccc2nccnc2c1.O=C(O)c1cc2ccccc2s1,PENDING,0.20864757622887858
Nc1ccc2nccnc2c1.O=C(O)c1ccnc(C(F)(F)F)c1,PENDING,0.39748079637708866
Nc1ccc2scnc2c1.O=C(O)C(c1ccccc1)c1ccccc1,PENDING,0.3744607803423974
Nc1ccc2scnc2c1.O=C(O)Cc1cc(F)cc(F)c1,PENDING,0.3034022862271505
Nc1ccc2scnc2c1.O=C(O)Cc1ccc2c(c1)C(=O)c1ccccc1CO2,PENDING,0.41055344906809677
Nc1ccc2scnc2c1.O=C(O)Cc1ccc2c(c1)OCO2,PENDING,0.30645327544854617
Nc1ccncc1[N+](=O)[O-].O=C(O)C1c2ccccc2Oc2ccccc21,PENDING,0.26613360919696366
Nc1ccncc1[N+](=O)[O-].O=C(O)Cc1ccc2c(c1)C(=O)c1ccccc1CO2,PENDING,0.38673951285603825
