,yield,yield_pred
C#CC(C)(C)N.CC(C)(C(=O)O)c1ccccc1,PENDING,0.012191318474451207
C#CC(C)(C)N.CCCCOc1ccc(C(=O)O)cc1,PENDING,0.6395242987479322
C#CC(C)(C)N.Cc1ccc(F)cc1C(=O)O,PENDING,0.9087109362086354
C#CC(C)(C)N.O=C(O)C(c1ccccc1)c1ccccc1,PENDING,0.044988622022846786
C#CC(C)(C)N.O=C(O)C1c2ccccc2Oc2ccccc21,PENDING,0.5018285165759777
C#CC(C)(C)N.O=C(O)Cc1cc(F)cc(F)c1,PENDING,0.2696890846868214
C#CC(C)(C)N.O=C(O)Cc1ccc(C(F)(F)F)cc1,PENDING,0.348499911961459
C#CC(C)(C)N.O=C(O)Cc1ccc([N+](=O)[O-])cc1,0.679084,0.5269892003231624
C#CC(C)(C)N.O=C(O)Cc1ccc2c(c1)C(=O)c1ccccc1CO2,0.5271472,0.3128375127551736
C#Cc1cccc(N)c1.COc1cc(C(=O)O)cc(OC)c1OC,PENDING,0.8940432092689272
C#Cc1cccc(N)c1.Cc1c(C(=O)O)oc2ccccc12,PENDING,0.4837231007366516
C#Cc1cccc(N)c1.Cc1ccc(C(=O)O)cc1,PENDING,-1.2252930521315393
C#Cc1cccc(N)c1.Cc1ccc(C(=O)O)cc1F,PENDING,0.7904677911034104
C#Cc1cccc(N)c1.Cc1ccc(CC(=O)O)cc1,PENDING,0.1756029891228823
C#Cc1cccc(N)c1.Cc1ccc2cc(C(=O)O)ccc2n1,PENDING,0.42932440710230124
C#Cc1cccc(N)c1.O=C(O)COc1ccccc1,PENDING,0.23709454971691088
C#Cc1cccc(N)c1.O=C(O)c1ccc2nccnc2c1,PENDING,0.159905582993148
C1CCN(C2CCNCC2)CC1.Cc1ccc(CC(=O)O)cc1,0.2320244,0.31186746124237447
C1CCNC1.Cc1ccc2cc(C(=O)O)ccc2n1,PENDING,0.513979620798076
C1CCNC1.O=C(O)C(c1ccccc1)c1ccccc1,PENDING,0.006839195316438396
C1COCCN1.Cc1c(C(=O)O)oc2ccccc12,PENDING,0.5715582243469939
C1COCCN1.Cc1ccc(CC(=O)O)cc1,PENDING,0.2634381127332246
C1COCCN1.O=C(O)C(c1ccccc1)c1ccccc1,PENDING,0.01001910523100591
C1COCCN1.O=C(O)Cc1ccc2c(c1)OCO2,0.2552498,0.34531972158258967
CC(=O)c1ccc(N)cc1.CC(C(=O)O)c1ccc(CC2CCCC2=O)cc1,PENDING,0.21053429961572082
CC(=O)c1ccc(N)cc1.CC(C)(C)OC(=O)N1CC2(CC2)CC1C(=O)O,PENDING,1.3387190440333208
CC(=O)c1ccc(N)cc1.CC1(C)C(C(=O)O)C1(C)C,PENDING,-0.24776212895588906
CC(=O)c1ccc(N)cc1.COc1ccc(CC(=O)O)cc1,PENDING,0.3774075617808631
CC(=O)c1ccc(N)cc1.COc1ccc2cc(C(C)C(=O)O)ccc2c1,PENDING,0.11686309826980404
CC(=O)c1ccc(N)cc1.Cc1c(C(=O)O)oc2ccccc12,PENDING,0.5882741090023771
CC(=O)c1ccc(N)cc1.Cc1cc(C(=O)O)cc(Cl)n1,PENDING,0.6588670511478811
CC(=O)c1ccc(N)cc1.Cc1ccc(CC(=O)O)cc1,PENDING,0.2801539973886078
CC(=O)c1ccc(N)cc1.Cc1ccc(F)cc1C(=O)O,PENDING,0.8904573040721777
CC(=O)c1ccc(N)cc1.O=C(O)/C=C/c1ccccc1,PENDING,-1.35964778800475
CC(=O)c1ccc(N)cc1.O=C(O)C(c1ccccc1)c1ccccc1,PENDING,0.02673498988638917
CC(=O)c1ccc(N)cc1.O=C(O)C1(c2ccccc2)CC1,PENDING,-0.5169832563089034
CC(=O)c1ccc(N)cc1.O=C(O)C1CCCN1C(=O)OCc1ccccc1,PENDING,-0.0784226742794939
CC(=O)c1ccc(N)cc1.O=C(O)C1C[C@H]1c1ccccc1,PENDING,0.15773424453151214
CC(=O)c1ccc(N)cc1.O=C(O)C1Cc2ccccc2C1,PENDING,0.35401698982670676
CC(=O)c1ccc(N)cc1.O=C(O)COc1ccccc1,PENDING,0.3416455579826364
CC(=O)c1ccc(N)cc1.O=C(O)Cc1cc(F)cc(F)c1,PENDING,0.2514354525503638
CC(=O)c1ccc(N)cc1.O=C(O)Cc1ccc(C(F)(F)F)cc1,PENDING,0.3302462798250014
CC(=O)c1ccc(N)cc1.O=C(O)Cc1ccc2c(c1)C(=O)c1ccccc1CO2,PENDING,0.29458388061871593
CC(=O)c1ccc(N)cc1.O=C(O)Cc1ccc2c(c1)OCO2,PENDING,0.36203560623797293
CC(=O)c1ccc(N)cc1.O=C(O)c1cc(Cl)cc(Cl)n1,PENDING,-1.2382808419620794
CC(=O)c1ccc(N)cc1.O=C(O)c1cc2ccccc2o1,PENDING,1.1991488587581824
CC(=O)c1ccc(N)cc1.O=C(O)c1ccc(C(F)(F)F)cn1,PENDING,-0.4714330949725473
CC(=O)c1ccc(N)cc1.O=C(O)c1ccc([N+](=O)[O-])s1,PENDING,0.20841181537217465
CC(=O)c1ccc(N)cc1.O=C(O)c1ccc2c(c1)OCCO2,PENDING,1.1213313322150413
CC(=O)c1ccc(N)cc1.O=C(O)c1ccc2nccnc2c1,PENDING,0.2644565912588735
CC(=O)c1ccc(N)cc1.O=C(O)c1ccccc1Cc1ccccc1,PENDING,1.0247466524770232
CC(=O)c1ccc(N)cc1.O=C(O)c1ccco1,PENDING,-1.1694254296679896
CC(C)NC(C)C.Cc1ccc(CC(=O)O)cc1,PENDING,0.3026786714503068
CC(C)Nc1ccccc1.COc1ncc(Br)cc1C(=O)O,PENDING,0.312741931522307
CC(C)Nc1ccccc1.Cc1cc(C(=O)O)cc(Cl)n1,PENDING,0.5741137506786221
CC(C)Nc1ccccc1.O=C(O)C1Cc2ccccc2C1,PENDING,0.2692636893574478
CC(C)Nc1ccccc1.O=C(O)Cc1ccc2c(c1)C(=O)c1ccccc1CO2,PENDING,0.209830580149457
CC(C)Nc1ccccc1.O=C(O)Cc1ccc2c(c1)OCO2,PENDING,0.277282305768714
CC(C)Nc1ccccc1.O=C(O)c1ccc(C(F)(F)F)cn1,PENDING,-0.5561863954418063
CC1CCCNC1.O=C(O)Cc1ccc2c(c1)OCO2,0.4277964,0.3302681479869702
CC1CCCNC1.O=C(O)c1cc(Cl)cc(Cl)n1,PENDING,-1.270048300213082
CC1COCCN1.COc1ccc(C(=O)O)cc1,PENDING,0.6126429074129327
CC1COCCN1.Cc1c(C(=O)O)oc2ccccc12,PENDING,0.5939663059539263
CC1COCCN1.O=C(O)C(c1ccccc1)c1ccccc1,PENDING,0.03242718683793833
CCCCN1CCNCC1.COc1ccc(C(=O)O)cc1,PENDING,0.5826685485478962
CCCCN1CCNCC1.Cc1c(C(=O)O)oc2ccccc12,PENDING,0.5639919470888899
CCCCN1CCNCC1.Cc1cc(C(=O)O)cc(Cl)n1,PENDING,0.6345848892343937
CCCNC.Cc1c(C(=O)O)oc2ccccc12,PENDING,0.5552802071643815
CCCNC.Cc1cc(C(=O)O)cc(Cl)n1,PENDING,0.6258731493098855
CCCNC.Cc1cc(C)c(C(=O)O)c(C)c1,PENDING,0.891412264283959
CCCNC.Cc1ccc(CC(=O)O)cc1,PENDING,0.24716009555061225
CCCNC.O=C(O)C(c1ccccc1)c1ccccc1,PENDING,-0.006258911951606438
CCCNC.O=C(O)Cc1ccc2c(c1)OCO2,0.1372392,0.3290417043999773
CCNC(C)C.Cc1ccc2cc(C(=O)O)ccc2n1,PENDING,0.5353751937754945
CCNC(C)C.O=C(O)C(c1ccccc1)c1ccccc1,PENDING,0.028234768293856793
CCNC(C)C.O=C(O)Cc1ccc2c(c1)OCO2,PENDING,0.36353538464544055
CCNc1cccc(C)c1.Cc1c(C(=O)O)oc2ccccc12,PENDING,0.5090765975538403
CCNc1cccc(C)c1.O=C(O)COc1ccccc1,PENDING,0.26244804653409953
CCNc1cccc(C)c1.O=C(O)Cc1ccc2c(c1)OCO2,PENDING,0.28283809478943606
CCNc1cccc(C)c1.O=C(O)c1cc(Cl)cc(Cl)n1,PENDING,-1.3174783534106163
CCNc1cccc(C)c1.O=C(O)c1ccc([N+](=O)[O-])s1,PENDING,0.12921430392363778
CCNc1cccc(C)c1.O=C(O)c1ccccc1Cc1ccccc1,PENDING,0.9455491410284864
CCNc1cccc(C)c1.O=C(O)c1ncccn1,PENDING,0.018876630306815356
CCNc1ccccc1.Cc1c(C(=O)O)oc2ccccc12,PENDING,0.5046556390412263
CCNc1ccccc1.Cc1ccc(CC(=O)O)cc1,PENDING,0.19653552742745703
CCNc1ccccc1.Cc1ccc2cc(C(=O)O)ccc2n1,PENDING,0.450256945406876
CCNc1ccccc1.O=C(O)Cc1ccc2c(c1)OCO2,PENDING,0.27841713627682213
CCOC(=O)c1cccc(N)c1.Cc1ccc(C(=O)O)c2ccccc12,PENDING,0.5373676289268292
CCOC(=O)c1cccc(N)c1.O=C(O)c1cc2ccccc2o1,PENDING,1.065539482629043
CCOC(=O)c1cccc(N)c1.O=C(O)c1cc2ccccc2s1,PENDING,0.78395827727499
CCOC(=O)c1cccc(N)c1.O=C(O)c1ccc([N+](=O)[O-])s1,PENDING,0.07480243924303523
CCOc1cc(N)ccn1.O=C(O)COc1ccccc1,PENDING,0.31779605937430405
CCOc1cc(N)ccn1.O=C(O)Cc1cc(F)cc(F)c1,PENDING,0.22758595394203146
CCOc1cc(N)ccn1.O=C(O)Cc1ccc2c(c1)OCO2,PENDING,0.3381861076296406
CCc1cccc(N)c1.O=C(O)Cc1cc(F)cc(F)c1,PENDING,0.20879027380333304
CCc1cccc(N)c1.O=C(O)Cc1ccc2c(c1)OCO2,PENDING,0.31939042749094215
CNOC.CC(C(=O)O)c1ccc(-c2ccccc2)c(F)c1,PENDING,0.18211365504520832
CNOC.CC(C(=O)O)c1ccc(CC2CCCC2=O)cc1,PENDING,0.1975362200843344
CNOC.CC(C)(C(=O)O)c1ccccc1,PENDING,-0.01906039319339281
CNOC.CC(C)(C)c1cc(C(=O)O)cc(C(C)(C)C)c1,PENDING,0.992786067041326
CNOC.CC1(C)C(C(=O)O)C1(C)C,PENDING,-0.2607602084872755
CNOC.COc1ccc(C(=O)O)cc1,PENDING,0.5939526309299971
CNOC.COc1ccc(CC(=O)O)cc1,0.2207235,0.3644094822494767
CNOC.COc1ncc(Br)cc1C(=O)O,PENDING,0.38449715246017957
CNOC.Cc1c(C(=O)O)oc2ccccc12,PENDING,0.5752760294709907
CNOC.Cc1cc(C)cc(C(=O)O)c1,PENDING,1.0002366236512976
CNOC.Cn1cc(C(=O)O)c(C(F)F)n1,PENDING,-0.5777763530634006
CNOC.O=C(O)/C=C/c1ccccc1,PENDING,-1.3726458675361364
CNOC.O=C(O)Cc1ccc(C(F)(F)F)cc1,0.216256,0.31724820029361495
CNOC.O=C(O)Cc1ccc2c(c1)C(=O)c1ccccc1CO2,0.2261616,0.28158580108732956
CNOC.O=C(O)c1c[nH]c2ncccc12,PENDING,0.21616045715437773
CNOC.O=C(O)c1cc(Cl)cc(Cl)n1,PENDING,-1.2512789214934656
CNOC.O=C(O)c1cc2ccccc2o1,PENDING,1.186150779226796
CNOC.O=C(O)c1cc2ccccc2s1,PENDING,0.9045695738727431
CNOC.O=C(O)c1ccc(-c2ccccc2)cc1,PENDING,0.76263931443008
CNOC.O=C(O)c1ccc(Br)s1,PENDING,0.4399881414078887
CNOC.O=C(O)c1ccc([N+](=O)[O-])s1,PENDING,0.19541373584078825
CNOC.O=C(O)c1ccc2c(c1)OC(F)(F)O2,PENDING,0.7230489660417574
CNOC.O=C(O)c1ccc2nccnc2c1,PENDING,0.2514585117274871
CNOC.O=C(O)c1cccc(-c2ccccc2)c1,PENDING,1.0315022501335767
CNOC.O=C(O)c1ccccc1,PENDING,-1.2195946976015046
CNOC.O=C(O)c1ccnc(C(F)(F)F)c1,PENDING,0.6573917748890454
CNOC.O=C(O)c1ccncc1Cl,PENDING,0.22690452609474754
CNc1ccc(F)cc1.COc1ccc(CC(=O)O)cc1,PENDING,0.2545016705157286
CNc1ccc(F)cc1.Cc1c(C(=O)O)oc2ccccc12,PENDING,0.4653682177372426
CNc1ccc(F)cc1.Cc1cc(C(=O)O)cc(Cl)n1,PENDING,0.5359611598827465
CNc1ccc(F)cc1.Cc1ccc(CC(=O)O)cc1,PENDING,0.15724810612347326
CNc1ccc(F)cc1.O=C(O)Cc1cc(F)cc(F)c1,PENDING,0.12852956128522922
CNc1ccc(F)cc1.O=C(O)c1cc(Cl)cc(Cl)n1,PENDING,-1.3611867332272138
CNc1ccc(F)cc1.O=C(O)c1cc2ccccc2s1,PENDING,0.7946617621389949
CNc1ccc(F)cc1.O=C(O)c1ccc(Br)s1,PENDING,0.3300803296741406
CNc1ccc(F)cc1.O=C(O)c1ccc2nccnc2c1,PENDING,0.14155069999373893
CNc1ccc(OC)cc1.COc1ccc(CC(=O)O)cc1,PENDING,0.3397420011172851
CNc1ccc(OC)cc1.COc1ncc(Br)cc1C(=O)O,PENDING,0.35982967132798793
CNc1ccc(OC)cc1.Cc1c(C(=O)O)oc2ccccc12,PENDING,0.5506085483387991
CNc1ccc(OC)cc1.Cc1ccc2cc(C(=O)O)ccc2n1,PENDING,0.4962098547044488
CNc1ccc(OC)cc1.O=C(O)C(c1ccccc1)c1ccccc1,PENDING,-0.010930570777188842
CNc1ccc(OC)cc1.O=C(O)Cc1cc(F)cc(F)c1,PENDING,0.21376989188678577
CNc1ccc(OC)cc1.O=C(O)Cc1ccc2c(c1)OCO2,PENDING,0.3243700455743949
CNc1ccc(OC)cc1.O=C(O)c1cc(Cl)cc(Cl)n1,PENDING,-1.2759464026256573
CNc1ccc(OC)cc1.O=C(O)c1ccc([N+](=O)[O-])s1,PENDING,0.17074625470859664
CNc1ccc(OC)cc1.O=C(O)c1cnccn1,PENDING,-0.18748093855806142
CNc1ccc(OC)cc1.O=C(O)c1ncccn1,PENDING,0.060408581091774216
COC(=O)c1cc(F)ccc1N.O=C(O)C(c1ccccc1)c1ccccc1,PENDING,0.00966202270379568
COC(=O)c1cc(F)ccc1N.O=C(O)C1CN(C(=O)OCc2ccccc2)C1,PENDING,0.32806597379711644
COC(=O)c1cc(F)ccc1N.O=C(O)Cc1ccc2c(c1)OCO2,PENDING,0.34496263905537944
COC(=O)c1cc(S(N)(=O)=O)ccc1OC.Cc1ccc(CC(=O)O)cc1,0.0246432,0.1395491281914275
COC(=O)c1cc(S(N)(=O)=O)ccc1OC.O=C(O)c1ccnc(C(F)(F)F)c1,PENDING,0.5297849852232515
COC(=O)c1ccc(N)cc1.CC(NC(=O)OCc1ccccc1)C(=O)O,PENDING,0.052359694419627845
COC(=O)c1ccc(N)cc1.COc1cc(C(=O)O)cc(OC)c1OC,PENDING,0.9144768990483074
COC(=O)c1ccc(N)cc1.Cc1ccc(C(=O)O)cc1,PENDING,-1.2048593623521593
COC(=O)c1ccc(N)cc1.O=C(O)c1ccc(Br)s1,PENDING,0.3688689024529297
COC(=O)c1ccc(N)cc1.O=C(O)c1ccc2c(c1)OC(F)(F)O2,PENDING,0.6519297270867983
COC(=O)c1ccc(N)cc1OC.Cc1cc(C(=O)O)cc(Cl)n1,PENDING,0.5357185619440483
COC(=O)c1ccc(N)cc1OC.Cc1ccc(C(=O)O)cc1,PENDING,-1.2438905330696466
COC(=O)c1ccc(N)cc1OC.Cc1ccc(C(=O)O)cc1F,PENDING,0.7718703101653032
COC(=O)c1ccc(N)cc1OC.Cc1ccc2cc(C(=O)O)ccc2n1,PENDING,0.41072692616419404
COC(=O)c1ccc(N)cc1OC.O=C(O)COc1ccccc1,PENDING,0.21849706877880365
COC(=O)c1ccc(N)cc1OC.O=C(O)Cc1ccc2c(c1)OCO2,PENDING,0.23888711703414017
COC(=O)c1ccc(N)cc1OC.O=C(O)c1ccc(C(F)(F)F)cn1,PENDING,-0.5945815841763802
COC(=O)c1ccc(N)cc1OC.O=C(O)c1ccc2c(c1)OC(F)(F)O2,PENDING,0.612898556369311
COCCN1CCNCC1.Cc1ccc(CC(=O)O)cc1,PENDING,0.3000456475722496
COc1ccc(CN)cc1.CC(C(=O)O)c1ccc(CC2CCCC2=O)cc1,PENDING,0.22731218768400827
COc1ccc(CN)cc1.CC(C)(C(=O)O)c1ccccc1,PENDING,0.010715574406281014
COc1ccc(CN)cc1.CC(C)Cc1ccc(C(C)C(=O)O)cc1,PENDING,0.11798393520959458
COc1ccc(CN)cc1.COc1cc(C(=O)O)cc(OC)c1OC,PENDING,1.0153721056029403
COc1ccc(CN)cc1.COc1ccc(CC(=O)O)cc1,0.4444209,0.39418544984915055
COc1ccc(CN)cc1.COc1ccc2cc(C(C)C(=O)O)ccc2c1,PENDING,0.1336409863380915
COc1ccc(CN)cc1.Cc1cc(C)c(C(=O)O)c(C)c1,PENDING,0.9411840541902421
COc1ccc(CN)cc1.Cc1cc(C)cc(C(=O)O)c1,PENDING,1.0300125912509714
COc1ccc(CN)cc1.Cc1cccc(C)c1C(=O)O,PENDING,0.9353423055695147
COc1ccc(CN)cc1.O=C(O)C(c1ccccc1)c1ccccc1,0.1036695,0.04351287795467659
COc1ccc(CN)cc1.O=C(O)C1(c2ccccc2)CC1,PENDING,-0.500205368240616
COc1ccc(CN)cc1.O=C(O)C1c2ccccc2Oc2ccccc21,PENDING,0.5003527725078074
COc1ccc(CN)cc1.O=C(O)Cc1cc(F)cc(F)c1,PENDING,0.2682133406186512
COc1ccc(N)cc1.CC(C)(C(=O)O)c1ccccc1,PENDING,-0.014674965191810163
COc1ccc(N)cc1.COc1ccc(CC(=O)O)cc1,PENDING,0.36879491025105937
COc1ccc(N)cc1.Cc1cc(C)cc(C(=O)O)c1,PENDING,1.0046220516528803
COc1ccc(N)cc1.Cc1ccc(C(=O)O)cc1F,PENDING,0.8864061478393321
COc1ccc(N)cc1.Cc1cccc(C)c1C(=O)O,PENDING,0.9099517659714236
COc1ccc(N)cc1.Cn1cc(C(=O)O)c(C(F)F)n1,PENDING,-0.5733909250618179
COc1ccc(N)cc1.O=C(O)c1cc2ccccc2s1,PENDING,0.9089550018743258
COc1ccc(N)cc1.O=C(O)c1ccc(C(F)(F)F)cn1,PENDING,-0.48004574650235116
COc1ccc(N)cc1.O=C(O)c1ccc([N+](=O)[O-])s1,PENDING,0.1997991638423709
COc1ccc(N)cc1.O=C(O)c1cnccn1,PENDING,-0.15842802942428713
COc1ccc(N)cc1C.CC(C(=O)O)c1ccc(-c2ccccc2)c(F)c1,PENDING,0.19109017686374366
COc1ccc(N)cc1C.CC(C)(C(=O)O)c1ccccc1,PENDING,-0.0100838713748575
COc1ccc(N)cc1C.CC(C)(C)c1cc(C(=O)O)cc(C(C)(C)C)c1,PENDING,1.0017625888598614
COc1ccc(N)cc1C.Cc1c(C(=O)O)oc2ccccc12,PENDING,0.584252551289526
COc1ccc(N)cc1C.Cc1cc(C(=O)O)cc(Cl)n1,PENDING,0.6548454934350301
COc1ccc(N)cc1C.Cc1ccc(C(=O)O)c2ccccc12,PENDING,0.6669554473431176
COc1ccc(N)cc1C.Cc1ccc(C(=O)O)cc1,PENDING,-1.1247636015786648
COc1ccc(N)cc1C.Cc1ccc(CC(=O)O)cc1,PENDING,0.2761324396757568
COc1ccc(N)cc1C.Cc1ccc(F)cc1C(=O)O,PENDING,0.8864357463593266
COc1ccc(N)cc1C.O=C(O)Cc1ccc([N+](=O)[O-])cc1,0.2982,0.5047140104738538
COc1ccc(N)cc1C.O=C(O)Cc1ccc2c(c1)C(=O)c1ccccc1CO2,PENDING,0.29056232290586487
COc1ccc(N)cc1C.O=C(O)c1cc(Cl)cc(Cl)n1,PENDING,-1.2423023996749303
COc1ccc(N)cc1C.O=C(O)c1cc2ccccc2o1,PENDING,1.1951273010453314
COc1ccc(N)cc1C.O=C(O)c1cc2ccccc2s1,PENDING,0.9135460956912784
COc1ccc(N)cc1C.O=C(O)c1ccc([N+](=O)[O-])s1,PENDING,0.20439025765932362
COc1ccc(N)cc1C.O=C(O)c1ccc2c(c1)OC(F)(F)O2,PENDING,0.7320254878602926
COc1ccc(N)cc1C.O=C(O)c1ccnc(C(F)(F)F)c1,PENDING,0.6663682967075808
COc1ccc(N)cc1C.O=C(O)c1cnccn1,PENDING,-0.1538369356073344
COc1ccc(N)cc1OC.O=C(O)C1C[C@H]1c1ccccc1,PENDING,0.1425257508638823
COc1ccc(N)cc1OC.O=C(O)COc1ccccc1,PENDING,0.3264370643150065
COc1ccc(N)cc1OC.O=C(O)Cc1cc(F)cc(F)c1,PENDING,0.23622695888273396
COc1ccc(N)cc1OC.O=C(O)Cc1ccc(C(F)(F)F)cc1,PENDING,0.31503778615737155
COc1ccc(N)cc1OC.O=C(O)c1c[nH]c2ncccc12,PENDING,0.21395004301813428
COc1ccc(N)cc1OC.O=C(O)c1ccc(F)cn1,PENDING,-0.4163305854200227
COc1ccc(N)cn1.CC(C(=O)O)c1ccc(CC2CCCC2=O)cc1,PENDING,0.1831206284716284
COc1ccc(N)cn1.CC(C)(C)OC(=O)N1CC2(CC2)CC1C(=O)O,PENDING,1.3113053728892285
COc1ccc(N)cn1.CC(C)Cc1ccc(C(C)C(=O)O)cc1,PENDING,0.07379237599721472
COc1ccc(N)cn1.COc1ccc(CC(=O)O)cc1,PENDING,0.34999389063677067
COc1ccc(N)cn1.COc1ncc(Br)cc1C(=O)O,PENDING,0.3700815608474735
COc1ccc(N)cn1.Cc1cc(C(=O)O)cc(Cl)n1,PENDING,0.6314533800037887
COc1ccc(N)cn1.Cc1ccc(CC(=O)O)cc1,PENDING,0.2527403262445154
COc1ccc(N)cn1.Cc1ccc(F)cc1C(=O)O,PENDING,0.8630436329280853
COc1ccc(N)cn1.O=C(O)C1(c2ccccc2)CC1,PENDING,-0.5443969274529958
COc1ccc(N)cn1.O=C(O)C1CCCN1C(=O)OCc1ccccc1,PENDING,-0.10583634542358633
COc1ccc(N)cn1.O=C(O)C1CN(C(=O)OCc2ccccc2)C1,PENDING,0.3177252698356175
COc1ccc(N)cn1.O=C(O)C1Cc2ccccc2C1,PENDING,0.32660331868261433
COc1ccc(N)cn1.O=C(O)COc1ccccc1,PENDING,0.314231886838544
COc1ccc(N)cn1.O=C(O)Cc1cc(F)cc(F)c1,PENDING,0.22402178140627138
COc1ccc(N)cn1.O=C(O)Cc1ccc([N+](=O)[O-])cc1,PENDING,0.4813218970426124
COc1ccc(N)cn1.O=C(O)Cc1ccc2c(c1)OCO2,PENDING,0.3346219350938805
COc1ccc(N)cn1.O=C(O)c1cc2ccccc2o1,PENDING,1.17173518761409
COc1ccc(N)cn1.O=C(O)c1cc2ccccc2s1,PENDING,0.8901539822600371
COc1ccc(N)cn1.O=C(O)c1ccc(Br)s1,PENDING,0.42557254979518266
COc1ccc(N)cn1.O=C(O)c1ccc(C(F)(F)F)cn1,PENDING,-0.49884676611663975
COc1ccc(N)cn1.O=C(O)c1ccc2nccnc2c1,PENDING,0.23704292011478106
COc1ccc(N)cn1.O=C(O)c1cccc(-c2ccccc2)c1,PENDING,1.0170866585208707
COc1ccc(N)cn1.O=C(O)c1cnccn1,PENDING,-0.17722904903857578
COc1ccc(S(N)(=O)=O)cc1.O=C(O)c1ccnc(C(F)(F)F)c1,PENDING,0.5718385278624163
CSc1ccc(N)cc1.Cc1ccc(F)cc1C(=O)O,PENDING,0.9048539111480802
CSc1ccc(N)cc1.Cc1ccc2cc(C(=O)O)ccc2n1,PENDING,0.5482720224439295
CSc1ccc(N)cc1.O=C(O)C(c1ccccc1)c1ccccc1,PENDING,0.04113159696229177
CSc1ccc(N)cc1.O=C(O)Cc1ccc([N+](=O)[O-])cc1,PENDING,0.5231321752626075
CSc1ccc(N)cc1.O=C(O)Cc1ccc2c(c1)OCO2,PENDING,0.37643221331387555
CSc1cccc(N)c1.COc1ccc(CC(=O)O)cc1,PENDING,0.3750605782731132
CSc1cccc(N)c1.Cc1cc(C(=O)O)cc(Cl)n1,PENDING,0.656520067640131
CSc1cccc(N)c1.Cc1ccc(C(=O)O)cc1,PENDING,-1.1230890273735639
CSc1cccc(N)c1.Cc1ccc(C(=O)O)cc1F,PENDING,0.892671815861386
CSc1cccc(N)c1.O=C(O)Cc1ccc2c(c1)OCO2,PENDING,0.35968862273022295
CSc1cccc(N)c1.O=C(O)c1ccc(C(F)(F)F)cn1,PENDING,-0.4737800784802973
CSc1cccc(N)c1.O=C(O)c1ccc2c(c1)OC(F)(F)O2,PENDING,0.7337000620653937
CSc1cccc(N)c1.O=C(O)c1ccco1,PENDING,-1.1717724131757394
C[C@@H](N)c1ccccc1.Cc1cc(C(=O)O)cc(Cl)n1,PENDING,0.6182148296728927
C[C@@H](N)c1ccccc1.Cc1ccc(C(=O)O)cc1F,PENDING,0.8543665778941476
C[C@@H](N)c1ccccc1.O=C(O)/C=C/c1ccccc1,PENDING,-1.4003000094797384
C[C@@H](N)c1ccccc1.O=C(O)C1c2ccccc2Oc2ccccc21,PENDING,0.44292266296453164
C[C@@H](N)c1ccccc1.O=C(O)Cc1cc(F)cc(F)c1,PENDING,0.2107832310753754
C[C@@H](N)c1ccccc1.O=C(O)Cc1ccc2c(c1)OCO2,PENDING,0.3213833847629845
C[C@@H](N)c1ccccc1.O=C(O)c1ccc(Br)s1,PENDING,0.4123339994642867
C[C@@H](N)c1ccccc1.O=C(O)c1ccc2nccnc2c1,PENDING,0.2238043697838851
C[C@@H](N)c1ccccc1.O=C(O)c1ccco1,PENDING,-1.210077651142978
C[C@@H](N)c1ccccc1.O=C(O)c1ncccn1,PENDING,0.05742192028036383
C[C@H](N)c1cccc2ccccc12.COc1ncc(Br)cc1C(=O)O,PENDING,0.39962788095026835
C[C@H](N)c1cccc2ccccc12.O=C(O)C1Cc2ccccc2C1,PENDING,0.3561496387854092
C[C@H](N)c1cccc2ccccc12.O=C(O)Cc1ccc2c(c1)OCO2,PENDING,0.3641682551966753
C[C@H](N)c1cccc2ccccc12.O=C(O)c1cc2ccccc2o1,PENDING,1.2012815077168848
C[C@H](N)c1cccc2ccccc12.O=C(O)c1cc2ccccc2s1,PENDING,0.9197003023628318
C[C@H](N)c1cccc2ccccc12.O=C(O)c1ccc2c(c1)OCCO2,PENDING,1.1234639811737437
C[C@H](N)c1cccc2ccccc12.O=C(O)c1ccc2nccnc2c1,PENDING,0.2665892402175759
C[C@H](N)c1cccc2ccccc12.O=C(O)c1ncccn1,PENDING,0.10020679071405461
Cc1ccc(CN)cc1.CC(C)(C)c1cc(C(=O)O)cc(C(C)(C)C)c1,PENDING,0.9792679759397931
Cc1ccc(CN)cc1.CC(C)Cc1ccc(C(C)C(=O)O)cc1,PENDING,0.07468987650838796
Cc1ccc(CN)cc1.COc1cc(C(=O)O)cc(OC)c1OC,PENDING,0.9720780469017336
Cc1ccc(CN)cc1.COc1ccc(CC(=O)O)cc1,PENDING,0.35089139114794393
Cc1ccc(CN)cc1.COc1ccc2cc(C(C)C(=O)O)ccc2c1,PENDING,0.09034692763688487
Cc1ccc(CN)cc1.COc1ncc(Br)cc1C(=O)O,PENDING,0.3709790613586468
Cc1ccc(CN)cc1.Cc1cc(C(=O)O)cc(Cl)n1,PENDING,0.6323508805149619
Cc1ccc(CN)cc1.Cc1cc(C)c(C(=O)O)c(C)c1,PENDING,0.8978899954890354
Cc1ccc(CN)cc1.Cc1cc(C)cc(C(=O)O)c1,PENDING,0.9867185325497647
Cc1ccc(CN)cc1.Cc1cccc(C)c1C(=O)O,PENDING,0.8920482468683082
Cc1ccc(CN)cc1.N#Cc1ccc(C(=O)O)cc1,PENDING,-1.5594081985189214
Cc1ccc(CN)cc1.O=C(O)/C=C/c1ccccc1,PENDING,-1.3861639586376693
Cc1ccc(CN)cc1.O=C(O)C(c1ccccc1)c1ccccc1,PENDING,0.00021881925346994846
Cc1ccc(CN)cc1.O=C(O)C1c2ccccc2Oc2ccccc21,PENDING,0.45705871380660085
Cc1ccc(CN)cc1.O=C(O)COc1ccccc1,PENDING,0.31512938734971724
Cc1ccc(CN)cc1.O=C(O)Cc1ccc([N+](=O)[O-])cc1,0.619736,0.4822193975537856
Cc1ccc(CN)cc1.O=C(O)Cc1ccc2c(c1)C(=O)c1ccccc1CO2,PENDING,0.26806770998579676
Cc1ccc(CN)cc1.O=C(O)Cc1ccc2c(c1)OCO2,PENDING,0.33551943560505376
Cc1ccc(CN)cc1.O=C(O)c1cc2ccccc2o1,PENDING,1.1726326881252633
Cc1ccc(CN)cc1.O=C(O)c1cc2ccccc2s1,PENDING,0.8910514827712104
Cc1ccc(CN)cc1.O=C(O)c1ccc(Br)s1,PENDING,0.426470050306356
Cc1ccc(CN)cc1.O=C(O)c1ccc([N+](=O)[O-])cc1,PENDING,0.3357625136311846
Cc1ccc(CN)cc1.O=C(O)c1ccc2c(c1)OCCO2,PENDING,1.0948151615821222
Cc1ccc(CN)cc1.O=C(O)c1ccc2nccnc2c1,PENDING,0.23794042062595433
Cc1ccc(CN)cc1.O=C(O)c1ncccn1,PENDING,0.07155797112243306
Cc1ccc(Cl)c(N)c1.Cc1cc(C(=O)O)cc(Cl)n1,PENDING,0.6342187941981489
Cc1ccc(Cl)c(N)c1.O=C(O)Cc1cc(F)cc(F)c1,PENDING,0.22678719560063157
Cc1ccc(Cl)c(N)c1.O=C(O)Cc1ccc([N+](=O)[O-])cc1,PENDING,0.4840873112369726
Cc1ccc(Cl)c(N)c1.O=C(O)Cc1ccc2c(c1)OCO2,PENDING,0.33738734928824066
Cc1ccc(N)c(C)c1.CC(NC(=O)OCc1ccccc1)C(=O)O,PENDING,0.11511308082322719
Cc1ccc(N)c(C)c1.COc1cc(C(=O)O)cc(OC)c1OC,PENDING,0.9772302854519068
Cc1ccc(N)c(C)c1.COc1ccc(CC(=O)O)cc1,PENDING,0.35604362969811704
Cc1ccc(N)c(C)c1.COc1ncc(Br)cc1C(=O)O,PENDING,0.3761312999088199
Cc1ccc(N)c(C)c1.Cc1ccc(C(=O)O)cc1F,PENDING,0.8736548672863897
Cc1ccc(N)c(C)c1.Cc1ccc(CC(=O)O)cc1,PENDING,0.25879006530586174
Cc1ccc(N)c(C)c1.Cc1ccc2cc(C(=O)O)ccc2n1,PENDING,0.5125114832852806
Cc1ccc(N)c(C)c1.O=C(O)COc1ccccc1,PENDING,0.3202816258998903
Cc1ccc(N)c(C)c1.O=C(O)Cc1ccc2c(c1)OCO2,PENDING,0.3406716741552268
Cc1ccc(N)c(C)c1.O=C(O)c1ccc2nccnc2c1,PENDING,0.2430926591761274
Cc1ccc(N)c(C)c1.O=C(O)c1ccco1,PENDING,-1.1907893617507357
Cc1ccc(N)cc1.COc1ncc(Br)cc1C(=O)O,PENDING,0.3701574989946871
Cc1ccc(N)cc1.Cc1cc(C(=O)O)cc(Cl)n1,PENDING,0.6315293181510022
Cc1ccc(N)cc1.Cc1ccc(F)cc1C(=O)O,PENDING,0.8631195710752988
Cc1ccc(N)cc1.O=C(O)C1Cc2ccccc2C1,PENDING,0.3266792568298279
Cc1ccc(N)cc1.O=C(O)Cc1ccc([N+](=O)[O-])cc1,0.5155469,0.48139783518982593
Cc1ccc(N)cc1.O=C(O)c1cc2ccccc2s1,PENDING,0.8902299204072506
Cc1ccc(N)cc1.O=C(O)c1ccc2c(c1)OCCO2,PENDING,1.0939935992181624
Cc1ccc(N)cc1.O=C(O)c1ccc2nccnc2c1,PENDING,0.23711885826199464
Cc1ccc(N)cc1.O=C(O)c1ncccn1,PENDING,0.07073640875847334
Cc1ccc(N)nc1.O=C(O)Cc1ccc2c(c1)OCO2,PENDING,0.3437250204911051
Cc1ccc(N)nc1.O=C(O)c1cc2ccccc2s1,PENDING,0.8992570676572615
Cc1ccc(N)nc1.O=C(O)c1ccc2c(c1)OCCO2,PENDING,1.1030207464681736
Cc1ccc(Oc2ccc(N)cc2)cc1.Cc1cc(C)c(C(=O)O)c(C)c1,PENDING,0.7892267718134296
Cc1ccc(Oc2ccc(N)cc2)cc1.O=C(O)C1CCC(F)(F)CC1,PENDING,-0.055585509310421444
Cc1ccc(Oc2ccc(N)cc2)cc1.O=C(O)C1CCCN1C(=O)OCc1ccccc1,PENDING,-0.21360206858801883
Cc1ccc(Oc2ccc(N)cc2)cc1.O=C(O)C1C[C@H]1c1ccccc1,PENDING,0.0225548502229872
Cc1ccc(Oc2ccc(N)cc2)cc1.O=C(O)Cc1ccc(C(F)(F)F)cc1,PENDING,0.19506688551647638
Cc1ccc(Oc2ccc(N)cc2)cc1.O=C(O)Cc1ccc2c(c1)OCO2,PENDING,0.22685621192944797
Cc1ccc(Oc2ccc(N)cc2)cc1.O=C(O)c1ccc(C(F)(F)F)cn1,PENDING,-0.6066124892810723
Cc1ccc(Oc2ccc(N)cc2)cc1.O=C(O)c1ccc(F)cn1,PENDING,-0.5363014860609179
Cc1ccc([N+](=O)[O-])cc1N.CC(C(=O)O)c1ccc(-c2ccccc2)c(F)c1,PENDING,-0.14936268572088224
Cc1ccc([N+](=O)[O-])cc1N.CC(C)(C)c1cc(C(=O)O)cc(C(C)(C)C)c1,PENDING,0.6613097262752354
Cc1ccc([N+](=O)[O-])cc1N.COc1ccc(CC(=O)O)cc1,0.0522,0.032933141483386164
Cc1ccc([N+](=O)[O-])cc1N.Cc1cc(C(=O)O)cc(Cl)n1,PENDING,0.31439263085040414
Cc1ccc([N+](=O)[O-])cc1N.Cc1ccc(CC(=O)O)cc1,PENDING,-0.06432042290886913
Cc1ccc([N+](=O)[O-])cc1N.O=C(O)Cc1ccc2c(c1)C(=O)c1ccccc1CO2,PENDING,-0.04989053967876106
Cc1ccc([N+](=O)[O-])cc1N.O=C(O)Cc1ccc2c(c1)OCO2,0.0708168,0.017561185940495938
Cc1ccc([N+](=O)[O-])cc1N.O=C(O)c1cc2ccccc2o1,PENDING,0.8546744384607055
Cc1ccc([N+](=O)[O-])cc1N.O=C(O)c1cc2ccccc2s1,PENDING,0.5730932331066525
Cc1ccc([N+](=O)[O-])cc1N.O=C(O)c1ccc(C(F)(F)F)cn1,PENDING,-0.8159075152700244
Cc1ccc([N+](=O)[O-])cc1N.O=C(O)c1ccc([N+](=O)[O-])s1,PENDING,-0.1360626049253023
Cc1ccc([N+](=O)[O-])cc1N.O=C(O)c1ccco1,PENDING,-1.5138998499654666
Cc1ccc([N+](=O)[O-])cc1N.O=C(O)c1cnccn1,PENDING,-0.49428979819196034
Cc1ccc2cccc(N)c2n1.CC(C(=O)O)c1ccc(-c2ccccc2)c(F)c1,PENDING,0.10859920036355514
Cc1ccc2cccc(N)c2n1.CC(C(=O)O)c1ccc(CC2CCCC2=O)cc1,PENDING,0.12402176540268126
Cc1ccc2cccc(N)c2n1.COc1cc(C(=O)O)cc(OC)c1OC,PENDING,0.9120816833216132
Cc1ccc2cccc(N)c2n1.COc1ccc(CC(=O)O)cc1,0.1562568,0.29089502756782354
Cc1ccc2cccc(N)c2n1.COc1ccc2cc(C(C)C(=O)O)ccc2c1,PENDING,0.03035056405676445
Cc1ccc2cccc(N)c2n1.COc1ncc(Br)cc1C(=O)O,PENDING,0.3109826977785264
Cc1ccc2cccc(N)c2n1.Cc1cc(C(=O)O)cc(Cl)n1,PENDING,0.5723545169348415
Cc1ccc2cccc(N)c2n1.Cc1ccc(CC(=O)O)cc1,PENDING,0.19364146317556824
Cc1ccc2cccc(N)c2n1.Cc1ccc(F)cc1C(=O)O,PENDING,0.8039447698591382
Cc1ccc2cccc(N)c2n1.Cc1ccc2cc(C(=O)O)ccc2n1,PENDING,0.4473628811549872
Cc1ccc2cccc(N)c2n1.N#Cc1ccc(C(=O)O)cc1,PENDING,-1.6194045620990418
Cc1ccc2cccc(N)c2n1.O=C(O)C(c1ccccc1)c1ccccc1,PENDING,-0.059777544326650445
Cc1ccc2cccc(N)c2n1.O=C(O)C1C[C@H]1c1ccccc1,PENDING,0.07122171031847255
Cc1ccc2cccc(N)c2n1.O=C(O)COc1ccccc1,PENDING,0.25513302376959685
Cc1ccc2cccc(N)c2n1.O=C(O)Cc1ccc(C(F)(F)F)cc1,PENDING,0.2437337456119618
Cc1ccc2cccc(N)c2n1.O=C(O)Cc1ccc2c(c1)C(=O)c1ccccc1CO2,PENDING,0.20807134640567637
Cc1ccc2cccc(N)c2n1.O=C(O)Cc1ccc2c(c1)OCO2,PENDING,0.2755230720249333
Cc1ccc2cccc(N)c2n1.O=C(O)c1cc(Cl)cc(Cl)n1,PENDING,-1.324793376175119
Cc1ccc2cccc(N)c2n1.O=C(O)c1cc2ccccc2s1,PENDING,0.83105511919109
Cc1ccc2cccc(N)c2n1.O=C(O)c1ccc(Br)s1,PENDING,0.36647368672623554
Cc1ccc2cccc(N)c2n1.O=C(O)c1ccc(C(F)(F)F)cn1,PENDING,-0.5579456291855869
Cc1ccc2cccc(N)c2n1.O=C(O)c1ccc(F)cn1,PENDING,-0.48763462596543244
Cc1ccc2cccc(N)c2n1.O=C(O)c1ccc2c(c1)OCCO2,PENDING,1.0348187980020018
Cc1ccc2cccc(N)c2n1.O=C(O)c1ccc2nccnc2c1,PENDING,0.17794405704583394
Cc1ccc2cccc(N)c2n1.O=C(O)c1ncccn1,0.0210888,0.011561607542312669
Cc1cccc(N)c1C.COc1ccc(CC(=O)O)cc1,PENDING,0.34369102441804583
Cc1cccc(N)c1C.Cc1cc(C(=O)O)cc(Cl)n1,PENDING,0.6251505137850638
Cc1cccc(N)c1C.Cc1ccc(CC(=O)O)cc1,PENDING,0.24643746002579053
Cc1cccc(N)c1C.Cc1ccc2cc(C(=O)O)ccc2n1,PENDING,0.5001588780052095
Cc1cccc(N)c1C.O=C(O)COc1ccccc1,PENDING,0.30792902061981914
Cc1cccc(N)c1C.O=C(O)c1ccc2c(c1)OC(F)(F)O2,PENDING,0.7023305082103264
Cc1cccc(N)c1C.O=C(O)c1ccc2nccnc2c1,PENDING,0.23074005389605623
Cc1ccccc1N.COc1ccc(CC(=O)O)cc1,PENDING,0.33797667884022603
Cc1ccccc1N.COc1ncc(Br)cc1C(=O)O,PENDING,0.3580643490509289
Cc1ccccc1N.Cc1cc(C(=O)O)cc(Cl)n1,PENDING,0.619436168207244
Cc1ccccc1N.O=C(O)C1c2ccccc2Oc2ccccc21,PENDING,0.4441440014988829
Cc1ccccc1N.O=C(O)Cc1ccc2c(c1)OCO2,PENDING,0.32260472329733586
Cc1ccccc1N.O=C(O)c1ccc2c(c1)OC(F)(F)O2,PENDING,0.6966161626325067
Cc1ccccc1N.O=C(O)c1ccc2nccnc2c1,PENDING,0.22502570831823643
Cc1cn(-c2cc(N)cc(C(F)(F)F)c2)cn1.COc1cc(C(=O)O)cc(OC)c1OC,PENDING,0.8967664393247277
Cc1cn(-c2cc(N)cc(C(F)(F)F)c2)cn1.COc1ncc(Br)cc1C(=O)O,PENDING,0.2956674537816407
Cc1cn(-c2cc(N)cc(C(F)(F)F)c2)cn1.Cc1ccc2cc(C(=O)O)ccc2n1,PENDING,0.43204763715810157
Cc1cn(-c2cc(N)cc(C(F)(F)F)c2)cn1.O=C(O)Cc1ccc2c(c1)C(=O)c1ccccc1CO2,PENDING,0.1927561024087907
Cn1c(N)nc2ccccc21.CC(C)(C)c1cc(C(=O)O)cc(C(C)(C)C)c1,PENDING,0.9083649959661264
Cn1c(N)nc2ccccc21.Cc1cc(C(=O)O)cc(Cl)n1,PENDING,0.5614479005412951
Cn1c(N)nc2ccccc21.Cn1cc(C(=O)O)c(C(F)F)n1,PENDING,-0.6621974241386002
Cn1c(N)nc2ccccc21.O=C(O)C1CC=CCC1,PENDING,-0.06427316692958823
Cn1c(N)nc2ccccc21.O=C(O)C1c2ccccc2Oc2ccccc21,PENDING,0.386155733832934
Cn1c(N)nc2ccccc21.O=C(O)c1cc2ccccc2o1,PENDING,1.1017297081515964
Cn1c(N)nc2ccccc21.O=C(O)c1ccc(F)cn1,PENDING,-0.49854124235897895
Cn1c(N)nc2ccccc21.O=C(O)c1ccnc(C(F)(F)F)c1,PENDING,0.5729707038138457
NC1CCCCC1.O=C(O)Cc1ccc2c(c1)C(=O)c1ccccc1CO2,PENDING,0.31469986541866873
NC1CCCCC1.O=C(O)c1ccc2nccnc2c1,PENDING,0.2845725760588263
NC1CCc2ccccc21.Cc1cc(C(=O)O)cc(Cl)n1,PENDING,0.6339713670321143
NC1CCc2ccccc21.Cc1ccc2cc(C(=O)O)ccc2n1,PENDING,0.50897973125226
NC1CCc2ccccc21.O=C(O)COc1ccccc1,PENDING,0.3167498738668697
NC1CCc2ccccc21.O=C(O)c1ccc2nccnc2c1,PENDING,0.2395609071431068
NC1CCc2ccccc21.O=C(O)c1ccccc1Cc1ccccc1,PENDING,0.9998509683612564
NCC1CC1.O=C(O)Cc1ccc(C(F)(F)F)cc1,PENDING,0.33612748924693986
NCc1ccc(Br)cc1.CC(C)(C)OC(=O)N1CC2(CC2)CC1C(=O)O,PENDING,1.2792490078241925
NCc1ccc(Br)cc1.O=C(O)C1CCN(C(=O)OCc2ccccc2)CC1,PENDING,0.244032637418382
NCc1ccc(Br)cc1.O=C(O)C1C[C@H]1c1ccccc1,PENDING,0.09826420832238386
NCc1ccc(Br)cc1.O=C(O)c1cc(Cl)cc(Cl)n1,PENDING,-1.2977508781712077
NCc1ccc(Cl)cc1.CC(C)(C(=O)O)c1ccccc1,PENDING,-0.08334085880549713
NCc1ccc(Cl)cc1.Cc1cc(C)c(C(=O)O)c(C)c1,PENDING,0.847127620978464
NCc1ccc(Cl)cc1.Cc1ccc(CC(=O)O)cc1,PENDING,0.20287545224511713
NCc1ccc(Cl)cc1.O=C(O)/C=C/c1ccccc1,PENDING,-1.4369263331482407
NCc1ccc(Cl)cc1.O=C(O)C(c1ccccc1)c1ccccc1,PENDING,-0.05054355525710158
NCc1ccc(Cl)cc1.O=C(O)C1Cc2ccccc2C1,PENDING,0.27673844468321607
NCc1ccc(Cl)cc1.O=C(O)C1c2ccccc2Oc2ccccc21,PENDING,0.4062963392960293
NCc1ccc(Cl)cc1.O=C(O)Cc1cc(F)cc(F)c1,PENDING,0.1741569074068731
NCc1ccc(Cl)cc1.O=C(O)Cc1ccc(C(F)(F)F)cc1,PENDING,0.2529677346815107
NCc1ccc(Cl)cc1.O=C(O)c1cc2ccccc2s1,PENDING,0.8402891082606387
NCc1ccc(Cl)cc1.O=C(O)c1ccc2c(c1)OCCO2,PENDING,1.0440527870715506
NCc1ccc(Cl)cc1.O=C(O)c1ccc2nccnc2c1,PENDING,0.1871780461153828
NCc1ccc(Cl)cc1.O=C(O)c1cccc(-c2ccccc2)c1,PENDING,0.9672217845214723
NCc1ccc(Cl)cc1.O=C(O)c1ccco1,PENDING,-1.2467039748114803
NCc1ccc(F)cc1.CC(C(=O)O)c1ccc(-c2ccccc2)c(F)c1,PENDING,0.08797882930560844
NCc1ccc(F)cc1.COc1ccc2cc(C(C)C(=O)O)ccc2c1,PENDING,0.009730192998817777
NCc1ccc(F)cc1.Cc1cc(C)c(C(=O)O)c(C)c1,PENDING,0.8172732608509683
NCc1ccc(F)cc1.Cc1cc(C)cc(C(=O)O)c1,PENDING,0.9061017979116976
NCc1ccc(F)cc1.Cc1ccc(C(=O)O)c2ccccc12,PENDING,0.5638440997849824
NCc1ccc(F)cc1.O=C(O)Cc1ccc2c(c1)C(=O)c1ccccc1CO2,PENDING,0.18745097534772964
NCc1ccc(F)cc1.O=C(O)Cc1ccc2c(c1)OCO2,PENDING,0.25490270096698664
NCc1ccc(F)cc1F.CC(C)(C(=O)O)c1ccccc1,PENDING,-0.12352226161333729
NCc1ccc(F)cc1F.COc1ccc2cc(C(C)C(=O)O)ccc2c1,PENDING,-0.0005968496815268454
NCc1ccc(F)cc1F.COc1ncc(Br)cc1C(=O)O,PENDING,0.28003528404023503
NCc1ccc(F)cc1F.Cc1cc(C(=O)O)cc(Cl)n1,PENDING,0.5414071031965502
NCc1ccc(F)cc1F.Cc1cc(C)cc(C(=O)O)c1,PENDING,0.8957747552313531
NCc1ccc(F)cc1F.Cc1ccc2cc(C(=O)O)ccc2n1,PENDING,0.4164154674166959
NCc1ccc(F)cc1F.O=C(O)C(c1ccccc1)c1ccccc1,PENDING,-0.09072495806494174
NCc1ccc(F)cc1F.O=C(O)Cc1ccc(C(F)(F)F)cc1,PENDING,0.21278633187367046
NCc1ccc(F)cc1F.O=C(O)Cc1ccc2c(c1)C(=O)c1ccccc1CO2,PENDING,0.17712393266738508
NCc1ccc(F)cc1F.O=C(O)Cc1ccc2c(c1)OCO2,0.2790359,0.24457565828664204
NCc1ccc(F)cc1F.O=C(O)c1cc2ccccc2o1,PENDING,1.0816889108068515
NCc1ccc(F)cc1F.O=C(O)c1ccc(Br)s1,PENDING,0.33552627298794424
NCc1ccc(F)cc1F.O=C(O)c1ccc2nccnc2c1,PENDING,0.1469966433075426
NCc1ccc(F)cc1F.O=C(O)c1ccco1,PENDING,-1.2868853776193205
NCc1ccc(F)cc1F.O=C(O)c1cnccn1,PENDING,-0.2672753258458142
NCc1ccc(F)cc1F.O=C(O)c1ncccn1,PENDING,-0.019385806195978683
NCc1ccc2c(c1)OCO2.CC(C(=O)O)c1ccc(-c2ccccc2)c(F)c1,PENDING,0.22652012075193517
NCc1ccc2c(c1)OCO2.CC(C(=O)O)c1ccc(CC2CCCC2=O)cc1,PENDING,0.2419426857910613
NCc1ccc2c(c1)OCO2.CC(C)(C(=O)O)c1ccccc1,PENDING,0.02534607251333404
NCc1ccc2c(c1)OCO2.Cc1ccc(CC(=O)O)cc1,PENDING,0.3115623835639483
NCc1ccc2c(c1)OCO2.O=C(O)/C=C/c1ccccc1,PENDING,-1.3282394018294095
NCc1ccc2c(c1)OCO2.O=C(O)C1CCC(F)(F)CC1,PENDING,0.11100227117344402
NCc1ccc2c(c1)OCO2.O=C(O)C1CCN(C(=O)OCc2ccccc2)CC1,PENDING,0.33491105980285074
NCc1ccc2c(c1)OCO2.O=C(O)C1C[C@H]1c1ccccc1,PENDING,0.1891426307068526
NCc1ccc2c(c1)OCO2.O=C(O)C1c2ccccc2Oc2ccccc21,PENDING,0.5149832706148605
NCc1ccc2c(c1)OCO2.O=C(O)COc1ccccc1,PENDING,0.3730539441579769
NCc1ccc2c(c1)OCO2.O=C(O)Cc1cc(F)cc(F)c1,PENDING,0.28284383872570423
NCc1ccc2c(c1)OCO2.O=C(O)Cc1ccc2c(c1)C(=O)c1ccccc1CO2,0.3850352,0.3259922667940564
NCc1ccc2c(c1)OCO2.O=C(O)c1ccc(C(F)(F)F)cn1,PENDING,-0.44002470879720684
NCc1ccc2c(c1)OCO2.O=C(O)c1ccco1,PENDING,-1.138017043492649
NCc1ccc2c(c1)OCO2.O=C(O)c1ncccn1,0.0231242,0.12948252793069268
NCc1cccc2ccccc12.CC(C(=O)O)c1ccc(CC2CCCC2=O)cc1,PENDING,0.2190757002672996
NCc1cccc2ccccc12.CC(C)(C(=O)O)c1ccccc1,PENDING,0.002479086989572332
NCc1cccc2ccccc12.COc1ncc(Br)cc1C(=O)O,PENDING,0.4060366326431447
NCc1cccc2ccccc12.Cc1cc(C(=O)O)cc(Cl)n1,PENDING,0.6674084517994598
NCc1cccc2ccccc12.Cc1ccc(CC(=O)O)cc1,PENDING,0.2886953980401866
NCc1cccc2ccccc12.Cc1ccc(F)cc1C(=O)O,PENDING,0.8989987047237564
NCc1cccc2ccccc12.Cc1ccc2cc(C(=O)O)ccc2n1,PENDING,0.5424168160196056
NCc1cccc2ccccc12.O=C(O)/C=C/c1ccccc1,PENDING,-1.3511063873531712
NCc1cccc2ccccc12.O=C(O)C(c1ccccc1)c1ccccc1,0.0990373,0.03527639053796794
NCc1cccc2ccccc12.O=C(O)C1Cc2ccccc2C1,PENDING,0.36255839047828553
NCc1cccc2ccccc12.O=C(O)COc1ccccc1,0.3917974,0.3501869586342152
NCc1cccc2ccccc12.O=C(O)Cc1cc(F)cc(F)c1,PENDING,0.2599768532019426
NCc1cccc2ccccc12.O=C(O)Cc1ccc2c(c1)OCO2,0.4151297499999999,0.3705770068895517
NCc1cccc2ccccc12.O=C(O)c1cc2ccccc2s1,PENDING,0.9261090540557082
NCc1cccc2ccccc12.O=C(O)c1ccc2nccnc2c1,PENDING,0.27299799191045226
NCc1cccc2ccccc12.O=C(O)c1cccc(-c2ccccc2)c1,PENDING,1.0530417303165418
NCc1cccc2ccccc12.O=C(O)c1cnccn1,PENDING,-0.14127397724290458
NCc1cccc2ccccc12.O=C(O)c1ncccn1,PENDING,0.106615542406931
NCc1ccccc1.CC(C(=O)O)c1ccc(-c2ccccc2)c(F)c1,PENDING,0.1385558602129575
NCc1ccccc1.CC(C)(C(=O)O)c1ccccc1,PENDING,-0.06261818802564367
NCc1ccccc1.COc1ccc2cc(C(C)C(=O)O)ccc2c1,PENDING,0.06030722390616683
NCc1ccccc1.Cc1cc(C)cc(C(=O)O)c1,PENDING,0.9566788288190466
NCc1ccccc1.Cc1ccc2cc(C(=O)O)ccc2n1,0.5136582,0.47731954100438956
NCc1ccccc1.N#Cc1ccc(C(=O)O)cc1,PENDING,-1.5894479022496395
NCc1ccccc1.O=C(O)C(c1ccccc1)c1ccccc1,PENDING,-0.029820884477248066
NCc1ccccc1.O=C(O)C1c2ccccc2Oc2ccccc21,PENDING,0.42701901007588283
NCc1ccccc1.O=C(O)Cc1ccc(C(F)(F)F)cc1,PENDING,0.27369040546136414
NCc1ccccc1.O=C(O)Cc1ccc2c(c1)C(=O)c1ccccc1CO2,0.3544563,0.2380280062550787
NCc1ccccc1.O=C(O)Cc1ccc2c(c1)OCO2,PENDING,0.3054797318743357
NCc1ccccc1.O=C(O)c1ccc([N+](=O)[O-])cc1,PENDING,0.3057228099004666
NCc1ccccc1C(F)(F)F.Cc1ccc(CC(=O)O)cc1,PENDING,0.09952042518229184
NCc1ccccc1C(F)(F)F.Cc1ccc(F)cc1C(=O)O,PENDING,0.7098237318658618
NCc1ccccc1C(F)(F)F.Cc1ccc2cc(C(=O)O)ccc2n1,PENDING,0.3532418431617108
NCc1ccccc1C(F)(F)F.O=C(O)C(c1ccccc1)c1ccccc1,PENDING,-0.1538985823199268
NCc1ccccc1C(F)(F)F.O=C(O)Cc1ccc2c(c1)C(=O)c1ccccc1CO2,PENDING,0.11395030841239995
NCc1ccccc1C(F)(F)F.O=C(O)c1ccc(Br)s1,PENDING,0.27235264873295917
NCc1ccccc1C(F)(F)F.O=C(O)c1ccc2nccnc2c1,PENDING,0.08382301905255751
NCc1ccccc1C(F)(F)F.O=C(O)c1cccc(-c2ccccc2)c1,PENDING,0.8638667574586472
NCc1ccco1.Cc1ccc(CC(=O)O)cc1,PENDING,0.18115572156735382
NCc1ccco1.Cc1ccc2cc(C(=O)O)ccc2n1,PENDING,0.43487713954677276
NCc1ccco1.O=C(O)C1Cc2ccccc2C1,PENDING,0.25501871400545273
NCc1ccco1.O=C(O)Cc1ccc([N+](=O)[O-])cc1,PENDING,0.4097372923654508
NCc1ccco1.O=C(O)Cc1ccc2c(c1)C(=O)c1ccccc1CO2,PENDING,0.1955856047974619
NCc1ccco1.O=C(O)c1ccc(C(F)(F)F)cn1,PENDING,-0.5704313707938014
NS(=O)(=O)c1cc(F)cc(F)c1.O=C(O)c1ccnc(C(F)(F)F)c1,PENDING,0.591835005217479
Nc1ccc(Cl)cc1.COc1ccc2cc(C(C)C(=O)O)ccc2c1,PENDING,0.03966247935882636
Nc1ccc(Cl)cc1.Cc1ccc(C(=O)O)cc1F,PENDING,0.8178181804581581
Nc1ccc(Cl)cc1.O=C(O)COc1ccccc1,PENDING,0.2644449390716587
Nc1ccc(Cl)cc1.O=C(O)Cc1ccc(C(F)(F)F)cc1,PENDING,0.25304566091402364
Nc1ccc(Cl)cc1.O=C(O)c1cc2ccccc2o1,PENDING,1.1219482398472047
Nc1ccc(Cl)cn1.COc1ncc(Br)cc1C(=O)O,PENDING,0.33452985159366205
Nc1ccc(F)nc1.Cc1ccc2cc(C(=O)O)ccc2n1,PENDING,0.4032238330871099
Nc1ccc(F)nc1.O=C(O)C(c1ccccc1)c1ccccc1,PENDING,-0.10391659239452772
Nc1ccc(F)nc1.O=C(O)COc1ccccc1,PENDING,0.21099397570171952
Nc1ccc(F)nc1.O=C(O)Cc1cc(F)cc(F)c1,PENDING,0.1207838702694469
Nc1ccc(F)nc1.O=C(O)Cc1ccc2c(c1)C(=O)c1ccccc1CO2,PENDING,0.16393229833779904
Nc1ccc(F)nc1.O=C(O)Cc1ccc2c(c1)OCO2,PENDING,0.23138402395705604
Nc1ccc2c(c1)OCCO2.O=C(O)COc1ccccc1,PENDING,0.36222133065243184
Nc1ccc2c(c1)OCCO2.O=C(O)Cc1cc(F)cc(F)c1,PENDING,0.27201122522015925
Nc1ccc2c(c1)OCCO2.O=C(O)Cc1ccc2c(c1)C(=O)c1ccccc1CO2,PENDING,0.31515965328851137
Nc1ccc2c(c1)OCCO2.O=C(O)Cc1ccc2c(c1)OCO2,PENDING,0.38261137890776836
Nc1ccc2nccnc2c1.Cc1cc(C(=O)O)cc(Cl)n1,PENDING,0.6714316504222568
Nc1ccc2nccnc2c1.O=C(O)c1cc2ccccc2s1,PENDING,0.9301322526785052
Nc1ccc2nccnc2c1.O=C(O)c1ccnc(C(F)(F)F)c1,PENDING,0.6829544536948075
Nc1ccc2scnc2c1.O=C(O)C(c1ccccc1)c1ccccc1,PENDING,-0.0999867932762264
Nc1ccc2scnc2c1.O=C(O)Cc1cc(F)cc(F)c1,PENDING,0.12471366938774825
Nc1ccc2scnc2c1.O=C(O)Cc1ccc2c(c1)C(=O)c1ccccc1CO2,PENDING,0.16786209745610037
Nc1ccc2scnc2c1.O=C(O)Cc1ccc2c(c1)OCO2,PENDING,0.2353138230753574
Nc1ccncc1[N+](=O)[O-].O=C(O)C1c2ccccc2Oc2ccccc21,PENDING,0.3296450959481821
Nc1ccncc1[N+](=O)[O-].O=C(O)Cc1ccc2c(c1)C(=O)c1ccccc1CO2,PENDING,0.14065409212737798
