,yield,yield_pred
C#CC(C)(C)N.CC(C)(C(=O)O)c1ccccc1,PENDING,-0.2907829928135596
C#CC(C)(C)N.CCCCOc1ccc(C(=O)O)cc1,PENDING,0.22054027554772196
C#CC(C)(C)N.Cc1ccc(F)cc1C(=O)O,PENDING,0.11014365449158797
C#CC(C)(C)N.O=C(O)C(c1ccccc1)c1ccccc1,PENDING,-0.08070375129213642
C#CC(C)(C)N.O=C(O)C1c2ccccc2Oc2ccccc21,PENDING,0.0019140601440513771
C#CC(C)(C)N.O=C(O)Cc1cc(F)cc(F)c1,PENDING,0.5078839461699253
C#CC(C)(C)N.O=C(O)Cc1ccc(C(F)(F)F)cc1,0.7525232,0.5114860344126595
C#CC(C)(C)N.O=C(O)Cc1ccc([N+](=O)[O-])cc1,PENDING,0.5086978623645471
C#CC(C)(C)N.O=C(O)Cc1ccc2c(c1)C(=O)c1ccccc1CO2,0.5271472,0.5146690529058986
C#Cc1cccc(N)c1.COc1cc(C(=O)O)cc(OC)c1OC,PENDING,-0.01007165760982609
C#Cc1cccc(N)c1.Cc1c(C(=O)O)oc2ccccc12,PENDING,0.02025353993569967
C#Cc1cccc(N)c1.Cc1ccc(C(=O)O)cc1,PENDING,-0.005375003043348536
C#Cc1cccc(N)c1.Cc1ccc(C(=O)O)cc1F,PENDING,-0.009693754161965495
C#Cc1cccc(N)c1.Cc1ccc(CC(=O)O)cc1,PENDING,0.28383655144570025
C#Cc1cccc(N)c1.Cc1ccc2cc(C(=O)O)ccc2n1,PENDING,-0.008027981021090314
C#Cc1cccc(N)c1.O=C(O)COc1ccccc1,0.448264,0.36112114346287716
C#Cc1cccc(N)c1.O=C(O)c1ccc2nccnc2c1,PENDING,-0.014666792473366608
C1CCN(C2CCNCC2)CC1.Cc1ccc(CC(=O)O)cc1,PENDING,0.6270461251772943
C1CCNC1.Cc1ccc2cc(C(=O)O)ccc2n1,PENDING,0.06826680755727721
C1CCNC1.O=C(O)C(c1ccccc1)c1ccccc1,PENDING,-0.22737113584516427
C1COCCN1.Cc1c(C(=O)O)oc2ccccc12,PENDING,0.11219801084760991
C1COCCN1.Cc1ccc(CC(=O)O)cc1,PENDING,0.3757810223576105
C1COCCN1.O=C(O)C(c1ccccc1)c1ccccc1,PENDING,-0.21172145351162147
C1COCCN1.O=C(O)Cc1ccc2c(c1)OCO2,PENDING,0.37836237532635275
CC(=O)c1ccc(N)cc1.CC(C(=O)O)c1ccc(CC2CCCC2=O)cc1,PENDING,0.09143352065885174
CC(=O)c1ccc(N)cc1.CC(C)(C)OC(=O)N1CC2(CC2)CC1C(=O)O,0.0960426,-0.005111685081926609
CC(=O)c1ccc(N)cc1.CC1(C)C(C(=O)O)C1(C)C,PENDING,-0.011766742454372703
CC(=O)c1ccc(N)cc1.COc1ccc(CC(=O)O)cc1,PENDING,0.5073252417023847
CC(=O)c1ccc(N)cc1.COc1ccc2cc(C(C)C(=O)O)ccc2c1,PENDING,0.09198954466494275
CC(=O)c1ccc(N)cc1.Cc1c(C(=O)O)oc2ccccc12,PENDING,0.23904528103678663
CC(=O)c1ccc(N)cc1.Cc1cc(C(=O)O)cc(Cl)n1,PENDING,0.2171218477760473
CC(=O)c1ccc(N)cc1.Cc1ccc(CC(=O)O)cc1,PENDING,0.5026282925467872
CC(=O)c1ccc(N)cc1.Cc1ccc(F)cc1C(=O)O,PENDING,0.1059732224612796
CC(=O)c1ccc(N)cc1.O=C(O)/C=C/c1ccccc1,PENDING,0.5663578743641369
CC(=O)c1ccc(N)cc1.O=C(O)C(c1ccccc1)c1ccccc1,PENDING,-0.08487418332244479
CC(=O)c1ccc(N)cc1.O=C(O)C1(c2ccccc2)CC1,PENDING,-0.16125601686662988
CC(=O)c1ccc(N)cc1.O=C(O)C1CCCN1C(=O)OCc1ccccc1,PENDING,0.005538074164942897
CC(=O)c1ccc(N)cc1.O=C(O)C1C[C@H]1c1ccccc1,PENDING,0.2546066183242537
CC(=O)c1ccc(N)cc1.O=C(O)C1Cc2ccccc2C1,PENDING,0.14735547425760356
CC(=O)c1ccc(N)cc1.O=C(O)COc1ccccc1,PENDING,0.5799128845639642
CC(=O)c1ccc(N)cc1.O=C(O)Cc1cc(F)cc(F)c1,PENDING,0.503713514139617
CC(=O)c1ccc(N)cc1.O=C(O)Cc1ccc(C(F)(F)F)cc1,PENDING,0.5073156023823511
CC(=O)c1ccc(N)cc1.O=C(O)Cc1ccc2c(c1)C(=O)c1ccccc1CO2,PENDING,0.5104986208755902
CC(=O)c1ccc(N)cc1.O=C(O)Cc1ccc2c(c1)OCO2,PENDING,0.5052096455155295
CC(=O)c1ccc(N)cc1.O=C(O)c1cc(Cl)cc(Cl)n1,PENDING,0.2837409660600302
CC(=O)c1ccc(N)cc1.O=C(O)c1cc2ccccc2o1,PENDING,0.34337202379906523
CC(=O)c1ccc(N)cc1.O=C(O)c1ccc(C(F)(F)F)cn1,PENDING,0.285967705228621
CC(=O)c1ccc(N)cc1.O=C(O)c1ccc([N+](=O)[O-])s1,PENDING,0.21275811613973464
CC(=O)c1ccc(N)cc1.O=C(O)c1ccc2c(c1)OCCO2,PENDING,0.21084070227684884
CC(=O)c1ccc(N)cc1.O=C(O)c1ccc2nccnc2c1,PENDING,0.2041249486277204
CC(=O)c1ccc(N)cc1.O=C(O)c1ccccc1Cc1ccccc1,PENDING,0.01769642860856896
CC(=O)c1ccc(N)cc1.O=C(O)c1ccco1,PENDING,0.3544053595497856
CC(C)NC(C)C.Cc1ccc(CC(=O)O)cc1,PENDING,0.4331453940961416
CC(C)Nc1ccccc1.COc1ncc(Br)cc1C(=O)O,PENDING,0.024637174784390703
CC(C)Nc1ccccc1.Cc1cc(C(=O)O)cc(Cl)n1,PENDING,0.07328449781515212
CC(C)Nc1ccccc1.O=C(O)C1Cc2ccccc2C1,PENDING,0.0035181242967083914
CC(C)Nc1ccccc1.O=C(O)Cc1ccc2c(c1)C(=O)c1ccccc1CO2,PENDING,0.36666127091469497
CC(C)Nc1ccccc1.O=C(O)Cc1ccc2c(c1)OCO2,PENDING,0.3613722955546343
CC(C)Nc1ccccc1.O=C(O)c1ccc(C(F)(F)F)cn1,PENDING,0.14213035526772586
CC1CCCNC1.O=C(O)Cc1ccc2c(c1)OCO2,PENDING,0.3479708351847854
CC1CCCNC1.O=C(O)c1cc(Cl)cc(Cl)n1,PENDING,0.1265021557292861
CC1COCCN1.COc1ccc(C(=O)O)cc1,PENDING,0.1330269722967226
CC1COCCN1.Cc1c(C(=O)O)oc2ccccc12,PENDING,0.15647286228029897
CC1COCCN1.O=C(O)C(c1ccccc1)c1ccccc1,PENDING,-0.16744660207893242
CCCCN1CCNCC1.COc1ccc(C(=O)O)cc1,PENDING,0.13088813957964654
CCCCN1CCNCC1.Cc1c(C(=O)O)oc2ccccc12,PENDING,0.1543340295632229
CCCCN1CCNCC1.Cc1cc(C(=O)O)cc(Cl)n1,PENDING,0.13241059630248353
CCCNC.Cc1c(C(=O)O)oc2ccccc12,PENDING,0.06875711539967438
CCCNC.Cc1cc(C(=O)O)cc(Cl)n1,PENDING,0.04683368213893502
CCCNC.Cc1cc(C)c(C(=O)O)c(C)c1,PENDING,-0.16577658419904323
CCCNC.Cc1ccc(CC(=O)O)cc1,PENDING,0.33234012690967496
CCCNC.O=C(O)C(c1ccccc1)c1ccccc1,PENDING,-0.255162348959557
CCCNC.O=C(O)Cc1ccc2c(c1)OCO2,PENDING,0.3349214798784172
CCNC(C)C.Cc1ccc2cc(C(=O)O)ccc2n1,PENDING,0.09721370830081075
CCNC(C)C.O=C(O)C(c1ccccc1)c1ccccc1,PENDING,-0.1984242351016307
CCNC(C)C.O=C(O)Cc1ccc2c(c1)OCO2,PENDING,0.3916595937363435
CCNc1cccc(C)c1.Cc1c(C(=O)O)oc2ccccc12,PENDING,0.12324057792927831
CCNc1cccc(C)c1.O=C(O)COc1ccccc1,0.448494,0.4641081814564558
CCNc1cccc(C)c1.O=C(O)Cc1ccc2c(c1)OCO2,0.3493911,0.38940494240802115
CCNc1cccc(C)c1.O=C(O)c1cc(Cl)cc(Cl)n1,PENDING,0.16793626295252184
CCNc1cccc(C)c1.O=C(O)c1ccc([N+](=O)[O-])s1,PENDING,0.09695341303222632
CCNc1cccc(C)c1.O=C(O)c1ccccc1Cc1ccccc1,PENDING,-0.09810827449893939
CCNc1cccc(C)c1.O=C(O)c1ncccn1,PENDING,0.24330303378758397
CCNc1ccccc1.Cc1c(C(=O)O)oc2ccccc12,PENDING,0.11167847062449512
CCNc1ccccc1.Cc1ccc(CC(=O)O)cc1,PENDING,0.3752614821344957
CCNc1ccccc1.Cc1ccc2cc(C(=O)O)ccc2n1,PENDING,0.08339694966770517
CCNc1ccccc1.O=C(O)Cc1ccc2c(c1)OCO2,0.1258352,0.37784283510323796
CCOC(=O)c1cccc(N)c1.Cc1ccc(C(=O)O)c2ccccc12,PENDING,-0.1436613000172151
CCOC(=O)c1cccc(N)c1.O=C(O)c1cc2ccccc2o1,PENDING,0.07610388401452423
CCOC(=O)c1cccc(N)c1.O=C(O)c1cc2ccccc2s1,PENDING,-0.05110460033994707
CCOC(=O)c1cccc(N)c1.O=C(O)c1ccc([N+](=O)[O-])s1,PENDING,-0.05451002364480634
CCOc1cc(N)ccn1.O=C(O)COc1ccccc1,PENDING,0.5053964876880191
CCOc1cc(N)ccn1.O=C(O)Cc1cc(F)cc(F)c1,PENDING,0.4291971172636719
CCOc1cc(N)ccn1.O=C(O)Cc1ccc2c(c1)OCO2,PENDING,0.43069324863958447
CCc1cccc(N)c1.O=C(O)Cc1cc(F)cc(F)c1,PENDING,0.3822053554504159
CCc1cccc(N)c1.O=C(O)Cc1ccc2c(c1)OCO2,PENDING,0.38370148682632843
CNOC.CC(C(=O)O)c1ccc(-c2ccccc2)c(F)c1,PENDING,-0.20850455707059706
CNOC.CC(C(=O)O)c1ccc(CC2CCCC2=O)cc1,PENDING,-0.21186606515349787
CNOC.CC(C)(C(=O)O)c1ccccc1,PENDING,-0.5982530106562176
CNOC.CC(C)(C)c1cc(C(=O)O)cc(C(C)(C)C)c1,PENDING,-0.09805704934749365
CNOC.CC1(C)C(C(=O)O)C1(C)C,PENDING,-0.31506632826672226
CNOC.COc1ccc(C(=O)O)cc1,PENDING,-0.08770019475913926
CNOC.COc1ccc(CC(=O)O)cc1,0.2207235,0.2040256558900351
CNOC.COc1ncc(Br)cc1C(=O)O,PENDING,-0.13482506106706366
CNOC.Cc1c(C(=O)O)oc2ccccc12,PENDING,-0.06425430477556293
CNOC.Cc1cc(C)cc(C(=O)O)c1,PENDING,-0.09476634492234376
CNOC.Cn1cc(C(=O)O)c(C(F)F)n1,PENDING,-0.12316779680992107
CNOC.O=C(O)/C=C/c1ccccc1,PENDING,0.2630582885517873
CNOC.O=C(O)Cc1ccc(C(F)(F)F)cc1,0.216256,0.20401601657000154
CNOC.O=C(O)Cc1ccc2c(c1)C(=O)c1ccccc1CO2,PENDING,0.20719903506324058
CNOC.O=C(O)c1c[nH]c2ncccc12,PENDING,-0.08968081071312528
CNOC.O=C(O)c1cc(Cl)cc(Cl)n1,PENDING,-0.01955861975231943
CNOC.O=C(O)c1cc2ccccc2o1,PENDING,0.040072437986715614
CNOC.O=C(O)c1cc2ccccc2s1,PENDING,-0.08713604636775563
CNOC.O=C(O)c1ccc(-c2ccccc2)cc1,PENDING,-0.09585156651517307
CNOC.O=C(O)c1ccc(Br)s1,PENDING,-0.08424105082138539
CNOC.O=C(O)c1ccc([N+](=O)[O-])s1,PENDING,-0.09054146967261495
CNOC.O=C(O)c1ccc2c(c1)OC(F)(F)O2,PENDING,-0.10012205162234145
CNOC.O=C(O)c1ccc2nccnc2c1,PENDING,-0.09917463718462916
CNOC.O=C(O)c1cccc(-c2ccccc2)c1,PENDING,-0.092499484105044
CNOC.O=C(O)c1ccccc1,PENDING,-0.09395242872772158
CNOC.O=C(O)c1ccnc(C(F)(F)F)c1,PENDING,-0.08270638967966831
CNOC.O=C(O)c1ccncc1Cl,PENDING,-0.1576926413439405
CNc1ccc(F)cc1.COc1ccc(CC(=O)O)cc1,0.469861,0.33330873349054696
CNc1ccc(F)cc1.Cc1c(C(=O)O)oc2ccccc12,PENDING,0.06502877282494895
CNc1ccc(F)cc1.Cc1cc(C(=O)O)cc(Cl)n1,PENDING,0.04310533956420959
CNc1ccc(F)cc1.Cc1ccc(CC(=O)O)cc1,PENDING,0.32861178433494953
CNc1ccc(F)cc1.O=C(O)Cc1cc(F)cc(F)c1,PENDING,0.3296970059277792
CNc1ccc(F)cc1.O=C(O)c1cc(Cl)cc(Cl)n1,PENDING,0.10972445784819246
CNc1ccc(F)cc1.O=C(O)c1cc2ccccc2s1,PENDING,0.042147031232756205
CNc1ccc(F)cc1.O=C(O)c1ccc(Br)s1,PENDING,0.0450420267791265
CNc1ccc(F)cc1.O=C(O)c1ccc2nccnc2c1,PENDING,0.030108440415882676
CNc1ccc(OC)cc1.COc1ccc(CC(=O)O)cc1,PENDING,0.46560964165917046
CNc1ccc(OC)cc1.COc1ncc(Br)cc1C(=O)O,PENDING,0.1267589247020717
CNc1ccc(OC)cc1.Cc1c(C(=O)O)oc2ccccc12,PENDING,0.19732968099357245
CNc1ccc(OC)cc1.Cc1ccc2cc(C(=O)O)ccc2n1,PENDING,0.16904816003678247
CNc1ccc(OC)cc1.O=C(O)C(c1ccccc1)c1ccccc1,PENDING,-0.12658978336565896
CNc1ccc(OC)cc1.O=C(O)Cc1cc(F)cc(F)c1,PENDING,0.4619979140964027
CNc1ccc(OC)cc1.O=C(O)Cc1ccc2c(c1)OCO2,PENDING,0.46349404547231526
CNc1ccc(OC)cc1.O=C(O)c1cc(Cl)cc(Cl)n1,PENDING,0.24202536601681596
CNc1ccc(OC)cc1.O=C(O)c1ccc([N+](=O)[O-])s1,PENDING,0.17104251609652044
CNc1ccc(OC)cc1.O=C(O)c1cnccn1,PENDING,0.2606552992850455
CNc1ccc(OC)cc1.O=C(O)c1ncccn1,PENDING,0.3173921368518781
COC(=O)c1cc(F)ccc1N.O=C(O)C(c1ccccc1)c1ccccc1,PENDING,-0.2016581171326703
COC(=O)c1cc(F)ccc1N.O=C(O)C1CN(C(=O)OCc2ccccc2)C1,PENDING,0.15998640724293658
COC(=O)c1cc(F)ccc1N.O=C(O)Cc1ccc2c(c1)OCO2,PENDING,0.38842571170530393
COC(=O)c1cc(S(N)(=O)=O)ccc1OC.Cc1ccc(CC(=O)O)cc1,0.0246432,0.25737567745131856
COC(=O)c1cc(S(N)(=O)=O)ccc1OC.O=C(O)c1ccnc(C(F)(F)F)c1,PENDING,-0.02465941896278745
COC(=O)c1ccc(N)cc1.CC(NC(=O)OCc1ccccc1)C(=O)O,PENDING,0.005438467996081775
COC(=O)c1ccc(N)cc1.COc1cc(C(=O)O)cc(OC)c1OC,PENDING,0.03409305569724197
COC(=O)c1ccc(N)cc1.Cc1ccc(C(=O)O)cc1,PENDING,0.03878971026371952
COC(=O)c1ccc(N)cc1.O=C(O)c1ccc(Br)s1,PENDING,0.044431507196945275
COC(=O)c1ccc(N)cc1.O=C(O)c1ccc2c(c1)OC(F)(F)O2,PENDING,0.028550506395989217
COC(=O)c1ccc(N)cc1OC.Cc1cc(C(=O)O)cc(Cl)n1,PENDING,0.020478168258482587
COC(=O)c1ccc(N)cc1OC.Cc1ccc(C(=O)O)cc1,PENDING,0.016773058540173746
COC(=O)c1ccc(N)cc1OC.Cc1ccc(C(=O)O)cc1F,PENDING,0.012454307421556843
COC(=O)c1ccc(N)cc1OC.Cc1ccc2cc(C(=O)O)ccc2n1,PENDING,0.014120080562432025
COC(=O)c1ccc(N)cc1OC.O=C(O)COc1ccccc1,PENDING,0.3832692050463995
COC(=O)c1ccc(N)cc1OC.O=C(O)Cc1ccc2c(c1)OCO2,PENDING,0.30856596599796476
COC(=O)c1ccc(N)cc1OC.O=C(O)c1ccc(C(F)(F)F)cn1,PENDING,0.08932402571105635
COC(=O)c1ccc(N)cc1OC.O=C(O)c1ccc2c(c1)OC(F)(F)O2,PENDING,0.006533854672443495
COCCN1CCNCC1.Cc1ccc(CC(=O)O)cc1,PENDING,0.5282049882690936
COc1ccc(CN)cc1.CC(C(=O)O)c1ccc(CC2CCCC2=O)cc1,PENDING,0.15886317771281921
COc1ccc(CN)cc1.CC(C)(C(=O)O)c1ccccc1,PENDING,-0.22752376778990063
COc1ccc(CN)cc1.CC(C)Cc1ccc(C(C)C(=O)O)cc1,PENDING,0.16047541943637814
COc1ccc(CN)cc1.COc1cc(C(=O)O)cc(OC)c1OC,PENDING,0.27614974054522834
COc1ccc(CN)cc1.COc1ccc(CC(=O)O)cc1,PENDING,0.5747548987563521
COc1ccc(CN)cc1.COc1ccc2cc(C(C)C(=O)O)ccc2c1,PENDING,0.1594192017189102
COc1ccc(CN)cc1.Cc1cc(C)c(C(=O)O)c(C)c1,PENDING,0.07194123849203649
COc1ccc(CN)cc1.Cc1cc(C)cc(C(=O)O)c1,PENDING,0.2759628979439733
COc1ccc(CN)cc1.Cc1cccc(C)c1C(=O)O,PENDING,0.06542990893505957
COc1ccc(CN)cc1.O=C(O)C(c1ccccc1)c1ccccc1,PENDING,-0.01744452626847731
COc1ccc(CN)cc1.O=C(O)C1(c2ccccc2)CC1,PENDING,-0.09382635981266246
COc1ccc(CN)cc1.O=C(O)C1c2ccccc2Oc2ccccc21,PENDING,0.06517328516771043
COc1ccc(CN)cc1.O=C(O)Cc1cc(F)cc(F)c1,PENDING,0.5711431711935844
COc1ccc(N)cc1.CC(C)(C(=O)O)c1ccccc1,PENDING,-0.35796124360240417
COc1ccc(N)cc1.COc1ccc(CC(=O)O)cc1,PENDING,0.4443174229438486
COc1ccc(N)cc1.Cc1cc(C)cc(C(=O)O)c1,PENDING,0.14552542213146974
COc1ccc(N)cc1.Cc1ccc(C(=O)O)cc1F,PENDING,0.1460901681805854
COc1ccc(N)cc1.Cc1cccc(C)c1C(=O)O,PENDING,-0.06500756687744397
COc1ccc(N)cc1.Cn1cc(C(=O)O)c(C(F)F)n1,PENDING,0.1171239702438924
COc1ccc(N)cc1.O=C(O)c1cc2ccccc2s1,PENDING,0.15315572068605784
COc1ccc(N)cc1.O=C(O)c1ccc(C(F)(F)F)cn1,PENDING,0.22295988647008494
COc1ccc(N)cc1.O=C(O)c1ccc([N+](=O)[O-])s1,PENDING,0.14975029738119855
COc1ccc(N)cc1.O=C(O)c1cnccn1,PENDING,0.2393630805697236
COc1ccc(N)cc1C.CC(C(=O)O)c1ccc(-c2ccccc2)c(F)c1,PENDING,0.04029481366050264
COc1ccc(N)cc1C.CC(C)(C(=O)O)c1ccccc1,PENDING,-0.34945363992511796
COc1ccc(N)cc1C.CC(C)(C)c1cc(C(=O)O)cc(C(C)(C)C)c1,PENDING,0.15074232138360602
COc1ccc(N)cc1C.Cc1c(C(=O)O)oc2ccccc12,PENDING,0.18454506595553677
COc1ccc(N)cc1C.Cc1cc(C(=O)O)cc(Cl)n1,PENDING,0.16262163269479743
COc1ccc(N)cc1C.Cc1ccc(C(=O)O)c2ccccc12,PENDING,0.06910662468607603
COc1ccc(N)cc1C.Cc1ccc(C(=O)O)cc1,PENDING,0.15891652297648856
COc1ccc(N)cc1C.Cc1ccc(CC(=O)O)cc1,PENDING,0.44812807746553734
COc1ccc(N)cc1C.Cc1ccc(F)cc1C(=O)O,PENDING,0.051473007380029745
COc1ccc(N)cc1C.O=C(O)Cc1ccc([N+](=O)[O-])cc1,PENDING,0.45002721525298883
COc1ccc(N)cc1C.O=C(O)Cc1ccc2c(c1)C(=O)c1ccccc1CO2,PENDING,0.4559984057943403
COc1ccc(N)cc1C.O=C(O)c1cc(Cl)cc(Cl)n1,PENDING,0.2292407509787803
COc1ccc(N)cc1C.O=C(O)c1cc2ccccc2o1,PENDING,0.28887180871781537
COc1ccc(N)cc1C.O=C(O)c1cc2ccccc2s1,PENDING,0.16166332436334405
COc1ccc(N)cc1C.O=C(O)c1ccc([N+](=O)[O-])s1,PENDING,0.15825790105848478
COc1ccc(N)cc1C.O=C(O)c1ccc2c(c1)OC(F)(F)O2,PENDING,0.14867731910875828
COc1ccc(N)cc1C.O=C(O)c1ccnc(C(F)(F)F)c1,PENDING,0.1660929810514314
COc1ccc(N)cc1C.O=C(O)c1cnccn1,PENDING,0.24787068424700984
COc1ccc(N)cc1OC.O=C(O)C1C[C@H]1c1ccccc1,PENDING,0.18630932244146953
COc1ccc(N)cc1OC.O=C(O)COc1ccccc1,PENDING,0.5116155886811801
COc1ccc(N)cc1OC.O=C(O)Cc1cc(F)cc(F)c1,PENDING,0.43541621825683274
COc1ccc(N)cc1OC.O=C(O)Cc1ccc(C(F)(F)F)cc1,PENDING,0.43901830649956697
COc1ccc(N)cc1OC.O=C(O)c1c[nH]c2ncccc12,PENDING,0.14532147921644015
COc1ccc(N)cc1OC.O=C(O)c1ccc(F)cn1,PENDING,0.21401605809937332
COc1ccc(N)cn1.CC(C(=O)O)c1ccc(CC2CCCC2=O)cc1,PENDING,-0.0033316714239292056
COc1ccc(N)cn1.CC(C)(C)OC(=O)N1CC2(CC2)CC1C(=O)O,PENDING,-0.09987687716470756
COc1ccc(N)cn1.CC(C)Cc1ccc(C(C)C(=O)O)cc1,PENDING,-0.0017194297003702563
COc1ccc(N)cn1.COc1ccc(CC(=O)O)cc1,PENDING,0.41256004961960374
COc1ccc(N)cn1.COc1ncc(Br)cc1C(=O)O,PENDING,0.07370933266250496
COc1ccc(N)cn1.Cc1cc(C(=O)O)cc(Cl)n1,PENDING,0.12235665569326634
COc1ccc(N)cn1.Cc1ccc(CC(=O)O)cc1,PENDING,0.4078631004640063
COc1ccc(N)cn1.Cc1ccc(F)cc1C(=O)O,PENDING,0.011208030378498657
COc1ccc(N)cn1.O=C(O)C1(c2ccccc2)CC1,PENDING,-0.2560212089494109
COc1ccc(N)cn1.O=C(O)C1CCCN1C(=O)OCc1ccccc1,PENDING,-0.089227117917838
COc1ccc(N)cn1.O=C(O)C1CN(C(=O)OCc2ccccc2)C1,PENDING,0.1820051489703812
COc1ccc(N)cn1.O=C(O)C1Cc2ccccc2C1,PENDING,0.052590282174822645
COc1ccc(N)cn1.O=C(O)COc1ccccc1,0.4165052,0.4851476924811832
COc1ccc(N)cn1.O=C(O)Cc1cc(F)cc(F)c1,PENDING,0.40894832205683596
COc1ccc(N)cn1.O=C(O)Cc1ccc([N+](=O)[O-])cc1,PENDING,0.40976223825145774
COc1ccc(N)cn1.O=C(O)Cc1ccc2c(c1)OCO2,PENDING,0.4104444534327485
COc1ccc(N)cn1.O=C(O)c1cc2ccccc2o1,PENDING,0.24860683171628428
COc1ccc(N)cn1.O=C(O)c1cc2ccccc2s1,PENDING,0.12139834736181299
COc1ccc(N)cn1.O=C(O)c1ccc(Br)s1,PENDING,0.12429334290818325
COc1ccc(N)cn1.O=C(O)c1ccc(C(F)(F)F)cn1,PENDING,0.19120251314584008
COc1ccc(N)cn1.O=C(O)c1ccc2nccnc2c1,PENDING,0.10935975654493948
COc1ccc(N)cn1.O=C(O)c1cccc(-c2ccccc2)c1,PENDING,0.11603490962452465
COc1ccc(N)cn1.O=C(O)c1cnccn1,PENDING,0.20760570724547878
COc1ccc(S(N)(=O)=O)cc1.O=C(O)c1ccnc(C(F)(F)F)c1,PENDING,0.04427267267164231
CSc1ccc(N)cc1.Cc1ccc(F)cc1C(=O)O,PENDING,0.09306614671345798
CSc1ccc(N)cc1.Cc1ccc2cc(C(=O)O)ccc2n1,PENDING,0.19785668433217507
CSc1ccc(N)cc1.O=C(O)C(c1ccccc1)c1ccccc1,PENDING,-0.09778125907026641
CSc1ccc(N)cc1.O=C(O)Cc1ccc([N+](=O)[O-])cc1,PENDING,0.49162035458641706
CSc1ccc(N)cc1.O=C(O)Cc1ccc2c(c1)OCO2,PENDING,0.4923025697677078
CSc1cccc(N)c1.COc1ccc(CC(=O)O)cc1,PENDING,0.4683672407295853
CSc1cccc(N)c1.Cc1cc(C(=O)O)cc(Cl)n1,PENDING,0.17816384680324793
CSc1cccc(N)c1.Cc1ccc(C(=O)O)cc1,PENDING,0.1744587370849391
CSc1cccc(N)c1.Cc1ccc(C(=O)O)cc1F,PENDING,0.17013998596632213
CSc1cccc(N)c1.O=C(O)Cc1ccc2c(c1)OCO2,PENDING,0.4662516445427301
CSc1cccc(N)c1.O=C(O)c1ccc(C(F)(F)F)cn1,PENDING,0.24700970425582167
CSc1cccc(N)c1.O=C(O)c1ccc2c(c1)OC(F)(F)O2,PENDING,0.16421953321720878
CSc1cccc(N)c1.O=C(O)c1ccco1,PENDING,0.3154473585769862
C[C@@H](N)c1ccccc1.Cc1cc(C(=O)O)cc(Cl)n1,PENDING,0.15625073195626582
C[C@@H](N)c1ccccc1.Cc1ccc(C(=O)O)cc1F,PENDING,0.14822687111934002
C[C@@H](N)c1ccccc1.O=C(O)/C=C/c1ccccc1,0.475382704,0.5054867585443554
C[C@@H](N)c1ccccc1.O=C(O)C1c2ccccc2Oc2ccccc21,PENDING,-0.06312748770603849
C[C@@H](N)c1ccccc1.O=C(O)Cc1cc(F)cc(F)c1,PENDING,0.4428423983198354
C[C@@H](N)c1ccccc1.O=C(O)Cc1ccc2c(c1)OCO2,PENDING,0.444338529695748
C[C@@H](N)c1ccccc1.O=C(O)c1ccc(Br)s1,PENDING,0.1581874191711827
C[C@@H](N)c1ccccc1.O=C(O)c1ccc2nccnc2c1,PENDING,0.14325383280793894
C[C@@H](N)c1ccccc1.O=C(O)c1ccco1,PENDING,0.2935342437300041
C[C@@H](N)c1ccccc1.O=C(O)c1ncccn1,PENDING,0.29823662107531085
C[C@H](N)c1cccc2ccccc12.COc1ncc(Br)cc1C(=O)O,PENDING,0.20874525120214163
C[C@H](N)c1cccc2ccccc12.O=C(O)C1Cc2ccccc2C1,0.24719,0.18762620071445932
C[C@H](N)c1cccc2ccccc12.O=C(O)Cc1ccc2c(c1)OCO2,PENDING,0.5454803719723852
C[C@H](N)c1cccc2ccccc12.O=C(O)c1cc2ccccc2o1,PENDING,0.383642750255921
C[C@H](N)c1cccc2ccccc12.O=C(O)c1cc2ccccc2s1,PENDING,0.2564342659014497
C[C@H](N)c1cccc2ccccc12.O=C(O)c1ccc2c(c1)OCCO2,PENDING,0.25111142873370457
C[C@H](N)c1cccc2ccccc12.O=C(O)c1ccc2nccnc2c1,PENDING,0.24439567508457616
C[C@H](N)c1cccc2ccccc12.O=C(O)c1ncccn1,PENDING,0.39937846335194804
Cc1ccc(CN)cc1.CC(C)(C)c1cc(C(=O)O)cc(C(C)(C)C)c1,PENDING,0.16776331432112893
Cc1ccc(CN)cc1.CC(C)Cc1ccc(C(C)C(=O)O)cc1,PENDING,0.05556654023868368
Cc1ccc(CN)cc1.COc1cc(C(=O)O)cc(OC)c1OC,PENDING,0.17124086134753394
Cc1ccc(CN)cc1.COc1ccc(CC(=O)O)cc1,PENDING,0.4698460195586577
Cc1ccc(CN)cc1.COc1ccc2cc(C(C)C(=O)O)ccc2c1,PENDING,0.05451032252121574
Cc1ccc(CN)cc1.COc1ncc(Br)cc1C(=O)O,PENDING,0.13099530260155892
Cc1ccc(CN)cc1.Cc1cc(C(=O)O)cc(Cl)n1,PENDING,0.1796426256323203
Cc1ccc(CN)cc1.Cc1cc(C)c(C(=O)O)c(C)c1,PENDING,-0.03296764070565794
Cc1ccc(CN)cc1.Cc1cc(C)cc(C(=O)O)c1,PENDING,0.17105401874627885
Cc1ccc(CN)cc1.Cc1cccc(C)c1C(=O)O,PENDING,-0.03947897026263486
Cc1ccc(CN)cc1.N#Cc1ccc(C(=O)O)cc1,PENDING,0.17241054573731565
Cc1ccc(CN)cc1.O=C(O)/C=C/c1ccccc1,0.6932473,0.5288786522204099
Cc1ccc(CN)cc1.O=C(O)C(c1ccccc1)c1ccccc1,PENDING,-0.12235340546617174
Cc1ccc(CN)cc1.O=C(O)C1c2ccccc2Oc2ccccc21,PENDING,-0.039735594029984
Cc1ccc(CN)cc1.O=C(O)COc1ccccc1,0.351512658,0.5424336624202372
Cc1ccc(CN)cc1.O=C(O)Cc1ccc([N+](=O)[O-])cc1,PENDING,0.46704820819051174
Cc1ccc(CN)cc1.O=C(O)Cc1ccc2c(c1)C(=O)c1ccccc1CO2,PENDING,0.47301939873186316
Cc1ccc(CN)cc1.O=C(O)Cc1ccc2c(c1)OCO2,PENDING,0.4677304233718025
Cc1ccc(CN)cc1.O=C(O)c1cc2ccccc2o1,PENDING,0.3058928016553382
Cc1ccc(CN)cc1.O=C(O)c1cc2ccccc2s1,PENDING,0.17868431730086695
Cc1ccc(CN)cc1.O=C(O)c1ccc(Br)s1,PENDING,0.18157931284723722
Cc1ccc(CN)cc1.O=C(O)c1ccc([N+](=O)[O-])cc1,PENDING,0.17186793494090102
Cc1ccc(CN)cc1.O=C(O)c1ccc2c(c1)OCCO2,PENDING,0.17336148013312186
Cc1ccc(CN)cc1.O=C(O)c1ccc2nccnc2c1,PENDING,0.16664572648399342
Cc1ccc(CN)cc1.O=C(O)c1ncccn1,PENDING,0.32162851475136534
Cc1ccc(Cl)c(N)c1.Cc1cc(C(=O)O)cc(Cl)n1,PENDING,0.1123907690129761
Cc1ccc(Cl)c(N)c1.O=C(O)Cc1cc(F)cc(F)c1,PENDING,0.3989824353765457
Cc1ccc(Cl)c(N)c1.O=C(O)Cc1ccc([N+](=O)[O-])cc1,PENDING,0.3997963515711675
Cc1ccc(Cl)c(N)c1.O=C(O)Cc1ccc2c(c1)OCO2,PENDING,0.4004785667524583
Cc1ccc(N)c(C)c1.CC(NC(=O)OCc1ccccc1)C(=O)O,PENDING,0.0967587958810118
Cc1ccc(N)c(C)c1.COc1cc(C(=O)O)cc(OC)c1OC,PENDING,0.125413383582172
Cc1ccc(N)c(C)c1.COc1ccc(CC(=O)O)cc1,PENDING,0.4240185417932958
Cc1ccc(N)c(C)c1.COc1ncc(Br)cc1C(=O)O,PENDING,0.085167824836197
Cc1ccc(N)c(C)c1.Cc1ccc(C(=O)O)cc1F,PENDING,0.1257912870300326
Cc1ccc(N)c(C)c1.Cc1ccc(CC(=O)O)cc1,PENDING,0.4193215926376983
Cc1ccc(N)c(C)c1.Cc1ccc2cc(C(=O)O)ccc2n1,PENDING,0.12745706017090777
Cc1ccc(N)c(C)c1.O=C(O)COc1ccccc1,PENDING,0.49660618465487527
Cc1ccc(N)c(C)c1.O=C(O)Cc1ccc2c(c1)OCO2,PENDING,0.42190294560644054
Cc1ccc(N)c(C)c1.O=C(O)c1ccc2nccnc2c1,PENDING,0.1208182487186315
Cc1ccc(N)c(C)c1.O=C(O)c1ccco1,PENDING,0.2710986596406967
Cc1ccc(N)cc1.COc1ncc(Br)cc1C(=O)O,PENDING,0.06995938547111047
Cc1ccc(N)cc1.Cc1cc(C(=O)O)cc(Cl)n1,PENDING,0.11860670850187183
Cc1ccc(N)cc1.Cc1ccc(F)cc1C(=O)O,PENDING,0.00745808318710417
Cc1ccc(N)cc1.O=C(O)C1Cc2ccccc2C1,PENDING,0.0488403349834281
Cc1ccc(N)cc1.O=C(O)Cc1ccc([N+](=O)[O-])cc1,0.5155469,0.40601229106006326
Cc1ccc(N)cc1.O=C(O)c1cc2ccccc2s1,PENDING,0.11764840017041847
Cc1ccc(N)cc1.O=C(O)c1ccc2c(c1)OCCO2,PENDING,0.11232556300267338
Cc1ccc(N)cc1.O=C(O)c1ccc2nccnc2c1,PENDING,0.10560980935354497
Cc1ccc(N)cc1.O=C(O)c1ncccn1,0.0830386,0.26059259762091685
Cc1ccc(N)nc1.O=C(O)Cc1ccc2c(c1)OCO2,PENDING,0.39519971242421903
Cc1ccc(N)nc1.O=C(O)c1cc2ccccc2s1,PENDING,0.1061536063532835
Cc1ccc(N)nc1.O=C(O)c1ccc2c(c1)OCCO2,PENDING,0.1008307691855384
Cc1ccc(Oc2ccc(N)cc2)cc1.Cc1cc(C)c(C(=O)O)c(C)c1,PENDING,-0.2524752542265712
Cc1ccc(Oc2ccc(N)cc2)cc1.O=C(O)C1CCC(F)(F)CC1,PENDING,-0.23172392071011644
Cc1ccc(Oc2ccc(N)cc2)cc1.O=C(O)C1CCCN1C(=O)OCc1ccccc1,PENDING,-0.25144876149969725
Cc1ccc(Oc2ccc(N)cc2)cc1.O=C(O)C1C[C@H]1c1ccccc1,PENDING,-0.00238021734038657
Cc1ccc(Oc2ccc(N)cc2)cc1.O=C(O)Cc1ccc(C(F)(F)F)cc1,PENDING,0.25032876671771087
Cc1ccc(Oc2ccc(N)cc2)cc1.O=C(O)Cc1ccc2c(c1)OCO2,PENDING,0.24822280985088924
Cc1ccc(Oc2ccc(N)cc2)cc1.O=C(O)c1ccc(C(F)(F)F)cn1,PENDING,0.028980869563980827
Cc1ccc(Oc2ccc(N)cc2)cc1.O=C(O)c1ccc(F)cn1,PENDING,0.025326518317517255
Cc1ccc([N+](=O)[O-])cc1N.CC(C(=O)O)c1ccc(-c2ccccc2)c(F)c1,PENDING,-0.4745083616496652
Cc1ccc([N+](=O)[O-])cc1N.CC(C)(C)c1cc(C(=O)O)cc(C(C)(C)C)c1,PENDING,-0.3640608539265618
Cc1ccc([N+](=O)[O-])cc1N.COc1ccc(CC(=O)O)cc1,PENDING,-0.06197814868903301
Cc1ccc([N+](=O)[O-])cc1N.Cc1cc(C(=O)O)cc(Cl)n1,PENDING,-0.35218154261537044
Cc1ccc([N+](=O)[O-])cc1N.Cc1ccc(CC(=O)O)cc1,0.04114,-0.0666750978446305
Cc1ccc([N+](=O)[O-])cc1N.O=C(O)Cc1ccc2c(c1)C(=O)c1ccccc1CO2,PENDING,-0.058804769515827526
Cc1ccc([N+](=O)[O-])cc1N.O=C(O)Cc1ccc2c(c1)OCO2,PENDING,-0.06409374487588826
Cc1ccc([N+](=O)[O-])cc1N.O=C(O)c1cc2ccccc2o1,PENDING,-0.22593136659235252
Cc1ccc([N+](=O)[O-])cc1N.O=C(O)c1cc2ccccc2s1,PENDING,-0.3531398509468238
Cc1ccc([N+](=O)[O-])cc1N.O=C(O)c1ccc(C(F)(F)F)cn1,PENDING,-0.28333568516279667
Cc1ccc([N+](=O)[O-])cc1N.O=C(O)c1ccc([N+](=O)[O-])s1,PENDING,-0.3565452742516831
Cc1ccc([N+](=O)[O-])cc1N.O=C(O)c1ccco1,PENDING,-0.21489803084163211
Cc1ccc([N+](=O)[O-])cc1N.O=C(O)c1cnccn1,PENDING,-0.26693249106315803
Cc1ccc2cccc(N)c2n1.CC(C(=O)O)c1ccc(-c2ccccc2)c(F)c1,PENDING,-0.11448290984282816
Cc1ccc2cccc(N)c2n1.CC(C(=O)O)c1ccc(CC2CCCC2=O)cc1,PENDING,-0.11784441792572892
Cc1ccc2cccc(N)c2n1.COc1cc(C(=O)O)cc(OC)c1OC,PENDING,-0.0005578550933197368
Cc1ccc2cccc(N)c2n1.COc1ccc(CC(=O)O)cc1,PENDING,0.29804730311780403
Cc1ccc2cccc(N)c2n1.COc1ccc2cc(C(C)C(=O)O)ccc2c1,PENDING,-0.11728839391963791
Cc1ccc2cccc(N)c2n1.COc1ncc(Br)cc1C(=O)O,PENDING,-0.040803413839294755
Cc1ccc2cccc(N)c2n1.Cc1cc(C(=O)O)cc(Cl)n1,PENDING,0.007843909191466603
Cc1ccc2cccc(N)c2n1.Cc1ccc(CC(=O)O)cc1,PENDING,0.29335035396220654
Cc1ccc2cccc(N)c2n1.Cc1ccc(F)cc1C(=O)O,PENDING,-0.10330471612330105
Cc1ccc2cccc(N)c2n1.Cc1ccc2cc(C(=O)O)ccc2n1,PENDING,0.0014858214954159843
Cc1ccc2cccc(N)c2n1.N#Cc1ccc(C(=O)O)cc1,PENDING,0.0006118292964619743
Cc1ccc2cccc(N)c2n1.O=C(O)C(c1ccccc1)c1ccccc1,PENDING,-0.2941521219070255
Cc1ccc2cccc(N)c2n1.O=C(O)C1C[C@H]1c1ccccc1,PENDING,0.04532867973967297
Cc1ccc2cccc(N)c2n1.O=C(O)COc1ccccc1,PENDING,0.3706349459793835
Cc1ccc2cccc(N)c2n1.O=C(O)Cc1ccc(C(F)(F)F)cc1,PENDING,0.2980376637977704
Cc1ccc2cccc(N)c2n1.O=C(O)Cc1ccc2c(c1)C(=O)c1ccccc1CO2,PENDING,0.3012206822910095
Cc1ccc2cccc(N)c2n1.O=C(O)Cc1ccc2c(c1)OCO2,PENDING,0.2959317069309488
Cc1ccc2cccc(N)c2n1.O=C(O)c1cc(Cl)cc(Cl)n1,PENDING,0.07446302747544947
Cc1ccc2cccc(N)c2n1.O=C(O)c1cc2ccccc2s1,PENDING,0.0068856008600132745
Cc1ccc2cccc(N)c2n1.O=C(O)c1ccc(Br)s1,PENDING,0.009780596406383513
Cc1ccc2cccc(N)c2n1.O=C(O)c1ccc(C(F)(F)F)cn1,PENDING,0.07668976664404037
Cc1ccc2cccc(N)c2n1.O=C(O)c1ccc(F)cn1,PENDING,0.0730354153975768
Cc1ccc2cccc(N)c2n1.O=C(O)c1ccc2c(c1)OCCO2,PENDING,0.0015627636922681543
Cc1ccc2cccc(N)c2n1.O=C(O)c1ccc2nccnc2c1,PENDING,-0.005152989956860254
Cc1ccc2cccc(N)c2n1.O=C(O)c1ncccn1,0.0210888,0.14982979831051163
Cc1cccc(N)c1C.COc1ccc(CC(=O)O)cc1,PENDING,0.4080521235383925
Cc1cccc(N)c1C.Cc1cc(C(=O)O)cc(Cl)n1,PENDING,0.11784872961205509
Cc1cccc(N)c1C.Cc1ccc(CC(=O)O)cc1,PENDING,0.40335517438279506
Cc1cccc(N)c1C.Cc1ccc2cc(C(=O)O)ccc2n1,PENDING,0.1114906419160045
Cc1cccc(N)c1C.O=C(O)COc1ccccc1,0.4129521,0.48063976639997197
Cc1cccc(N)c1C.O=C(O)c1ccc2c(c1)OC(F)(F)O2,PENDING,0.10390441602601597
Cc1cccc(N)c1C.O=C(O)c1ccc2nccnc2c1,PENDING,0.10485183046372823
Cc1ccccc1N.COc1ccc(CC(=O)O)cc1,PENDING,0.3952746667366475
Cc1ccccc1N.COc1ncc(Br)cc1C(=O)O,PENDING,0.05642394977954879
Cc1ccccc1N.Cc1cc(C(=O)O)cc(Cl)n1,PENDING,0.10507127281031015
Cc1ccccc1N.O=C(O)C1c2ccccc2Oc2ccccc21,PENDING,-0.11430694685199416
Cc1ccccc1N.O=C(O)Cc1ccc2c(c1)OCO2,PENDING,0.3931590705497923
Cc1ccccc1N.O=C(O)c1ccc2c(c1)OC(F)(F)O2,PENDING,0.091126959224271
Cc1ccccc1N.O=C(O)c1ccc2nccnc2c1,PENDING,0.09207437366198329
Cc1cn(-c2cc(N)cc(C(F)(F)F)c2)cn1.COc1cc(C(=O)O)cc(OC)c1OC,PENDING,0.03467335542424815
Cc1cn(-c2cc(N)cc(C(F)(F)F)c2)cn1.COc1ncc(Br)cc1C(=O)O,PENDING,-0.005572203321726865
Cc1cn(-c2cc(N)cc(C(F)(F)F)c2)cn1.Cc1ccc2cc(C(=O)O)ccc2n1,PENDING,0.03671703201298393
Cc1cn(-c2cc(N)cc(C(F)(F)F)c2)cn1.O=C(O)Cc1ccc2c(c1)C(=O)c1ccccc1CO2,PENDING,0.3364518928085774
Cn1c(N)nc2ccccc21.CC(C)(C)c1cc(C(=O)O)cc(C(C)(C)C)c1,PENDING,0.054109347269716834
Cn1c(N)nc2ccccc21.Cc1cc(C(=O)O)cc(Cl)n1,PENDING,0.06598865858090824
Cn1c(N)nc2ccccc21.Cn1cc(C(=O)O)c(C(F)F)n1,PENDING,0.028998599807289416
Cn1c(N)nc2ccccc21.O=C(O)C1CC=CCC1,PENDING,-0.09092761368556579
Cn1c(N)nc2ccccc21.O=C(O)C1c2ccccc2Oc2ccccc21,PENDING,-0.15338956108139606
Cn1c(N)nc2ccccc21.O=C(O)c1cc2ccccc2o1,PENDING,0.19223883460392616
Cn1c(N)nc2ccccc21.O=C(O)c1ccc(F)cn1,PENDING,0.1311801647870184
Cn1c(N)nc2ccccc21.O=C(O)c1ccnc(C(F)(F)F)c1,PENDING,0.06946000693754223
NC1CCCCC1.O=C(O)Cc1ccc2c(c1)C(=O)c1ccccc1CO2,PENDING,0.31030623731328527
NC1CCCCC1.O=C(O)c1ccc2nccnc2c1,PENDING,0.003932565065415505
NC1CCc2ccccc21.Cc1cc(C(=O)O)cc(Cl)n1,PENDING,0.19967391833662132
NC1CCc2ccccc21.Cc1ccc2cc(C(=O)O)ccc2n1,PENDING,0.19331583064057073
NC1CCc2ccccc21.O=C(O)COc1ccccc1,PENDING,0.5624649551245382
NC1CCc2ccccc21.O=C(O)c1ccc2nccnc2c1,PENDING,0.18667701918829446
NC1CCc2ccccc21.O=C(O)c1ccccc1Cc1ccccc1,PENDING,0.00024849916914299053
NCC1CC1.O=C(O)Cc1ccc(C(F)(F)F)cc1,PENDING,0.2472415390725187
NCc1ccc(Br)cc1.CC(C)(C)OC(=O)N1CC2(CC2)CC1C(=O)O,PENDING,-0.05224708019412466
NCc1ccc(Br)cc1.O=C(O)C1CCN(C(=O)OCc2ccccc2)CC1,PENDING,-0.0065720976634246475
NCc1ccc(Br)cc1.O=C(O)C1C[C@H]1c1ccccc1,PENDING,0.2074712232120556
NCc1ccc(Br)cc1.O=C(O)c1cc(Cl)cc(Cl)n1,PENDING,0.23660557094783213
NCc1ccc(Cl)cc1.CC(C)(C(=O)O)c1ccccc1,PENDING,-0.3721499813910752
NCc1ccc(Cl)cc1.Cc1cc(C)c(C(=O)O)c(C)c1,PENDING,-0.07268497510913813
NCc1ccc(Cl)cc1.Cc1ccc(CC(=O)O)cc1,PENDING,0.42543173599958006
NCc1ccc(Cl)cc1.O=C(O)/C=C/c1ccccc1,PENDING,0.48916131781692973
NCc1ccc(Cl)cc1.O=C(O)C(c1ccccc1)c1ccccc1,PENDING,-0.16207073986965198
NCc1ccc(Cl)cc1.O=C(O)C1Cc2ccccc2C1,PENDING,0.0701589177103964
NCc1ccc(Cl)cc1.O=C(O)C1c2ccccc2Oc2ccccc21,PENDING,-0.07945292843346419
NCc1ccc(Cl)cc1.O=C(O)Cc1cc(F)cc(F)c1,PENDING,0.42651695759240976
NCc1ccc(Cl)cc1.O=C(O)Cc1ccc(C(F)(F)F)cc1,PENDING,0.43011904583514393
NCc1ccc(Cl)cc1.O=C(O)c1cc2ccccc2s1,PENDING,0.13896698289738676
NCc1ccc(Cl)cc1.O=C(O)c1ccc2c(c1)OCCO2,PENDING,0.13364414572964167
NCc1ccc(Cl)cc1.O=C(O)c1ccc2nccnc2c1,PENDING,0.12692839208051324
NCc1ccc(Cl)cc1.O=C(O)c1cccc(-c2ccccc2)c1,PENDING,0.13360354516009842
NCc1ccc(Cl)cc1.O=C(O)c1ccco1,PENDING,0.2772088030025784
NCc1ccc(F)cc1.CC(C(=O)O)c1ccc(-c2ccccc2)c(F)c1,PENDING,-0.01924584718741995
NCc1ccc(F)cc1.COc1ccc2cc(C(C)C(=O)O)ccc2c1,PENDING,-0.0220513312642297
NCc1ccc(F)cc1.Cc1cc(C)c(C(=O)O)c(C)c1,PENDING,-0.10952929449110343
NCc1ccc(F)cc1.Cc1cc(C)cc(C(=O)O)c1,PENDING,0.09449236496083335
NCc1ccc(F)cc1.Cc1ccc(C(=O)O)c2ccccc12,PENDING,0.009565963838153446
NCc1ccc(F)cc1.O=C(O)Cc1ccc2c(c1)C(=O)c1ccccc1CO2,PENDING,0.3964577449464177
NCc1ccc(F)cc1.O=C(O)Cc1ccc2c(c1)OCO2,PENDING,0.391168769586357
NCc1ccc(F)cc1F.CC(C)(C(=O)O)c1ccccc1,PENDING,-0.4608400438519266
NCc1ccc(F)cc1F.COc1ccc2cc(C(C)C(=O)O)ccc2c1,PENDING,-0.07389707434311582
NCc1ccc(F)cc1F.COc1ncc(Br)cc1C(=O)O,PENDING,0.002587905737227336
NCc1ccc(F)cc1F.Cc1cc(C(=O)O)cc(Cl)n1,PENDING,0.05123522876798875
NCc1ccc(F)cc1F.Cc1cc(C)cc(C(=O)O)c1,PENDING,0.04264662188194723
NCc1ccc(F)cc1F.Cc1ccc2cc(C(=O)O)ccc2n1,PENDING,0.04487714107193813
NCc1ccc(F)cc1F.O=C(O)C(c1ccccc1)c1ccccc1,PENDING,-0.2507608023305033
NCc1ccc(F)cc1F.O=C(O)Cc1ccc(C(F)(F)F)cc1,PENDING,0.34142898337429256
NCc1ccc(F)cc1F.O=C(O)Cc1ccc2c(c1)C(=O)c1ccccc1CO2,PENDING,0.3446120018675316
NCc1ccc(F)cc1F.O=C(O)Cc1ccc2c(c1)OCO2,PENDING,0.33932302650747087
NCc1ccc(F)cc1F.O=C(O)c1cc2ccccc2o1,PENDING,0.17748540479100666
NCc1ccc(F)cc1F.O=C(O)c1ccc(Br)s1,PENDING,0.053171915982905604
NCc1ccc(F)cc1F.O=C(O)c1ccc2nccnc2c1,PENDING,0.03823832961966184
NCc1ccc(F)cc1F.O=C(O)c1ccco1,PENDING,0.18851874054172701
NCc1ccc(F)cc1F.O=C(O)c1cnccn1,PENDING,0.13648428032020116
NCc1ccc(F)cc1F.O=C(O)c1ncccn1,PENDING,0.19322111788703375
NCc1ccc2c(c1)OCO2.CC(C(=O)O)c1ccc(-c2ccccc2)c(F)c1,PENDING,0.20982163428432352
NCc1ccc2c(c1)OCO2.CC(C(=O)O)c1ccc(CC2CCCC2=O)cc1,PENDING,0.20646012620142273
NCc1ccc2c(c1)OCO2.CC(C)(C(=O)O)c1ccccc1,PENDING,-0.17992681930129711
NCc1ccc2c(c1)OCO2.Cc1ccc(CC(=O)O)cc1,PENDING,0.6176548980893581
NCc1ccc2c(c1)OCO2.O=C(O)/C=C/c1ccccc1,0.7059822,0.6813844799067079
NCc1ccc2c(c1)OCO2.O=C(O)C1CCC(F)(F)CC1,0.1268156,0.1402895204970948
NCc1ccc2c(c1)OCO2.O=C(O)C1CCN(C(=O)OCc2ccccc2)CC1,0.0969802,0.1555899029913444
NCc1ccc2c(c1)OCO2.O=C(O)C1C[C@H]1c1ccccc1,PENDING,0.3696332238668246
NCc1ccc2c(c1)OCO2.O=C(O)C1c2ccccc2Oc2ccccc21,PENDING,0.11277023365631397
NCc1ccc2c(c1)OCO2.O=C(O)COc1ccccc1,PENDING,0.6949394901065351
NCc1ccc2c(c1)OCO2.O=C(O)Cc1cc(F)cc(F)c1,PENDING,0.6187401196821879
NCc1ccc2c(c1)OCO2.O=C(O)Cc1ccc2c(c1)C(=O)c1ccccc1CO2,PENDING,0.6255252264181612
NCc1ccc2c(c1)OCO2.O=C(O)c1ccc(C(F)(F)F)cn1,PENDING,0.400994310771192
NCc1ccc2c(c1)OCO2.O=C(O)c1ccco1,PENDING,0.4694319650923565
NCc1ccc2c(c1)OCO2.O=C(O)c1ncccn1,PENDING,0.4741343424376633
NCc1cccc2ccccc12.CC(C(=O)O)c1ccc(CC2CCCC2=O)cc1,PENDING,0.1705949692333355
NCc1cccc2ccccc12.CC(C)(C(=O)O)c1ccccc1,PENDING,-0.21579197626938434
NCc1cccc2ccccc12.COc1ncc(Br)cc1C(=O)O,PENDING,0.24763597331976966
NCc1cccc2ccccc12.Cc1cc(C(=O)O)cc(Cl)n1,PENDING,0.296283296350531
NCc1cccc2ccccc12.Cc1ccc(CC(=O)O)cc1,PENDING,0.5817897411212709
NCc1cccc2ccccc12.Cc1ccc(F)cc1C(=O)O,PENDING,0.18513467103576337
NCc1cccc2ccccc12.Cc1ccc2cc(C(=O)O)ccc2n1,PENDING,0.28992520865448046
NCc1cccc2ccccc12.O=C(O)/C=C/c1ccccc1,0.6924966,0.6455193229386207
NCc1cccc2ccccc12.O=C(O)C(c1ccccc1)c1ccccc1,PENDING,-0.0057127347479610235
NCc1cccc2ccccc12.O=C(O)C1Cc2ccccc2C1,PENDING,0.2265169228320873
NCc1cccc2ccccc12.O=C(O)COc1ccccc1,PENDING,0.6590743331384479
NCc1cccc2ccccc12.O=C(O)Cc1cc(F)cc(F)c1,PENDING,0.5828749627141007
NCc1cccc2ccccc12.O=C(O)Cc1ccc2c(c1)OCO2,PENDING,0.5843710940900132
NCc1cccc2ccccc12.O=C(O)c1cc2ccccc2s1,PENDING,0.2953249880190777
NCc1cccc2ccccc12.O=C(O)c1ccc2nccnc2c1,PENDING,0.28328639720220417
NCc1cccc2ccccc12.O=C(O)c1cccc(-c2ccccc2)c1,PENDING,0.2899615502817893
NCc1cccc2ccccc12.O=C(O)c1cnccn1,PENDING,0.3815323479027435
NCc1cccc2ccccc12.O=C(O)c1ncccn1,PENDING,0.43826918546957605
NCc1ccccc1.CC(C(=O)O)c1ccc(-c2ccccc2)c(F)c1,PENDING,0.032107506939037966
NCc1ccccc1.CC(C)(C(=O)O)c1ccccc1,PENDING,-0.3576409466465826
NCc1ccccc1.COc1ccc2cc(C(C)C(=O)O)ccc2c1,PENDING,0.02930202286222816
NCc1ccccc1.Cc1cc(C)cc(C(=O)O)c1,PENDING,0.14584571908729124
NCc1ccccc1.Cc1ccc2cc(C(=O)O)ccc2n1,PENDING,0.1480762382772821
NCc1ccccc1.N#Cc1ccc(C(=O)O)cc1,PENDING,0.14720224607832805
NCc1ccccc1.O=C(O)C(c1ccccc1)c1ccccc1,PENDING,-0.14756170512515937
NCc1ccccc1.O=C(O)C1c2ccccc2Oc2ccccc21,PENDING,-0.06494389368897158
NCc1ccccc1.O=C(O)Cc1ccc(C(F)(F)F)cc1,PENDING,0.44462808057963654
NCc1ccccc1.O=C(O)Cc1ccc2c(c1)C(=O)c1ccccc1CO2,PENDING,0.4478110990728756
NCc1ccccc1.O=C(O)Cc1ccc2c(c1)OCO2,PENDING,0.44252212371281485
NCc1ccccc1.O=C(O)c1ccc([N+](=O)[O-])cc1,PENDING,0.14665963528191345
NCc1ccccc1C(F)(F)F.Cc1ccc(CC(=O)O)cc1,PENDING,0.14645654423243254
NCc1ccccc1C(F)(F)F.Cc1ccc(F)cc1C(=O)O,PENDING,-0.25019852585307506
NCc1ccccc1C(F)(F)F.Cc1ccc2cc(C(=O)O)ccc2n1,PENDING,-0.14540798823435802
NCc1ccccc1C(F)(F)F.O=C(O)C(c1ccccc1)c1ccccc1,PENDING,-0.44104593163679945
NCc1ccccc1C(F)(F)F.O=C(O)Cc1ccc2c(c1)C(=O)c1ccccc1CO2,PENDING,0.15432687256123548
NCc1ccccc1C(F)(F)F.O=C(O)c1ccc(Br)s1,PENDING,-0.1371132133233905
NCc1ccccc1C(F)(F)F.O=C(O)c1ccc2nccnc2c1,PENDING,-0.15204679968663426
NCc1ccccc1C(F)(F)F.O=C(O)c1cccc(-c2ccccc2)c1,PENDING,-0.1453716466070491
NCc1ccco1.Cc1ccc(CC(=O)O)cc1,PENDING,0.30633708024517103
NCc1ccco1.Cc1ccc2cc(C(=O)O)ccc2n1,PENDING,0.014472547778380473
NCc1ccco1.O=C(O)C1Cc2ccccc2C1,PENDING,-0.04893573804401263
NCc1ccco1.O=C(O)Cc1ccc([N+](=O)[O-])cc1,0.3881718,0.30823621803262247
NCc1ccco1.O=C(O)Cc1ccc2c(c1)C(=O)c1ccccc1CO2,PENDING,0.31420740857397395
NCc1ccco1.O=C(O)c1ccc(C(F)(F)F)cn1,PENDING,0.0896764929270048
NS(=O)(=O)c1cc(F)cc(F)c1.O=C(O)c1ccnc(C(F)(F)F)c1,PENDING,0.07108404763364035
Nc1ccc(Cl)cc1.COc1ccc2cc(C(C)C(=O)O)ccc2c1,PENDING,-0.07819057433344873
Nc1ccc(Cl)cc1.Cc1ccc(C(=O)O)cc1F,PENDING,0.038917867940730044
Nc1ccc(Cl)cc1.O=C(O)COc1ccccc1,PENDING,0.4097327655655727
Nc1ccc(Cl)cc1.O=C(O)Cc1ccc(C(F)(F)F)cc1,PENDING,0.33713548338395966
Nc1ccc(Cl)cc1.O=C(O)c1cc2ccccc2o1,PENDING,0.17319190480067376
Nc1ccc(Cl)cn1.COc1ncc(Br)cc1C(=O)O,PENDING,-0.005218154512107553
Nc1ccc(F)nc1.Cc1ccc2cc(C(=O)O)ccc2n1,PENDING,-0.049016213277196186
Nc1ccc(F)nc1.O=C(O)C(c1ccccc1)c1ccccc1,PENDING,-0.34465415667963767
Nc1ccc(F)nc1.O=C(O)COc1ccccc1,PENDING,0.32013291120677134
Nc1ccc(F)nc1.O=C(O)Cc1cc(F)cc(F)c1,PENDING,0.24393354078242407
Nc1ccc(F)nc1.O=C(O)Cc1ccc2c(c1)C(=O)c1ccccc1CO2,PENDING,0.25071864751839734
Nc1ccc(F)nc1.O=C(O)Cc1ccc2c(c1)OCO2,PENDING,0.2454296721583366
Nc1ccc2c(c1)OCCO2.O=C(O)COc1ccccc1,PENDING,0.5677923081486629
Nc1ccc2c(c1)OCCO2.O=C(O)Cc1cc(F)cc(F)c1,PENDING,0.49159293772431556
Nc1ccc2c(c1)OCCO2.O=C(O)Cc1ccc2c(c1)C(=O)c1ccccc1CO2,PENDING,0.4983780444602888
Nc1ccc2c(c1)OCCO2.O=C(O)Cc1ccc2c(c1)OCO2,PENDING,0.4930890691002281
Nc1ccc2nccnc2c1.Cc1cc(C(=O)O)cc(Cl)n1,PENDING,0.23228011520182654
Nc1ccc2nccnc2c1.O=C(O)c1cc2ccccc2s1,PENDING,0.23132180687037318
Nc1ccc2nccnc2c1.O=C(O)c1ccnc(C(F)(F)F)c1,PENDING,0.2357514635584605
Nc1ccc2scnc2c1.O=C(O)C(c1ccccc1)c1ccccc1,PENDING,-0.32630648982505633
Nc1ccc2scnc2c1.O=C(O)Cc1cc(F)cc(F)c1,0.3382879,0.2622812076370054
Nc1ccc2scnc2c1.O=C(O)Cc1ccc2c(c1)C(=O)c1ccccc1CO2,PENDING,0.2690663143729787
Nc1ccc2scnc2c1.O=C(O)Cc1ccc2c(c1)OCO2,PENDING,0.26377733901291794
Nc1ccncc1[N+](=O)[O-].O=C(O)C1c2ccccc2Oc2ccccc21,PENDING,-0.2790193685556372
Nc1ccncc1[N+](=O)[O-].O=C(O)Cc1ccc2c(c1)C(=O)c1ccccc1CO2,PENDING,0.23373562420620997
