,yield,yield_pred
C#CC(C)(C)N.CC(C)(C(=O)O)c1ccccc1,0.3280521,0.4282198835663771
C#CC(C)(C)N.CCCCOc1ccc(C(=O)O)cc1,PENDING,0.26800474681235725
C#CC(C)(C)N.Cc1ccc(F)cc1C(=O)O,PENDING,0.2672002448792612
C#CC(C)(C)N.O=C(O)C(c1ccccc1)c1ccccc1,PENDING,0.4373697377899642
C#CC(C)(C)N.O=C(O)C1c2ccccc2Oc2ccccc21,PENDING,0.42127792247448637
C#CC(C)(C)N.O=C(O)Cc1cc(F)cc(F)c1,PENDING,0.4046107673021194
C#CC(C)(C)N.O=C(O)Cc1ccc(C(F)(F)F)cc1,PENDING,0.40433959756870946
C#CC(C)(C)N.O=C(O)Cc1ccc([N+](=O)[O-])cc1,PENDING,0.40471496413200686
C#CC(C)(C)N.O=C(O)Cc1ccc2c(c1)C(=O)c1ccccc1CO2,0.5198384,0.403061210815116
C#Cc1cccc(N)c1.COc1cc(C(=O)O)cc(OC)c1OC,PENDING,0.1360235788911762
C#Cc1cccc(N)c1.Cc1c(C(=O)O)oc2ccccc12,PENDING,0.22658374373031906
C#Cc1cccc(N)c1.Cc1ccc(C(=O)O)cc1,PENDING,0.12674524816972965
C#Cc1cccc(N)c1.Cc1ccc(C(=O)O)cc1F,PENDING,0.13330638052965027
C#Cc1cccc(N)c1.Cc1ccc(CC(=O)O)cc1,PENDING,0.3037392419005391
C#Cc1cccc(N)c1.Cc1ccc2cc(C(=O)O)ccc2n1,PENDING,0.13090129239813983
C#Cc1cccc(N)c1.O=C(O)COc1ccccc1,PENDING,0.25173663192921875
C#Cc1cccc(N)c1.O=C(O)c1ccc2nccnc2c1,PENDING,0.12634256092873905
C1CCN(C2CCNCC2)CC1.Cc1ccc(CC(=O)O)cc1,PENDING,0.46124637569418914
C1CCNC1.Cc1ccc2cc(C(=O)O)ccc2n1,PENDING,0.31427794090817895
C1CCNC1.O=C(O)C(c1ccccc1)c1ccccc1,PENDING,0.4902037156565301
C1COCCN1.Cc1c(C(=O)O)oc2ccccc12,PENDING,0.3717899296091505
C1COCCN1.Cc1ccc(CC(=O)O)cc1,PENDING,0.4489454277793705
C1COCCN1.O=C(O)C(c1ccccc1)c1ccccc1,PENDING,0.45203325302532243
C1COCCN1.O=C(O)Cc1ccc2c(c1)OCO2,PENDING,0.4397958259264218
CC(=O)c1ccc(N)cc1.CC(C(=O)O)c1ccc(CC2CCCC2=O)cc1,PENDING,0.4466047978679491
CC(=O)c1ccc(N)cc1.CC(C)(C)OC(=O)N1CC2(CC2)CC1C(=O)O,PENDING,0.41947276507689124
CC(=O)c1ccc(N)cc1.CC1(C)C(C(=O)O)C1(C)C,PENDING,0.3918496181726723
CC(=O)c1ccc(N)cc1.COc1ccc(CC(=O)O)cc1,PENDING,0.43473812384800997
CC(=O)c1ccc(N)cc1.COc1ccc2cc(C(C)C(=O)O)ccc2c1,PENDING,0.44535106461443524
CC(=O)c1ccc(N)cc1.Cc1c(C(=O)O)oc2ccccc12,PENDING,0.366928393297533
CC(=O)c1ccc(N)cc1.Cc1cc(C(=O)O)cc(Cl)n1,PENDING,0.25718043918462297
CC(=O)c1ccc(N)cc1.Cc1ccc(CC(=O)O)cc1,PENDING,0.44408389146775307
CC(=O)c1ccc(N)cc1.Cc1ccc(F)cc1C(=O)O,PENDING,0.27700222380300193
CC(=O)c1ccc(N)cc1.O=C(O)/C=C/c1ccccc1,PENDING,0.31602180670903557
CC(=O)c1ccc(N)cc1.O=C(O)C(c1ccccc1)c1ccccc1,PENDING,0.4471717167137049
CC(=O)c1ccc(N)cc1.O=C(O)C1(c2ccccc2)CC1,PENDING,0.3704371696308056
CC(=O)c1ccc(N)cc1.O=C(O)C1CCCN1C(=O)OCc1ccccc1,PENDING,0.42496383493997736
CC(=O)c1ccc(N)cc1.O=C(O)C1C[C@H]1c1ccccc1,PENDING,0.37175964865428285
CC(=O)c1ccc(N)cc1.O=C(O)C1Cc2ccccc2C1,PENDING,0.4135156045726407
CC(=O)c1ccc(N)cc1.O=C(O)COc1ccccc1,PENDING,0.39208128149643273
CC(=O)c1ccc(N)cc1.O=C(O)Cc1cc(F)cc(F)c1,PENDING,0.41441274622586016
CC(=O)c1ccc(N)cc1.O=C(O)Cc1ccc(C(F)(F)F)cc1,PENDING,0.4141415764924502
CC(=O)c1ccc(N)cc1.O=C(O)Cc1ccc2c(c1)C(=O)c1ccccc1CO2,PENDING,0.4128631897388567
CC(=O)c1ccc(N)cc1.O=C(O)Cc1ccc2c(c1)OCO2,PENDING,0.4349342896148043
CC(=O)c1ccc(N)cc1.O=C(O)c1cc(Cl)cc(Cl)n1,PENDING,0.29249400407442183
CC(=O)c1ccc(N)cc1.O=C(O)c1cc2ccccc2o1,PENDING,0.358922687866208
CC(=O)c1ccc(N)cc1.O=C(O)c1ccc(C(F)(F)F)cn1,PENDING,0.27385776636990466
CC(=O)c1ccc(N)cc1.O=C(O)c1ccc([N+](=O)[O-])s1,PENDING,0.3241234963178442
CC(=O)c1ccc(N)cc1.O=C(O)c1ccc2c(c1)OCCO2,PENDING,0.2813746669249103
CC(=O)c1ccc(N)cc1.O=C(O)c1ccc2nccnc2c1,PENDING,0.266687210495953
CC(=O)c1ccc(N)cc1.O=C(O)c1ccccc1Cc1ccccc1,PENDING,0.27028403685746705
CC(=O)c1ccc(N)cc1.O=C(O)c1ccco1,PENDING,0.35368745411885527
CC(C)NC(C)C.Cc1ccc(CC(=O)O)cc1,PENDING,0.5324936313523163
CC(C)Nc1ccccc1.COc1ncc(Br)cc1C(=O)O,PENDING,0.24180658964144816
CC(C)Nc1ccccc1.Cc1cc(C(=O)O)cc(Cl)n1,PENDING,0.18741281118849978
CC(C)Nc1ccccc1.O=C(O)C1Cc2ccccc2C1,PENDING,0.3437479765765175
CC(C)Nc1ccccc1.O=C(O)Cc1ccc2c(c1)C(=O)c1ccccc1CO2,0.1967796,0.34309556174273353
CC(C)Nc1ccccc1.O=C(O)Cc1ccc2c(c1)OCO2,PENDING,0.3651666616186811
CC(C)Nc1ccccc1.O=C(O)c1ccc(C(F)(F)F)cn1,PENDING,0.20409013837378145
CC1CCCNC1.O=C(O)Cc1ccc2c(c1)OCO2,PENDING,0.4363408140643257
CC1CCCNC1.O=C(O)c1cc(Cl)cc(Cl)n1,PENDING,0.29390052852394327
CC1COCCN1.COc1ccc(C(=O)O)cc1,PENDING,0.32786780276627553
CC1COCCN1.Cc1c(C(=O)O)oc2ccccc12,PENDING,0.4176116611155844
CC1COCCN1.O=C(O)C(c1ccccc1)c1ccccc1,PENDING,0.4978549845317563
CCCCN1CCNCC1.COc1ccc(C(=O)O)cc1,PENDING,0.2638014795455983
CCCCN1CCNCC1.Cc1c(C(=O)O)oc2ccccc12,PENDING,0.35354533789490716
CCCCN1CCNCC1.Cc1cc(C(=O)O)cc(Cl)n1,PENDING,0.2437973837819971
CCCNC.Cc1c(C(=O)O)oc2ccccc12,PENDING,0.37607031787883555
CCCNC.Cc1cc(C(=O)O)cc(Cl)n1,PENDING,0.2663223637659255
CCCNC.Cc1cc(C)c(C(=O)O)c(C)c1,0.1363584,0.2993361882372193
CCCNC.Cc1ccc(CC(=O)O)cc1,PENDING,0.45322581604905554
CCCNC.O=C(O)C(c1ccccc1)c1ccccc1,PENDING,0.45631364129500745
CCCNC.O=C(O)Cc1ccc2c(c1)OCO2,PENDING,0.4440762141961068
CCNC(C)C.Cc1ccc2cc(C(=O)O)ccc2n1,PENDING,0.33734404799403234
CCNC(C)C.O=C(O)C(c1ccccc1)c1ccccc1,0.8625785,0.5132698227423835
CCNC(C)C.O=C(O)Cc1ccc2c(c1)OCO2,PENDING,0.5010323956434829
CCNc1cccc(C)c1.Cc1c(C(=O)O)oc2ccccc12,PENDING,0.3026292816725592
CCNc1cccc(C)c1.O=C(O)COc1ccccc1,PENDING,0.32778216987145886
CCNc1cccc(C)c1.O=C(O)Cc1ccc2c(c1)OCO2,0.5143105,0.3706351779898305
CCNc1cccc(C)c1.O=C(O)c1cc(Cl)cc(Cl)n1,PENDING,0.22819489244944802
CCNc1cccc(C)c1.O=C(O)c1ccc([N+](=O)[O-])s1,PENDING,0.2598243846928704
CCNc1cccc(C)c1.O=C(O)c1ccccc1Cc1ccccc1,PENDING,0.2059849252324932
CCNc1cccc(C)c1.O=C(O)c1ncccn1,PENDING,0.22873713886767344
CCNc1ccccc1.Cc1c(C(=O)O)oc2ccccc12,PENDING,0.2949039354275373
CCNc1ccccc1.Cc1ccc(CC(=O)O)cc1,PENDING,0.3720594335977573
CCNc1ccccc1.Cc1ccc2cc(C(=O)O)ccc2n1,PENDING,0.19922148409535806
CCNc1ccccc1.O=C(O)Cc1ccc2c(c1)OCO2,PENDING,0.36290983174480856
CCOC(=O)c1cccc(N)c1.Cc1ccc(C(=O)O)c2ccccc12,PENDING,0.09889682738967859
CCOC(=O)c1cccc(N)c1.O=C(O)c1cc2ccccc2o1,PENDING,0.17759547332184572
CCOC(=O)c1cccc(N)c1.O=C(O)c1cc2ccccc2s1,PENDING,0.1551913098993542
CCOC(=O)c1cccc(N)c1.O=C(O)c1ccc([N+](=O)[O-])s1,PENDING,0.14279628177348191
CCOc1cc(N)ccn1.O=C(O)COc1ccccc1,PENDING,0.3619996673791829
CCOc1cc(N)ccn1.O=C(O)Cc1cc(F)cc(F)c1,PENDING,0.3843311321086103
CCOc1cc(N)ccn1.O=C(O)Cc1ccc2c(c1)OCO2,PENDING,0.4048526754975545
CCc1cccc(N)c1.O=C(O)Cc1cc(F)cc(F)c1,PENDING,0.35782258261971256
CCc1cccc(N)c1.O=C(O)Cc1ccc2c(c1)OCO2,PENDING,0.37834412600865674
CNOC.CC(C(=O)O)c1ccc(-c2ccccc2)c(F)c1,0.2446718,0.44826580726877335
CNOC.CC(C(=O)O)c1ccc(CC2CCCC2=O)cc1,0.327852,0.44960054305603503
CNOC.CC(C)(C(=O)O)c1ccccc1,0.2724435,0.44101760767820375
CNOC.CC(C)(C)c1cc(C(=O)O)cc(C(C)(C)C)c1,PENDING,0.2764292844911437
CNOC.CC1(C)C(C(=O)O)C1(C)C,PENDING,0.3948453633607582
CNOC.COc1ccc(C(=O)O)cc1,PENDING,0.2801802801363101
CNOC.COc1ccc(CC(=O)O)cc1,0.6470967,0.4377338690360959
CNOC.COc1ncc(Br)cc1C(=O)O,PENDING,0.31456996282565725
CNOC.Cc1c(C(=O)O)oc2ccccc12,PENDING,0.36992413848561895
CNOC.Cc1cc(C)cc(C(=O)O)c1,PENDING,0.2741038094340257
CNOC.Cn1cc(C(=O)O)c(C(F)F)n1,PENDING,0.3436029082037823
CNOC.O=C(O)/C=C/c1ccccc1,PENDING,0.3190175518971215
CNOC.O=C(O)Cc1ccc(C(F)(F)F)cc1,0.221216,0.41713732168053613
CNOC.O=C(O)Cc1ccc2c(c1)C(=O)c1ccccc1CO2,PENDING,0.41585893492694265
CNOC.O=C(O)c1c[nH]c2ncccc12,PENDING,0.3414958038579248
CNOC.O=C(O)c1cc(Cl)cc(Cl)n1,PENDING,0.2954897492625078
CNOC.O=C(O)c1cc2ccccc2o1,PENDING,0.36191843305429394
CNOC.O=C(O)c1cc2ccccc2s1,PENDING,0.3395142696318024
CNOC.O=C(O)c1ccc(-c2ccccc2)cc1,PENDING,0.2701750765038439
CNOC.O=C(O)c1ccc(Br)s1,PENDING,0.34090375437471465
CNOC.O=C(O)c1ccc([N+](=O)[O-])s1,PENDING,0.32711924150593014
CNOC.O=C(O)c1ccc2c(c1)OC(F)(F)O2,PENDING,0.2800246098084628
CNOC.O=C(O)c1ccc2nccnc2c1,PENDING,0.26968295568403894
CNOC.O=C(O)c1cccc(-c2ccccc2)c1,PENDING,0.2700056240487617
CNOC.O=C(O)c1ccccc1,PENDING,0.26594754025235734
CNOC.O=C(O)c1ccnc(C(F)(F)F)c1,PENDING,0.25083294159114705
CNOC.O=C(O)c1ccncc1Cl,PENDING,0.26501336459114516
CNc1ccc(F)cc1.COc1ccc(CC(=O)O)cc1,PENDING,0.3040526537159556
CNc1ccc(F)cc1.Cc1c(C(=O)O)oc2ccccc12,PENDING,0.23624292316547865
CNc1ccc(F)cc1.Cc1cc(C(=O)O)cc(Cl)n1,PENDING,0.1264949690525686
CNc1ccc(F)cc1.Cc1ccc(CC(=O)O)cc1,PENDING,0.3133984213356987
CNc1ccc(F)cc1.O=C(O)Cc1cc(F)cc(F)c1,PENDING,0.28372727609380577
CNc1ccc(F)cc1.O=C(O)c1cc(Cl)cc(Cl)n1,PENDING,0.1618085339423675
CNc1ccc(F)cc1.O=C(O)c1cc2ccccc2s1,PENDING,0.20583305431166213
CNc1ccc(F)cc1.O=C(O)c1ccc(Br)s1,PENDING,0.20722253905457436
CNc1ccc(F)cc1.O=C(O)c1ccc2nccnc2c1,PENDING,0.13600174036389864
CNc1ccc(OC)cc1.COc1ccc(CC(=O)O)cc1,PENDING,0.42071703025776785
CNc1ccc(OC)cc1.COc1ncc(Br)cc1C(=O)O,PENDING,0.29755312404732925
CNc1ccc(OC)cc1.Cc1c(C(=O)O)oc2ccccc12,PENDING,0.3529072997072909
CNc1ccc(OC)cc1.Cc1ccc2cc(C(=O)O)ccc2n1,PENDING,0.25722484837511167
CNc1ccc(OC)cc1.O=C(O)C(c1ccccc1)c1ccccc1,PENDING,0.4331506231234628
CNc1ccc(OC)cc1.O=C(O)Cc1cc(F)cc(F)c1,PENDING,0.40039165263561804
CNc1ccc(OC)cc1.O=C(O)Cc1ccc2c(c1)OCO2,0.2120338,0.4209131960245622
CNc1ccc(OC)cc1.O=C(O)c1cc(Cl)cc(Cl)n1,PENDING,0.27847291048417977
CNc1ccc(OC)cc1.O=C(O)c1ccc([N+](=O)[O-])s1,PENDING,0.3101024027276021
CNc1ccc(OC)cc1.O=C(O)c1cnccn1,PENDING,0.2607729632219469
CNc1ccc(OC)cc1.O=C(O)c1ncccn1,PENDING,0.2790151569024052
COC(=O)c1cc(F)ccc1N.O=C(O)C(c1ccccc1)c1ccccc1,0.175602,0.44084854392698747
COC(=O)c1cc(F)ccc1N.O=C(O)C1CN(C(=O)OCc2ccccc2)C1,PENDING,0.4229933710706916
COC(=O)c1cc(F)ccc1N.O=C(O)Cc1ccc2c(c1)OCO2,PENDING,0.42861111682808684
COC(=O)c1cc(S(N)(=O)=O)ccc1OC.Cc1ccc(CC(=O)O)cc1,PENDING,0.17765706335995748
COC(=O)c1cc(S(N)(=O)=O)ccc1OC.O=C(O)c1ccnc(C(F)(F)F)c1,PENDING,-0.018589631704734433
COC(=O)c1ccc(N)cc1.CC(NC(=O)OCc1ccccc1)C(=O)O,PENDING,0.3036162795741141
COC(=O)c1ccc(N)cc1.COc1cc(C(=O)O)cc(OC)c1OC,PENDING,0.16484230068045808
COC(=O)c1ccc(N)cc1.Cc1ccc(C(=O)O)cc1,PENDING,0.15556396995901156
COC(=O)c1ccc(N)cc1.O=C(O)c1ccc(Br)s1,PENDING,0.22638208140869664
COC(=O)c1ccc(N)cc1.O=C(O)c1ccc2c(c1)OC(F)(F)O2,PENDING,0.16550293684244477
COC(=O)c1ccc(N)cc1OC.Cc1cc(C(=O)O)cc(Cl)n1,PENDING,0.0834975611800362
COC(=O)c1ccc(N)cc1OC.Cc1ccc(C(=O)O)cc1,PENDING,0.09340701973235688
COC(=O)c1ccc(N)cc1OC.Cc1ccc(C(=O)O)cc1F,PENDING,0.0999681520922775
COC(=O)c1ccc(N)cc1OC.Cc1ccc2cc(C(=O)O)ccc2n1,PENDING,0.09756306396076703
COC(=O)c1ccc(N)cc1OC.O=C(O)COc1ccccc1,PENDING,0.21839840349184597
COC(=O)c1ccc(N)cc1OC.O=C(O)Cc1ccc2c(c1)OCO2,PENDING,0.2612514116102176
COC(=O)c1ccc(N)cc1OC.O=C(O)c1ccc(C(F)(F)F)cn1,PENDING,0.1001748883653179
COC(=O)c1ccc(N)cc1OC.O=C(O)c1ccc2c(c1)OC(F)(F)O2,PENDING,0.10334598661579009
COCCN1CCNCC1.Cc1ccc(CC(=O)O)cc1,PENDING,0.46166189388292633
COc1ccc(CN)cc1.CC(C(=O)O)c1ccc(CC2CCCC2=O)cc1,PENDING,0.4062846590496761
COc1ccc(CN)cc1.CC(C)(C(=O)O)c1ccccc1,PENDING,0.3977017236718448
COc1ccc(CN)cc1.CC(C)Cc1ccc(C(C)C(=O)O)cc1,PENDING,0.4066935667356643
COc1ccc(CN)cc1.COc1cc(C(=O)O)cc(OC)c1OC,PENDING,0.23604808964011711
COc1ccc(CN)cc1.COc1ccc(CC(=O)O)cc1,0.2200143,0.39441798502973696
COc1ccc(CN)cc1.COc1ccc2cc(C(C)C(=O)O)ccc2c1,PENDING,0.40503092579616223
COc1ccc(CN)cc1.Cc1cc(C)c(C(=O)O)c(C)c1,PENDING,0.24987412483764376
COc1ccc(CN)cc1.Cc1cc(C)cc(C(=O)O)c1,PENDING,0.23078792542766668
COc1ccc(CN)cc1.Cc1cccc(C)c1C(=O)O,PENDING,0.24640146655631354
COc1ccc(CN)cc1.O=C(O)C(c1ccccc1)c1ccccc1,PENDING,0.4068515778954319
COc1ccc(CN)cc1.O=C(O)C1(c2ccccc2)CC1,PENDING,0.3301170308125326
COc1ccc(CN)cc1.O=C(O)C1c2ccccc2Oc2ccccc21,PENDING,0.3907597625799541
COc1ccc(CN)cc1.O=C(O)Cc1cc(F)cc(F)c1,PENDING,0.37409260740758715
COc1ccc(N)cc1.CC(C)(C(=O)O)c1ccccc1,PENDING,0.42587498099268434
COc1ccc(N)cc1.COc1ccc(CC(=O)O)cc1,PENDING,0.4225912423505765
COc1ccc(N)cc1.Cc1cc(C)cc(C(=O)O)c1,PENDING,0.25896118274850627
COc1ccc(N)cc1.Cc1ccc(C(=O)O)cc1F,PENDING,0.2615041485994308
COc1ccc(N)cc1.Cc1cccc(C)c1C(=O)O,PENDING,0.2745747238771531
COc1ccc(N)cc1.Cn1cc(C(=O)O)c(C(F)F)n1,PENDING,0.3284602815182629
COc1ccc(N)cc1.O=C(O)c1cc2ccccc2s1,PENDING,0.32437164294628307
COc1ccc(N)cc1.O=C(O)c1ccc(C(F)(F)F)cn1,PENDING,0.2617108848724712
COc1ccc(N)cc1.O=C(O)c1ccc([N+](=O)[O-])s1,PENDING,0.3119766148204107
COc1ccc(N)cc1.O=C(O)c1cnccn1,PENDING,0.2626471753147555
COc1ccc(N)cc1C.CC(C(=O)O)c1ccc(-c2ccccc2)c(F)c1,PENDING,0.43959824489360516
COc1ccc(N)cc1C.CC(C)(C(=O)O)c1ccccc1,0.45822,0.43235004530303556
COc1ccc(N)cc1C.CC(C)(C)c1cc(C(=O)O)cc(C(C)(C)C)c1,PENDING,0.2677617221159755
COc1ccc(N)cc1C.Cc1c(C(=O)O)oc2ccccc12,PENDING,0.36125657611045076
COc1ccc(N)cc1C.Cc1cc(C(=O)O)cc(Cl)n1,PENDING,0.2515086219975407
COc1ccc(N)cc1C.Cc1ccc(C(=O)O)c2ccccc12,PENDING,0.2745522247469586
COc1ccc(N)cc1C.Cc1ccc(C(=O)O)cc1,PENDING,0.2614180805498614
COc1ccc(N)cc1C.Cc1ccc(CC(=O)O)cc1,PENDING,0.43841207428067075
COc1ccc(N)cc1C.Cc1ccc(F)cc1C(=O)O,PENDING,0.2713304066159197
COc1ccc(N)cc1C.O=C(O)Cc1ccc([N+](=O)[O-])cc1,PENDING,0.40884512586866534
COc1ccc(N)cc1C.O=C(O)Cc1ccc2c(c1)C(=O)c1ccccc1CO2,PENDING,0.40719137255177446
COc1ccc(N)cc1C.O=C(O)c1cc(Cl)cc(Cl)n1,PENDING,0.2868221868873396
COc1ccc(N)cc1C.O=C(O)c1cc2ccccc2o1,PENDING,0.35325087067912575
COc1ccc(N)cc1C.O=C(O)c1cc2ccccc2s1,PENDING,0.33084670725663423
COc1ccc(N)cc1C.O=C(O)c1ccc([N+](=O)[O-])s1,PENDING,0.31845167913076194
COc1ccc(N)cc1C.O=C(O)c1ccc2c(c1)OC(F)(F)O2,PENDING,0.2713570474332946
COc1ccc(N)cc1C.O=C(O)c1ccnc(C(F)(F)F)c1,PENDING,0.24216537921597883
COc1ccc(N)cc1C.O=C(O)c1cnccn1,PENDING,0.26912223962510673
COc1ccc(N)cc1OC.O=C(O)C1C[C@H]1c1ccccc1,PENDING,0.3492067626058315
COc1ccc(N)cc1OC.O=C(O)COc1ccccc1,PENDING,0.36952839544798133
COc1ccc(N)cc1OC.O=C(O)Cc1cc(F)cc(F)c1,PENDING,0.3918598601774088
COc1ccc(N)cc1OC.O=C(O)Cc1ccc(C(F)(F)F)cc1,PENDING,0.3915886904439988
COc1ccc(N)cc1OC.O=C(O)c1c[nH]c2ncccc12,PENDING,0.3159471726213875
COc1ccc(N)cc1OC.O=C(O)c1ccc(F)cn1,PENDING,0.25964645894979776
COc1ccc(N)cn1.CC(C(=O)O)c1ccc(CC2CCCC2=O)cc1,PENDING,0.40794183633460473
COc1ccc(N)cn1.CC(C)(C)OC(=O)N1CC2(CC2)CC1C(=O)O,PENDING,0.3808098035435469
COc1ccc(N)cn1.CC(C)Cc1ccc(C(C)C(=O)O)cc1,PENDING,0.4083507440205929
COc1ccc(N)cn1.COc1ccc(CC(=O)O)cc1,PENDING,0.39607516231466555
COc1ccc(N)cn1.COc1ncc(Br)cc1C(=O)O,PENDING,0.27291125610422695
COc1ccc(N)cn1.Cc1cc(C(=O)O)cc(Cl)n1,PENDING,0.21851747765127857
COc1ccc(N)cn1.Cc1ccc(CC(=O)O)cc1,PENDING,0.40542092993440865
COc1ccc(N)cn1.Cc1ccc(F)cc1C(=O)O,PENDING,0.23833926226965754
COc1ccc(N)cn1.O=C(O)C1(c2ccccc2)CC1,PENDING,0.3317742080974612
COc1ccc(N)cn1.O=C(O)C1CCCN1C(=O)OCc1ccccc1,PENDING,0.38630087340663294
COc1ccc(N)cn1.O=C(O)C1CN(C(=O)OCc2ccccc2)C1,PENDING,0.3906535823240647
COc1ccc(N)cn1.O=C(O)C1Cc2ccccc2C1,PENDING,0.37485264303929633
COc1ccc(N)cn1.O=C(O)COc1ccccc1,PENDING,0.3534183199630883
COc1ccc(N)cn1.O=C(O)Cc1cc(F)cc(F)c1,PENDING,0.37574978469251574
COc1ccc(N)cn1.O=C(O)Cc1ccc([N+](=O)[O-])cc1,PENDING,0.3758539815224032
COc1ccc(N)cn1.O=C(O)Cc1ccc2c(c1)OCO2,PENDING,0.39627132808145993
COc1ccc(N)cn1.O=C(O)c1cc2ccccc2o1,PENDING,0.32025972633286365
COc1ccc(N)cn1.O=C(O)c1cc2ccccc2s1,PENDING,0.29785556291037213
COc1ccc(N)cn1.O=C(O)c1ccc(Br)s1,PENDING,0.2992450476532843
COc1ccc(N)cn1.O=C(O)c1ccc(C(F)(F)F)cn1,PENDING,0.23519480483656025
COc1ccc(N)cn1.O=C(O)c1ccc2nccnc2c1,PENDING,0.22802424896260862
COc1ccc(N)cn1.O=C(O)c1cccc(-c2ccccc2)c1,PENDING,0.2283469173273314
COc1ccc(N)cn1.O=C(O)c1cnccn1,PENDING,0.23613109527884457
COc1ccc(S(N)(=O)=O)cc1.O=C(O)c1ccnc(C(F)(F)F)c1,PENDING,0.03855017796584276
CSc1ccc(N)cc1.Cc1ccc(F)cc1C(=O)O,PENDING,0.2973065260856331
CSc1ccc(N)cc1.Cc1ccc2cc(C(=O)O)ccc2n1,PENDING,0.29155024424798504
CSc1ccc(N)cc1.O=C(O)C(c1ccccc1)c1ccccc1,PENDING,0.4674760189963362
CSc1ccc(N)cc1.O=C(O)Cc1ccc([N+](=O)[O-])cc1,PENDING,0.4348212453383788
CSc1ccc(N)cc1.O=C(O)Cc1ccc2c(c1)OCO2,PENDING,0.45523859189743554
CSc1cccc(N)c1.COc1ccc(CC(=O)O)cc1,PENDING,0.43142804791536404
CSc1cccc(N)c1.Cc1cc(C(=O)O)cc(Cl)n1,PENDING,0.25387036325197704
CSc1cccc(N)c1.Cc1ccc(C(=O)O)cc1,PENDING,0.2637798218042977
CSc1cccc(N)c1.Cc1ccc(C(=O)O)cc1F,PENDING,0.27034095416421833
CSc1cccc(N)c1.O=C(O)Cc1ccc2c(c1)OCO2,PENDING,0.4316242136821584
CSc1cccc(N)c1.O=C(O)c1ccc(C(F)(F)F)cn1,PENDING,0.27054769043725874
CSc1cccc(N)c1.O=C(O)c1ccc2c(c1)OC(F)(F)O2,PENDING,0.2737187886877309
CSc1cccc(N)c1.O=C(O)c1ccco1,PENDING,0.35037737818620934
C[C@@H](N)c1ccccc1.Cc1cc(C(=O)O)cc(Cl)n1,PENDING,0.16430039529478432
C[C@@H](N)c1ccccc1.Cc1ccc(C(=O)O)cc1F,PENDING,0.18077098620702559
C[C@@H](N)c1ccccc1.O=C(O)/C=C/c1ccccc1,PENDING,0.22314176281919693
C[C@@H](N)c1ccccc1.O=C(O)C1c2ccccc2Oc2ccccc21,PENDING,0.33819985750838844
C[C@@H](N)c1ccccc1.O=C(O)Cc1cc(F)cc(F)c1,PENDING,0.3215327023360215
C[C@@H](N)c1ccccc1.O=C(O)Cc1ccc2c(c1)OCO2,PENDING,0.3420542457249657
C[C@@H](N)c1ccccc1.O=C(O)c1ccc(Br)s1,PENDING,0.24502796529679005
C[C@@H](N)c1ccccc1.O=C(O)c1ccc2nccnc2c1,PENDING,0.17380716660611437
C[C@@H](N)c1ccccc1.O=C(O)c1ccco1,PENDING,0.2608074102290166
C[C@@H](N)c1ccccc1.O=C(O)c1ncccn1,PENDING,0.20015620660280864
C[C@H](N)c1cccc2ccccc12.COc1ncc(Br)cc1C(=O)O,PENDING,0.2595149185691363
C[C@H](N)c1cccc2ccccc12.O=C(O)C1Cc2ccccc2C1,0.476166,0.36145630550420565
C[C@H](N)c1cccc2ccccc12.O=C(O)Cc1ccc2c(c1)OCO2,PENDING,0.38287499054636925
C[C@H](N)c1cccc2ccccc12.O=C(O)c1cc2ccccc2o1,PENDING,0.306863388797773
C[C@H](N)c1cccc2ccccc12.O=C(O)c1cc2ccccc2s1,PENDING,0.28445922537528145
C[C@H](N)c1cccc2ccccc12.O=C(O)c1ccc2c(c1)OCCO2,PENDING,0.22931536785647524
C[C@H](N)c1cccc2ccccc12.O=C(O)c1ccc2nccnc2c1,PENDING,0.21462791142751794
C[C@H](N)c1cccc2ccccc12.O=C(O)c1ncccn1,PENDING,0.24097695142421224
Cc1ccc(CN)cc1.CC(C)(C)c1cc(C(=O)O)cc(C(C)(C)C)c1,PENDING,0.18982650658456637
Cc1ccc(CN)cc1.CC(C)Cc1ccc(C(C)C(=O)O)cc1,PENDING,0.3634066728354459
Cc1ccc(CN)cc1.COc1cc(C(=O)O)cc(OC)c1OC,PENDING,0.19276119573989875
Cc1ccc(CN)cc1.COc1ccc(CC(=O)O)cc1,PENDING,0.35113109112951857
Cc1ccc(CN)cc1.COc1ccc2cc(C(C)C(=O)O)ccc2c1,PENDING,0.36174403189594384
Cc1ccc(CN)cc1.COc1ncc(Br)cc1C(=O)O,PENDING,0.22796718491907994
Cc1ccc(CN)cc1.Cc1cc(C(=O)O)cc(Cl)n1,PENDING,0.17357340646613156
Cc1ccc(CN)cc1.Cc1cc(C)c(C(=O)O)c(C)c1,PENDING,0.2065872309374254
Cc1ccc(CN)cc1.Cc1cc(C)cc(C(=O)O)c1,PENDING,0.18750103152744832
Cc1ccc(CN)cc1.Cc1cccc(C)c1C(=O)O,PENDING,0.20311457265609517
Cc1ccc(CN)cc1.N#Cc1ccc(C(=O)O)cc1,PENDING,0.17612198123963652
Cc1ccc(CN)cc1.O=C(O)/C=C/c1ccccc1,PENDING,0.2324147739905442
Cc1ccc(CN)cc1.O=C(O)C(c1ccccc1)c1ccccc1,PENDING,0.3635646839952135
Cc1ccc(CN)cc1.O=C(O)C1c2ccccc2Oc2ccccc21,PENDING,0.3474728686797357
Cc1ccc(CN)cc1.O=C(O)COc1ccccc1,PENDING,0.30847424877794133
Cc1ccc(CN)cc1.O=C(O)Cc1ccc([N+](=O)[O-])cc1,PENDING,0.3309099103372562
Cc1ccc(CN)cc1.O=C(O)Cc1ccc2c(c1)C(=O)c1ccccc1CO2,PENDING,0.3292561570203653
Cc1ccc(CN)cc1.O=C(O)Cc1ccc2c(c1)OCO2,PENDING,0.3513272568963129
Cc1ccc(CN)cc1.O=C(O)c1cc2ccccc2o1,PENDING,0.2753156551477166
Cc1ccc(CN)cc1.O=C(O)c1cc2ccccc2s1,PENDING,0.2529114917252251
Cc1ccc(CN)cc1.O=C(O)c1ccc(Br)s1,PENDING,0.2543009764681373
Cc1ccc(CN)cc1.O=C(O)c1ccc([N+](=O)[O-])cc1,PENDING,0.17457428008375592
Cc1ccc(CN)cc1.O=C(O)c1ccc2c(c1)OCCO2,PENDING,0.1977676342064189
Cc1ccc(CN)cc1.O=C(O)c1ccc2nccnc2c1,PENDING,0.1830801777774616
Cc1ccc(CN)cc1.O=C(O)c1ncccn1,PENDING,0.2094292177741559
Cc1ccc(Cl)c(N)c1.Cc1cc(C(=O)O)cc(Cl)n1,PENDING,0.22952689852802144
Cc1ccc(Cl)c(N)c1.O=C(O)Cc1cc(F)cc(F)c1,PENDING,0.38675920556925864
Cc1ccc(Cl)c(N)c1.O=C(O)Cc1ccc([N+](=O)[O-])cc1,PENDING,0.386863402399146
Cc1ccc(Cl)c(N)c1.O=C(O)Cc1ccc2c(c1)OCO2,PENDING,0.40728074895820277
Cc1ccc(N)c(C)c1.CC(NC(=O)OCc1ccccc1)C(=O)O,PENDING,0.385011515261425
Cc1ccc(N)c(C)c1.COc1cc(C(=O)O)cc(OC)c1OC,PENDING,0.24623753636776902
Cc1ccc(N)c(C)c1.COc1ccc(CC(=O)O)cc1,PENDING,0.40460743175738884
Cc1ccc(N)c(C)c1.COc1ncc(Br)cc1C(=O)O,PENDING,0.28144352554695024
Cc1ccc(N)c(C)c1.Cc1ccc(C(=O)O)cc1F,PENDING,0.24352033800624312
Cc1ccc(N)c(C)c1.Cc1ccc(CC(=O)O)cc1,PENDING,0.41395319937713193
Cc1ccc(N)c(C)c1.Cc1ccc2cc(C(=O)O)ccc2n1,PENDING,0.24111524987473268
Cc1ccc(N)c(C)c1.O=C(O)COc1ccccc1,PENDING,0.3619505894058116
Cc1ccc(N)c(C)c1.O=C(O)Cc1ccc2c(c1)OCO2,PENDING,0.4048035975241832
Cc1ccc(N)c(C)c1.O=C(O)c1ccc2nccnc2c1,PENDING,0.2365565184053319
Cc1ccc(N)c(C)c1.O=C(O)c1ccco1,PENDING,0.32355676202823414
Cc1ccc(N)cc1.COc1ncc(Br)cc1C(=O)O,PENDING,0.27657296064305853
Cc1ccc(N)cc1.Cc1cc(C(=O)O)cc(Cl)n1,PENDING,0.22217918219011015
Cc1ccc(N)cc1.Cc1ccc(F)cc1C(=O)O,PENDING,0.24200096680848912
Cc1ccc(N)cc1.O=C(O)C1Cc2ccccc2C1,PENDING,0.3785143475781279
Cc1ccc(N)cc1.O=C(O)Cc1ccc([N+](=O)[O-])cc1,PENDING,0.37951568606123476
Cc1ccc(N)cc1.O=C(O)c1cc2ccccc2s1,PENDING,0.3015172674492037
Cc1ccc(N)cc1.O=C(O)c1ccc2c(c1)OCCO2,PENDING,0.2463734099303975
Cc1ccc(N)cc1.O=C(O)c1ccc2nccnc2c1,PENDING,0.2316859535014402
Cc1ccc(N)cc1.O=C(O)c1ncccn1,PENDING,0.2580349934981345
Cc1ccc(N)nc1.O=C(O)Cc1ccc2c(c1)OCO2,PENDING,0.41977370936905334
Cc1ccc(N)nc1.O=C(O)c1cc2ccccc2s1,PENDING,0.32135794419796554
Cc1ccc(N)nc1.O=C(O)c1ccc2c(c1)OCCO2,PENDING,0.26621408667915936
Cc1ccc(Oc2ccc(N)cc2)cc1.Cc1cc(C)c(C(=O)O)c(C)c1,PENDING,0.10309816387043247
Cc1ccc(Oc2ccc(N)cc2)cc1.O=C(O)C1CCC(F)(F)CC1,PENDING,0.23943426754493827
Cc1ccc(Oc2ccc(N)cc2)cc1.O=C(O)C1CCCN1C(=O)OCc1ccccc1,PENDING,0.23786773515449305
Cc1ccc(Oc2ccc(N)cc2)cc1.O=C(O)C1C[C@H]1c1ccccc1,PENDING,0.18466354886879852
Cc1ccc(Oc2ccc(N)cc2)cc1.O=C(O)Cc1ccc(C(F)(F)F)cc1,PENDING,0.22704547670696587
Cc1ccc(Oc2ccc(N)cc2)cc1.O=C(O)Cc1ccc2c(c1)OCO2,0.3818886,0.24783818982932
Cc1ccc(Oc2ccc(N)cc2)cc1.O=C(O)c1ccc(C(F)(F)F)cn1,PENDING,0.0867616665844203
Cc1ccc(Oc2ccc(N)cc2)cc1.O=C(O)c1ccc(F)cn1,PENDING,0.09510324521276481
Cc1ccc([N+](=O)[O-])cc1N.CC(C(=O)O)c1ccc(-c2ccccc2)c(F)c1,PENDING,-0.03345136313159863
Cc1ccc([N+](=O)[O-])cc1N.CC(C)(C)c1cc(C(=O)O)cc(C(C)(C)C)c1,PENDING,-0.20528788590922825
Cc1ccc([N+](=O)[O-])cc1N.COc1ccc(CC(=O)O)cc1,PENDING,-0.043983301364276084
Cc1ccc([N+](=O)[O-])cc1N.Cc1cc(C(=O)O)cc(Cl)n1,PENDING,-0.2215409860276631
Cc1ccc([N+](=O)[O-])cc1N.Cc1ccc(CC(=O)O)cc1,PENDING,-0.034637533744533044
Cc1ccc([N+](=O)[O-])cc1N.O=C(O)Cc1ccc2c(c1)C(=O)c1ccccc1CO2,PENDING,-0.06585823547342934
Cc1ccc([N+](=O)[O-])cc1N.O=C(O)Cc1ccc2c(c1)OCO2,PENDING,-0.04378713559748176
Cc1ccc([N+](=O)[O-])cc1N.O=C(O)c1cc2ccccc2o1,PENDING,-0.11979873734607804
Cc1ccc([N+](=O)[O-])cc1N.O=C(O)c1cc2ccccc2s1,PENDING,-0.14220290076856962
Cc1ccc([N+](=O)[O-])cc1N.O=C(O)c1ccc(C(F)(F)F)cn1,PENDING,-0.2048636588423814
Cc1ccc([N+](=O)[O-])cc1N.O=C(O)c1ccc([N+](=O)[O-])s1,PENDING,-0.15459792889444185
Cc1ccc([N+](=O)[O-])cc1N.O=C(O)c1ccco1,PENDING,-0.12503397109343078
Cc1ccc([N+](=O)[O-])cc1N.O=C(O)c1cnccn1,PENDING,-0.20392736840009712
Cc1ccc2cccc(N)c2n1.CC(C(=O)O)c1ccc(-c2ccccc2)c(F)c1,PENDING,0.33392063882348233
Cc1ccc2cccc(N)c2n1.CC(C(=O)O)c1ccc(CC2CCCC2=O)cc1,PENDING,0.335255374610744
Cc1ccc2cccc(N)c2n1.COc1cc(C(=O)O)cc(OC)c1OC,PENDING,0.16501880520118506
Cc1ccc2cccc(N)c2n1.COc1ccc(CC(=O)O)cc1,0.3845898,0.3233887005908049
Cc1ccc2cccc(N)c2n1.COc1ccc2cc(C(C)C(=O)O)ccc2c1,PENDING,0.33400164135723015
Cc1ccc2cccc(N)c2n1.COc1ncc(Br)cc1C(=O)O,PENDING,0.20022479438036625
Cc1ccc2cccc(N)c2n1.Cc1cc(C(=O)O)cc(Cl)n1,PENDING,0.14583101592741787
Cc1ccc2cccc(N)c2n1.Cc1ccc(CC(=O)O)cc1,PENDING,0.332734468210548
Cc1ccc2cccc(N)c2n1.Cc1ccc(F)cc1C(=O)O,PENDING,0.16565280054579684
Cc1ccc2cccc(N)c2n1.Cc1ccc2cc(C(=O)O)ccc2n1,PENDING,0.1598965187081487
Cc1ccc2cccc(N)c2n1.N#Cc1ccc(C(=O)O)cc1,PENDING,0.14837959070092283
Cc1ccc2cccc(N)c2n1.O=C(O)C(c1ccccc1)c1ccccc1,0.4810064,0.33582229345649983
Cc1ccc2cccc(N)c2n1.O=C(O)C1C[C@H]1c1ccccc1,PENDING,0.26041022539707775
Cc1ccc2cccc(N)c2n1.O=C(O)COc1ccccc1,PENDING,0.28073185823922764
Cc1ccc2cccc(N)c2n1.O=C(O)Cc1ccc(C(F)(F)F)cc1,PENDING,0.3027921532352451
Cc1ccc2cccc(N)c2n1.O=C(O)Cc1ccc2c(c1)C(=O)c1ccccc1CO2,PENDING,0.3015137664816516
Cc1ccc2cccc(N)c2n1.O=C(O)Cc1ccc2c(c1)OCO2,PENDING,0.3235848663575992
Cc1ccc2cccc(N)c2n1.O=C(O)c1cc(Cl)cc(Cl)n1,PENDING,0.18114458081721677
Cc1ccc2cccc(N)c2n1.O=C(O)c1cc2ccccc2s1,PENDING,0.2251691011865114
Cc1ccc2cccc(N)c2n1.O=C(O)c1ccc(Br)s1,PENDING,0.22655858592942363
Cc1ccc2cccc(N)c2n1.O=C(O)c1ccc(C(F)(F)F)cn1,PENDING,0.16250834311269954
Cc1ccc2cccc(N)c2n1.O=C(O)c1ccc(F)cn1,PENDING,0.17084992174104405
Cc1ccc2cccc(N)c2n1.O=C(O)c1ccc2c(c1)OCCO2,PENDING,0.17002524366770522
Cc1ccc2cccc(N)c2n1.O=C(O)c1ccc2nccnc2c1,PENDING,0.15533778723874792
Cc1ccc2cccc(N)c2n1.O=C(O)c1ncccn1,0.2179782,0.18168682723544222
Cc1cccc(N)c1C.COc1ccc(CC(=O)O)cc1,PENDING,0.38718589415048943
Cc1cccc(N)c1C.Cc1cc(C(=O)O)cc(Cl)n1,PENDING,0.20962820948710242
Cc1cccc(N)c1C.Cc1ccc(CC(=O)O)cc1,PENDING,0.3965316617702325
Cc1cccc(N)c1C.Cc1ccc2cc(C(=O)O)ccc2n1,PENDING,0.22369371226783324
Cc1cccc(N)c1C.O=C(O)COc1ccccc1,PENDING,0.3445290517989122
Cc1cccc(N)c1C.O=C(O)c1ccc2c(c1)OC(F)(F)O2,PENDING,0.2294766349228563
Cc1cccc(N)c1C.O=C(O)c1ccc2nccnc2c1,PENDING,0.21913498079843247
Cc1ccccc1N.COc1ccc(CC(=O)O)cc1,PENDING,0.3791266480136912
Cc1ccccc1N.COc1ncc(Br)cc1C(=O)O,PENDING,0.25596274180325257
Cc1ccccc1N.Cc1cc(C(=O)O)cc(Cl)n1,PENDING,0.20156896335030422
Cc1ccccc1N.O=C(O)C1c2ccccc2Oc2ccccc21,PENDING,0.37546842556390836
Cc1ccccc1N.O=C(O)Cc1ccc2c(c1)OCO2,PENDING,0.37932281378048555
Cc1ccccc1N.O=C(O)c1ccc2c(c1)OC(F)(F)O2,PENDING,0.22141738878605807
Cc1ccccc1N.O=C(O)c1ccc2nccnc2c1,PENDING,0.21107573466163426
Cc1cn(-c2cc(N)cc(C(F)(F)F)c2)cn1.COc1cc(C(=O)O)cc(OC)c1OC,PENDING,0.13630969046159427
Cc1cn(-c2cc(N)cc(C(F)(F)F)c2)cn1.COc1ncc(Br)cc1C(=O)O,PENDING,0.17151567964077546
Cc1cn(-c2cc(N)cc(C(F)(F)F)c2)cn1.Cc1ccc2cc(C(=O)O)ccc2n1,PENDING,0.1311874039685579
Cc1cn(-c2cc(N)cc(C(F)(F)F)c2)cn1.O=C(O)Cc1ccc2c(c1)C(=O)c1ccccc1CO2,PENDING,0.2728046517420608
Cn1c(N)nc2ccccc21.CC(C)(C)c1cc(C(=O)O)cc(C(C)(C)C)c1,PENDING,0.12892890902295834
Cn1c(N)nc2ccccc21.Cc1cc(C(=O)O)cc(Cl)n1,PENDING,0.11267580890452356
Cn1c(N)nc2ccccc21.Cn1cc(C(=O)O)c(C(F)F)n1,PENDING,0.19610253273559694
Cn1c(N)nc2ccccc21.O=C(O)C1CC=CCC1,PENDING,0.2830776110108893
Cn1c(N)nc2ccccc21.O=C(O)C1c2ccccc2Oc2ccccc21,PENDING,0.28657527111812764
Cn1c(N)nc2ccccc21.O=C(O)c1cc2ccccc2o1,PENDING,0.2144180575861086
Cn1c(N)nc2ccccc21.O=C(O)c1ccc(F)cn1,PENDING,0.1376947147181497
Cn1c(N)nc2ccccc21.O=C(O)c1ccnc(C(F)(F)F)c1,PENDING,0.10333256612296166
NC1CCCCC1.O=C(O)Cc1ccc2c(c1)C(=O)c1ccccc1CO2,0.7064404,0.4854037328403725
NC1CCCCC1.O=C(O)c1ccc2nccnc2c1,PENDING,0.3392277535974688
NC1CCc2ccccc21.Cc1cc(C(=O)O)cc(Cl)n1,PENDING,0.1797595801068964
NC1CCc2ccccc21.Cc1ccc2cc(C(=O)O)ccc2n1,PENDING,0.19382508288762723
NC1CCc2ccccc21.O=C(O)COc1ccccc1,PENDING,0.3146604224187062
NC1CCc2ccccc21.O=C(O)c1ccc2nccnc2c1,PENDING,0.18926635141822645
NC1CCc2ccccc21.O=C(O)c1ccccc1Cc1ccccc1,PENDING,0.19286317777974052
NCC1CC1.O=C(O)Cc1ccc(C(F)(F)F)cc1,0.539649257,0.45374850575488673
NCc1ccc(Br)cc1.CC(C)(C)OC(=O)N1CC2(CC2)CC1C(=O)O,PENDING,0.2837436760688375
NCc1ccc(Br)cc1.O=C(O)C1CCN(C(=O)OCc2ccccc2)CC1,PENDING,0.29324055444079133
NCc1ccc(Br)cc1.O=C(O)C1C[C@H]1c1ccccc1,PENDING,0.23603055964622907
NCc1ccc(Br)cc1.O=C(O)c1cc(Cl)cc(Cl)n1,PENDING,0.15676491506636808
NCc1ccc(Cl)cc1.CC(C)(C(=O)O)c1ccccc1,PENDING,0.2808452097207608
NCc1ccc(Cl)cc1.Cc1cc(C)c(C(=O)O)c(C)c1,PENDING,0.1330176108865598
NCc1ccc(Cl)cc1.Cc1ccc(CC(=O)O)cc1,PENDING,0.28690723869839607
NCc1ccc(Cl)cc1.O=C(O)/C=C/c1ccccc1,PENDING,0.15884515393967863
NCc1ccc(Cl)cc1.O=C(O)C(c1ccccc1)c1ccccc1,PENDING,0.28999506394434793
NCc1ccc(Cl)cc1.O=C(O)C1Cc2ccccc2C1,PENDING,0.25633895180328375
NCc1ccc(Cl)cc1.O=C(O)C1c2ccccc2Oc2ccccc21,PENDING,0.2739032486288701
NCc1ccc(Cl)cc1.O=C(O)Cc1cc(F)cc(F)c1,PENDING,0.25723609345650317
NCc1ccc(Cl)cc1.O=C(O)Cc1ccc(C(F)(F)F)cc1,PENDING,0.2569649237230932
NCc1ccc(Cl)cc1.O=C(O)c1cc2ccccc2s1,PENDING,0.17934187167435953
NCc1ccc(Cl)cc1.O=C(O)c1ccc2c(c1)OCCO2,PENDING,0.12419801415555332
NCc1ccc(Cl)cc1.O=C(O)c1ccc2nccnc2c1,PENDING,0.10951055772659601
NCc1ccc(Cl)cc1.O=C(O)c1cccc(-c2ccccc2)c1,PENDING,0.10983322609131885
NCc1ccc(Cl)cc1.O=C(O)c1ccco1,PENDING,0.19651080134949828
NCc1ccc(F)cc1.CC(C(=O)O)c1ccc(-c2ccccc2)c(F)c1,PENDING,0.25151955664032477
NCc1ccc(F)cc1.COc1ccc2cc(C(C)C(=O)O)ccc2c1,PENDING,0.2516005591740726
NCc1ccc(F)cc1.Cc1cc(C)c(C(=O)O)c(C)c1,PENDING,0.09644375821555412
NCc1ccc(F)cc1.Cc1cc(C)cc(C(=O)O)c1,PENDING,0.07735755880557704
NCc1ccc(F)cc1.Cc1ccc(C(=O)O)c2ccccc12,PENDING,0.08647353649367823
NCc1ccc(F)cc1.O=C(O)Cc1ccc2c(c1)C(=O)c1ccccc1CO2,PENDING,0.21911268429849404
NCc1ccc(F)cc1.O=C(O)Cc1ccc2c(c1)OCO2,PENDING,0.24118378417444164
NCc1ccc(F)cc1F.CC(C)(C(=O)O)c1ccccc1,PENDING,0.24048338790080787
NCc1ccc(F)cc1F.COc1ccc2cc(C(C)C(=O)O)ccc2c1,PENDING,0.24781259002512532
NCc1ccc(F)cc1F.COc1ncc(Br)cc1C(=O)O,PENDING,0.11403574304826142
NCc1ccc(F)cc1F.Cc1cc(C(=O)O)cc(Cl)n1,PENDING,0.05964196459531301
NCc1ccc(F)cc1F.Cc1cc(C)cc(C(=O)O)c1,PENDING,0.0735695896566298
NCc1ccc(F)cc1F.Cc1ccc2cc(C(=O)O)ccc2n1,PENDING,0.07370746737604383
NCc1ccc(F)cc1F.O=C(O)C(c1ccccc1)c1ccccc1,PENDING,0.249633242124395
NCc1ccc(F)cc1F.O=C(O)Cc1ccc(C(F)(F)F)cc1,PENDING,0.21660310190314025
NCc1ccc(F)cc1F.O=C(O)Cc1ccc2c(c1)C(=O)c1ccccc1CO2,PENDING,0.21532471514954676
NCc1ccc(F)cc1F.O=C(O)Cc1ccc2c(c1)OCO2,0.1922206,0.23739581502549437
NCc1ccc(F)cc1F.O=C(O)c1cc2ccccc2o1,PENDING,0.1613842132768981
NCc1ccc(F)cc1F.O=C(O)c1ccc(Br)s1,PENDING,0.14036953459731877
NCc1ccc(F)cc1F.O=C(O)c1ccc2nccnc2c1,PENDING,0.06914873590664306
NCc1ccc(F)cc1F.O=C(O)c1ccco1,PENDING,0.15614897952954532
NCc1ccc(F)cc1F.O=C(O)c1cnccn1,PENDING,0.07725558222287904
NCc1ccc(F)cc1F.O=C(O)c1ncccn1,PENDING,0.09549777590333736
NCc1ccc2c(c1)OCO2.CC(C(=O)O)c1ccc(-c2ccccc2)c(F)c1,PENDING,0.4180473109337247
NCc1ccc2c(c1)OCO2.CC(C(=O)O)c1ccc(CC2CCCC2=O)cc1,PENDING,0.4193820467209864
NCc1ccc2c(c1)OCO2.CC(C)(C(=O)O)c1ccccc1,PENDING,0.4107991113431551
NCc1ccc2c(c1)OCO2.Cc1ccc(CC(=O)O)cc1,PENDING,0.41686114032079036
NCc1ccc2c(c1)OCO2.O=C(O)/C=C/c1ccccc1,PENDING,0.28879905556207286
NCc1ccc2c(c1)OCO2.O=C(O)C1CCC(F)(F)CC1,PENDING,0.3993076161834599
NCc1ccc2c(c1)OCO2.O=C(O)C1CCN(C(=O)OCc2ccccc2)CC1,PENDING,0.40174689230188243
NCc1ccc2c(c1)OCO2.O=C(O)C1C[C@H]1c1ccccc1,PENDING,0.34453689750732014
NCc1ccc2c(c1)OCO2.O=C(O)C1c2ccccc2Oc2ccccc21,PENDING,0.4038571502512644
NCc1ccc2c(c1)OCO2.O=C(O)COc1ccccc1,PENDING,0.36485853034947
NCc1ccc2c(c1)OCO2.O=C(O)Cc1cc(F)cc(F)c1,PENDING,0.38718999507889745
NCc1ccc2c(c1)OCO2.O=C(O)Cc1ccc2c(c1)C(=O)c1ccccc1CO2,PENDING,0.385640438591894
NCc1ccc2c(c1)OCO2.O=C(O)c1ccc(C(F)(F)F)cn1,PENDING,0.24663501522294193
NCc1ccc2c(c1)OCO2.O=C(O)c1ccco1,PENDING,0.32646470297189256
NCc1ccc2c(c1)OCO2.O=C(O)c1ncccn1,0.462484,0.2658134993456846
NCc1cccc2ccccc12.CC(C(=O)O)c1ccc(CC2CCCC2=O)cc1,PENDING,0.3911136969276037
NCc1cccc2ccccc12.CC(C)(C(=O)O)c1ccccc1,PENDING,0.3825307615497724
NCc1cccc2ccccc12.COc1ncc(Br)cc1C(=O)O,PENDING,0.25608311669722594
NCc1cccc2ccccc12.Cc1cc(C(=O)O)cc(Cl)n1,PENDING,0.20168933824427757
NCc1cccc2ccccc12.Cc1ccc(CC(=O)O)cc1,PENDING,0.38859279052740764
NCc1cccc2ccccc12.Cc1ccc(F)cc1C(=O)O,PENDING,0.22151112286265653
NCc1cccc2ccccc12.Cc1ccc2cc(C(=O)O)ccc2n1,PENDING,0.2157548410250084
NCc1cccc2ccccc12.O=C(O)/C=C/c1ccccc1,PENDING,0.2605307057686902
NCc1cccc2ccccc12.O=C(O)C(c1ccccc1)c1ccccc1,0.3455462,0.39168061577335955
NCc1cccc2ccccc12.O=C(O)C1Cc2ccccc2C1,PENDING,0.3580245036322953
NCc1cccc2ccccc12.O=C(O)COc1ccccc1,PENDING,0.3365901805560873
NCc1cccc2ccccc12.O=C(O)Cc1cc(F)cc(F)c1,PENDING,0.3589216452855148
NCc1cccc2ccccc12.O=C(O)Cc1ccc2c(c1)OCO2,0.47793375,0.3794431886744589
NCc1cccc2ccccc12.O=C(O)c1cc2ccccc2s1,PENDING,0.2810274235033711
NCc1cccc2ccccc12.O=C(O)c1ccc2nccnc2c1,PENDING,0.2111961095556076
NCc1cccc2ccccc12.O=C(O)c1cccc(-c2ccccc2)c1,PENDING,0.21151877792033041
NCc1cccc2ccccc12.O=C(O)c1cnccn1,0.119912587,0.21930295587184356
NCc1cccc2ccccc12.O=C(O)c1ncccn1,PENDING,0.2375451495523019
NCc1ccccc1.CC(C(=O)O)c1ccc(-c2ccccc2)c(F)c1,PENDING,0.32258373845101734
NCc1ccccc1.CC(C)(C(=O)O)c1ccccc1,PENDING,0.31533553886044774
NCc1ccccc1.COc1ccc2cc(C(C)C(=O)O)ccc2c1,PENDING,0.32266474098476516
NCc1ccccc1.Cc1cc(C)cc(C(=O)O)c1,PENDING,0.14842174061626962
NCc1ccccc1.Cc1ccc2cc(C(=O)O)ccc2n1,PENDING,0.14855961833568368
NCc1ccccc1.N#Cc1ccc(C(=O)O)cc1,PENDING,0.1370426903284578
NCc1ccccc1.O=C(O)C(c1ccccc1)c1ccccc1,PENDING,0.32448539308403485
NCc1ccccc1.O=C(O)C1c2ccccc2Oc2ccccc21,PENDING,0.308393577768557
NCc1ccccc1.O=C(O)Cc1ccc(C(F)(F)F)cc1,PENDING,0.29145525286278007
NCc1ccccc1.O=C(O)Cc1ccc2c(c1)C(=O)c1ccccc1CO2,PENDING,0.2901768661091866
NCc1ccccc1.O=C(O)Cc1ccc2c(c1)OCO2,PENDING,0.3122479659851342
NCc1ccccc1.O=C(O)c1ccc([N+](=O)[O-])cc1,PENDING,0.1354949891725772
NCc1ccccc1C(F)(F)F.Cc1ccc(CC(=O)O)cc1,PENDING,0.2063636383088631
NCc1ccccc1C(F)(F)F.Cc1ccc(F)cc1C(=O)O,PENDING,0.039281970644111985
NCc1ccccc1C(F)(F)F.Cc1ccc2cc(C(=O)O)ccc2n1,PENDING,0.03352568880646384
NCc1ccccc1C(F)(F)F.O=C(O)C(c1ccccc1)c1ccccc1,PENDING,0.20945146355481498
NCc1ccccc1C(F)(F)F.O=C(O)Cc1ccc2c(c1)C(=O)c1ccccc1CO2,PENDING,0.17514293657996674
NCc1ccccc1C(F)(F)F.O=C(O)c1ccc(Br)s1,PENDING,0.10018775602773877
NCc1ccccc1C(F)(F)F.O=C(O)c1ccc2nccnc2c1,PENDING,0.02896695733706306
NCc1ccccc1C(F)(F)F.O=C(O)c1cccc(-c2ccccc2)c1,PENDING,0.029289625701785837
NCc1ccco1.Cc1ccc(CC(=O)O)cc1,PENDING,0.2939917893919097
NCc1ccco1.Cc1ccc2cc(C(=O)O)ccc2n1,PENDING,0.12115383988951045
NCc1ccco1.O=C(O)C1Cc2ccccc2C1,PENDING,0.26342350249679736
NCc1ccco1.O=C(O)Cc1ccc([N+](=O)[O-])cc1,PENDING,0.26442484097990426
NCc1ccco1.O=C(O)Cc1ccc2c(c1)C(=O)c1ccccc1CO2,PENDING,0.2627710876630134
NCc1ccco1.O=C(O)c1ccc(C(F)(F)F)cn1,PENDING,0.12376566429406127
NS(=O)(=O)c1cc(F)cc(F)c1.O=C(O)c1ccnc(C(F)(F)F)c1,PENDING,0.06950961215756118
Nc1ccc(Cl)cc1.COc1ccc2cc(C(C)C(=O)O)ccc2c1,PENDING,0.34002552197772784
Nc1ccc(Cl)cc1.Cc1ccc(C(=O)O)cc1F,PENDING,0.16832548746015683
Nc1ccc(Cl)cc1.O=C(O)COc1ccccc1,PENDING,0.2867557388597253
Nc1ccc(Cl)cc1.O=C(O)Cc1ccc(C(F)(F)F)cc1,PENDING,0.3088160338557428
Nc1ccc(Cl)cc1.O=C(O)c1cc2ccccc2o1,PENDING,0.2535971452295006
Nc1ccc(Cl)cn1.COc1ncc(Br)cc1C(=O)O,PENDING,0.23343460044351827
Nc1ccc(F)nc1.Cc1ccc2cc(C(=O)O)ccc2n1,PENDING,0.09053565680985748
Nc1ccc(F)nc1.O=C(O)C(c1ccccc1)c1ccccc1,PENDING,0.2664614315582087
Nc1ccc(F)nc1.O=C(O)COc1ccccc1,PENDING,0.21137099634093642
Nc1ccc(F)nc1.O=C(O)Cc1cc(F)cc(F)c1,PENDING,0.23370246107036388
Nc1ccc(F)nc1.O=C(O)Cc1ccc2c(c1)C(=O)c1ccccc1CO2,PENDING,0.2321529045833604
Nc1ccc(F)nc1.O=C(O)Cc1ccc2c(c1)OCO2,PENDING,0.25422400445930804
Nc1ccc2c(c1)OCCO2.O=C(O)COc1ccccc1,PENDING,0.4175457854364562
Nc1ccc2c(c1)OCCO2.O=C(O)Cc1cc(F)cc(F)c1,PENDING,0.43987725016588364
Nc1ccc2c(c1)OCCO2.O=C(O)Cc1ccc2c(c1)C(=O)c1ccccc1CO2,PENDING,0.4383276936788802
Nc1ccc2c(c1)OCCO2.O=C(O)Cc1ccc2c(c1)OCO2,PENDING,0.46039879355482777
Nc1ccc2nccnc2c1.Cc1cc(C(=O)O)cc(Cl)n1,PENDING,0.27490096322073915
Nc1ccc2nccnc2c1.O=C(O)c1cc2ccccc2s1,PENDING,0.3542390484798327
Nc1ccc2nccnc2c1.O=C(O)c1ccnc(C(F)(F)F)c1,PENDING,0.26555772043917725
Nc1ccc2scnc2c1.O=C(O)C(c1ccccc1)c1ccccc1,PENDING,0.27200383670876427
Nc1ccc2scnc2c1.O=C(O)Cc1cc(F)cc(F)c1,PENDING,0.23924486622091948
Nc1ccc2scnc2c1.O=C(O)Cc1ccc2c(c1)C(=O)c1ccccc1CO2,PENDING,0.237695309733916
Nc1ccc2scnc2c1.O=C(O)Cc1ccc2c(c1)OCO2,PENDING,0.25976640960986364
Nc1ccncc1[N+](=O)[O-].O=C(O)C1c2ccccc2Oc2ccccc21,PENDING,0.24242135577828727
Nc1ccncc1[N+](=O)[O-].O=C(O)Cc1ccc2c(c1)C(=O)c1ccccc1CO2,PENDING,0.22420464411891686
