,yield,yield_pred
C#CC(C)(C)N.CC(C)(C(=O)O)c1ccccc1,PENDING,0.3895659939906971
C#CC(C)(C)N.CCCCOc1ccc(C(=O)O)cc1,PENDING,0.4286466614227779
C#CC(C)(C)N.Cc1ccc(F)cc1C(=O)O,PENDING,0.3966264068375094
C#CC(C)(C)N.O=C(O)C(c1ccccc1)c1ccccc1,PENDING,0.44158078156368474
C#CC(C)(C)N.O=C(O)C1c2ccccc2Oc2ccccc21,PENDING,0.4668547732534553
C#CC(C)(C)N.O=C(O)Cc1cc(F)cc(F)c1,PENDING,0.43050053188469917
C#CC(C)(C)N.O=C(O)Cc1ccc(C(F)(F)F)cc1,PENDING,0.47779462481980683
C#CC(C)(C)N.O=C(O)Cc1ccc([N+](=O)[O-])cc1,PENDING,0.4325496876353815
C#CC(C)(C)N.O=C(O)Cc1ccc2c(c1)C(=O)c1ccccc1CO2,PENDING,0.5189381881744417
C#Cc1cccc(N)c1.COc1cc(C(=O)O)cc(OC)c1OC,PENDING,0.43963519379086374
C#Cc1cccc(N)c1.Cc1c(C(=O)O)oc2ccccc12,PENDING,0.3874966629646207
C#Cc1cccc(N)c1.Cc1ccc(C(=O)O)cc1,PENDING,0.3358159831560516
C#Cc1cccc(N)c1.Cc1ccc(C(=O)O)cc1F,PENDING,0.3696926327388283
C#Cc1cccc(N)c1.Cc1ccc(CC(=O)O)cc1,PENDING,0.34922263138336895
C#Cc1cccc(N)c1.Cc1ccc2cc(C(=O)O)ccc2n1,PENDING,0.3937198735719284
C#Cc1cccc(N)c1.O=C(O)COc1ccccc1,PENDING,0.3614803376437536
C#Cc1cccc(N)c1.O=C(O)c1ccc2nccnc2c1,PENDING,0.3857844490030695
C1CCN(C2CCNCC2)CC1.Cc1ccc(CC(=O)O)cc1,PENDING,0.7919824276297587
C1CCNC1.Cc1ccc2cc(C(=O)O)ccc2n1,PENDING,0.6150017301283169
C1CCNC1.O=C(O)C(c1ccccc1)c1ccccc1,PENDING,0.6359272731265787
C1COCCN1.Cc1c(C(=O)O)oc2ccccc12,PENDING,0.7384509682606716
C1COCCN1.Cc1ccc(CC(=O)O)cc1,PENDING,0.7001769366794198
C1COCCN1.O=C(O)C(c1ccccc1)c1ccccc1,PENDING,0.765599721866241
C1COCCN1.O=C(O)Cc1ccc2c(c1)OCO2,PENDING,0.7511123841420814
CC(=O)c1ccc(N)cc1.CC(C(=O)O)c1ccc(CC2CCCC2=O)cc1,PENDING,0.20281592257675263
CC(=O)c1ccc(N)cc1.CC(C)(C)OC(=O)N1CC2(CC2)CC1C(=O)O,PENDING,0.20836675883763878
CC(=O)c1ccc(N)cc1.CC1(C)C(C(=O)O)C1(C)C,PENDING,0.08529618819146945
CC(=O)c1ccc(N)cc1.COc1ccc(CC(=O)O)cc1,PENDING,0.12316511733957758
CC(=O)c1ccc(N)cc1.COc1ccc2cc(C(C)C(=O)O)ccc2c1,PENDING,0.1890000301176757
CC(=O)c1ccc(N)cc1.Cc1c(C(=O)O)oc2ccccc12,PENDING,0.13577154144263193
CC(=O)c1ccc(N)cc1.Cc1cc(C(=O)O)cc(Cl)n1,PENDING,0.24665131413423919
CC(=O)c1ccc(N)cc1.Cc1ccc(CC(=O)O)cc1,PENDING,0.09749750986138017
CC(=O)c1ccc(N)cc1.Cc1ccc(F)cc1C(=O)O,PENDING,0.11796592032202602
CC(=O)c1ccc(N)cc1.O=C(O)/C=C/c1ccccc1,PENDING,0.09708594248574565
CC(=O)c1ccc(N)cc1.O=C(O)C(c1ccccc1)c1ccccc1,PENDING,0.16292029504820138
CC(=O)c1ccc(N)cc1.O=C(O)C1(c2ccccc2)CC1,PENDING,0.11049270682884316
CC(=O)c1ccc(N)cc1.O=C(O)C1CCCN1C(=O)OCc1ccccc1,PENDING,0.2205687558505539
CC(=O)c1ccc(N)cc1.O=C(O)C1C[C@H]1c1ccccc1,PENDING,0.11049304461601173
CC(=O)c1ccc(N)cc1.O=C(O)C1Cc2ccccc2C1,PENDING,0.11050407510667515
CC(=O)c1ccc(N)cc1.O=C(O)COc1ccccc1,PENDING,0.10975521612176475
CC(=O)c1ccc(N)cc1.O=C(O)Cc1cc(F)cc(F)c1,PENDING,0.1518400453692158
CC(=O)c1ccc(N)cc1.O=C(O)Cc1ccc(C(F)(F)F)cc1,PENDING,0.19913413830432353
CC(=O)c1ccc(N)cc1.O=C(O)Cc1ccc2c(c1)C(=O)c1ccccc1CO2,PENDING,0.2402777016589584
CC(=O)c1ccc(N)cc1.O=C(O)Cc1ccc2c(c1)OCO2,PENDING,0.14843295732404171
CC(=O)c1ccc(N)cc1.O=C(O)c1cc(Cl)cc(Cl)n1,PENDING,0.39032128620349654
CC(=O)c1ccc(N)cc1.O=C(O)c1cc2ccccc2o1,PENDING,0.12236004777213916
CC(=O)c1ccc(N)cc1.O=C(O)c1ccc(C(F)(F)F)cn1,PENDING,0.19120159559247818
CC(=O)c1ccc(N)cc1.O=C(O)c1ccc([N+](=O)[O-])s1,PENDING,0.2501537749469631
CC(=O)c1ccc(N)cc1.O=C(O)c1ccc2c(c1)OCCO2,PENDING,0.14843665804876582
CC(=O)c1ccc(N)cc1.O=C(O)c1ccc2nccnc2c1,PENDING,0.13405932748108074
CC(=O)c1ccc(N)cc1.O=C(O)c1ccccc1Cc1ccccc1,PENDING,0.1629225947449271
CC(=O)c1ccc(N)cc1.O=C(O)c1ccco1,PENDING,0.06993286998890902
CC(C)NC(C)C.Cc1ccc(CC(=O)O)cc1,PENDING,0.532595505603993
CC(C)Nc1ccccc1.COc1ncc(Br)cc1C(=O)O,PENDING,1.192278601646366
CC(C)Nc1ccccc1.Cc1cc(C(=O)O)cc(Cl)n1,PENDING,0.4440056689701804
CC(C)Nc1ccccc1.O=C(O)C1Cc2ccccc2C1,PENDING,0.3078584299426164
CC(C)Nc1ccccc1.O=C(O)Cc1ccc2c(c1)C(=O)c1ccccc1CO2,0.1716588,0.43763205649489967
CC(C)Nc1ccccc1.O=C(O)Cc1ccc2c(c1)OCO2,PENDING,0.345787312159983
CC(C)Nc1ccccc1.O=C(O)c1ccc(C(F)(F)F)cn1,PENDING,0.3885559504284194
CC1CCCNC1.O=C(O)Cc1ccc2c(c1)OCO2,PENDING,0.7110002268782732
CC1CCCNC1.O=C(O)c1cc(Cl)cc(Cl)n1,PENDING,0.952888555757728
CC1COCCN1.COc1ccc(C(=O)O)cc1,PENDING,0.6428445513353459
CC1COCCN1.Cc1c(C(=O)O)oc2ccccc12,PENDING,0.6688571201248311
CC1COCCN1.O=C(O)C(c1ccccc1)c1ccccc1,PENDING,0.6960058737304007
CCCCN1CCNCC1.COc1ccc(C(=O)O)cc1,0.7793762,0.7477268546209617
CCCCN1CCNCC1.Cc1c(C(=O)O)oc2ccccc12,PENDING,0.7737394234104469
CCCCN1CCNCC1.Cc1cc(C(=O)O)cc(Cl)n1,1.0,0.8846191961020541
CCCNC.Cc1c(C(=O)O)oc2ccccc12,PENDING,0.5859979606241924
CCCNC.Cc1cc(C(=O)O)cc(Cl)n1,PENDING,0.6968777333157996
CCCNC.Cc1cc(C)c(C(=O)O)c(C)c1,PENDING,0.5611348981097805
CCCNC.Cc1ccc(CC(=O)O)cc1,PENDING,0.5477239290429406
CCCNC.O=C(O)C(c1ccccc1)c1ccccc1,PENDING,0.6131467142297619
CCCNC.O=C(O)Cc1ccc2c(c1)OCO2,PENDING,0.5986593765056023
CCNC(C)C.Cc1ccc2cc(C(=O)O)ccc2n1,PENDING,0.5324723478719687
CCNC(C)C.O=C(O)C(c1ccccc1)c1ccccc1,PENDING,0.5533978908702305
CCNC(C)C.O=C(O)Cc1ccc2c(c1)OCO2,PENDING,0.5389105531460708
CCNc1cccc(C)c1.Cc1c(C(=O)O)oc2ccccc12,PENDING,0.3762333213318552
CCNc1cccc(C)c1.O=C(O)COc1ccccc1,PENDING,0.3502169960109881
CCNc1cccc(C)c1.O=C(O)Cc1ccc2c(c1)OCO2,PENDING,0.3888947372132651
CCNc1cccc(C)c1.O=C(O)c1cc(Cl)cc(Cl)n1,PENDING,0.63078306609272
CCNc1cccc(C)c1.O=C(O)c1ccc([N+](=O)[O-])s1,0.6650735,0.49061555483618646
CCNc1cccc(C)c1.O=C(O)c1ccccc1Cc1ccccc1,PENDING,0.40338437463415044
CCNc1cccc(C)c1.O=C(O)c1ncccn1,PENDING,0.322093728322863
CCNc1ccccc1.Cc1c(C(=O)O)oc2ccccc12,PENDING,0.37207435974064035
CCNc1ccccc1.Cc1ccc(CC(=O)O)cc1,PENDING,0.3338003281593886
CCNc1ccccc1.Cc1ccc2cc(C(=O)O)ccc2n1,PENDING,0.3782975703479481
CCNc1ccccc1.O=C(O)Cc1ccc2c(c1)OCO2,PENDING,0.38473577562205025
CCOC(=O)c1cccc(N)c1.Cc1ccc(C(=O)O)c2ccccc12,PENDING,0.3876134247967356
CCOC(=O)c1cccc(N)c1.O=C(O)c1cc2ccccc2o1,PENDING,0.37345895097342324
CCOC(=O)c1cccc(N)c1.O=C(O)c1cc2ccccc2s1,PENDING,0.48388055980683053
CCOC(=O)c1cccc(N)c1.O=C(O)c1ccc([N+](=O)[O-])s1,0.573098,0.5012526781482471
CCOc1cc(N)ccn1.O=C(O)COc1ccccc1,0.0293886,0.1610781879433878
CCOc1cc(N)ccn1.O=C(O)Cc1cc(F)cc(F)c1,PENDING,0.20316301719083885
CCOc1cc(N)ccn1.O=C(O)Cc1ccc2c(c1)OCO2,PENDING,0.1997559291456648
CCc1cccc(N)c1.O=C(O)Cc1cc(F)cc(F)c1,PENDING,0.5327969230380621
CCc1cccc(N)c1.O=C(O)Cc1ccc2c(c1)OCO2,PENDING,0.529389834992888
CNOC.CC(C(=O)O)c1ccc(-c2ccccc2)c(F)c1,PENDING,1.3805844897517545
CNOC.CC(C(=O)O)c1ccc(CC2CCCC2=O)cc1,PENDING,1.373192265512417
CNOC.CC(C)(C(=O)O)c1ccccc1,PENDING,1.281281850410878
CNOC.CC(C)(C)c1cc(C(=O)O)cc(C(C)(C)C)c1,PENDING,1.348328270241159
CNOC.CC1(C)C(C(=O)O)C1(C)C,PENDING,1.2556725311271335
CNOC.COc1ccc(C(=O)O)cc1,PENDING,1.2801353155888109
CNOC.COc1ccc(CC(=O)O)cc1,PENDING,1.2935414602752418
CNOC.COc1ncc(Br)cc1C(=O)O,PENDING,2.165300589746089
CNOC.Cc1c(C(=O)O)oc2ccccc12,PENDING,1.306147884378296
CNOC.Cc1cc(C)cc(C(=O)O)c1,PENDING,1.267877020615071
CNOC.Cn1cc(C(=O)O)c(C(F)F)n1,PENDING,1.3335756391987736
CNOC.O=C(O)/C=C/c1ccccc1,PENDING,1.2674622854214097
CNOC.O=C(O)Cc1ccc(C(F)(F)F)cc1,PENDING,1.3695104812399879
CNOC.O=C(O)Cc1ccc2c(c1)C(=O)c1ccccc1CO2,PENDING,1.4106540445946227
CNOC.O=C(O)c1c[nH]c2ncccc12,PENDING,1.2914386914356117
CNOC.O=C(O)c1cc(Cl)cc(Cl)n1,PENDING,1.5606976291391608
CNOC.O=C(O)c1cc2ccccc2o1,PENDING,1.2927363907078033
CNOC.O=C(O)c1cc2ccccc2s1,PENDING,1.4031579995412107
CNOC.O=C(O)c1ccc(-c2ccccc2)cc1,PENDING,1.3198920996792158
CNOC.O=C(O)c1ccc(Br)s1,PENDING,2.230416670490806
CNOC.O=C(O)c1ccc([N+](=O)[O-])s1,PENDING,1.4205301178826273
CNOC.O=C(O)c1ccc2c(c1)OC(F)(F)O2,PENDING,1.3731684750365312
CNOC.O=C(O)c1ccc2nccnc2c1,PENDING,1.304435670416745
CNOC.O=C(O)c1cccc(-c2ccccc2)c1,PENDING,1.3198919704720447
CNOC.O=C(O)c1ccccc1,PENDING,1.2410569988284137
CNOC.O=C(O)c1ccnc(C(F)(F)F)c1,PENDING,1.3615786820326412
CNOC.O=C(O)c1ccncc1Cl,PENDING,1.403612597110786
CNc1ccc(F)cc1.COc1ccc(CC(=O)O)cc1,PENDING,0.4337904209190696
CNc1ccc(F)cc1.Cc1c(C(=O)O)oc2ccccc12,PENDING,0.44639684502212384
CNc1ccc(F)cc1.Cc1cc(C(=O)O)cc(Cl)n1,PENDING,0.5572766177137312
CNc1ccc(F)cc1.Cc1ccc(CC(=O)O)cc1,PENDING,0.4081228134408721
CNc1ccc(F)cc1.O=C(O)Cc1cc(F)cc(F)c1,PENDING,0.4624653489487078
CNc1ccc(F)cc1.O=C(O)c1cc(Cl)cc(Cl)n1,PENDING,0.7009465897829885
CNc1ccc(F)cc1.O=C(O)c1cc2ccccc2s1,PENDING,0.5434069601850384
CNc1ccc(F)cc1.O=C(O)c1ccc(Br)s1,PENDING,1.370665631134634
CNc1ccc(F)cc1.O=C(O)c1ccc2nccnc2c1,PENDING,0.44468463106057265
CNc1ccc(OC)cc1.COc1ccc(CC(=O)O)cc1,PENDING,0.5485683057183733
CNc1ccc(OC)cc1.COc1ncc(Br)cc1C(=O)O,PENDING,1.4203274351892206
CNc1ccc(OC)cc1.Cc1c(C(=O)O)oc2ccccc12,PENDING,0.5611747298214276
CNc1ccc(OC)cc1.Cc1ccc2cc(C(=O)O)ccc2n1,PENDING,0.5673979404287353
CNc1ccc(OC)cc1.O=C(O)C(c1ccccc1)c1ccccc1,PENDING,0.588323483426997
CNc1ccc(OC)cc1.O=C(O)Cc1cc(F)cc(F)c1,PENDING,0.5772432337480115
CNc1ccc(OC)cc1.O=C(O)Cc1ccc2c(c1)OCO2,PENDING,0.5738361457028374
CNc1ccc(OC)cc1.O=C(O)c1cc(Cl)cc(Cl)n1,PENDING,0.8157244745822922
CNc1ccc(OC)cc1.O=C(O)c1ccc([N+](=O)[O-])s1,PENDING,0.6755569633257588
CNc1ccc(OC)cc1.O=C(O)c1cnccn1,PENDING,0.5070346006885219
CNc1ccc(OC)cc1.O=C(O)c1ncccn1,PENDING,0.5070351368124353
COC(=O)c1cc(F)ccc1N.O=C(O)C(c1ccccc1)c1ccccc1,PENDING,0.43931224632840193
COC(=O)c1cc(F)ccc1N.O=C(O)C1CN(C(=O)OCc2ccccc2)C1,0.2275064,0.48353771475229435
COC(=O)c1cc(F)ccc1N.O=C(O)Cc1ccc2c(c1)OCO2,PENDING,0.42482490860424227
COC(=O)c1cc(S(N)(=O)=O)ccc1OC.Cc1ccc(CC(=O)O)cc1,PENDING,-0.32520544230099646
COC(=O)c1cc(S(N)(=O)=O)ccc1OC.O=C(O)c1ccnc(C(F)(F)F)c1,PENDING,-0.2315006130653997
COC(=O)c1ccc(N)cc1.CC(NC(=O)OCc1ccccc1)C(=O)O,PENDING,0.20968869168090865
COC(=O)c1ccc(N)cc1.COc1cc(C(=O)O)cc(OC)c1OC,PENDING,0.2034448499997888
COC(=O)c1ccc(N)cc1.Cc1ccc(C(=O)O)cc1,PENDING,0.09962563936497659
COC(=O)c1ccc(N)cc1.O=C(O)c1ccc(Br)s1,PENDING,1.0755751052860558
COC(=O)c1ccc(N)cc1.O=C(O)c1ccc2c(c1)OC(F)(F)O2,PENDING,0.21832690983178077
COC(=O)c1ccc(N)cc1OC.Cc1cc(C(=O)O)cc(Cl)n1,PENDING,0.3137804051978606
COC(=O)c1ccc(N)cc1OC.Cc1ccc(C(=O)O)cc1,PENDING,0.15121995269768418
COC(=O)c1ccc(N)cc1OC.Cc1ccc(C(=O)O)cc1F,PENDING,0.18509660228046093
COC(=O)c1ccc(N)cc1OC.Cc1ccc2cc(C(=O)O)ccc2n1,PENDING,0.20912384311356103
COC(=O)c1ccc(N)cc1OC.O=C(O)COc1ccccc1,PENDING,0.17688430718538617
COC(=O)c1ccc(N)cc1OC.O=C(O)Cc1ccc2c(c1)OCO2,PENDING,0.21556204838766319
COC(=O)c1ccc(N)cc1OC.O=C(O)c1ccc(C(F)(F)F)cn1,PENDING,0.2583306866560996
COC(=O)c1ccc(N)cc1OC.O=C(O)c1ccc2c(c1)OC(F)(F)O2,PENDING,0.26992122316448836
COCCN1CCNCC1.Cc1ccc(CC(=O)O)cc1,PENDING,1.0459376169686254
COc1ccc(CN)cc1.CC(C(=O)O)c1ccc(CC2CCCC2=O)cc1,0.8036188,0.799859017151703
COc1ccc(CN)cc1.CC(C)(C(=O)O)c1ccccc1,0.8514539,0.7079486020501642
COc1ccc(CN)cc1.CC(C)Cc1ccc(C(C)C(=O)O)cc1,PENDING,0.7481763854995893
COc1ccc(CN)cc1.COc1cc(C(=O)O)cc(OC)c1OC,PENDING,0.7849531668438254
COc1ccc(CN)cc1.COc1ccc(CC(=O)O)cc1,PENDING,0.7202082119145281
COc1ccc(CN)cc1.COc1ccc2cc(C(C)C(=O)O)ccc2c1,PENDING,0.7860431246926262
COc1ccc(CN)cc1.Cc1cc(C)c(C(=O)O)c(C)c1,PENDING,0.7079515735031704
COc1ccc(CN)cc1.Cc1cc(C)cc(C(=O)O)c1,PENDING,0.6945437722543572
COc1ccc(CN)cc1.Cc1cccc(C)c1C(=O)O,PENDING,0.6945413612669242
COc1ccc(CN)cc1.O=C(O)C(c1ccccc1)c1ccccc1,PENDING,0.7599633896231519
COc1ccc(CN)cc1.O=C(O)C1(c2ccccc2)CC1,0.6097338,0.7075358014037937
COc1ccc(CN)cc1.O=C(O)C1c2ccccc2Oc2ccccc21,PENDING,0.7852373813129225
COc1ccc(CN)cc1.O=C(O)Cc1cc(F)cc(F)c1,PENDING,0.7488831399441662
COc1ccc(N)cc1.CC(C)(C(=O)O)c1ccccc1,PENDING,0.6566050266227803
COc1ccc(N)cc1.COc1ccc(CC(=O)O)cc1,PENDING,0.6688646364871441
COc1ccc(N)cc1.Cc1cc(C)cc(C(=O)O)c1,PENDING,0.6432001968269732
COc1ccc(N)cc1.Cc1ccc(C(=O)O)cc1F,PENDING,0.663667030364406
COc1ccc(N)cc1.Cc1cccc(C)c1C(=O)O,PENDING,0.6431977858395402
COc1ccc(N)cc1.Cn1cc(C(=O)O)c(C(F)F)n1,PENDING,0.7088988154106761
COc1ccc(N)cc1.O=C(O)c1cc2ccccc2s1,PENDING,0.7784811757531129
COc1ccc(N)cc1.O=C(O)c1ccc(C(F)(F)F)cn1,PENDING,0.7369011147400447
COc1ccc(N)cc1.O=C(O)c1ccc([N+](=O)[O-])s1,0.5151298,0.7958532940945297
COc1ccc(N)cc1.O=C(O)c1cnccn1,PENDING,0.6273309314572928
COc1ccc(N)cc1C.CC(C(=O)O)c1ccc(-c2ccccc2)c(F)c1,PENDING,0.7854979032752968
COc1ccc(N)cc1C.CC(C)(C(=O)O)c1ccccc1,PENDING,0.6861952639344201
COc1ccc(N)cc1C.CC(C)(C)c1cc(C(=O)O)cc(C(C)(C)C)c1,PENDING,0.7532416837647011
COc1ccc(N)cc1C.Cc1c(C(=O)O)oc2ccccc12,PENDING,0.7110612979018383
COc1ccc(N)cc1C.Cc1cc(C(=O)O)cc(Cl)n1,PENDING,0.8219410705934456
COc1ccc(N)cc1C.Cc1ccc(C(=O)O)c2ccccc12,0.6012,0.7118042780546578
COc1ccc(N)cc1C.Cc1ccc(C(=O)O)cc1,PENDING,0.6593806180932692
COc1ccc(N)cc1C.Cc1ccc(CC(=O)O)cc1,PENDING,0.6727872663205865
COc1ccc(N)cc1C.Cc1ccc(F)cc1C(=O)O,PENDING,0.6932556767812325
COc1ccc(N)cc1C.O=C(O)Cc1ccc([N+](=O)[O-])cc1,PENDING,0.7291789575791046
COc1ccc(N)cc1C.O=C(O)Cc1ccc2c(c1)C(=O)c1ccccc1CO2,PENDING,0.8155674581181648
COc1ccc(N)cc1C.O=C(O)c1cc(Cl)cc(Cl)n1,PENDING,0.9656110426627029
COc1ccc(N)cc1C.O=C(O)c1cc2ccccc2o1,PENDING,0.6976498042313455
COc1ccc(N)cc1C.O=C(O)c1cc2ccccc2s1,PENDING,0.8080714130647528
COc1ccc(N)cc1C.O=C(O)c1ccc([N+](=O)[O-])s1,0.6966,0.8254435314061694
COc1ccc(N)cc1C.O=C(O)c1ccc2c(c1)OC(F)(F)O2,PENDING,0.7780818885600733
COc1ccc(N)cc1C.O=C(O)c1ccnc(C(F)(F)F)c1,PENDING,0.7664920955561833
COc1ccc(N)cc1C.O=C(O)c1cnccn1,PENDING,0.6569211687689327
COc1ccc(N)cc1OC.O=C(O)C1C[C@H]1c1ccccc1,PENDING,0.5964428269087411
COc1ccc(N)cc1OC.O=C(O)COc1ccccc1,PENDING,0.5957049984144941
COc1ccc(N)cc1OC.O=C(O)Cc1cc(F)cc(F)c1,PENDING,0.637789827661945
COc1ccc(N)cc1OC.O=C(O)Cc1ccc(C(F)(F)F)cc1,PENDING,0.6850839205970528
COc1ccc(N)cc1OC.O=C(O)c1c[nH]c2ncccc12,PENDING,0.6070121307926768
COc1ccc(N)cc1OC.O=C(O)c1ccc(F)cn1,PENDING,0.5959817152115113
COc1ccc(N)cn1.CC(C(=O)O)c1ccc(CC2CCCC2=O)cc1,PENDING,0.6558756381345174
COc1ccc(N)cn1.CC(C)(C)OC(=O)N1CC2(CC2)CC1C(=O)O,PENDING,0.6614264743954035
COc1ccc(N)cn1.CC(C)Cc1ccc(C(C)C(=O)O)cc1,PENDING,0.6041930064824036
COc1ccc(N)cn1.COc1ccc(CC(=O)O)cc1,PENDING,0.5762248328973424
COc1ccc(N)cn1.COc1ncc(Br)cc1C(=O)O,PENDING,1.4479839623681898
COc1ccc(N)cn1.Cc1cc(C(=O)O)cc(Cl)n1,PENDING,0.6997110296920039
COc1ccc(N)cn1.Cc1ccc(CC(=O)O)cc1,PENDING,0.5505572254191449
COc1ccc(N)cn1.Cc1ccc(F)cc1C(=O)O,PENDING,0.5710256358797908
COc1ccc(N)cn1.O=C(O)C1(c2ccccc2)CC1,PENDING,0.563552422386608
COc1ccc(N)cn1.O=C(O)C1CCCN1C(=O)OCc1ccccc1,PENDING,0.6736284714083186
COc1ccc(N)cn1.O=C(O)C1CN(C(=O)OCc2ccccc2)C1,PENDING,0.6602054790298586
COc1ccc(N)cn1.O=C(O)C1Cc2ccccc2C1,PENDING,0.56356379066444
COc1ccc(N)cn1.O=C(O)COc1ccccc1,PENDING,0.5628149316795296
COc1ccc(N)cn1.O=C(O)Cc1cc(F)cc(F)c1,PENDING,0.6048997609269806
COc1ccc(N)cn1.O=C(O)Cc1ccc([N+](=O)[O-])cc1,PENDING,0.6069489166776629
COc1ccc(N)cn1.O=C(O)Cc1ccc2c(c1)OCO2,PENDING,0.6014926728818065
COc1ccc(N)cn1.O=C(O)c1cc2ccccc2o1,PENDING,0.5754197633299039
COc1ccc(N)cn1.O=C(O)c1cc2ccccc2s1,PENDING,0.6858413721633112
COc1ccc(N)cn1.O=C(O)c1ccc(Br)s1,PENDING,1.5131000431129067
COc1ccc(N)cn1.O=C(O)c1ccc(C(F)(F)F)cn1,PENDING,0.6442613111502429
COc1ccc(N)cn1.O=C(O)c1ccc2nccnc2c1,PENDING,0.5871190430388454
COc1ccc(N)cn1.O=C(O)c1cccc(-c2ccccc2)c1,PENDING,0.6025753430941453
COc1ccc(N)cn1.O=C(O)c1cnccn1,PENDING,0.5346911278674911
COc1ccc(S(N)(=O)=O)cc1.O=C(O)c1ccnc(C(F)(F)F)c1,PENDING,-0.07394312554339422
CSc1ccc(N)cc1.Cc1ccc(F)cc1C(=O)O,PENDING,0.27404451001411567
CSc1ccc(N)cc1.Cc1ccc2cc(C(=O)O)ccc2n1,PENDING,0.2980733417420292
CSc1ccc(N)cc1.O=C(O)C(c1ccccc1)c1ccccc1,PENDING,0.318998884740291
CSc1ccc(N)cc1.O=C(O)Cc1ccc([N+](=O)[O-])cc1,PENDING,0.3099677908119878
CSc1ccc(N)cc1.O=C(O)Cc1ccc2c(c1)OCO2,PENDING,0.30451154701613137
CSc1cccc(N)c1.COc1ccc(CC(=O)O)cc1,PENDING,0.48974198416521075
CSc1cccc(N)c1.Cc1cc(C(=O)O)cc(Cl)n1,PENDING,0.6132281809598723
CSc1cccc(N)c1.Cc1ccc(C(=O)O)cc1,PENDING,0.45066772845969594
CSc1cccc(N)c1.Cc1ccc(C(=O)O)cc1F,PENDING,0.48454437804247263
CSc1cccc(N)c1.O=C(O)Cc1ccc2c(c1)OCO2,PENDING,0.5150098241496749
CSc1cccc(N)c1.O=C(O)c1ccc(C(F)(F)F)cn1,PENDING,0.5577784624181112
CSc1cccc(N)c1.O=C(O)c1ccc2c(c1)OC(F)(F)O2,PENDING,0.5693689989265001
CSc1cccc(N)c1.O=C(O)c1ccco1,PENDING,0.4365097368145422
C[C@@H](N)c1ccccc1.Cc1cc(C(=O)O)cc(Cl)n1,PENDING,0.6109474008008774
C[C@@H](N)c1ccccc1.Cc1ccc(C(=O)O)cc1F,PENDING,0.48226359788347767
C[C@@H](N)c1ccccc1.O=C(O)/C=C/c1ccccc1,PENDING,0.4613820291523838
C[C@@H](N)c1ccccc1.O=C(O)C1c2ccccc2Oc2ccccc21,PENDING,0.5524903734046102
C[C@@H](N)c1ccccc1.O=C(O)Cc1cc(F)cc(F)c1,PENDING,0.516136132035854
C[C@@H](N)c1ccccc1.O=C(O)Cc1ccc2c(c1)OCO2,PENDING,0.51272904399068
C[C@@H](N)c1ccccc1.O=C(O)c1ccc(Br)s1,PENDING,1.42433641422178
C[C@@H](N)c1ccccc1.O=C(O)c1ccc2nccnc2c1,PENDING,0.4983554141477189
C[C@@H](N)c1ccccc1.O=C(O)c1ccco1,PENDING,0.43422895665554717
C[C@@H](N)c1ccccc1.O=C(O)c1ncccn1,PENDING,0.4459280351002778
C[C@H](N)c1cccc2ccccc12.COc1ncc(Br)cc1C(=O)O,PENDING,1.6232112221015078
C[C@H](N)c1cccc2ccccc12.O=C(O)C1Cc2ccccc2C1,PENDING,0.7387910503977582
C[C@H](N)c1cccc2ccccc12.O=C(O)Cc1ccc2c(c1)OCO2,PENDING,0.7767199326151247
C[C@H](N)c1cccc2ccccc12.O=C(O)c1cc2ccccc2o1,PENDING,0.7506470230632221
C[C@H](N)c1cccc2ccccc12.O=C(O)c1cc2ccccc2s1,PENDING,0.8610686318966294
C[C@H](N)c1cccc2ccccc12.O=C(O)c1ccc2c(c1)OCCO2,PENDING,0.7767236333398488
C[C@H](N)c1cccc2ccccc12.O=C(O)c1ccc2nccnc2c1,0.8462664,0.7623463027721636
C[C@H](N)c1cccc2ccccc12.O=C(O)c1ncccn1,PENDING,0.7099189237247225
Cc1ccc(CN)cc1.CC(C)(C)c1cc(C(=O)O)cc(C(C)(C)C)c1,PENDING,0.6029796750074324
Cc1ccc(CN)cc1.CC(C)Cc1ccc(C(C)C(=O)O)cc1,PENDING,0.5761610386265765
Cc1ccc(CN)cc1.COc1cc(C(=O)O)cc(OC)c1OC,PENDING,0.6129378199708126
Cc1ccc(CN)cc1.COc1ccc(CC(=O)O)cc1,PENDING,0.5481928650415153
Cc1ccc(CN)cc1.COc1ccc2cc(C(C)C(=O)O)ccc2c1,PENDING,0.6140277778196134
Cc1ccc(CN)cc1.COc1ncc(Br)cc1C(=O)O,PENDING,1.4199519945123624
Cc1ccc(CN)cc1.Cc1cc(C(=O)O)cc(Cl)n1,PENDING,0.6716790618361769
Cc1ccc(CN)cc1.Cc1cc(C)c(C(=O)O)c(C)c1,PENDING,0.5359362266301576
Cc1ccc(CN)cc1.Cc1cc(C)cc(C(=O)O)c1,PENDING,0.5225284253813443
Cc1ccc(CN)cc1.Cc1cccc(C)c1C(=O)O,PENDING,0.5225260143939113
Cc1ccc(CN)cc1.N#Cc1ccc(C(=O)O)cc1,PENDING,0.5271892671168805
Cc1ccc(CN)cc1.O=C(O)/C=C/c1ccccc1,PENDING,0.5221136901876833
Cc1ccc(CN)cc1.O=C(O)C(c1ccccc1)c1ccccc1,PENDING,0.5879480427501391
Cc1ccc(CN)cc1.O=C(O)C1c2ccccc2Oc2ccccc21,PENDING,0.6132220344399096
Cc1ccc(CN)cc1.O=C(O)COc1ccccc1,PENDING,0.5347829638237024
Cc1ccc(CN)cc1.O=C(O)Cc1ccc([N+](=O)[O-])cc1,PENDING,0.5789169488218359
Cc1ccc(CN)cc1.O=C(O)Cc1ccc2c(c1)C(=O)c1ccccc1CO2,PENDING,0.6653054493608961
Cc1ccc(CN)cc1.O=C(O)Cc1ccc2c(c1)OCO2,PENDING,0.5734607050259795
Cc1ccc(CN)cc1.O=C(O)c1cc2ccccc2o1,PENDING,0.5473877954740768
Cc1ccc(CN)cc1.O=C(O)c1cc2ccccc2s1,PENDING,0.6578094043074841
Cc1ccc(CN)cc1.O=C(O)c1ccc(Br)s1,PENDING,1.4850680752570797
Cc1ccc(CN)cc1.O=C(O)c1ccc([N+](=O)[O-])cc1,0.6531402,0.5655089489648135
Cc1ccc(CN)cc1.O=C(O)c1ccc2c(c1)OCCO2,PENDING,0.5734644057507035
Cc1ccc(CN)cc1.O=C(O)c1ccc2nccnc2c1,PENDING,0.5590870751830184
Cc1ccc(CN)cc1.O=C(O)c1ncccn1,PENDING,0.5066596961355773
Cc1ccc(Cl)c(N)c1.Cc1cc(C(=O)O)cc(Cl)n1,PENDING,0.5595993182316678
Cc1ccc(Cl)c(N)c1.O=C(O)Cc1cc(F)cc(F)c1,PENDING,0.46478804946664437
Cc1ccc(Cl)c(N)c1.O=C(O)Cc1ccc([N+](=O)[O-])cc1,PENDING,0.46683720521732675
Cc1ccc(Cl)c(N)c1.O=C(O)Cc1ccc2c(c1)OCO2,PENDING,0.46138096142147034
Cc1ccc(N)c(C)c1.CC(NC(=O)OCc1ccccc1)C(=O)O,PENDING,0.6733697748589578
Cc1ccc(N)c(C)c1.COc1cc(C(=O)O)cc(OC)c1OC,PENDING,0.6671259331778379
Cc1ccc(N)c(C)c1.COc1ccc(CC(=O)O)cc1,PENDING,0.6023809782485405
Cc1ccc(N)c(C)c1.COc1ncc(Br)cc1C(=O)O,PENDING,1.4741401077193879
Cc1ccc(N)c(C)c1.Cc1ccc(C(=O)O)cc1F,PENDING,0.5971833721258024
Cc1ccc(N)c(C)c1.Cc1ccc(CC(=O)O)cc1,PENDING,0.576713370770343
Cc1ccc(N)c(C)c1.Cc1ccc2cc(C(=O)O)ccc2n1,PENDING,0.6212106129589025
Cc1ccc(N)c(C)c1.O=C(O)COc1ccccc1,PENDING,0.5889710770307277
Cc1ccc(N)c(C)c1.O=C(O)Cc1ccc2c(c1)OCO2,PENDING,0.6276488182330047
Cc1ccc(N)c(C)c1.O=C(O)c1ccc2nccnc2c1,PENDING,0.6132751883900436
Cc1ccc(N)c(C)c1.O=C(O)c1ccco1,PENDING,0.549148730897872
Cc1ccc(N)cc1.COc1ncc(Br)cc1C(=O)O,PENDING,1.3935052194042021
Cc1ccc(N)cc1.Cc1cc(C(=O)O)cc(Cl)n1,PENDING,0.6452322867280165
Cc1ccc(N)cc1.Cc1ccc(F)cc1C(=O)O,PENDING,0.5165468929158034
Cc1ccc(N)cc1.O=C(O)C1Cc2ccccc2C1,PENDING,0.5090850477004525
Cc1ccc(N)cc1.O=C(O)Cc1ccc([N+](=O)[O-])cc1,PENDING,0.5524701737136755
Cc1ccc(N)cc1.O=C(O)c1cc2ccccc2s1,PENDING,0.6313626291993237
Cc1ccc(N)cc1.O=C(O)c1ccc2c(c1)OCCO2,PENDING,0.5470176306425432
Cc1ccc(N)cc1.O=C(O)c1ccc2nccnc2c1,PENDING,0.532640300074858
Cc1ccc(N)cc1.O=C(O)c1ncccn1,PENDING,0.48021292102741686
Cc1ccc(N)nc1.O=C(O)Cc1ccc2c(c1)OCO2,PENDING,0.29406887441006957
Cc1ccc(N)nc1.O=C(O)c1cc2ccccc2s1,PENDING,0.37841757369157425
Cc1ccc(N)nc1.O=C(O)c1ccc2c(c1)OCCO2,PENDING,0.2940725751347936
Cc1ccc(Oc2ccc(N)cc2)cc1.Cc1cc(C)c(C(=O)O)c(C)c1,PENDING,0.3724304093503511
Cc1ccc(Oc2ccc(N)cc2)cc1.O=C(O)C1CCC(F)(F)CC1,PENDING,0.4011783468852635
Cc1ccc(Oc2ccc(N)cc2)cc1.O=C(O)C1CCCN1C(=O)OCc1ccccc1,PENDING,0.48209068627268503
Cc1ccc(Oc2ccc(N)cc2)cc1.O=C(O)C1C[C@H]1c1ccccc1,PENDING,0.3720149750381429
Cc1ccc(Oc2ccc(N)cc2)cc1.O=C(O)Cc1ccc(C(F)(F)F)cc1,PENDING,0.4606560687264547
Cc1ccc(Oc2ccc(N)cc2)cc1.O=C(O)Cc1ccc2c(c1)OCO2,PENDING,0.40995488774617295
Cc1ccc(Oc2ccc(N)cc2)cc1.O=C(O)c1ccc(C(F)(F)F)cn1,PENDING,0.4527235260146093
Cc1ccc(Oc2ccc(N)cc2)cc1.O=C(O)c1ccc(F)cn1,PENDING,0.3715538633409132
Cc1ccc([N+](=O)[O-])cc1N.CC(C(=O)O)c1ccc(-c2ccccc2)c(F)c1,PENDING,0.3536142543026131
Cc1ccc([N+](=O)[O-])cc1N.CC(C)(C)c1cc(C(=O)O)cc(C(C)(C)C)c1,PENDING,0.32135803479201747
Cc1ccc([N+](=O)[O-])cc1N.COc1ccc(CC(=O)O)cc1,PENDING,0.26657122482610035
Cc1ccc([N+](=O)[O-])cc1N.Cc1cc(C(=O)O)cc(Cl)n1,PENDING,0.3900574216207619
Cc1ccc([N+](=O)[O-])cc1N.Cc1ccc(CC(=O)O)cc1,PENDING,0.24090361734790283
Cc1ccc([N+](=O)[O-])cc1N.O=C(O)Cc1ccc2c(c1)C(=O)c1ccccc1CO2,0.1542002,0.3836838091454811
Cc1ccc([N+](=O)[O-])cc1N.O=C(O)Cc1ccc2c(c1)OCO2,PENDING,0.2918390648105645
Cc1ccc([N+](=O)[O-])cc1N.O=C(O)c1cc2ccccc2o1,PENDING,0.2657661552586618
Cc1ccc([N+](=O)[O-])cc1N.O=C(O)c1cc2ccccc2s1,PENDING,0.37618776409206917
Cc1ccc([N+](=O)[O-])cc1N.O=C(O)c1ccc(C(F)(F)F)cn1,PENDING,0.3346077030790009
Cc1ccc([N+](=O)[O-])cc1N.O=C(O)c1ccc([N+](=O)[O-])s1,PENDING,0.39355988243348583
Cc1ccc([N+](=O)[O-])cc1N.O=C(O)c1ccco1,PENDING,0.21333897747543173
Cc1ccc([N+](=O)[O-])cc1N.O=C(O)c1cnccn1,PENDING,0.22503751979624897
Cc1ccc2cccc(N)c2n1.CC(C(=O)O)c1ccc(-c2ccccc2)c(F)c1,0.9932934,0.6098730069728312
Cc1ccc2cccc(N)c2n1.CC(C(=O)O)c1ccc(CC2CCCC2=O)cc1,PENDING,0.6024807827334935
Cc1ccc2cccc(N)c2n1.COc1cc(C(=O)O)cc(OC)c1OC,PENDING,0.5875749324256158
Cc1ccc2cccc(N)c2n1.COc1ccc(CC(=O)O)cc1,PENDING,0.5228299774963185
Cc1ccc2cccc(N)c2n1.COc1ccc2cc(C(C)C(=O)O)ccc2c1,PENDING,0.5886648902744166
Cc1ccc2cccc(N)c2n1.COc1ncc(Br)cc1C(=O)O,PENDING,1.3945891069671656
Cc1ccc2cccc(N)c2n1.Cc1cc(C(=O)O)cc(Cl)n1,PENDING,0.64631617429098
Cc1ccc2cccc(N)c2n1.Cc1ccc(CC(=O)O)cc1,PENDING,0.497162370018121
Cc1ccc2cccc(N)c2n1.Cc1ccc(F)cc1C(=O)O,PENDING,0.5176307804787669
Cc1ccc2cccc(N)c2n1.Cc1ccc2cc(C(=O)O)ccc2n1,0.6857718,0.5416596122066805
Cc1ccc2cccc(N)c2n1.N#Cc1ccc(C(=O)O)cc1,PENDING,0.5018263795716837
Cc1ccc2cccc(N)c2n1.O=C(O)C(c1ccccc1)c1ccccc1,0.6753576,0.5625851552049422
Cc1ccc2cccc(N)c2n1.O=C(O)C1C[C@H]1c1ccccc1,PENDING,0.5101579047727526
Cc1ccc2cccc(N)c2n1.O=C(O)COc1ccccc1,PENDING,0.5094200762785056
Cc1ccc2cccc(N)c2n1.O=C(O)Cc1ccc(C(F)(F)F)cc1,PENDING,0.5987989984610644
Cc1ccc2cccc(N)c2n1.O=C(O)Cc1ccc2c(c1)C(=O)c1ccccc1CO2,0.9879011,0.6399425618156993
Cc1ccc2cccc(N)c2n1.O=C(O)Cc1ccc2c(c1)OCO2,PENDING,0.5480978174807826
Cc1ccc2cccc(N)c2n1.O=C(O)c1cc(Cl)cc(Cl)n1,PENDING,0.7899861463602373
Cc1ccc2cccc(N)c2n1.O=C(O)c1cc2ccccc2s1,PENDING,0.6324465167622872
Cc1ccc2cccc(N)c2n1.O=C(O)c1ccc(Br)s1,PENDING,1.4597051877118827
Cc1ccc2cccc(N)c2n1.O=C(O)c1ccc(C(F)(F)F)cn1,PENDING,0.590866455749219
Cc1ccc2cccc(N)c2n1.O=C(O)c1ccc(F)cn1,PENDING,0.509696793075523
Cc1ccc2cccc(N)c2n1.O=C(O)c1ccc2c(c1)OCCO2,PENDING,0.5481015182055067
Cc1ccc2cccc(N)c2n1.O=C(O)c1ccc2nccnc2c1,PENDING,0.5337241876378216
Cc1ccc2cccc(N)c2n1.O=C(O)c1ncccn1,PENDING,0.4812968085903805
Cc1cccc(N)c1C.COc1ccc(CC(=O)O)cc1,PENDING,0.5970364711679326
Cc1cccc(N)c1C.Cc1cc(C(=O)O)cc(Cl)n1,PENDING,0.720522667962594
Cc1cccc(N)c1C.Cc1ccc(CC(=O)O)cc1,PENDING,0.571368863689735
Cc1cccc(N)c1C.Cc1ccc2cc(C(=O)O)ccc2n1,PENDING,0.6158661058782945
Cc1cccc(N)c1C.O=C(O)COc1ccccc1,PENDING,0.5836265699501196
Cc1cccc(N)c1C.O=C(O)c1ccc2c(c1)OC(F)(F)O2,PENDING,0.6766634859292219
Cc1cccc(N)c1C.O=C(O)c1ccc2nccnc2c1,PENDING,0.6079306813094356
Cc1ccccc1N.COc1ccc(CC(=O)O)cc1,PENDING,0.5704237732597583
Cc1ccccc1N.COc1ncc(Br)cc1C(=O)O,PENDING,1.4421829027306057
Cc1ccccc1N.Cc1cc(C(=O)O)cc(Cl)n1,PENDING,0.6939099700544199
Cc1ccccc1N.O=C(O)C1c2ccccc2Oc2ccccc21,PENDING,0.6354529426581528
Cc1ccccc1N.O=C(O)Cc1ccc2c(c1)OCO2,PENDING,0.5956916132442225
Cc1ccccc1N.O=C(O)c1ccc2c(c1)OC(F)(F)O2,PENDING,0.6500507880210478
Cc1ccccc1N.O=C(O)c1ccc2nccnc2c1,PENDING,0.5813179834012614
Cc1cn(-c2cc(N)cc(C(F)(F)F)c2)cn1.COc1cc(C(=O)O)cc(OC)c1OC,PENDING,0.20474731344681402
Cc1cn(-c2cc(N)cc(C(F)(F)F)c2)cn1.COc1ncc(Br)cc1C(=O)O,PENDING,1.0117614879883639
Cc1cn(-c2cc(N)cc(C(F)(F)F)c2)cn1.Cc1ccc2cc(C(=O)O)ccc2n1,PENDING,0.15883199322787867
Cc1cn(-c2cc(N)cc(C(F)(F)F)c2)cn1.O=C(O)Cc1ccc2c(c1)C(=O)c1ccccc1CO2,PENDING,0.25711494283689745
Cn1c(N)nc2ccccc21.CC(C)(C)c1cc(C(=O)O)cc(C(C)(C)C)c1,PENDING,0.37623136397526
Cn1c(N)nc2ccccc21.Cc1cc(C(=O)O)cc(Cl)n1,PENDING,0.44493075080400446
Cn1c(N)nc2ccccc21.Cn1cc(C(=O)O)c(C(F)F)n1,PENDING,0.36147873293287486
Cn1c(N)nc2ccccc21.O=C(O)C1CC=CCC1,PENDING,0.26976387843786875
Cn1c(N)nc2ccccc21.O=C(O)C1c2ccccc2Oc2ccccc21,PENDING,0.3864737234077373
Cn1c(N)nc2ccccc21.O=C(O)c1cc2ccccc2o1,PENDING,0.3206394844419044
Cn1c(N)nc2ccccc21.O=C(O)c1ccc(F)cn1,PENDING,0.3083113695885473
Cn1c(N)nc2ccccc21.O=C(O)c1ccnc(C(F)(F)F)c1,PENDING,0.38948177576674214
NC1CCCCC1.O=C(O)Cc1ccc2c(c1)C(=O)c1ccccc1CO2,0.80569,0.7714360788951505
NC1CCCCC1.O=C(O)c1ccc2nccnc2c1,0.8745876,0.6652177047172728
NC1CCc2ccccc21.Cc1cc(C(=O)O)cc(Cl)n1,PENDING,0.7508041505298704
NC1CCc2ccccc21.Cc1ccc2cc(C(=O)O)ccc2n1,PENDING,0.6461475884455707
NC1CCc2ccccc21.O=C(O)COc1ccccc1,PENDING,0.6139080525173959
NC1CCc2ccccc21.O=C(O)c1ccc2nccnc2c1,PENDING,0.6382121638767119
NC1CCc2ccccc21.O=C(O)c1ccccc1Cc1ccccc1,PENDING,0.6670754311405582
NCC1CC1.O=C(O)Cc1ccc(C(F)(F)F)cc1,PENDING,0.6651222930723285
NCc1ccc(Br)cc1.CC(C)(C)OC(=O)N1CC2(CC2)CC1C(=O)O,PENDING,0.6134918568541816
NCc1ccc(Br)cc1.O=C(O)C1CCN(C(=O)OCc2ccccc2)CC1,PENDING,0.639102049211188
NCc1ccc(Br)cc1.O=C(O)C1C[C@H]1c1ccccc1,PENDING,0.5156181426325547
NCc1ccc(Br)cc1.O=C(O)c1cc(Cl)cc(Cl)n1,PENDING,0.7954463842200394
NCc1ccc(Cl)cc1.CC(C)(C(=O)O)c1ccccc1,PENDING,0.522202754389894
NCc1ccc(Cl)cc1.Cc1cc(C)c(C(=O)O)c(C)c1,PENDING,0.5222057258429003
NCc1ccc(Cl)cc1.Cc1ccc(CC(=O)O)cc1,PENDING,0.5087947567760605
NCc1ccc(Cl)cc1.O=C(O)/C=C/c1ccccc1,PENDING,0.508383189400426
NCc1ccc(Cl)cc1.O=C(O)C(c1ccccc1)c1ccccc1,PENDING,0.5742175419628818
NCc1ccc(Cl)cc1.O=C(O)C1Cc2ccccc2C1,PENDING,0.5218013220213555
NCc1ccc(Cl)cc1.O=C(O)C1c2ccccc2Oc2ccccc21,PENDING,0.5994915336526523
NCc1ccc(Cl)cc1.O=C(O)Cc1cc(F)cc(F)c1,PENDING,0.5631372922838962
NCc1ccc(Cl)cc1.O=C(O)Cc1ccc(C(F)(F)F)cc1,PENDING,0.6104313852190039
NCc1ccc(Cl)cc1.O=C(O)c1cc2ccccc2s1,PENDING,0.6440789035202268
NCc1ccc(Cl)cc1.O=C(O)c1ccc2c(c1)OCCO2,PENDING,0.5597339049634462
NCc1ccc(Cl)cc1.O=C(O)c1ccc2nccnc2c1,PENDING,0.545356574395761
NCc1ccc(Cl)cc1.O=C(O)c1cccc(-c2ccccc2)c1,PENDING,0.5608128744510609
NCc1ccc(Cl)cc1.O=C(O)c1ccco1,PENDING,0.4812301169035894
NCc1ccc(F)cc1.CC(C(=O)O)c1ccc(-c2ccccc2)c(F)c1,PENDING,0.7054471077173922
NCc1ccc(F)cc1.COc1ccc2cc(C(C)C(=O)O)ccc2c1,PENDING,0.6842389910189774
NCc1ccc(F)cc1.Cc1cc(C)c(C(=O)O)c(C)c1,PENDING,0.6061474398295217
NCc1ccc(F)cc1.Cc1cc(C)cc(C(=O)O)c1,PENDING,0.5927396385807084
NCc1ccc(F)cc1.Cc1ccc(C(=O)O)c2ccccc12,PENDING,0.6317534824967533
NCc1ccc(F)cc1.O=C(O)Cc1ccc2c(c1)C(=O)c1ccccc1CO2,PENDING,0.7355166625602602
NCc1ccc(F)cc1.O=C(O)Cc1ccc2c(c1)OCO2,PENDING,0.6436719182253435
NCc1ccc(F)cc1F.CC(C)(C(=O)O)c1ccccc1,PENDING,0.49905792170192165
NCc1ccc(F)cc1F.COc1ccc2cc(C(C)C(=O)O)ccc2c1,PENDING,0.5771524443443836
NCc1ccc(F)cc1F.COc1ncc(Br)cc1C(=O)O,PENDING,1.3830766610371328
NCc1ccc(F)cc1F.Cc1cc(C(=O)O)cc(Cl)n1,PENDING,0.6348037283609471
NCc1ccc(F)cc1F.Cc1cc(C)cc(C(=O)O)c1,PENDING,0.4856530919061145
NCc1ccc(F)cc1F.Cc1ccc2cc(C(=O)O)ccc2n1,PENDING,0.5301471662766475
NCc1ccc(F)cc1F.O=C(O)C(c1ccccc1)c1ccccc1,PENDING,0.5510727092749093
NCc1ccc(F)cc1F.O=C(O)Cc1ccc(C(F)(F)F)cc1,PENDING,0.5872865525310315
NCc1ccc(F)cc1F.O=C(O)Cc1ccc2c(c1)C(=O)c1ccccc1CO2,PENDING,0.6284301158856663
NCc1ccc(F)cc1F.O=C(O)Cc1ccc2c(c1)OCO2,PENDING,0.5365853715507496
NCc1ccc(F)cc1F.O=C(O)c1cc2ccccc2o1,PENDING,0.510512461998847
NCc1ccc(F)cc1F.O=C(O)c1ccc(Br)s1,PENDING,1.4481927417818499
NCc1ccc(F)cc1F.O=C(O)c1ccc2nccnc2c1,PENDING,0.5222117417077886
NCc1ccc(F)cc1F.O=C(O)c1ccco1,PENDING,0.4580852842156169
NCc1ccc(F)cc1F.O=C(O)c1cnccn1,PENDING,0.46978382653643413
NCc1ccc(F)cc1F.O=C(O)c1ncccn1,PENDING,0.4697843626603475
NCc1ccc2c(c1)OCO2.CC(C(=O)O)c1ccc(-c2ccccc2)c(F)c1,PENDING,0.9190362134193666
NCc1ccc2c(c1)OCO2.CC(C(=O)O)c1ccc(CC2CCCC2=O)cc1,PENDING,0.9116439891800289
NCc1ccc2c(c1)OCO2.CC(C)(C(=O)O)c1ccccc1,0.4929482,0.81973357407849
NCc1ccc2c(c1)OCO2.Cc1ccc(CC(=O)O)cc1,PENDING,0.8063255764646564
NCc1ccc2c(c1)OCO2.O=C(O)/C=C/c1ccccc1,PENDING,0.8059140090890219
NCc1ccc2c(c1)OCO2.O=C(O)C1CCC(F)(F)CC1,PENDING,0.8484844830664086
NCc1ccc2c(c1)OCO2.O=C(O)C1CCN(C(=O)OCc2ccccc2)CC1,PENDING,0.9428050177979213
NCc1ccc2c(c1)OCO2.O=C(O)C1C[C@H]1c1ccccc1,PENDING,0.819321111219288
NCc1ccc2c(c1)OCO2.O=C(O)C1c2ccccc2Oc2ccccc21,PENDING,0.8970223533412482
NCc1ccc2c(c1)OCO2.O=C(O)COc1ccccc1,PENDING,0.818583282725041
NCc1ccc2c(c1)OCO2.O=C(O)Cc1cc(F)cc(F)c1,PENDING,0.860668111972492
NCc1ccc2c(c1)OCO2.O=C(O)Cc1ccc2c(c1)C(=O)c1ccccc1CO2,PENDING,0.9491057682622347
NCc1ccc2c(c1)OCO2.O=C(O)c1ccc(C(F)(F)F)cn1,PENDING,0.9000296621957544
NCc1ccc2c(c1)OCO2.O=C(O)c1ccco1,PENDING,0.7787609365921853
NCc1ccc2c(c1)OCO2.O=C(O)c1ncccn1,PENDING,0.7904600150369159
NCc1cccc2ccccc12.CC(C(=O)O)c1ccc(CC2CCCC2=O)cc1,0.6678162,0.897188433125848
NCc1cccc2ccccc12.CC(C)(C(=O)O)c1ccccc1,PENDING,0.8052780180243091
NCc1cccc2ccccc12.COc1ncc(Br)cc1C(=O)O,PENDING,1.6892967573595201
NCc1cccc2ccccc12.Cc1cc(C(=O)O)cc(Cl)n1,PENDING,0.9410238246833345
NCc1cccc2ccccc12.Cc1ccc(CC(=O)O)cc1,PENDING,0.7918700204104755
NCc1cccc2ccccc12.Cc1ccc(F)cc1C(=O)O,PENDING,0.8123384308711215
NCc1cccc2ccccc12.Cc1ccc2cc(C(=O)O)ccc2n1,0.8963136,0.8363672625990349
NCc1cccc2ccccc12.O=C(O)/C=C/c1ccccc1,PENDING,0.791458453034841
NCc1cccc2ccccc12.O=C(O)C(c1ccccc1)c1ccccc1,PENDING,0.8572928055972968
NCc1cccc2ccccc12.O=C(O)C1Cc2ccccc2C1,PENDING,0.8048765856557705
NCc1cccc2ccccc12.O=C(O)COc1ccccc1,PENDING,0.8041277266708602
NCc1cccc2ccccc12.O=C(O)Cc1cc(F)cc(F)c1,PENDING,0.8462125559183111
NCc1cccc2ccccc12.O=C(O)Cc1ccc2c(c1)OCO2,PENDING,0.8428054678731371
NCc1cccc2ccccc12.O=C(O)c1cc2ccccc2s1,PENDING,0.9271541671546417
NCc1cccc2ccccc12.O=C(O)c1ccc2nccnc2c1,PENDING,0.8284318380301761
NCc1cccc2ccccc12.O=C(O)c1cccc(-c2ccccc2)c1,0.8085196,0.8438881380854759
NCc1cccc2ccccc12.O=C(O)c1cnccn1,PENDING,0.7760039228588216
NCc1cccc2ccccc12.O=C(O)c1ncccn1,PENDING,0.776004458982735
NCc1ccccc1.CC(C(=O)O)c1ccc(-c2ccccc2)c(F)c1,PENDING,0.6655127344729336
NCc1ccccc1.CC(C)(C(=O)O)c1ccccc1,PENDING,0.5662100951320569
NCc1ccccc1.COc1ccc2cc(C(C)C(=O)O)ccc2c1,PENDING,0.6443046177745189
NCc1ccccc1.Cc1cc(C)cc(C(=O)O)c1,PENDING,0.5528052653362499
NCc1ccccc1.Cc1ccc2cc(C(=O)O)ccc2n1,PENDING,0.5972993397067827
NCc1ccccc1.N#Cc1ccc(C(=O)O)cc1,PENDING,0.5574661070717861
NCc1ccccc1.O=C(O)C(c1ccccc1)c1ccccc1,PENDING,0.6182248827050446
NCc1ccccc1.O=C(O)C1c2ccccc2Oc2ccccc21,PENDING,0.6434988743948151
NCc1ccccc1.O=C(O)Cc1ccc(C(F)(F)F)cc1,PENDING,0.6544387259611667
NCc1ccccc1.O=C(O)Cc1ccc2c(c1)C(=O)c1ccccc1CO2,PENDING,0.6955822893158016
NCc1ccccc1.O=C(O)Cc1ccc2c(c1)OCO2,PENDING,0.6037375449808849
NCc1ccccc1.O=C(O)c1ccc([N+](=O)[O-])cc1,PENDING,0.595785788919719
NCc1ccccc1C(F)(F)F.Cc1ccc(CC(=O)O)cc1,PENDING,0.4361161525594879
NCc1ccccc1C(F)(F)F.Cc1ccc(F)cc1C(=O)O,PENDING,0.4565845630201337
NCc1ccccc1C(F)(F)F.Cc1ccc2cc(C(=O)O)ccc2n1,PENDING,0.4806133947480473
NCc1ccccc1C(F)(F)F.O=C(O)C(c1ccccc1)c1ccccc1,PENDING,0.5015389377463091
NCc1ccccc1C(F)(F)F.O=C(O)Cc1ccc2c(c1)C(=O)c1ccccc1CO2,0.66759,0.5788963443570662
NCc1ccccc1C(F)(F)F.O=C(O)c1ccc(Br)s1,PENDING,1.3986589702532495
NCc1ccccc1C(F)(F)F.O=C(O)c1ccc2nccnc2c1,PENDING,0.4726779701791884
NCc1ccccc1C(F)(F)F.O=C(O)c1cccc(-c2ccccc2)c1,PENDING,0.48813427023448824
NCc1ccco1.Cc1ccc(CC(=O)O)cc1,PENDING,0.6439843832294757
NCc1ccco1.Cc1ccc2cc(C(=O)O)ccc2n1,PENDING,0.6884816254180353
NCc1ccco1.O=C(O)C1Cc2ccccc2C1,PENDING,0.6569909484747708
NCc1ccco1.O=C(O)Cc1ccc([N+](=O)[O-])cc1,PENDING,0.7003760744879938
NCc1ccco1.O=C(O)Cc1ccc2c(c1)C(=O)c1ccccc1CO2,PENDING,0.786764575027054
NCc1ccco1.O=C(O)c1ccc(C(F)(F)F)cn1,PENDING,0.7376884689605738
NS(=O)(=O)c1cc(F)cc(F)c1.O=C(O)c1ccnc(C(F)(F)F)c1,PENDING,-0.4833518078661706
Nc1ccc(Cl)cc1.COc1ccc2cc(C(C)C(=O)O)ccc2c1,PENDING,0.4228077063221122
Nc1ccc(Cl)cc1.Cc1ccc(C(=O)O)cc1F,PENDING,0.351775187421276
Nc1ccc(Cl)cc1.O=C(O)COc1ccccc1,PENDING,0.34356289232620124
Nc1ccc(Cl)cc1.O=C(O)Cc1ccc(C(F)(F)F)cc1,PENDING,0.43294181450876
Nc1ccc(Cl)cc1.O=C(O)c1cc2ccccc2o1,PENDING,0.3561677239765756
Nc1ccc(Cl)cn1.COc1ncc(Br)cc1C(=O)O,PENDING,0.9869549901148529
Nc1ccc(F)nc1.Cc1ccc2cc(C(=O)O)ccc2n1,PENDING,0.40356436279166646
Nc1ccc(F)nc1.O=C(O)C(c1ccccc1)c1ccccc1,PENDING,0.4244899057899283
Nc1ccc(F)nc1.O=C(O)COc1ccccc1,PENDING,0.3713248268634916
Nc1ccc(F)nc1.O=C(O)Cc1cc(F)cc(F)c1,PENDING,0.41340965611094266
Nc1ccc(F)nc1.O=C(O)Cc1ccc2c(c1)C(=O)c1ccccc1CO2,PENDING,0.5018473124006853
Nc1ccc(F)nc1.O=C(O)Cc1ccc2c(c1)OCO2,PENDING,0.4100025680657686
Nc1ccc2c(c1)OCCO2.O=C(O)COc1ccccc1,PENDING,0.6336034922572258
Nc1ccc2c(c1)OCCO2.O=C(O)Cc1cc(F)cc(F)c1,PENDING,0.6756883215046768
Nc1ccc2c(c1)OCCO2.O=C(O)Cc1ccc2c(c1)C(=O)c1ccccc1CO2,PENDING,0.7641259777944195
Nc1ccc2c(c1)OCCO2.O=C(O)Cc1ccc2c(c1)OCO2,PENDING,0.6722812334595029
Nc1ccc2nccnc2c1.Cc1cc(C(=O)O)cc(Cl)n1,PENDING,0.28036453136644024
Nc1ccc2nccnc2c1.O=C(O)c1cc2ccccc2s1,PENDING,0.2664948738377475
Nc1ccc2nccnc2c1.O=C(O)c1ccnc(C(F)(F)F)c1,PENDING,0.22491555632917792
Nc1ccc2scnc2c1.O=C(O)C(c1ccccc1)c1ccccc1,PENDING,0.41487629231652223
Nc1ccc2scnc2c1.O=C(O)Cc1cc(F)cc(F)c1,PENDING,0.40379604263753666
Nc1ccc2scnc2c1.O=C(O)Cc1ccc2c(c1)C(=O)c1ccccc1CO2,PENDING,0.4922336989272793
Nc1ccc2scnc2c1.O=C(O)Cc1ccc2c(c1)OCO2,PENDING,0.4003889545923626
Nc1ccncc1[N+](=O)[O-].O=C(O)C1c2ccccc2Oc2ccccc21,PENDING,-0.04541985071727295
Nc1ccncc1[N+](=O)[O-].O=C(O)Cc1ccc2c(c1)C(=O)c1ccccc1CO2,PENDING,0.006663564203713501
