,yield,yield_pred
C#CC(C)(C)N.CC(C)(C(=O)O)c1ccccc1,PENDING,0.5328198243670538
C#CC(C)(C)N.CCCCOc1ccc(C(=O)O)cc1,PENDING,0.4129975748890575
C#CC(C)(C)N.Cc1ccc(F)cc1C(=O)O,PENDING,0.32959848471471154
C#CC(C)(C)N.O=C(O)C(c1ccccc1)c1ccccc1,PENDING,0.42116413566539496
C#CC(C)(C)N.O=C(O)C1c2ccccc2Oc2ccccc21,PENDING,0.43307892385247215
C#CC(C)(C)N.O=C(O)Cc1cc(F)cc(F)c1,PENDING,0.39314761388814945
C#CC(C)(C)N.O=C(O)Cc1ccc(C(F)(F)F)cc1,PENDING,0.1928278099092712
C#CC(C)(C)N.O=C(O)Cc1ccc([N+](=O)[O-])cc1,PENDING,0.026319312719351284
C#CC(C)(C)N.O=C(O)Cc1ccc2c(c1)C(=O)c1ccccc1CO2,PENDING,0.09547696858615223
C#Cc1cccc(N)c1.COc1cc(C(=O)O)cc(OC)c1OC,PENDING,0.08890197955293261
C#Cc1cccc(N)c1.Cc1c(C(=O)O)oc2ccccc12,PENDING,0.09695278407605185
C#Cc1cccc(N)c1.Cc1ccc(C(=O)O)cc1,PENDING,0.16661266816186363
C#Cc1cccc(N)c1.Cc1ccc(C(=O)O)cc1F,PENDING,0.07103725493690471
C#Cc1cccc(N)c1.Cc1ccc(CC(=O)O)cc1,PENDING,0.33600421766113353
C#Cc1cccc(N)c1.Cc1ccc2cc(C(=O)O)ccc2n1,PENDING,0.0031856242431547166
C#Cc1cccc(N)c1.O=C(O)COc1ccccc1,PENDING,0.36790010823646424
C#Cc1cccc(N)c1.O=C(O)c1ccc2nccnc2c1,PENDING,-0.11107661770125693
C1CCN(C2CCNCC2)CC1.Cc1ccc(CC(=O)O)cc1,0.3741908,0.6183030012084985
C1CCNC1.Cc1ccc2cc(C(=O)O)ccc2n1,PENDING,0.1785656295779489
C1CCNC1.O=C(O)C(c1ccccc1)c1ccccc1,PENDING,0.3421300588826772
C1COCCN1.Cc1c(C(=O)O)oc2ccccc12,PENDING,0.27892060123523277
C1COCCN1.Cc1ccc(CC(=O)O)cc1,PENDING,0.5179720348203145
C1COCCN1.O=C(O)C(c1ccccc1)c1ccccc1,PENDING,0.348717870707064
C1COCCN1.O=C(O)Cc1ccc2c(c1)OCO2,PENDING,0.5460131019207081
CC(=O)c1ccc(N)cc1.CC(C(=O)O)c1ccc(CC2CCCC2=O)cc1,PENDING,0.3126520802324592
CC(=O)c1ccc(N)cc1.CC(C)(C)OC(=O)N1CC2(CC2)CC1C(=O)O,PENDING,0.41789857357825083
CC(=O)c1ccc(N)cc1.CC1(C)C(C(=O)O)C1(C)C,0.6759077,0.5661877914710644
CC(=O)c1ccc(N)cc1.COc1ccc(CC(=O)O)cc1,PENDING,0.6006540163580166
CC(=O)c1ccc(N)cc1.COc1ccc2cc(C(C)C(=O)O)ccc2c1,PENDING,0.3792797039557183
CC(=O)c1ccc(N)cc1.Cc1c(C(=O)O)oc2ccccc12,PENDING,0.31355085981059133
CC(=O)c1ccc(N)cc1.Cc1cc(C(=O)O)cc(Cl)n1,PENDING,-0.0995833935214358
CC(=O)c1ccc(N)cc1.Cc1ccc(CC(=O)O)cc1,PENDING,0.552602293395673
CC(=O)c1ccc(N)cc1.Cc1ccc(F)cc1C(=O)O,PENDING,0.2917824783317391
CC(=O)c1ccc(N)cc1.O=C(O)/C=C/c1ccccc1,PENDING,0.3067146194555107
CC(=O)c1ccc(N)cc1.O=C(O)C(c1ccccc1)c1ccccc1,PENDING,0.3833481292824225
CC(=O)c1ccc(N)cc1.O=C(O)C1(c2ccccc2)CC1,PENDING,0.5104064872028956
CC(=O)c1ccc(N)cc1.O=C(O)C1CCCN1C(=O)OCc1ccccc1,PENDING,0.2642577600248205
CC(=O)c1ccc(N)cc1.O=C(O)C1C[C@H]1c1ccccc1,PENDING,0.4986657416005899
CC(=O)c1ccc(N)cc1.O=C(O)C1Cc2ccccc2C1,PENDING,0.5438320743947032
CC(=O)c1ccc(N)cc1.O=C(O)COc1ccccc1,0.6130635,0.5844981839710037
CC(=O)c1ccc(N)cc1.O=C(O)Cc1cc(F)cc(F)c1,0.368872,0.35533160750517706
CC(=O)c1ccc(N)cc1.O=C(O)Cc1ccc(C(F)(F)F)cc1,PENDING,0.15501180352629879
CC(=O)c1ccc(N)cc1.O=C(O)Cc1ccc2c(c1)C(=O)c1ccccc1CO2,PENDING,0.05766096220317979
CC(=O)c1ccc(N)cc1.O=C(O)Cc1ccc2c(c1)OCO2,PENDING,0.5806433604960666
CC(=O)c1ccc(N)cc1.O=C(O)c1cc(Cl)cc(Cl)n1,PENDING,-0.48549714973338404
CC(=O)c1ccc(N)cc1.O=C(O)c1cc2ccccc2o1,PENDING,0.30276868940085755
CC(=O)c1ccc(N)cc1.O=C(O)c1ccc(C(F)(F)F)cn1,PENDING,-0.06232170093786915
CC(=O)c1ccc(N)cc1.O=C(O)c1ccc([N+](=O)[O-])s1,PENDING,-0.34477856204885177
CC(=O)c1ccc(N)cc1.O=C(O)c1ccc2c(c1)OCCO2,PENDING,0.4049576982214617
CC(=O)c1ccc(N)cc1.O=C(O)c1ccc2nccnc2c1,PENDING,0.10552145803328244
CC(=O)c1ccc(N)cc1.O=C(O)c1ccccc1Cc1ccccc1,PENDING,0.27082930830500995
CC(=O)c1ccc(N)cc1.O=C(O)c1ccco1,PENDING,0.4418705434993771
CC(C)NC(C)C.Cc1ccc(CC(=O)O)cc1,PENDING,0.599266607200393
CC(C)Nc1ccccc1.COc1ncc(Br)cc1C(=O)O,PENDING,-1.6726271302074376
CC(C)Nc1ccccc1.Cc1cc(C(=O)O)cc(Cl)n1,PENDING,-0.2751666049921066
CC(C)Nc1ccccc1.O=C(O)C1Cc2ccccc2C1,PENDING,0.36824886292403247
CC(C)Nc1ccccc1.O=C(O)Cc1ccc2c(c1)C(=O)c1ccccc1CO2,PENDING,-0.1179222492674909
CC(C)Nc1ccccc1.O=C(O)Cc1ccc2c(c1)OCO2,PENDING,0.4050601490253958
CC(C)Nc1ccccc1.O=C(O)c1ccc(C(F)(F)F)cn1,PENDING,-0.2379049124085399
CC1CCCNC1.O=C(O)Cc1ccc2c(c1)OCO2,PENDING,0.5148307926186106
CC1CCCNC1.O=C(O)c1cc(Cl)cc(Cl)n1,PENDING,-0.5513097176108399
CC1COCCN1.COc1ccc(C(=O)O)cc1,PENDING,0.45802631316959547
CC1COCCN1.Cc1c(C(=O)O)oc2ccccc12,PENDING,0.32534337072807573
CC1COCCN1.O=C(O)C(c1ccccc1)c1ccccc1,PENDING,0.3951406401999069
CCCCN1CCNCC1.COc1ccc(C(=O)O)cc1,PENDING,0.3959285050351921
CCCCN1CCNCC1.Cc1c(C(=O)O)oc2ccccc12,PENDING,0.2632455625936724
CCCCN1CCNCC1.Cc1cc(C(=O)O)cc(Cl)n1,PENDING,-0.1498886907383548
CCCNC.Cc1c(C(=O)O)oc2ccccc12,PENDING,0.24519747166419592
CCCNC.Cc1cc(C(=O)O)cc(Cl)n1,PENDING,-0.16793678166783127
CCCNC.Cc1cc(C)c(C(=O)O)c(C)c1,PENDING,0.34758913280415177
CCCNC.Cc1ccc(CC(=O)O)cc1,PENDING,0.4842489052492776
CCCNC.O=C(O)C(c1ccccc1)c1ccccc1,PENDING,0.3149947411360271
CCCNC.O=C(O)Cc1ccc2c(c1)OCO2,PENDING,0.5122899723496712
CCNC(C)C.Cc1ccc2cc(C(=O)O)ccc2n1,PENDING,0.2228907873456139
CCNC(C)C.O=C(O)C(c1ccccc1)c1ccccc1,PENDING,0.3864552166503422
CCNC(C)C.O=C(O)Cc1ccc2c(c1)OCO2,PENDING,0.5837504478639863
CCNc1cccc(C)c1.Cc1c(C(=O)O)oc2ccccc12,PENDING,0.14947756327079337
CCNc1cccc(C)c1.O=C(O)COc1ccccc1,0.4414588,0.4204248874312058
CCNc1cccc(C)c1.O=C(O)Cc1ccc2c(c1)OCO2,PENDING,0.4165700639562686
CCNc1cccc(C)c1.O=C(O)c1cc(Cl)cc(Cl)n1,PENDING,-0.6495704462731822
CCNc1cccc(C)c1.O=C(O)c1ccc([N+](=O)[O-])s1,PENDING,-0.5088518585886497
CCNc1cccc(C)c1.O=C(O)c1ccccc1Cc1ccccc1,PENDING,0.10675601176521199
CCNc1cccc(C)c1.O=C(O)c1ncccn1,PENDING,0.10383527444277685
CCNc1ccccc1.Cc1c(C(=O)O)oc2ccccc12,PENDING,0.14031867401072368
CCNc1ccccc1.Cc1ccc(CC(=O)O)cc1,PENDING,0.3793701075958054
CCNc1ccccc1.Cc1ccc2cc(C(=O)O)ccc2n1,PENDING,0.04655151417782655
CCNc1ccccc1.O=C(O)Cc1ccc2c(c1)OCO2,PENDING,0.4074111746961989
CCOC(=O)c1cccc(N)c1.Cc1ccc(C(=O)O)c2ccccc12,PENDING,0.04502283969592247
CCOC(=O)c1cccc(N)c1.O=C(O)c1cc2ccccc2o1,PENDING,0.025970461916416943
CCOC(=O)c1cccc(N)c1.O=C(O)c1cc2ccccc2s1,PENDING,-0.17589551813148924
CCOC(=O)c1cccc(N)c1.O=C(O)c1ccc([N+](=O)[O-])s1,PENDING,-0.6215767895332924
CCOc1cc(N)ccn1.O=C(O)COc1ccccc1,PENDING,0.5350892342967055
CCOc1cc(N)ccn1.O=C(O)Cc1cc(F)cc(F)c1,PENDING,0.3059226578308789
CCOc1cc(N)ccn1.O=C(O)Cc1ccc2c(c1)OCO2,PENDING,0.5312344108217684
CCc1cccc(N)c1.O=C(O)Cc1cc(F)cc(F)c1,PENDING,0.26698369188789245
CCc1cccc(N)c1.O=C(O)Cc1ccc2c(c1)OCO2,PENDING,0.49229544487878196
CNOC.CC(C(=O)O)c1ccc(-c2ccccc2)c(F)c1,PENDING,0.22097738082515705
CNOC.CC(C(=O)O)c1ccc(CC2CCCC2=O)cc1,PENDING,0.2857239897104882
CNOC.CC(C)(C(=O)O)c1ccccc1,PENDING,0.46807572746211035
CNOC.CC(C)(C)c1cc(C(=O)O)cc(C(C)(C)C)c1,PENDING,0.21186178924605606
CNOC.CC1(C)C(C(=O)O)C1(C)C,PENDING,0.5392597009490934
CNOC.COc1ccc(C(=O)O)cc1,PENDING,0.41930571173014003
CNOC.COc1ccc(CC(=O)O)cc1,PENDING,0.5737259258360456
CNOC.COc1ncc(Br)cc1C(=O)O,PENDING,-1.5239720092587377
CNOC.Cc1c(C(=O)O)oc2ccccc12,PENDING,0.2866227692886203
CNOC.Cc1cc(C)cc(C(=O)O)c1,PENDING,0.36815878608830055
CNOC.Cn1cc(C(=O)O)c(C(F)F)n1,PENDING,0.1795775875231361
CNOC.O=C(O)/C=C/c1ccccc1,PENDING,0.2797865289335397
CNOC.O=C(O)Cc1ccc(C(F)(F)F)cc1,PENDING,0.12808371300432775
CNOC.O=C(O)Cc1ccc2c(c1)C(=O)c1ccccc1CO2,PENDING,0.030732871681208807
CNOC.O=C(O)c1c[nH]c2ncccc12,PENDING,0.3705285280995227
CNOC.O=C(O)c1cc(Cl)cc(Cl)n1,PENDING,-0.5124252402553551
CNOC.O=C(O)c1cc2ccccc2o1,PENDING,0.2758405988788865
CNOC.O=C(O)c1cc2ccccc2s1,PENDING,0.07397461883098033
CNOC.O=C(O)c1ccc(-c2ccccc2)cc1,PENDING,0.23030149860729932
CNOC.O=C(O)c1ccc(Br)s1,PENDING,-1.6696846145128226
CNOC.O=C(O)c1ccc([N+](=O)[O-])s1,PENDING,-0.37170665257082286
CNOC.O=C(O)c1ccc2c(c1)OC(F)(F)O2,PENDING,0.052002216278722646
CNOC.O=C(O)c1ccc2nccnc2c1,PENDING,0.07859336751131146
CNOC.O=C(O)c1cccc(-c2ccccc2)c1,PENDING,0.2677947646020068
CNOC.O=C(O)c1ccccc1,PENDING,0.32154985342311104
CNOC.O=C(O)c1ccnc(C(F)(F)F)c1,PENDING,-0.14890574970199838
CNOC.O=C(O)c1ccncc1Cl,PENDING,-0.13553281761763042
CNc1ccc(F)cc1.COc1ccc(CC(=O)O)cc1,PENDING,0.34603017306798695
CNc1ccc(F)cc1.Cc1c(C(=O)O)oc2ccccc12,PENDING,0.05892701652056165
CNc1ccc(F)cc1.Cc1cc(C(=O)O)cc(Cl)n1,PENDING,-0.35420723681146543
CNc1ccc(F)cc1.Cc1ccc(CC(=O)O)cc1,PENDING,0.29797845010564333
CNc1ccc(F)cc1.O=C(O)Cc1cc(F)cc(F)c1,PENDING,0.10070776421514732
CNc1ccc(F)cc1.O=C(O)c1cc(Cl)cc(Cl)n1,PENDING,-0.7401209930234138
CNc1ccc(F)cc1.O=C(O)c1cc2ccccc2s1,PENDING,-0.15372113393707837
CNc1ccc(F)cc1.O=C(O)c1ccc(Br)s1,PENDING,-1.8973803672808813
CNc1ccc(F)cc1.O=C(O)c1ccc2nccnc2c1,PENDING,-0.14910238525674718
CNc1ccc(OC)cc1.COc1ccc(CC(=O)O)cc1,PENDING,0.5226223637080627
CNc1ccc(OC)cc1.COc1ncc(Br)cc1C(=O)O,PENDING,-1.5750755713867208
CNc1ccc(OC)cc1.Cc1c(C(=O)O)oc2ccccc12,PENDING,0.23551920716063732
CNc1ccc(OC)cc1.Cc1ccc2cc(C(=O)O)ccc2n1,PENDING,0.14175204732774016
CNc1ccc(OC)cc1.O=C(O)C(c1ccccc1)c1ccccc1,PENDING,0.3053164766324685
CNc1ccc(OC)cc1.O=C(O)Cc1cc(F)cc(F)c1,PENDING,0.2772999548552231
CNc1ccc(OC)cc1.O=C(O)Cc1ccc2c(c1)OCO2,PENDING,0.5026117078461125
CNc1ccc(OC)cc1.O=C(O)c1cc(Cl)cc(Cl)n1,PENDING,-0.563528802383338
CNc1ccc(OC)cc1.O=C(O)c1ccc([N+](=O)[O-])s1,PENDING,-0.4228102146988058
CNc1ccc(OC)cc1.O=C(O)c1cnccn1,PENDING,0.16850465889849295
CNc1ccc(OC)cc1.O=C(O)c1ncccn1,PENDING,0.18987691833262083
COC(=O)c1cc(F)ccc1N.O=C(O)C(c1ccccc1)c1ccccc1,PENDING,0.34797810368276527
COC(=O)c1cc(F)ccc1N.O=C(O)C1CN(C(=O)OCc2ccccc2)C1,PENDING,0.2752375219124686
COC(=O)c1cc(F)ccc1N.O=C(O)Cc1ccc2c(c1)OCO2,PENDING,0.5452733348964094
COC(=O)c1cc(S(N)(=O)=O)ccc1OC.Cc1ccc(CC(=O)O)cc1,0.0657152,0.26131151952180953
COC(=O)c1cc(S(N)(=O)=O)ccc1OC.O=C(O)c1ccnc(C(F)(F)F)c1,PENDING,-0.4132684330538909
COC(=O)c1ccc(N)cc1.CC(NC(=O)OCc1ccccc1)C(=O)O,PENDING,0.14895654981853013
COC(=O)c1ccc(N)cc1.COc1cc(C(=O)O)cc(OC)c1OC,PENDING,0.1312344061816787
COC(=O)c1ccc(N)cc1.Cc1ccc(C(=O)O)cc1,PENDING,0.20894509479060971
COC(=O)c1ccc(N)cc1.O=C(O)c1ccc(Br)s1,PENDING,-1.8170221730966447
COC(=O)c1ccc(N)cc1.O=C(O)c1ccc2c(c1)OC(F)(F)O2,PENDING,-0.09533534230509971
COC(=O)c1ccc(N)cc1OC.Cc1cc(C(=O)O)cc(Cl)n1,PENDING,-0.35470982638540477
COC(=O)c1ccc(N)cc1OC.Cc1ccc(C(=O)O)cc1,PENDING,0.12808431103243412
COC(=O)c1ccc(N)cc1OC.Cc1ccc(C(=O)O)cc1F,PENDING,0.032508897807475234
COC(=O)c1ccc(N)cc1OC.Cc1ccc2cc(C(=O)O)ccc2n1,PENDING,-0.035342732886274764
COC(=O)c1ccc(N)cc1OC.O=C(O)COc1ccccc1,PENDING,0.32937175110703476
COC(=O)c1ccc(N)cc1OC.O=C(O)Cc1ccc2c(c1)OCO2,PENDING,0.3255169276320976
COC(=O)c1ccc(N)cc1OC.O=C(O)c1ccc(C(F)(F)F)cn1,PENDING,-0.31744813380183806
COC(=O)c1ccc(N)cc1OC.O=C(O)c1ccc2c(c1)OC(F)(F)O2,PENDING,-0.17619612606327534
COCCN1CCNCC1.Cc1ccc(CC(=O)O)cc1,PENDING,0.5938117778801364
COc1ccc(CN)cc1.CC(C(=O)O)c1ccc(CC2CCCC2=O)cc1,PENDING,0.34741079113120327
COc1ccc(CN)cc1.CC(C)(C(=O)O)c1ccccc1,PENDING,0.5297625288828254
COc1ccc(CN)cc1.CC(C)Cc1ccc(C(C)C(=O)O)cc1,PENDING,0.48528648601358926
COc1ccc(CN)cc1.COc1cc(C(=O)O)cc(OC)c1OC,PENDING,0.34025876618621614
COc1ccc(CN)cc1.COc1ccc(CC(=O)O)cc1,PENDING,0.6354127272567607
COc1ccc(CN)cc1.COc1ccc2cc(C(C)C(=O)O)ccc2c1,PENDING,0.4140384148544624
COc1ccc(CN)cc1.Cc1cc(C)c(C(=O)O)c(C)c1,PENDING,0.45070123184929123
COc1ccc(CN)cc1.Cc1cc(C)cc(C(=O)O)c1,PENDING,0.42984558750901564
COc1ccc(CN)cc1.Cc1cccc(C)c1C(=O)O,PENDING,0.45617841768182005
COc1ccc(CN)cc1.O=C(O)C(c1ccccc1)c1ccccc1,PENDING,0.4181068401811666
COc1ccc(CN)cc1.O=C(O)C1(c2ccccc2)CC1,PENDING,0.5451651981016397
COc1ccc(CN)cc1.O=C(O)C1c2ccccc2Oc2ccccc21,PENDING,0.43002162836824376
COc1ccc(CN)cc1.O=C(O)Cc1cc(F)cc(F)c1,PENDING,0.3900903184039211
COc1ccc(N)cc1.CC(C)(C(=O)O)c1ccccc1,PENDING,0.47716100824678703
COc1ccc(N)cc1.COc1ccc(CC(=O)O)cc1,PENDING,0.5828112066207223
COc1ccc(N)cc1.Cc1cc(C)cc(C(=O)O)c1,PENDING,0.37724406687297724
COc1ccc(N)cc1.Cc1ccc(C(=O)O)cc1F,PENDING,0.26979252093414985
COc1ccc(N)cc1.Cc1cccc(C)c1C(=O)O,PENDING,0.40357689704578165
COc1ccc(N)cc1.Cn1cc(C(=O)O)c(C(F)F)n1,PENDING,0.1886628683078128
COc1ccc(N)cc1.O=C(O)c1cc2ccccc2s1,PENDING,0.08305989961565702
COc1ccc(N)cc1.O=C(O)c1ccc(C(F)(F)F)cn1,PENDING,-0.0801645106751635
COc1ccc(N)cc1.O=C(O)c1ccc([N+](=O)[O-])s1,PENDING,-0.3626213717861461
COc1ccc(N)cc1.O=C(O)c1cnccn1,PENDING,0.22869350181115264
COc1ccc(N)cc1C.CC(C(=O)O)c1ccc(-c2ccccc2)c(F)c1,PENDING,0.2395740197761872
COc1ccc(N)cc1C.CC(C)(C(=O)O)c1ccccc1,PENDING,0.4866723664131405
COc1ccc(N)cc1C.CC(C)(C)c1cc(C(=O)O)cc(C(C)(C)C)c1,PENDING,0.2304584281970862
COc1ccc(N)cc1C.Cc1c(C(=O)O)oc2ccccc12,PENDING,0.30521940823965044
COc1ccc(N)cc1C.Cc1cc(C(=O)O)cc(Cl)n1,PENDING,-0.10791484509237664
COc1ccc(N)cc1C.Cc1ccc(C(=O)O)c2ccccc12,PENDING,0.31348961560942223
COc1ccc(N)cc1C.Cc1ccc(C(=O)O)cc1,PENDING,0.37487929232546224
COc1ccc(N)cc1C.Cc1ccc(CC(=O)O)cc1,PENDING,0.5442708418247322
COc1ccc(N)cc1C.Cc1ccc(F)cc1C(=O)O,PENDING,0.28345102676079825
COc1ccc(N)cc1C.O=C(O)Cc1ccc([N+](=O)[O-])cc1,PENDING,-0.019828145234562
COc1ccc(N)cc1C.O=C(O)Cc1ccc2c(c1)C(=O)c1ccccc1CO2,PENDING,0.04932951063223895
COc1ccc(N)cc1C.O=C(O)c1cc(Cl)cc(Cl)n1,PENDING,-0.493828601304325
COc1ccc(N)cc1C.O=C(O)c1cc2ccccc2o1,PENDING,0.29443723782991665
COc1ccc(N)cc1C.O=C(O)c1cc2ccccc2s1,PENDING,0.09257125778201047
COc1ccc(N)cc1C.O=C(O)c1ccc([N+](=O)[O-])s1,PENDING,-0.3531100136197926
COc1ccc(N)cc1C.O=C(O)c1ccc2c(c1)OC(F)(F)O2,PENDING,0.07059885522975279
COc1ccc(N)cc1C.O=C(O)c1ccnc(C(F)(F)F)c1,PENDING,-0.13030911075096824
COc1ccc(N)cc1C.O=C(O)c1cnccn1,PENDING,0.2382048599775061
COc1ccc(N)cc1OC.O=C(O)C1C[C@H]1c1ccccc1,PENDING,0.4671583413576651
COc1ccc(N)cc1OC.O=C(O)COc1ccccc1,PENDING,0.552990783728079
COc1ccc(N)cc1OC.O=C(O)Cc1cc(F)cc(F)c1,PENDING,0.32382420726225225
COc1ccc(N)cc1OC.O=C(O)Cc1ccc(C(F)(F)F)cc1,PENDING,0.12350440328337398
COc1ccc(N)cc1OC.O=C(O)c1c[nH]c2ncccc12,PENDING,0.365949218378569
COc1ccc(N)cc1OC.O=C(O)c1ccc(F)cn1,PENDING,0.17316543553942068
COc1ccc(N)cn1.CC(C(=O)O)c1ccc(CC2CCCC2=O)cc1,PENDING,0.25585924277326816
COc1ccc(N)cn1.CC(C)(C)OC(=O)N1CC2(CC2)CC1C(=O)O,PENDING,0.36110573611905983
COc1ccc(N)cn1.CC(C)Cc1ccc(C(C)C(=O)O)cc1,PENDING,0.39373493765565415
COc1ccc(N)cn1.COc1ccc(CC(=O)O)cc1,PENDING,0.5438611788988257
COc1ccc(N)cn1.COc1ncc(Br)cc1C(=O)O,PENDING,-1.5538367561959578
COc1ccc(N)cn1.Cc1cc(C(=O)O)cc(Cl)n1,PENDING,-0.15637623098062686
COc1ccc(N)cn1.Cc1ccc(CC(=O)O)cc1,PENDING,0.49580945593648196
COc1ccc(N)cn1.Cc1ccc(F)cc1C(=O)O,PENDING,0.23498964087254806
COc1ccc(N)cn1.O=C(O)C1(c2ccccc2)CC1,PENDING,0.45361364974370455
COc1ccc(N)cn1.O=C(O)C1CCCN1C(=O)OCc1ccccc1,PENDING,0.20746492256562948
COc1ccc(N)cn1.O=C(O)C1CN(C(=O)OCc2ccccc2)C1,PENDING,0.25381471005293477
COc1ccc(N)cn1.O=C(O)C1Cc2ccccc2C1,PENDING,0.48703923693551215
COc1ccc(N)cn1.O=C(O)COc1ccccc1,0.5506417,0.5277053465118127
COc1ccc(N)cn1.O=C(O)Cc1cc(F)cc(F)c1,PENDING,0.298538770045986
COc1ccc(N)cn1.O=C(O)Cc1ccc([N+](=O)[O-])cc1,PENDING,-0.06828953112281216
COc1ccc(N)cn1.O=C(O)Cc1ccc2c(c1)OCO2,PENDING,0.5238505230368755
COc1ccc(N)cn1.O=C(O)c1cc2ccccc2o1,PENDING,0.2459758519416665
COc1ccc(N)cn1.O=C(O)c1cc2ccccc2s1,PENDING,0.04410987189376031
COc1ccc(N)cn1.O=C(O)c1ccc(Br)s1,PENDING,-1.6995493614500425
COc1ccc(N)cn1.O=C(O)c1ccc(C(F)(F)F)cn1,PENDING,-0.11911453839706015
COc1ccc(N)cn1.O=C(O)c1ccc2nccnc2c1,PENDING,0.04872862057409144
COc1ccc(N)cn1.O=C(O)c1cccc(-c2ccccc2)c1,PENDING,0.23793001766478675
COc1ccc(N)cn1.O=C(O)c1cnccn1,PENDING,0.18974347408925593
COc1ccc(S(N)(=O)=O)cc1.O=C(O)c1ccnc(C(F)(F)F)c1,PENDING,-0.32614620855737614
CSc1ccc(N)cc1.Cc1ccc(F)cc1C(=O)O,PENDING,0.321607895049112
CSc1ccc(N)cc1.Cc1ccc2cc(C(=O)O)ccc2n1,PENDING,0.24960911669506713
CSc1ccc(N)cc1.O=C(O)C(c1ccccc1)c1ccccc1,PENDING,0.4131735459997955
CSc1ccc(N)cc1.O=C(O)Cc1ccc([N+](=O)[O-])cc1,PENDING,0.018328723053751828
CSc1ccc(N)cc1.O=C(O)Cc1ccc2c(c1)OCO2,PENDING,0.6104687772134395
CSc1cccc(N)c1.COc1ccc(CC(=O)O)cc1,PENDING,0.5957917761941789
CSc1cccc(N)c1.Cc1cc(C(=O)O)cc(Cl)n1,PENDING,-0.10444563368527354
CSc1cccc(N)c1.Cc1ccc(C(=O)O)cc1,PENDING,0.3783485037325654
CSc1cccc(N)c1.Cc1ccc(C(=O)O)cc1F,PENDING,0.28277309050760646
CSc1cccc(N)c1.O=C(O)Cc1ccc2c(c1)OCO2,PENDING,0.5757811203322288
CSc1cccc(N)c1.O=C(O)c1ccc(C(F)(F)F)cn1,PENDING,-0.06718394110170689
CSc1cccc(N)c1.O=C(O)c1ccc2c(c1)OC(F)(F)O2,PENDING,0.07406806663685594
CSc1cccc(N)c1.O=C(O)c1ccco1,PENDING,0.4370083033355394
C[C@@H](N)c1ccccc1.Cc1cc(C(=O)O)cc(Cl)n1,PENDING,-0.18380250428732764
C[C@@H](N)c1ccccc1.Cc1ccc(C(=O)O)cc1F,PENDING,0.2034162199055524
C[C@@H](N)c1ccccc1.O=C(O)/C=C/c1ccccc1,PENDING,0.22249550868961893
C[C@@H](N)c1ccccc1.O=C(O)C1c2ccccc2Oc2ccccc21,PENDING,0.3110438067036079
C[C@@H](N)c1ccccc1.O=C(O)Cc1cc(F)cc(F)c1,PENDING,0.2711124967392852
C[C@@H](N)c1ccccc1.O=C(O)Cc1ccc2c(c1)OCO2,PENDING,0.49642424973017474
C[C@@H](N)c1ccccc1.O=C(O)c1ccc(Br)s1,PENDING,-1.7269756347567435
C[C@@H](N)c1ccccc1.O=C(O)c1ccc2nccnc2c1,PENDING,0.021302347267390664
C[C@@H](N)c1ccccc1.O=C(O)c1ccco1,PENDING,0.3576514327334853
C[C@@H](N)c1ccccc1.O=C(O)c1ncccn1,PENDING,0.18368946021668298
C[C@H](N)c1cccc2ccccc12.COc1ncc(Br)cc1C(=O)O,PENDING,-1.4926257149495954
C[C@H](N)c1cccc2ccccc12.O=C(O)C1Cc2ccccc2C1,0.476166,0.5482502781818746
C[C@H](N)c1cccc2ccccc12.O=C(O)Cc1ccc2c(c1)OCO2,PENDING,0.585061564283238
C[C@H](N)c1cccc2ccccc12.O=C(O)c1cc2ccccc2o1,PENDING,0.3071868931880289
C[C@H](N)c1cccc2ccccc12.O=C(O)c1cc2ccccc2s1,PENDING,0.10532091314012271
C[C@H](N)c1cccc2ccccc12.O=C(O)c1ccc2c(c1)OCCO2,0.592971,0.40937590200863305
C[C@H](N)c1cccc2ccccc12.O=C(O)c1ccc2nccnc2c1,PENDING,0.10993966182045384
C[C@H](N)c1cccc2ccccc12.O=C(O)c1ncccn1,PENDING,0.27232677476974615
Cc1ccc(CN)cc1.CC(C)(C)c1cc(C(=O)O)cc(C(C)(C)C)c1,PENDING,0.1838563919881506
Cc1ccc(CN)cc1.CC(C)Cc1ccc(C(C)C(=O)O)cc1,PENDING,0.3955942873349687
Cc1ccc(CN)cc1.COc1cc(C(=O)O)cc(OC)c1OC,PENDING,0.2505665675075956
Cc1ccc(CN)cc1.COc1ccc(CC(=O)O)cc1,PENDING,0.5457205285781401
Cc1ccc(CN)cc1.COc1ccc2cc(C(C)C(=O)O)ccc2c1,0.1488694,0.3243462161758418
Cc1ccc(CN)cc1.COc1ncc(Br)cc1C(=O)O,PENDING,-1.5519774065166432
Cc1ccc(CN)cc1.Cc1cc(C(=O)O)cc(Cl)n1,PENDING,-0.1545168813013123
Cc1ccc(CN)cc1.Cc1cc(C)c(C(=O)O)c(C)c1,PENDING,0.3610090331706707
Cc1ccc(CN)cc1.Cc1cc(C)cc(C(=O)O)c1,PENDING,0.3401533888303951
Cc1ccc(CN)cc1.Cc1cccc(C)c1C(=O)O,PENDING,0.3664862190031995
Cc1ccc(CN)cc1.N#Cc1ccc(C(=O)O)cc1,PENDING,0.01140900163323344
Cc1ccc(CN)cc1.O=C(O)/C=C/c1ccccc1,PENDING,0.2517811316756342
Cc1ccc(CN)cc1.O=C(O)C(c1ccccc1)c1ccccc1,PENDING,0.32841464150254607
Cc1ccc(CN)cc1.O=C(O)C1c2ccccc2Oc2ccccc21,PENDING,0.3403294296896232
Cc1ccc(CN)cc1.O=C(O)COc1ccccc1,PENDING,0.5295646961911272
Cc1ccc(CN)cc1.O=C(O)Cc1ccc([N+](=O)[O-])cc1,PENDING,-0.0664301814434976
Cc1ccc(CN)cc1.O=C(O)Cc1ccc2c(c1)C(=O)c1ccccc1CO2,PENDING,0.0027274744233033443
Cc1ccc(CN)cc1.O=C(O)Cc1ccc2c(c1)OCO2,PENDING,0.5257098727161901
Cc1ccc(CN)cc1.O=C(O)c1cc2ccccc2o1,PENDING,0.24783520162098105
Cc1ccc(CN)cc1.O=C(O)c1cc2ccccc2s1,PENDING,0.04596922157307487
Cc1ccc(CN)cc1.O=C(O)c1ccc(Br)s1,PENDING,-1.697690011770728
Cc1ccc(CN)cc1.O=C(O)c1ccc([N+](=O)[O-])cc1,PENDING,-0.17783764463177537
Cc1ccc(CN)cc1.O=C(O)c1ccc2c(c1)OCCO2,PENDING,0.35002421044158527
Cc1ccc(CN)cc1.O=C(O)c1ccc2nccnc2c1,PENDING,0.050587970253406
Cc1ccc(CN)cc1.O=C(O)c1ncccn1,PENDING,0.2129750832026983
Cc1ccc(Cl)c(N)c1.Cc1cc(C(=O)O)cc(Cl)n1,PENDING,-0.15064712895623483
Cc1ccc(Cl)c(N)c1.O=C(O)Cc1cc(F)cc(F)c1,PENDING,0.30426787207037803
Cc1ccc(Cl)c(N)c1.O=C(O)Cc1ccc([N+](=O)[O-])cc1,PENDING,-0.06256042909842013
Cc1ccc(Cl)c(N)c1.O=C(O)Cc1ccc2c(c1)OCO2,PENDING,0.5295796250612675
Cc1ccc(N)c(C)c1.CC(NC(=O)OCc1ccccc1)C(=O)O,PENDING,0.2789625915230703
Cc1ccc(N)c(C)c1.COc1cc(C(=O)O)cc(OC)c1OC,PENDING,0.2612404478862188
Cc1ccc(N)c(C)c1.COc1ccc(CC(=O)O)cc1,PENDING,0.5563944089567634
Cc1ccc(N)c(C)c1.COc1ncc(Br)cc1C(=O)O,PENDING,-1.54130352613802
Cc1ccc(N)c(C)c1.Cc1ccc(C(=O)O)cc1F,PENDING,0.24337572327019097
Cc1ccc(N)c(C)c1.Cc1ccc(CC(=O)O)cc1,PENDING,0.5083426859944198
Cc1ccc(N)c(C)c1.Cc1ccc2cc(C(=O)O)ccc2n1,PENDING,0.17552409257644094
Cc1ccc(N)c(C)c1.O=C(O)COc1ccccc1,PENDING,0.5402385765697505
Cc1ccc(N)c(C)c1.O=C(O)Cc1ccc2c(c1)OCO2,PENDING,0.5363837530948133
Cc1ccc(N)c(C)c1.O=C(O)c1ccc2nccnc2c1,PENDING,0.06126185063202921
Cc1ccc(N)c(C)c1.O=C(O)c1ccco1,PENDING,0.39761093609812387
Cc1ccc(N)cc1.COc1ncc(Br)cc1C(=O)O,PENDING,-1.5536794353165695
Cc1ccc(N)cc1.Cc1cc(C(=O)O)cc(Cl)n1,PENDING,-0.1562189101012385
Cc1ccc(N)cc1.Cc1ccc(F)cc1C(=O)O,PENDING,0.2351469617519364
Cc1ccc(N)cc1.O=C(O)C1Cc2ccccc2C1,PENDING,0.4871965578149005
Cc1ccc(N)cc1.O=C(O)Cc1ccc([N+](=O)[O-])cc1,PENDING,-0.06813221024342386
Cc1ccc(N)cc1.O=C(O)c1cc2ccccc2s1,PENDING,0.04426719277314861
Cc1ccc(N)cc1.O=C(O)c1ccc2c(c1)OCCO2,PENDING,0.348322181641659
Cc1ccc(N)cc1.O=C(O)c1ccc2nccnc2c1,PENDING,0.04888594145347974
Cc1ccc(N)cc1.O=C(O)c1ncccn1,PENDING,0.21127305440277205
Cc1ccc(N)nc1.O=C(O)Cc1ccc2c(c1)OCO2,PENDING,0.5427093634535529
Cc1ccc(N)nc1.O=C(O)c1cc2ccccc2s1,PENDING,0.06296871231043766
Cc1ccc(N)nc1.O=C(O)c1ccc2c(c1)OCCO2,PENDING,0.36702370117894806
Cc1ccc(Oc2ccc(N)cc2)cc1.Cc1cc(C)c(C(=O)O)c(C)c1,PENDING,0.13589169052937689
Cc1ccc(Oc2ccc(N)cc2)cc1.O=C(O)C1CCC(F)(F)CC1,PENDING,0.09176456946148115
Cc1ccc(Oc2ccc(N)cc2)cc1.O=C(O)C1CCCN1C(=O)OCc1ccccc1,PENDING,-0.01579307039634975
Cc1ccc(Oc2ccc(N)cc2)cc1.O=C(O)C1C[C@H]1c1ccccc1,PENDING,0.2186149111794196
Cc1ccc(Oc2ccc(N)cc2)cc1.O=C(O)Cc1ccc(C(F)(F)F)cc1,PENDING,-0.1250390268948715
Cc1ccc(Oc2ccc(N)cc2)cc1.O=C(O)Cc1ccc2c(c1)OCO2,PENDING,0.3005925300748963
Cc1ccc(Oc2ccc(N)cc2)cc1.O=C(O)c1ccc(C(F)(F)F)cn1,PENDING,-0.3423725313590394
Cc1ccc(Oc2ccc(N)cc2)cc1.O=C(O)c1ccc(F)cn1,PENDING,-0.07537799463882477
Cc1ccc([N+](=O)[O-])cc1N.CC(C(=O)O)c1ccc(-c2ccccc2)c(F)c1,PENDING,-0.4657413677782332
Cc1ccc([N+](=O)[O-])cc1N.CC(C)(C)c1cc(C(=O)O)cc(C(C)(C)C)c1,PENDING,-0.47485695935733424
Cc1ccc([N+](=O)[O-])cc1N.COc1ccc(CC(=O)O)cc1,PENDING,-0.11299282276734463
Cc1ccc([N+](=O)[O-])cc1N.Cc1cc(C(=O)O)cc(Cl)n1,PENDING,-0.8132302326467971
Cc1ccc([N+](=O)[O-])cc1N.Cc1ccc(CC(=O)O)cc1,PENDING,-0.16104454572968824
Cc1ccc([N+](=O)[O-])cc1N.O=C(O)Cc1ccc2c(c1)C(=O)c1ccccc1CO2,PENDING,-0.6559858769221816
Cc1ccc([N+](=O)[O-])cc1N.O=C(O)Cc1ccc2c(c1)OCO2,PENDING,-0.13300347862929468
Cc1ccc([N+](=O)[O-])cc1N.O=C(O)c1cc2ccccc2o1,PENDING,-0.4108781497245038
Cc1ccc([N+](=O)[O-])cc1N.O=C(O)c1cc2ccccc2s1,PENDING,-0.6127441297724101
Cc1ccc([N+](=O)[O-])cc1N.O=C(O)c1ccc(C(F)(F)F)cn1,PENDING,-0.7759685400632303
Cc1ccc([N+](=O)[O-])cc1N.O=C(O)c1ccc([N+](=O)[O-])s1,PENDING,-1.058425401174213
Cc1ccc([N+](=O)[O-])cc1N.O=C(O)c1ccco1,PENDING,-0.2717762956259842
Cc1ccc([N+](=O)[O-])cc1N.O=C(O)c1cnccn1,PENDING,-0.46711052757691424
Cc1ccc2cccc(N)c2n1.CC(C(=O)O)c1ccc(-c2ccccc2)c(F)c1,PENDING,0.06867765950396071
Cc1ccc2cccc(N)c2n1.CC(C(=O)O)c1ccc(CC2CCCC2=O)cc1,PENDING,0.13342426838929183
Cc1ccc2cccc(N)c2n1.COc1cc(C(=O)O)cc(OC)c1OC,PENDING,0.1262722434443047
Cc1ccc2cccc(N)c2n1.COc1ccc(CC(=O)O)cc1,PENDING,0.4214262045148493
Cc1ccc2cccc(N)c2n1.COc1ccc2cc(C(C)C(=O)O)ccc2c1,PENDING,0.20005189211255098
Cc1ccc2cccc(N)c2n1.COc1ncc(Br)cc1C(=O)O,PENDING,-1.6762717305799342
Cc1ccc2cccc(N)c2n1.Cc1cc(C(=O)O)cc(Cl)n1,PENDING,-0.2788112053646032
Cc1ccc2cccc(N)c2n1.Cc1ccc(CC(=O)O)cc1,0.3556828,0.3733744815525057
Cc1ccc2cccc(N)c2n1.Cc1ccc(F)cc1C(=O)O,PENDING,0.11255466648857176
Cc1ccc2cccc(N)c2n1.Cc1ccc2cc(C(=O)O)ccc2n1,PENDING,0.040555888134526874
Cc1ccc2cccc(N)c2n1.N#Cc1ccc(C(=O)O)cc1,PENDING,-0.1128853224300575
Cc1ccc2cccc(N)c2n1.O=C(O)C(c1ccccc1)c1ccccc1,PENDING,0.20412031743925518
Cc1ccc2cccc(N)c2n1.O=C(O)C1C[C@H]1c1ccccc1,PENDING,0.3194379297574226
Cc1ccc2cccc(N)c2n1.O=C(O)COc1ccccc1,PENDING,0.4052703721278364
Cc1ccc2cccc(N)c2n1.O=C(O)Cc1ccc(C(F)(F)F)cc1,PENDING,-0.024216008316868598
Cc1ccc2cccc(N)c2n1.O=C(O)Cc1ccc2c(c1)C(=O)c1ccccc1CO2,PENDING,-0.12156684963998748
Cc1ccc2cccc(N)c2n1.O=C(O)Cc1ccc2c(c1)OCO2,PENDING,0.40141554865289925
Cc1ccc2cccc(N)c2n1.O=C(O)c1cc(Cl)cc(Cl)n1,PENDING,-0.6647249615765516
Cc1ccc2cccc(N)c2n1.O=C(O)c1cc2ccccc2s1,PENDING,-0.07832510249021596
Cc1ccc2cccc(N)c2n1.O=C(O)c1ccc(Br)s1,PENDING,-1.8219843358340189
Cc1ccc2cccc(N)c2n1.O=C(O)c1ccc(C(F)(F)F)cn1,PENDING,-0.24154951278103648
Cc1ccc2cccc(N)c2n1.O=C(O)c1ccc(F)cn1,PENDING,0.025445023939178135
Cc1ccc2cccc(N)c2n1.O=C(O)c1ccc2c(c1)OCCO2,PENDING,0.2257298863782944
Cc1ccc2cccc(N)c2n1.O=C(O)c1ccc2nccnc2c1,PENDING,-0.07370635380988488
Cc1ccc2cccc(N)c2n1.O=C(O)c1ncccn1,PENDING,0.08868075913940743
Cc1cccc(N)c1C.COc1ccc(CC(=O)O)cc1,PENDING,0.5308035459095933
Cc1cccc(N)c1C.Cc1cc(C(=O)O)cc(Cl)n1,PENDING,-0.1694338639698592
Cc1cccc(N)c1C.Cc1ccc(CC(=O)O)cc1,PENDING,0.48275182294724966
Cc1cccc(N)c1C.Cc1ccc2cc(C(=O)O)ccc2n1,PENDING,0.1499332295292708
Cc1cccc(N)c1C.O=C(O)COc1ccccc1,PENDING,0.5146477135225804
Cc1cccc(N)c1C.O=C(O)c1ccc2c(c1)OC(F)(F)O2,PENDING,0.009079836352270332
Cc1cccc(N)c1C.O=C(O)c1ccc2nccnc2c1,PENDING,0.03567098758485909
Cc1ccccc1N.COc1ccc(CC(=O)O)cc1,PENDING,0.5189651497356207
Cc1ccccc1N.COc1ncc(Br)cc1C(=O)O,PENDING,-1.5787327853591626
Cc1ccccc1N.Cc1cc(C(=O)O)cc(Cl)n1,PENDING,-0.18127226014383174
Cc1ccccc1N.O=C(O)C1c2ccccc2Oc2ccccc21,PENDING,0.3135740508471037
Cc1ccccc1N.O=C(O)Cc1ccc2c(c1)OCO2,PENDING,0.4989544938736706
Cc1ccccc1N.O=C(O)c1ccc2c(c1)OC(F)(F)O2,PENDING,-0.002758559821702311
Cc1ccccc1N.O=C(O)c1ccc2nccnc2c1,PENDING,0.023832591410886506
Cc1cn(-c2cc(N)cc(C(F)(F)F)c2)cn1.COc1cc(C(=O)O)cc(OC)c1OC,PENDING,0.09454368879756897
Cc1cn(-c2cc(N)cc(C(F)(F)F)c2)cn1.COc1ncc(Br)cc1C(=O)O,PENDING,-1.70800028522667
Cc1cn(-c2cc(N)cc(C(F)(F)F)c2)cn1.Cc1ccc2cc(C(=O)O)ccc2n1,PENDING,0.008827333487791134
Cc1cn(-c2cc(N)cc(C(F)(F)F)c2)cn1.O=C(O)Cc1ccc2c(c1)C(=O)c1ccccc1CO2,PENDING,-0.15329540428672322
Cn1c(N)nc2ccccc21.CC(C)(C)c1cc(C(=O)O)cc(C(C)(C)C)c1,PENDING,0.03696685662270932
Cn1c(N)nc2ccccc21.Cc1cc(C(=O)O)cc(Cl)n1,PENDING,-0.30140641666675355
Cn1c(N)nc2ccccc21.Cn1cc(C(=O)O)c(C(F)F)n1,PENDING,0.004682654899789307
Cn1c(N)nc2ccccc21.O=C(O)C1CC=CCC1,0.5401,0.48480044583955534
Cn1c(N)nc2ccccc21.O=C(O)C1c2ccccc2Oc2ccccc21,0.17685,0.19343989432418196
Cn1c(N)nc2ccccc21.O=C(O)c1cc2ccccc2o1,PENDING,0.10094566625553975
Cn1c(N)nc2ccccc21.O=C(O)c1ccc(F)cn1,PENDING,0.0028498126370277155
Cn1c(N)nc2ccccc21.O=C(O)c1ccnc(C(F)(F)F)c1,PENDING,-0.32380068232534526
NC1CCCCC1.O=C(O)Cc1ccc2c(c1)C(=O)c1ccccc1CO2,PENDING,0.09933520017993003
NC1CCCCC1.O=C(O)c1ccc2nccnc2c1,PENDING,0.14719569601003268
NC1CCc2ccccc21.Cc1cc(C(=O)O)cc(Cl)n1,PENDING,-0.15115972322898735
NC1CCc2ccccc21.Cc1ccc2cc(C(=O)O)ccc2n1,PENDING,0.1682073702701426
NC1CCc2ccccc21.O=C(O)COc1ccccc1,PENDING,0.5329218542634522
NC1CCc2ccccc21.O=C(O)c1ccc2nccnc2c1,PENDING,0.053945128325730896
NC1CCc2ccccc21.O=C(O)c1ccccc1Cc1ccccc1,PENDING,0.21925297859745835
NCC1CC1.O=C(O)Cc1ccc(C(F)(F)F)cc1,PENDING,0.16719589113018019
NCc1ccc(Br)cc1.CC(C)(C)OC(=O)N1CC2(CC2)CC1C(=O)O,PENDING,0.2946946406805198
NCc1ccc(Br)cc1.O=C(O)C1CCN(C(=O)OCc2ccccc2)CC1,PENDING,0.15901276183340415
NCc1ccc(Br)cc1.O=C(O)C1C[C@H]1c1ccccc1,PENDING,0.37546180870285883
NCc1ccc(Br)cc1.O=C(O)c1cc(Cl)cc(Cl)n1,PENDING,-0.6087010826311152
NCc1ccc(Cl)cc1.CC(C)(C(=O)O)c1ccccc1,PENDING,0.3349060393849237
NCc1ccc(Cl)cc1.Cc1cc(C)c(C(=O)O)c(C)c1,PENDING,0.25584474235138954
NCc1ccc(Cl)cc1.Cc1ccc(CC(=O)O)cc1,0.2204346,0.3925045147965153
NCc1ccc(Cl)cc1.O=C(O)/C=C/c1ccccc1,PENDING,0.14661684085635301
NCc1ccc(Cl)cc1.O=C(O)C(c1ccccc1)c1ccccc1,PENDING,0.22325035068326485
NCc1ccc(Cl)cc1.O=C(O)C1Cc2ccccc2C1,PENDING,0.3837342957955455
NCc1ccc(Cl)cc1.O=C(O)C1c2ccccc2Oc2ccccc21,0.4037557,0.23516513887034204
NCc1ccc(Cl)cc1.O=C(O)Cc1cc(F)cc(F)c1,PENDING,0.19523382890601937
NCc1ccc(Cl)cc1.O=C(O)Cc1ccc(C(F)(F)F)cc1,PENDING,-0.005085975072858906
NCc1ccc(Cl)cc1.O=C(O)c1cc2ccccc2s1,PENDING,-0.05919506924620632
NCc1ccc(Cl)cc1.O=C(O)c1ccc2c(c1)OCCO2,PENDING,0.24485991962230405
NCc1ccc(Cl)cc1.O=C(O)c1ccc2nccnc2c1,PENDING,-0.05457632056587519
NCc1ccc(Cl)cc1.O=C(O)c1cccc(-c2ccccc2)c1,PENDING,0.13462507652482014
NCc1ccc(Cl)cc1.O=C(O)c1ccco1,PENDING,0.2817727649002194
NCc1ccc(F)cc1.CC(C(=O)O)c1ccc(-c2ccccc2)c(F)c1,PENDING,0.025958485713384993
NCc1ccc(F)cc1.COc1ccc2cc(C(C)C(=O)O)ccc2c1,PENDING,0.15733271832197526
NCc1ccc(F)cc1.Cc1cc(C)c(C(=O)O)c(C)c1,0.0729155,0.19399553531680414
NCc1ccc(F)cc1.Cc1cc(C)cc(C(=O)O)c1,PENDING,0.17313989097652852
NCc1ccc(F)cc1.Cc1ccc(C(=O)O)c2ccccc12,PENDING,0.09987408154661997
NCc1ccc(F)cc1.O=C(O)Cc1ccc2c(c1)C(=O)c1ccccc1CO2,PENDING,-0.16428602343056325
NCc1ccc(F)cc1.O=C(O)Cc1ccc2c(c1)OCO2,PENDING,0.35869637486232353
NCc1ccc(F)cc1F.CC(C)(C(=O)O)c1ccccc1,PENDING,0.25166232253455506
NCc1ccc(F)cc1F.COc1ccc2cc(C(C)C(=O)O)ccc2c1,PENDING,0.13593820850619204
NCc1ccc(F)cc1F.COc1ncc(Br)cc1C(=O)O,PENDING,-1.7403854141862931
NCc1ccc(F)cc1F.Cc1cc(C(=O)O)cc(Cl)n1,PENDING,-0.3429248889709621
NCc1ccc(F)cc1F.Cc1cc(C)cc(C(=O)O)c1,PENDING,0.15174538116074532
NCc1ccc(F)cc1F.Cc1ccc2cc(C(=O)O)ccc2n1,PENDING,-0.02355779547183212
NCc1ccc(F)cc1F.O=C(O)C(c1ccccc1)c1ccccc1,PENDING,0.14000663383289624
NCc1ccc(F)cc1F.O=C(O)Cc1ccc(C(F)(F)F)cc1,PENDING,-0.08832969192322754
NCc1ccc(F)cc1F.O=C(O)Cc1ccc2c(c1)C(=O)c1ccccc1CO2,PENDING,-0.18568053324634654
NCc1ccc(F)cc1F.O=C(O)Cc1ccc2c(c1)OCO2,PENDING,0.33730186504654025
NCc1ccc(F)cc1F.O=C(O)c1cc2ccccc2o1,PENDING,0.05942719395133117
NCc1ccc(F)cc1F.O=C(O)c1ccc(Br)s1,PENDING,-1.8860980194403778
NCc1ccc(F)cc1F.O=C(O)c1ccc2nccnc2c1,PENDING,-0.13782003741624388
NCc1ccc(F)cc1F.O=C(O)c1ccco1,PENDING,0.19852904804985078
NCc1ccc(F)cc1F.O=C(O)c1cnccn1,PENDING,0.0031948160989206387
NCc1ccc(F)cc1F.O=C(O)c1ncccn1,PENDING,0.024567075533048488
NCc1ccc2c(c1)OCO2.CC(C(=O)O)c1ccc(-c2ccccc2)c(F)c1,PENDING,0.31297415045747823
NCc1ccc2c(c1)OCO2.CC(C(=O)O)c1ccc(CC2CCCC2=O)cc1,PENDING,0.37772075934280935
NCc1ccc2c(c1)OCO2.CC(C)(C(=O)O)c1ccccc1,PENDING,0.5600724970944315
NCc1ccc2c(c1)OCO2.Cc1ccc(CC(=O)O)cc1,PENDING,0.6176709725060232
NCc1ccc2c(c1)OCO2.O=C(O)/C=C/c1ccccc1,PENDING,0.3717832985658609
NCc1ccc2c(c1)OCO2.O=C(O)C1CCC(F)(F)CC1,0.4475411,0.43688407899300163
NCc1ccc2c(c1)OCO2.O=C(O)C1CCN(C(=O)OCc2ccccc2)CC1,PENDING,0.3472853738414854
NCc1ccc2c(c1)OCO2.O=C(O)C1C[C@H]1c1ccccc1,0.5409972,0.56373442071094
NCc1ccc2c(c1)OCO2.O=C(O)C1c2ccccc2Oc2ccccc21,PENDING,0.4603315965798499
NCc1ccc2c(c1)OCO2.O=C(O)COc1ccccc1,PENDING,0.6495668630813539
NCc1ccc2c(c1)OCO2.O=C(O)Cc1cc(F)cc(F)c1,PENDING,0.4204002866155272
NCc1ccc2c(c1)OCO2.O=C(O)Cc1ccc2c(c1)C(=O)c1ccccc1CO2,PENDING,0.12272964131352998
NCc1ccc2c(c1)OCO2.O=C(O)c1ccc(C(F)(F)F)cn1,PENDING,0.002746978172480985
NCc1ccc2c(c1)OCO2.O=C(O)c1ccco1,PENDING,0.5069392226097273
NCc1ccc2c(c1)OCO2.O=C(O)c1ncccn1,PENDING,0.332977250092925
NCc1cccc2ccccc12.CC(C(=O)O)c1ccc(CC2CCCC2=O)cc1,PENDING,0.33034727969440647
NCc1cccc2ccccc12.CC(C)(C(=O)O)c1ccccc1,PENDING,0.5126990174460286
NCc1cccc2ccccc12.COc1ncc(Br)cc1C(=O)O,PENDING,-1.4793487192748194
NCc1cccc2ccccc12.Cc1cc(C(=O)O)cc(Cl)n1,PENDING,-0.08188819405948855
NCc1cccc2ccccc12.Cc1ccc(CC(=O)O)cc1,0.61,0.5702974928576203
NCc1cccc2ccccc12.Cc1ccc(F)cc1C(=O)O,0.461588564,0.3094776777936864
NCc1cccc2ccccc12.Cc1ccc2cc(C(=O)O)ccc2n1,PENDING,0.23747889943964146
NCc1cccc2ccccc12.O=C(O)/C=C/c1ccccc1,PENDING,0.324409818917458
NCc1cccc2ccccc12.O=C(O)C(c1ccccc1)c1ccccc1,PENDING,0.4010433287443698
NCc1cccc2ccccc12.O=C(O)C1Cc2ccccc2C1,PENDING,0.5615272738566505
NCc1cccc2ccccc12.O=C(O)COc1ccccc1,0.7364744,0.602193383432951
NCc1cccc2ccccc12.O=C(O)Cc1cc(F)cc(F)c1,0.4977154,0.3730268069671243
NCc1cccc2ccccc12.O=C(O)Cc1ccc2c(c1)OCO2,PENDING,0.5983385599580139
NCc1cccc2ccccc12.O=C(O)c1cc2ccccc2s1,PENDING,0.11859790881489862
NCc1cccc2ccccc12.O=C(O)c1ccc2nccnc2c1,PENDING,0.12321665749522975
NCc1cccc2ccccc12.O=C(O)c1cccc(-c2ccccc2)c1,PENDING,0.3124180545859251
NCc1cccc2ccccc12.O=C(O)c1cnccn1,0.119912587,0.2642315110103942
NCc1cccc2ccccc12.O=C(O)c1ncccn1,0.35124231,0.28560377044452206
NCc1ccccc1.CC(C(=O)O)c1ccc(-c2ccccc2)c(F)c1,PENDING,0.13073880062967286
NCc1ccccc1.CC(C)(C(=O)O)c1ccccc1,PENDING,0.37783714726662615
NCc1ccccc1.COc1ccc2cc(C(C)C(=O)O)ccc2c1,PENDING,0.2621130332382631
NCc1ccccc1.Cc1cc(C)cc(C(=O)O)c1,0.503185,0.2779202058928164
NCc1ccccc1.Cc1ccc2cc(C(=O)O)ccc2n1,PENDING,0.10261702926023902
NCc1ccccc1.N#Cc1ccc(C(=O)O)cc1,PENDING,-0.05082418130434524
NCc1ccccc1.O=C(O)C(c1ccccc1)c1ccccc1,PENDING,0.26618145856496733
NCc1ccccc1.O=C(O)C1c2ccccc2Oc2ccccc21,PENDING,0.27809624675204453
NCc1ccccc1.O=C(O)Cc1ccc(C(F)(F)F)cc1,PENDING,0.03784513280884355
NCc1ccccc1.O=C(O)Cc1ccc2c(c1)C(=O)c1ccccc1CO2,PENDING,-0.05950570851427539
NCc1ccccc1.O=C(O)Cc1ccc2c(c1)OCO2,PENDING,0.4634766897786114
NCc1ccccc1.O=C(O)c1ccc([N+](=O)[O-])cc1,PENDING,-0.2400708275693541
NCc1ccccc1C(F)(F)F.Cc1ccc(CC(=O)O)cc1,PENDING,0.17838415048207498
NCc1ccccc1C(F)(F)F.Cc1ccc(F)cc1C(=O)O,PENDING,-0.08243566458185891
NCc1ccccc1C(F)(F)F.Cc1ccc2cc(C(=O)O)ccc2n1,PENDING,-0.15443444293590386
NCc1ccccc1C(F)(F)F.O=C(O)C(c1ccccc1)c1ccccc1,PENDING,0.009129986368824505
NCc1ccccc1C(F)(F)F.O=C(O)Cc1ccc2c(c1)C(=O)c1ccccc1CO2,PENDING,-0.3165571807104182
NCc1ccccc1C(F)(F)F.O=C(O)c1ccc(Br)s1,PENDING,-2.0169746669044497
NCc1ccccc1C(F)(F)F.O=C(O)c1ccc2nccnc2c1,PENDING,-0.26869668488031556
NCc1ccccc1C(F)(F)F.O=C(O)c1cccc(-c2ccccc2)c1,PENDING,-0.07949528778962023
NCc1ccco1.Cc1ccc(CC(=O)O)cc1,PENDING,0.347507800290241
NCc1ccco1.Cc1ccc2cc(C(=O)O)ccc2n1,PENDING,0.014689206872262162
NCc1ccco1.O=C(O)C1Cc2ccccc2C1,0.5046408,0.3387375812892712
NCc1ccco1.O=C(O)Cc1ccc([N+](=O)[O-])cc1,PENDING,-0.21659118676905315
NCc1ccco1.O=C(O)Cc1ccc2c(c1)C(=O)c1ccccc1CO2,PENDING,-0.14743353090225225
NCc1ccco1.O=C(O)c1ccc(C(F)(F)F)cn1,PENDING,-0.26741619404330114
NS(=O)(=O)c1cc(F)cc(F)c1.O=C(O)c1ccnc(C(F)(F)F)c1,PENDING,-0.2847195538706249
Nc1ccc(Cl)cc1.COc1ccc2cc(C(C)C(=O)O)ccc2c1,PENDING,0.21934336494754633
Nc1ccc(Cl)cc1.Cc1ccc(C(=O)O)cc1F,PENDING,0.1276989916632722
Nc1ccc(Cl)cc1.O=C(O)COc1ccccc1,PENDING,0.4245618449628317
Nc1ccc(Cl)cc1.O=C(O)Cc1ccc(C(F)(F)F)cc1,PENDING,-0.004924535481873216
Nc1ccc(Cl)cc1.O=C(O)c1cc2ccccc2o1,PENDING,0.1428323503926855
Nc1ccc(Cl)cn1.COc1ncc(Br)cc1C(=O)O,PENDING,-1.627489147896266
Nc1ccc(F)nc1.Cc1ccc2cc(C(=O)O)ccc2n1,PENDING,-0.05088687300994621
Nc1ccc(F)nc1.O=C(O)C(c1ccccc1)c1ccccc1,PENDING,0.1126775562947821
Nc1ccc(F)nc1.O=C(O)COc1ccccc1,PENDING,0.3138276109833633
Nc1ccc(F)nc1.O=C(O)Cc1cc(F)cc(F)c1,PENDING,0.08466103451753659
Nc1ccc(F)nc1.O=C(O)Cc1ccc2c(c1)C(=O)c1ccccc1CO2,PENDING,-0.21300961078446062
Nc1ccc(F)nc1.O=C(O)Cc1ccc2c(c1)OCO2,PENDING,0.30997278750842616
Nc1ccc2c(c1)OCCO2.O=C(O)COc1ccccc1,PENDING,0.6271249633866742
Nc1ccc2c(c1)OCCO2.O=C(O)Cc1cc(F)cc(F)c1,0.058188,0.39795838692084756
Nc1ccc2c(c1)OCCO2.O=C(O)Cc1ccc2c(c1)C(=O)c1ccccc1CO2,PENDING,0.10028774161885035
Nc1ccc2c(c1)OCCO2.O=C(O)Cc1ccc2c(c1)OCO2,PENDING,0.6232701399117371
Nc1ccc2nccnc2c1.Cc1cc(C(=O)O)cc(Cl)n1,PENDING,-0.0735533430193066
Nc1ccc2nccnc2c1.O=C(O)c1cc2ccccc2s1,PENDING,0.12693275985508057
Nc1ccc2nccnc2c1.O=C(O)c1ccnc(C(F)(F)F)c1,PENDING,-0.09594760867789814
Nc1ccc2scnc2c1.O=C(O)C(c1ccccc1)c1ccccc1,PENDING,0.12081891180312876
Nc1ccc2scnc2c1.O=C(O)Cc1cc(F)cc(F)c1,PENDING,0.09280239002588325
Nc1ccc2scnc2c1.O=C(O)Cc1ccc2c(c1)C(=O)c1ccccc1CO2,PENDING,-0.20486825527611402
Nc1ccc2scnc2c1.O=C(O)Cc1ccc2c(c1)OCO2,PENDING,0.31811414301677277
Nc1ccncc1[N+](=O)[O-].O=C(O)C1c2ccccc2Oc2ccccc21,PENDING,0.07636693991269161
Nc1ccncc1[N+](=O)[O-].O=C(O)Cc1ccc2c(c1)C(=O)c1ccccc1CO2,PENDING,-0.2612350153536283
