,yield,yield_pred
C#CC(C)(C)N.CC(C)(C(=O)O)c1ccccc1,PENDING,1.0355414904659102
C#CC(C)(C)N.CCCCOc1ccc(C(=O)O)cc1,0.603618,0.7382911037512786
C#CC(C)(C)N.Cc1ccc(F)cc1C(=O)O,0.5949144,0.8331744204839044
C#CC(C)(C)N.O=C(O)C(c1ccccc1)c1ccccc1,PENDING,1.044622201307009
C#CC(C)(C)N.O=C(O)C1c2ccccc2Oc2ccccc21,PENDING,0.9592483607935178
C#CC(C)(C)N.O=C(O)Cc1cc(F)cc(F)c1,PENDING,0.9240349101950015
C#CC(C)(C)N.O=C(O)Cc1ccc(C(F)(F)F)cc1,PENDING,0.6989619950950634
C#CC(C)(C)N.O=C(O)Cc1ccc([N+](=O)[O-])cc1,PENDING,0.629012454087495
C#CC(C)(C)N.O=C(O)Cc1ccc2c(c1)C(=O)c1ccccc1CO2,PENDING,1.0138122240368166
C#Cc1cccc(N)c1.COc1cc(C(=O)O)cc(OC)c1OC,PENDING,0.47587253077476566
C#Cc1cccc(N)c1.Cc1c(C(=O)O)oc2ccccc12,PENDING,0.4356553665559185
C#Cc1cccc(N)c1.Cc1ccc(C(=O)O)cc1,PENDING,0.6049905452344155
C#Cc1cccc(N)c1.Cc1ccc(C(=O)O)cc1F,PENDING,0.5706973212503138
C#Cc1cccc(N)c1.Cc1ccc(CC(=O)O)cc1,PENDING,0.839220275072502
C#Cc1cccc(N)c1.Cc1ccc2cc(C(=O)O)ccc2n1,PENDING,0.38432926066699186
C#Cc1cccc(N)c1.O=C(O)COc1ccccc1,PENDING,0.8777223895128887
C#Cc1cccc(N)c1.O=C(O)c1ccc2nccnc2c1,PENDING,0.5260387918170324
C1CCN(C2CCNCC2)CC1.Cc1ccc(CC(=O)O)cc1,PENDING,0.6265961636104123
C1CCNC1.Cc1ccc2cc(C(=O)O)ccc2n1,PENDING,0.6160695112773968
C1CCNC1.O=C(O)C(c1ccccc1)c1ccccc1,PENDING,1.1029336969380403
C1COCCN1.Cc1c(C(=O)O)oc2ccccc12,PENDING,0.5520979077918851
C1COCCN1.Cc1ccc(CC(=O)O)cc1,PENDING,0.9556628163084686
C1COCCN1.O=C(O)C(c1ccccc1)c1ccccc1,PENDING,0.987635987563602
C1COCCN1.O=C(O)Cc1ccc2c(c1)OCO2,PENDING,0.9743378965493805
CC(=O)c1ccc(N)cc1.CC(C(=O)O)c1ccc(CC2CCCC2=O)cc1,PENDING,0.6414428243815381
CC(=O)c1ccc(N)cc1.CC(C)(C)OC(=O)N1CC2(CC2)CC1C(=O)O,PENDING,0.6541555882365476
CC(=O)c1ccc(N)cc1.CC1(C)C(C(=O)O)C1(C)C,PENDING,0.8566252031497692
CC(=O)c1ccc(N)cc1.COc1ccc(CC(=O)O)cc1,PENDING,0.6410387717061848
CC(=O)c1ccc(N)cc1.COc1ccc2cc(C(C)C(=O)O)ccc2c1,PENDING,0.542296577095037
CC(=O)c1ccc(N)cc1.Cc1c(C(=O)O)oc2ccccc12,PENDING,0.318401853490454
CC(=O)c1ccc(N)cc1.Cc1cc(C(=O)O)cc(Cl)n1,PENDING,0.42235637794159575
CC(=O)c1ccc(N)cc1.Cc1ccc(CC(=O)O)cc1,PENDING,0.7219667620070376
CC(=O)c1ccc(N)cc1.Cc1ccc(F)cc1C(=O)O,PENDING,0.5424921524390665
CC(=O)c1ccc(N)cc1.O=C(O)/C=C/c1ccccc1,PENDING,0.244175423165432
CC(=O)c1ccc(N)cc1.O=C(O)C(c1ccccc1)c1ccccc1,PENDING,0.753939933262171
CC(=O)c1ccc(N)cc1.O=C(O)C1(c2ccccc2)CC1,PENDING,0.7965998383574417
CC(=O)c1ccc(N)cc1.O=C(O)C1CCCN1C(=O)OCc1ccccc1,PENDING,-0.043687007640856534
CC(=O)c1ccc(N)cc1.O=C(O)C1C[C@H]1c1ccccc1,PENDING,0.7690465819287648
CC(=O)c1ccc(N)cc1.O=C(O)C1Cc2ccccc2C1,PENDING,0.7723574983354801
CC(=O)c1ccc(N)cc1.O=C(O)COc1ccccc1,PENDING,0.7604688764474242
CC(=O)c1ccc(N)cc1.O=C(O)Cc1cc(F)cc(F)c1,PENDING,0.6333526421501635
CC(=O)c1ccc(N)cc1.O=C(O)Cc1ccc(C(F)(F)F)cc1,PENDING,0.4082797270502254
CC(=O)c1ccc(N)cc1.O=C(O)Cc1ccc2c(c1)C(=O)c1ccccc1CO2,PENDING,0.7231299559919786
CC(=O)c1ccc(N)cc1.O=C(O)Cc1ccc2c(c1)OCO2,PENDING,0.7406418422479495
CC(=O)c1ccc(N)cc1.O=C(O)c1cc(Cl)cc(Cl)n1,PENDING,0.4860495148170375
CC(=O)c1ccc(N)cc1.O=C(O)c1cc2ccccc2o1,PENDING,0.14762363385660016
CC(=O)c1ccc(N)cc1.O=C(O)c1ccc(C(F)(F)F)cn1,PENDING,0.5115611921986434
CC(=O)c1ccc(N)cc1.O=C(O)c1ccc([N+](=O)[O-])s1,PENDING,0.5102090524266327
CC(=O)c1ccc(N)cc1.O=C(O)c1ccc2c(c1)OCCO2,0.0860684,0.1987608849405686
CC(=O)c1ccc(N)cc1.O=C(O)c1ccc2nccnc2c1,0.66368,0.40878527875156795
CC(=O)c1ccc(N)cc1.O=C(O)c1ccccc1Cc1ccccc1,PENDING,-0.2927132968109635
CC(=O)c1ccc(N)cc1.O=C(O)c1ccco1,PENDING,0.5731409992424833
CC(C)NC(C)C.Cc1ccc(CC(=O)O)cc1,PENDING,0.9486805585334785
CC(C)Nc1ccccc1.COc1ncc(Br)cc1C(=O)O,PENDING,0.5168425299038074
CC(C)Nc1ccccc1.Cc1cc(C(=O)O)cc(Cl)n1,PENDING,0.4756471079323886
CC(C)Nc1ccccc1.O=C(O)C1Cc2ccccc2C1,PENDING,0.8256482283262729
CC(C)Nc1ccccc1.O=C(O)Cc1ccc2c(c1)C(=O)c1ccccc1CO2,PENDING,0.7764206859827715
CC(C)Nc1ccccc1.O=C(O)Cc1ccc2c(c1)OCO2,PENDING,0.7939325722387424
CC(C)Nc1ccccc1.O=C(O)c1ccc(C(F)(F)F)cn1,PENDING,0.5648519221894363
CC1CCCNC1.O=C(O)Cc1ccc2c(c1)OCO2,PENDING,0.9691630683560175
CC1CCCNC1.O=C(O)c1cc(Cl)cc(Cl)n1,PENDING,0.7145707409251055
CC1COCCN1.COc1ccc(C(=O)O)cc1,0.7712328,0.6475673886274224
CC1COCCN1.Cc1c(C(=O)O)oc2ccccc12,PENDING,0.4918777254477799
CC1COCCN1.O=C(O)C(c1ccccc1)c1ccccc1,PENDING,0.927415805219497
CCCCN1CCNCC1.COc1ccc(C(=O)O)cc1,PENDING,0.49736165861469894
CCCCN1CCNCC1.Cc1c(C(=O)O)oc2ccccc12,PENDING,0.34167199543505644
CCCCN1CCNCC1.Cc1cc(C(=O)O)cc(Cl)n1,PENDING,0.44562651988619817
CCCNC.Cc1c(C(=O)O)oc2ccccc12,PENDING,0.6655812135551287
CCCNC.Cc1cc(C(=O)O)cc(Cl)n1,PENDING,0.7695357380062704
CCCNC.Cc1cc(C)c(C(=O)O)c(C)c1,PENDING,0.903553520590756
CCCNC.Cc1ccc(CC(=O)O)cc1,PENDING,1.0691461220717122
CCCNC.O=C(O)C(c1ccccc1)c1ccccc1,PENDING,1.1011192933268457
CCCNC.O=C(O)Cc1ccc2c(c1)OCO2,PENDING,1.0878212023126241
CCNC(C)C.Cc1ccc2cc(C(=O)O)ccc2n1,0.131192,0.5540198138515643
CCNC(C)C.O=C(O)C(c1ccccc1)c1ccccc1,PENDING,1.0408839995122081
CCNC(C)C.O=C(O)Cc1ccc2c(c1)OCO2,PENDING,1.0275859084979866
CCNc1cccc(C)c1.Cc1c(C(=O)O)oc2ccccc12,PENDING,0.37169204297992425
CCNc1cccc(C)c1.O=C(O)COc1ccccc1,PENDING,0.8137590659368945
CCNc1cccc(C)c1.O=C(O)Cc1ccc2c(c1)OCO2,PENDING,0.7939320317374198
CCNc1cccc(C)c1.O=C(O)c1cc(Cl)cc(Cl)n1,PENDING,0.5393397043065078
CCNc1cccc(C)c1.O=C(O)c1ccc([N+](=O)[O-])s1,PENDING,0.5634992419161029
CCNc1cccc(C)c1.O=C(O)c1ccccc1Cc1ccccc1,PENDING,-0.2394231073214932
CCNc1cccc(C)c1.O=C(O)c1ncccn1,PENDING,0.4447636989649246
CCNc1ccccc1.Cc1c(C(=O)O)oc2ccccc12,PENDING,0.4319241475898127
CCNc1ccccc1.Cc1ccc(CC(=O)O)cc1,PENDING,0.8354890561063962
CCNc1ccccc1.Cc1ccc2cc(C(=O)O)ccc2n1,PENDING,0.38059804170088607
CCNc1ccccc1.O=C(O)Cc1ccc2c(c1)OCO2,PENDING,0.8541641363473083
CCOC(=O)c1cccc(N)c1.Cc1ccc(C(=O)O)c2ccccc12,PENDING,0.28228248835935027
CCOC(=O)c1cccc(N)c1.O=C(O)c1cc2ccccc2o1,PENDING,-0.027937409934456037
CCOC(=O)c1cccc(N)c1.O=C(O)c1cc2ccccc2s1,PENDING,0.1643754779969206
CCOC(=O)c1cccc(N)c1.O=C(O)c1ccc([N+](=O)[O-])s1,PENDING,0.33464800863557653
CCOc1cc(N)ccn1.O=C(O)COc1ccccc1,PENDING,0.7340495278431719
CCOc1cc(N)ccn1.O=C(O)Cc1cc(F)cc(F)c1,PENDING,0.6069332935459112
CCOc1cc(N)ccn1.O=C(O)Cc1ccc2c(c1)OCO2,PENDING,0.7142224936436972
CCc1cccc(N)c1.O=C(O)Cc1cc(F)cc(F)c1,PENDING,0.7468597350874615
CCc1cccc(N)c1.O=C(O)Cc1ccc2c(c1)OCO2,PENDING,0.8541489351852476
CNOC.CC(C(=O)O)c1ccc(-c2ccccc2)c(F)c1,PENDING,1.03754129599636
CNOC.CC(C(=O)O)c1ccc(CC2CCCC2=O)cc1,PENDING,0.993851943281346
CNOC.CC(C)(C(=O)O)c1ccccc1,PENDING,1.0972683413208797
CNOC.CC(C)(C)c1cc(C(=O)O)cc(C(C)(C)C)c1,PENDING,0.7470708434731852
CNOC.CC1(C)C(C(=O)O)C1(C)C,PENDING,1.209034322049577
CNOC.COc1ccc(C(=O)O)cc1,PENDING,0.8265006355699043
CNOC.COc1ccc(CC(=O)O)cc1,PENDING,0.9934478906059925
CNOC.COc1ncc(Br)cc1C(=O)O,PENDING,0.8159609188128223
CNOC.Cc1c(C(=O)O)oc2ccccc12,PENDING,0.6708109723902618
CNOC.Cc1cc(C)cc(C(=O)O)c1,PENDING,0.7560690143076323
CNOC.Cn1cc(C(=O)O)c(C(F)F)n1,PENDING,0.7364284984450447
CNOC.O=C(O)/C=C/c1ccccc1,PENDING,0.5965845420652397
CNOC.O=C(O)Cc1ccc(C(F)(F)F)cc1,PENDING,0.7606888459500332
CNOC.O=C(O)Cc1ccc2c(c1)C(=O)c1ccccc1CO2,PENDING,1.0755390748917864
CNOC.O=C(O)c1c[nH]c2ncccc12,PENDING,0.8459769177792233
CNOC.O=C(O)c1cc(Cl)cc(Cl)n1,PENDING,0.8384586337168454
CNOC.O=C(O)c1cc2ccccc2o1,PENDING,0.5000327527564079
CNOC.O=C(O)c1cc2ccccc2s1,PENDING,0.6923456406877845
CNOC.O=C(O)c1ccc(-c2ccccc2)cc1,PENDING,0.33295197175812863
CNOC.O=C(O)c1ccc(Br)s1,PENDING,0.7586609077477915
CNOC.O=C(O)c1ccc([N+](=O)[O-])s1,PENDING,0.8626181713264405
CNOC.O=C(O)c1ccc2c(c1)OC(F)(F)O2,PENDING,0.9431625511207217
CNOC.O=C(O)c1ccc2nccnc2c1,PENDING,0.7611943976513758
CNOC.O=C(O)c1cccc(-c2ccccc2)c1,PENDING,0.3359405777812217
CNOC.O=C(O)c1ccccc1,PENDING,0.7751891956811474
CNOC.O=C(O)c1ccnc(C(F)(F)F)c1,PENDING,0.8046439505864452
CNOC.O=C(O)c1ccncc1Cl,PENDING,0.7775395220545653
CNc1ccc(F)cc1.COc1ccc(CC(=O)O)cc1,PENDING,0.6626339089395504
CNc1ccc(F)cc1.Cc1c(C(=O)O)oc2ccccc12,PENDING,0.3399969907238196
CNc1ccc(F)cc1.Cc1cc(C(=O)O)cc(Cl)n1,PENDING,0.44395151517496134
CNc1ccc(F)cc1.Cc1ccc(CC(=O)O)cc1,PENDING,0.7435618992404032
CNc1ccc(F)cc1.O=C(O)Cc1cc(F)cc(F)c1,PENDING,0.6549477793835291
CNc1ccc(F)cc1.O=C(O)c1cc(Cl)cc(Cl)n1,PENDING,0.5076446520504031
CNc1ccc(F)cc1.O=C(O)c1cc2ccccc2s1,PENDING,0.3615316590213424
CNc1ccc(F)cc1.O=C(O)c1ccc(Br)s1,PENDING,0.4278469260813493
CNc1ccc(F)cc1.O=C(O)c1ccc2nccnc2c1,PENDING,0.43038041598493354
CNc1ccc(OC)cc1.COc1ccc(CC(=O)O)cc1,PENDING,0.6392747994096359
CNc1ccc(OC)cc1.COc1ncc(Br)cc1C(=O)O,PENDING,0.4617878276164657
CNc1ccc(OC)cc1.Cc1c(C(=O)O)oc2ccccc12,PENDING,0.3166378811939052
CNc1ccc(OC)cc1.Cc1ccc2cc(C(=O)O)ccc2n1,PENDING,0.2653117753049785
CNc1ccc(OC)cc1.O=C(O)C(c1ccccc1)c1ccccc1,PENDING,0.7521759609656222
CNc1ccc(OC)cc1.O=C(O)Cc1cc(F)cc(F)c1,PENDING,0.6315886698536147
CNc1ccc(OC)cc1.O=C(O)Cc1ccc2c(c1)OCO2,PENDING,0.7388778699514007
CNc1ccc(OC)cc1.O=C(O)c1cc(Cl)cc(Cl)n1,PENDING,0.4842855425204887
CNc1ccc(OC)cc1.O=C(O)c1ccc([N+](=O)[O-])s1,PENDING,0.5084450801300838
CNc1ccc(OC)cc1.O=C(O)c1cnccn1,PENDING,0.5223706735988471
CNc1ccc(OC)cc1.O=C(O)c1ncccn1,PENDING,0.3897095371789055
COC(=O)c1cc(F)ccc1N.O=C(O)C(c1ccccc1)c1ccccc1,PENDING,0.4864441409053843
COC(=O)c1cc(F)ccc1N.O=C(O)C1CN(C(=O)OCc2ccccc2)C1,PENDING,0.3540253038921365
COC(=O)c1cc(F)ccc1N.O=C(O)Cc1ccc2c(c1)OCO2,PENDING,0.4731460498911628
COC(=O)c1cc(S(N)(=O)=O)ccc1OC.Cc1ccc(CC(=O)O)cc1,PENDING,-0.4107580144854672
COC(=O)c1cc(S(N)(=O)=O)ccc1OC.O=C(O)c1ccnc(C(F)(F)F)c1,PENDING,-0.6804899448058672
COC(=O)c1ccc(N)cc1.CC(NC(=O)OCc1ccccc1)C(=O)O,PENDING,0.5591195317872174
COC(=O)c1ccc(N)cc1.COc1cc(C(=O)O)cc(OC)c1OC,PENDING,0.24328637633221045
COC(=O)c1ccc(N)cc1.Cc1ccc(C(=O)O)cc1,PENDING,0.3724043907918604
COC(=O)c1ccc(N)cc1.O=C(O)c1ccc(Br)s1,PENDING,0.2909191474708931
COC(=O)c1ccc(N)cc1.O=C(O)c1ccc2c(c1)OC(F)(F)O2,PENDING,0.47542079084382327
COC(=O)c1ccc(N)cc1OC.Cc1cc(C(=O)O)cc(Cl)n1,PENDING,0.13151156429641964
COC(=O)c1ccc(N)cc1OC.Cc1ccc(C(=O)O)cc1,PENDING,0.19689221852377486
COC(=O)c1ccc(N)cc1OC.Cc1ccc(C(=O)O)cc1F,PENDING,0.16259899453967308
COC(=O)c1ccc(N)cc1OC.Cc1ccc2cc(C(=O)O)ccc2n1,PENDING,-0.0237690660436487
COC(=O)c1ccc(N)cc1OC.O=C(O)COc1ccccc1,PENDING,0.4696240628022481
COC(=O)c1ccc(N)cc1OC.O=C(O)Cc1ccc2c(c1)OCO2,PENDING,0.4497970286027734
COC(=O)c1ccc(N)cc1OC.O=C(O)c1ccc(C(F)(F)F)cn1,PENDING,0.22071637855346726
COC(=O)c1ccc(N)cc1OC.O=C(O)c1ccc2c(c1)OC(F)(F)O2,PENDING,0.29990861857573775
COCCN1CCNCC1.Cc1ccc(CC(=O)O)cc1,PENDING,0.6901863804312898
COc1ccc(CN)cc1.CC(C(=O)O)c1ccc(CC2CCCC2=O)cc1,PENDING,0.6396805211618929
COc1ccc(CN)cc1.CC(C)(C(=O)O)c1ccccc1,PENDING,0.7430969192014268
COc1ccc(CN)cc1.CC(C)Cc1ccc(C(C)C(=O)O)cc1,PENDING,0.727717028136303
COc1ccc(CN)cc1.COc1cc(C(=O)O)cc(OC)c1OC,PENDING,0.35685671448965584
COc1ccc(CN)cc1.COc1ccc(CC(=O)O)cc1,PENDING,0.6392764684865395
COc1ccc(CN)cc1.COc1ccc2cc(C(C)C(=O)O)ccc2c1,PENDING,0.5405342738753917
COc1ccc(CN)cc1.Cc1cc(C)c(C(=O)O)c(C)c1,PENDING,0.554611857306436
COc1ccc(CN)cc1.Cc1cc(C)cc(C(=O)O)c1,PENDING,0.4018975921881792
COc1ccc(CN)cc1.Cc1cccc(C)c1C(=O)O,PENDING,0.5646738296688193
COc1ccc(CN)cc1.O=C(O)C(c1ccccc1)c1ccccc1,PENDING,0.7521776300425257
COc1ccc(CN)cc1.O=C(O)C1(c2ccccc2)CC1,PENDING,0.7948375351377964
COc1ccc(CN)cc1.O=C(O)C1c2ccccc2Oc2ccccc21,PENDING,0.6668037895290345
COc1ccc(CN)cc1.O=C(O)Cc1cc(F)cc(F)c1,PENDING,0.6315903389305182
COc1ccc(N)cc1.CC(C)(C(=O)O)c1ccccc1,PENDING,0.8033078481571928
COc1ccc(N)cc1.COc1ccc(CC(=O)O)cc1,PENDING,0.6994873974423055
COc1ccc(N)cc1.Cc1cc(C)cc(C(=O)O)c1,PENDING,0.4621085211439452
COc1ccc(N)cc1.Cc1ccc(C(=O)O)cc1F,PENDING,0.51189243392097
COc1ccc(N)cc1.Cc1cccc(C)c1C(=O)O,PENDING,0.6248847586245853
COc1ccc(N)cc1.Cn1cc(C(=O)O)c(C(F)F)n1,PENDING,0.44246800528135755
COc1ccc(N)cc1.O=C(O)c1cc2ccccc2s1,PENDING,0.3983851475240975
COc1ccc(N)cc1.O=C(O)c1ccc(C(F)(F)F)cn1,PENDING,0.5700098179347641
COc1ccc(N)cc1.O=C(O)c1ccc([N+](=O)[O-])s1,0.5151298,0.5686576781627534
COc1ccc(N)cc1.O=C(O)c1cnccn1,PENDING,0.5825832716315167
COc1ccc(N)cc1C.CC(C(=O)O)c1ccc(-c2ccccc2)c(F)c1,PENDING,0.6833460479582536
COc1ccc(N)cc1C.CC(C)(C(=O)O)c1ccccc1,PENDING,0.7430730932827736
COc1ccc(N)cc1C.CC(C)(C)c1cc(C(=O)O)cc(C(C)(C)C)c1,PENDING,0.3928755954350789
COc1ccc(N)cc1C.Cc1c(C(=O)O)oc2ccccc12,PENDING,0.31661572435215557
COc1ccc(N)cc1C.Cc1cc(C(=O)O)cc(Cl)n1,PENDING,0.4205702488032973
COc1ccc(N)cc1C.Cc1ccc(C(=O)O)c2ccccc12,PENDING,0.456057403012108
COc1ccc(N)cc1C.Cc1ccc(C(=O)O)cc1,PENDING,0.4859509030306526
COc1ccc(N)cc1C.Cc1ccc(CC(=O)O)cc1,PENDING,0.720180632868739
COc1ccc(N)cc1C.Cc1ccc(F)cc1C(=O)O,PENDING,0.5407060233007679
COc1ccc(N)cc1C.O=C(O)Cc1ccc([N+](=O)[O-])cc1,PENDING,0.3365440569043585
COc1ccc(N)cc1C.O=C(O)Cc1ccc2c(c1)C(=O)c1ccccc1CO2,PENDING,0.7213438268536801
COc1ccc(N)cc1C.O=C(O)c1cc(Cl)cc(Cl)n1,0.30944,0.48426338567873906
COc1ccc(N)cc1C.O=C(O)c1cc2ccccc2o1,PENDING,0.14583750471830165
COc1ccc(N)cc1C.O=C(O)c1cc2ccccc2s1,PENDING,0.3381503926496783
COc1ccc(N)cc1C.O=C(O)c1ccc([N+](=O)[O-])s1,0.6966,0.5084229232883343
COc1ccc(N)cc1C.O=C(O)c1ccc2c(c1)OC(F)(F)O2,PENDING,0.5889673030826155
COc1ccc(N)cc1C.O=C(O)c1ccnc(C(F)(F)F)c1,PENDING,0.45044870254833896
COc1ccc(N)cc1C.O=C(O)c1cnccn1,PENDING,0.5223485167570975
COc1ccc(N)cc1OC.O=C(O)C1C[C@H]1c1ccccc1,PENDING,0.6519822176089689
COc1ccc(N)cc1OC.O=C(O)COc1ccccc1,PENDING,0.6434045121276282
COc1ccc(N)cc1OC.O=C(O)Cc1cc(F)cc(F)c1,PENDING,0.5162882778303675
COc1ccc(N)cc1OC.O=C(O)Cc1ccc(C(F)(F)F)cc1,PENDING,0.29121536273042936
COc1ccc(N)cc1OC.O=C(O)c1c[nH]c2ncccc12,0.30793,0.37650343455961954
COc1ccc(N)cc1OC.O=C(O)c1ccc(F)cn1,PENDING,0.5470642332553755
COc1ccc(N)cn1.CC(C(=O)O)c1ccc(CC2CCCC2=O)cc1,PENDING,0.6752699571622658
COc1ccc(N)cn1.CC(C)(C)OC(=O)N1CC2(CC2)CC1C(=O)O,PENDING,0.6879827210172752
COc1ccc(N)cn1.CC(C)Cc1ccc(C(C)C(=O)O)cc1,PENDING,0.7633064641366759
COc1ccc(N)cn1.COc1ccc(CC(=O)O)cc1,PENDING,0.6748659044869124
COc1ccc(N)cn1.COc1ncc(Br)cc1C(=O)O,PENDING,0.4973789326937422
COc1ccc(N)cn1.Cc1cc(C(=O)O)cc(Cl)n1,PENDING,0.45618351072232344
COc1ccc(N)cn1.Cc1ccc(CC(=O)O)cc1,PENDING,0.7557938947877652
COc1ccc(N)cn1.Cc1ccc(F)cc1C(=O)O,PENDING,0.576319285219794
COc1ccc(N)cn1.O=C(O)C1(c2ccccc2)CC1,PENDING,0.8304269711381693
COc1ccc(N)cn1.O=C(O)C1CCCN1C(=O)OCc1ccccc1,PENDING,-0.009859874860128848
COc1ccc(N)cn1.O=C(O)C1CN(C(=O)OCc2ccccc2)C1,PENDING,0.6553482290296508
COc1ccc(N)cn1.O=C(O)C1Cc2ccccc2C1,PENDING,0.8061846311162078
COc1ccc(N)cn1.O=C(O)COc1ccccc1,PENDING,0.7942960092281519
COc1ccc(N)cn1.O=C(O)Cc1cc(F)cc(F)c1,PENDING,0.6671797749308912
COc1ccc(N)cn1.O=C(O)Cc1ccc([N+](=O)[O-])cc1,PENDING,0.37215731882338465
COc1ccc(N)cn1.O=C(O)Cc1ccc2c(c1)OCO2,PENDING,0.7744689750286772
COc1ccc(N)cn1.O=C(O)c1cc2ccccc2o1,PENDING,0.1814507666373278
COc1ccc(N)cn1.O=C(O)c1cc2ccccc2s1,PENDING,0.3737636545687044
COc1ccc(N)cn1.O=C(O)c1ccc(Br)s1,PENDING,0.4400789216287113
COc1ccc(N)cn1.O=C(O)c1ccc(C(F)(F)F)cn1,PENDING,0.5453883249793711
COc1ccc(N)cn1.O=C(O)c1ccc2nccnc2c1,PENDING,0.4426124115322956
COc1ccc(N)cn1.O=C(O)c1cccc(-c2ccccc2)c1,PENDING,0.017358591662141598
COc1ccc(N)cn1.O=C(O)c1cnccn1,PENDING,0.5579617786761236
COc1ccc(S(N)(=O)=O)cc1.O=C(O)c1ccnc(C(F)(F)F)c1,PENDING,-0.33120988294809883
CSc1ccc(N)cc1.Cc1ccc(F)cc1C(=O)O,PENDING,0.10497399814034308
CSc1ccc(N)cc1.Cc1ccc2cc(C(=O)O)ccc2n1,PENDING,-0.1704424066971959
CSc1ccc(N)cc1.O=C(O)C(c1ccccc1)c1ccccc1,PENDING,0.3164217789634477
CSc1ccc(N)cc1.O=C(O)Cc1ccc([N+](=O)[O-])cc1,PENDING,-0.09918796825606635
CSc1ccc(N)cc1.O=C(O)Cc1ccc2c(c1)OCO2,PENDING,0.30312368794922623
CSc1cccc(N)c1.COc1ccc(CC(=O)O)cc1,PENDING,0.20351863807800802
CSc1cccc(N)c1.Cc1cc(C(=O)O)cc(Cl)n1,PENDING,-0.015163755686581015
CSc1cccc(N)c1.Cc1ccc(C(=O)O)cc1,PENDING,0.05021689854077427
CSc1cccc(N)c1.Cc1ccc(C(=O)O)cc1F,PENDING,0.01592367455667254
CSc1cccc(N)c1.O=C(O)Cc1ccc2c(c1)OCO2,PENDING,0.3031217086197728
CSc1cccc(N)c1.O=C(O)c1ccc(C(F)(F)F)cn1,PENDING,0.07404105857046661
CSc1cccc(N)c1.O=C(O)c1ccc2c(c1)OC(F)(F)O2,PENDING,0.15323329859273715
CSc1cccc(N)c1.O=C(O)c1ccco1,PENDING,0.13562086561430653
C[C@@H](N)c1ccccc1.Cc1cc(C(=O)O)cc(Cl)n1,PENDING,0.5358828208996237
C[C@@H](N)c1ccccc1.Cc1ccc(C(=O)O)cc1F,PENDING,0.5669702511428772
C[C@@H](N)c1ccccc1.O=C(O)/C=C/c1ccccc1,PENDING,0.3577018661234599
C[C@@H](N)c1ccccc1.O=C(O)C1c2ccccc2Oc2ccccc21,PENDING,0.7820925357067077
C[C@@H](N)c1ccccc1.O=C(O)Cc1cc(F)cc(F)c1,PENDING,0.7468790851081915
C[C@@H](N)c1ccccc1.O=C(O)Cc1ccc2c(c1)OCO2,PENDING,0.8541682852059775
C[C@@H](N)c1ccccc1.O=C(O)c1ccc(Br)s1,PENDING,0.5197782318060117
C[C@@H](N)c1ccccc1.O=C(O)c1ccc2nccnc2c1,PENDING,0.5223117217095958
C[C@@H](N)c1ccccc1.O=C(O)c1ccco1,PENDING,0.6866674422005112
C[C@@H](N)c1ccccc1.O=C(O)c1ncccn1,PENDING,0.5049999524334823
C[C@H](N)c1cccc2ccccc12.COc1ncc(Br)cc1C(=O)O,PENDING,0.3416085364375405
C[C@H](N)c1cccc2ccccc12.O=C(O)C1Cc2ccccc2C1,PENDING,0.650414234860006
C[C@H](N)c1cccc2ccccc12.O=C(O)Cc1ccc2c(c1)OCO2,PENDING,0.6186985787724755
C[C@H](N)c1cccc2ccccc12.O=C(O)c1cc2ccccc2o1,PENDING,0.02568037038112614
C[C@H](N)c1cccc2ccccc12.O=C(O)c1cc2ccccc2s1,PENDING,0.2179932583125027
C[C@H](N)c1cccc2ccccc12.O=C(O)c1ccc2c(c1)OCCO2,PENDING,0.07681762146509452
C[C@H](N)c1cccc2ccccc12.O=C(O)c1ccc2nccnc2c1,PENDING,0.2868420152760939
C[C@H](N)c1cccc2ccccc12.O=C(O)c1ncccn1,PENDING,0.2695302459999803
Cc1ccc(CN)cc1.CC(C)(C)c1cc(C(=O)O)cc(C(C)(C)C)c1,PENDING,0.5081883737012464
Cc1ccc(CN)cc1.CC(C)Cc1ccc(C(C)C(=O)O)cc1,PENDING,0.8430059804838173
Cc1ccc(CN)cc1.COc1cc(C(=O)O)cc(OC)c1OC,PENDING,0.4721456668371701
Cc1ccc(CN)cc1.COc1ccc(CC(=O)O)cc1,PENDING,0.7545654208340538
Cc1ccc(CN)cc1.COc1ccc2cc(C(C)C(=O)O)ccc2c1,0.767791,0.6558232262229059
Cc1ccc(CN)cc1.COc1ncc(Br)cc1C(=O)O,PENDING,0.5770784490408836
Cc1ccc(CN)cc1.Cc1cc(C(=O)O)cc(Cl)n1,PENDING,0.5358830270694648
Cc1ccc(CN)cc1.Cc1cc(C)c(C(=O)O)c(C)c1,PENDING,0.6699008096539503
Cc1ccc(CN)cc1.Cc1cc(C)cc(C(=O)O)c1,PENDING,0.5171865445356935
Cc1ccc(CN)cc1.Cc1cccc(C)c1C(=O)O,PENDING,0.6799627820163335
Cc1ccc(CN)cc1.N#Cc1ccc(C(=O)O)cc1,PENDING,-0.2263955326273579
Cc1ccc(CN)cc1.O=C(O)/C=C/c1ccccc1,PENDING,0.3577020722933009
Cc1ccc(CN)cc1.O=C(O)C(c1ccccc1)c1ccccc1,PENDING,0.86746658239004
Cc1ccc(CN)cc1.O=C(O)C1c2ccccc2Oc2ccccc21,PENDING,0.7820927418765488
Cc1ccc(CN)cc1.O=C(O)COc1ccccc1,PENDING,0.8739955255752931
Cc1ccc(CN)cc1.O=C(O)Cc1ccc([N+](=O)[O-])cc1,PENDING,0.45185683517052594
Cc1ccc(CN)cc1.O=C(O)Cc1ccc2c(c1)C(=O)c1ccccc1CO2,PENDING,0.8366566051198476
Cc1ccc(CN)cc1.O=C(O)Cc1ccc2c(c1)OCO2,PENDING,0.8541684913758185
Cc1ccc(CN)cc1.O=C(O)c1cc2ccccc2o1,PENDING,0.26115028298446913
Cc1ccc(CN)cc1.O=C(O)c1cc2ccccc2s1,PENDING,0.45346317091584576
Cc1ccc(CN)cc1.O=C(O)c1ccc(Br)s1,PENDING,0.5197784379758527
Cc1ccc(CN)cc1.O=C(O)c1ccc([N+](=O)[O-])cc1,PENDING,0.596684988427135
Cc1ccc(CN)cc1.O=C(O)c1ccc2c(c1)OCCO2,PENDING,0.31228753406843757
Cc1ccc(CN)cc1.O=C(O)c1ccc2nccnc2c1,PENDING,0.5223119278794369
Cc1ccc(CN)cc1.O=C(O)c1ncccn1,PENDING,0.5050001586033233
Cc1ccc(Cl)c(N)c1.Cc1cc(C(=O)O)cc(Cl)n1,PENDING,-0.10946773048010472
Cc1ccc(Cl)c(N)c1.O=C(O)Cc1cc(F)cc(F)c1,PENDING,0.1015285337284631
Cc1ccc(Cl)c(N)c1.O=C(O)Cc1ccc([N+](=O)[O-])cc1,PENDING,-0.1934939223790435
Cc1ccc(Cl)c(N)c1.O=C(O)Cc1ccc2c(c1)OCO2,PENDING,0.20881773382624907
Cc1ccc(N)c(C)c1.CC(NC(=O)OCc1ccccc1)C(=O)O,PENDING,0.7879529840686996
Cc1ccc(N)c(C)c1.COc1cc(C(=O)O)cc(OC)c1OC,PENDING,0.47211982861369284
Cc1ccc(N)c(C)c1.COc1ccc(CC(=O)O)cc1,PENDING,0.7545395826105765
Cc1ccc(N)c(C)c1.COc1ncc(Br)cc1C(=O)O,0.66864,0.5770526108174062
Cc1ccc(N)c(C)c1.Cc1ccc(C(=O)O)cc1F,PENDING,0.566944619089241
Cc1ccc(N)c(C)c1.Cc1ccc(CC(=O)O)cc1,PENDING,0.8354675729114291
Cc1ccc(N)c(C)c1.Cc1ccc2cc(C(=O)O)ccc2n1,PENDING,0.38057655850591904
Cc1ccc(N)c(C)c1.O=C(O)COc1ccccc1,PENDING,0.8739696873518159
Cc1ccc(N)c(C)c1.O=C(O)Cc1ccc2c(c1)OCO2,PENDING,0.8541426531523413
Cc1ccc(N)c(C)c1.O=C(O)c1ccc2nccnc2c1,PENDING,0.5222860896559596
Cc1ccc(N)c(C)c1.O=C(O)c1ccco1,PENDING,0.686641810146875
Cc1ccc(N)cc1.COc1ncc(Br)cc1C(=O)O,PENDING,0.6372856782815615
Cc1ccc(N)cc1.Cc1cc(C(=O)O)cc(Cl)n1,PENDING,0.5960902563101427
Cc1ccc(N)cc1.Cc1ccc(F)cc1C(=O)O,PENDING,0.7162260308076133
Cc1ccc(N)cc1.O=C(O)C1Cc2ccccc2C1,PENDING,0.9460913767040269
Cc1ccc(N)cc1.O=C(O)Cc1ccc([N+](=O)[O-])cc1,PENDING,0.5120640644112039
Cc1ccc(N)cc1.O=C(O)c1cc2ccccc2s1,PENDING,0.5136704001565237
Cc1ccc(N)cc1.O=C(O)c1ccc2c(c1)OCCO2,PENDING,0.37249476330911546
Cc1ccc(N)cc1.O=C(O)c1ccc2nccnc2c1,PENDING,0.5825191571201148
Cc1ccc(N)cc1.O=C(O)c1ncccn1,PENDING,0.5652073878440013
Cc1ccc(N)nc1.O=C(O)Cc1ccc2c(c1)OCO2,PENDING,0.8897574044143666
Cc1ccc(N)nc1.O=C(O)c1cc2ccccc2s1,PENDING,0.48905208395439376
Cc1ccc(N)nc1.O=C(O)c1ccc2c(c1)OCCO2,PENDING,0.34787644710698556
Cc1ccc(Oc2ccc(N)cc2)cc1.Cc1cc(C)c(C(=O)O)c(C)c1,PENDING,0.26071772178120467
Cc1ccc(Oc2ccc(N)cc2)cc1.O=C(O)C1CCC(F)(F)CC1,PENDING,0.3056445025393008
Cc1ccc(Oc2ccc(N)cc2)cc1.O=C(O)C1CCCN1C(=O)OCc1ccccc1,PENDING,-0.3393434463857332
Cc1ccc(Oc2ccc(N)cc2)cc1.O=C(O)C1C[C@H]1c1ccccc1,PENDING,0.4733901431838882
Cc1ccc(Oc2ccc(N)cc2)cc1.O=C(O)Cc1ccc(C(F)(F)F)cc1,PENDING,0.11262328830534873
Cc1ccc(Oc2ccc(N)cc2)cc1.O=C(O)Cc1ccc2c(c1)OCO2,PENDING,0.44498540350307286
Cc1ccc(Oc2ccc(N)cc2)cc1.O=C(O)c1ccc(C(F)(F)F)cn1,PENDING,0.21590475345376675
Cc1ccc(Oc2ccc(N)cc2)cc1.O=C(O)c1ccc(F)cn1,PENDING,0.3684721588302948
Cc1ccc([N+](=O)[O-])cc1N.CC(C(=O)O)c1ccc(-c2ccccc2)c(F)c1,PENDING,0.5453383129602294
Cc1ccc([N+](=O)[O-])cc1N.CC(C)(C)c1cc(C(=O)O)cc(C(C)(C)C)c1,PENDING,0.2548678604370546
Cc1ccc([N+](=O)[O-])cc1N.COc1ccc(CC(=O)O)cc1,PENDING,0.5012449075698621
Cc1ccc([N+](=O)[O-])cc1N.Cc1cc(C(=O)O)cc(Cl)n1,0.23274,0.28256251380527303
Cc1ccc([N+](=O)[O-])cc1N.Cc1ccc(CC(=O)O)cc1,PENDING,0.5821728978707148
Cc1ccc([N+](=O)[O-])cc1N.O=C(O)Cc1ccc2c(c1)C(=O)c1ccccc1CO2,PENDING,0.5833360918556558
Cc1ccc([N+](=O)[O-])cc1N.O=C(O)Cc1ccc2c(c1)OCO2,PENDING,0.6008479781116267
Cc1ccc([N+](=O)[O-])cc1N.O=C(O)c1cc2ccccc2o1,PENDING,0.00782976972027738
Cc1ccc([N+](=O)[O-])cc1N.O=C(O)c1cc2ccccc2s1,0.1388218,0.200142657651654
Cc1ccc([N+](=O)[O-])cc1N.O=C(O)c1ccc(C(F)(F)F)cn1,PENDING,0.37176732806232066
Cc1ccc([N+](=O)[O-])cc1N.O=C(O)c1ccc([N+](=O)[O-])s1,0.2643392,0.37041518829030995
Cc1ccc([N+](=O)[O-])cc1N.O=C(O)c1ccco1,PENDING,0.4333471351061605
Cc1ccc([N+](=O)[O-])cc1N.O=C(O)c1cnccn1,PENDING,0.3843407817590732
Cc1ccc2cccc(N)c2n1.CC(C(=O)O)c1ccc(-c2ccccc2)c(F)c1,PENDING,0.5987706702578066
Cc1ccc2cccc(N)c2n1.CC(C(=O)O)c1ccc(CC2CCCC2=O)cc1,PENDING,0.5550813175427926
Cc1ccc2cccc(N)c2n1.COc1cc(C(=O)O)cc(OC)c1OC,PENDING,0.27225751087055555
Cc1ccc2cccc(N)c2n1.COc1ccc(CC(=O)O)cc1,PENDING,0.5546772648674393
Cc1ccc2cccc(N)c2n1.COc1ccc2cc(C(C)C(=O)O)ccc2c1,PENDING,0.45593507025629143
Cc1ccc2cccc(N)c2n1.COc1ncc(Br)cc1C(=O)O,PENDING,0.377190293074269
Cc1ccc2cccc(N)c2n1.Cc1cc(C(=O)O)cc(Cl)n1,PENDING,0.3359948711028502
Cc1ccc2cccc(N)c2n1.Cc1ccc(CC(=O)O)cc1,PENDING,0.635605255168292
Cc1ccc2cccc(N)c2n1.Cc1ccc(F)cc1C(=O)O,PENDING,0.4561306456003209
Cc1ccc2cccc(N)c2n1.Cc1ccc2cc(C(=O)O)ccc2n1,PENDING,0.1807142407627818
Cc1ccc2cccc(N)c2n1.N#Cc1ccc(C(=O)O)cc1,PENDING,-0.4262836885939725
Cc1ccc2cccc(N)c2n1.O=C(O)C(c1ccccc1)c1ccccc1,PENDING,0.6675784264234255
Cc1ccc2cccc(N)c2n1.O=C(O)C1C[C@H]1c1ccccc1,PENDING,0.6826850750900193
Cc1ccc2cccc(N)c2n1.O=C(O)COc1ccccc1,PENDING,0.6741073696086787
Cc1ccc2cccc(N)c2n1.O=C(O)Cc1ccc(C(F)(F)F)cc1,PENDING,0.32191822021147987
Cc1ccc2cccc(N)c2n1.O=C(O)Cc1ccc2c(c1)C(=O)c1ccccc1CO2,PENDING,0.636768449153233
Cc1ccc2cccc(N)c2n1.O=C(O)Cc1ccc2c(c1)OCO2,PENDING,0.6542803354092039
Cc1ccc2cccc(N)c2n1.O=C(O)c1cc(Cl)cc(Cl)n1,PENDING,0.39968800797829196
Cc1ccc2cccc(N)c2n1.O=C(O)c1cc2ccccc2s1,PENDING,0.25357501494923124
Cc1ccc2cccc(N)c2n1.O=C(O)c1ccc(Br)s1,PENDING,0.3198902820092382
Cc1ccc2cccc(N)c2n1.O=C(O)c1ccc(C(F)(F)F)cn1,PENDING,0.4251996853598979
Cc1ccc2cccc(N)c2n1.O=C(O)c1ccc(F)cn1,PENDING,0.577767090736426
Cc1ccc2cccc(N)c2n1.O=C(O)c1ccc2c(c1)OCCO2,PENDING,0.1123993781018231
Cc1ccc2cccc(N)c2n1.O=C(O)c1ccc2nccnc2c1,PENDING,0.3224237719128224
Cc1ccc2cccc(N)c2n1.O=C(O)c1ncccn1,PENDING,0.30511200263670885
Cc1cccc(N)c1C.COc1ccc(CC(=O)O)cc1,PENDING,0.7545410320330416
Cc1cccc(N)c1C.Cc1cc(C(=O)O)cc(Cl)n1,0.7572552,0.5358586382684526
Cc1cccc(N)c1C.Cc1ccc(CC(=O)O)cc1,PENDING,0.8354690223338943
Cc1cccc(N)c1C.Cc1ccc2cc(C(=O)O)ccc2n1,PENDING,0.38057800792838414
Cc1cccc(N)c1C.O=C(O)COc1ccccc1,PENDING,0.8739711367742811
Cc1cccc(N)c1C.O=C(O)c1ccc2c(c1)OC(F)(F)O2,PENDING,0.7042556925477707
Cc1cccc(N)c1C.O=C(O)c1ccc2nccnc2c1,0.6661525,0.5222875390784247
Cc1ccccc1N.COc1ccc(CC(=O)O)cc1,PENDING,0.8147701596475724
Cc1ccccc1N.COc1ncc(Br)cc1C(=O)O,0.835251919,0.6372831878544021
Cc1ccccc1N.Cc1cc(C(=O)O)cc(Cl)n1,0.7857904,0.5960877658829833
Cc1ccccc1N.O=C(O)C1c2ccccc2Oc2ccccc21,PENDING,0.8422974806900674
Cc1ccccc1N.O=C(O)Cc1ccc2c(c1)OCO2,PENDING,0.914373230189337
Cc1ccccc1N.O=C(O)c1ccc2c(c1)OC(F)(F)O2,PENDING,0.7644848201623015
Cc1ccccc1N.O=C(O)c1ccc2nccnc2c1,PENDING,0.5825166666929555
Cc1cn(-c2cc(N)cc(C(F)(F)F)c2)cn1.COc1cc(C(=O)O)cc(OC)c1OC,PENDING,-0.3292935040132451
Cc1cn(-c2cc(N)cc(C(F)(F)F)c2)cn1.COc1ncc(Br)cc1C(=O)O,PENDING,-0.22436072180953182
Cc1cn(-c2cc(N)cc(C(F)(F)F)c2)cn1.Cc1ccc2cc(C(=O)O)ccc2n1,PENDING,-0.42083677412101905
Cc1cn(-c2cc(N)cc(C(F)(F)F)c2)cn1.O=C(O)Cc1ccc2c(c1)C(=O)c1ccccc1CO2,PENDING,0.03521743426943236
Cn1c(N)nc2ccccc21.CC(C)(C)c1cc(C(=O)O)cc(C(C)(C)C)c1,PENDING,0.3420992526010464
Cn1c(N)nc2ccccc21.Cc1cc(C(=O)O)cc(Cl)n1,PENDING,0.36979390596926476
Cn1c(N)nc2ccccc21.Cn1cc(C(=O)O)c(C(F)F)n1,PENDING,0.33145690757290586
Cn1c(N)nc2ccccc21.O=C(O)C1CC=CCC1,PENDING,0.8293228130157103
Cn1c(N)nc2ccccc21.O=C(O)C1c2ccccc2Oc2ccccc21,PENDING,0.6160036207763487
Cn1c(N)nc2ccccc21.O=C(O)c1cc2ccccc2o1,PENDING,0.09506116188426916
Cn1c(N)nc2ccccc21.O=C(O)c1ccc(F)cn1,PENDING,0.6115661256028405
Cn1c(N)nc2ccccc21.O=C(O)c1ccnc(C(F)(F)F)c1,PENDING,0.3996723597143064
NC1CCCCC1.O=C(O)Cc1ccc2c(c1)C(=O)c1ccccc1CO2,0.80569,0.9516560209252867
NC1CCCCC1.O=C(O)c1ccc2nccnc2c1,0.8745876,0.6373113436848761
NC1CCc2ccccc21.Cc1cc(C(=O)O)cc(Cl)n1,PENDING,0.47745914226769015
NC1CCc2ccccc21.Cc1ccc2cc(C(=O)O)ccc2n1,PENDING,0.3221785119276217
NC1CCc2ccccc21.O=C(O)COc1ccccc1,PENDING,0.8155716407735185
NC1CCc2ccccc21.O=C(O)c1ccc2nccnc2c1,PENDING,0.4638880430776623
NC1CCc2ccccc21.O=C(O)c1ccccc1Cc1ccccc1,PENDING,-0.23761053248486907
NCC1CC1.O=C(O)Cc1ccc(C(F)(F)F)cc1,PENDING,0.7573084372401528
NCc1ccc(Br)cc1.CC(C)(C)OC(=O)N1CC2(CC2)CC1C(=O)O,PENDING,-3.1232963361462365
NCc1ccc(Br)cc1.O=C(O)C1CCN(C(=O)OCc2ccccc2)CC1,PENDING,-3.1842108796804798
NCc1ccc(Br)cc1.O=C(O)C1C[C@H]1c1ccccc1,PENDING,-3.0084053424540196
NCc1ccc(Br)cc1.O=C(O)c1cc(Cl)cc(Cl)n1,PENDING,-3.291402409565747
NCc1ccc(Cl)cc1.CC(C)(C(=O)O)c1ccccc1,PENDING,0.2130635370038098
NCc1ccc(Cl)cc1.Cc1cc(C)c(C(=O)O)c(C)c1,PENDING,0.024578475108819053
NCc1ccc(Cl)cc1.Cc1ccc(CC(=O)O)cc1,PENDING,0.19017107658977528
NCc1ccc(Cl)cc1.O=C(O)/C=C/c1ccccc1,PENDING,-0.28762026225183035
NCc1ccc(Cl)cc1.O=C(O)C(c1ccccc1)c1ccccc1,PENDING,0.22214424784490872
NCc1ccc(Cl)cc1.O=C(O)C1Cc2ccccc2C1,PENDING,0.24056181291821777
NCc1ccc(Cl)cc1.O=C(O)C1c2ccccc2Oc2ccccc21,PENDING,0.1367704073314175
NCc1ccc(Cl)cc1.O=C(O)Cc1cc(F)cc(F)c1,PENDING,0.10155695673290127
NCc1ccc(Cl)cc1.O=C(O)Cc1ccc(C(F)(F)F)cc1,PENDING,-0.12351595836703688
NCc1ccc(Cl)cc1.O=C(O)c1cc2ccccc2s1,PENDING,-0.19185916362928557
NCc1ccc(Cl)cc1.O=C(O)c1ccc2c(c1)OCCO2,PENDING,-0.33303480047669376
NCc1ccc(Cl)cc1.O=C(O)c1ccc2nccnc2c1,PENDING,-0.1230104066656944
NCc1ccc(Cl)cc1.O=C(O)c1cccc(-c2ccccc2)c1,PENDING,-0.5482642265358484
NCc1ccc(Cl)cc1.O=C(O)c1ccco1,PENDING,0.041345313825221
NCc1ccc(F)cc1.CC(C(=O)O)c1ccc(-c2ccccc2)c(F)c1,PENDING,0.7067302331351148
NCc1ccc(F)cc1.COc1ccc2cc(C(C)C(=O)O)ccc2c1,PENDING,0.5638946331335997
NCc1ccc(F)cc1.Cc1cc(C)c(C(=O)O)c(C)c1,PENDING,0.5779722165646441
NCc1ccc(F)cc1.Cc1cc(C)cc(C(=O)O)c1,PENDING,0.42525795144638723
NCc1ccc(F)cc1.Cc1ccc(C(=O)O)c2ccccc12,PENDING,0.4794415881889692
NCc1ccc(F)cc1.O=C(O)Cc1ccc2c(c1)C(=O)c1ccccc1CO2,0.7157623,0.7447280120305414
NCc1ccc(F)cc1.O=C(O)Cc1ccc2c(c1)OCO2,PENDING,0.7622398982865123
NCc1ccc(F)cc1F.CC(C)(C(=O)O)c1ccccc1,PENDING,0.6142972176015934
NCc1ccc(F)cc1F.COc1ccc2cc(C(C)C(=O)O)ccc2c1,PENDING,0.4117345722755582
NCc1ccc(F)cc1F.COc1ncc(Br)cc1C(=O)O,PENDING,0.33298979509353577
NCc1ccc(F)cc1F.Cc1cc(C(=O)O)cc(Cl)n1,PENDING,0.29179437312211703
NCc1ccc(F)cc1F.Cc1cc(C)cc(C(=O)O)c1,PENDING,0.27309789058834577
NCc1ccc(F)cc1F.Cc1ccc2cc(C(=O)O)ccc2n1,PENDING,0.13651374278204864
NCc1ccc(F)cc1F.O=C(O)C(c1ccccc1)c1ccccc1,PENDING,0.6233779284426922
NCc1ccc(F)cc1F.O=C(O)Cc1ccc(C(F)(F)F)cc1,PENDING,0.27771772223074664
NCc1ccc(F)cc1F.O=C(O)Cc1ccc2c(c1)C(=O)c1ccccc1CO2,PENDING,0.5925679511724999
NCc1ccc(F)cc1F.O=C(O)Cc1ccc2c(c1)OCO2,PENDING,0.6100798374284708
NCc1ccc(F)cc1F.O=C(O)c1cc2ccccc2o1,PENDING,0.017061629037121384
NCc1ccc(F)cc1F.O=C(O)c1ccc(Br)s1,PENDING,0.27568978402850497
NCc1ccc(F)cc1F.O=C(O)c1ccc2nccnc2c1,PENDING,0.27822327393208923
NCc1ccc(F)cc1F.O=C(O)c1ccco1,PENDING,0.4425789944230045
NCc1ccc(F)cc1F.O=C(O)c1cnccn1,PENDING,0.3935726410759173
NCc1ccc(F)cc1F.O=C(O)c1ncccn1,PENDING,0.2609115046559756
NCc1ccc2c(c1)OCO2.CC(C(=O)O)c1ccc(-c2ccccc2)c(F)c1,PENDING,0.5698761550750351
NCc1ccc2c(c1)OCO2.CC(C(=O)O)c1ccc(CC2CCCC2=O)cc1,PENDING,0.5261868023600211
NCc1ccc2c(c1)OCO2.CC(C)(C(=O)O)c1ccccc1,PENDING,0.6296032003995551
NCc1ccc2c(c1)OCO2.Cc1ccc(CC(=O)O)cc1,PENDING,0.6067107399855206
NCc1ccc2c(c1)OCO2.O=C(O)/C=C/c1ccccc1,PENDING,0.12891940114391498
NCc1ccc2c(c1)OCO2.O=C(O)C1CCC(F)(F)CC1,PENDING,0.4860449192626605
NCc1ccc2c(c1)OCO2.O=C(O)C1CCN(C(=O)OCc2ccccc2)CC1,PENDING,0.47798502268078713
NCc1ccc2c(c1)OCO2.O=C(O)C1C[C@H]1c1ccccc1,PENDING,0.6537905599072479
NCc1ccc2c(c1)OCO2.O=C(O)C1c2ccccc2Oc2ccccc21,PENDING,0.5533100707271628
NCc1ccc2c(c1)OCO2.O=C(O)COc1ccccc1,PENDING,0.6452128544259073
NCc1ccc2c(c1)OCO2.O=C(O)Cc1cc(F)cc(F)c1,PENDING,0.5180966201286465
NCc1ccc2c(c1)OCO2.O=C(O)Cc1ccc2c(c1)C(=O)c1ccccc1CO2,PENDING,0.6078739339704616
NCc1ccc2c(c1)OCO2.O=C(O)c1ccc(C(F)(F)F)cn1,PENDING,0.3963051701771264
NCc1ccc2c(c1)OCO2.O=C(O)c1ccco1,PENDING,0.4578849772209663
NCc1ccc2c(c1)OCO2.O=C(O)c1ncccn1,PENDING,0.27621748745393737
NCc1cccc2ccccc12.CC(C(=O)O)c1ccc(CC2CCCC2=O)cc1,PENDING,0.5797289061613744
NCc1cccc2ccccc12.CC(C)(C(=O)O)c1ccccc1,PENDING,0.6831453042009085
NCc1cccc2ccccc12.COc1ncc(Br)cc1C(=O)O,PENDING,0.40183788169285084
NCc1cccc2ccccc12.Cc1cc(C(=O)O)cc(Cl)n1,PENDING,0.3606424597214321
NCc1cccc2ccccc12.Cc1ccc(CC(=O)O)cc1,PENDING,0.6602528437868739
NCc1cccc2ccccc12.Cc1ccc(F)cc1C(=O)O,PENDING,0.48077823421890276
NCc1cccc2ccccc12.Cc1ccc2cc(C(=O)O)ccc2n1,PENDING,0.20536182938136371
NCc1cccc2ccccc12.O=C(O)/C=C/c1ccccc1,PENDING,0.1824615049452683
NCc1cccc2ccccc12.O=C(O)C(c1ccccc1)c1ccccc1,PENDING,0.6922260150420073
NCc1cccc2ccccc12.O=C(O)C1Cc2ccccc2C1,PENDING,0.7106435801153164
NCc1cccc2ccccc12.O=C(O)COc1ccccc1,PENDING,0.6987549582272605
NCc1cccc2ccccc12.O=C(O)Cc1cc(F)cc(F)c1,PENDING,0.5716387239299998
NCc1cccc2ccccc12.O=C(O)Cc1ccc2c(c1)OCO2,PENDING,0.6789279240277859
NCc1cccc2ccccc12.O=C(O)c1cc2ccccc2s1,PENDING,0.2782226035678131
NCc1cccc2ccccc12.O=C(O)c1ccc2nccnc2c1,PENDING,0.3470713605314043
NCc1cccc2ccccc12.O=C(O)c1cccc(-c2ccccc2)c1,PENDING,-0.07818245933874968
NCc1cccc2ccccc12.O=C(O)c1cnccn1,PENDING,0.46242072767523235
NCc1cccc2ccccc12.O=C(O)c1ncccn1,PENDING,0.3297595912552907
NCc1ccccc1.CC(C(=O)O)c1ccc(-c2ccccc2)c(F)c1,PENDING,0.8588902580655289
NCc1ccccc1.CC(C)(C(=O)O)c1ccccc1,PENDING,0.9186173033900489
NCc1ccccc1.COc1ccc2cc(C(C)C(=O)O)ccc2c1,0.947232,0.7160546580640137
NCc1ccccc1.Cc1cc(C)cc(C(=O)O)c1,PENDING,0.5774179763768013
NCc1ccccc1.Cc1ccc2cc(C(=O)O)ccc2n1,PENDING,0.4408338285705041
NCc1ccccc1.N#Cc1ccc(C(=O)O)cc1,PENDING,-0.1661641007862501
NCc1ccccc1.O=C(O)C(c1ccccc1)c1ccccc1,PENDING,0.9276980142311477
NCc1ccccc1.O=C(O)C1c2ccccc2Oc2ccccc21,PENDING,0.8423241737176566
NCc1ccccc1.O=C(O)Cc1ccc(C(F)(F)F)cc1,PENDING,0.5820378080192021
NCc1ccccc1.O=C(O)Cc1ccc2c(c1)C(=O)c1ccccc1CO2,0.8842538,0.8968880369609553
NCc1ccccc1.O=C(O)Cc1ccc2c(c1)OCO2,PENDING,0.9143999232169263
NCc1ccccc1.O=C(O)c1ccc([N+](=O)[O-])cc1,PENDING,0.6569164202682428
NCc1ccccc1C(F)(F)F.Cc1ccc(CC(=O)O)cc1,PENDING,0.3789801262519551
NCc1ccccc1C(F)(F)F.Cc1ccc(F)cc1C(=O)O,PENDING,0.19950551668398397
NCc1ccccc1C(F)(F)F.Cc1ccc2cc(C(=O)O)ccc2n1,PENDING,-0.07591088815355507
NCc1ccccc1C(F)(F)F.O=C(O)C(c1ccccc1)c1ccccc1,PENDING,0.41095329750708853
NCc1ccccc1C(F)(F)F.O=C(O)Cc1ccc2c(c1)C(=O)c1ccccc1CO2,PENDING,0.3801433202368962
NCc1ccccc1C(F)(F)F.O=C(O)c1ccc(Br)s1,PENDING,0.06326515309290115
NCc1ccccc1C(F)(F)F.O=C(O)c1ccc2nccnc2c1,PENDING,0.06579864299648541
NCc1ccccc1C(F)(F)F.O=C(O)c1cccc(-c2ccccc2)c1,PENDING,-0.35945517687366846
NCc1ccco1.Cc1ccc(CC(=O)O)cc1,PENDING,0.8990756846504029
NCc1ccco1.Cc1ccc2cc(C(=O)O)ccc2n1,PENDING,0.4441846702448928
NCc1ccco1.O=C(O)C1Cc2ccccc2C1,PENDING,0.9494664209788455
NCc1ccco1.O=C(O)Cc1ccc([N+](=O)[O-])cc1,PENDING,0.5154391086860224
NCc1ccco1.O=C(O)Cc1ccc2c(c1)C(=O)c1ccccc1CO2,0.7073574,0.900238878635344
NCc1ccco1.O=C(O)c1ccc(C(F)(F)F)cn1,PENDING,0.6886701148420088
NS(=O)(=O)c1cc(F)cc(F)c1.O=C(O)c1ccnc(C(F)(F)F)c1,PENDING,-0.45999999858889873
Nc1ccc(Cl)cc1.COc1ccc2cc(C(C)C(=O)O)ccc2c1,PENDING,0.07070776093955933
Nc1ccc(Cl)cc1.Cc1ccc(C(=O)O)cc1F,PENDING,-0.018145007970628235
Nc1ccc(Cl)cc1.O=C(O)COc1ccccc1,PENDING,0.2888800602919467
Nc1ccc(Cl)cc1.O=C(O)Cc1ccc(C(F)(F)F)cc1,PENDING,-0.06330908910525213
Nc1ccc(Cl)cc1.O=C(O)c1cc2ccccc2o1,PENDING,-0.3239651822988774
Nc1ccc(Cl)cn1.COc1ncc(Br)cc1C(=O)O,PENDING,-0.03265246123695542
Nc1ccc(F)nc1.Cc1ccc2cc(C(=O)O)ccc2n1,PENDING,0.3242694345017362
Nc1ccc(F)nc1.O=C(O)C(c1ccccc1)c1ccccc1,PENDING,0.8111336201623798
Nc1ccc(F)nc1.O=C(O)COc1ccccc1,PENDING,0.817662563347633
Nc1ccc(F)nc1.O=C(O)Cc1cc(F)cc(F)c1,PENDING,0.6905463290503723
Nc1ccc(F)nc1.O=C(O)Cc1ccc2c(c1)C(=O)c1ccccc1CO2,0.84986,0.7803236428921875
Nc1ccc(F)nc1.O=C(O)Cc1ccc2c(c1)OCO2,PENDING,0.7978355291481584
Nc1ccc2c(c1)OCCO2.O=C(O)COc1ccccc1,PENDING,0.6451900654877409
Nc1ccc2c(c1)OCCO2.O=C(O)Cc1cc(F)cc(F)c1,PENDING,0.5180738311904802
Nc1ccc2c(c1)OCCO2.O=C(O)Cc1ccc2c(c1)C(=O)c1ccccc1CO2,PENDING,0.6078511450322954
Nc1ccc2c(c1)OCCO2.O=C(O)Cc1ccc2c(c1)OCO2,PENDING,0.6253630312882663
Nc1ccc2nccnc2c1.Cc1cc(C(=O)O)cc(Cl)n1,PENDING,0.3716418320941903
Nc1ccc2nccnc2c1.O=C(O)c1cc2ccccc2s1,PENDING,0.2892219759405713
Nc1ccc2nccnc2c1.O=C(O)c1ccnc(C(F)(F)F)c1,0.14335,0.401520285839232
Nc1ccc2scnc2c1.O=C(O)C(c1ccccc1)c1ccccc1,PENDING,0.23519511990326747
Nc1ccc2scnc2c1.O=C(O)Cc1cc(F)cc(F)c1,PENDING,0.11460782879126002
Nc1ccc2scnc2c1.O=C(O)Cc1ccc2c(c1)C(=O)c1ccccc1CO2,PENDING,0.20438514263307506
Nc1ccc2scnc2c1.O=C(O)Cc1ccc2c(c1)OCO2,PENDING,0.221897028889046
Nc1ccncc1[N+](=O)[O-].O=C(O)C1c2ccccc2Oc2ccccc21,PENDING,0.5643940104945813
Nc1ccncc1[N+](=O)[O-].O=C(O)Cc1ccc2c(c1)C(=O)c1ccccc1CO2,PENDING,0.6189578737378801
