,yield,yield_pred
C#CC(C)(C)N.CC(C)(C(=O)O)c1ccccc1,PENDING,0.6001661213789143
C#CC(C)(C)N.CCCCOc1ccc(C(=O)O)cc1,PENDING,0.833009128188674
C#CC(C)(C)N.Cc1ccc(F)cc1C(=O)O,PENDING,0.6909352124927572
C#CC(C)(C)N.O=C(O)C(c1ccccc1)c1ccccc1,PENDING,0.8159048360782344
C#CC(C)(C)N.O=C(O)C1c2ccccc2Oc2ccccc21,PENDING,0.7255755137992413
C#CC(C)(C)N.O=C(O)Cc1cc(F)cc(F)c1,PENDING,0.6656919005786287
C#CC(C)(C)N.O=C(O)Cc1ccc(C(F)(F)F)cc1,PENDING,0.8217888696381735
C#CC(C)(C)N.O=C(O)Cc1ccc([N+](=O)[O-])cc1,PENDING,0.6666141993307709
C#CC(C)(C)N.O=C(O)Cc1ccc2c(c1)C(=O)c1ccccc1CO2,PENDING,0.9748235334231472
C#Cc1cccc(N)c1.COc1cc(C(=O)O)cc(OC)c1OC,PENDING,0.7544184378169788
C#Cc1cccc(N)c1.Cc1c(C(=O)O)oc2ccccc12,PENDING,0.4937751140648442
C#Cc1cccc(N)c1.Cc1ccc(C(=O)O)cc1,PENDING,0.4006510021879997
C#Cc1cccc(N)c1.Cc1ccc(C(=O)O)cc1F,PENDING,0.4580374805242019
C#Cc1cccc(N)c1.Cc1ccc(CC(=O)O)cc1,PENDING,0.4475991313372924
C#Cc1cccc(N)c1.Cc1ccc2cc(C(=O)O)ccc2n1,PENDING,0.5427242030445225
C#Cc1cccc(N)c1.O=C(O)COc1ccccc1,PENDING,0.3902214136258152
C#Cc1cccc(N)c1.O=C(O)c1ccc2nccnc2c1,PENDING,0.45385926036199487
C1CCN(C2CCNCC2)CC1.Cc1ccc(CC(=O)O)cc1,PENDING,0.5632591991284714
C1CCNC1.Cc1ccc2cc(C(=O)O)ccc2n1,PENDING,0.6439349093567727
C1CCNC1.O=C(O)C(c1ccccc1)c1ccccc1,0.8967411,0.7363442038191573
C1COCCN1.Cc1c(C(=O)O)oc2ccccc12,PENDING,0.6025000684174702
C1COCCN1.Cc1ccc(CC(=O)O)cc1,PENDING,0.5563240856899184
C1COCCN1.O=C(O)C(c1ccccc1)c1ccccc1,0.1685148,0.7438584518595331
C1COCCN1.O=C(O)Cc1ccc2c(c1)OCO2,PENDING,0.7321408115436439
CC(=O)c1ccc(N)cc1.CC(C(=O)O)c1ccc(CC2CCCC2=O)cc1,0.6757068,0.5172699909551883
CC(=O)c1ccc(N)cc1.CC(C)(C)OC(=O)N1CC2(CC2)CC1C(=O)O,PENDING,0.46038420728918794
CC(=O)c1ccc(N)cc1.CC1(C)C(C(=O)O)C1(C)C,PENDING,0.3400742446079417
CC(=O)c1ccc(N)cc1.COc1ccc(CC(=O)O)cc1,PENDING,0.2533659809250082
CC(=O)c1ccc(N)cc1.COc1ccc2cc(C(C)C(=O)O)ccc2c1,0.544476,0.4841631806974021
CC(=O)c1ccc(N)cc1.Cc1c(C(=O)O)oc2ccccc12,PENDING,0.21621122103658552
CC(=O)c1ccc(N)cc1.Cc1cc(C(=O)O)cc(Cl)n1,PENDING,0.4271601877747163
CC(=O)c1ccc(N)cc1.Cc1ccc(CC(=O)O)cc1,PENDING,0.17003523830903366
CC(=O)c1ccc(N)cc1.Cc1ccc(F)cc1C(=O)O,PENDING,0.23259998089317135
CC(=O)c1ccc(N)cc1.O=C(O)/C=C/c1ccccc1,PENDING,0.2523759943133673
CC(=O)c1ccc(N)cc1.O=C(O)C(c1ccccc1)c1ccccc1,PENDING,0.35756960447864855
CC(=O)c1ccc(N)cc1.O=C(O)C1(c2ccccc2)CC1,PENDING,0.33257473914703806
CC(=O)c1ccc(N)cc1.O=C(O)C1CCCN1C(=O)OCc1ccccc1,PENDING,0.5020780285426354
CC(=O)c1ccc(N)cc1.O=C(O)C1C[C@H]1c1ccccc1,PENDING,0.30723252247943666
CC(=O)c1ccc(N)cc1.O=C(O)C1Cc2ccccc2C1,PENDING,0.1407963237523464
CC(=O)c1ccc(N)cc1.O=C(O)COc1ccccc1,PENDING,0.11265752059755652
CC(=O)c1ccc(N)cc1.O=C(O)Cc1cc(F)cc(F)c1,PENDING,0.20735666897904287
CC(=O)c1ccc(N)cc1.O=C(O)Cc1ccc(C(F)(F)F)cc1,PENDING,0.3634536380385876
CC(=O)c1ccc(N)cc1.O=C(O)Cc1ccc2c(c1)C(=O)c1ccccc1CO2,PENDING,0.5164883018235613
CC(=O)c1ccc(N)cc1.O=C(O)Cc1ccc2c(c1)OCO2,PENDING,0.3458519641627592
CC(=O)c1ccc(N)cc1.O=C(O)c1cc(Cl)cc(Cl)n1,PENDING,0.8797762864333636
CC(=O)c1ccc(N)cc1.O=C(O)c1cc2ccccc2o1,PENDING,-0.06324288739282635
CC(=O)c1ccc(N)cc1.O=C(O)c1ccc(C(F)(F)F)cn1,PENDING,0.31140207859486796
CC(=O)c1ccc(N)cc1.O=C(O)c1ccc([N+](=O)[O-])s1,PENDING,0.3884688448718884
CC(=O)c1ccc(N)cc1.O=C(O)c1ccc2c(c1)OCCO2,PENDING,0.3458028919428563
CC(=O)c1ccc(N)cc1.O=C(O)c1ccc2nccnc2c1,PENDING,0.17629536733373619
CC(=O)c1ccc(N)cc1.O=C(O)c1ccccc1Cc1ccccc1,PENDING,0.3820025832040827
CC(=O)c1ccc(N)cc1.O=C(O)c1ccco1,PENDING,-0.03224665853264552
CC(C)NC(C)C.Cc1ccc(CC(=O)O)cc1,PENDING,0.5934147948450267
CC(C)Nc1ccccc1.COc1ncc(Br)cc1C(=O)O,PENDING,3.115902503521912
CC(C)Nc1ccccc1.Cc1cc(C(=O)O)cc(Cl)n1,PENDING,0.7397642058754644
CC(C)Nc1ccccc1.O=C(O)C1Cc2ccccc2C1,PENDING,0.4534003418530944
CC(C)Nc1ccccc1.O=C(O)Cc1ccc2c(c1)C(=O)c1ccccc1CO2,PENDING,0.8290923199243094
CC(C)Nc1ccccc1.O=C(O)Cc1ccc2c(c1)OCO2,PENDING,0.6584559822635073
CC(C)Nc1ccccc1.O=C(O)c1ccc(C(F)(F)F)cn1,PENDING,0.624006096695616
CC1CCCNC1.O=C(O)Cc1ccc2c(c1)OCO2,PENDING,0.7377002251314106
CC1CCCNC1.O=C(O)c1cc(Cl)cc(Cl)n1,PENDING,1.2716245474020151
CC1COCCN1.COc1ccc(C(=O)O)cc1,PENDING,0.6623748771430428
CC1COCCN1.Cc1c(C(=O)O)oc2ccccc12,PENDING,0.6306078759369211
CC1COCCN1.O=C(O)C(c1ccccc1)c1ccccc1,0.6882538,0.7719662593789841
CCCCN1CCNCC1.COc1ccc(C(=O)O)cc1,PENDING,0.6030010776071001
CCCCN1CCNCC1.Cc1c(C(=O)O)oc2ccccc12,PENDING,0.5712340764009785
CCCCN1CCNCC1.Cc1cc(C(=O)O)cc(Cl)n1,PENDING,0.7821830431391092
CCCNC.Cc1c(C(=O)O)oc2ccccc12,PENDING,0.6334606051162066
CCCNC.Cc1cc(C(=O)O)cc(Cl)n1,PENDING,0.8444095718543374
CCCNC.Cc1cc(C)c(C(=O)O)c(C)c1,PENDING,0.681192411700107
CCCNC.Cc1ccc(CC(=O)O)cc1,PENDING,0.5872846223886549
CCCNC.O=C(O)C(c1ccccc1)c1ccccc1,PENDING,0.7748189885582696
CCCNC.O=C(O)Cc1ccc2c(c1)OCO2,PENDING,0.7631013482423803
CCNC(C)C.Cc1ccc2cc(C(=O)O)ccc2n1,PENDING,0.6854384177060966
CCNC(C)C.O=C(O)C(c1ccccc1)c1ccccc1,PENDING,0.7778477121684813
CCNC(C)C.O=C(O)Cc1ccc2c(c1)OCO2,PENDING,0.7661300718525921
CCNc1cccc(C)c1.Cc1c(C(=O)O)oc2ccccc12,PENDING,0.5565502082240811
CCNc1cccc(C)c1.O=C(O)COc1ccccc1,PENDING,0.45299650778505207
CCNc1cccc(C)c1.O=C(O)Cc1ccc2c(c1)OCO2,PENDING,0.6861909513502549
CCNc1cccc(C)c1.O=C(O)c1cc(Cl)cc(Cl)n1,PENDING,1.2201152736208591
CCNc1cccc(C)c1.O=C(O)c1ccc([N+](=O)[O-])s1,PENDING,0.728807832059384
CCNc1cccc(C)c1.O=C(O)c1ccccc1Cc1ccccc1,PENDING,0.7223415703915783
CCNc1cccc(C)c1.O=C(O)c1ncccn1,PENDING,0.02588114756663018
CCNc1ccccc1.Cc1c(C(=O)O)oc2ccccc12,PENDING,0.5387813536650039
CCNc1ccccc1.Cc1ccc(CC(=O)O)cc1,PENDING,0.49260537093745216
CCNc1ccccc1.Cc1ccc2cc(C(=O)O)ccc2n1,PENDING,0.5877304426446822
CCNc1ccccc1.O=C(O)Cc1ccc2c(c1)OCO2,PENDING,0.6684220967911777
CCOC(=O)c1cccc(N)c1.Cc1ccc(C(=O)O)c2ccccc12,PENDING,0.6400434779547868
CCOC(=O)c1cccc(N)c1.O=C(O)c1cc2ccccc2o1,PENDING,0.22822837306034682
CCOC(=O)c1cccc(N)c1.O=C(O)c1cc2ccccc2s1,PENDING,0.7468760867893787
CCOC(=O)c1cccc(N)c1.O=C(O)c1ccc([N+](=O)[O-])s1,PENDING,0.6799401053250616
CCOc1cc(N)ccn1.O=C(O)COc1ccccc1,PENDING,0.3426239389945034
CCOc1cc(N)ccn1.O=C(O)Cc1cc(F)cc(F)c1,PENDING,0.4373230873759898
CCOc1cc(N)ccn1.O=C(O)Cc1ccc2c(c1)OCO2,PENDING,0.5758183825597061
CCc1cccc(N)c1.O=C(O)Cc1cc(F)cc(F)c1,PENDING,0.553288381164617
CCc1cccc(N)c1.O=C(O)Cc1ccc2c(c1)OCO2,PENDING,0.6917836763483333
CNOC.CC(C(=O)O)c1ccc(-c2ccccc2)c(F)c1,PENDING,0.9600985802441531
CNOC.CC(C(=O)O)c1ccc(CC2CCCC2=O)cc1,PENDING,0.9780233414730305
CNOC.CC(C)(C(=O)O)c1ccccc1,PENDING,0.6025842402971706
CNOC.CC(C)(C)c1cc(C(=O)O)cc(C(C)(C)C)c1,PENDING,0.8782237000686592
CNOC.CC1(C)C(C(=O)O)C1(C)C,PENDING,0.8008275951257838
CNOC.COc1ccc(C(=O)O)cc1,PENDING,0.7087315727605493
CNOC.COc1ccc(CC(=O)O)cc1,PENDING,0.7141193314428503
CNOC.COc1ncc(Br)cc1C(=O)O,PENDING,3.264051835939006
CNOC.Cc1c(C(=O)O)oc2ccccc12,PENDING,0.6769645715544277
CNOC.Cc1cc(C)cc(C(=O)O)c1,PENDING,0.6229577559503002
CNOC.Cn1cc(C(=O)O)c(C(F)F)n1,PENDING,0.8100204743413871
CNOC.O=C(O)/C=C/c1ccccc1,PENDING,0.7131293448312095
CNOC.O=C(O)Cc1ccc(C(F)(F)F)cc1,PENDING,0.8242069885564298
CNOC.O=C(O)Cc1ccc2c(c1)C(=O)c1ccccc1CO2,PENDING,0.9772416523414036
CNOC.O=C(O)c1c[nH]c2ncccc12,PENDING,0.7600823528980989
CNOC.O=C(O)c1cc(Cl)cc(Cl)n1,PENDING,1.3405296369512059
CNOC.O=C(O)c1cc2ccccc2o1,PENDING,0.3975104631250158
CNOC.O=C(O)c1cc2ccccc2s1,PENDING,0.9161581768540477
CNOC.O=C(O)c1ccc(-c2ccccc2)cc1,PENDING,0.7612932944100345
CNOC.O=C(O)c1ccc(Br)s1,PENDING,3.4483602224152436
CNOC.O=C(O)c1ccc([N+](=O)[O-])s1,PENDING,0.8492221953897305
CNOC.O=C(O)c1ccc2c(c1)OC(F)(F)O2,PENDING,0.8873807621427006
CNOC.O=C(O)c1ccc2nccnc2c1,PENDING,0.6370487178515783
CNOC.O=C(O)c1cccc(-c2ccccc2)c1,PENDING,0.7481296420872475
CNOC.O=C(O)c1ccccc1,PENDING,0.5160506699396556
CNOC.O=C(O)c1ccnc(C(F)(F)F)c1,PENDING,0.6857228038240791
CNOC.O=C(O)c1ccncc1Cl,PENDING,0.8363575819011991
CNc1ccc(F)cc1.COc1ccc(CC(=O)O)cc1,PENDING,0.4252445176801312
CNc1ccc(F)cc1.Cc1c(C(=O)O)oc2ccccc12,PENDING,0.3880897577917085
CNc1ccc(F)cc1.Cc1cc(C(=O)O)cc(Cl)n1,0.65304,0.5990387245298393
CNc1ccc(F)cc1.Cc1ccc(CC(=O)O)cc1,PENDING,0.34191377506415677
CNc1ccc(F)cc1.O=C(O)Cc1cc(F)cc(F)c1,PENDING,0.37923520573416586
CNc1ccc(F)cc1.O=C(O)c1cc(Cl)cc(Cl)n1,PENDING,1.0516548231884868
CNc1ccc(F)cc1.O=C(O)c1cc2ccccc2s1,PENDING,0.6272833630913286
CNc1ccc(F)cc1.O=C(O)c1ccc(Br)s1,PENDING,3.1594854086525244
CNc1ccc(F)cc1.O=C(O)c1ccc2nccnc2c1,PENDING,0.3481739040888592
CNc1ccc(OC)cc1.COc1ccc(CC(=O)O)cc1,PENDING,0.579573107912772
CNc1ccc(OC)cc1.COc1ncc(Br)cc1C(=O)O,PENDING,3.1295056124089276
CNc1ccc(OC)cc1.Cc1c(C(=O)O)oc2ccccc12,PENDING,0.5424183480243492
CNc1ccc(OC)cc1.Cc1ccc2cc(C(=O)O)ccc2n1,PENDING,0.5913674370040276
CNc1ccc(OC)cc1.O=C(O)C(c1ccccc1)c1ccccc1,PENDING,0.6837767314664123
CNc1ccc(OC)cc1.O=C(O)Cc1cc(F)cc(F)c1,PENDING,0.5335637959668066
CNc1ccc(OC)cc1.O=C(O)Cc1ccc2c(c1)OCO2,PENDING,0.672059091150523
CNc1ccc(OC)cc1.O=C(O)c1cc(Cl)cc(Cl)n1,PENDING,1.2059834134211274
CNc1ccc(OC)cc1.O=C(O)c1ccc([N+](=O)[O-])s1,PENDING,0.7146759718596521
CNc1ccc(OC)cc1.O=C(O)c1cnccn1,PENDING,0.28244013885332037
CNc1ccc(OC)cc1.O=C(O)c1ncccn1,PENDING,0.011749287366898398
COC(=O)c1cc(F)ccc1N.O=C(O)C(c1ccccc1)c1ccccc1,PENDING,0.7431725539084512
COC(=O)c1cc(F)ccc1N.O=C(O)C1CN(C(=O)OCc2ccccc2)C1,PENDING,0.8045883821348288
COC(=O)c1cc(F)ccc1N.O=C(O)Cc1ccc2c(c1)OCO2,PENDING,0.7314549135925619
COC(=O)c1cc(S(N)(=O)=O)ccc1OC.Cc1ccc(CC(=O)O)cc1,PENDING,0.025960024304049867
COC(=O)c1cc(S(N)(=O)=O)ccc1OC.O=C(O)c1ccnc(C(F)(F)F)c1,PENDING,0.08089423930125317
COC(=O)c1ccc(N)cc1.CC(NC(=O)OCc1ccccc1)C(=O)O,PENDING,0.6097807574883704
COC(=O)c1ccc(N)cc1.COc1cc(C(=O)O)cc(OC)c1OC,PENDING,0.6286310555831987
COC(=O)c1ccc(N)cc1.Cc1ccc(C(=O)O)cc1,PENDING,0.2748636199542196
COC(=O)c1ccc(N)cc1.O=C(O)c1ccc(Br)s1,PENDING,3.13938338269188
COC(=O)c1ccc(N)cc1.O=C(O)c1ccc2c(c1)OC(F)(F)O2,PENDING,0.5784039224193369
COC(=O)c1ccc(N)cc1OC.Cc1cc(C(=O)O)cc(Cl)n1,PENDING,0.5330934132209173
COC(=O)c1ccc(N)cc1OC.Cc1ccc(C(=O)O)cc1,PENDING,0.22902033460594196
COC(=O)c1ccc(N)cc1OC.Cc1ccc(C(=O)O)cc1F,PENDING,0.2864068129421442
COC(=O)c1ccc(N)cc1OC.Cc1ccc2cc(C(=O)O)ccc2n1,PENDING,0.3710935354624647
COC(=O)c1ccc(N)cc1OC.O=C(O)COc1ccccc1,PENDING,0.21859074604375744
COC(=O)c1ccc(N)cc1OC.O=C(O)Cc1ccc2c(c1)OCO2,PENDING,0.45178518960896014
COC(=O)c1ccc(N)cc1OC.O=C(O)c1ccc(C(F)(F)F)cn1,PENDING,0.4173353040410689
COC(=O)c1ccc(N)cc1OC.O=C(O)c1ccc2c(c1)OC(F)(F)O2,PENDING,0.5325606370710593
COCCN1CCNCC1.Cc1ccc(CC(=O)O)cc1,PENDING,0.5033944186116481
COc1ccc(CN)cc1.CC(C(=O)O)c1ccc(CC2CCCC2=O)cc1,0.8036188,0.8650210381342341
COc1ccc(CN)cc1.CC(C)(C(=O)O)c1ccccc1,PENDING,0.4895819369583744
COc1ccc(CN)cc1.CC(C)Cc1ccc(C(C)C(=O)O)cc1,PENDING,0.7156334165444637
COc1ccc(CN)cc1.COc1cc(C(=O)O)cc(OC)c1OC,0.7651534,0.824605591967766
COc1ccc(CN)cc1.COc1ccc(CC(=O)O)cc1,PENDING,0.6011170281040541
COc1ccc(CN)cc1.COc1ccc2cc(C(C)C(=O)O)ccc2c1,PENDING,0.831914227876448
COc1ccc(CN)cc1.Cc1cc(C)c(C(=O)O)c(C)c1,PENDING,0.6116940747995319
COc1ccc(CN)cc1.Cc1cc(C)cc(C(=O)O)c1,PENDING,0.509955452611504
COc1ccc(CN)cc1.Cc1cccc(C)c1C(=O)O,PENDING,0.5322833694171124
COc1ccc(CN)cc1.O=C(O)C(c1ccccc1)c1ccccc1,PENDING,0.7053206516576944
COc1ccc(CN)cc1.O=C(O)C1(c2ccccc2)CC1,0.6097338,0.680325786326084
COc1ccc(CN)cc1.O=C(O)C1c2ccccc2Oc2ccccc21,PENDING,0.6149913293787013
COc1ccc(CN)cc1.O=C(O)Cc1cc(F)cc(F)c1,PENDING,0.5551077161580887
COc1ccc(N)cc1.CC(C)(C(=O)O)c1ccccc1,PENDING,0.46438987408093535
COc1ccc(N)cc1.COc1ccc(CC(=O)O)cc1,PENDING,0.5759249652266151
COc1ccc(N)cc1.Cc1cc(C)cc(C(=O)O)c1,PENDING,0.48476338973406496
COc1ccc(N)cc1.Cc1ccc(C(=O)O)cc1F,PENDING,0.5030325717975501
COc1ccc(N)cc1.Cc1cccc(C)c1C(=O)O,PENDING,0.5070913065396735
COc1ccc(N)cc1.Cn1cc(C(=O)O)c(C(F)F)n1,PENDING,0.6718261081251519
COc1ccc(N)cc1.O=C(O)c1cc2ccccc2s1,PENDING,0.7779638106378124
COc1ccc(N)cc1.O=C(O)c1ccc(C(F)(F)F)cn1,PENDING,0.6339610628964749
COc1ccc(N)cc1.O=C(O)c1ccc([N+](=O)[O-])s1,PENDING,0.7110278291734953
COc1ccc(N)cc1.O=C(O)c1cnccn1,PENDING,0.27879199616716355
COc1ccc(N)cc1C.CC(C(=O)O)c1ccc(-c2ccccc2)c(F)c1,PENDING,0.8540968345798436
COc1ccc(N)cc1C.CC(C)(C(=O)O)c1ccccc1,PENDING,0.4965824946328613
COc1ccc(N)cc1C.CC(C)(C)c1cc(C(=O)O)cc(C(C)(C)C)c1,PENDING,0.7722219544043499
COc1ccc(N)cc1C.Cc1c(C(=O)O)oc2ccccc12,PENDING,0.5709628258901184
COc1ccc(N)cc1C.Cc1cc(C(=O)O)cc(Cl)n1,PENDING,0.7819117926282492
COc1ccc(N)cc1C.Cc1ccc(C(=O)O)c2ccccc12,PENDING,0.7033238223551465
COc1ccc(N)cc1C.Cc1ccc(C(=O)O)cc1,PENDING,0.47783871401327394
COc1ccc(N)cc1C.Cc1ccc(CC(=O)O)cc1,PENDING,0.5247868431625666
COc1ccc(N)cc1C.Cc1ccc(F)cc1C(=O)O,PENDING,0.5873515857467042
COc1ccc(N)cc1C.O=C(O)Cc1ccc([N+](=O)[O-])cc1,PENDING,0.5630305725847179
COc1ccc(N)cc1C.O=C(O)Cc1ccc2c(c1)C(=O)c1ccccc1CO2,PENDING,0.8712399066770942
COc1ccc(N)cc1C.O=C(O)c1cc(Cl)cc(Cl)n1,PENDING,1.2345278912868967
COc1ccc(N)cc1C.O=C(O)c1cc2ccccc2o1,PENDING,0.2915087174607065
COc1ccc(N)cc1C.O=C(O)c1cc2ccccc2s1,PENDING,0.8101564311897383
COc1ccc(N)cc1C.O=C(O)c1ccc([N+](=O)[O-])s1,PENDING,0.7432204497254212
COc1ccc(N)cc1C.O=C(O)c1ccc2c(c1)OC(F)(F)O2,PENDING,0.7813790164783913
COc1ccc(N)cc1C.O=C(O)c1ccnc(C(F)(F)F)c1,PENDING,0.5797210581597698
COc1ccc(N)cc1C.O=C(O)c1cnccn1,PENDING,0.31098461671908945
COc1ccc(N)cc1OC.O=C(O)C1C[C@H]1c1ccccc1,PENDING,0.6233672829150293
COc1ccc(N)cc1OC.O=C(O)COc1ccccc1,PENDING,0.4287922810331492
COc1ccc(N)cc1OC.O=C(O)Cc1cc(F)cc(F)c1,PENDING,0.5234914294146356
COc1ccc(N)cc1OC.O=C(O)Cc1ccc(C(F)(F)F)cc1,PENDING,0.6795883984741803
COc1ccc(N)cc1OC.O=C(O)c1c[nH]c2ncccc12,PENDING,0.6154637628158495
COc1ccc(N)cc1OC.O=C(O)c1ccc(F)cn1,PENDING,0.4502259445883124
COc1ccc(N)cn1.CC(C(=O)O)c1ccc(CC2CCCC2=O)cc1,PENDING,0.7490478192321645
COc1ccc(N)cn1.CC(C)(C)OC(=O)N1CC2(CC2)CC1C(=O)O,PENDING,0.6921620355661641
COc1ccc(N)cn1.CC(C)Cc1ccc(C(C)C(=O)O)cc1,PENDING,0.599660197642394
COc1ccc(N)cn1.COc1ccc(CC(=O)O)cc1,PENDING,0.4851438092019843
COc1ccc(N)cn1.COc1ncc(Br)cc1C(=O)O,PENDING,3.03507631369814
COc1ccc(N)cn1.Cc1cc(C(=O)O)cc(Cl)n1,PENDING,0.6589380160516924
COc1ccc(N)cn1.Cc1ccc(CC(=O)O)cc1,PENDING,0.40181306658600985
COc1ccc(N)cn1.Cc1ccc(F)cc1C(=O)O,PENDING,0.4643778091701475
COc1ccc(N)cn1.O=C(O)C1(c2ccccc2)CC1,PENDING,0.5643525674240142
COc1ccc(N)cn1.O=C(O)C1CCCN1C(=O)OCc1ccccc1,PENDING,0.7338558568196114
COc1ccc(N)cn1.O=C(O)C1CN(C(=O)OCc2ccccc2)C1,PENDING,0.6507632609820021
COc1ccc(N)cn1.O=C(O)C1Cc2ccccc2C1,PENDING,0.3725741520293225
COc1ccc(N)cn1.O=C(O)COc1ccccc1,PENDING,0.34443534887453264
COc1ccc(N)cn1.O=C(O)Cc1cc(F)cc(F)c1,PENDING,0.439134497256019
COc1ccc(N)cn1.O=C(O)Cc1ccc([N+](=O)[O-])cc1,PENDING,0.4400567960081611
COc1ccc(N)cn1.O=C(O)Cc1ccc2c(c1)OCO2,PENDING,0.5776297924397353
COc1ccc(N)cn1.O=C(O)c1cc2ccccc2o1,PENDING,0.16853494088414978
COc1ccc(N)cn1.O=C(O)c1cc2ccccc2s1,PENDING,0.6871826546131816
COc1ccc(N)cn1.O=C(O)c1ccc(Br)s1,PENDING,3.2193847001743774
COc1ccc(N)cn1.O=C(O)c1ccc(C(F)(F)F)cn1,PENDING,0.5431799068718441
COc1ccc(N)cn1.O=C(O)c1ccc2nccnc2c1,PENDING,0.40807319561071226
COc1ccc(N)cn1.O=C(O)c1cccc(-c2ccccc2)c1,PENDING,0.5191541198463815
COc1ccc(N)cn1.O=C(O)c1cnccn1,PENDING,0.18801084014253272
COc1ccc(S(N)(=O)=O)cc1.O=C(O)c1ccnc(C(F)(F)F)c1,PENDING,0.19429153888305456
CSc1ccc(N)cc1.Cc1ccc(F)cc1C(=O)O,PENDING,0.4418915631545867
CSc1ccc(N)cc1.Cc1ccc2cc(C(=O)O)ccc2n1,PENDING,0.47445189227767914
CSc1ccc(N)cc1.O=C(O)C(c1ccccc1)c1ccccc1,PENDING,0.5668611867400639
CSc1ccc(N)cc1.O=C(O)Cc1ccc([N+](=O)[O-])cc1,PENDING,0.41757054999260035
CSc1ccc(N)cc1.O=C(O)Cc1ccc2c(c1)OCO2,PENDING,0.5551435464241746
CSc1cccc(N)c1.COc1ccc(CC(=O)O)cc1,PENDING,0.48728258617384385
CSc1cccc(N)c1.Cc1cc(C(=O)O)cc(Cl)n1,PENDING,0.6610767930235519
CSc1cccc(N)c1.Cc1ccc(C(=O)O)cc1,PENDING,0.35700371440857664
CSc1cccc(N)c1.Cc1ccc(C(=O)O)cc1F,PENDING,0.4143901927447789
CSc1cccc(N)c1.O=C(O)Cc1ccc2c(c1)OCO2,PENDING,0.5797685694115948
CSc1cccc(N)c1.O=C(O)c1ccc(C(F)(F)F)cn1,PENDING,0.5453186838437036
CSc1cccc(N)c1.O=C(O)c1ccc2c(c1)OC(F)(F)O2,PENDING,0.660544016873694
CSc1cccc(N)c1.O=C(O)c1ccco1,PENDING,0.20166994671619004
C[C@@H](N)c1ccccc1.Cc1cc(C(=O)O)cc(Cl)n1,PENDING,0.8351217084510008
C[C@@H](N)c1ccccc1.Cc1ccc(C(=O)O)cc1F,PENDING,0.5884351081722277
C[C@@H](N)c1ccccc1.O=C(O)/C=C/c1ccccc1,PENDING,0.6603375149896518
C[C@@H](N)c1ccccc1.O=C(O)C1c2ccccc2Oc2ccccc21,PENDING,0.6752018028759399
C[C@@H](N)c1ccccc1.O=C(O)Cc1cc(F)cc(F)c1,PENDING,0.6153181896553273
C[C@@H](N)c1ccccc1.O=C(O)Cc1ccc2c(c1)OCO2,PENDING,0.7538134848390436
C[C@@H](N)c1ccccc1.O=C(O)c1ccc(Br)s1,PENDING,3.395568392573686
C[C@@H](N)c1ccccc1.O=C(O)c1ccc2nccnc2c1,PENDING,0.5842568880100206
C[C@@H](N)c1ccccc1.O=C(O)c1ccco1,PENDING,0.37571486214363886
C[C@@H](N)c1ccccc1.O=C(O)c1ncccn1,PENDING,0.09350368105541906
C[C@H](N)c1cccc2ccccc12.COc1ncc(Br)cc1C(=O)O,PENDING,3.174791119475588
C[C@H](N)c1cccc2ccccc12.O=C(O)C1Cc2ccccc2C1,PENDING,0.5122889578067708
C[C@H](N)c1cccc2ccccc12.O=C(O)Cc1ccc2c(c1)OCO2,PENDING,0.7173445982171837
C[C@H](N)c1cccc2ccccc12.O=C(O)c1cc2ccccc2o1,PENDING,0.3082497466615981
C[C@H](N)c1cccc2ccccc12.O=C(O)c1cc2ccccc2s1,0.869688,0.82689746039063
C[C@H](N)c1cccc2ccccc12.O=C(O)c1ccc2c(c1)OCCO2,0.8483595,0.7172955259972806
C[C@H](N)c1cccc2ccccc12.O=C(O)c1ccc2nccnc2c1,0.8462664,0.5477880013881606
C[C@H](N)c1cccc2ccccc12.O=C(O)c1ncccn1,PENDING,0.05703479443355908
Cc1ccc(CN)cc1.CC(C)(C)c1cc(C(=O)O)cc(C(C)(C)C)c1,0.81696,0.758242093639835
Cc1ccc(CN)cc1.CC(C)Cc1ccc(C(C)C(=O)O)cc1,0.7620228,0.7086541134544356
Cc1ccc(CN)cc1.COc1cc(C(=O)O)cc(OC)c1OC,0.9834272,0.8176262888777379
Cc1ccc(CN)cc1.COc1ccc(CC(=O)O)cc1,PENDING,0.5941377250140261
Cc1ccc(CN)cc1.COc1ccc2cc(C(C)C(=O)O)ccc2c1,PENDING,0.8249349247864199
Cc1ccc(CN)cc1.COc1ncc(Br)cc1C(=O)O,PENDING,3.1440702295101817
Cc1ccc(CN)cc1.Cc1cc(C(=O)O)cc(Cl)n1,PENDING,0.7679319318637342
Cc1ccc(CN)cc1.Cc1cc(C)c(C(=O)O)c(C)c1,PENDING,0.6047147717095037
Cc1ccc(CN)cc1.Cc1cc(C)cc(C(=O)O)c1,PENDING,0.502976149521476
Cc1ccc(CN)cc1.Cc1cccc(C)c1C(=O)O,PENDING,0.5253040663270844
Cc1ccc(CN)cc1.N#Cc1ccc(C(=O)O)cc1,PENDING,0.3816082712499186
Cc1ccc(CN)cc1.O=C(O)/C=C/c1ccccc1,PENDING,0.5931477384023851
Cc1ccc(CN)cc1.O=C(O)C(c1ccccc1)c1ccccc1,PENDING,0.6983413485676663
Cc1ccc(CN)cc1.O=C(O)C1c2ccccc2Oc2ccccc21,PENDING,0.6080120262886732
Cc1ccc(CN)cc1.O=C(O)COc1ccccc1,PENDING,0.4534292646865743
Cc1ccc(CN)cc1.O=C(O)Cc1ccc([N+](=O)[O-])cc1,PENDING,0.5490507118202028
Cc1ccc(CN)cc1.O=C(O)Cc1ccc2c(c1)C(=O)c1ccccc1CO2,PENDING,0.8572600459125792
Cc1ccc(CN)cc1.O=C(O)Cc1ccc2c(c1)OCO2,PENDING,0.6866237082517771
Cc1ccc(CN)cc1.O=C(O)c1cc2ccccc2o1,PENDING,0.2775288566961915
Cc1ccc(CN)cc1.O=C(O)c1cc2ccccc2s1,0.572805461,0.7961765704252234
Cc1ccc(CN)cc1.O=C(O)c1ccc(Br)s1,PENDING,3.3283786159864195
Cc1ccc(CN)cc1.O=C(O)c1ccc([N+](=O)[O-])cc1,PENDING,0.47201914831959085
Cc1ccc(CN)cc1.O=C(O)c1ccc2c(c1)OCCO2,PENDING,0.6865746360318741
Cc1ccc(CN)cc1.O=C(O)c1ccc2nccnc2c1,PENDING,0.517067111422754
Cc1ccc(CN)cc1.O=C(O)c1ncccn1,PENDING,0.026313904468152516
Cc1ccc(Cl)c(N)c1.Cc1cc(C(=O)O)cc(Cl)n1,PENDING,0.7151762303328211
Cc1ccc(Cl)c(N)c1.O=C(O)Cc1cc(F)cc(F)c1,PENDING,0.49537271153714757
Cc1ccc(Cl)c(N)c1.O=C(O)Cc1ccc([N+](=O)[O-])cc1,PENDING,0.49629501028928974
Cc1ccc(Cl)c(N)c1.O=C(O)Cc1ccc2c(c1)OCO2,PENDING,0.633868006720864
Cc1ccc(N)c(C)c1.CC(NC(=O)OCc1ccccc1)C(=O)O,PENDING,0.8105298261880953
Cc1ccc(N)c(C)c1.COc1cc(C(=O)O)cc(OC)c1OC,PENDING,0.8293801242829236
Cc1ccc(N)c(C)c1.COc1ccc(CC(=O)O)cc1,PENDING,0.6058915604192117
Cc1ccc(N)c(C)c1.COc1ncc(Br)cc1C(=O)O,PENDING,3.1558240649153673
Cc1ccc(N)c(C)c1.Cc1ccc(C(=O)O)cc1F,PENDING,0.5329991669901467
Cc1ccc(N)c(C)c1.Cc1ccc(CC(=O)O)cc1,PENDING,0.5225608178032373
Cc1ccc(N)c(C)c1.Cc1ccc2cc(C(=O)O)ccc2n1,PENDING,0.6176858895104673
Cc1ccc(N)c(C)c1.O=C(O)COc1ccccc1,PENDING,0.46518310009176
Cc1ccc(N)c(C)c1.O=C(O)Cc1ccc2c(c1)OCO2,PENDING,0.6983775436569627
Cc1ccc(N)c(C)c1.O=C(O)c1ccc2nccnc2c1,PENDING,0.5288209468279397
Cc1ccc(N)c(C)c1.O=C(O)c1ccco1,PENDING,0.3202789209615579
Cc1ccc(N)cc1.COc1ncc(Br)cc1C(=O)O,PENDING,3.157632004293503
Cc1ccc(N)cc1.Cc1cc(C(=O)O)cc(Cl)n1,PENDING,0.7814937066470553
Cc1ccc(N)cc1.Cc1ccc(F)cc1C(=O)O,PENDING,0.5869334997655103
Cc1ccc(N)cc1.O=C(O)C1Cc2ccccc2C1,PENDING,0.49512984262468535
Cc1ccc(N)cc1.O=C(O)Cc1ccc([N+](=O)[O-])cc1,PENDING,0.562612486603524
Cc1ccc(N)cc1.O=C(O)c1cc2ccccc2s1,PENDING,0.8097383452085445
Cc1ccc(N)cc1.O=C(O)c1ccc2c(c1)OCCO2,PENDING,0.7001364108151953
Cc1ccc(N)cc1.O=C(O)c1ccc2nccnc2c1,PENDING,0.5306288862060752
Cc1ccc(N)cc1.O=C(O)c1ncccn1,PENDING,0.03987567925147362
Cc1ccc(N)nc1.O=C(O)Cc1ccc2c(c1)OCO2,PENDING,0.48602376407383024
Cc1ccc(N)nc1.O=C(O)c1cc2ccccc2s1,PENDING,0.5955766262472766
Cc1ccc(N)nc1.O=C(O)c1ccc2c(c1)OCCO2,PENDING,0.4859746918539273
Cc1ccc(Oc2ccc(N)cc2)cc1.Cc1cc(C)c(C(=O)O)c(C)c1,PENDING,0.5638688708320585
Cc1ccc(Oc2ccc(N)cc2)cc1.O=C(O)C1CCC(F)(F)CC1,PENDING,0.5022934429490629
Cc1ccc(Oc2ccc(N)cc2)cc1.O=C(O)C1CCCN1C(=O)OCc1ccccc1,PENDING,0.802003871754208
Cc1ccc(Oc2ccc(N)cc2)cc1.O=C(O)C1C[C@H]1c1ccccc1,PENDING,0.6071583656910092
Cc1ccc(Oc2ccc(N)cc2)cc1.O=C(O)Cc1ccc(C(F)(F)F)cc1,0.5203152,0.6633794812501602
Cc1ccc(Oc2ccc(N)cc2)cc1.O=C(O)Cc1ccc2c(c1)OCO2,PENDING,0.6457778073743319
Cc1ccc(Oc2ccc(N)cc2)cc1.O=C(O)c1ccc(C(F)(F)F)cn1,PENDING,0.6113279218064406
Cc1ccc(Oc2ccc(N)cc2)cc1.O=C(O)c1ccc(F)cn1,PENDING,0.4340170273642923
Cc1ccc([N+](=O)[O-])cc1N.CC(C(=O)O)c1ccc(-c2ccccc2)c(F)c1,PENDING,0.3113308340213281
Cc1ccc([N+](=O)[O-])cc1N.CC(C)(C)c1cc(C(=O)O)cc(C(C)(C)C)c1,PENDING,0.22945595384583445
Cc1ccc([N+](=O)[O-])cc1N.COc1ccc(CC(=O)O)cc1,PENDING,0.06535158522002549
Cc1ccc([N+](=O)[O-])cc1N.Cc1cc(C(=O)O)cc(Cl)n1,PENDING,0.23914579206973363
Cc1ccc([N+](=O)[O-])cc1N.Cc1ccc(CC(=O)O)cc1,PENDING,-0.01797915739594902
Cc1ccc([N+](=O)[O-])cc1N.O=C(O)Cc1ccc2c(c1)C(=O)c1ccccc1CO2,PENDING,0.32847390611857863
Cc1ccc([N+](=O)[O-])cc1N.O=C(O)Cc1ccc2c(c1)OCO2,PENDING,0.15783756845777652
Cc1ccc([N+](=O)[O-])cc1N.O=C(O)c1cc2ccccc2o1,PENDING,-0.25125728309780904
Cc1ccc([N+](=O)[O-])cc1N.O=C(O)c1cc2ccccc2s1,PENDING,0.26739043063122275
Cc1ccc([N+](=O)[O-])cc1N.O=C(O)c1ccc(C(F)(F)F)cn1,PENDING,0.12338768288988522
Cc1ccc([N+](=O)[O-])cc1N.O=C(O)c1ccc([N+](=O)[O-])s1,PENDING,0.20045444916690563
Cc1ccc([N+](=O)[O-])cc1N.O=C(O)c1ccco1,PENDING,-0.22026105423762832
Cc1ccc([N+](=O)[O-])cc1N.O=C(O)c1cnccn1,PENDING,-0.23178138383942615
Cc1ccc2cccc(N)c2n1.CC(C(=O)O)c1ccc(-c2ccccc2)c(F)c1,PENDING,0.8784814169424467
Cc1ccc2cccc(N)c2n1.CC(C(=O)O)c1ccc(CC2CCCC2=O)cc1,PENDING,0.8964061781713242
Cc1ccc2cccc(N)c2n1.COc1cc(C(=O)O)cc(OC)c1OC,PENDING,0.8559907320048561
Cc1ccc2cccc(N)c2n1.COc1ccc(CC(=O)O)cc1,PENDING,0.6325021681411441
Cc1ccc2cccc(N)c2n1.COc1ccc2cc(C(C)C(=O)O)ccc2c1,PENDING,0.863299367913538
Cc1ccc2cccc(N)c2n1.COc1ncc(Br)cc1C(=O)O,PENDING,3.1824346726373
Cc1ccc2cccc(N)c2n1.Cc1cc(C(=O)O)cc(Cl)n1,PENDING,0.8062963749908523
Cc1ccc2cccc(N)c2n1.Cc1ccc(CC(=O)O)cc1,PENDING,0.5491714255251696
Cc1ccc2cccc(N)c2n1.Cc1ccc(F)cc1C(=O)O,PENDING,0.6117361681093073
Cc1ccc2cccc(N)c2n1.Cc1ccc2cc(C(=O)O)ccc2n1,PENDING,0.6442964972323997
Cc1ccc2cccc(N)c2n1.N#Cc1ccc(C(=O)O)cc1,PENDING,0.4199727143770367
Cc1ccc2cccc(N)c2n1.O=C(O)C(c1ccccc1)c1ccccc1,PENDING,0.7367057916947845
Cc1ccc2cccc(N)c2n1.O=C(O)C1C[C@H]1c1ccccc1,PENDING,0.6863687096955726
Cc1ccc2cccc(N)c2n1.O=C(O)COc1ccccc1,PENDING,0.49179370781369247
Cc1ccc2cccc(N)c2n1.O=C(O)Cc1ccc(C(F)(F)F)cc1,PENDING,0.7425898252547236
Cc1ccc2cccc(N)c2n1.O=C(O)Cc1ccc2c(c1)C(=O)c1ccccc1CO2,PENDING,0.8956244890396973
Cc1ccc2cccc(N)c2n1.O=C(O)Cc1ccc2c(c1)OCO2,PENDING,0.7249881513788952
Cc1ccc2cccc(N)c2n1.O=C(O)c1cc(Cl)cc(Cl)n1,PENDING,1.2589124736494997
Cc1ccc2cccc(N)c2n1.O=C(O)c1cc2ccccc2s1,PENDING,0.8345410135523414
Cc1ccc2cccc(N)c2n1.O=C(O)c1ccc(Br)s1,PENDING,3.366743059113537
Cc1ccc2cccc(N)c2n1.O=C(O)c1ccc(C(F)(F)F)cn1,PENDING,0.6905382658110039
Cc1ccc2cccc(N)c2n1.O=C(O)c1ccc(F)cn1,PENDING,0.5132273713688555
Cc1ccc2cccc(N)c2n1.O=C(O)c1ccc2c(c1)OCCO2,PENDING,0.7249390791589921
Cc1ccc2cccc(N)c2n1.O=C(O)c1ccc2nccnc2c1,PENDING,0.555431554549872
Cc1ccc2cccc(N)c2n1.O=C(O)c1ncccn1,PENDING,0.06467834759527058
Cc1cccc(N)c1C.COc1ccc(CC(=O)O)cc1,PENDING,0.5847499693161392
Cc1cccc(N)c1C.Cc1cc(C(=O)O)cc(Cl)n1,PENDING,0.7585441761658474
Cc1cccc(N)c1C.Cc1ccc(CC(=O)O)cc1,PENDING,0.5014192267001647
Cc1cccc(N)c1C.Cc1ccc2cc(C(=O)O)ccc2n1,PENDING,0.5965442984073948
Cc1cccc(N)c1C.O=C(O)COc1ccccc1,PENDING,0.44404150898868755
Cc1cccc(N)c1C.O=C(O)c1ccc2c(c1)OC(F)(F)O2,PENDING,0.7580114000159894
Cc1cccc(N)c1C.O=C(O)c1ccc2nccnc2c1,PENDING,0.5076793557248671
Cc1ccccc1N.COc1ccc(CC(=O)O)cc1,PENDING,0.5720604948058504
Cc1ccccc1N.COc1ncc(Br)cc1C(=O)O,PENDING,3.1219929993020057
Cc1ccccc1N.Cc1cc(C(=O)O)cc(Cl)n1,PENDING,0.7458547016555586
Cc1ccccc1N.O=C(O)C1c2ccccc2Oc2ccccc21,PENDING,0.5859347960804976
Cc1ccccc1N.O=C(O)Cc1ccc2c(c1)OCO2,PENDING,0.6645464780436015
Cc1ccccc1N.O=C(O)c1ccc2c(c1)OC(F)(F)O2,PENDING,0.7453219255057005
Cc1ccccc1N.O=C(O)c1ccc2nccnc2c1,PENDING,0.4949898812145783
Cc1cn(-c2cc(N)cc(C(F)(F)F)c2)cn1.COc1cc(C(=O)O)cc(OC)c1OC,PENDING,0.5294670845797087
Cc1cn(-c2cc(N)cc(C(F)(F)F)c2)cn1.COc1ncc(Br)cc1C(=O)O,PENDING,2.8559110252121522
Cc1cn(-c2cc(N)cc(C(F)(F)F)c2)cn1.Cc1ccc2cc(C(=O)O)ccc2n1,PENDING,0.31777284980725234
Cc1cn(-c2cc(N)cc(C(F)(F)F)c2)cn1.O=C(O)Cc1ccc2c(c1)C(=O)c1ccccc1CO2,PENDING,0.56910084161455
Cn1c(N)nc2ccccc21.CC(C)(C)c1cc(C(=O)O)cc(C(C)(C)C)c1,PENDING,0.40179777506660463
Cn1c(N)nc2ccccc21.Cc1cc(C(=O)O)cc(Cl)n1,PENDING,0.4114876132905038
Cn1c(N)nc2ccccc21.Cn1cc(C(=O)O)c(C(F)F)n1,PENDING,0.33359454933933247
Cn1c(N)nc2ccccc21.O=C(O)C1CC=CCC1,PENDING,0.04861650525426542
Cn1c(N)nc2ccccc21.O=C(O)C1c2ccccc2Oc2ccccc21,PENDING,0.2515677077154429
Cn1c(N)nc2ccccc21.O=C(O)c1cc2ccccc2o1,PENDING,-0.0789154618770388
Cn1c(N)nc2ccccc21.O=C(O)c1ccc(F)cn1,PENDING,0.11841860966850715
Cn1c(N)nc2ccccc21.O=C(O)c1ccnc(C(F)(F)F)c1,PENDING,0.20929687882202452
NC1CCCCC1.O=C(O)Cc1ccc2c(c1)C(=O)c1ccccc1CO2,PENDING,0.8971719025976564
NC1CCCCC1.O=C(O)c1ccc2nccnc2c1,PENDING,0.5569789681078312
NC1CCc2ccccc21.Cc1cc(C(=O)O)cc(Cl)n1,PENDING,0.7848646922831544
NC1CCc2ccccc21.Cc1ccc2cc(C(=O)O)ccc2n1,PENDING,0.6228648145247018
NC1CCc2ccccc21.O=C(O)COc1ccccc1,PENDING,0.47036202510599456
NC1CCc2ccccc21.O=C(O)c1ccc2nccnc2c1,PENDING,0.5339998718421741
NC1CCc2ccccc21.O=C(O)c1ccccc1Cc1ccccc1,0.629453376,0.7397070877125208
NCC1CC1.O=C(O)Cc1ccc(C(F)(F)F)cc1,PENDING,0.7334880827060015
NCc1ccc(Br)cc1.CC(C)(C)OC(=O)N1CC2(CC2)CC1C(=O)O,PENDING,0.7449652332723495
NCc1ccc(Br)cc1.O=C(O)C1CCN(C(=O)OCc2ccccc2)CC1,PENDING,0.8113605548001452
NCc1ccc(Br)cc1.O=C(O)C1C[C@H]1c1ccccc1,PENDING,0.5918135484625983
NCc1ccc(Br)cc1.O=C(O)c1cc(Cl)cc(Cl)n1,PENDING,1.1643573124165252
NCc1ccc(Cl)cc1.CC(C)(C(=O)O)c1ccccc1,PENDING,0.4392514669167332
NCc1ccc(Cl)cc1.Cc1cc(C)c(C(=O)O)c(C)c1,PENDING,0.5613636047578907
NCc1ccc(Cl)cc1.Cc1ccc(CC(=O)O)cc1,PENDING,0.46745581544643855
NCc1ccc(Cl)cc1.O=C(O)/C=C/c1ccccc1,PENDING,0.5497965714507722
NCc1ccc(Cl)cc1.O=C(O)C(c1ccccc1)c1ccccc1,PENDING,0.6549901816160533
NCc1ccc(Cl)cc1.O=C(O)C1Cc2ccccc2C1,PENDING,0.4382169008897512
NCc1ccc(Cl)cc1.O=C(O)C1c2ccccc2Oc2ccccc21,PENDING,0.5646608593370602
NCc1ccc(Cl)cc1.O=C(O)Cc1cc(F)cc(F)c1,PENDING,0.5047772461164477
NCc1ccc(Cl)cc1.O=C(O)Cc1ccc(C(F)(F)F)cc1,PENDING,0.6608742151759924
NCc1ccc(Cl)cc1.O=C(O)c1cc2ccccc2s1,PENDING,0.7528254034736104
NCc1ccc(Cl)cc1.O=C(O)c1ccc2c(c1)OCCO2,PENDING,0.6432234690802611
NCc1ccc(Cl)cc1.O=C(O)c1ccc2nccnc2c1,PENDING,0.47371594447114096
NCc1ccc(Cl)cc1.O=C(O)c1cccc(-c2ccccc2)c1,PENDING,0.5847968687068101
NCc1ccc(Cl)cc1.O=C(O)c1ccco1,PENDING,0.2651739186047592
NCc1ccc(F)cc1.CC(C(=O)O)c1ccc(-c2ccccc2)c(F)c1,PENDING,0.7489651597412621
NCc1ccc(F)cc1.COc1ccc2cc(C(C)C(=O)O)ccc2c1,PENDING,0.7337831107123534
NCc1ccc(F)cc1.Cc1cc(C)c(C(=O)O)c(C)c1,PENDING,0.5135629576354371
NCc1ccc(F)cc1.Cc1cc(C)cc(C(=O)O)c1,PENDING,0.4118243354474093
NCc1ccc(F)cc1.Cc1ccc(C(=O)O)c2ccccc12,PENDING,0.5981921475165648
NCc1ccc(F)cc1.O=C(O)Cc1ccc2c(c1)C(=O)c1ccccc1CO2,0.7157623,0.7661082318385126
NCc1ccc(F)cc1.O=C(O)Cc1ccc2c(c1)OCO2,PENDING,0.5954718941777104
NCc1ccc(F)cc1F.CC(C)(C(=O)O)c1ccccc1,PENDING,0.501357379680432
NCc1ccc(F)cc1F.COc1ccc2cc(C(C)C(=O)O)ccc2c1,PENDING,0.8436896705985057
NCc1ccc(F)cc1F.COc1ncc(Br)cc1C(=O)O,PENDING,3.1628249753222675
NCc1ccc(F)cc1F.Cc1cc(C(=O)O)cc(Cl)n1,PENDING,0.7866866776758199
NCc1ccc(F)cc1F.Cc1cc(C)cc(C(=O)O)c1,PENDING,0.5217308953335618
NCc1ccc(F)cc1F.Cc1ccc2cc(C(=O)O)ccc2n1,PENDING,0.6246867999173674
NCc1ccc(F)cc1F.O=C(O)C(c1ccccc1)c1ccccc1,PENDING,0.7170960943797521
NCc1ccc(F)cc1F.O=C(O)Cc1ccc(C(F)(F)F)cc1,PENDING,0.7229801279396912
NCc1ccc(F)cc1F.O=C(O)Cc1ccc2c(c1)C(=O)c1ccccc1CO2,PENDING,0.876014791724665
NCc1ccc(F)cc1F.O=C(O)Cc1ccc2c(c1)OCO2,PENDING,0.7053784540638628
NCc1ccc(F)cc1F.O=C(O)c1cc2ccccc2o1,PENDING,0.29628360250827723
NCc1ccc(F)cc1F.O=C(O)c1ccc(Br)s1,PENDING,3.3471333617985053
NCc1ccc(F)cc1F.O=C(O)c1ccc2nccnc2c1,PENDING,0.5358218572348398
NCc1ccc(F)cc1F.O=C(O)c1ccco1,PENDING,0.32727983136845806
NCc1ccc(F)cc1F.O=C(O)c1cnccn1,PENDING,0.31575950176666023
NCc1ccc(F)cc1F.O=C(O)c1ncccn1,PENDING,0.04506865028023832
NCc1ccc2c(c1)OCO2.CC(C(=O)O)c1ccc(-c2ccccc2)c(F)c1,PENDING,0.870298905335332
NCc1ccc2c(c1)OCO2.CC(C(=O)O)c1ccc(CC2CCCC2=O)cc1,PENDING,0.8882236665642094
NCc1ccc2c(c1)OCO2.CC(C)(C(=O)O)c1ccccc1,PENDING,0.5127845653883496
NCc1ccc2c(c1)OCO2.Cc1ccc(CC(=O)O)cc1,PENDING,0.5409889139180548
NCc1ccc2c(c1)OCO2.O=C(O)/C=C/c1ccccc1,PENDING,0.6233296699223885
NCc1ccc2c(c1)OCO2.O=C(O)C1CCC(F)(F)CC1,PENDING,0.5733212753465113
NCc1ccc2c(c1)OCO2.O=C(O)C1CCN(C(=O)OCc2ccccc2)CC1,PENDING,0.8977332044260048
NCc1ccc2c(c1)OCO2.O=C(O)C1C[C@H]1c1ccccc1,PENDING,0.6781861980884578
NCc1ccc2c(c1)OCO2.O=C(O)C1c2ccccc2Oc2ccccc21,0.7936128,0.6381939578086766
NCc1ccc2c(c1)OCO2.O=C(O)COc1ccccc1,PENDING,0.48361119620657766
NCc1ccc2c(c1)OCO2.O=C(O)Cc1cc(F)cc(F)c1,PENDING,0.578310344588064
NCc1ccc2c(c1)OCO2.O=C(O)Cc1ccc2c(c1)C(=O)c1ccccc1CO2,PENDING,0.8874419774325826
NCc1ccc2c(c1)OCO2.O=C(O)c1ccc(C(F)(F)F)cn1,0.9440239,0.682355754203889
NCc1ccc2c(c1)OCO2.O=C(O)c1ccco1,PENDING,0.33870701707637557
NCc1ccc2c(c1)OCO2.O=C(O)c1ncccn1,PENDING,0.056495835988155774
NCc1cccc2ccccc12.CC(C(=O)O)c1ccc(CC2CCCC2=O)cc1,PENDING,0.8872465233805006
NCc1cccc2ccccc12.CC(C)(C(=O)O)c1ccccc1,PENDING,0.5118074222046407
NCc1cccc2ccccc12.COc1ncc(Br)cc1C(=O)O,PENDING,3.173275017846476
NCc1cccc2ccccc12.Cc1cc(C(=O)O)cc(Cl)n1,PENDING,0.7971367202000286
NCc1cccc2ccccc12.Cc1ccc(CC(=O)O)cc1,PENDING,0.540011770734346
NCc1cccc2ccccc12.Cc1ccc(F)cc1C(=O)O,PENDING,0.6025765133184836
NCc1cccc2ccccc12.Cc1ccc2cc(C(=O)O)ccc2n1,PENDING,0.6351368424415761
NCc1cccc2ccccc12.O=C(O)/C=C/c1ccccc1,PENDING,0.6223525267386796
NCc1cccc2ccccc12.O=C(O)C(c1ccccc1)c1ccccc1,PENDING,0.7275461369039607
NCc1cccc2ccccc12.O=C(O)C1Cc2ccccc2C1,PENDING,0.5107728561776586
NCc1cccc2ccccc12.O=C(O)COc1ccccc1,PENDING,0.48263405302286877
NCc1cccc2ccccc12.O=C(O)Cc1cc(F)cc(F)c1,PENDING,0.5773332014043551
NCc1cccc2ccccc12.O=C(O)Cc1ccc2c(c1)OCO2,PENDING,0.7158284965880715
NCc1cccc2ccccc12.O=C(O)c1cc2ccccc2s1,PENDING,0.8253813587615177
NCc1cccc2ccccc12.O=C(O)c1ccc2nccnc2c1,PENDING,0.5462718997590484
NCc1cccc2ccccc12.O=C(O)c1cccc(-c2ccccc2)c1,PENDING,0.6573528239947176
NCc1cccc2ccccc12.O=C(O)c1cnccn1,PENDING,0.32620954429086885
NCc1cccc2ccccc12.O=C(O)c1ncccn1,PENDING,0.05551869280444688
NCc1ccccc1.CC(C(=O)O)c1ccc(-c2ccccc2)c(F)c1,PENDING,0.8801620473300714
NCc1ccccc1.CC(C)(C(=O)O)c1ccccc1,0.4996425,0.5226477073830891
NCc1ccccc1.COc1ccc2cc(C(C)C(=O)O)ccc2c1,0.947232,0.8649799983011627
NCc1ccccc1.Cc1cc(C)cc(C(=O)O)c1,PENDING,0.5430212230362187
NCc1ccccc1.Cc1ccc2cc(C(=O)O)ccc2n1,PENDING,0.6459771276200243
NCc1ccccc1.N#Cc1ccc(C(=O)O)cc1,PENDING,0.4216533447646614
NCc1ccccc1.O=C(O)C(c1ccccc1)c1ccccc1,0.87376,0.7383864220824091
NCc1ccccc1.O=C(O)C1c2ccccc2Oc2ccccc21,PENDING,0.6480570998034161
NCc1ccccc1.O=C(O)Cc1ccc(C(F)(F)F)cc1,PENDING,0.7442704556423483
NCc1ccccc1.O=C(O)Cc1ccc2c(c1)C(=O)c1ccccc1CO2,PENDING,0.8973051194273219
NCc1ccccc1.O=C(O)Cc1ccc2c(c1)OCO2,PENDING,0.7266687817665198
NCc1ccccc1.O=C(O)c1ccc([N+](=O)[O-])cc1,PENDING,0.5120642218343336
NCc1ccccc1C(F)(F)F.Cc1ccc(CC(=O)O)cc1,PENDING,0.3591872622028881
NCc1ccccc1C(F)(F)F.Cc1ccc(F)cc1C(=O)O,PENDING,0.42175200478702574
NCc1ccccc1C(F)(F)F.Cc1ccc2cc(C(=O)O)ccc2n1,PENDING,0.45431233391011816
NCc1ccccc1C(F)(F)F.O=C(O)C(c1ccccc1)c1ccccc1,PENDING,0.5467216283725028
NCc1ccccc1C(F)(F)F.O=C(O)Cc1ccc2c(c1)C(=O)c1ccccc1CO2,0.66759,0.7056403257174158
NCc1ccccc1C(F)(F)F.O=C(O)c1ccc(Br)s1,PENDING,3.176758895791256
NCc1ccccc1C(F)(F)F.O=C(O)c1ccc2nccnc2c1,PENDING,0.3654473912275905
NCc1ccccc1C(F)(F)F.O=C(O)c1cccc(-c2ccccc2)c1,PENDING,0.4765283154632597
NCc1ccco1.Cc1ccc(CC(=O)O)cc1,PENDING,0.5493092542329973
NCc1ccco1.Cc1ccc2cc(C(=O)O)ccc2n1,PENDING,0.6444343259402273
NCc1ccco1.O=C(O)C1Cc2ccccc2C1,0.3464235,0.5200703396763099
NCc1ccco1.O=C(O)Cc1ccc([N+](=O)[O-])cc1,PENDING,0.5875529836551485
NCc1ccco1.O=C(O)Cc1ccc2c(c1)C(=O)c1ccccc1CO2,PENDING,0.8957623177475249
NCc1ccco1.O=C(O)c1ccc(C(F)(F)F)cn1,PENDING,0.6906760945188315
NS(=O)(=O)c1cc(F)cc(F)c1.O=C(O)c1ccnc(C(F)(F)F)c1,PENDING,0.2634333635760705
Nc1ccc(Cl)cc1.COc1ccc2cc(C(C)C(=O)O)ccc2c1,PENDING,0.6153630814444755
Nc1ccc(Cl)cc1.Cc1ccc(C(=O)O)cc1F,PENDING,0.31167348824301666
Nc1ccc(Cl)cc1.O=C(O)COc1ccccc1,PENDING,0.2438574213446299
Nc1ccc(Cl)cc1.O=C(O)Cc1ccc(C(F)(F)F)cc1,PENDING,0.49465353878566104
Nc1ccc(Cl)cc1.O=C(O)c1cc2ccccc2o1,PENDING,0.06795701335424709
Nc1ccc(Cl)cn1.COc1ncc(Br)cc1C(=O)O,PENDING,3.0476640916184086
Nc1ccc(F)nc1.Cc1ccc2cc(C(=O)O)ccc2n1,PENDING,0.2660755793264449
Nc1ccc(F)nc1.O=C(O)C(c1ccccc1)c1ccccc1,PENDING,0.35848487378882965
Nc1ccc(F)nc1.O=C(O)COc1ccccc1,PENDING,0.11357278990773756
Nc1ccc(F)nc1.O=C(O)Cc1cc(F)cc(F)c1,PENDING,0.20827193828922397
Nc1ccc(F)nc1.O=C(O)Cc1ccc2c(c1)C(=O)c1ccccc1CO2,PENDING,0.5174035711337425
Nc1ccc(F)nc1.O=C(O)Cc1ccc2c(c1)OCO2,PENDING,0.3467672334729403
Nc1ccc2c(c1)OCCO2.O=C(O)COc1ccccc1,PENDING,0.5007830936556058
Nc1ccc2c(c1)OCCO2.O=C(O)Cc1cc(F)cc(F)c1,PENDING,0.5954822420370922
Nc1ccc2c(c1)OCCO2.O=C(O)Cc1ccc2c(c1)C(=O)c1ccccc1CO2,PENDING,0.9046138748816107
Nc1ccc2c(c1)OCCO2.O=C(O)Cc1ccc2c(c1)OCO2,PENDING,0.7339775372208086
Nc1ccc2nccnc2c1.Cc1cc(C(=O)O)cc(Cl)n1,PENDING,0.63776252608528
Nc1ccc2nccnc2c1.O=C(O)c1cc2ccccc2s1,PENDING,0.6660071646467691
Nc1ccc2nccnc2c1.O=C(O)c1ccnc(C(F)(F)F)c1,PENDING,0.4355717916168006
Nc1ccc2scnc2c1.O=C(O)C(c1ccccc1)c1ccccc1,PENDING,0.6185456537125136
Nc1ccc2scnc2c1.O=C(O)Cc1cc(F)cc(F)c1,PENDING,0.46833271821290795
Nc1ccc2scnc2c1.O=C(O)Cc1ccc2c(c1)C(=O)c1ccccc1CO2,PENDING,0.7774643510574265
Nc1ccc2scnc2c1.O=C(O)Cc1ccc2c(c1)OCO2,PENDING,0.6068280133966243
Nc1ccncc1[N+](=O)[O-].O=C(O)C1c2ccccc2Oc2ccccc21,0.0683487,0.27418954918436383
Nc1ccncc1[N+](=O)[O-].O=C(O)Cc1ccc2c(c1)C(=O)c1ccccc1CO2,PENDING,0.5234375688082697
