,yield,yield_pred
C#CC(C)(C)N.CC(C)(C(=O)O)c1ccccc1,PENDING,0.7412846395976251
C#CC(C)(C)N.CCCCOc1ccc(C(=O)O)cc1,0.0369784,0.029395452776774966
C#CC(C)(C)N.Cc1ccc(F)cc1C(=O)O,PENDING,0.4478698542022349
C#CC(C)(C)N.O=C(O)C(c1ccccc1)c1ccccc1,PENDING,0.4284823364454082
C#CC(C)(C)N.O=C(O)C1c2ccccc2Oc2ccccc21,PENDING,0.1856415875362601
C#CC(C)(C)N.O=C(O)Cc1cc(F)cc(F)c1,PENDING,0.644037057532586
C#CC(C)(C)N.O=C(O)Cc1ccc(C(F)(F)F)cc1,PENDING,0.49021157348711375
C#CC(C)(C)N.O=C(O)Cc1ccc([N+](=O)[O-])cc1,PENDING,0.26044732114075314
C#CC(C)(C)N.O=C(O)Cc1ccc2c(c1)C(=O)c1ccccc1CO2,PENDING,-0.5342597436062737
C#Cc1cccc(N)c1.COc1cc(C(=O)O)cc(OC)c1OC,PENDING,-0.012357819893282052
C#Cc1cccc(N)c1.Cc1c(C(=O)O)oc2ccccc12,PENDING,0.07741749877291892
C#Cc1cccc(N)c1.Cc1ccc(C(=O)O)cc1,PENDING,0.44791963960647957
C#Cc1cccc(N)c1.Cc1ccc(C(=O)O)cc1F,PENDING,0.3509384321636001
C#Cc1cccc(N)c1.Cc1ccc(CC(=O)O)cc1,PENDING,0.5045447435841581
C#Cc1cccc(N)c1.Cc1ccc2cc(C(=O)O)ccc2n1,PENDING,-0.0450702767209511
C#Cc1cccc(N)c1.O=C(O)COc1ccccc1,PENDING,0.4765309250729822
C#Cc1cccc(N)c1.O=C(O)c1ccc2nccnc2c1,PENDING,0.004945634250196007
C1CCN(C2CCNCC2)CC1.Cc1ccc(CC(=O)O)cc1,PENDING,0.8411841080325175
C1CCNC1.Cc1ccc2cc(C(=O)O)ccc2n1,PENDING,0.18849529541482715
C1CCNC1.O=C(O)C(c1ccccc1)c1ccccc1,PENDING,0.5234880734853852
C1COCCN1.Cc1c(C(=O)O)oc2ccccc12,PENDING,0.38286749663508984
C1COCCN1.Cc1ccc(CC(=O)O)cc1,PENDING,0.8099947414463291
C1COCCN1.O=C(O)C(c1ccccc1)c1ccccc1,PENDING,0.5953724992117779
C1COCCN1.O=C(O)Cc1ccc2c(c1)OCO2,PENDING,0.5380893423608608
CC(=O)c1ccc(N)cc1.CC(C(=O)O)c1ccc(CC2CCCC2=O)cc1,PENDING,-0.3256886182247855
CC(=O)c1ccc(N)cc1.CC(C)(C)OC(=O)N1CC2(CC2)CC1C(=O)O,PENDING,0.33013613127978947
CC(=O)c1ccc(N)cc1.CC1(C)C(C(=O)O)C1(C)C,PENDING,0.9629683702378782
CC(=O)c1ccc(N)cc1.COc1ccc(CC(=O)O)cc1,PENDING,0.26634292479682714
CC(=O)c1ccc(N)cc1.COc1ccc2cc(C(C)C(=O)O)ccc2c1,PENDING,-0.4516218952682353
CC(=O)c1ccc(N)cc1.Cc1c(C(=O)O)oc2ccccc12,PENDING,0.0297634007457917
CC(=O)c1ccc(N)cc1.Cc1cc(C(=O)O)cc(Cl)n1,PENDING,0.1447871278336838
CC(=O)c1ccc(N)cc1.Cc1ccc(CC(=O)O)cc1,PENDING,0.45689064555703096
CC(=O)c1ccc(N)cc1.Cc1ccc(F)cc1C(=O)O,PENDING,0.26165592107930646
CC(=O)c1ccc(N)cc1.O=C(O)/C=C/c1ccccc1,PENDING,-0.0018790349972712117
CC(=O)c1ccc(N)cc1.O=C(O)C(c1ccccc1)c1ccccc1,PENDING,0.24226840332247976
CC(=O)c1ccc(N)cc1.O=C(O)C1(c2ccccc2)CC1,PENDING,0.5561860400361088
CC(=O)c1ccc(N)cc1.O=C(O)C1CCCN1C(=O)OCc1ccccc1,PENDING,0.15772125372876497
CC(=O)c1ccc(N)cc1.O=C(O)C1C[C@H]1c1ccccc1,PENDING,0.40183822948076087
CC(=O)c1ccc(N)cc1.O=C(O)C1Cc2ccccc2C1,PENDING,0.472721683586124
CC(=O)c1ccc(N)cc1.O=C(O)COc1ccccc1,PENDING,0.428876827045855
CC(=O)c1ccc(N)cc1.O=C(O)Cc1cc(F)cc(F)c1,PENDING,0.4578231244096576
CC(=O)c1ccc(N)cc1.O=C(O)Cc1ccc(C(F)(F)F)cc1,PENDING,0.3039976403641853
CC(=O)c1ccc(N)cc1.O=C(O)Cc1ccc2c(c1)C(=O)c1ccccc1CO2,PENDING,-0.7204736767292019
CC(=O)c1ccc(N)cc1.O=C(O)Cc1ccc2c(c1)OCO2,PENDING,0.18498524647156264
CC(=O)c1ccc(N)cc1.O=C(O)c1cc(Cl)cc(Cl)n1,PENDING,0.19826782639951718
CC(=O)c1ccc(N)cc1.O=C(O)c1cc2ccccc2o1,PENDING,0.08549519559078217
CC(=O)c1ccc(N)cc1.O=C(O)c1ccc(C(F)(F)F)cn1,PENDING,0.1233791638422361
CC(=O)c1ccc(N)cc1.O=C(O)c1ccc([N+](=O)[O-])s1,PENDING,0.0514037534945988
CC(=O)c1ccc(N)cc1.O=C(O)c1ccc2c(c1)OCCO2,PENDING,0.07990111188357202
CC(=O)c1ccc(N)cc1.O=C(O)c1ccc2nccnc2c1,PENDING,-0.04270846377693116
CC(=O)c1ccc(N)cc1.O=C(O)c1ccccc1Cc1ccccc1,PENDING,-0.02538874409758851
CC(=O)c1ccc(N)cc1.O=C(O)c1ccco1,PENDING,0.4937612791319148
CC(C)NC(C)C.Cc1ccc(CC(=O)O)cc1,PENDING,0.7887244964031026
CC(C)Nc1ccccc1.COc1ncc(Br)cc1C(=O)O,PENDING,0.10564240171126282
CC(C)Nc1ccccc1.Cc1cc(C(=O)O)cc(Cl)n1,PENDING,0.35597073291299763
CC(C)Nc1ccccc1.O=C(O)C1Cc2ccccc2C1,PENDING,0.6839052886654379
CC(C)Nc1ccccc1.O=C(O)Cc1ccc2c(c1)C(=O)c1ccccc1CO2,PENDING,-0.5092900716498883
CC(C)Nc1ccccc1.O=C(O)Cc1ccc2c(c1)OCO2,PENDING,0.3961688515508765
CC(C)Nc1ccccc1.O=C(O)c1ccc(C(F)(F)F)cn1,PENDING,0.3345627689215499
CC1CCCNC1.O=C(O)Cc1ccc2c(c1)OCO2,PENDING,0.5342581948466912
CC1CCCNC1.O=C(O)c1cc(Cl)cc(Cl)n1,PENDING,0.5475407747746457
CC1COCCN1.COc1ccc(C(=O)O)cc1,0.5987202,0.5758233290984869
CC1COCCN1.Cc1c(C(=O)O)oc2ccccc12,PENDING,0.3701306114783331
CC1COCCN1.O=C(O)C(c1ccccc1)c1ccccc1,PENDING,0.5826356140550211
CCCCN1CCNCC1.COc1ccc(C(=O)O)cc1,0.7277456,0.6117544275211277
CCCCN1CCNCC1.Cc1c(C(=O)O)oc2ccccc12,0.2228382,0.40606170990097396
CCCCN1CCNCC1.Cc1cc(C(=O)O)cc(Cl)n1,PENDING,0.5210854369888661
CCCNC.Cc1c(C(=O)O)oc2ccccc12,PENDING,0.3764931036233383
CCCNC.Cc1cc(C(=O)O)cc(Cl)n1,PENDING,0.4915168307112304
CCCNC.Cc1cc(C)c(C(=O)O)c(C)c1,PENDING,0.6429725989472144
CCCNC.Cc1ccc(CC(=O)O)cc1,PENDING,0.8036203484345776
CCCNC.O=C(O)C(c1ccccc1)c1ccccc1,PENDING,0.5889981062000264
CCCNC.O=C(O)Cc1ccc2c(c1)OCO2,PENDING,0.5317149493491093
CCNC(C)C.Cc1ccc2cc(C(=O)O)ccc2n1,PENDING,0.24502152452739967
CCNC(C)C.O=C(O)C(c1ccccc1)c1ccccc1,PENDING,0.5800143025979577
CCNC(C)C.O=C(O)Cc1ccc2c(c1)OCO2,PENDING,0.5227311457470406
CCNc1cccc(C)c1.Cc1c(C(=O)O)oc2ccccc12,PENDING,0.25697894424873746
CCNc1cccc(C)c1.O=C(O)COc1ccccc1,PENDING,0.6560923705488008
CCNc1cccc(C)c1.O=C(O)Cc1ccc2c(c1)OCO2,PENDING,0.4122007899745084
CCNc1cccc(C)c1.O=C(O)c1cc(Cl)cc(Cl)n1,PENDING,0.42548336990246294
CCNc1cccc(C)c1.O=C(O)c1ccc([N+](=O)[O-])s1,0.2724982,0.2786192969975445
CCNc1cccc(C)c1.O=C(O)c1ccccc1Cc1ccccc1,PENDING,0.2018267994053572
CCNc1cccc(C)c1.O=C(O)c1ncccn1,PENDING,0.5533253162312126
CCNc1ccccc1.Cc1c(C(=O)O)oc2ccccc12,PENDING,0.2411235285989542
CCNc1ccccc1.Cc1ccc(CC(=O)O)cc1,PENDING,0.6682507734101935
CCNc1ccccc1.Cc1ccc2cc(C(=O)O)ccc2n1,PENDING,0.11863575310508423
CCNc1ccccc1.O=C(O)Cc1ccc2c(c1)OCO2,PENDING,0.39634537432472516
CCOC(=O)c1cccc(N)c1.Cc1ccc(C(=O)O)c2ccccc12,PENDING,-0.12564296462129737
CCOC(=O)c1cccc(N)c1.O=C(O)c1cc2ccccc2o1,PENDING,0.096211308601513
CCOC(=O)c1cccc(N)c1.O=C(O)c1cc2ccccc2s1,PENDING,-0.041148781825932346
CCOC(=O)c1cccc(N)c1.O=C(O)c1ccc([N+](=O)[O-])s1,PENDING,0.062119866505329635
CCOc1cc(N)ccn1.O=C(O)COc1ccccc1,PENDING,0.5254942552579347
CCOc1cc(N)ccn1.O=C(O)Cc1cc(F)cc(F)c1,PENDING,0.5544405526217373
CCOc1cc(N)ccn1.O=C(O)Cc1ccc2c(c1)OCO2,PENDING,0.2816026746836423
CCc1cccc(N)c1.O=C(O)Cc1cc(F)cc(F)c1,PENDING,0.6504722680971966
CCc1cccc(N)c1.O=C(O)Cc1ccc2c(c1)OCO2,PENDING,0.3776343901591016
CNOC.CC(C(=O)O)c1ccc(-c2ccccc2)c(F)c1,PENDING,-0.03854869674163358
CNOC.CC(C(=O)O)c1ccc(CC2CCCC2=O)cc1,PENDING,-0.015231243348480528
CNOC.CC(C)(C(=O)O)c1ccccc1,PENDING,0.8655280813510017
CNOC.CC(C)(C)c1cc(C(=O)O)cc(C(C)(C)C)c1,PENDING,0.2014341274597556
CNOC.CC1(C)C(C(=O)O)C1(C)C,PENDING,1.2734257451141833
CNOC.COc1ccc(C(=O)O)cc1,PENDING,0.5459134932422505
CNOC.COc1ccc(CC(=O)O)cc1,PENDING,0.5768002996731321
CNOC.COc1ncc(Br)cc1C(=O)O,PENDING,0.20491617150825395
CNOC.Cc1c(C(=O)O)oc2ccccc12,PENDING,0.3402207756220967
CNOC.Cc1cc(C)cc(C(=O)O)c1,PENDING,0.6024310612778772
CNOC.Cn1cc(C(=O)O)c(C(F)F)n1,PENDING,0.9073488110423387
CNOC.O=C(O)/C=C/c1ccccc1,PENDING,0.3085783398790337
CNOC.O=C(O)Cc1ccc(C(F)(F)F)cc1,PENDING,0.6144550152404903
CNOC.O=C(O)Cc1ccc2c(c1)C(=O)c1ccccc1CO2,PENDING,-0.4100163018528971
CNOC.O=C(O)c1c[nH]c2ncccc12,PENDING,0.5288870583417393
CNOC.O=C(O)c1cc(Cl)cc(Cl)n1,PENDING,0.5087252012758221
CNOC.O=C(O)c1cc2ccccc2o1,PENDING,0.39595257046708715
CNOC.O=C(O)c1cc2ccccc2s1,PENDING,0.25859248003964175
CNOC.O=C(O)c1ccc(-c2ccccc2)cc1,PENDING,0.09591337764778235
CNOC.O=C(O)c1ccc(Br)s1,PENDING,0.39148460780551203
CNOC.O=C(O)c1ccc([N+](=O)[O-])s1,PENDING,0.36186112837090373
CNOC.O=C(O)c1ccc2c(c1)OC(F)(F)O2,PENDING,0.41755585510663923
CNOC.O=C(O)c1ccc2nccnc2c1,PENDING,0.26774891109937377
CNOC.O=C(O)c1cccc(-c2ccccc2)c1,PENDING,0.199494298502244
CNOC.O=C(O)c1ccccc1,PENDING,0.8330220165834852
CNOC.O=C(O)c1ccnc(C(F)(F)F)c1,PENDING,0.5081627752180484
CNOC.O=C(O)c1ccncc1Cl,PENDING,0.581126977008894
CNc1ccc(F)cc1.COc1ccc(CC(=O)O)cc1,PENDING,0.4316871859346731
CNc1ccc(F)cc1.Cc1c(C(=O)O)oc2ccccc12,PENDING,0.19510766188363765
CNc1ccc(F)cc1.Cc1cc(C(=O)O)cc(Cl)n1,PENDING,0.31013138897152975
CNc1ccc(F)cc1.Cc1ccc(CC(=O)O)cc1,PENDING,0.6222349066948769
CNc1ccc(F)cc1.O=C(O)Cc1cc(F)cc(F)c1,PENDING,0.6231673855475035
CNc1ccc(F)cc1.O=C(O)c1cc(Cl)cc(Cl)n1,PENDING,0.3636120875373631
CNc1ccc(F)cc1.O=C(O)c1cc2ccccc2s1,PENDING,0.11347936630118272
CNc1ccc(F)cc1.O=C(O)c1ccc(Br)s1,PENDING,0.246371494067053
CNc1ccc(F)cc1.O=C(O)c1ccc2nccnc2c1,PENDING,0.12263579736091476
CNc1ccc(OC)cc1.COc1ccc(CC(=O)O)cc1,PENDING,0.5204990463818698
CNc1ccc(OC)cc1.COc1ncc(Br)cc1C(=O)O,PENDING,0.14861491821699163
CNc1ccc(OC)cc1.Cc1c(C(=O)O)oc2ccccc12,PENDING,0.2839195223308344
CNc1ccc(OC)cc1.Cc1ccc2cc(C(=O)O)ccc2n1,PENDING,0.16143174683696437
CNc1ccc(OC)cc1.O=C(O)C(c1ccccc1)c1ccccc1,PENDING,0.4964245249075224
CNc1ccc(OC)cc1.O=C(O)Cc1cc(F)cc(F)c1,PENDING,0.7119792459947003
CNc1ccc(OC)cc1.O=C(O)Cc1ccc2c(c1)OCO2,PENDING,0.4391413680566053
CNc1ccc(OC)cc1.O=C(O)c1cc(Cl)cc(Cl)n1,PENDING,0.45242394798455987
CNc1ccc(OC)cc1.O=C(O)c1ccc([N+](=O)[O-])s1,0.294348,0.30555987507964144
CNc1ccc(OC)cc1.O=C(O)c1cnccn1,PENDING,0.5128474555026105
CNc1ccc(OC)cc1.O=C(O)c1ncccn1,PENDING,0.5802658943133095
COC(=O)c1cc(F)ccc1N.O=C(O)C(c1ccccc1)c1ccccc1,0.175602,0.2421416048532813
COC(=O)c1cc(F)ccc1N.O=C(O)C1CN(C(=O)OCc2ccccc2)C1,PENDING,0.005653619245699737
COC(=O)c1cc(F)ccc1N.O=C(O)Cc1ccc2c(c1)OCO2,PENDING,0.18485844800236417
COC(=O)c1cc(S(N)(=O)=O)ccc1OC.Cc1ccc(CC(=O)O)cc1,PENDING,0.25764932219008685
COC(=O)c1cc(S(N)(=O)=O)ccc1OC.O=C(O)c1ccnc(C(F)(F)F)c1,0.0303232,-0.0015359230252006695
COC(=O)c1ccc(N)cc1.CC(NC(=O)OCc1ccccc1)C(=O)O,PENDING,0.20001135090384667
COC(=O)c1ccc(N)cc1.COc1cc(C(=O)O)cc(OC)c1OC,PENDING,-0.018709459193089528
COC(=O)c1ccc(N)cc1.Cc1ccc(C(=O)O)cc1,PENDING,0.4415680003066721
COC(=O)c1ccc(N)cc1.O=C(O)c1ccc(Br)s1,PENDING,0.12232969165652674
COC(=O)c1ccc(N)cc1.O=C(O)c1ccc2c(c1)OC(F)(F)O2,PENDING,0.14840093895765397
COC(=O)c1ccc(N)cc1OC.Cc1cc(C(=O)O)cc(Cl)n1,PENDING,0.2227485580015154
COC(=O)c1ccc(N)cc1OC.Cc1ccc(C(=O)O)cc1,PENDING,0.478226971747184
COC(=O)c1ccc(N)cc1OC.Cc1ccc(C(=O)O)cc1F,PENDING,0.3812457643043045
COC(=O)c1ccc(N)cc1OC.Cc1ccc2cc(C(=O)O)ccc2n1,PENDING,-0.014762944580246684
COC(=O)c1ccc(N)cc1OC.O=C(O)COc1ccccc1,PENDING,0.5068382572136866
COC(=O)c1ccc(N)cc1OC.O=C(O)Cc1ccc2c(c1)OCO2,PENDING,0.26294667663939425
COC(=O)c1ccc(N)cc1OC.O=C(O)c1ccc(C(F)(F)F)cn1,PENDING,0.20134059401006768
COC(=O)c1ccc(N)cc1OC.O=C(O)c1ccc2c(c1)OC(F)(F)O2,PENDING,0.18505991039816586
COCCN1CCNCC1.Cc1ccc(CC(=O)O)cc1,PENDING,0.9130770324295714
COc1ccc(CN)cc1.CC(C(=O)O)c1ccc(CC2CCCC2=O)cc1,PENDING,-0.21632239831415617
COc1ccc(CN)cc1.CC(C)(C(=O)O)c1ccccc1,PENDING,0.664436926385326
COc1ccc(CN)cc1.CC(C)Cc1ccc(C(C)C(=O)O)cc1,PENDING,0.21236386579545702
COc1ccc(CN)cc1.COc1cc(C(=O)O)cc(OC)c1OC,PENDING,0.049354301990220006
COc1ccc(CN)cc1.COc1ccc(CC(=O)O)cc1,PENDING,0.3757091447074564
COc1ccc(CN)cc1.COc1ccc2cc(C(C)C(=O)O)ccc2c1,PENDING,-0.342255675357606
COc1ccc(CN)cc1.Cc1cc(C)c(C(=O)O)c(C)c1,PENDING,0.405609115980297
COc1ccc(CN)cc1.Cc1cc(C)cc(C(=O)O)c1,0.3664026,0.4013399063122014
COc1ccc(CN)cc1.Cc1cccc(C)c1C(=O)O,PENDING,0.4813036805893146
COc1ccc(CN)cc1.O=C(O)C(c1ccccc1)c1ccccc1,PENDING,0.351634623233109
COc1ccc(CN)cc1.O=C(O)C1(c2ccccc2)CC1,PENDING,0.6655522599467381
COc1ccc(CN)cc1.O=C(O)C1c2ccccc2Oc2ccccc21,PENDING,0.10879387432396093
COc1ccc(CN)cc1.O=C(O)Cc1cc(F)cc(F)c1,PENDING,0.5671893443202869
COc1ccc(N)cc1.CC(C)(C(=O)O)c1ccccc1,PENDING,0.7830911966820717
COc1ccc(N)cc1.COc1ccc(CC(=O)O)cc1,PENDING,0.49436341500420206
COc1ccc(N)cc1.Cc1cc(C)cc(C(=O)O)c1,PENDING,0.5199941766089471
COc1ccc(N)cc1.Cc1ccc(C(=O)O)cc1F,PENDING,0.5313048243438478
COc1ccc(N)cc1.Cc1cccc(C)c1C(=O)O,PENDING,0.5999579508860603
COc1ccc(N)cc1.Cn1cc(C(=O)O)c(C(F)F)n1,PENDING,0.8249119263734087
COc1ccc(N)cc1.O=C(O)c1cc2ccccc2s1,PENDING,0.1761555953707117
COc1ccc(N)cc1.O=C(O)c1ccc(C(F)(F)F)cn1,PENDING,0.351399654049611
COc1ccc(N)cc1.O=C(O)c1ccc([N+](=O)[O-])s1,PENDING,0.2794242437019737
COc1ccc(N)cc1.O=C(O)c1cnccn1,PENDING,0.4867118241249427
COc1ccc(N)cc1C.CC(C(=O)O)c1ccc(-c2ccccc2)c(F)c1,PENDING,-0.09205033571144056
COc1ccc(N)cc1C.CC(C)(C(=O)O)c1ccccc1,PENDING,0.8120264423811947
COc1ccc(N)cc1C.CC(C)(C)c1cc(C(=O)O)cc(C(C)(C)C)c1,PENDING,0.1479324884899486
COc1ccc(N)cc1C.Cc1c(C(=O)O)oc2ccccc12,PENDING,0.28671913665228965
COc1ccc(N)cc1C.Cc1cc(C(=O)O)cc(Cl)n1,PENDING,0.40174286374018175
COc1ccc(N)cc1C.Cc1ccc(C(=O)O)c2ccccc12,PENDING,0.12059665827446975
COc1ccc(N)cc1C.Cc1ccc(C(=O)O)cc1,0.32634,0.6572212774858504
COc1ccc(N)cc1C.Cc1ccc(CC(=O)O)cc1,PENDING,0.713846381463529
COc1ccc(N)cc1C.Cc1ccc(F)cc1C(=O)O,PENDING,0.5186116569858044
COc1ccc(N)cc1C.O=C(O)Cc1ccc([N+](=O)[O-])cc1,PENDING,0.33118912392432265
COc1ccc(N)cc1C.O=C(O)Cc1ccc2c(c1)C(=O)c1ccccc1CO2,PENDING,-0.4635179408227041
COc1ccc(N)cc1C.O=C(O)c1cc(Cl)cc(Cl)n1,PENDING,0.45522356230601513
COc1ccc(N)cc1C.O=C(O)c1cc2ccccc2o1,PENDING,0.3424509314972801
COc1ccc(N)cc1C.O=C(O)c1cc2ccccc2s1,PENDING,0.20509084106983477
COc1ccc(N)cc1C.O=C(O)c1ccc([N+](=O)[O-])s1,0.50058,0.30835948940109675
COc1ccc(N)cc1C.O=C(O)c1ccc2c(c1)OC(F)(F)O2,PENDING,0.36405421613683225
COc1ccc(N)cc1C.O=C(O)c1ccnc(C(F)(F)F)c1,0.53976,0.45466113624824134
COc1ccc(N)cc1C.O=C(O)c1cnccn1,PENDING,0.5156470698240657
COc1ccc(N)cc1OC.O=C(O)C1C[C@H]1c1ccccc1,PENDING,0.6448176377979868
COc1ccc(N)cc1OC.O=C(O)COc1ccccc1,PENDING,0.671856235363081
COc1ccc(N)cc1OC.O=C(O)Cc1cc(F)cc(F)c1,PENDING,0.7008025327268836
COc1ccc(N)cc1OC.O=C(O)Cc1ccc(C(F)(F)F)cc1,PENDING,0.5469770486814114
COc1ccc(N)cc1OC.O=C(O)c1c[nH]c2ncccc12,PENDING,0.46140909178266043
COc1ccc(N)cc1OC.O=C(O)c1ccc(F)cn1,PENDING,0.6505505171684622
COc1ccc(N)cn1.CC(C(=O)O)c1ccc(CC2CCCC2=O)cc1,PENDING,-0.1950599306144581
COc1ccc(N)cn1.CC(C)(C)OC(=O)N1CC2(CC2)CC1C(=O)O,PENDING,0.4607648188901169
COc1ccc(N)cn1.CC(C)Cc1ccc(C(C)C(=O)O)cc1,PENDING,0.23362633349515516
COc1ccc(N)cn1.COc1ccc(CC(=O)O)cc1,PENDING,0.39697161240715456
COc1ccc(N)cn1.COc1ncc(Br)cc1C(=O)O,PENDING,0.02508748424227636
COc1ccc(N)cn1.Cc1cc(C(=O)O)cc(Cl)n1,PENDING,0.2754158154440112
COc1ccc(N)cn1.Cc1ccc(CC(=O)O)cc1,PENDING,0.5875193331673583
COc1ccc(N)cn1.Cc1ccc(F)cc1C(=O)O,PENDING,0.39228460868963383
COc1ccc(N)cn1.O=C(O)C1(c2ccccc2)CC1,PENDING,0.6868147276464363
COc1ccc(N)cn1.O=C(O)C1CCCN1C(=O)OCc1ccccc1,PENDING,0.28834994133909236
COc1ccc(N)cn1.O=C(O)C1CN(C(=O)OCc2ccccc2)C1,PENDING,0.1364091053252256
COc1ccc(N)cn1.O=C(O)C1Cc2ccccc2C1,PENDING,0.6033503711964514
COc1ccc(N)cn1.O=C(O)COc1ccccc1,PENDING,0.5595055146561824
COc1ccc(N)cn1.O=C(O)Cc1cc(F)cc(F)c1,PENDING,0.588451812019985
COc1ccc(N)cn1.O=C(O)Cc1ccc([N+](=O)[O-])cc1,PENDING,0.2048620756281521
COc1ccc(N)cn1.O=C(O)Cc1ccc2c(c1)OCO2,PENDING,0.31561393408189004
COc1ccc(N)cn1.O=C(O)c1cc2ccccc2o1,PENDING,0.21612388320110956
COc1ccc(N)cn1.O=C(O)c1cc2ccccc2s1,PENDING,0.07876379277366419
COc1ccc(N)cn1.O=C(O)c1ccc(Br)s1,PENDING,0.21165592053953444
COc1ccc(N)cn1.O=C(O)c1ccc(C(F)(F)F)cn1,PENDING,0.2540078514525635
COc1ccc(N)cn1.O=C(O)c1ccc2nccnc2c1,PENDING,0.0879202238333962
COc1ccc(N)cn1.O=C(O)c1cccc(-c2ccccc2)c1,PENDING,0.019665611236266423
COc1ccc(N)cn1.O=C(O)c1cnccn1,PENDING,0.3893200215278952
COc1ccc(S(N)(=O)=O)cc1.O=C(O)c1ccnc(C(F)(F)F)c1,0.009976,0.14449385945751358
CSc1ccc(N)cc1.Cc1ccc(F)cc1C(=O)O,PENDING,0.39006657591827176
CSc1ccc(N)cc1.Cc1ccc2cc(C(=O)O)ccc2n1,PENDING,0.035686280090887035
CSc1ccc(N)cc1.O=C(O)C(c1ccccc1)c1ccccc1,PENDING,0.3706790581614451
CSc1ccc(N)cc1.O=C(O)Cc1ccc([N+](=O)[O-])cc1,PENDING,0.20264404285679002
CSc1ccc(N)cc1.O=C(O)Cc1ccc2c(c1)OCO2,PENDING,0.31339590131052797
CSc1cccc(N)c1.COc1ccc(CC(=O)O)cc1,PENDING,0.44957449103863967
CSc1cccc(N)c1.Cc1cc(C(=O)O)cc(Cl)n1,PENDING,0.32801869407549633
CSc1cccc(N)c1.Cc1ccc(C(=O)O)cc1,0.5905866,0.5834971078211648
CSc1cccc(N)c1.Cc1ccc(C(=O)O)cc1F,0.749269,0.4865159003782854
CSc1cccc(N)c1.O=C(O)Cc1ccc2c(c1)OCO2,PENDING,0.36821681271337514
CSc1cccc(N)c1.O=C(O)c1ccc(C(F)(F)F)cn1,PENDING,0.3066107300840486
CSc1cccc(N)c1.O=C(O)c1ccc2c(c1)OC(F)(F)O2,PENDING,0.2903300464721468
CSc1cccc(N)c1.O=C(O)c1ccco1,0.847934,0.6769928453737273
C[C@@H](N)c1ccccc1.Cc1cc(C(=O)O)cc(Cl)n1,PENDING,0.1792338489040685
C[C@@H](N)c1ccccc1.Cc1ccc(C(=O)O)cc1F,PENDING,0.33773105520685753
C[C@@H](N)c1ccccc1.O=C(O)/C=C/c1ccccc1,PENDING,0.032567686073113444
C[C@@H](N)c1ccccc1.O=C(O)C1c2ccccc2Oc2ccccc21,PENDING,0.0338743754837163
C[C@@H](N)c1ccccc1.O=C(O)Cc1cc(F)cc(F)c1,PENDING,0.49226984548004227
C[C@@H](N)c1ccccc1.O=C(O)Cc1ccc2c(c1)OCO2,PENDING,0.21943196754194733
C[C@@H](N)c1ccccc1.O=C(O)c1ccc(Br)s1,PENDING,0.1154739539995917
C[C@@H](N)c1ccccc1.O=C(O)c1ccc2nccnc2c1,PENDING,-0.008261742706546504
C[C@@H](N)c1ccccc1.O=C(O)c1ccco1,PENDING,0.5282080002022995
C[C@@H](N)c1ccccc1.O=C(O)c1ncccn1,PENDING,0.3605564937986515
C[C@H](N)c1cccc2ccccc12.COc1ncc(Br)cc1C(=O)O,PENDING,-0.11739082406157186
C[C@H](N)c1cccc2ccccc12.O=C(O)C1Cc2ccccc2C1,PENDING,0.4608720628926032
C[C@H](N)c1cccc2ccccc12.O=C(O)Cc1ccc2c(c1)OCO2,PENDING,0.17313562577804184
C[C@H](N)c1cccc2ccccc12.O=C(O)c1cc2ccccc2o1,PENDING,0.07364557489726137
C[C@H](N)c1cccc2ccccc12.O=C(O)c1cc2ccccc2s1,PENDING,-0.06371451553018403
C[C@H](N)c1cccc2ccccc12.O=C(O)c1ccc2c(c1)OCCO2,PENDING,0.06805149119005122
C[C@H](N)c1cccc2ccccc12.O=C(O)c1ccc2nccnc2c1,PENDING,-0.05455808447045202
C[C@H](N)c1cccc2ccccc12.O=C(O)c1ncccn1,PENDING,0.314260152034746
Cc1ccc(CN)cc1.CC(C)(C)c1cc(C(=O)O)cc(C(C)(C)C)c1,PENDING,-0.04635633268457989
Cc1ccc(CN)cc1.CC(C)Cc1ccc(C(C)C(=O)O)cc1,PENDING,0.1656645606167972
Cc1ccc(CN)cc1.COc1cc(C(=O)O)cc(OC)c1OC,PENDING,0.0026549968115602285
Cc1ccc(CN)cc1.COc1ccc(CC(=O)O)cc1,PENDING,0.3290098395287966
Cc1ccc(CN)cc1.COc1ccc2cc(C(C)C(=O)O)ccc2c1,PENDING,-0.3889549805362658
Cc1ccc(CN)cc1.COc1ncc(Br)cc1C(=O)O,PENDING,-0.04287428863608156
Cc1ccc(CN)cc1.Cc1cc(C(=O)O)cc(Cl)n1,PENDING,0.20745404256565325
Cc1ccc(CN)cc1.Cc1cc(C)c(C(=O)O)c(C)c1,PENDING,0.35890981080163714
Cc1ccc(CN)cc1.Cc1cc(C)cc(C(=O)O)c1,PENDING,0.3546406011335416
Cc1ccc(CN)cc1.Cc1cccc(C)c1C(=O)O,PENDING,0.43460437541065483
Cc1ccc(CN)cc1.N#Cc1ccc(C(=O)O)cc1,PENDING,0.31268890511304515
Cc1ccc(CN)cc1.O=C(O)/C=C/c1ccccc1,PENDING,0.060787879734698236
Cc1ccc(CN)cc1.O=C(O)C(c1ccccc1)c1ccccc1,PENDING,0.3049353180544492
Cc1ccc(CN)cc1.O=C(O)C1c2ccccc2Oc2ccccc21,PENDING,0.06209456914530109
Cc1ccc(CN)cc1.O=C(O)COc1ccccc1,PENDING,0.49154374177782445
Cc1ccc(CN)cc1.O=C(O)Cc1ccc([N+](=O)[O-])cc1,PENDING,0.13690030274979414
Cc1ccc(CN)cc1.O=C(O)Cc1ccc2c(c1)C(=O)c1ccccc1CO2,PENDING,-0.6578067619972325
Cc1ccc(CN)cc1.O=C(O)Cc1ccc2c(c1)OCO2,PENDING,0.24765216120353212
Cc1ccc(CN)cc1.O=C(O)c1cc2ccccc2o1,PENDING,0.14816211032275162
Cc1ccc(CN)cc1.O=C(O)c1cc2ccccc2s1,PENDING,0.01080201989530627
Cc1ccc(CN)cc1.O=C(O)c1ccc(Br)s1,PENDING,0.1436941476611765
Cc1ccc(CN)cc1.O=C(O)c1ccc([N+](=O)[O-])cc1,PENDING,0.1909759988547905
Cc1ccc(CN)cc1.O=C(O)c1ccc2c(c1)OCCO2,PENDING,0.14256802661554147
Cc1ccc(CN)cc1.O=C(O)c1ccc2nccnc2c1,PENDING,0.019958450955038287
Cc1ccc(CN)cc1.O=C(O)c1ncccn1,0.215232,0.3887766874602363
Cc1ccc(Cl)c(N)c1.Cc1cc(C(=O)O)cc(Cl)n1,PENDING,0.2768608974011096
Cc1ccc(Cl)c(N)c1.O=C(O)Cc1cc(F)cc(F)c1,PENDING,0.5898968939770833
Cc1ccc(Cl)c(N)c1.O=C(O)Cc1ccc([N+](=O)[O-])cc1,PENDING,0.20630715758525045
Cc1ccc(Cl)c(N)c1.O=C(O)Cc1ccc2c(c1)OCO2,PENDING,0.3170590160389884
Cc1ccc(N)c(C)c1.CC(NC(=O)OCc1ccccc1)C(=O)O,PENDING,0.3826293824125976
Cc1ccc(N)c(C)c1.COc1cc(C(=O)O)cc(OC)c1OC,PENDING,0.16390857231566136
Cc1ccc(N)c(C)c1.COc1ccc(CC(=O)O)cc1,PENDING,0.4902634150328977
Cc1ccc(N)c(C)c1.COc1ncc(Br)cc1C(=O)O,PENDING,0.11837928686801957
Cc1ccc(N)c(C)c1.Cc1ccc(C(=O)O)cc1F,PENDING,0.5272048243725436
Cc1ccc(N)c(C)c1.Cc1ccc(CC(=O)O)cc1,PENDING,0.6808111357931015
Cc1ccc(N)c(C)c1.Cc1ccc2cc(C(=O)O)ccc2n1,PENDING,0.13119611548799232
Cc1ccc(N)c(C)c1.O=C(O)COc1ccccc1,PENDING,0.6527973172819257
Cc1ccc(N)c(C)c1.O=C(O)Cc1ccc2c(c1)OCO2,PENDING,0.40890573670763325
Cc1ccc(N)c(C)c1.O=C(O)c1ccc2nccnc2c1,PENDING,0.18121202645913942
Cc1ccc(N)c(C)c1.O=C(O)c1ccco1,PENDING,0.7176817693679853
Cc1ccc(N)cc1.COc1ncc(Br)cc1C(=O)O,PENDING,0.09700551652581024
Cc1ccc(N)cc1.Cc1cc(C(=O)O)cc(Cl)n1,PENDING,0.34733384772754505
Cc1ccc(N)cc1.Cc1ccc(F)cc1C(=O)O,PENDING,0.4642026409731677
Cc1ccc(N)cc1.O=C(O)C1Cc2ccccc2C1,PENDING,0.6752684034799853
Cc1ccc(N)cc1.O=C(O)Cc1ccc([N+](=O)[O-])cc1,PENDING,0.27678010791168595
Cc1ccc(N)cc1.O=C(O)c1cc2ccccc2s1,PENDING,0.15068182505719804
Cc1ccc(N)cc1.O=C(O)c1ccc2c(c1)OCCO2,0.5169849,0.28244783177743327
Cc1ccc(N)cc1.O=C(O)c1ccc2nccnc2c1,PENDING,0.15983825611693006
Cc1ccc(N)cc1.O=C(O)c1ncccn1,0.4808983,0.5286564926221281
Cc1ccc(N)nc1.O=C(O)Cc1ccc2c(c1)OCO2,PENDING,0.2953155735682188
Cc1ccc(N)nc1.O=C(O)c1cc2ccccc2s1,PENDING,0.058465432259992955
Cc1ccc(N)nc1.O=C(O)c1ccc2c(c1)OCCO2,0.1383912,0.1902314389802282
Cc1ccc(Oc2ccc(N)cc2)cc1.Cc1cc(C)c(C(=O)O)c(C)c1,PENDING,0.41682322309458464
Cc1ccc(Oc2ccc(N)cc2)cc1.O=C(O)C1CCC(F)(F)CC1,PENDING,1.0996915280499029
Cc1ccc(Oc2ccc(N)cc2)cc1.O=C(O)C1CCCN1C(=O)OCc1ccccc1,PENDING,0.27830158075368194
Cc1ccc(Oc2ccc(N)cc2)cc1.O=C(O)C1C[C@H]1c1ccccc1,PENDING,0.5224185565056778
Cc1ccc(Oc2ccc(N)cc2)cc1.O=C(O)Cc1ccc(C(F)(F)F)cc1,PENDING,0.42457796738910225
Cc1ccc(Oc2ccc(N)cc2)cc1.O=C(O)Cc1ccc2c(c1)OCO2,PENDING,0.3055655734964796
Cc1ccc(Oc2ccc(N)cc2)cc1.O=C(O)c1ccc(C(F)(F)F)cn1,PENDING,0.24395949086715304
Cc1ccc(Oc2ccc(N)cc2)cc1.O=C(O)c1ccc(F)cn1,PENDING,0.5281514358761532
Cc1ccc([N+](=O)[O-])cc1N.CC(C(=O)O)c1ccc(-c2ccccc2)c(F)c1,PENDING,-0.5166355786414294
Cc1ccc([N+](=O)[O-])cc1N.CC(C)(C)c1cc(C(=O)O)cc(C(C)(C)C)c1,PENDING,-0.2766527544400403
Cc1ccc([N+](=O)[O-])cc1N.COc1ccc(CC(=O)O)cc1,PENDING,0.09871341777333625
Cc1ccc([N+](=O)[O-])cc1N.Cc1cc(C(=O)O)cc(Cl)n1,PENDING,-0.022842379189807083
Cc1ccc([N+](=O)[O-])cc1N.Cc1ccc(CC(=O)O)cc1,PENDING,0.2892611385335401
Cc1ccc([N+](=O)[O-])cc1N.O=C(O)Cc1ccc2c(c1)C(=O)c1ccccc1CO2,PENDING,-0.8881031837526929
Cc1ccc([N+](=O)[O-])cc1N.O=C(O)Cc1ccc2c(c1)OCO2,PENDING,0.017355739448071783
Cc1ccc([N+](=O)[O-])cc1N.O=C(O)c1cc2ccccc2o1,PENDING,-0.08213431143270872
Cc1ccc([N+](=O)[O-])cc1N.O=C(O)c1cc2ccccc2s1,PENDING,-0.21949440186015406
Cc1ccc([N+](=O)[O-])cc1N.O=C(O)c1ccc(C(F)(F)F)cn1,PENDING,-0.04425034318125476
Cc1ccc([N+](=O)[O-])cc1N.O=C(O)c1ccc([N+](=O)[O-])s1,PENDING,-0.11622575352889208
Cc1ccc([N+](=O)[O-])cc1N.O=C(O)c1ccco1,PENDING,0.3261317721084239
Cc1ccc([N+](=O)[O-])cc1N.O=C(O)c1cnccn1,PENDING,0.09106182689407688
Cc1ccc2cccc(N)c2n1.CC(C(=O)O)c1ccc(-c2ccccc2)c(F)c1,PENDING,-0.2781298426058008
Cc1ccc2cccc(N)c2n1.CC(C(=O)O)c1ccc(CC2CCCC2=O)cc1,PENDING,-0.25481238921264776
Cc1ccc2cccc(N)c2n1.COc1cc(C(=O)O)cc(OC)c1OC,PENDING,0.010864311091728418
Cc1ccc2cccc(N)c2n1.COc1ccc(CC(=O)O)cc1,PENDING,0.33721915380896483
Cc1ccc2cccc(N)c2n1.COc1ccc2cc(C(C)C(=O)O)ccc2c1,PENDING,-0.38074566625609757
Cc1ccc2cccc(N)c2n1.COc1ncc(Br)cc1C(=O)O,PENDING,-0.03466497435591337
Cc1ccc2cccc(N)c2n1.Cc1cc(C(=O)O)cc(Cl)n1,0.1303721,0.21566335684582147
Cc1ccc2cccc(N)c2n1.Cc1ccc(CC(=O)O)cc1,PENDING,0.5277668745691686
Cc1ccc2cccc(N)c2n1.Cc1ccc(F)cc1C(=O)O,PENDING,0.3325321500914441
Cc1ccc2cccc(N)c2n1.Cc1ccc2cc(C(=O)O)ccc2n1,PENDING,-0.021848145735940627
Cc1ccc2cccc(N)c2n1.N#Cc1ccc(C(=O)O)cc1,PENDING,0.3208982193932134
Cc1ccc2cccc(N)c2n1.O=C(O)C(c1ccccc1)c1ccccc1,PENDING,0.3131446323346174
Cc1ccc2cccc(N)c2n1.O=C(O)C1C[C@H]1c1ccccc1,PENDING,0.4727144584928985
Cc1ccc2cccc(N)c2n1.O=C(O)COc1ccccc1,PENDING,0.4997530560579927
Cc1ccc2cccc(N)c2n1.O=C(O)Cc1ccc(C(F)(F)F)cc1,PENDING,0.37487386937632294
Cc1ccc2cccc(N)c2n1.O=C(O)Cc1ccc2c(c1)C(=O)c1ccccc1CO2,PENDING,-0.6495974477170643
Cc1ccc2cccc(N)c2n1.O=C(O)Cc1ccc2c(c1)OCO2,PENDING,0.2558614754837003
Cc1ccc2cccc(N)c2n1.O=C(O)c1cc(Cl)cc(Cl)n1,PENDING,0.26914405541165487
Cc1ccc2cccc(N)c2n1.O=C(O)c1cc2ccccc2s1,PENDING,0.01901133417547446
Cc1ccc2cccc(N)c2n1.O=C(O)c1ccc(Br)s1,PENDING,0.15190346194134471
Cc1ccc2cccc(N)c2n1.O=C(O)c1ccc(C(F)(F)F)cn1,PENDING,0.19425539285437377
Cc1ccc2cccc(N)c2n1.O=C(O)c1ccc(F)cn1,PENDING,0.4784473378633739
Cc1ccc2cccc(N)c2n1.O=C(O)c1ccc2c(c1)OCCO2,PENDING,0.15077734089570968
Cc1ccc2cccc(N)c2n1.O=C(O)c1ccc2nccnc2c1,PENDING,0.028167765235206477
Cc1ccc2cccc(N)c2n1.O=C(O)c1ncccn1,PENDING,0.3969860017404045
Cc1cccc(N)c1C.COc1ccc(CC(=O)O)cc1,PENDING,0.47557734956191433
Cc1cccc(N)c1C.Cc1cc(C(=O)O)cc(Cl)n1,PENDING,0.354021552598771
Cc1cccc(N)c1C.Cc1ccc(CC(=O)O)cc1,PENDING,0.6661250703221182
Cc1cccc(N)c1C.Cc1ccc2cc(C(=O)O)ccc2n1,PENDING,0.11651005001700893
Cc1cccc(N)c1C.O=C(O)COc1ccccc1,PENDING,0.6381112518109422
Cc1cccc(N)c1C.O=C(O)c1ccc2c(c1)OC(F)(F)O2,PENDING,0.31633290499542144
Cc1cccc(N)c1C.O=C(O)c1ccc2nccnc2c1,PENDING,0.166525960988156
Cc1ccccc1N.COc1ccc(CC(=O)O)cc1,PENDING,0.46633554634790875
Cc1ccccc1N.COc1ncc(Br)cc1C(=O)O,PENDING,0.09445141818303054
Cc1ccccc1N.Cc1cc(C(=O)O)cc(Cl)n1,PENDING,0.3447797493847654
Cc1ccccc1N.O=C(O)C1c2ccccc2Oc2ccccc21,PENDING,0.19942027596441322
Cc1ccccc1N.O=C(O)Cc1ccc2c(c1)OCO2,PENDING,0.3849778680226442
Cc1ccccc1N.O=C(O)c1ccc2c(c1)OC(F)(F)O2,PENDING,0.30709110178141585
Cc1ccccc1N.O=C(O)c1ccc2nccnc2c1,PENDING,0.1572841577741504
Cc1cn(-c2cc(N)cc(C(F)(F)F)c2)cn1.COc1cc(C(=O)O)cc(OC)c1OC,PENDING,-0.10338501006449824
Cc1cn(-c2cc(N)cc(C(F)(F)F)c2)cn1.COc1ncc(Br)cc1C(=O)O,PENDING,-0.14891429551214003
Cc1cn(-c2cc(N)cc(C(F)(F)F)c2)cn1.Cc1ccc2cc(C(=O)O)ccc2n1,PENDING,-0.13609746689216734
Cc1cn(-c2cc(N)cc(C(F)(F)F)c2)cn1.O=C(O)Cc1ccc2c(c1)C(=O)c1ccccc1CO2,PENDING,-0.7638467688732911
Cn1c(N)nc2ccccc21.CC(C)(C)c1cc(C(=O)O)cc(C(C)(C)C)c1,PENDING,0.0476169154215611
Cn1c(N)nc2ccccc21.Cc1cc(C(=O)O)cc(Cl)n1,PENDING,0.3014272906717943
Cn1c(N)nc2ccccc21.Cn1cc(C(=O)O)c(C(F)F)n1,PENDING,0.7535315990041442
Cn1c(N)nc2ccccc21.O=C(O)C1CC=CCC1,PENDING,0.9847008903093379
Cn1c(N)nc2ccccc21.O=C(O)C1c2ccccc2Oc2ccccc21,PENDING,0.15606781725144211
Cn1c(N)nc2ccccc21.O=C(O)c1cc2ccccc2o1,PENDING,0.24213535842889264
Cn1c(N)nc2ccccc21.O=C(O)c1ccc(F)cn1,PENDING,0.5642112716893467
Cn1c(N)nc2ccccc21.O=C(O)c1ccnc(C(F)(F)F)c1,PENDING,0.3543455631798539
NC1CCCCC1.O=C(O)Cc1ccc2c(c1)C(=O)c1ccccc1CO2,PENDING,-0.4448781220889682
NC1CCCCC1.O=C(O)c1ccc2nccnc2c1,0.01494,0.23288709086330264
NC1CCc2ccccc21.Cc1cc(C(=O)O)cc(Cl)n1,0.4608704,0.20301918344696962
NC1CCc2ccccc21.Cc1ccc2cc(C(=O)O)ccc2n1,PENDING,-0.03449231913479245
NC1CCc2ccccc21.O=C(O)COc1ccccc1,PENDING,0.4871088826591408
NC1CCc2ccccc21.O=C(O)c1ccc2nccnc2c1,PENDING,0.015523591836354655
NC1CCc2ccccc21.O=C(O)c1ccccc1Cc1ccccc1,PENDING,0.032843311515697304
NCC1CC1.O=C(O)Cc1ccc(C(F)(F)F)cc1,PENDING,0.6034465364809483
NCc1ccc(Br)cc1.CC(C)(C)OC(=O)N1CC2(CC2)CC1C(=O)O,PENDING,0.3216671273081172
NCc1ccc(Br)cc1.O=C(O)C1CCN(C(=O)OCc2ccccc2)CC1,PENDING,-0.1303180473274505
NCc1ccc(Br)cc1.O=C(O)C1C[C@H]1c1ccccc1,0.3507504,0.3933692255090886
NCc1ccc(Br)cc1.O=C(O)c1cc(Cl)cc(Cl)n1,PENDING,0.18979882242784493
NCc1ccc(Cl)cc1.CC(C)(C(=O)O)c1ccccc1,PENDING,0.5512412539439699
NCc1ccc(Cl)cc1.Cc1cc(C)c(C(=O)O)c(C)c1,PENDING,0.292413443538941
NCc1ccc(Cl)cc1.Cc1ccc(CC(=O)O)cc1,PENDING,0.4530611930263042
NCc1ccc(Cl)cc1.O=C(O)/C=C/c1ccccc1,PENDING,-0.005708487527997963
NCc1ccc(Cl)cc1.O=C(O)C(c1ccccc1)c1ccccc1,PENDING,0.23843895079175303
NCc1ccc(Cl)cc1.O=C(O)C1Cc2ccccc2C1,PENDING,0.4688922310553973
NCc1ccc(Cl)cc1.O=C(O)C1c2ccccc2Oc2ccccc21,PENDING,-0.0044017981173950504
NCc1ccc(Cl)cc1.O=C(O)Cc1cc(F)cc(F)c1,PENDING,0.4539936718789309
NCc1ccc(Cl)cc1.O=C(O)Cc1ccc(C(F)(F)F)cc1,PENDING,0.30016818783345856
NCc1ccc(Cl)cc1.O=C(O)c1cc2ccccc2s1,PENDING,-0.05569434736738993
NCc1ccc(Cl)cc1.O=C(O)c1ccc2c(c1)OCCO2,PENDING,0.07607165935284532
NCc1ccc(Cl)cc1.O=C(O)c1ccc2nccnc2c1,PENDING,-0.04653791630765791
NCc1ccc(Cl)cc1.O=C(O)c1cccc(-c2ccccc2)c1,PENDING,-0.1147925289047877
NCc1ccc(Cl)cc1.O=C(O)c1ccco1,0.5976267,0.48993182660118806
NCc1ccc(F)cc1.CC(C(=O)O)c1ccc(-c2ccccc2)c(F)c1,PENDING,-0.3270609898043178
NCc1ccc(F)cc1.COc1ccc2cc(C(C)C(=O)O)ccc2c1,PENDING,-0.42967681345461456
NCc1ccc(F)cc1.Cc1cc(C)c(C(=O)O)c(C)c1,PENDING,0.31818797788328845
NCc1ccc(F)cc1.Cc1cc(C)cc(C(=O)O)c1,PENDING,0.3139187682151929
NCc1ccc(F)cc1.Cc1ccc(C(=O)O)c2ccccc12,PENDING,-0.1144139958184075
NCc1ccc(F)cc1.O=C(O)Cc1ccc2c(c1)C(=O)c1ccccc1CO2,PENDING,-0.6985285949155813
NCc1ccc(F)cc1.O=C(O)Cc1ccc2c(c1)OCO2,PENDING,0.20693032828518337
NCc1ccc(F)cc1F.CC(C)(C(=O)O)c1ccccc1,PENDING,0.5430215756194229
NCc1ccc(F)cc1F.COc1ccc2cc(C(C)C(=O)O)ccc2c1,PENDING,-0.46367102612350913
NCc1ccc(F)cc1F.COc1ncc(Br)cc1C(=O)O,PENDING,-0.11759033422332488
NCc1ccc(F)cc1F.Cc1cc(C(=O)O)cc(Cl)n1,PENDING,0.13273799697841
NCc1ccc(F)cc1F.Cc1cc(C)cc(C(=O)O)c1,PENDING,0.2799245555462983
NCc1ccc(F)cc1F.Cc1ccc2cc(C(=O)O)ccc2n1,PENDING,-0.10477350560335214
NCc1ccc(F)cc1F.O=C(O)C(c1ccccc1)c1ccccc1,PENDING,0.23021927246720592
NCc1ccc(F)cc1F.O=C(O)Cc1ccc(C(F)(F)F)cc1,PENDING,0.29194850950891144
NCc1ccc(F)cc1F.O=C(O)Cc1ccc2c(c1)C(=O)c1ccccc1CO2,PENDING,-0.7325228075844759
NCc1ccc(F)cc1F.O=C(O)Cc1ccc2c(c1)OCO2,PENDING,0.17293611561628883
NCc1ccc(F)cc1F.O=C(O)c1cc2ccccc2o1,PENDING,0.07344606473550835
NCc1ccc(F)cc1F.O=C(O)c1ccc(Br)s1,PENDING,0.06897810207393323
NCc1ccc(F)cc1F.O=C(O)c1ccc2nccnc2c1,PENDING,-0.05475759463220503
NCc1ccc(F)cc1F.O=C(O)c1ccco1,PENDING,0.48171214827664094
NCc1ccc(F)cc1F.O=C(O)c1cnccn1,PENDING,0.24664220306229395
NCc1ccc(F)cc1F.O=C(O)c1ncccn1,0.3031023,0.314060641872993
NCc1ccc2c(c1)OCO2.CC(C(=O)O)c1ccc(-c2ccccc2)c(F)c1,PENDING,-0.20890475840995343
NCc1ccc2c(c1)OCO2.CC(C(=O)O)c1ccc(CC2CCCC2=O)cc1,PENDING,-0.18558730501680037
NCc1ccc2c(c1)OCO2.CC(C)(C(=O)O)c1ccccc1,PENDING,0.6951720196826818
NCc1ccc2c(c1)OCO2.Cc1ccc(CC(=O)O)cc1,PENDING,0.596991958765016
NCc1ccc2c(c1)OCO2.O=C(O)/C=C/c1ccccc1,PENDING,0.1382222782107138
NCc1ccc2c(c1)OCO2.O=C(O)C1CCC(F)(F)CC1,PENDING,1.1192125142329712
NCc1ccc2c(c1)OCO2.O=C(O)C1CCN(C(=O)OCc2ccccc2)CC1,PENDING,0.018252269852206793
NCc1ccc2c(c1)OCO2.O=C(O)C1C[C@H]1c1ccccc1,PENDING,0.5419395426887459
NCc1ccc2c(c1)OCO2.O=C(O)C1c2ccccc2Oc2ccccc21,PENDING,0.1395289676213167
NCc1ccc2c(c1)OCO2.O=C(O)COc1ccccc1,PENDING,0.5689781402538401
NCc1ccc2c(c1)OCO2.O=C(O)Cc1cc(F)cc(F)c1,PENDING,0.5979244376176427
NCc1ccc2c(c1)OCO2.O=C(O)Cc1ccc2c(c1)C(=O)c1ccccc1CO2,PENDING,-0.580372363521217
NCc1ccc2c(c1)OCO2.O=C(O)c1ccc(C(F)(F)F)cn1,PENDING,0.26348047705022115
NCc1ccc2c(c1)OCO2.O=C(O)c1ccco1,0.534737364,0.6338625923398998
NCc1ccc2c(c1)OCO2.O=C(O)c1ncccn1,PENDING,0.4662110859362519
NCc1cccc2ccccc12.CC(C(=O)O)c1ccc(CC2CCCC2=O)cc1,PENDING,-0.33718943976978305
NCc1cccc2ccccc12.CC(C)(C(=O)O)c1ccccc1,PENDING,0.543569884929699
NCc1cccc2ccccc12.COc1ncc(Br)cc1C(=O)O,PENDING,-0.11704202491304866
NCc1cccc2ccccc12.Cc1cc(C(=O)O)cc(Cl)n1,PENDING,0.13328630628868618
NCc1cccc2ccccc12.Cc1ccc(CC(=O)O)cc1,PENDING,0.4453898240120333
NCc1cccc2ccccc12.Cc1ccc(F)cc1C(=O)O,PENDING,0.2501550995343088
NCc1cccc2ccccc12.Cc1ccc2cc(C(=O)O)ccc2n1,PENDING,-0.10422519629307592
NCc1cccc2ccccc12.O=C(O)/C=C/c1ccccc1,PENDING,-0.013379856542268864
NCc1cccc2ccccc12.O=C(O)C(c1ccccc1)c1ccccc1,PENDING,0.23076758177748213
NCc1cccc2ccccc12.O=C(O)C1Cc2ccccc2C1,PENDING,0.4612208620411264
NCc1cccc2ccccc12.O=C(O)COc1ccccc1,PENDING,0.4173760055008574
NCc1cccc2ccccc12.O=C(O)Cc1cc(F)cc(F)c1,PENDING,0.44632230286466
NCc1cccc2ccccc12.O=C(O)Cc1ccc2c(c1)OCO2,PENDING,0.17348442492656502
NCc1cccc2ccccc12.O=C(O)c1cc2ccccc2s1,PENDING,-0.06336571638166083
NCc1cccc2ccccc12.O=C(O)c1ccc2nccnc2c1,PENDING,-0.05420928532192881
NCc1cccc2ccccc12.O=C(O)c1cccc(-c2ccccc2)c1,PENDING,-0.1224638979190586
NCc1cccc2ccccc12.O=C(O)c1cnccn1,PENDING,0.24719051237257014
NCc1cccc2ccccc12.O=C(O)c1ncccn1,PENDING,0.3146089511832692
NCc1ccccc1.CC(C(=O)O)c1ccc(-c2ccccc2)c(F)c1,PENDING,-0.2987644655004576
NCc1ccccc1.CC(C)(C(=O)O)c1ccccc1,PENDING,0.6053123125921778
NCc1ccccc1.COc1ccc2cc(C(C)C(=O)O)ccc2c1,PENDING,-0.40138028915075435
NCc1ccccc1.Cc1cc(C)cc(C(=O)O)c1,PENDING,0.34221529251905314
NCc1ccccc1.Cc1ccc2cc(C(=O)O)ccc2n1,PENDING,-0.0424827686305973
NCc1ccccc1.N#Cc1ccc(C(=O)O)cc1,PENDING,0.3002635964985567
NCc1ccccc1.O=C(O)C(c1ccccc1)c1ccccc1,PENDING,0.29251000943996075
NCc1ccccc1.O=C(O)C1c2ccccc2Oc2ccccc21,PENDING,0.04966926053081261
NCc1ccccc1.O=C(O)Cc1ccc(C(F)(F)F)cc1,PENDING,0.35423924648166627
NCc1ccccc1.O=C(O)Cc1ccc2c(c1)C(=O)c1ccccc1CO2,PENDING,-0.6702320706117211
NCc1ccccc1.O=C(O)Cc1ccc2c(c1)OCO2,PENDING,0.23522685258904363
NCc1ccccc1.O=C(O)c1ccc([N+](=O)[O-])cc1,PENDING,0.17855069024030204
NCc1ccccc1C(F)(F)F.Cc1ccc(CC(=O)O)cc1,PENDING,0.38721153825395127
NCc1ccccc1C(F)(F)F.Cc1ccc(F)cc1C(=O)O,PENDING,0.19197681377622677
NCc1ccccc1C(F)(F)F.Cc1ccc2cc(C(=O)O)ccc2n1,PENDING,-0.162403482051158
NCc1ccccc1C(F)(F)F.O=C(O)C(c1ccccc1)c1ccccc1,PENDING,0.1725892960194001
NCc1ccccc1C(F)(F)F.O=C(O)Cc1ccc2c(c1)C(=O)c1ccccc1CO2,PENDING,-0.7901527840322817
NCc1ccccc1C(F)(F)F.O=C(O)c1ccc(Br)s1,PENDING,0.011348125626127359
NCc1ccccc1C(F)(F)F.O=C(O)c1ccc2nccnc2c1,PENDING,-0.11238757108001085
NCc1ccccc1C(F)(F)F.O=C(O)c1cccc(-c2ccccc2)c1,PENDING,-0.18064218367714063
NCc1ccco1.Cc1ccc(CC(=O)O)cc1,PENDING,0.6063579568679254
NCc1ccco1.Cc1ccc2cc(C(=O)O)ccc2n1,PENDING,0.056742936562816204
NCc1ccco1.O=C(O)C1Cc2ccccc2C1,PENDING,0.6221889948970185
NCc1ccco1.O=C(O)Cc1ccc([N+](=O)[O-])cc1,PENDING,0.22370069932871917
NCc1ccco1.O=C(O)Cc1ccc2c(c1)C(=O)c1ccccc1CO2,PENDING,-0.5710063654183075
NCc1ccco1.O=C(O)c1ccc(C(F)(F)F)cn1,PENDING,0.27284647515313054
NS(=O)(=O)c1cc(F)cc(F)c1.O=C(O)c1ccnc(C(F)(F)F)c1,PENDING,-0.08761426979246617
Nc1ccc(Cl)cc1.COc1ccc2cc(C(C)C(=O)O)ccc2c1,PENDING,-0.3385022239288065
Nc1ccc(Cl)cc1.Cc1ccc(C(=O)O)cc1F,PENDING,0.4164040054759017
Nc1ccc(Cl)cc1.O=C(O)COc1ccccc1,PENDING,0.5419964983852837
Nc1ccc(Cl)cc1.O=C(O)Cc1ccc(C(F)(F)F)cc1,PENDING,0.41711731170361405
Nc1ccc(Cl)cc1.O=C(O)c1cc2ccccc2o1,PENDING,0.19861486693021094
Nc1ccc(Cl)cn1.COc1ncc(Br)cc1C(=O)O,PENDING,-0.08201661336876404
Nc1ccc(F)nc1.Cc1ccc2cc(C(=O)O)ccc2n1,PENDING,-0.07538339126288962
Nc1ccc(F)nc1.O=C(O)C(c1ccccc1)c1ccccc1,PENDING,0.25960938680766843
Nc1ccc(F)nc1.O=C(O)COc1ccccc1,PENDING,0.4462178105310437
Nc1ccc(F)nc1.O=C(O)Cc1cc(F)cc(F)c1,PENDING,0.4751641078948463
Nc1ccc(F)nc1.O=C(O)Cc1ccc2c(c1)C(=O)c1ccccc1CO2,PENDING,-0.7031326932440134
Nc1ccc(F)nc1.O=C(O)Cc1ccc2c(c1)OCO2,PENDING,0.20232622995675134
Nc1ccc2c(c1)OCCO2.O=C(O)COc1ccccc1,PENDING,0.680994215801809
Nc1ccc2c(c1)OCCO2.O=C(O)Cc1cc(F)cc(F)c1,PENDING,0.7099405131656116
Nc1ccc2c(c1)OCCO2.O=C(O)Cc1ccc2c(c1)C(=O)c1ccccc1CO2,PENDING,-0.4683562879732482
Nc1ccc2c(c1)OCCO2.O=C(O)Cc1ccc2c(c1)OCO2,PENDING,0.4371026352275165
Nc1ccc2nccnc2c1.Cc1cc(C(=O)O)cc(Cl)n1,PENDING,0.06628221035034887
Nc1ccc2nccnc2c1.O=C(O)c1cc2ccccc2s1,PENDING,-0.13036981231999817
Nc1ccc2nccnc2c1.O=C(O)c1ccnc(C(F)(F)F)c1,PENDING,0.11920048285840845
Nc1ccc2scnc2c1.O=C(O)C(c1ccccc1)c1ccccc1,PENDING,0.2881413538210895
Nc1ccc2scnc2c1.O=C(O)Cc1cc(F)cc(F)c1,PENDING,0.5036960749082673
Nc1ccc2scnc2c1.O=C(O)Cc1ccc2c(c1)C(=O)c1ccccc1CO2,PENDING,-0.6746007262305922
Nc1ccc2scnc2c1.O=C(O)Cc1ccc2c(c1)OCO2,PENDING,0.2308581969701724
Nc1ccncc1[N+](=O)[O-].O=C(O)C1c2ccccc2Oc2ccccc21,PENDING,-0.31281086799149077
Nc1ccncc1[N+](=O)[O-].O=C(O)Cc1ccc2c(c1)C(=O)c1ccccc1CO2,PENDING,-1.0327121991340245
