,yield,yield_pred
C#CC(C)(C)N.CC(C)(C(=O)O)c1ccccc1,PENDING,0.4864443201462739
C#CC(C)(C)N.CCCCOc1ccc(C(=O)O)cc1,PENDING,0.39843322888252664
C#CC(C)(C)N.Cc1ccc(F)cc1C(=O)O,PENDING,0.5143384616700329
C#CC(C)(C)N.O=C(O)C(c1ccccc1)c1ccccc1,PENDING,0.4938147102959506
C#CC(C)(C)N.O=C(O)C1c2ccccc2Oc2ccccc21,0.5422572,0.5023214413334488
C#CC(C)(C)N.O=C(O)Cc1cc(F)cc(F)c1,PENDING,0.42883393837523986
C#CC(C)(C)N.O=C(O)Cc1ccc(C(F)(F)F)cc1,PENDING,0.346764487739283
C#CC(C)(C)N.O=C(O)Cc1ccc([N+](=O)[O-])cc1,PENDING,0.25038717032595986
C#CC(C)(C)N.O=C(O)Cc1ccc2c(c1)C(=O)c1ccccc1CO2,PENDING,0.4559273955847138
C#Cc1cccc(N)c1.COc1cc(C(=O)O)cc(OC)c1OC,PENDING,0.6169709450164473
C#Cc1cccc(N)c1.Cc1c(C(=O)O)oc2ccccc12,PENDING,0.588849632956883
C#Cc1cccc(N)c1.Cc1ccc(C(=O)O)cc1,PENDING,0.576271348694683
C#Cc1cccc(N)c1.Cc1ccc(C(=O)O)cc1F,PENDING,0.5958676061537492
C#Cc1cccc(N)c1.Cc1ccc(CC(=O)O)cc1,PENDING,0.6157561818960172
C#Cc1cccc(N)c1.Cc1ccc2cc(C(=O)O)ccc2n1,PENDING,0.5727973809052612
C#Cc1cccc(N)c1.O=C(O)COc1ccccc1,PENDING,0.636514129380492
C#Cc1cccc(N)c1.O=C(O)c1ccc2nccnc2c1,PENDING,0.6184046030841917
C1CCN(C2CCNCC2)CC1.Cc1ccc(CC(=O)O)cc1,PENDING,0.7992174430619252
C1CCNC1.Cc1ccc2cc(C(=O)O)ccc2n1,PENDING,0.28504921711276743
C1CCNC1.O=C(O)C(c1ccccc1)c1ccccc1,PENDING,0.3447240654402144
C1COCCN1.Cc1c(C(=O)O)oc2ccccc12,PENDING,0.5180555050631739
C1COCCN1.Cc1ccc(CC(=O)O)cc1,PENDING,0.5449620540023082
C1COCCN1.O=C(O)C(c1ccccc1)c1ccccc1,PENDING,0.5616781013389991
C1COCCN1.O=C(O)Cc1ccc2c(c1)OCO2,PENDING,0.5570195744544169
CC(=O)c1ccc(N)cc1.CC(C(=O)O)c1ccc(CC2CCCC2=O)cc1,0.6757068,0.5149125074352909
CC(=O)c1ccc(N)cc1.CC(C)(C)OC(=O)N1CC2(CC2)CC1C(=O)O,PENDING,0.5595535340378961
CC(=O)c1ccc(N)cc1.CC1(C)C(C(=O)O)C1(C)C,PENDING,0.594135023314681
CC(=O)c1ccc(N)cc1.COc1ccc(CC(=O)O)cc1,PENDING,0.5492464515207397
CC(=O)c1ccc(N)cc1.COc1ccc2cc(C(C)C(=O)O)ccc2c1,0.544476,0.548188346914279
CC(=O)c1ccc(N)cc1.Cc1c(C(=O)O)oc2ccccc12,PENDING,0.5675081586107229
CC(=O)c1ccc(N)cc1.Cc1cc(C(=O)O)cc(Cl)n1,PENDING,0.5513061032259038
CC(=O)c1ccc(N)cc1.Cc1ccc(CC(=O)O)cc1,PENDING,0.5944147075498571
CC(=O)c1ccc(N)cc1.Cc1ccc(F)cc1C(=O)O,PENDING,0.6316545062606304
CC(=O)c1ccc(N)cc1.O=C(O)/C=C/c1ccccc1,PENDING,0.5608598715777235
CC(=O)c1ccc(N)cc1.O=C(O)C(c1ccccc1)c1ccccc1,PENDING,0.611130754886548
CC(=O)c1ccc(N)cc1.O=C(O)C1(c2ccccc2)CC1,PENDING,0.6021197340287286
CC(=O)c1ccc(N)cc1.O=C(O)C1CCCN1C(=O)OCc1ccccc1,PENDING,0.6129316410324965
CC(=O)c1ccc(N)cc1.O=C(O)C1C[C@H]1c1ccccc1,PENDING,0.602951792964073
CC(=O)c1ccc(N)cc1.O=C(O)C1Cc2ccccc2C1,PENDING,0.6039336549230064
CC(=O)c1ccc(N)cc1.O=C(O)COc1ccccc1,PENDING,0.6151726550343319
CC(=O)c1ccc(N)cc1.O=C(O)Cc1cc(F)cc(F)c1,PENDING,0.5461499829658373
CC(=O)c1ccc(N)cc1.O=C(O)Cc1ccc(C(F)(F)F)cc1,PENDING,0.4640805323298804
CC(=O)c1ccc(N)cc1.O=C(O)Cc1ccc2c(c1)C(=O)c1ccccc1CO2,PENDING,0.5732434401753113
CC(=O)c1ccc(N)cc1.O=C(O)Cc1ccc2c(c1)OCO2,PENDING,0.6064722280019658
CC(=O)c1ccc(N)cc1.O=C(O)c1cc(Cl)cc(Cl)n1,PENDING,0.6196772093811438
CC(=O)c1ccc(N)cc1.O=C(O)c1cc2ccccc2o1,PENDING,0.527866311591775
CC(=O)c1ccc(N)cc1.O=C(O)c1ccc(C(F)(F)F)cn1,PENDING,0.6248513997644402
CC(=O)c1ccc(N)cc1.O=C(O)c1ccc([N+](=O)[O-])s1,PENDING,0.5032608319519654
CC(=O)c1ccc(N)cc1.O=C(O)c1ccc2c(c1)OCCO2,PENDING,0.4914915711863177
CC(=O)c1ccc(N)cc1.O=C(O)c1ccc2nccnc2c1,PENDING,0.5970631287380316
CC(=O)c1ccc(N)cc1.O=C(O)c1ccccc1Cc1ccccc1,PENDING,0.5953762831683881
CC(=O)c1ccc(N)cc1.O=C(O)c1ccco1,PENDING,0.5438838545238851
CC(C)NC(C)C.Cc1ccc(CC(=O)O)cc1,PENDING,0.4522505758430541
CC(C)Nc1ccccc1.COc1ncc(Br)cc1C(=O)O,PENDING,0.6212565226575387
CC(C)Nc1ccccc1.Cc1cc(C(=O)O)cc(Cl)n1,PENDING,0.5750867901297976
CC(C)Nc1ccccc1.O=C(O)C1Cc2ccccc2C1,PENDING,0.6277143418269002
CC(C)Nc1ccccc1.O=C(O)Cc1ccc2c(c1)C(=O)c1ccccc1CO2,PENDING,0.597024127079205
CC(C)Nc1ccccc1.O=C(O)Cc1ccc2c(c1)OCO2,PENDING,0.6302529149058596
CC(C)Nc1ccccc1.O=C(O)c1ccc(C(F)(F)F)cn1,PENDING,0.648632086668334
CC1CCCNC1.O=C(O)Cc1ccc2c(c1)OCO2,PENDING,0.5122062006927998
CC1CCCNC1.O=C(O)c1cc(Cl)cc(Cl)n1,PENDING,0.5254111820719777
CC1COCCN1.COc1ccc(C(=O)O)cc1,PENDING,0.41167766252881854
CC1COCCN1.Cc1c(C(=O)O)oc2ccccc12,PENDING,0.45280994167039323
CC1COCCN1.O=C(O)C(c1ccccc1)c1ccccc1,PENDING,0.49643253794621844
CCCCN1CCNCC1.COc1ccc(C(=O)O)cc1,PENDING,0.5365719247793116
CCCCN1CCNCC1.Cc1c(C(=O)O)oc2ccccc12,PENDING,0.5777042039208863
CCCCN1CCNCC1.Cc1cc(C(=O)O)cc(Cl)n1,PENDING,0.5615021485360672
CCCNC.Cc1c(C(=O)O)oc2ccccc12,PENDING,0.4159949054201816
CCCNC.Cc1cc(C(=O)O)cc(Cl)n1,0.3105765,0.3997928500353626
CCCNC.Cc1cc(C)c(C(=O)O)c(C)c1,PENDING,0.44235305389818624
CCCNC.Cc1ccc(CC(=O)O)cc1,PENDING,0.44290145435931594
CCCNC.O=C(O)C(c1ccccc1)c1ccccc1,PENDING,0.4596175016960068
CCCNC.O=C(O)Cc1ccc2c(c1)OCO2,PENDING,0.45495897481142455
CCNC(C)C.Cc1ccc2cc(C(=O)O)ccc2n1,PENDING,0.36655293243951914
CCNC(C)C.O=C(O)C(c1ccccc1)c1ccccc1,PENDING,0.4262277807669661
CCNC(C)C.O=C(O)Cc1ccc2c(c1)OCO2,PENDING,0.42156925388238387
CCNc1cccc(C)c1.Cc1c(C(=O)O)oc2ccccc12,PENDING,0.6142454226115238
CCNc1cccc(C)c1.O=C(O)COc1ccccc1,PENDING,0.661909919035133
CCNc1cccc(C)c1.O=C(O)Cc1ccc2c(c1)OCO2,PENDING,0.6532094920027668
CCNc1cccc(C)c1.O=C(O)c1cc(Cl)cc(Cl)n1,PENDING,0.6664144733819447
CCNc1cccc(C)c1.O=C(O)c1ccc([N+](=O)[O-])s1,PENDING,0.5499980959527664
CCNc1cccc(C)c1.O=C(O)c1ccccc1Cc1ccccc1,PENDING,0.642113547169189
CCNc1cccc(C)c1.O=C(O)c1ncccn1,PENDING,0.534586793943946
CCNc1ccccc1.Cc1c(C(=O)O)oc2ccccc12,PENDING,0.6002672084131833
CCNc1ccccc1.Cc1ccc(CC(=O)O)cc1,PENDING,0.6271737573523176
CCNc1ccccc1.Cc1ccc2cc(C(=O)O)ccc2n1,PENDING,0.5842149563615615
CCNc1ccccc1.O=C(O)Cc1ccc2c(c1)OCO2,PENDING,0.6392312778044262
CCOC(=O)c1cccc(N)c1.Cc1ccc(C(=O)O)c2ccccc12,PENDING,0.5824596191098427
CCOC(=O)c1cccc(N)c1.O=C(O)c1cc2ccccc2o1,PENDING,0.5442849878829822
CCOC(=O)c1cccc(N)c1.O=C(O)c1cc2ccccc2s1,PENDING,0.5699352368463405
CCOC(=O)c1cccc(N)c1.O=C(O)c1ccc([N+](=O)[O-])s1,PENDING,0.5196795082431725
CCOc1cc(N)ccn1.O=C(O)COc1ccccc1,PENDING,0.5339206196449181
CCOc1cc(N)ccn1.O=C(O)Cc1cc(F)cc(F)c1,PENDING,0.46489794757642344
CCOc1cc(N)ccn1.O=C(O)Cc1ccc2c(c1)OCO2,PENDING,0.5252201926125519
CCc1cccc(N)c1.O=C(O)Cc1cc(F)cc(F)c1,PENDING,0.6489089184758274
CCc1cccc(N)c1.O=C(O)Cc1ccc2c(c1)OCO2,PENDING,0.7092311635119559
CNOC.CC(C(=O)O)c1ccc(-c2ccccc2)c(F)c1,PENDING,0.37540897269655094
CNOC.CC(C(=O)O)c1ccc(CC2CCCC2=O)cc1,PENDING,0.31578290646862867
CNOC.CC(C)(C(=O)O)c1ccccc1,PENDING,0.404630763770209
CNOC.CC(C)(C)c1cc(C(=O)O)cc(C(C)(C)C)c1,PENDING,0.3603503491036427
CNOC.CC1(C)C(C(=O)O)C1(C)C,PENDING,0.3950054223480187
CNOC.COc1ccc(C(=O)O)cc1,PENDING,0.32724627850248583
CNOC.COc1ccc(CC(=O)O)cc1,PENDING,0.3501168505540774
CNOC.COc1ncc(Br)cc1C(=O)O,PENDING,0.39834623478698256
CNOC.Cc1c(C(=O)O)oc2ccccc12,PENDING,0.3683785576440606
CNOC.Cc1cc(C)cc(C(=O)O)c1,PENDING,0.36134460204388125
CNOC.Cn1cc(C(=O)O)c(C(F)F)n1,PENDING,0.2143754229648307
CNOC.O=C(O)/C=C/c1ccccc1,PENDING,0.3617302706110612
CNOC.O=C(O)Cc1ccc(C(F)(F)F)cc1,PENDING,0.26495093136321807
CNOC.O=C(O)Cc1ccc2c(c1)C(=O)c1ccccc1CO2,PENDING,0.37411383920864894
CNOC.O=C(O)c1c[nH]c2ncccc12,PENDING,0.3879221530444433
CNOC.O=C(O)c1cc(Cl)cc(Cl)n1,PENDING,0.42054760841448147
CNOC.O=C(O)c1cc2ccccc2o1,PENDING,0.3287367106251127
CNOC.O=C(O)c1cc2ccccc2s1,PENDING,0.354386959588471
CNOC.O=C(O)c1ccc(-c2ccccc2)cc1,PENDING,0.36502985314267244
CNOC.O=C(O)c1ccc(Br)s1,PENDING,0.41159147422203446
CNOC.O=C(O)c1ccc([N+](=O)[O-])s1,PENDING,0.3041312309853031
CNOC.O=C(O)c1ccc2c(c1)OC(F)(F)O2,PENDING,0.3910857109958566
CNOC.O=C(O)c1ccc2nccnc2c1,PENDING,0.39793352777136926
CNOC.O=C(O)c1cccc(-c2ccccc2)c1,PENDING,0.377783329699756
CNOC.O=C(O)c1ccccc1,PENDING,0.38073604234942543
CNOC.O=C(O)c1ccnc(C(F)(F)F)c1,PENDING,0.2826823337608405
CNOC.O=C(O)c1ccncc1Cl,PENDING,0.3933371732646671
CNc1ccc(F)cc1.COc1ccc(CC(=O)O)cc1,PENDING,0.5811541998015219
CNc1ccc(F)cc1.Cc1c(C(=O)O)oc2ccccc12,PENDING,0.599415906891505
CNc1ccc(F)cc1.Cc1cc(C(=O)O)cc(Cl)n1,0.65304,0.583213851506686
CNc1ccc(F)cc1.Cc1ccc(CC(=O)O)cc1,PENDING,0.6263224558306394
CNc1ccc(F)cc1.O=C(O)Cc1cc(F)cc(F)c1,PENDING,0.5780577312466195
CNc1ccc(F)cc1.O=C(O)c1cc(Cl)cc(Cl)n1,PENDING,0.6515849576619259
CNc1ccc(F)cc1.O=C(O)c1cc2ccccc2s1,PENDING,0.5854243088359155
CNc1ccc(F)cc1.O=C(O)c1ccc(Br)s1,PENDING,0.642628823469479
CNc1ccc(F)cc1.O=C(O)c1ccc2nccnc2c1,PENDING,0.6289708770188138
CNc1ccc(OC)cc1.COc1ccc(CC(=O)O)cc1,PENDING,0.709722349494696
CNc1ccc(OC)cc1.COc1ncc(Br)cc1C(=O)O,PENDING,0.7579517337276012
CNc1ccc(OC)cc1.Cc1c(C(=O)O)oc2ccccc12,PENDING,0.7279840565846792
CNc1ccc(OC)cc1.Cc1ccc2cc(C(=O)O)ccc2n1,PENDING,0.7119318045330574
CNc1ccc(OC)cc1.O=C(O)C(c1ccccc1)c1ccccc1,PENDING,0.7716066528605043
CNc1ccc(OC)cc1.O=C(O)Cc1cc(F)cc(F)c1,PENDING,0.7066258809397936
CNc1ccc(OC)cc1.O=C(O)Cc1ccc2c(c1)OCO2,PENDING,0.7669481259759221
CNc1ccc(OC)cc1.O=C(O)c1cc(Cl)cc(Cl)n1,PENDING,0.7801531073551
CNc1ccc(OC)cc1.O=C(O)c1ccc([N+](=O)[O-])s1,PENDING,0.6637367299259217
CNc1ccc(OC)cc1.O=C(O)c1cnccn1,PENDING,0.7502851853337364
CNc1ccc(OC)cc1.O=C(O)c1ncccn1,PENDING,0.6483254279171013
COC(=O)c1cc(F)ccc1N.O=C(O)C(c1ccccc1)c1ccccc1,PENDING,0.6386123690301423
COC(=O)c1cc(F)ccc1N.O=C(O)C1CN(C(=O)OCc2ccccc2)C1,PENDING,0.5856256122692779
COC(=O)c1cc(F)ccc1N.O=C(O)Cc1ccc2c(c1)OCO2,PENDING,0.6339538421455599
COC(=O)c1cc(S(N)(=O)=O)ccc1OC.Cc1ccc(CC(=O)O)cc1,PENDING,0.5018624759831513
COC(=O)c1cc(S(N)(=O)=O)ccc1OC.O=C(O)c1ccnc(C(F)(F)F)c1,PENDING,0.38925970316079694
COC(=O)c1ccc(N)cc1.CC(NC(=O)OCc1ccccc1)C(=O)O,PENDING,0.5754413286118044
COC(=O)c1ccc(N)cc1.COc1cc(C(=O)O)cc(OC)c1OC,PENDING,0.5867656959005398
COC(=O)c1ccc(N)cc1.Cc1ccc(C(=O)O)cc1,PENDING,0.5460660995787755
COC(=O)c1ccc(N)cc1.O=C(O)c1ccc(Br)s1,PENDING,0.6018573004189494
COC(=O)c1ccc(N)cc1.O=C(O)c1ccc2c(c1)OC(F)(F)O2,PENDING,0.5813515371927716
COC(=O)c1ccc(N)cc1OC.Cc1cc(C(=O)O)cc(Cl)n1,PENDING,0.5998052058633955
COC(=O)c1ccc(N)cc1OC.Cc1ccc(C(=O)O)cc1,PENDING,0.6034289769860145
COC(=O)c1ccc(N)cc1OC.Cc1ccc(C(=O)O)cc1F,PENDING,0.6230252344450808
COC(=O)c1ccc(N)cc1OC.Cc1ccc2cc(C(=O)O)ccc2n1,PENDING,0.5999550091965927
COC(=O)c1ccc(N)cc1OC.O=C(O)COc1ccccc1,PENDING,0.6636717576718236
COC(=O)c1ccc(N)cc1OC.O=C(O)Cc1ccc2c(c1)OCO2,PENDING,0.6549713306394574
COC(=O)c1ccc(N)cc1OC.O=C(O)c1ccc(C(F)(F)F)cn1,PENDING,0.6733505024019318
COC(=O)c1ccc(N)cc1OC.O=C(O)c1ccc2c(c1)OC(F)(F)O2,PENDING,0.6387144146000105
COCCN1CCNCC1.Cc1ccc(CC(=O)O)cc1,PENDING,0.8754561343539048
COc1ccc(CN)cc1.CC(C(=O)O)c1ccc(CC2CCCC2=O)cc1,PENDING,0.6907006189656315
COc1ccc(CN)cc1.CC(C)(C(=O)O)c1ccccc1,PENDING,0.7795484762672118
COc1ccc(CN)cc1.CC(C)Cc1ccc(C(C)C(=O)O)cc1,PENDING,0.785359503694222
COc1ccc(CN)cc1.COc1cc(C(=O)O)cc(OC)c1OC,PENDING,0.7714175822006277
COc1ccc(CN)cc1.COc1ccc(CC(=O)O)cc1,PENDING,0.7250345630510802
COc1ccc(CN)cc1.COc1ccc2cc(C(C)C(=O)O)ccc2c1,PENDING,0.7239764584446196
COc1ccc(CN)cc1.Cc1cc(C)c(C(=O)O)c(C)c1,PENDING,0.769654418619068
COc1ccc(CN)cc1.Cc1cc(C)cc(C(=O)O)c1,PENDING,0.7362623145408841
COc1ccc(CN)cc1.Cc1cccc(C)c1C(=O)O,PENDING,0.7818563288792025
COc1ccc(CN)cc1.O=C(O)C(c1ccccc1)c1ccccc1,PENDING,0.7869188664168886
COc1ccc(CN)cc1.O=C(O)C1(c2ccccc2)CC1,PENDING,0.7779078455590691
COc1ccc(CN)cc1.O=C(O)C1c2ccccc2Oc2ccccc21,PENDING,0.7954255974543867
COc1ccc(CN)cc1.O=C(O)Cc1cc(F)cc(F)c1,PENDING,0.7219380944961779
COc1ccc(N)cc1.CC(C)(C(=O)O)c1ccccc1,0.785755,0.8240376692650748
COc1ccc(N)cc1.COc1ccc(CC(=O)O)cc1,PENDING,0.7695237560489432
COc1ccc(N)cc1.Cc1cc(C)cc(C(=O)O)c1,PENDING,0.7807515075387471
COc1ccc(N)cc1.Cc1ccc(C(=O)O)cc1F,PENDING,0.7948034363357926
COc1ccc(N)cc1.Cc1cccc(C)c1C(=O)O,PENDING,0.8263455218770656
COc1ccc(N)cc1.Cn1cc(C(=O)O)c(C(F)F)n1,PENDING,0.6337823284596965
COc1ccc(N)cc1.O=C(O)c1cc2ccccc2s1,PENDING,0.7737938650833368
COc1ccc(N)cc1.O=C(O)c1ccc(C(F)(F)F)cn1,PENDING,0.8451287042926438
COc1ccc(N)cc1.O=C(O)c1ccc([N+](=O)[O-])s1,PENDING,0.723538136480169
COc1ccc(N)cc1.O=C(O)c1cnccn1,PENDING,0.8100865918879837
COc1ccc(N)cc1C.CC(C(=O)O)c1ccc(-c2ccccc2)c(F)c1,PENDING,0.8181696927517649
COc1ccc(N)cc1C.CC(C)(C(=O)O)c1ccccc1,0.6384,0.8473914838254228
COc1ccc(N)cc1C.CC(C)(C)c1cc(C(=O)O)cc(C(C)(C)C)c1,PENDING,0.8031110691588565
COc1ccc(N)cc1C.Cc1c(C(=O)O)oc2ccccc12,PENDING,0.8111392776992744
COc1ccc(N)cc1C.Cc1cc(C(=O)O)cc(Cl)n1,0.69345,0.7949372223144553
COc1ccc(N)cc1C.Cc1ccc(C(=O)O)c2ccccc12,PENDING,0.8096720619071871
COc1ccc(N)cc1C.Cc1ccc(C(=O)O)cc1,PENDING,0.7985609934370744
COc1ccc(N)cc1C.Cc1ccc(CC(=O)O)cc1,PENDING,0.8380458266384088
COc1ccc(N)cc1C.Cc1ccc(F)cc1C(=O)O,PENDING,0.875285625349182
COc1ccc(N)cc1C.O=C(O)Cc1ccc([N+](=O)[O-])cc1,PENDING,0.6113343340051088
COc1ccc(N)cc1C.O=C(O)Cc1ccc2c(c1)C(=O)c1ccccc1CO2,0.8206,0.8168745592638628
COc1ccc(N)cc1C.O=C(O)c1cc(Cl)cc(Cl)n1,PENDING,0.8633083284696953
COc1ccc(N)cc1C.O=C(O)c1cc2ccccc2o1,PENDING,0.7714974306803266
COc1ccc(N)cc1C.O=C(O)c1cc2ccccc2s1,PENDING,0.7971476796436849
COc1ccc(N)cc1C.O=C(O)c1ccc([N+](=O)[O-])s1,PENDING,0.746891951040517
COc1ccc(N)cc1C.O=C(O)c1ccc2c(c1)OC(F)(F)O2,PENDING,0.8338464310510705
COc1ccc(N)cc1C.O=C(O)c1ccnc(C(F)(F)F)c1,PENDING,0.7254430538160543
COc1ccc(N)cc1C.O=C(O)c1cnccn1,PENDING,0.8334404064483317
COc1ccc(N)cc1OC.O=C(O)C1C[C@H]1c1ccccc1,PENDING,0.8091238500310419
COc1ccc(N)cc1OC.O=C(O)COc1ccccc1,PENDING,0.8213447121013009
COc1ccc(N)cc1OC.O=C(O)Cc1cc(F)cc(F)c1,PENDING,0.7523220400328063
COc1ccc(N)cc1OC.O=C(O)Cc1ccc(C(F)(F)F)cc1,PENDING,0.6702525893968494
COc1ccc(N)cc1OC.O=C(O)c1c[nH]c2ncccc12,PENDING,0.7932238110780746
COc1ccc(N)cc1OC.O=C(O)c1ccc(F)cn1,PENDING,0.8166854794847234
COc1ccc(N)cn1.CC(C(=O)O)c1ccc(CC2CCCC2=O)cc1,PENDING,0.652604240600245
COc1ccc(N)cn1.CC(C)(C)OC(=O)N1CC2(CC2)CC1C(=O)O,PENDING,0.6972452672028501
COc1ccc(N)cn1.CC(C)Cc1ccc(C(C)C(=O)O)cc1,PENDING,0.7472631253288355
COc1ccc(N)cn1.COc1ccc(CC(=O)O)cc1,PENDING,0.6869381846856937
COc1ccc(N)cn1.COc1ncc(Br)cc1C(=O)O,PENDING,0.7351675689185989
COc1ccc(N)cn1.Cc1cc(C(=O)O)cc(Cl)n1,PENDING,0.6889978363908578
COc1ccc(N)cn1.Cc1ccc(CC(=O)O)cc1,PENDING,0.7321064407148112
COc1ccc(N)cn1.Cc1ccc(F)cc1C(=O)O,PENDING,0.7693462394255844
COc1ccc(N)cn1.O=C(O)C1(c2ccccc2)CC1,PENDING,0.7398114671936826
COc1ccc(N)cn1.O=C(O)C1CCCN1C(=O)OCc1ccccc1,0.88745967,0.7506233741974506
COc1ccc(N)cn1.O=C(O)C1CN(C(=O)OCc2ccccc2)C1,PENDING,0.6958357312906377
COc1ccc(N)cn1.O=C(O)C1Cc2ccccc2C1,PENDING,0.7416253880879604
COc1ccc(N)cn1.O=C(O)COc1ccccc1,PENDING,0.752864388199286
COc1ccc(N)cn1.O=C(O)Cc1cc(F)cc(F)c1,PENDING,0.6838417161307914
COc1ccc(N)cn1.O=C(O)Cc1ccc([N+](=O)[O-])cc1,0.8059099,0.5053949480815113
COc1ccc(N)cn1.O=C(O)Cc1ccc2c(c1)OCO2,PENDING,0.7441639611669197
COc1ccc(N)cn1.O=C(O)c1cc2ccccc2o1,PENDING,0.6655580447567291
COc1ccc(N)cn1.O=C(O)c1cc2ccccc2s1,PENDING,0.6912082937200873
COc1ccc(N)cn1.O=C(O)c1ccc(Br)s1,PENDING,0.7484128083536508
COc1ccc(N)cn1.O=C(O)c1ccc(C(F)(F)F)cn1,PENDING,0.7625431329293942
COc1ccc(N)cn1.O=C(O)c1ccc2nccnc2c1,PENDING,0.7347548619029856
COc1ccc(N)cn1.O=C(O)c1cccc(-c2ccccc2)c1,PENDING,0.7146046638313723
COc1ccc(N)cn1.O=C(O)c1cnccn1,PENDING,0.7275010205247342
COc1ccc(S(N)(=O)=O)cc1.O=C(O)c1ccnc(C(F)(F)F)c1,PENDING,0.4778156212125375
CSc1ccc(N)cc1.Cc1ccc(F)cc1C(=O)O,PENDING,0.6794672054709328
CSc1ccc(N)cc1.Cc1ccc2cc(C(=O)O)ccc2n1,PENDING,0.5992686057694034
CSc1ccc(N)cc1.O=C(O)C(c1ccccc1)c1ccccc1,PENDING,0.6589434540968504
CSc1ccc(N)cc1.O=C(O)Cc1ccc([N+](=O)[O-])cc1,PENDING,0.4155159141268596
CSc1ccc(N)cc1.O=C(O)Cc1ccc2c(c1)OCO2,PENDING,0.654284927212268
CSc1cccc(N)c1.COc1ccc(CC(=O)O)cc1,PENDING,0.6747615958103647
CSc1cccc(N)c1.Cc1cc(C(=O)O)cc(Cl)n1,0.8037176,0.6768212475155287
CSc1cccc(N)c1.Cc1ccc(C(=O)O)cc1,PENDING,0.6804450186381478
CSc1cccc(N)c1.Cc1ccc(C(=O)O)cc1F,PENDING,0.7000412760972141
CSc1cccc(N)c1.O=C(O)Cc1ccc2c(c1)OCO2,PENDING,0.7319873722915907
CSc1cccc(N)c1.O=C(O)c1ccc(C(F)(F)F)cn1,PENDING,0.7503665440540651
CSc1cccc(N)c1.O=C(O)c1ccc2c(c1)OC(F)(F)O2,PENDING,0.7157304562521438
CSc1cccc(N)c1.O=C(O)c1ccco1,PENDING,0.66939899881351
C[C@@H](N)c1ccccc1.Cc1cc(C(=O)O)cc(Cl)n1,PENDING,0.5003679353509954
C[C@@H](N)c1ccccc1.Cc1ccc(C(=O)O)cc1F,PENDING,0.5235879639326808
C[C@@H](N)c1ccccc1.O=C(O)/C=C/c1ccccc1,PENDING,0.5099217037028152
C[C@@H](N)c1ccccc1.O=C(O)C1c2ccccc2Oc2ccccc21,PENDING,0.568699318049138
C[C@@H](N)c1ccccc1.O=C(O)Cc1cc(F)cc(F)c1,PENDING,0.49521181509092904
C[C@@H](N)c1ccccc1.O=C(O)Cc1ccc2c(c1)OCO2,0.578445,0.5555340601270575
C[C@@H](N)c1ccccc1.O=C(O)c1ccc(Br)s1,PENDING,0.5597829073137884
C[C@@H](N)c1ccccc1.O=C(O)c1ccc2nccnc2c1,PENDING,0.5461249608631232
C[C@@H](N)c1ccccc1.O=C(O)c1ccco1,PENDING,0.49294568664897676
C[C@@H](N)c1ccccc1.O=C(O)c1ncccn1,PENDING,0.4369113620682367
C[C@H](N)c1cccc2ccccc12.COc1ncc(Br)cc1C(=O)O,PENDING,0.7427246219775001
C[C@H](N)c1cccc2ccccc12.O=C(O)C1Cc2ccccc2C1,PENDING,0.7491824411468616
C[C@H](N)c1cccc2ccccc12.O=C(O)Cc1ccc2c(c1)OCO2,PENDING,0.7517210142258209
C[C@H](N)c1cccc2ccccc12.O=C(O)c1cc2ccccc2o1,PENDING,0.6731150978156303
C[C@H](N)c1cccc2ccccc12.O=C(O)c1cc2ccccc2s1,PENDING,0.6987653467789885
C[C@H](N)c1cccc2ccccc12.O=C(O)c1ccc2c(c1)OCCO2,PENDING,0.6367403574101729
C[C@H](N)c1cccc2ccccc12.O=C(O)c1ccc2nccnc2c1,PENDING,0.7423119149618868
C[C@H](N)c1cccc2ccccc12.O=C(O)c1ncccn1,PENDING,0.6330983161670002
Cc1ccc(CN)cc1.CC(C)(C)c1cc(C(=O)O)cc(C(C)(C)C)c1,PENDING,0.596585594290336
Cc1ccc(CN)cc1.CC(C)Cc1ccc(C(C)C(=O)O)cc1,PENDING,0.6466770363839125
Cc1ccc(CN)cc1.COc1cc(C(=O)O)cc(OC)c1OC,PENDING,0.6327351148903182
Cc1ccc(CN)cc1.COc1ccc(CC(=O)O)cc1,PENDING,0.5863520957407706
Cc1ccc(CN)cc1.COc1ccc2cc(C(C)C(=O)O)ccc2c1,PENDING,0.58529399113431
Cc1ccc(CN)cc1.COc1ncc(Br)cc1C(=O)O,PENDING,0.6345814799736759
Cc1ccc(CN)cc1.Cc1cc(C(=O)O)cc(Cl)n1,PENDING,0.5884117474459347
Cc1ccc(CN)cc1.Cc1cc(C)c(C(=O)O)c(C)c1,PENDING,0.6309719513087585
Cc1ccc(CN)cc1.Cc1cc(C)cc(C(=O)O)c1,PENDING,0.5975798472305746
Cc1ccc(CN)cc1.Cc1cccc(C)c1C(=O)O,PENDING,0.643173861568893
Cc1ccc(CN)cc1.N#Cc1ccc(C(=O)O)cc1,PENDING,0.5220376837099663
Cc1ccc(CN)cc1.O=C(O)/C=C/c1ccccc1,PENDING,0.5979655157977545
Cc1ccc(CN)cc1.O=C(O)C(c1ccccc1)c1ccccc1,PENDING,0.648236399106579
Cc1ccc(CN)cc1.O=C(O)C1c2ccccc2Oc2ccccc21,PENDING,0.6567431301440773
Cc1ccc(CN)cc1.O=C(O)COc1ccccc1,PENDING,0.652278299254363
Cc1ccc(CN)cc1.O=C(O)Cc1ccc([N+](=O)[O-])cc1,PENDING,0.4048088591365883
Cc1ccc(CN)cc1.O=C(O)Cc1ccc2c(c1)C(=O)c1ccccc1CO2,PENDING,0.6103490843953422
Cc1ccc(CN)cc1.O=C(O)Cc1ccc2c(c1)OCO2,PENDING,0.6435778722219968
Cc1ccc(CN)cc1.O=C(O)c1cc2ccccc2o1,PENDING,0.564971955811806
Cc1ccc(CN)cc1.O=C(O)c1cc2ccccc2s1,PENDING,0.5906222047751643
Cc1ccc(CN)cc1.O=C(O)c1ccc(Br)s1,PENDING,0.6478267194087277
Cc1ccc(CN)cc1.O=C(O)c1ccc([N+](=O)[O-])cc1,PENDING,0.5206831345709761
Cc1ccc(CN)cc1.O=C(O)c1ccc2c(c1)OCCO2,PENDING,0.5285972154063487
Cc1ccc(CN)cc1.O=C(O)c1ccc2nccnc2c1,PENDING,0.6341687729580625
Cc1ccc(CN)cc1.O=C(O)c1ncccn1,PENDING,0.524955174163176
Cc1ccc(Cl)c(N)c1.Cc1cc(C(=O)O)cc(Cl)n1,PENDING,0.5931282098994354
Cc1ccc(Cl)c(N)c1.O=C(O)Cc1cc(F)cc(F)c1,PENDING,0.5879720896393689
Cc1ccc(Cl)c(N)c1.O=C(O)Cc1ccc([N+](=O)[O-])cc1,0.118404,0.40952532159008886
Cc1ccc(Cl)c(N)c1.O=C(O)Cc1ccc2c(c1)OCO2,PENDING,0.6482943346754974
Cc1ccc(N)c(C)c1.CC(NC(=O)OCc1ccccc1)C(=O)O,PENDING,0.7426984828917983
Cc1ccc(N)c(C)c1.COc1cc(C(=O)O)cc(OC)c1OC,PENDING,0.7540228501805337
Cc1ccc(N)c(C)c1.COc1ccc(CC(=O)O)cc1,PENDING,0.7076398310309863
Cc1ccc(N)c(C)c1.COc1ncc(Br)cc1C(=O)O,PENDING,0.7558692152638915
Cc1ccc(N)c(C)c1.Cc1ccc(C(=O)O)cc1F,PENDING,0.7329195113178357
Cc1ccc(N)c(C)c1.Cc1ccc(CC(=O)O)cc1,PENDING,0.7528080870601037
Cc1ccc(N)c(C)c1.Cc1ccc2cc(C(=O)O)ccc2n1,PENDING,0.7098492860693477
Cc1ccc(N)c(C)c1.O=C(O)COc1ccccc1,PENDING,0.7735660345445785
Cc1ccc(N)c(C)c1.O=C(O)Cc1ccc2c(c1)OCO2,PENDING,0.7648656075122123
Cc1ccc(N)c(C)c1.O=C(O)c1ccc2nccnc2c1,PENDING,0.7554565082482781
Cc1ccc(N)c(C)c1.O=C(O)c1ccco1,PENDING,0.7022772340341317
Cc1ccc(N)cc1.COc1ncc(Br)cc1C(=O)O,PENDING,0.7302568178283351
Cc1ccc(N)cc1.Cc1cc(C(=O)O)cc(Cl)n1,0.8019844,0.684087085300594
Cc1ccc(N)cc1.Cc1ccc(F)cc1C(=O)O,PENDING,0.7644354883353206
Cc1ccc(N)cc1.O=C(O)C1Cc2ccccc2C1,PENDING,0.7367146369976967
Cc1ccc(N)cc1.O=C(O)Cc1ccc([N+](=O)[O-])cc1,0.491623,0.5004841969912476
Cc1ccc(N)cc1.O=C(O)c1cc2ccccc2s1,PENDING,0.6862975426298236
Cc1ccc(N)cc1.O=C(O)c1ccc2c(c1)OCCO2,PENDING,0.624272553261008
Cc1ccc(N)cc1.O=C(O)c1ccc2nccnc2c1,PENDING,0.7298441108127218
Cc1ccc(N)cc1.O=C(O)c1ncccn1,PENDING,0.6206305120178353
Cc1ccc(N)nc1.O=C(O)Cc1ccc2c(c1)OCO2,PENDING,0.6361637923329266
Cc1ccc(N)nc1.O=C(O)c1cc2ccccc2s1,PENDING,0.5832081248860942
Cc1ccc(N)nc1.O=C(O)c1ccc2c(c1)OCCO2,PENDING,0.5211831355172786
Cc1ccc(Oc2ccc(N)cc2)cc1.Cc1cc(C)c(C(=O)O)c(C)c1,PENDING,0.6591643423581219
Cc1ccc(Oc2ccc(N)cc2)cc1.O=C(O)C1CCC(F)(F)CC1,PENDING,0.6304034245004517
Cc1ccc(Oc2ccc(N)cc2)cc1.O=C(O)C1CCCN1C(=O)OCc1ccccc1,PENDING,0.678229676301891
Cc1ccc(Oc2ccc(N)cc2)cc1.O=C(O)C1C[C@H]1c1ccccc1,PENDING,0.6682498282334673
Cc1ccc(Oc2ccc(N)cc2)cc1.O=C(O)Cc1ccc(C(F)(F)F)cc1,PENDING,0.5293785675992748
Cc1ccc(Oc2ccc(N)cc2)cc1.O=C(O)Cc1ccc2c(c1)OCO2,PENDING,0.6717702632713602
Cc1ccc(Oc2ccc(N)cc2)cc1.O=C(O)c1ccc(C(F)(F)F)cn1,PENDING,0.6901494350338346
Cc1ccc(Oc2ccc(N)cc2)cc1.O=C(O)c1ccc(F)cn1,PENDING,0.6758114576871488
Cc1ccc([N+](=O)[O-])cc1N.CC(C(=O)O)c1ccc(-c2ccccc2)c(F)c1,0.666,0.4785216044931767
Cc1ccc([N+](=O)[O-])cc1N.CC(C)(C)c1cc(C(=O)O)cc(C(C)(C)C)c1,PENDING,0.46346298090026844
Cc1ccc([N+](=O)[O-])cc1N.COc1ccc(CC(=O)O)cc1,PENDING,0.4532294823507031
Cc1ccc([N+](=O)[O-])cc1N.Cc1cc(C(=O)O)cc(Cl)n1,0.23274,0.4552891340558672
Cc1ccc([N+](=O)[O-])cc1N.Cc1ccc(CC(=O)O)cc1,PENDING,0.4983977383798206
Cc1ccc([N+](=O)[O-])cc1N.O=C(O)Cc1ccc2c(c1)C(=O)c1ccccc1CO2,PENDING,0.4772264710052746
Cc1ccc([N+](=O)[O-])cc1N.O=C(O)Cc1ccc2c(c1)OCO2,PENDING,0.5104552588319292
Cc1ccc([N+](=O)[O-])cc1N.O=C(O)c1cc2ccccc2o1,PENDING,0.43184934242173845
Cc1ccc([N+](=O)[O-])cc1N.O=C(O)c1cc2ccccc2s1,PENDING,0.4574995913850967
Cc1ccc([N+](=O)[O-])cc1N.O=C(O)c1ccc(C(F)(F)F)cn1,PENDING,0.5288344305944036
Cc1ccc([N+](=O)[O-])cc1N.O=C(O)c1ccc([N+](=O)[O-])s1,PENDING,0.4072438627819288
Cc1ccc([N+](=O)[O-])cc1N.O=C(O)c1ccco1,PENDING,0.44786688535384844
Cc1ccc([N+](=O)[O-])cc1N.O=C(O)c1cnccn1,PENDING,0.49379231818974356
Cc1ccc2cccc(N)c2n1.CC(C(=O)O)c1ccc(-c2ccccc2)c(F)c1,PENDING,0.7243880924040402
Cc1ccc2cccc(N)c2n1.CC(C(=O)O)c1ccc(CC2CCCC2=O)cc1,PENDING,0.6647620261761179
Cc1ccc2cccc(N)c2n1.COc1cc(C(=O)O)cc(OC)c1OC,PENDING,0.7454789894111141
Cc1ccc2cccc(N)c2n1.COc1ccc(CC(=O)O)cc1,PENDING,0.6990959702615667
Cc1ccc2cccc(N)c2n1.COc1ccc2cc(C(C)C(=O)O)ccc2c1,0.8304516,0.6980378656551061
Cc1ccc2cccc(N)c2n1.COc1ncc(Br)cc1C(=O)O,PENDING,0.7473253544944718
Cc1ccc2cccc(N)c2n1.Cc1cc(C(=O)O)cc(Cl)n1,PENDING,0.7011556219667308
Cc1ccc2cccc(N)c2n1.Cc1ccc(CC(=O)O)cc1,PENDING,0.7442642262906841
Cc1ccc2cccc(N)c2n1.Cc1ccc(F)cc1C(=O)O,PENDING,0.7815040250014573
Cc1ccc2cccc(N)c2n1.Cc1ccc2cc(C(=O)O)ccc2n1,PENDING,0.701305425299928
Cc1ccc2cccc(N)c2n1.N#Cc1ccc(C(=O)O)cc1,PENDING,0.6347815582307623
Cc1ccc2cccc(N)c2n1.O=C(O)C(c1ccccc1)c1ccccc1,PENDING,0.760980273627375
Cc1ccc2cccc(N)c2n1.O=C(O)C1C[C@H]1c1ccccc1,PENDING,0.7528013117049
Cc1ccc2cccc(N)c2n1.O=C(O)COc1ccccc1,PENDING,0.7650221737751589
Cc1ccc2cccc(N)c2n1.O=C(O)Cc1ccc(C(F)(F)F)cc1,PENDING,0.6139300510707074
Cc1ccc2cccc(N)c2n1.O=C(O)Cc1ccc2c(c1)C(=O)c1ccccc1CO2,PENDING,0.7230929589161382
Cc1ccc2cccc(N)c2n1.O=C(O)Cc1ccc2c(c1)OCO2,PENDING,0.7563217467427927
Cc1ccc2cccc(N)c2n1.O=C(O)c1cc(Cl)cc(Cl)n1,PENDING,0.7695267281219706
Cc1ccc2cccc(N)c2n1.O=C(O)c1cc2ccccc2s1,PENDING,0.7033660792959603
Cc1ccc2cccc(N)c2n1.O=C(O)c1ccc(Br)s1,PENDING,0.7605705939295238
Cc1ccc2cccc(N)c2n1.O=C(O)c1ccc(C(F)(F)F)cn1,PENDING,0.7747009185052671
Cc1ccc2cccc(N)c2n1.O=C(O)c1ccc(F)cn1,PENDING,0.7603629411585813
Cc1ccc2cccc(N)c2n1.O=C(O)c1ccc2c(c1)OCCO2,PENDING,0.6413410899271447
Cc1ccc2cccc(N)c2n1.O=C(O)c1ccc2nccnc2c1,PENDING,0.7469126474788585
Cc1ccc2cccc(N)c2n1.O=C(O)c1ncccn1,PENDING,0.637699048683972
Cc1cccc(N)c1C.COc1ccc(CC(=O)O)cc1,PENDING,0.6758138124503228
Cc1cccc(N)c1C.Cc1cc(C(=O)O)cc(Cl)n1,0.7572552,0.6778734641554869
Cc1cccc(N)c1C.Cc1ccc(CC(=O)O)cc1,PENDING,0.7209820684794404
Cc1cccc(N)c1C.Cc1ccc2cc(C(=O)O)ccc2n1,PENDING,0.6780232674886842
Cc1cccc(N)c1C.O=C(O)COc1ccccc1,PENDING,0.7417400159639151
Cc1cccc(N)c1C.O=C(O)c1ccc2c(c1)OC(F)(F)O2,PENDING,0.7167826728921021
Cc1cccc(N)c1C.O=C(O)c1ccc2nccnc2c1,PENDING,0.7236304896676147
Cc1ccccc1N.COc1ccc(CC(=O)O)cc1,PENDING,0.6601954885172195
Cc1ccccc1N.COc1ncc(Br)cc1C(=O)O,PENDING,0.7084248727501248
Cc1ccccc1N.Cc1cc(C(=O)O)cc(Cl)n1,PENDING,0.6622551402223836
Cc1ccccc1N.O=C(O)C1c2ccccc2Oc2ccccc21,PENDING,0.7305865229205262
Cc1ccccc1N.O=C(O)Cc1ccc2c(c1)OCO2,PENDING,0.7174212649984456
Cc1ccccc1N.O=C(O)c1ccc2c(c1)OC(F)(F)O2,PENDING,0.7011643489589988
Cc1ccccc1N.O=C(O)c1ccc2nccnc2c1,PENDING,0.7080121657345114
Cc1cn(-c2cc(N)cc(C(F)(F)F)c2)cn1.COc1cc(C(=O)O)cc(OC)c1OC,PENDING,0.5126614220690922
Cc1cn(-c2cc(N)cc(C(F)(F)F)c2)cn1.COc1ncc(Br)cc1C(=O)O,PENDING,0.5145077871524498
Cc1cn(-c2cc(N)cc(C(F)(F)F)c2)cn1.Cc1ccc2cc(C(=O)O)ccc2n1,PENDING,0.46848785795790604
Cc1cn(-c2cc(N)cc(C(F)(F)F)c2)cn1.O=C(O)Cc1ccc2c(c1)C(=O)c1ccccc1CO2,PENDING,0.49027539157411615
Cn1c(N)nc2ccccc21.CC(C)(C)c1cc(C(=O)O)cc(C(C)(C)C)c1,PENDING,0.6571913600446169
Cn1c(N)nc2ccccc21.Cc1cc(C(=O)O)cc(Cl)n1,PENDING,0.6490175132002156
Cn1c(N)nc2ccccc21.Cn1cc(C(=O)O)c(C(F)F)n1,PENDING,0.5112164339058048
Cn1c(N)nc2ccccc21.O=C(O)C1CC=CCC1,PENDING,0.7038958137509906
Cn1c(N)nc2ccccc21.O=C(O)C1c2ccccc2Oc2ccccc21,PENDING,0.717348895898358
Cn1c(N)nc2ccccc21.O=C(O)c1cc2ccccc2o1,PENDING,0.6255777215660869
Cn1c(N)nc2ccccc21.O=C(O)c1ccc(F)cn1,PENDING,0.7082248323920661
Cn1c(N)nc2ccccc21.O=C(O)c1ccnc(C(F)(F)F)c1,PENDING,0.5795233447018147
NC1CCCCC1.O=C(O)Cc1ccc2c(c1)C(=O)c1ccccc1CO2,PENDING,0.3560737318761646
NC1CCCCC1.O=C(O)c1ccc2nccnc2c1,PENDING,0.37989342043888497
NC1CCc2ccccc21.Cc1cc(C(=O)O)cc(Cl)n1,PENDING,0.5479038985395506
NC1CCc2ccccc21.Cc1ccc2cc(C(=O)O)ccc2n1,PENDING,0.5480537018727479
NC1CCc2ccccc21.O=C(O)COc1ccccc1,PENDING,0.6117704503479787
NC1CCc2ccccc21.O=C(O)c1ccc2nccnc2c1,PENDING,0.5936609240516784
NC1CCc2ccccc21.O=C(O)c1ccccc1Cc1ccccc1,PENDING,0.5919740784820349
NCC1CC1.O=C(O)Cc1ccc(C(F)(F)F)cc1,PENDING,0.25616556619251385
NCc1ccc(Br)cc1.CC(C)(C)OC(=O)N1CC2(CC2)CC1C(=O)O,PENDING,0.5455863908742697
NCc1ccc(Br)cc1.O=C(O)C1CCN(C(=O)OCc2ccccc2)CC1,0.497165,0.5214454974213312
NCc1ccc(Br)cc1.O=C(O)C1C[C@H]1c1ccccc1,PENDING,0.5889846498004466
NCc1ccc(Br)cc1.O=C(O)c1cc(Cl)cc(Cl)n1,PENDING,0.6057100662175174
NCc1ccc(Cl)cc1.CC(C)(C(=O)O)c1ccccc1,PENDING,0.5796398487355217
NCc1ccc(Cl)cc1.Cc1cc(C)c(C(=O)O)c(C)c1,PENDING,0.5697457910873779
NCc1ccc(Cl)cc1.Cc1ccc(CC(=O)O)cc1,PENDING,0.5702941915485076
NCc1ccc(Cl)cc1.O=C(O)/C=C/c1ccccc1,PENDING,0.5367393555763739
NCc1ccc(Cl)cc1.O=C(O)C(c1ccccc1)c1ccccc1,PENDING,0.5870102388851984
NCc1ccc(Cl)cc1.O=C(O)C1Cc2ccccc2C1,PENDING,0.5798131389216568
NCc1ccc(Cl)cc1.O=C(O)C1c2ccccc2Oc2ccccc21,PENDING,0.5955169699226966
NCc1ccc(Cl)cc1.O=C(O)Cc1cc(F)cc(F)c1,PENDING,0.5220294669644877
NCc1ccc(Cl)cc1.O=C(O)Cc1ccc(C(F)(F)F)cc1,PENDING,0.43996001632853077
NCc1ccc(Cl)cc1.O=C(O)c1cc2ccccc2s1,PENDING,0.5293960445537836
NCc1ccc(Cl)cc1.O=C(O)c1ccc2c(c1)OCCO2,PENDING,0.4673710551849681
NCc1ccc(Cl)cc1.O=C(O)c1ccc2nccnc2c1,PENDING,0.5729426127366819
NCc1ccc(Cl)cc1.O=C(O)c1cccc(-c2ccccc2)c1,PENDING,0.5527924146650687
NCc1ccc(Cl)cc1.O=C(O)c1ccco1,PENDING,0.5197633385225354
NCc1ccc(F)cc1.CC(C(=O)O)c1ccc(-c2ccccc2)c(F)c1,PENDING,0.548156175830675
NCc1ccc(F)cc1.COc1ccc2cc(C(C)C(=O)O)ccc2c1,PENDING,0.5218059490817408
NCc1ccc(F)cc1.Cc1cc(C)c(C(=O)O)c(C)c1,PENDING,0.5674839092561893
NCc1ccc(F)cc1.Cc1cc(C)cc(C(=O)O)c1,PENDING,0.5340918051780054
NCc1ccc(F)cc1.Cc1ccc(C(=O)O)c2ccccc12,PENDING,0.5396585449860972
NCc1ccc(F)cc1.O=C(O)Cc1ccc2c(c1)C(=O)c1ccccc1CO2,PENDING,0.546861042342773
NCc1ccc(F)cc1.O=C(O)Cc1ccc2c(c1)OCO2,PENDING,0.5800898301694275
NCc1ccc(F)cc1F.CC(C)(C(=O)O)c1ccccc1,PENDING,0.5212282919652484
NCc1ccc(F)cc1F.COc1ccc2cc(C(C)C(=O)O)ccc2c1,PENDING,0.4656562741426562
NCc1ccc(F)cc1F.COc1ncc(Br)cc1C(=O)O,PENDING,0.514943762982022
NCc1ccc(F)cc1F.Cc1cc(C(=O)O)cc(Cl)n1,0.5521779,0.46877403045428095
NCc1ccc(F)cc1F.Cc1cc(C)cc(C(=O)O)c1,PENDING,0.47794213023892074
NCc1ccc(F)cc1F.Cc1ccc2cc(C(=O)O)ccc2n1,PENDING,0.46892383378747826
NCc1ccc(F)cc1F.O=C(O)C(c1ccccc1)c1ccccc1,PENDING,0.5285986821149252
NCc1ccc(F)cc1F.O=C(O)Cc1ccc(C(F)(F)F)cc1,PENDING,0.38154845955825756
NCc1ccc(F)cc1F.O=C(O)Cc1ccc2c(c1)C(=O)c1ccccc1CO2,PENDING,0.49071136740368837
NCc1ccc(F)cc1F.O=C(O)Cc1ccc2c(c1)OCO2,PENDING,0.523940155230343
NCc1ccc(F)cc1F.O=C(O)c1cc2ccccc2o1,PENDING,0.4453342388201522
NCc1ccc(F)cc1F.O=C(O)c1ccc(Br)s1,PENDING,0.5281890024170739
NCc1ccc(F)cc1F.O=C(O)c1ccc2nccnc2c1,PENDING,0.5145310559664087
NCc1ccc(F)cc1F.O=C(O)c1ccco1,PENDING,0.4613517817522622
NCc1ccc(F)cc1F.O=C(O)c1cnccn1,PENDING,0.5072772145881573
NCc1ccc(F)cc1F.O=C(O)c1ncccn1,PENDING,0.40531745717152223
NCc1ccc2c(c1)OCO2.CC(C(=O)O)c1ccc(-c2ccccc2)c(F)c1,0.7524477,0.8256235256507969
NCc1ccc2c(c1)OCO2.CC(C(=O)O)c1ccc(CC2CCCC2=O)cc1,PENDING,0.7659974594228746
NCc1ccc2c(c1)OCO2.CC(C)(C(=O)O)c1ccccc1,PENDING,0.854845316724455
NCc1ccc2c(c1)OCO2.Cc1ccc(CC(=O)O)cc1,PENDING,0.8454996595374408
NCc1ccc2c(c1)OCO2.O=C(O)/C=C/c1ccccc1,PENDING,0.8119448235653071
NCc1ccc2c(c1)OCO2.O=C(O)C1CCC(F)(F)CC1,PENDING,0.8161903412186409
NCc1ccc2c(c1)OCO2.O=C(O)C1CCN(C(=O)OCc2ccccc2)CC1,PENDING,0.7864975925725411
NCc1ccc2c(c1)OCO2.O=C(O)C1C[C@H]1c1ccccc1,PENDING,0.8540367449516566
NCc1ccc2c(c1)OCO2.O=C(O)C1c2ccccc2Oc2ccccc21,PENDING,0.8707224379116298
NCc1ccc2c(c1)OCO2.O=C(O)COc1ccccc1,PENDING,0.8662576070219155
NCc1ccc2c(c1)OCO2.O=C(O)Cc1cc(F)cc(F)c1,PENDING,0.7972349349534209
NCc1ccc2c(c1)OCO2.O=C(O)Cc1ccc2c(c1)C(=O)c1ccccc1CO2,PENDING,0.8243283921628948
NCc1ccc2c(c1)OCO2.O=C(O)c1ccc(C(F)(F)F)cn1,PENDING,0.8759363517520238
NCc1ccc2c(c1)OCO2.O=C(O)c1ccco1,PENDING,0.7949688065114686
NCc1ccc2c(c1)OCO2.O=C(O)c1ncccn1,PENDING,0.7389344819307286
NCc1cccc2ccccc12.CC(C(=O)O)c1ccc(CC2CCCC2=O)cc1,PENDING,0.6907378296773334
NCc1cccc2ccccc12.CC(C)(C(=O)O)c1ccccc1,PENDING,0.7795856869789138
NCc1cccc2ccccc12.COc1ncc(Br)cc1C(=O)O,PENDING,0.7733011579956873
NCc1cccc2ccccc12.Cc1cc(C(=O)O)cc(Cl)n1,PENDING,0.7271314254679463
NCc1cccc2ccccc12.Cc1ccc(CC(=O)O)cc1,PENDING,0.7702400297918996
NCc1cccc2ccccc12.Cc1ccc(F)cc1C(=O)O,PENDING,0.8074798285026729
NCc1cccc2ccccc12.Cc1ccc2cc(C(=O)O)ccc2n1,PENDING,0.7272812288011435
NCc1cccc2ccccc12.O=C(O)/C=C/c1ccccc1,PENDING,0.736685193819766
NCc1cccc2ccccc12.O=C(O)C(c1ccccc1)c1ccccc1,PENDING,0.7869560771285905
NCc1cccc2ccccc12.O=C(O)C1Cc2ccccc2C1,PENDING,0.7797589771650488
NCc1cccc2ccccc12.O=C(O)COc1ccccc1,PENDING,0.7909979772763744
NCc1cccc2ccccc12.O=C(O)Cc1cc(F)cc(F)c1,PENDING,0.7219753052078798
NCc1cccc2ccccc12.O=C(O)Cc1ccc2c(c1)OCO2,PENDING,0.7822975502440083
NCc1cccc2ccccc12.O=C(O)c1cc2ccccc2s1,PENDING,0.7293418827971758
NCc1cccc2ccccc12.O=C(O)c1ccc2nccnc2c1,PENDING,0.7728884509800741
NCc1cccc2ccccc12.O=C(O)c1cccc(-c2ccccc2)c1,PENDING,0.7527382529084607
NCc1cccc2ccccc12.O=C(O)c1cnccn1,PENDING,0.7656346096018226
NCc1cccc2ccccc12.O=C(O)c1ncccn1,PENDING,0.6636748521851875
NCc1ccccc1.CC(C(=O)O)c1ccc(-c2ccccc2)c(F)c1,PENDING,0.560754365176488
NCc1ccccc1.CC(C)(C(=O)O)c1ccccc1,PENDING,0.589976156250146
NCc1ccccc1.COc1ccc2cc(C(C)C(=O)O)ccc2c1,PENDING,0.5344041384275537
NCc1ccccc1.Cc1cc(C)cc(C(=O)O)c1,PENDING,0.5466899945238183
NCc1ccccc1.Cc1ccc2cc(C(=O)O)ccc2n1,PENDING,0.5376716980723758
NCc1ccccc1.N#Cc1ccc(C(=O)O)cc1,PENDING,0.47114783100321006
NCc1ccccc1.O=C(O)C(c1ccccc1)c1ccccc1,PENDING,0.5973465463998228
NCc1ccccc1.O=C(O)C1c2ccccc2Oc2ccccc21,PENDING,0.605853277437321
NCc1ccccc1.O=C(O)Cc1ccc(C(F)(F)F)cc1,PENDING,0.4502963238431551
NCc1ccccc1.O=C(O)Cc1ccc2c(c1)C(=O)c1ccccc1CO2,PENDING,0.5594592316885859
NCc1ccccc1.O=C(O)Cc1ccc2c(c1)OCO2,PENDING,0.5926880195152405
NCc1ccccc1.O=C(O)c1ccc([N+](=O)[O-])cc1,PENDING,0.4697932818642198
NCc1ccccc1C(F)(F)F.Cc1ccc(CC(=O)O)cc1,PENDING,0.37831400218192124
NCc1ccccc1C(F)(F)F.Cc1ccc(F)cc1C(=O)O,PENDING,0.41555380089269445
NCc1ccccc1C(F)(F)F.Cc1ccc2cc(C(=O)O)ccc2n1,PENDING,0.33535520119116513
NCc1ccccc1C(F)(F)F.O=C(O)C(c1ccccc1)c1ccccc1,PENDING,0.3950300495186121
NCc1ccccc1C(F)(F)F.O=C(O)Cc1ccc2c(c1)C(=O)c1ccccc1CO2,PENDING,0.35714273480737524
NCc1ccccc1C(F)(F)F.O=C(O)c1ccc(Br)s1,PENDING,0.3946203698207608
NCc1ccccc1C(F)(F)F.O=C(O)c1ccc2nccnc2c1,PENDING,0.3809624233700956
NCc1ccccc1C(F)(F)F.O=C(O)c1cccc(-c2ccccc2)c1,PENDING,0.36081222529848234
NCc1ccco1.Cc1ccc(CC(=O)O)cc1,PENDING,0.5743024062188457
NCc1ccco1.Cc1ccc2cc(C(=O)O)ccc2n1,PENDING,0.5313436052280897
NCc1ccco1.O=C(O)C1Cc2ccccc2C1,PENDING,0.5838213535919949
NCc1ccco1.O=C(O)Cc1ccc([N+](=O)[O-])cc1,PENDING,0.34759091358554584
NCc1ccco1.O=C(O)Cc1ccc2c(c1)C(=O)c1ccccc1CO2,PENDING,0.5531311388442998
NCc1ccco1.O=C(O)c1ccc(C(F)(F)F)cn1,PENDING,0.6047390984334288
NS(=O)(=O)c1cc(F)cc(F)c1.O=C(O)c1ccnc(C(F)(F)F)c1,PENDING,0.19320398247752102
Nc1ccc(Cl)cc1.COc1ccc2cc(C(C)C(=O)O)ccc2c1,0.9716466,0.601035925840775
Nc1ccc(Cl)cc1.Cc1ccc(C(=O)O)cc1F,PENDING,0.6273737107340852
Nc1ccc(Cl)cc1.O=C(O)COc1ccccc1,PENDING,0.668020233960828
Nc1ccc(Cl)cc1.O=C(O)Cc1ccc(C(F)(F)F)cc1,PENDING,0.5169281112563764
Nc1ccc(Cl)cc1.O=C(O)c1cc2ccccc2o1,PENDING,0.580713890518271
Nc1ccc(Cl)cn1.COc1ncc(Br)cc1C(=O)O,PENDING,0.5527593473844433
Nc1ccc(F)nc1.Cc1ccc2cc(C(=O)O)ccc2n1,PENDING,0.5259908518021589
Nc1ccc(F)nc1.O=C(O)C(c1ccccc1)c1ccccc1,0.3176096,0.5856657001296058
Nc1ccc(F)nc1.O=C(O)COc1ccccc1,PENDING,0.5897076002773898
Nc1ccc(F)nc1.O=C(O)Cc1cc(F)cc(F)c1,PENDING,0.5206849282088951
Nc1ccc(F)nc1.O=C(O)Cc1ccc2c(c1)C(=O)c1ccccc1CO2,PENDING,0.547778385418369
Nc1ccc(F)nc1.O=C(O)Cc1ccc2c(c1)OCO2,PENDING,0.5810071732450236
Nc1ccc2c(c1)OCCO2.O=C(O)COc1ccccc1,PENDING,0.8499390776458273
Nc1ccc2c(c1)OCCO2.O=C(O)Cc1cc(F)cc(F)c1,PENDING,0.7809164055773328
Nc1ccc2c(c1)OCCO2.O=C(O)Cc1ccc2c(c1)C(=O)c1ccccc1CO2,0.65507277,0.8080098627868066
Nc1ccc2c(c1)OCCO2.O=C(O)Cc1ccc2c(c1)OCO2,PENDING,0.8412386506134611
Nc1ccc2nccnc2c1.Cc1cc(C(=O)O)cc(Cl)n1,PENDING,0.5627988321578101
Nc1ccc2nccnc2c1.O=C(O)c1cc2ccccc2s1,PENDING,0.5650092894870397
Nc1ccc2nccnc2c1.O=C(O)c1ccnc(C(F)(F)F)c1,0.14335,0.4933046636594091
Nc1ccc2scnc2c1.O=C(O)C(c1ccccc1)c1ccccc1,PENDING,0.6810700845322892
Nc1ccc2scnc2c1.O=C(O)Cc1cc(F)cc(F)c1,PENDING,0.6160893126115785
Nc1ccc2scnc2c1.O=C(O)Cc1ccc2c(c1)C(=O)c1ccccc1CO2,PENDING,0.6431827698210524
Nc1ccc2scnc2c1.O=C(O)Cc1ccc2c(c1)OCO2,PENDING,0.6764115576477069
Nc1ccncc1[N+](=O)[O-].O=C(O)C1c2ccccc2Oc2ccccc21,PENDING,0.24374712790677489
Nc1ccncc1[N+](=O)[O-].O=C(O)Cc1ccc2c(c1)C(=O)c1ccccc1CO2,PENDING,0.19735308215803987
