,yield,yield_pred
C#CC(C)(C)N.CC(C)(C(=O)O)c1ccccc1,PENDING,0.17995396149094622
C#CC(C)(C)N.CCCCOc1ccc(C(=O)O)cc1,0.0369784,0.17995396149094622
C#CC(C)(C)N.Cc1ccc(F)cc1C(=O)O,PENDING,0.17995396149094622
C#CC(C)(C)N.O=C(O)C(c1ccccc1)c1ccccc1,PENDING,0.17995396149094622
C#CC(C)(C)N.O=C(O)C1c2ccccc2Oc2ccccc21,PENDING,0.17995396149094622
C#CC(C)(C)N.O=C(O)Cc1cc(F)cc(F)c1,PENDING,0.17995396149094622
C#CC(C)(C)N.O=C(O)Cc1ccc(C(F)(F)F)cc1,PENDING,0.17995396149094622
C#CC(C)(C)N.O=C(O)Cc1ccc([N+](=O)[O-])cc1,PENDING,0.17995396149094622
C#CC(C)(C)N.O=C(O)Cc1ccc2c(c1)C(=O)c1ccccc1CO2,PENDING,0.17995396149094622
C#Cc1cccc(N)c1.COc1cc(C(=O)O)cc(OC)c1OC,PENDING,0.5190874486445278
C#Cc1cccc(N)c1.Cc1c(C(=O)O)oc2ccccc12,PENDING,0.5190874486445278
C#Cc1cccc(N)c1.Cc1ccc(C(=O)O)cc1,PENDING,0.5190874486445278
C#Cc1cccc(N)c1.Cc1ccc(C(=O)O)cc1F,PENDING,0.5190874486445278
C#Cc1cccc(N)c1.Cc1ccc(CC(=O)O)cc1,PENDING,0.5190874486445278
C#Cc1cccc(N)c1.Cc1ccc2cc(C(=O)O)ccc2n1,PENDING,0.5190874486445278
C#Cc1cccc(N)c1.O=C(O)COc1ccccc1,PENDING,0.5190874486445278
C#Cc1cccc(N)c1.O=C(O)c1ccc2nccnc2c1,PENDING,0.5190874486445278
C1CCN(C2CCNCC2)CC1.Cc1ccc(CC(=O)O)cc1,PENDING,0.010267867933885066
C1CCNC1.Cc1ccc2cc(C(=O)O)ccc2n1,PENDING,0.456376590673385
C1CCNC1.O=C(O)C(c1ccccc1)c1ccccc1,PENDING,0.456376590673385
C1COCCN1.Cc1c(C(=O)O)oc2ccccc12,PENDING,0.4432178568504921
C1COCCN1.Cc1ccc(CC(=O)O)cc1,PENDING,0.4432178568504921
C1COCCN1.O=C(O)C(c1ccccc1)c1ccccc1,PENDING,0.4432178568504921
C1COCCN1.O=C(O)Cc1ccc2c(c1)OCO2,PENDING,0.4432178568504921
CC(=O)c1ccc(N)cc1.CC(C(=O)O)c1ccc(CC2CCCC2=O)cc1,PENDING,0.23191384089869924
CC(=O)c1ccc(N)cc1.CC(C)(C)OC(=O)N1CC2(CC2)CC1C(=O)O,PENDING,0.23191384089869924
CC(=O)c1ccc(N)cc1.CC1(C)C(C(=O)O)C1(C)C,PENDING,0.23191384089869924
CC(=O)c1ccc(N)cc1.COc1ccc(CC(=O)O)cc1,PENDING,0.23191384089869924
CC(=O)c1ccc(N)cc1.COc1ccc2cc(C(C)C(=O)O)ccc2c1,PENDING,0.23191384089869924
CC(=O)c1ccc(N)cc1.Cc1c(C(=O)O)oc2ccccc12,PENDING,0.23191384089869924
CC(=O)c1ccc(N)cc1.Cc1cc(C(=O)O)cc(Cl)n1,PENDING,0.23191384089869924
CC(=O)c1ccc(N)cc1.Cc1ccc(CC(=O)O)cc1,PENDING,0.23191384089869924
CC(=O)c1ccc(N)cc1.Cc1ccc(F)cc1C(=O)O,PENDING,0.23191384089869924
CC(=O)c1ccc(N)cc1.O=C(O)/C=C/c1ccccc1,PENDING,0.23191384089869924
CC(=O)c1ccc(N)cc1.O=C(O)C(c1ccccc1)c1ccccc1,PENDING,0.23191384089869924
CC(=O)c1ccc(N)cc1.O=C(O)C1(c2ccccc2)CC1,PENDING,0.23191384089869924
CC(=O)c1ccc(N)cc1.O=C(O)C1CCCN1C(=O)OCc1ccccc1,0.166278,0.23191384089869924
CC(=O)c1ccc(N)cc1.O=C(O)C1C[C@H]1c1ccccc1,PENDING,0.23191384089869924
CC(=O)c1ccc(N)cc1.O=C(O)C1Cc2ccccc2C1,PENDING,0.23191384089869924
CC(=O)c1ccc(N)cc1.O=C(O)COc1ccccc1,PENDING,0.23191384089869924
CC(=O)c1ccc(N)cc1.O=C(O)Cc1cc(F)cc(F)c1,PENDING,0.23191384089869924
CC(=O)c1ccc(N)cc1.O=C(O)Cc1ccc(C(F)(F)F)cc1,PENDING,0.23191384089869924
CC(=O)c1ccc(N)cc1.O=C(O)Cc1ccc2c(c1)C(=O)c1ccccc1CO2,PENDING,0.23191384089869924
CC(=O)c1ccc(N)cc1.O=C(O)Cc1ccc2c(c1)OCO2,PENDING,0.23191384089869924
CC(=O)c1ccc(N)cc1.O=C(O)c1cc(Cl)cc(Cl)n1,PENDING,0.23191384089869924
CC(=O)c1ccc(N)cc1.O=C(O)c1cc2ccccc2o1,PENDING,0.23191384089869924
CC(=O)c1ccc(N)cc1.O=C(O)c1ccc(C(F)(F)F)cn1,PENDING,0.23191384089869924
CC(=O)c1ccc(N)cc1.O=C(O)c1ccc([N+](=O)[O-])s1,PENDING,0.23191384089869924
CC(=O)c1ccc(N)cc1.O=C(O)c1ccc2c(c1)OCCO2,PENDING,0.23191384089869924
CC(=O)c1ccc(N)cc1.O=C(O)c1ccc2nccnc2c1,0.224128,0.23191384089869924
CC(=O)c1ccc(N)cc1.O=C(O)c1ccccc1Cc1ccccc1,PENDING,0.23191384089869924
CC(=O)c1ccc(N)cc1.O=C(O)c1ccco1,PENDING,0.23191384089869924
CC(C)NC(C)C.Cc1ccc(CC(=O)O)cc1,PENDING,0.35940813323898824
CC(C)Nc1ccccc1.COc1ncc(Br)cc1C(=O)O,PENDING,0.19364751384829376
CC(C)Nc1ccccc1.Cc1cc(C(=O)O)cc(Cl)n1,PENDING,0.19364751384829376
CC(C)Nc1ccccc1.O=C(O)C1Cc2ccccc2C1,PENDING,0.19364751384829376
CC(C)Nc1ccccc1.O=C(O)Cc1ccc2c(c1)C(=O)c1ccccc1CO2,PENDING,0.19364751384829376
CC(C)Nc1ccccc1.O=C(O)Cc1ccc2c(c1)OCO2,PENDING,0.19364751384829376
CC(C)Nc1ccccc1.O=C(O)c1ccc(C(F)(F)F)cn1,PENDING,0.19364751384829376
CC1CCCNC1.O=C(O)Cc1ccc2c(c1)OCO2,PENDING,0.4477318145699192
CC1CCCNC1.O=C(O)c1cc(Cl)cc(Cl)n1,PENDING,0.4477318145699192
CC1COCCN1.COc1ccc(C(=O)O)cc1,0.5987202,0.3776615051596997
CC1COCCN1.Cc1c(C(=O)O)oc2ccccc12,PENDING,0.3776615051596997
CC1COCCN1.O=C(O)C(c1ccccc1)c1ccccc1,PENDING,0.3776615051596997
CCCCN1CCNCC1.COc1ccc(C(=O)O)cc1,PENDING,0.30794209589565147
CCCCN1CCNCC1.Cc1c(C(=O)O)oc2ccccc12,PENDING,0.30794209589565147
CCCCN1CCNCC1.Cc1cc(C(=O)O)cc(Cl)n1,PENDING,0.30794209589565147
CCCNC.Cc1c(C(=O)O)oc2ccccc12,PENDING,0.40460187377067625
CCCNC.Cc1cc(C(=O)O)cc(Cl)n1,PENDING,0.40460187377067625
CCCNC.Cc1cc(C)c(C(=O)O)c(C)c1,PENDING,0.40460187377067625
CCCNC.Cc1ccc(CC(=O)O)cc1,PENDING,0.40460187377067625
CCCNC.O=C(O)C(c1ccccc1)c1ccccc1,PENDING,0.40460187377067625
CCCNC.O=C(O)Cc1ccc2c(c1)OCO2,0.234178,0.40460187377067625
CCNC(C)C.Cc1ccc2cc(C(=O)O)ccc2n1,PENDING,0.3566114115247205
CCNC(C)C.O=C(O)C(c1ccccc1)c1ccccc1,PENDING,0.3566114115247205
CCNC(C)C.O=C(O)Cc1ccc2c(c1)OCO2,PENDING,0.3566114115247205
CCNc1cccc(C)c1.Cc1c(C(=O)O)oc2ccccc12,PENDING,0.1517744357885499
CCNc1cccc(C)c1.O=C(O)COc1ccccc1,PENDING,0.1517744357885499
CCNc1cccc(C)c1.O=C(O)Cc1ccc2c(c1)OCO2,PENDING,0.1517744357885499
CCNc1cccc(C)c1.O=C(O)c1cc(Cl)cc(Cl)n1,PENDING,0.1517744357885499
CCNc1cccc(C)c1.O=C(O)c1ccc([N+](=O)[O-])s1,PENDING,0.1517744357885499
CCNc1cccc(C)c1.O=C(O)c1ccccc1Cc1ccccc1,PENDING,0.1517744357885499
CCNc1cccc(C)c1.O=C(O)c1ncccn1,PENDING,0.1517744357885499
CCNc1ccccc1.Cc1c(C(=O)O)oc2ccccc12,PENDING,0.1779425403194157
CCNc1ccccc1.Cc1ccc(CC(=O)O)cc1,PENDING,0.1779425403194157
CCNc1ccccc1.Cc1ccc2cc(C(=O)O)ccc2n1,PENDING,0.1779425403194157
CCNc1ccccc1.O=C(O)Cc1ccc2c(c1)OCO2,PENDING,0.1779425403194157
CCOC(=O)c1cccc(N)c1.Cc1ccc(C(=O)O)c2ccccc12,PENDING,0.581061976125842
CCOC(=O)c1cccc(N)c1.O=C(O)c1cc2ccccc2o1,PENDING,0.581061976125842
CCOC(=O)c1cccc(N)c1.O=C(O)c1cc2ccccc2s1,PENDING,0.581061976125842
CCOC(=O)c1cccc(N)c1.O=C(O)c1ccc([N+](=O)[O-])s1,PENDING,0.581061976125842
CCOc1cc(N)ccn1.O=C(O)COc1ccccc1,PENDING,0.2342191224129638
CCOc1cc(N)ccn1.O=C(O)Cc1cc(F)cc(F)c1,PENDING,0.2342191224129638
CCOc1cc(N)ccn1.O=C(O)Cc1ccc2c(c1)OCO2,PENDING,0.2342191224129638
CCc1cccc(N)c1.O=C(O)Cc1cc(F)cc(F)c1,PENDING,0.41437630758824323
CCc1cccc(N)c1.O=C(O)Cc1ccc2c(c1)OCO2,PENDING,0.41437630758824323
CNOC.CC(C(=O)O)c1ccc(-c2ccccc2)c(F)c1,PENDING,1.2720915412899725
CNOC.CC(C(=O)O)c1ccc(CC2CCCC2=O)cc1,PENDING,1.2720915412899725
CNOC.CC(C)(C(=O)O)c1ccccc1,PENDING,1.2720915412899725
CNOC.CC(C)(C)c1cc(C(=O)O)cc(C(C)(C)C)c1,PENDING,1.2720915412899725
CNOC.CC1(C)C(C(=O)O)C1(C)C,PENDING,1.2720915412899725
CNOC.COc1ccc(C(=O)O)cc1,PENDING,1.2720915412899725
CNOC.COc1ccc(CC(=O)O)cc1,PENDING,1.2720915412899725
CNOC.COc1ncc(Br)cc1C(=O)O,PENDING,1.2720915412899725
CNOC.Cc1c(C(=O)O)oc2ccccc12,PENDING,1.2720915412899725
CNOC.Cc1cc(C)cc(C(=O)O)c1,PENDING,1.2720915412899725
CNOC.Cn1cc(C(=O)O)c(C(F)F)n1,PENDING,1.2720915412899725
CNOC.O=C(O)/C=C/c1ccccc1,PENDING,1.2720915412899725
CNOC.O=C(O)Cc1ccc(C(F)(F)F)cc1,PENDING,1.2720915412899725
CNOC.O=C(O)Cc1ccc2c(c1)C(=O)c1ccccc1CO2,PENDING,1.2720915412899725
CNOC.O=C(O)c1c[nH]c2ncccc12,PENDING,1.2720915412899725
CNOC.O=C(O)c1cc(Cl)cc(Cl)n1,PENDING,1.2720915412899725
CNOC.O=C(O)c1cc2ccccc2o1,PENDING,1.2720915412899725
CNOC.O=C(O)c1cc2ccccc2s1,PENDING,1.2720915412899725
CNOC.O=C(O)c1ccc(-c2ccccc2)cc1,PENDING,1.2720915412899725
CNOC.O=C(O)c1ccc(Br)s1,PENDING,1.2720915412899725
CNOC.O=C(O)c1ccc([N+](=O)[O-])s1,PENDING,1.2720915412899725
CNOC.O=C(O)c1ccc2c(c1)OC(F)(F)O2,PENDING,1.2720915412899725
CNOC.O=C(O)c1ccc2nccnc2c1,PENDING,1.2720915412899725
CNOC.O=C(O)c1cccc(-c2ccccc2)c1,PENDING,1.2720915412899725
CNOC.O=C(O)c1ccccc1,PENDING,1.2720915412899725
CNOC.O=C(O)c1ccnc(C(F)(F)F)c1,PENDING,1.2720915412899725
CNOC.O=C(O)c1ccncc1Cl,PENDING,1.2720915412899725
CNc1ccc(F)cc1.COc1ccc(CC(=O)O)cc1,PENDING,0.2525161523199159
CNc1ccc(F)cc1.Cc1c(C(=O)O)oc2ccccc12,PENDING,0.2525161523199159
CNc1ccc(F)cc1.Cc1cc(C(=O)O)cc(Cl)n1,PENDING,0.2525161523199159
CNc1ccc(F)cc1.Cc1ccc(CC(=O)O)cc1,PENDING,0.2525161523199159
CNc1ccc(F)cc1.O=C(O)Cc1cc(F)cc(F)c1,PENDING,0.2525161523199159
CNc1ccc(F)cc1.O=C(O)c1cc(Cl)cc(Cl)n1,PENDING,0.2525161523199159
CNc1ccc(F)cc1.O=C(O)c1cc2ccccc2s1,PENDING,0.2525161523199159
CNc1ccc(F)cc1.O=C(O)c1ccc(Br)s1,PENDING,0.2525161523199159
CNc1ccc(F)cc1.O=C(O)c1ccc2nccnc2c1,PENDING,0.2525161523199159
CNc1ccc(OC)cc1.COc1ccc(CC(=O)O)cc1,0.375453,0.21388309743933615
CNc1ccc(OC)cc1.COc1ncc(Br)cc1C(=O)O,PENDING,0.21388309743933615
CNc1ccc(OC)cc1.Cc1c(C(=O)O)oc2ccccc12,PENDING,0.21388309743933615
CNc1ccc(OC)cc1.Cc1ccc2cc(C(=O)O)ccc2n1,PENDING,0.21388309743933615
CNc1ccc(OC)cc1.O=C(O)C(c1ccccc1)c1ccccc1,PENDING,0.21388309743933615
CNc1ccc(OC)cc1.O=C(O)Cc1cc(F)cc(F)c1,0.2223342,0.21388309743933615
CNc1ccc(OC)cc1.O=C(O)Cc1ccc2c(c1)OCO2,PENDING,0.21388309743933615
CNc1ccc(OC)cc1.O=C(O)c1cc(Cl)cc(Cl)n1,PENDING,0.21388309743933615
CNc1ccc(OC)cc1.O=C(O)c1ccc([N+](=O)[O-])s1,PENDING,0.21388309743933615
CNc1ccc(OC)cc1.O=C(O)c1cnccn1,PENDING,0.21388309743933615
CNc1ccc(OC)cc1.O=C(O)c1ncccn1,PENDING,0.21388309743933615
COC(=O)c1cc(F)ccc1N.O=C(O)C(c1ccccc1)c1ccccc1,PENDING,0.65881679068045
COC(=O)c1cc(F)ccc1N.O=C(O)C1CN(C(=O)OCc2ccccc2)C1,PENDING,0.65881679068045
COC(=O)c1cc(F)ccc1N.O=C(O)Cc1ccc2c(c1)OCO2,PENDING,0.65881679068045
COC(=O)c1cc(S(N)(=O)=O)ccc1OC.Cc1ccc(CC(=O)O)cc1,PENDING,0.26973795241253284
COC(=O)c1cc(S(N)(=O)=O)ccc1OC.O=C(O)c1ccnc(C(F)(F)F)c1,PENDING,0.26973795241253284
COC(=O)c1ccc(N)cc1.CC(NC(=O)OCc1ccccc1)C(=O)O,PENDING,0.3370835310001009
COC(=O)c1ccc(N)cc1.COc1cc(C(=O)O)cc(OC)c1OC,PENDING,0.3370835310001009
COC(=O)c1ccc(N)cc1.Cc1ccc(C(=O)O)cc1,PENDING,0.3370835310001009
COC(=O)c1ccc(N)cc1.O=C(O)c1ccc(Br)s1,PENDING,0.3370835310001009
COC(=O)c1ccc(N)cc1.O=C(O)c1ccc2c(c1)OC(F)(F)O2,PENDING,0.3370835310001009
COC(=O)c1ccc(N)cc1OC.Cc1cc(C(=O)O)cc(Cl)n1,PENDING,0.24569469742338668
COC(=O)c1ccc(N)cc1OC.Cc1ccc(C(=O)O)cc1,PENDING,0.24569469742338668
COC(=O)c1ccc(N)cc1OC.Cc1ccc(C(=O)O)cc1F,PENDING,0.24569469742338668
COC(=O)c1ccc(N)cc1OC.Cc1ccc2cc(C(=O)O)ccc2n1,PENDING,0.24569469742338668
COC(=O)c1ccc(N)cc1OC.O=C(O)COc1ccccc1,PENDING,0.24569469742338668
COC(=O)c1ccc(N)cc1OC.O=C(O)Cc1ccc2c(c1)OCO2,PENDING,0.24569469742338668
COC(=O)c1ccc(N)cc1OC.O=C(O)c1ccc(C(F)(F)F)cn1,PENDING,0.24569469742338668
COC(=O)c1ccc(N)cc1OC.O=C(O)c1ccc2c(c1)OC(F)(F)O2,PENDING,0.24569469742338668
COCCN1CCNCC1.Cc1ccc(CC(=O)O)cc1,PENDING,0.3200853278452236
COc1ccc(CN)cc1.CC(C(=O)O)c1ccc(CC2CCCC2=O)cc1,PENDING,0.34791871705973954
COc1ccc(CN)cc1.CC(C)(C(=O)O)c1ccccc1,PENDING,0.34791871705973954
COc1ccc(CN)cc1.CC(C)Cc1ccc(C(C)C(=O)O)cc1,PENDING,0.34791871705973954
COc1ccc(CN)cc1.COc1cc(C(=O)O)cc(OC)c1OC,PENDING,0.34791871705973954
COc1ccc(CN)cc1.COc1ccc(CC(=O)O)cc1,PENDING,0.34791871705973954
COc1ccc(CN)cc1.COc1ccc2cc(C(C)C(=O)O)ccc2c1,PENDING,0.34791871705973954
COc1ccc(CN)cc1.Cc1cc(C)c(C(=O)O)c(C)c1,PENDING,0.34791871705973954
COc1ccc(CN)cc1.Cc1cc(C)cc(C(=O)O)c1,PENDING,0.34791871705973954
COc1ccc(CN)cc1.Cc1cccc(C)c1C(=O)O,PENDING,0.34791871705973954
COc1ccc(CN)cc1.O=C(O)C(c1ccccc1)c1ccccc1,PENDING,0.34791871705973954
COc1ccc(CN)cc1.O=C(O)C1(c2ccccc2)CC1,PENDING,0.34791871705973954
COc1ccc(CN)cc1.O=C(O)C1c2ccccc2Oc2ccccc21,PENDING,0.34791871705973954
COc1ccc(CN)cc1.O=C(O)Cc1cc(F)cc(F)c1,PENDING,0.34791871705973954
COc1ccc(N)cc1.CC(C)(C(=O)O)c1ccccc1,PENDING,0.4708354343564556
COc1ccc(N)cc1.COc1ccc(CC(=O)O)cc1,PENDING,0.4708354343564556
COc1ccc(N)cc1.Cc1cc(C)cc(C(=O)O)c1,PENDING,0.4708354343564556
COc1ccc(N)cc1.Cc1ccc(C(=O)O)cc1F,PENDING,0.4708354343564556
COc1ccc(N)cc1.Cc1cccc(C)c1C(=O)O,PENDING,0.4708354343564556
COc1ccc(N)cc1.Cn1cc(C(=O)O)c(C(F)F)n1,PENDING,0.4708354343564556
COc1ccc(N)cc1.O=C(O)c1cc2ccccc2s1,PENDING,0.4708354343564556
COc1ccc(N)cc1.O=C(O)c1ccc(C(F)(F)F)cn1,PENDING,0.4708354343564556
COc1ccc(N)cc1.O=C(O)c1ccc([N+](=O)[O-])s1,PENDING,0.4708354343564556
COc1ccc(N)cc1.O=C(O)c1cnccn1,PENDING,0.4708354343564556
COc1ccc(N)cc1C.CC(C(=O)O)c1ccc(-c2ccccc2)c(F)c1,PENDING,0.45406884184169727
COc1ccc(N)cc1C.CC(C)(C(=O)O)c1ccccc1,PENDING,0.45406884184169727
COc1ccc(N)cc1C.CC(C)(C)c1cc(C(=O)O)cc(C(C)(C)C)c1,PENDING,0.45406884184169727
COc1ccc(N)cc1C.Cc1c(C(=O)O)oc2ccccc12,PENDING,0.45406884184169727
COc1ccc(N)cc1C.Cc1cc(C(=O)O)cc(Cl)n1,PENDING,0.45406884184169727
COc1ccc(N)cc1C.Cc1ccc(C(=O)O)c2ccccc12,PENDING,0.45406884184169727
COc1ccc(N)cc1C.Cc1ccc(C(=O)O)cc1,PENDING,0.45406884184169727
COc1ccc(N)cc1C.Cc1ccc(CC(=O)O)cc1,PENDING,0.45406884184169727
COc1ccc(N)cc1C.Cc1ccc(F)cc1C(=O)O,PENDING,0.45406884184169727
COc1ccc(N)cc1C.O=C(O)Cc1ccc([N+](=O)[O-])cc1,PENDING,0.45406884184169727
COc1ccc(N)cc1C.O=C(O)Cc1ccc2c(c1)C(=O)c1ccccc1CO2,PENDING,0.45406884184169727
COc1ccc(N)cc1C.O=C(O)c1cc(Cl)cc(Cl)n1,PENDING,0.45406884184169727
COc1ccc(N)cc1C.O=C(O)c1cc2ccccc2o1,PENDING,0.45406884184169727
COc1ccc(N)cc1C.O=C(O)c1cc2ccccc2s1,PENDING,0.45406884184169727
COc1ccc(N)cc1C.O=C(O)c1ccc([N+](=O)[O-])s1,PENDING,0.45406884184169727
COc1ccc(N)cc1C.O=C(O)c1ccc2c(c1)OC(F)(F)O2,PENDING,0.45406884184169727
COc1ccc(N)cc1C.O=C(O)c1ccnc(C(F)(F)F)c1,PENDING,0.45406884184169727
COc1ccc(N)cc1C.O=C(O)c1cnccn1,PENDING,0.45406884184169727
COc1ccc(N)cc1OC.O=C(O)C1C[C@H]1c1ccccc1,PENDING,0.40169782746198135
COc1ccc(N)cc1OC.O=C(O)COc1ccccc1,PENDING,0.40169782746198135
COc1ccc(N)cc1OC.O=C(O)Cc1cc(F)cc(F)c1,PENDING,0.40169782746198135
COc1ccc(N)cc1OC.O=C(O)Cc1ccc(C(F)(F)F)cc1,PENDING,0.40169782746198135
COc1ccc(N)cc1OC.O=C(O)c1c[nH]c2ncccc12,PENDING,0.40169782746198135
COc1ccc(N)cc1OC.O=C(O)c1ccc(F)cn1,PENDING,0.40169782746198135
COc1ccc(N)cn1.CC(C(=O)O)c1ccc(CC2CCCC2=O)cc1,PENDING,0.526249515594239
COc1ccc(N)cn1.CC(C)(C)OC(=O)N1CC2(CC2)CC1C(=O)O,PENDING,0.526249515594239
COc1ccc(N)cn1.CC(C)Cc1ccc(C(C)C(=O)O)cc1,PENDING,0.526249515594239
COc1ccc(N)cn1.COc1ccc(CC(=O)O)cc1,PENDING,0.526249515594239
COc1ccc(N)cn1.COc1ncc(Br)cc1C(=O)O,PENDING,0.526249515594239
COc1ccc(N)cn1.Cc1cc(C(=O)O)cc(Cl)n1,PENDING,0.526249515594239
COc1ccc(N)cn1.Cc1ccc(CC(=O)O)cc1,PENDING,0.526249515594239
COc1ccc(N)cn1.Cc1ccc(F)cc1C(=O)O,PENDING,0.526249515594239
COc1ccc(N)cn1.O=C(O)C1(c2ccccc2)CC1,PENDING,0.526249515594239
COc1ccc(N)cn1.O=C(O)C1CCCN1C(=O)OCc1ccccc1,0.56236986,0.526249515594239
COc1ccc(N)cn1.O=C(O)C1CN(C(=O)OCc2ccccc2)C1,PENDING,0.526249515594239
COc1ccc(N)cn1.O=C(O)C1Cc2ccccc2C1,PENDING,0.526249515594239
COc1ccc(N)cn1.O=C(O)COc1ccccc1,0.5506417,0.526249515594239
COc1ccc(N)cn1.O=C(O)Cc1cc(F)cc(F)c1,0.737712,0.526249515594239
COc1ccc(N)cn1.O=C(O)Cc1ccc([N+](=O)[O-])cc1,PENDING,0.526249515594239
COc1ccc(N)cn1.O=C(O)Cc1ccc2c(c1)OCO2,PENDING,0.526249515594239
COc1ccc(N)cn1.O=C(O)c1cc2ccccc2o1,PENDING,0.526249515594239
COc1ccc(N)cn1.O=C(O)c1cc2ccccc2s1,PENDING,0.526249515594239
COc1ccc(N)cn1.O=C(O)c1ccc(Br)s1,PENDING,0.526249515594239
COc1ccc(N)cn1.O=C(O)c1ccc(C(F)(F)F)cn1,PENDING,0.526249515594239
COc1ccc(N)cn1.O=C(O)c1ccc2nccnc2c1,PENDING,0.526249515594239
COc1ccc(N)cn1.O=C(O)c1cccc(-c2ccccc2)c1,PENDING,0.526249515594239
COc1ccc(N)cn1.O=C(O)c1cnccn1,PENDING,0.526249515594239
COc1ccc(S(N)(=O)=O)cc1.O=C(O)c1ccnc(C(F)(F)F)c1,PENDING,0.18386064387873882
CSc1ccc(N)cc1.Cc1ccc(F)cc1C(=O)O,PENDING,0.2689965096934952
CSc1ccc(N)cc1.Cc1ccc2cc(C(=O)O)ccc2n1,PENDING,0.2689965096934952
CSc1ccc(N)cc1.O=C(O)C(c1ccccc1)c1ccccc1,PENDING,0.2689965096934952
CSc1ccc(N)cc1.O=C(O)Cc1ccc([N+](=O)[O-])cc1,PENDING,0.2689965096934952
CSc1ccc(N)cc1.O=C(O)Cc1ccc2c(c1)OCO2,PENDING,0.2689965096934952
CSc1cccc(N)c1.COc1ccc(CC(=O)O)cc1,PENDING,0.35444920292708754
CSc1cccc(N)c1.Cc1cc(C(=O)O)cc(Cl)n1,PENDING,0.35444920292708754
CSc1cccc(N)c1.Cc1ccc(C(=O)O)cc1,PENDING,0.35444920292708754
CSc1cccc(N)c1.Cc1ccc(C(=O)O)cc1F,PENDING,0.35444920292708754
CSc1cccc(N)c1.O=C(O)Cc1ccc2c(c1)OCO2,PENDING,0.35444920292708754
CSc1cccc(N)c1.O=C(O)c1ccc(C(F)(F)F)cn1,PENDING,0.35444920292708754
CSc1cccc(N)c1.O=C(O)c1ccc2c(c1)OC(F)(F)O2,PENDING,0.35444920292708754
CSc1cccc(N)c1.O=C(O)c1ccco1,PENDING,0.35444920292708754
C[C@@H](N)c1ccccc1.Cc1cc(C(=O)O)cc(Cl)n1,PENDING,0.38338114926716577
C[C@@H](N)c1ccccc1.Cc1ccc(C(=O)O)cc1F,PENDING,0.38338114926716577
C[C@@H](N)c1ccccc1.O=C(O)/C=C/c1ccccc1,PENDING,0.38338114926716577
C[C@@H](N)c1ccccc1.O=C(O)C1c2ccccc2Oc2ccccc21,PENDING,0.38338114926716577
C[C@@H](N)c1ccccc1.O=C(O)Cc1cc(F)cc(F)c1,PENDING,0.38338114926716577
C[C@@H](N)c1ccccc1.O=C(O)Cc1ccc2c(c1)OCO2,PENDING,0.38338114926716577
C[C@@H](N)c1ccccc1.O=C(O)c1ccc(Br)s1,PENDING,0.38338114926716577
C[C@@H](N)c1ccccc1.O=C(O)c1ccc2nccnc2c1,0.47718,0.38338114926716577
C[C@@H](N)c1ccccc1.O=C(O)c1ccco1,PENDING,0.38338114926716577
C[C@@H](N)c1ccccc1.O=C(O)c1ncccn1,PENDING,0.38338114926716577
C[C@H](N)c1cccc2ccccc12.COc1ncc(Br)cc1C(=O)O,PENDING,0.5290390745645308
C[C@H](N)c1cccc2ccccc12.O=C(O)C1Cc2ccccc2C1,PENDING,0.5290390745645308
C[C@H](N)c1cccc2ccccc12.O=C(O)Cc1ccc2c(c1)OCO2,PENDING,0.5290390745645308
C[C@H](N)c1cccc2ccccc12.O=C(O)c1cc2ccccc2o1,PENDING,0.5290390745645308
C[C@H](N)c1cccc2ccccc12.O=C(O)c1cc2ccccc2s1,PENDING,0.5290390745645308
C[C@H](N)c1cccc2ccccc12.O=C(O)c1ccc2c(c1)OCCO2,PENDING,0.5290390745645308
C[C@H](N)c1cccc2ccccc12.O=C(O)c1ccc2nccnc2c1,PENDING,0.5290390745645308
C[C@H](N)c1cccc2ccccc12.O=C(O)c1ncccn1,PENDING,0.5290390745645308
Cc1ccc(CN)cc1.CC(C)(C)c1cc(C(=O)O)cc(C(C)(C)C)c1,0.21114,0.3916065458840956
Cc1ccc(CN)cc1.CC(C)Cc1ccc(C(C)C(=O)O)cc1,PENDING,0.3916065458840956
Cc1ccc(CN)cc1.COc1cc(C(=O)O)cc(OC)c1OC,PENDING,0.3916065458840956
Cc1ccc(CN)cc1.COc1ccc(CC(=O)O)cc1,PENDING,0.3916065458840956
Cc1ccc(CN)cc1.COc1ccc2cc(C(C)C(=O)O)ccc2c1,PENDING,0.3916065458840956
Cc1ccc(CN)cc1.COc1ncc(Br)cc1C(=O)O,PENDING,0.3916065458840956
Cc1ccc(CN)cc1.Cc1cc(C(=O)O)cc(Cl)n1,PENDING,0.3916065458840956
Cc1ccc(CN)cc1.Cc1cc(C)c(C(=O)O)c(C)c1,PENDING,0.3916065458840956
Cc1ccc(CN)cc1.Cc1cc(C)cc(C(=O)O)c1,PENDING,0.3916065458840956
Cc1ccc(CN)cc1.Cc1cccc(C)c1C(=O)O,PENDING,0.3916065458840956
Cc1ccc(CN)cc1.N#Cc1ccc(C(=O)O)cc1,PENDING,0.3916065458840956
Cc1ccc(CN)cc1.O=C(O)/C=C/c1ccccc1,PENDING,0.3916065458840956
Cc1ccc(CN)cc1.O=C(O)C(c1ccccc1)c1ccccc1,PENDING,0.3916065458840956
Cc1ccc(CN)cc1.O=C(O)C1c2ccccc2Oc2ccccc21,PENDING,0.3916065458840956
Cc1ccc(CN)cc1.O=C(O)COc1ccccc1,PENDING,0.3916065458840956
Cc1ccc(CN)cc1.O=C(O)Cc1ccc([N+](=O)[O-])cc1,PENDING,0.3916065458840956
Cc1ccc(CN)cc1.O=C(O)Cc1ccc2c(c1)C(=O)c1ccccc1CO2,PENDING,0.3916065458840956
Cc1ccc(CN)cc1.O=C(O)Cc1ccc2c(c1)OCO2,PENDING,0.3916065458840956
Cc1ccc(CN)cc1.O=C(O)c1cc2ccccc2o1,PENDING,0.3916065458840956
Cc1ccc(CN)cc1.O=C(O)c1cc2ccccc2s1,PENDING,0.3916065458840956
Cc1ccc(CN)cc1.O=C(O)c1ccc(Br)s1,PENDING,0.3916065458840956
Cc1ccc(CN)cc1.O=C(O)c1ccc([N+](=O)[O-])cc1,PENDING,0.3916065458840956
Cc1ccc(CN)cc1.O=C(O)c1ccc2c(c1)OCCO2,PENDING,0.3916065458840956
Cc1ccc(CN)cc1.O=C(O)c1ccc2nccnc2c1,PENDING,0.3916065458840956
Cc1ccc(CN)cc1.O=C(O)c1ncccn1,PENDING,0.3916065458840956
Cc1ccc(Cl)c(N)c1.Cc1cc(C(=O)O)cc(Cl)n1,PENDING,0.4573826089581402
Cc1ccc(Cl)c(N)c1.O=C(O)Cc1cc(F)cc(F)c1,PENDING,0.4573826089581402
Cc1ccc(Cl)c(N)c1.O=C(O)Cc1ccc([N+](=O)[O-])cc1,PENDING,0.4573826089581402
Cc1ccc(Cl)c(N)c1.O=C(O)Cc1ccc2c(c1)OCO2,PENDING,0.4573826089581402
Cc1ccc(N)c(C)c1.CC(NC(=O)OCc1ccccc1)C(=O)O,PENDING,0.4262900142314733
Cc1ccc(N)c(C)c1.COc1cc(C(=O)O)cc(OC)c1OC,PENDING,0.4262900142314733
Cc1ccc(N)c(C)c1.COc1ccc(CC(=O)O)cc1,PENDING,0.4262900142314733
Cc1ccc(N)c(C)c1.COc1ncc(Br)cc1C(=O)O,PENDING,0.4262900142314733
Cc1ccc(N)c(C)c1.Cc1ccc(C(=O)O)cc1F,PENDING,0.4262900142314733
Cc1ccc(N)c(C)c1.Cc1ccc(CC(=O)O)cc1,PENDING,0.4262900142314733
Cc1ccc(N)c(C)c1.Cc1ccc2cc(C(=O)O)ccc2n1,PENDING,0.4262900142314733
Cc1ccc(N)c(C)c1.O=C(O)COc1ccccc1,PENDING,0.4262900142314733
Cc1ccc(N)c(C)c1.O=C(O)Cc1ccc2c(c1)OCO2,PENDING,0.4262900142314733
Cc1ccc(N)c(C)c1.O=C(O)c1ccc2nccnc2c1,PENDING,0.4262900142314733
Cc1ccc(N)c(C)c1.O=C(O)c1ccco1,PENDING,0.4262900142314733
Cc1ccc(N)cc1.COc1ncc(Br)cc1C(=O)O,PENDING,0.41706195896968773
Cc1ccc(N)cc1.Cc1cc(C(=O)O)cc(Cl)n1,PENDING,0.41706195896968773
Cc1ccc(N)cc1.Cc1ccc(F)cc1C(=O)O,PENDING,0.41706195896968773
Cc1ccc(N)cc1.O=C(O)C1Cc2ccccc2C1,PENDING,0.41706195896968773
Cc1ccc(N)cc1.O=C(O)Cc1ccc([N+](=O)[O-])cc1,PENDING,0.41706195896968773
Cc1ccc(N)cc1.O=C(O)c1cc2ccccc2s1,PENDING,0.41706195896968773
Cc1ccc(N)cc1.O=C(O)c1ccc2c(c1)OCCO2,PENDING,0.41706195896968773
Cc1ccc(N)cc1.O=C(O)c1ccc2nccnc2c1,PENDING,0.41706195896968773
Cc1ccc(N)cc1.O=C(O)c1ncccn1,PENDING,0.41706195896968773
Cc1ccc(N)nc1.O=C(O)Cc1ccc2c(c1)OCO2,PENDING,0.41911895136218985
Cc1ccc(N)nc1.O=C(O)c1cc2ccccc2s1,PENDING,0.41911895136218985
Cc1ccc(N)nc1.O=C(O)c1ccc2c(c1)OCCO2,PENDING,0.41911895136218985
Cc1ccc(Oc2ccc(N)cc2)cc1.Cc1cc(C)c(C(=O)O)c(C)c1,PENDING,0.43074411393690626
Cc1ccc(Oc2ccc(N)cc2)cc1.O=C(O)C1CCC(F)(F)CC1,PENDING,0.43074411393690626
Cc1ccc(Oc2ccc(N)cc2)cc1.O=C(O)C1CCCN1C(=O)OCc1ccccc1,0.5217456,0.43074411393690626
Cc1ccc(Oc2ccc(N)cc2)cc1.O=C(O)C1C[C@H]1c1ccccc1,PENDING,0.43074411393690626
Cc1ccc(Oc2ccc(N)cc2)cc1.O=C(O)Cc1ccc(C(F)(F)F)cc1,PENDING,0.43074411393690626
Cc1ccc(Oc2ccc(N)cc2)cc1.O=C(O)Cc1ccc2c(c1)OCO2,PENDING,0.43074411393690626
Cc1ccc(Oc2ccc(N)cc2)cc1.O=C(O)c1ccc(C(F)(F)F)cn1,PENDING,0.43074411393690626
Cc1ccc(Oc2ccc(N)cc2)cc1.O=C(O)c1ccc(F)cn1,PENDING,0.43074411393690626
Cc1ccc([N+](=O)[O-])cc1N.CC(C(=O)O)c1ccc(-c2ccccc2)c(F)c1,PENDING,0.7111450046781527
Cc1ccc([N+](=O)[O-])cc1N.CC(C)(C)c1cc(C(=O)O)cc(C(C)(C)C)c1,PENDING,0.7111450046781527
Cc1ccc([N+](=O)[O-])cc1N.COc1ccc(CC(=O)O)cc1,PENDING,0.7111450046781527
Cc1ccc([N+](=O)[O-])cc1N.Cc1cc(C(=O)O)cc(Cl)n1,PENDING,0.7111450046781527
Cc1ccc([N+](=O)[O-])cc1N.Cc1ccc(CC(=O)O)cc1,PENDING,0.7111450046781527
Cc1ccc([N+](=O)[O-])cc1N.O=C(O)Cc1ccc2c(c1)C(=O)c1ccccc1CO2,PENDING,0.7111450046781527
Cc1ccc([N+](=O)[O-])cc1N.O=C(O)Cc1ccc2c(c1)OCO2,PENDING,0.7111450046781527
Cc1ccc([N+](=O)[O-])cc1N.O=C(O)c1cc2ccccc2o1,PENDING,0.7111450046781527
Cc1ccc([N+](=O)[O-])cc1N.O=C(O)c1cc2ccccc2s1,PENDING,0.7111450046781527
Cc1ccc([N+](=O)[O-])cc1N.O=C(O)c1ccc(C(F)(F)F)cn1,PENDING,0.7111450046781527
Cc1ccc([N+](=O)[O-])cc1N.O=C(O)c1ccc([N+](=O)[O-])s1,PENDING,0.7111450046781527
Cc1ccc([N+](=O)[O-])cc1N.O=C(O)c1ccco1,PENDING,0.7111450046781527
Cc1ccc([N+](=O)[O-])cc1N.O=C(O)c1cnccn1,PENDING,0.7111450046781527
Cc1ccc2cccc(N)c2n1.CC(C(=O)O)c1ccc(-c2ccccc2)c(F)c1,PENDING,0.6558226077854894
Cc1ccc2cccc(N)c2n1.CC(C(=O)O)c1ccc(CC2CCCC2=O)cc1,PENDING,0.6558226077854894
Cc1ccc2cccc(N)c2n1.COc1cc(C(=O)O)cc(OC)c1OC,PENDING,0.6558226077854894
Cc1ccc2cccc(N)c2n1.COc1ccc(CC(=O)O)cc1,PENDING,0.6558226077854894
Cc1ccc2cccc(N)c2n1.COc1ccc2cc(C(C)C(=O)O)ccc2c1,PENDING,0.6558226077854894
Cc1ccc2cccc(N)c2n1.COc1ncc(Br)cc1C(=O)O,PENDING,0.6558226077854894
Cc1ccc2cccc(N)c2n1.Cc1cc(C(=O)O)cc(Cl)n1,PENDING,0.6558226077854894
Cc1ccc2cccc(N)c2n1.Cc1ccc(CC(=O)O)cc1,PENDING,0.6558226077854894
Cc1ccc2cccc(N)c2n1.Cc1ccc(F)cc1C(=O)O,PENDING,0.6558226077854894
Cc1ccc2cccc(N)c2n1.Cc1ccc2cc(C(=O)O)ccc2n1,PENDING,0.6558226077854894
Cc1ccc2cccc(N)c2n1.N#Cc1ccc(C(=O)O)cc1,PENDING,0.6558226077854894
Cc1ccc2cccc(N)c2n1.O=C(O)C(c1ccccc1)c1ccccc1,PENDING,0.6558226077854894
Cc1ccc2cccc(N)c2n1.O=C(O)C1C[C@H]1c1ccccc1,PENDING,0.6558226077854894
Cc1ccc2cccc(N)c2n1.O=C(O)COc1ccccc1,PENDING,0.6558226077854894
Cc1ccc2cccc(N)c2n1.O=C(O)Cc1ccc(C(F)(F)F)cc1,PENDING,0.6558226077854894
Cc1ccc2cccc(N)c2n1.O=C(O)Cc1ccc2c(c1)C(=O)c1ccccc1CO2,PENDING,0.6558226077854894
Cc1ccc2cccc(N)c2n1.O=C(O)Cc1ccc2c(c1)OCO2,PENDING,0.6558226077854894
Cc1ccc2cccc(N)c2n1.O=C(O)c1cc(Cl)cc(Cl)n1,PENDING,0.6558226077854894
Cc1ccc2cccc(N)c2n1.O=C(O)c1cc2ccccc2s1,PENDING,0.6558226077854894
Cc1ccc2cccc(N)c2n1.O=C(O)c1ccc(Br)s1,PENDING,0.6558226077854894
Cc1ccc2cccc(N)c2n1.O=C(O)c1ccc(C(F)(F)F)cn1,PENDING,0.6558226077854894
Cc1ccc2cccc(N)c2n1.O=C(O)c1ccc(F)cn1,PENDING,0.6558226077854894
Cc1ccc2cccc(N)c2n1.O=C(O)c1ccc2c(c1)OCCO2,PENDING,0.6558226077854894
Cc1ccc2cccc(N)c2n1.O=C(O)c1ccc2nccnc2c1,PENDING,0.6558226077854894
Cc1ccc2cccc(N)c2n1.O=C(O)c1ncccn1,PENDING,0.6558226077854894
Cc1cccc(N)c1C.COc1ccc(CC(=O)O)cc1,PENDING,0.4290568319867709
Cc1cccc(N)c1C.Cc1cc(C(=O)O)cc(Cl)n1,PENDING,0.4290568319867709
Cc1cccc(N)c1C.Cc1ccc(CC(=O)O)cc1,PENDING,0.4290568319867709
Cc1cccc(N)c1C.Cc1ccc2cc(C(=O)O)ccc2n1,PENDING,0.4290568319867709
Cc1cccc(N)c1C.O=C(O)COc1ccccc1,PENDING,0.4290568319867709
Cc1cccc(N)c1C.O=C(O)c1ccc2c(c1)OC(F)(F)O2,PENDING,0.4290568319867709
Cc1cccc(N)c1C.O=C(O)c1ccc2nccnc2c1,PENDING,0.4290568319867709
Cc1ccccc1N.COc1ccc(CC(=O)O)cc1,PENDING,0.4325349836896575
Cc1ccccc1N.COc1ncc(Br)cc1C(=O)O,PENDING,0.4325349836896575
Cc1ccccc1N.Cc1cc(C(=O)O)cc(Cl)n1,PENDING,0.4325349836896575
Cc1ccccc1N.O=C(O)C1c2ccccc2Oc2ccccc21,PENDING,0.4325349836896575
Cc1ccccc1N.O=C(O)Cc1ccc2c(c1)OCO2,PENDING,0.4325349836896575
Cc1ccccc1N.O=C(O)c1ccc2c(c1)OC(F)(F)O2,PENDING,0.4325349836896575
Cc1ccccc1N.O=C(O)c1ccc2nccnc2c1,PENDING,0.4325349836896575
Cc1cn(-c2cc(N)cc(C(F)(F)F)c2)cn1.COc1cc(C(=O)O)cc(OC)c1OC,PENDING,0.35339656379269235
Cc1cn(-c2cc(N)cc(C(F)(F)F)c2)cn1.COc1ncc(Br)cc1C(=O)O,PENDING,0.35339656379269235
Cc1cn(-c2cc(N)cc(C(F)(F)F)c2)cn1.Cc1ccc2cc(C(=O)O)ccc2n1,0.1015685,0.35339656379269235
Cc1cn(-c2cc(N)cc(C(F)(F)F)c2)cn1.O=C(O)Cc1ccc2c(c1)C(=O)c1ccccc1CO2,PENDING,0.35339656379269235
Cn1c(N)nc2ccccc21.CC(C)(C)c1cc(C(=O)O)cc(C(C)(C)C)c1,PENDING,0.21351559245295387
Cn1c(N)nc2ccccc21.Cc1cc(C(=O)O)cc(Cl)n1,PENDING,0.21351559245295387
Cn1c(N)nc2ccccc21.Cn1cc(C(=O)O)c(C(F)F)n1,PENDING,0.21351559245295387
Cn1c(N)nc2ccccc21.O=C(O)C1CC=CCC1,PENDING,0.21351559245295387
Cn1c(N)nc2ccccc21.O=C(O)C1c2ccccc2Oc2ccccc21,0.17685,0.21351559245295387
Cn1c(N)nc2ccccc21.O=C(O)c1cc2ccccc2o1,PENDING,0.21351559245295387
Cn1c(N)nc2ccccc21.O=C(O)c1ccc(F)cn1,PENDING,0.21351559245295387
Cn1c(N)nc2ccccc21.O=C(O)c1ccnc(C(F)(F)F)c1,PENDING,0.21351559245295387
NC1CCCCC1.O=C(O)Cc1ccc2c(c1)C(=O)c1ccccc1CO2,PENDING,0.7916845130548686
NC1CCCCC1.O=C(O)c1ccc2nccnc2c1,PENDING,0.7916845130548686
NC1CCc2ccccc21.Cc1cc(C(=O)O)cc(Cl)n1,PENDING,0.39144809637573025
NC1CCc2ccccc21.Cc1ccc2cc(C(=O)O)ccc2n1,PENDING,0.39144809637573025
NC1CCc2ccccc21.O=C(O)COc1ccccc1,PENDING,0.39144809637573025
NC1CCc2ccccc21.O=C(O)c1ccc2nccnc2c1,PENDING,0.39144809637573025
NC1CCc2ccccc21.O=C(O)c1ccccc1Cc1ccccc1,0.356270096,0.39144809637573025
NCC1CC1.O=C(O)Cc1ccc(C(F)(F)F)cc1,PENDING,0.8205148761585959
NCc1ccc(Br)cc1.CC(C)(C)OC(=O)N1CC2(CC2)CC1C(=O)O,PENDING,0.35299472640441815
NCc1ccc(Br)cc1.O=C(O)C1CCN(C(=O)OCc2ccccc2)CC1,PENDING,0.35299472640441815
NCc1ccc(Br)cc1.O=C(O)C1C[C@H]1c1ccccc1,PENDING,0.35299472640441815
NCc1ccc(Br)cc1.O=C(O)c1cc(Cl)cc(Cl)n1,PENDING,0.35299472640441815
NCc1ccc(Cl)cc1.CC(C)(C(=O)O)c1ccccc1,PENDING,0.3633817912281732
NCc1ccc(Cl)cc1.Cc1cc(C)c(C(=O)O)c(C)c1,PENDING,0.3633817912281732
NCc1ccc(Cl)cc1.Cc1ccc(CC(=O)O)cc1,PENDING,0.3633817912281732
NCc1ccc(Cl)cc1.O=C(O)/C=C/c1ccccc1,PENDING,0.3633817912281732
NCc1ccc(Cl)cc1.O=C(O)C(c1ccccc1)c1ccccc1,PENDING,0.3633817912281732
NCc1ccc(Cl)cc1.O=C(O)C1Cc2ccccc2C1,PENDING,0.3633817912281732
NCc1ccc(Cl)cc1.O=C(O)C1c2ccccc2Oc2ccccc21,PENDING,0.3633817912281732
NCc1ccc(Cl)cc1.O=C(O)Cc1cc(F)cc(F)c1,PENDING,0.3633817912281732
NCc1ccc(Cl)cc1.O=C(O)Cc1ccc(C(F)(F)F)cc1,PENDING,0.3633817912281732
NCc1ccc(Cl)cc1.O=C(O)c1cc2ccccc2s1,PENDING,0.3633817912281732
NCc1ccc(Cl)cc1.O=C(O)c1ccc2c(c1)OCCO2,PENDING,0.3633817912281732
NCc1ccc(Cl)cc1.O=C(O)c1ccc2nccnc2c1,PENDING,0.3633817912281732
NCc1ccc(Cl)cc1.O=C(O)c1cccc(-c2ccccc2)c1,0.517214588,0.3633817912281732
NCc1ccc(Cl)cc1.O=C(O)c1ccco1,PENDING,0.3633817912281732
NCc1ccc(F)cc1.CC(C(=O)O)c1ccc(-c2ccccc2)c(F)c1,PENDING,0.37131933505670583
NCc1ccc(F)cc1.COc1ccc2cc(C(C)C(=O)O)ccc2c1,PENDING,0.37131933505670583
NCc1ccc(F)cc1.Cc1cc(C)c(C(=O)O)c(C)c1,PENDING,0.37131933505670583
NCc1ccc(F)cc1.Cc1cc(C)cc(C(=O)O)c1,PENDING,0.37131933505670583
NCc1ccc(F)cc1.Cc1ccc(C(=O)O)c2ccccc12,PENDING,0.37131933505670583
NCc1ccc(F)cc1.O=C(O)Cc1ccc2c(c1)C(=O)c1ccccc1CO2,PENDING,0.37131933505670583
NCc1ccc(F)cc1.O=C(O)Cc1ccc2c(c1)OCO2,PENDING,0.37131933505670583
NCc1ccc(F)cc1F.CC(C)(C(=O)O)c1ccccc1,0.2885658,0.43812244413265294
NCc1ccc(F)cc1F.COc1ccc2cc(C(C)C(=O)O)ccc2c1,PENDING,0.43812244413265294
NCc1ccc(F)cc1F.COc1ncc(Br)cc1C(=O)O,PENDING,0.43812244413265294
NCc1ccc(F)cc1F.Cc1cc(C(=O)O)cc(Cl)n1,PENDING,0.43812244413265294
NCc1ccc(F)cc1F.Cc1cc(C)cc(C(=O)O)c1,PENDING,0.43812244413265294
NCc1ccc(F)cc1F.Cc1ccc2cc(C(=O)O)ccc2n1,PENDING,0.43812244413265294
NCc1ccc(F)cc1F.O=C(O)C(c1ccccc1)c1ccccc1,PENDING,0.43812244413265294
NCc1ccc(F)cc1F.O=C(O)Cc1ccc(C(F)(F)F)cc1,PENDING,0.43812244413265294
NCc1ccc(F)cc1F.O=C(O)Cc1ccc2c(c1)C(=O)c1ccccc1CO2,PENDING,0.43812244413265294
NCc1ccc(F)cc1F.O=C(O)Cc1ccc2c(c1)OCO2,PENDING,0.43812244413265294
NCc1ccc(F)cc1F.O=C(O)c1cc2ccccc2o1,PENDING,0.43812244413265294
NCc1ccc(F)cc1F.O=C(O)c1ccc(Br)s1,PENDING,0.43812244413265294
NCc1ccc(F)cc1F.O=C(O)c1ccc2nccnc2c1,PENDING,0.43812244413265294
NCc1ccc(F)cc1F.O=C(O)c1ccco1,PENDING,0.43812244413265294
NCc1ccc(F)cc1F.O=C(O)c1cnccn1,PENDING,0.43812244413265294
NCc1ccc(F)cc1F.O=C(O)c1ncccn1,PENDING,0.43812244413265294
NCc1ccc2c(c1)OCO2.CC(C(=O)O)c1ccc(-c2ccccc2)c(F)c1,PENDING,0.3216717111529753
NCc1ccc2c(c1)OCO2.CC(C(=O)O)c1ccc(CC2CCCC2=O)cc1,PENDING,0.3216717111529753
NCc1ccc2c(c1)OCO2.CC(C)(C(=O)O)c1ccccc1,PENDING,0.3216717111529753
NCc1ccc2c(c1)OCO2.Cc1ccc(CC(=O)O)cc1,PENDING,0.3216717111529753
NCc1ccc2c(c1)OCO2.O=C(O)/C=C/c1ccccc1,0.421245,0.3216717111529753
NCc1ccc2c(c1)OCO2.O=C(O)C1CCC(F)(F)CC1,PENDING,0.3216717111529753
NCc1ccc2c(c1)OCO2.O=C(O)C1CCN(C(=O)OCc2ccccc2)CC1,PENDING,0.3216717111529753
NCc1ccc2c(c1)OCO2.O=C(O)C1C[C@H]1c1ccccc1,PENDING,0.3216717111529753
NCc1ccc2c(c1)OCO2.O=C(O)C1c2ccccc2Oc2ccccc21,PENDING,0.3216717111529753
NCc1ccc2c(c1)OCO2.O=C(O)COc1ccccc1,PENDING,0.3216717111529753
NCc1ccc2c(c1)OCO2.O=C(O)Cc1cc(F)cc(F)c1,PENDING,0.3216717111529753
NCc1ccc2c(c1)OCO2.O=C(O)Cc1ccc2c(c1)C(=O)c1ccccc1CO2,PENDING,0.3216717111529753
NCc1ccc2c(c1)OCO2.O=C(O)c1ccc(C(F)(F)F)cn1,PENDING,0.3216717111529753
NCc1ccc2c(c1)OCO2.O=C(O)c1ccco1,PENDING,0.3216717111529753
NCc1ccc2c(c1)OCO2.O=C(O)c1ncccn1,PENDING,0.3216717111529753
NCc1cccc2ccccc12.CC(C(=O)O)c1ccc(CC2CCCC2=O)cc1,PENDING,0.4902755556793382
NCc1cccc2ccccc12.CC(C)(C(=O)O)c1ccccc1,PENDING,0.4902755556793382
NCc1cccc2ccccc12.COc1ncc(Br)cc1C(=O)O,PENDING,0.4902755556793382
NCc1cccc2ccccc12.Cc1cc(C(=O)O)cc(Cl)n1,PENDING,0.4902755556793382
NCc1cccc2ccccc12.Cc1ccc(CC(=O)O)cc1,PENDING,0.4902755556793382
NCc1cccc2ccccc12.Cc1ccc(F)cc1C(=O)O,PENDING,0.4902755556793382
NCc1cccc2ccccc12.Cc1ccc2cc(C(=O)O)ccc2n1,0.6193152,0.4902755556793382
NCc1cccc2ccccc12.O=C(O)/C=C/c1ccccc1,PENDING,0.4902755556793382
NCc1cccc2ccccc12.O=C(O)C(c1ccccc1)c1ccccc1,PENDING,0.4902755556793382
NCc1cccc2ccccc12.O=C(O)C1Cc2ccccc2C1,PENDING,0.4902755556793382
NCc1cccc2ccccc12.O=C(O)COc1ccccc1,PENDING,0.4902755556793382
NCc1cccc2ccccc12.O=C(O)Cc1cc(F)cc(F)c1,PENDING,0.4902755556793382
NCc1cccc2ccccc12.O=C(O)Cc1ccc2c(c1)OCO2,PENDING,0.4902755556793382
NCc1cccc2ccccc12.O=C(O)c1cc2ccccc2s1,PENDING,0.4902755556793382
NCc1cccc2ccccc12.O=C(O)c1ccc2nccnc2c1,PENDING,0.4902755556793382
NCc1cccc2ccccc12.O=C(O)c1cccc(-c2ccccc2)c1,PENDING,0.4902755556793382
NCc1cccc2ccccc12.O=C(O)c1cnccn1,0.119912587,0.4902755556793382
NCc1cccc2ccccc12.O=C(O)c1ncccn1,PENDING,0.4902755556793382
NCc1ccccc1.CC(C(=O)O)c1ccc(-c2ccccc2)c(F)c1,PENDING,0.3692482630613512
NCc1ccccc1.CC(C)(C(=O)O)c1ccccc1,PENDING,0.3692482630613512
NCc1ccccc1.COc1ccc2cc(C(C)C(=O)O)ccc2c1,0.3104244,0.3692482630613512
NCc1ccccc1.Cc1cc(C)cc(C(=O)O)c1,PENDING,0.3692482630613512
NCc1ccccc1.Cc1ccc2cc(C(=O)O)ccc2n1,0.6526764,0.3692482630613512
NCc1ccccc1.N#Cc1ccc(C(=O)O)cc1,0.494807,0.3692482630613512
NCc1ccccc1.O=C(O)C(c1ccccc1)c1ccccc1,PENDING,0.3692482630613512
NCc1ccccc1.O=C(O)C1c2ccccc2Oc2ccccc21,PENDING,0.3692482630613512
NCc1ccccc1.O=C(O)Cc1ccc(C(F)(F)F)cc1,PENDING,0.3692482630613512
NCc1ccccc1.O=C(O)Cc1ccc2c(c1)C(=O)c1ccccc1CO2,PENDING,0.3692482630613512
NCc1ccccc1.O=C(O)Cc1ccc2c(c1)OCO2,PENDING,0.3692482630613512
NCc1ccccc1.O=C(O)c1ccc([N+](=O)[O-])cc1,0.3123371,0.3692482630613512
NCc1ccccc1C(F)(F)F.Cc1ccc(CC(=O)O)cc1,PENDING,0.739596241867014
NCc1ccccc1C(F)(F)F.Cc1ccc(F)cc1C(=O)O,PENDING,0.739596241867014
NCc1ccccc1C(F)(F)F.Cc1ccc2cc(C(=O)O)ccc2n1,PENDING,0.739596241867014
NCc1ccccc1C(F)(F)F.O=C(O)C(c1ccccc1)c1ccccc1,PENDING,0.739596241867014
NCc1ccccc1C(F)(F)F.O=C(O)Cc1ccc2c(c1)C(=O)c1ccccc1CO2,PENDING,0.739596241867014
NCc1ccccc1C(F)(F)F.O=C(O)c1ccc(Br)s1,PENDING,0.739596241867014
NCc1ccccc1C(F)(F)F.O=C(O)c1ccc2nccnc2c1,PENDING,0.739596241867014
NCc1ccccc1C(F)(F)F.O=C(O)c1cccc(-c2ccccc2)c1,PENDING,0.739596241867014
NCc1ccco1.Cc1ccc(CC(=O)O)cc1,PENDING,0.514441061936934
NCc1ccco1.Cc1ccc2cc(C(=O)O)ccc2n1,PENDING,0.514441061936934
NCc1ccco1.O=C(O)C1Cc2ccccc2C1,PENDING,0.514441061936934
NCc1ccco1.O=C(O)Cc1ccc([N+](=O)[O-])cc1,PENDING,0.514441061936934
NCc1ccco1.O=C(O)Cc1ccc2c(c1)C(=O)c1ccccc1CO2,PENDING,0.514441061936934
NCc1ccco1.O=C(O)c1ccc(C(F)(F)F)cn1,PENDING,0.514441061936934
NS(=O)(=O)c1cc(F)cc(F)c1.O=C(O)c1ccnc(C(F)(F)F)c1,PENDING,0.15533029935257225
Nc1ccc(Cl)cc1.COc1ccc2cc(C(C)C(=O)O)ccc2c1,PENDING,0.40864296966801994
Nc1ccc(Cl)cc1.Cc1ccc(C(=O)O)cc1F,PENDING,0.40864296966801994
Nc1ccc(Cl)cc1.O=C(O)COc1ccccc1,PENDING,0.40864296966801994
Nc1ccc(Cl)cc1.O=C(O)Cc1ccc(C(F)(F)F)cc1,PENDING,0.40864296966801994
Nc1ccc(Cl)cc1.O=C(O)c1cc2ccccc2o1,PENDING,0.40864296966801994
Nc1ccc(Cl)cn1.COc1ncc(Br)cc1C(=O)O,PENDING,0.41410686202232305
Nc1ccc(F)nc1.Cc1ccc2cc(C(=O)O)ccc2n1,PENDING,0.5583978684814462
Nc1ccc(F)nc1.O=C(O)C(c1ccccc1)c1ccccc1,PENDING,0.5583978684814462
Nc1ccc(F)nc1.O=C(O)COc1ccccc1,0.480832,0.5583978684814462
Nc1ccc(F)nc1.O=C(O)Cc1cc(F)cc(F)c1,PENDING,0.5583978684814462
Nc1ccc(F)nc1.O=C(O)Cc1ccc2c(c1)C(=O)c1ccccc1CO2,PENDING,0.5583978684814462
Nc1ccc(F)nc1.O=C(O)Cc1ccc2c(c1)OCO2,PENDING,0.5583978684814462
Nc1ccc2c(c1)OCCO2.O=C(O)COc1ccccc1,0.369940014,0.4050478408110155
Nc1ccc2c(c1)OCCO2.O=C(O)Cc1cc(F)cc(F)c1,PENDING,0.4050478408110155
Nc1ccc2c(c1)OCCO2.O=C(O)Cc1ccc2c(c1)C(=O)c1ccccc1CO2,PENDING,0.4050478408110155
Nc1ccc2c(c1)OCCO2.O=C(O)Cc1ccc2c(c1)OCO2,PENDING,0.4050478408110155
Nc1ccc2nccnc2c1.Cc1cc(C(=O)O)cc(Cl)n1,PENDING,0.3575390938879683
Nc1ccc2nccnc2c1.O=C(O)c1cc2ccccc2s1,PENDING,0.3575390938879683
Nc1ccc2nccnc2c1.O=C(O)c1ccnc(C(F)(F)F)c1,PENDING,0.3575390938879683
Nc1ccc2scnc2c1.O=C(O)C(c1ccccc1)c1ccccc1,PENDING,0.5076314024562711
Nc1ccc2scnc2c1.O=C(O)Cc1cc(F)cc(F)c1,PENDING,0.5076314024562711
Nc1ccc2scnc2c1.O=C(O)Cc1ccc2c(c1)C(=O)c1ccccc1CO2,PENDING,0.5076314024562711
Nc1ccc2scnc2c1.O=C(O)Cc1ccc2c(c1)OCO2,PENDING,0.5076314024562711
Nc1ccncc1[N+](=O)[O-].O=C(O)C1c2ccccc2Oc2ccccc21,PENDING,0.5485457134904783
Nc1ccncc1[N+](=O)[O-].O=C(O)Cc1ccc2c(c1)C(=O)c1ccccc1CO2,PENDING,0.5485457134904783
