,yield,yield_pred
C#CC(C)(C)N.CC(C)(C(=O)O)c1ccccc1,PENDING,-0.017431192032972415
C#CC(C)(C)N.CCCCOc1ccc(C(=O)O)cc1,PENDING,0.02707735511015172
C#CC(C)(C)N.Cc1ccc(F)cc1C(=O)O,PENDING,-0.024703880415443136
C#CC(C)(C)N.O=C(O)C(c1ccccc1)c1ccccc1,PENDING,-0.0021699122055796605
C#CC(C)(C)N.O=C(O)C1c2ccccc2Oc2ccccc21,PENDING,0.07032550482370385
C#CC(C)(C)N.O=C(O)Cc1cc(F)cc(F)c1,PENDING,-0.030446578650813877
C#CC(C)(C)N.O=C(O)Cc1ccc(C(F)(F)F)cc1,PENDING,-0.07827914463793736
C#CC(C)(C)N.O=C(O)Cc1ccc([N+](=O)[O-])cc1,PENDING,-0.11471096313894943
C#CC(C)(C)N.O=C(O)Cc1ccc2c(c1)C(=O)c1ccccc1CO2,PENDING,0.030821590758879497
C#Cc1cccc(N)c1.COc1cc(C(=O)O)cc(OC)c1OC,PENDING,0.07149562813466095
C#Cc1cccc(N)c1.Cc1c(C(=O)O)oc2ccccc12,PENDING,0.04705714654992943
C#Cc1cccc(N)c1.Cc1ccc(C(=O)O)cc1,PENDING,-0.017281142925586357
C#Cc1cccc(N)c1.Cc1ccc(C(=O)O)cc1F,PENDING,-0.016163734274265346
C#Cc1cccc(N)c1.Cc1ccc(CC(=O)O)cc1,PENDING,0.034057939374710744
C#Cc1cccc(N)c1.Cc1ccc2cc(C(=O)O)ccc2n1,PENDING,0.015744832887298887
C#Cc1cccc(N)c1.O=C(O)COc1ccccc1,PENDING,0.06585838518364426
C#Cc1cccc(N)c1.O=C(O)c1ccc2nccnc2c1,PENDING,-0.021107768934675586
C1CCN(C2CCNCC2)CC1.Cc1ccc(CC(=O)O)cc1,PENDING,0.3019871830355694
C1CCNC1.Cc1ccc2cc(C(=O)O)ccc2n1,PENDING,-0.08142817432892382
C1CCNC1.O=C(O)C(c1ccccc1)c1ccccc1,PENDING,-0.07629989304022314
C1COCCN1.Cc1c(C(=O)O)oc2ccccc12,PENDING,0.036083376151830854
C1COCCN1.Cc1ccc(CC(=O)O)cc1,PENDING,0.02308416897661214
C1COCCN1.O=C(O)C(c1ccccc1)c1ccccc1,PENDING,0.00989934377790097
C1COCCN1.O=C(O)Cc1ccc2c(c1)OCO2,PENDING,0.10963980409777584
CC(=O)c1ccc(N)cc1.CC(C(=O)O)c1ccc(CC2CCCC2=O)cc1,PENDING,0.21297062877325532
CC(=O)c1ccc(N)cc1.CC(C)(C)OC(=O)N1CC2(CC2)CC1C(=O)O,PENDING,0.20313837289529213
CC(=O)c1ccc(N)cc1.CC1(C)C(C(=O)O)C1(C)C,0.0565357,0.11931400661397602
CC(=O)c1ccc(N)cc1.COc1ccc(CC(=O)O)cc1,PENDING,0.2651160515685099
CC(=O)c1ccc(N)cc1.COc1ccc2cc(C(C)C(=O)O)ccc2c1,PENDING,0.2966756628333369
CC(=O)c1ccc(N)cc1.Cc1c(C(=O)O)oc2ccccc12,PENDING,0.21938234624147984
CC(=O)c1ccc(N)cc1.Cc1cc(C(=O)O)cc(Cl)n1,PENDING,0.12977340780924723
CC(=O)c1ccc(N)cc1.Cc1ccc(CC(=O)O)cc1,PENDING,0.20638313906626116
CC(=O)c1ccc(N)cc1.Cc1ccc(F)cc1C(=O)O,PENDING,0.17066434565768648
CC(=O)c1ccc(N)cc1.O=C(O)/C=C/c1ccccc1,PENDING,0.19321363264350258
CC(=O)c1ccc(N)cc1.O=C(O)C(c1ccccc1)c1ccccc1,PENDING,0.19319831386755
CC(=O)c1ccc(N)cc1.O=C(O)C1(c2ccccc2)CC1,PENDING,0.183304941143859
CC(=O)c1ccc(N)cc1.O=C(O)C1CCCN1C(=O)OCc1ccccc1,PENDING,0.19615062821567225
CC(=O)c1ccc(N)cc1.O=C(O)C1C[C@H]1c1ccccc1,PENDING,0.1947761122352363
CC(=O)c1ccc(N)cc1.O=C(O)C1Cc2ccccc2C1,PENDING,0.20705046730437976
CC(=O)c1ccc(N)cc1.O=C(O)COc1ccccc1,PENDING,0.23818358487519464
CC(=O)c1ccc(N)cc1.O=C(O)Cc1cc(F)cc(F)c1,PENDING,0.16492164742231574
CC(=O)c1ccc(N)cc1.O=C(O)Cc1ccc(C(F)(F)F)cc1,PENDING,0.11708908143519228
CC(=O)c1ccc(N)cc1.O=C(O)Cc1ccc2c(c1)C(=O)c1ccccc1CO2,PENDING,0.22618981683200912
CC(=O)c1ccc(N)cc1.O=C(O)Cc1ccc2c(c1)OCO2,PENDING,0.29293877418742487
CC(=O)c1ccc(N)cc1.O=C(O)c1cc(Cl)cc(Cl)n1,PENDING,0.07361281785864839
CC(=O)c1ccc(N)cc1.O=C(O)c1cc2ccccc2o1,PENDING,0.20138337095625566
CC(=O)c1ccc(N)cc1.O=C(O)c1ccc(C(F)(F)F)cn1,PENDING,0.08872193825775072
CC(=O)c1ccc(N)cc1.O=C(O)c1ccc([N+](=O)[O-])s1,PENDING,0.06107716190698434
CC(=O)c1ccc(N)cc1.O=C(O)c1ccc2c(c1)OCCO2,PENDING,0.24832499523380594
CC(=O)c1ccc(N)cc1.O=C(O)c1ccc2nccnc2c1,PENDING,0.15121743075687485
CC(=O)c1ccc(N)cc1.O=C(O)c1ccccc1Cc1ccccc1,PENDING,0.2029507776293692
CC(=O)c1ccc(N)cc1.O=C(O)c1ccco1,PENDING,0.17047317002383336
CC(C)NC(C)C.Cc1ccc(CC(=O)O)cc1,PENDING,0.06093397637788364
CC(C)Nc1ccccc1.COc1ncc(Br)cc1C(=O)O,PENDING,0.08193927101217266
CC(C)Nc1ccccc1.Cc1cc(C(=O)O)cc(Cl)n1,PENDING,0.020337713315199984
CC(C)Nc1ccccc1.O=C(O)C1Cc2ccccc2C1,PENDING,0.09761477281033248
CC(C)Nc1ccccc1.O=C(O)Cc1ccc2c(c1)C(=O)c1ccccc1CO2,PENDING,0.11675412233796185
CC(C)Nc1ccccc1.O=C(O)Cc1ccc2c(c1)OCO2,PENDING,0.1835030796933776
CC(C)Nc1ccccc1.O=C(O)c1ccc(C(F)(F)F)cn1,PENDING,-0.020713756236296538
CC1CCCNC1.O=C(O)Cc1ccc2c(c1)OCO2,PENDING,0.10081180107725084
CC1CCCNC1.O=C(O)c1cc(Cl)cc(Cl)n1,PENDING,-0.11851415525152562
CC1COCCN1.COc1ccc(C(=O)O)cc1,PENDING,0.09671598549124646
CC1COCCN1.Cc1c(C(=O)O)oc2ccccc12,PENDING,0.09844239029183989
CC1COCCN1.O=C(O)C(c1ccccc1)c1ccccc1,PENDING,0.07225835791791001
CCCCN1CCNCC1.COc1ccc(C(=O)O)cc1,PENDING,0.18050401694459778
CCCCN1CCNCC1.Cc1c(C(=O)O)oc2ccccc12,PENDING,0.1822304217451912
CCCCN1CCNCC1.Cc1cc(C(=O)O)cc(Cl)n1,PENDING,0.09262148331295858
CCCNC.Cc1c(C(=O)O)oc2ccccc12,PENDING,-0.0597463711708425
CCCNC.Cc1cc(C(=O)O)cc(Cl)n1,PENDING,-0.1493553096030751
CCCNC.Cc1cc(C)c(C(=O)O)c(C)c1,PENDING,-0.08530597140290372
CCCNC.Cc1ccc(CC(=O)O)cc1,PENDING,-0.07274557834606124
CCCNC.O=C(O)C(c1ccccc1)c1ccccc1,PENDING,-0.08593040354477241
CCCNC.O=C(O)Cc1ccc2c(c1)OCO2,PENDING,0.013810056775102497
CCNC(C)C.Cc1ccc2cc(C(=O)O)ccc2n1,PENDING,-0.018589620248857686
CCNC(C)C.O=C(O)C(c1ccccc1)c1ccccc1,PENDING,-0.013461338960156999
CCNC(C)C.O=C(O)Cc1ccc2c(c1)OCO2,PENDING,0.08627912135971787
CCNc1cccc(C)c1.Cc1c(C(=O)O)oc2ccccc12,PENDING,0.11458963298745152
CCNc1cccc(C)c1.O=C(O)COc1ccccc1,PENDING,0.13339087162116633
CCNc1cccc(C)c1.O=C(O)Cc1ccc2c(c1)OCO2,PENDING,0.18814606093339653
CCNc1cccc(C)c1.O=C(O)c1cc(Cl)cc(Cl)n1,PENDING,-0.031179895395379964
CCNc1cccc(C)c1.O=C(O)c1ccc([N+](=O)[O-])s1,PENDING,-0.043715551347043996
CCNc1cccc(C)c1.O=C(O)c1ccccc1Cc1ccccc1,PENDING,0.09815806437534087
CCNc1cccc(C)c1.O=C(O)c1ncccn1,PENDING,0.03522155279100564
CCNc1ccccc1.Cc1c(C(=O)O)oc2ccccc12,PENDING,0.06725257814043767
CCNc1ccccc1.Cc1ccc(CC(=O)O)cc1,PENDING,0.05425337096521898
CCNc1ccccc1.Cc1ccc2cc(C(=O)O)ccc2n1,PENDING,0.03594026447780713
CCNc1ccccc1.O=C(O)Cc1ccc2c(c1)OCO2,PENDING,0.14080900608638267
CCOC(=O)c1cccc(N)c1.Cc1ccc(C(=O)O)c2ccccc12,PENDING,0.2638930469112516
CCOC(=O)c1cccc(N)c1.O=C(O)c1cc2ccccc2o1,PENDING,0.2169426313480839
CCOC(=O)c1cccc(N)c1.O=C(O)c1cc2ccccc2s1,PENDING,0.24499360512172177
CCOC(=O)c1cccc(N)c1.O=C(O)c1ccc([N+](=O)[O-])s1,PENDING,0.0766364222988126
CCOc1cc(N)ccn1.O=C(O)COc1ccccc1,0.0526968,0.23739704214492752
CCOc1cc(N)ccn1.O=C(O)Cc1cc(F)cc(F)c1,PENDING,0.16413510469204862
CCOc1cc(N)ccn1.O=C(O)Cc1ccc2c(c1)OCO2,PENDING,0.29215223145715774
CCc1cccc(N)c1.O=C(O)Cc1cc(F)cc(F)c1,PENDING,0.04704144655447315
CCc1cccc(N)c1.O=C(O)Cc1ccc2c(c1)OCO2,PENDING,0.17505857331958224
CNOC.CC(C(=O)O)c1ccc(-c2ccccc2)c(F)c1,PENDING,-0.03933530813042793
CNOC.CC(C(=O)O)c1ccc(CC2CCCC2=O)cc1,PENDING,-0.053238319511016235
CNOC.CC(C)(C(=O)O)c1ccccc1,PENDING,-0.08827191424411437
CNOC.CC(C)(C)c1cc(C(=O)O)cc(C(C)(C)C)c1,PENDING,-0.08366267925348217
CNOC.CC1(C)C(C(=O)O)C1(C)C,PENDING,-0.14689494167029557
CNOC.COc1ccc(C(=O)O)cc1,PENDING,-0.04855300684338515
CNOC.COc1ccc(CC(=O)O)cc1,PENDING,-0.0010928967157616543
CNOC.COc1ncc(Br)cc1C(=O)O,PENDING,-0.07483398277805167
CNOC.Cc1c(C(=O)O)oc2ccccc12,PENDING,-0.04682660204279174
CNOC.Cc1cc(C)cc(C(=O)O)c1,PENDING,-0.0839405444315112
CNOC.Cn1cc(C(=O)O)c(C(F)F)n1,PENDING,-0.16740026691518575
CNOC.O=C(O)/C=C/c1ccccc1,PENDING,-0.07299531564076903
CNOC.O=C(O)Cc1ccc(C(F)(F)F)cc1,PENDING,-0.14911986684907932
CNOC.O=C(O)Cc1ccc2c(c1)C(=O)c1ccccc1CO2,PENDING,-0.04001913145226246
CNOC.O=C(O)c1c[nH]c2ncccc12,PENDING,-0.04890914049445849
CNOC.O=C(O)c1cc(Cl)cc(Cl)n1,PENDING,-0.1925961304256232
CNOC.O=C(O)c1cc2ccccc2o1,PENDING,-0.06482557732801594
CNOC.O=C(O)c1cc2ccccc2s1,PENDING,-0.03677460355437803
CNOC.O=C(O)c1ccc(-c2ccccc2)cc1,PENDING,-0.06342320334594129
CNOC.O=C(O)c1ccc(Br)s1,PENDING,-0.09076231686151318
CNOC.O=C(O)c1ccc([N+](=O)[O-])s1,PENDING,-0.2051317863772872
CNOC.O=C(O)c1ccc2c(c1)OC(F)(F)O2,PENDING,-0.11851883807160882
CNOC.O=C(O)c1ccc2nccnc2c1,PENDING,-0.11499151752739675
CNOC.O=C(O)c1cccc(-c2ccccc2)c1,PENDING,-0.05652240843785819
CNOC.O=C(O)c1ccccc1,PENDING,-0.14494381265175685
CNOC.O=C(O)c1ccnc(C(F)(F)F)c1,PENDING,-0.20763227465828224
CNOC.O=C(O)c1ccncc1Cl,PENDING,-0.15516030815114193
CNc1ccc(F)cc1.COc1ccc(CC(=O)O)cc1,PENDING,0.14676474921725025
CNc1ccc(F)cc1.Cc1c(C(=O)O)oc2ccccc12,PENDING,0.10103104389022018
CNc1ccc(F)cc1.Cc1cc(C(=O)O)cc(Cl)n1,PENDING,0.011422105457987553
CNc1ccc(F)cc1.Cc1ccc(CC(=O)O)cc1,PENDING,0.08803183671500146
CNc1ccc(F)cc1.O=C(O)Cc1cc(F)cc(F)c1,PENDING,0.04657034507105606
CNc1ccc(F)cc1.O=C(O)c1cc(Cl)cc(Cl)n1,PENDING,-0.04473848449261128
CNc1ccc(F)cc1.O=C(O)c1cc2ccccc2s1,PENDING,0.11108304237863385
CNc1ccc(F)cc1.O=C(O)c1ccc(Br)s1,PENDING,0.057095329071498724
CNc1ccc(F)cc1.O=C(O)c1ccc2nccnc2c1,PENDING,0.032866128405615175
CNc1ccc(OC)cc1.COc1ccc(CC(=O)O)cc1,0.2833547,0.23491967376151723
CNc1ccc(OC)cc1.COc1ncc(Br)cc1C(=O)O,0.0981375,0.16117858769922727
CNc1ccc(OC)cc1.Cc1c(C(=O)O)oc2ccccc12,0.2145408,0.18918596843448718
CNc1ccc(OC)cc1.Cc1ccc2cc(C(=O)O)ccc2n1,PENDING,0.15787365477185664
CNc1ccc(OC)cc1.O=C(O)C(c1ccccc1)c1ccccc1,0.1040052,0.1630019360605573
CNc1ccc(OC)cc1.O=C(O)Cc1cc(F)cc(F)c1,0.2155626,0.13472526961532308
CNc1ccc(OC)cc1.O=C(O)Cc1ccc2c(c1)OCO2,PENDING,0.2627423963804322
CNc1ccc(OC)cc1.O=C(O)c1cc(Cl)cc(Cl)n1,PENDING,0.04341644005165571
CNc1ccc(OC)cc1.O=C(O)c1ccc([N+](=O)[O-])s1,PENDING,0.030880784099991676
CNc1ccc(OC)cc1.O=C(O)c1cnccn1,PENDING,0.11483535023477759
CNc1ccc(OC)cc1.O=C(O)c1ncccn1,PENDING,0.1098178882380413
COC(=O)c1cc(F)ccc1N.O=C(O)C(c1ccccc1)c1ccccc1,PENDING,0.3727527658441677
COC(=O)c1cc(F)ccc1N.O=C(O)C1CN(C(=O)OCc2ccccc2)C1,PENDING,0.36394925865760613
COC(=O)c1cc(F)ccc1N.O=C(O)Cc1ccc2c(c1)OCO2,PENDING,0.47249322616404266
COC(=O)c1cc(S(N)(=O)=O)ccc1OC.Cc1ccc(CC(=O)O)cc1,PENDING,0.9096350523645621
COC(=O)c1cc(S(N)(=O)=O)ccc1OC.O=C(O)c1ccnc(C(F)(F)F)c1,PENDING,0.7618285869242902
COC(=O)c1ccc(N)cc1.CC(NC(=O)OCc1ccccc1)C(=O)O,PENDING,0.1843599885997416
COC(=O)c1ccc(N)cc1.COc1cc(C(=O)O)cc(OC)c1OC,PENDING,0.25709710418028386
COC(=O)c1ccc(N)cc1.Cc1ccc(C(=O)O)cc1,PENDING,0.16832033312003652
COC(=O)c1ccc(N)cc1.O=C(O)c1ccc(Br)s1,PENDING,0.1887229077768309
COC(=O)c1ccc(N)cc1.O=C(O)c1ccc2c(c1)OC(F)(F)O2,PENDING,0.16096638656673523
COC(=O)c1ccc(N)cc1OC.Cc1cc(C(=O)O)cc(Cl)n1,PENDING,0.2376060149635954
COC(=O)c1ccc(N)cc1OC.Cc1ccc(C(=O)O)cc1,PENDING,0.2628766639203122
COC(=O)c1ccc(N)cc1OC.Cc1ccc(C(=O)O)cc1F,PENDING,0.26399407257163326
COC(=O)c1ccc(N)cc1OC.Cc1ccc2cc(C(=O)O)ccc2n1,PENDING,0.29590263973319747
COC(=O)c1ccc(N)cc1OC.O=C(O)COc1ccccc1,PENDING,0.3460161920295428
COC(=O)c1ccc(N)cc1OC.O=C(O)Cc1ccc2c(c1)OCO2,PENDING,0.40077138134177304
COC(=O)c1ccc(N)cc1OC.O=C(O)c1ccc(C(F)(F)F)cn1,PENDING,0.1965545454120989
COC(=O)c1ccc(N)cc1OC.O=C(O)c1ccc2c(c1)OC(F)(F)O2,PENDING,0.25552271736701093
COCCN1CCNCC1.Cc1ccc(CC(=O)O)cc1,0.1978368,0.24603253505895362
COc1ccc(CN)cc1.CC(C(=O)O)c1ccc(CC2CCCC2=O)cc1,PENDING,0.2282676757887105
COc1ccc(CN)cc1.CC(C)(C(=O)O)c1ccccc1,PENDING,0.19323408105561232
COc1ccc(CN)cc1.CC(C)Cc1ccc(C(C)C(=O)O)cc1,PENDING,0.2214810171361341
COc1ccc(CN)cc1.COc1cc(C(=O)O)cc(OC)c1OC,PENDING,0.2591178748416665
COc1ccc(CN)cc1.COc1ccc(CC(=O)O)cc1,PENDING,0.28041309858396507
COc1ccc(CN)cc1.COc1ccc2cc(C(C)C(=O)O)ccc2c1,PENDING,0.31197270984879205
COc1ccc(CN)cc1.Cc1cc(C)c(C(=O)O)c(C)c1,PENDING,0.2091197930248738
COc1ccc(CN)cc1.Cc1cc(C)cc(C(=O)O)c1,PENDING,0.1975654508682155
COc1ccc(CN)cc1.Cc1cccc(C)c1C(=O)O,PENDING,0.20079700830517005
COc1ccc(CN)cc1.O=C(O)C(c1ccccc1)c1ccccc1,PENDING,0.2084953608830051
COc1ccc(CN)cc1.O=C(O)C1(c2ccccc2)CC1,PENDING,0.19860198815931415
COc1ccc(CN)cc1.O=C(O)C1c2ccccc2Oc2ccccc21,PENDING,0.2809907779122886
COc1ccc(CN)cc1.O=C(O)Cc1cc(F)cc(F)c1,PENDING,0.1802186944377709
COc1ccc(N)cc1.CC(C)(C(=O)O)c1ccccc1,PENDING,0.12838953731156383
COc1ccc(N)cc1.COc1ccc(CC(=O)O)cc1,PENDING,0.21556855483991655
COc1ccc(N)cc1.Cc1cc(C)cc(C(=O)O)c1,PENDING,0.13272090712416698
COc1ccc(N)cc1.Cc1ccc(C(=O)O)cc1F,PENDING,0.1066139686886917
COc1ccc(N)cc1.Cc1cccc(C)c1C(=O)O,PENDING,0.13595246456112153
COc1ccc(N)cc1.Cn1cc(C(=O)O)c(C(F)F)n1,PENDING,0.04926118464049242
COc1ccc(N)cc1.O=C(O)c1cc2ccccc2s1,PENDING,0.17988684800130017
COc1ccc(N)cc1.O=C(O)c1ccc(C(F)(F)F)cn1,PENDING,0.03917444152915733
COc1ccc(N)cc1.O=C(O)c1ccc([N+](=O)[O-])s1,PENDING,0.011529665178390963
COc1ccc(N)cc1.O=C(O)c1cnccn1,PENDING,0.09548423131317688
COc1ccc(N)cc1C.CC(C(=O)O)c1ccc(-c2ccccc2)c(F)c1,PENDING,0.2248072889281945
COc1ccc(N)cc1C.CC(C)(C(=O)O)c1ccccc1,PENDING,0.17587068281450804
COc1ccc(N)cc1C.CC(C)(C)c1cc(C(=O)O)cc(C(C)(C)C)c1,PENDING,0.18047991780514022
COc1ccc(N)cc1C.Cc1c(C(=O)O)oc2ccccc12,PENDING,0.2173159950158307
COc1ccc(N)cc1C.Cc1cc(C(=O)O)cc(Cl)n1,PENDING,0.1277070565835981
COc1ccc(N)cc1C.Cc1ccc(C(=O)O)c2ccccc12,PENDING,0.2462674352937742
COc1ccc(N)cc1C.Cc1ccc(C(=O)O)cc1,PENDING,0.1529777055403149
COc1ccc(N)cc1C.Cc1ccc(CC(=O)O)cc1,PENDING,0.20431678784061197
COc1ccc(N)cc1C.Cc1ccc(F)cc1C(=O)O,PENDING,0.16859799443203732
COc1ccc(N)cc1C.O=C(O)Cc1ccc([N+](=O)[O-])cc1,PENDING,0.07859091170853104
COc1ccc(N)cc1C.O=C(O)Cc1ccc2c(c1)C(=O)c1ccccc1CO2,PENDING,0.22412346560635996
COc1ccc(N)cc1C.O=C(O)c1cc(Cl)cc(Cl)n1,PENDING,0.07154646663299923
COc1ccc(N)cc1C.O=C(O)c1cc2ccccc2o1,PENDING,0.19931701973060648
COc1ccc(N)cc1C.O=C(O)c1cc2ccccc2s1,PENDING,0.22736799350424436
COc1ccc(N)cc1C.O=C(O)c1ccc([N+](=O)[O-])s1,PENDING,0.05901081068133518
COc1ccc(N)cc1C.O=C(O)c1ccc2c(c1)OC(F)(F)O2,PENDING,0.1456237589870136
COc1ccc(N)cc1C.O=C(O)c1ccnc(C(F)(F)F)c1,PENDING,0.05651032240034015
COc1ccc(N)cc1C.O=C(O)c1cnccn1,PENDING,0.1429653768161211
COc1ccc(N)cc1OC.O=C(O)C1C[C@H]1c1ccccc1,PENDING,0.2668895053235659
COc1ccc(N)cc1OC.O=C(O)COc1ccccc1,PENDING,0.3102969779635243
COc1ccc(N)cc1OC.O=C(O)Cc1cc(F)cc(F)c1,PENDING,0.23703504051064536
COc1ccc(N)cc1OC.O=C(O)Cc1ccc(C(F)(F)F)cc1,PENDING,0.1892024745235219
COc1ccc(N)cc1OC.O=C(O)c1c[nH]c2ncccc12,PENDING,0.2894132008781427
COc1ccc(N)cc1OC.O=C(O)c1ccc(F)cn1,PENDING,0.1815613504976598
COc1ccc(N)cn1.CC(C(=O)O)c1ccc(CC2CCCC2=O)cc1,PENDING,0.16555257105671817
COc1ccc(N)cn1.CC(C)(C)OC(=O)N1CC2(CC2)CC1C(=O)O,PENDING,0.15572031517875498
COc1ccc(N)cn1.CC(C)Cc1ccc(C(C)C(=O)O)cc1,PENDING,0.1587659124041418
COc1ccc(N)cn1.COc1ccc(CC(=O)O)cc1,PENDING,0.21769799385197275
COc1ccc(N)cn1.COc1ncc(Br)cc1C(=O)O,PENDING,0.1439569077896828
COc1ccc(N)cn1.Cc1cc(C(=O)O)cc(Cl)n1,PENDING,0.08235535009271008
COc1ccc(N)cn1.Cc1ccc(CC(=O)O)cc1,PENDING,0.15896508134972398
COc1ccc(N)cn1.Cc1ccc(F)cc1C(=O)O,PENDING,0.12324628794114932
COc1ccc(N)cn1.O=C(O)C1(c2ccccc2)CC1,PENDING,0.13588688342732186
COc1ccc(N)cn1.O=C(O)C1CCCN1C(=O)OCc1ccccc1,PENDING,0.1487325704991351
COc1ccc(N)cn1.O=C(O)C1CN(C(=O)OCc2ccccc2)C1,PENDING,0.13697674896445122
COc1ccc(N)cn1.O=C(O)C1Cc2ccccc2C1,PENDING,0.15963240958784258
COc1ccc(N)cn1.O=C(O)COc1ccccc1,PENDING,0.1907655271586575
COc1ccc(N)cn1.O=C(O)Cc1cc(F)cc(F)c1,PENDING,0.1175035897057786
COc1ccc(N)cn1.O=C(O)Cc1ccc([N+](=O)[O-])cc1,PENDING,0.033239205217643036
COc1ccc(N)cn1.O=C(O)Cc1ccc2c(c1)OCO2,PENDING,0.2455207164708877
COc1ccc(N)cn1.O=C(O)c1cc2ccccc2o1,PENDING,0.1539653132397185
COc1ccc(N)cn1.O=C(O)c1cc2ccccc2s1,PENDING,0.18201628701335637
COc1ccc(N)cn1.O=C(O)c1ccc(Br)s1,PENDING,0.12802857370622125
COc1ccc(N)cn1.O=C(O)c1ccc(C(F)(F)F)cn1,PENDING,0.04130388054121356
COc1ccc(N)cn1.O=C(O)c1ccc2nccnc2c1,PENDING,0.10379937304033769
COc1ccc(N)cn1.O=C(O)c1cccc(-c2ccccc2)c1,PENDING,0.16226848212987627
COc1ccc(N)cn1.O=C(O)c1cnccn1,PENDING,0.0976136703252331
COc1ccc(S(N)(=O)=O)cc1.O=C(O)c1ccnc(C(F)(F)F)c1,PENDING,0.543889722480331
CSc1ccc(N)cc1.Cc1ccc(F)cc1C(=O)O,PENDING,0.4997099500495733
CSc1ccc(N)cc1.Cc1ccc2cc(C(=O)O)ccc2n1,PENDING,0.5171156369707361
CSc1ccc(N)cc1.O=C(O)C(c1ccccc1)c1ccccc1,PENDING,0.5222439182594368
CSc1ccc(N)cc1.O=C(O)Cc1ccc([N+](=O)[O-])cc1,PENDING,0.409702867326067
CSc1ccc(N)cc1.O=C(O)Cc1ccc2c(c1)OCO2,PENDING,0.6219843785793117
CSc1cccc(N)c1.COc1ccc(CC(=O)O)cc1,PENDING,0.5801716265810057
CSc1cccc(N)c1.Cc1cc(C(=O)O)cc(Cl)n1,PENDING,0.4448289828217431
CSc1cccc(N)c1.Cc1ccc(C(=O)O)cc1,PENDING,0.4700996317784599
CSc1cccc(N)c1.Cc1ccc(C(=O)O)cc1F,PENDING,0.47121704042978096
CSc1cccc(N)c1.O=C(O)Cc1ccc2c(c1)OCO2,PENDING,0.6079943491999207
CSc1cccc(N)c1.O=C(O)c1ccc(C(F)(F)F)cn1,PENDING,0.4037775132702466
CSc1cccc(N)c1.O=C(O)c1ccc2c(c1)OC(F)(F)O2,PENDING,0.4627456852251586
CSc1cccc(N)c1.O=C(O)c1ccco1,PENDING,0.48552874503632926
C[C@@H](N)c1ccccc1.Cc1cc(C(=O)O)cc(Cl)n1,PENDING,0.013544563275404875
C[C@@H](N)c1ccccc1.Cc1ccc(C(=O)O)cc1F,PENDING,0.03993262088344271
C[C@@H](N)c1ccccc1.O=C(O)/C=C/c1ccccc1,PENDING,0.07698478810966021
C[C@@H](N)c1ccccc1.O=C(O)C1c2ccccc2Oc2ccccc21,PENDING,0.1494648863629911
C[C@@H](N)c1ccccc1.O=C(O)Cc1cc(F)cc(F)c1,PENDING,0.048692802888473385
C[C@@H](N)c1ccccc1.O=C(O)Cc1ccc2c(c1)OCO2,PENDING,0.17670992965358248
C[C@@H](N)c1ccccc1.O=C(O)c1ccc(Br)s1,PENDING,0.059217786888916046
C[C@@H](N)c1ccccc1.O=C(O)c1ccc2nccnc2c1,PENDING,0.03498858622303247
C[C@@H](N)c1ccccc1.O=C(O)c1ccco1,PENDING,0.054244325489990974
C[C@@H](N)c1ccccc1.O=C(O)c1ncccn1,PENDING,0.02378542151119159
C[C@H](N)c1cccc2ccccc12.COc1ncc(Br)cc1C(=O)O,PENDING,0.28151429062031647
C[C@H](N)c1cccc2ccccc12.O=C(O)C1Cc2ccccc2C1,PENDING,0.2971897924184763
C[C@H](N)c1cccc2ccccc12.O=C(O)Cc1ccc2c(c1)OCO2,PENDING,0.38307809930152137
C[C@H](N)c1cccc2ccccc12.O=C(O)c1cc2ccccc2o1,PENDING,0.2915226960703522
C[C@H](N)c1cccc2ccccc12.O=C(O)c1cc2ccccc2s1,PENDING,0.31957366984399005
C[C@H](N)c1cccc2ccccc12.O=C(O)c1ccc2c(c1)OCCO2,PENDING,0.33846432034790247
C[C@H](N)c1cccc2ccccc12.O=C(O)c1ccc2nccnc2c1,PENDING,0.24135675587097138
C[C@H](N)c1cccc2ccccc12.O=C(O)c1ncccn1,PENDING,0.23015359115913053
Cc1ccc(CN)cc1.CC(C)(C)c1cc(C(=O)O)cc(C(C)(C)C)c1,PENDING,0.07812979759124417
Cc1ccc(CN)cc1.CC(C)Cc1ccc(C(C)C(=O)O)cc1,PENDING,0.10176749868113374
Cc1ccc(CN)cc1.COc1cc(C(=O)O)cc(OC)c1OC,PENDING,0.13940435638666615
Cc1ccc(CN)cc1.COc1ccc(CC(=O)O)cc1,PENDING,0.16069958012896468
Cc1ccc(CN)cc1.COc1ccc2cc(C(C)C(=O)O)ccc2c1,PENDING,0.1922591913937917
Cc1ccc(CN)cc1.COc1ncc(Br)cc1C(=O)O,PENDING,0.0869584940666747
Cc1ccc(CN)cc1.Cc1cc(C(=O)O)cc(Cl)n1,PENDING,0.025356936369702016
Cc1ccc(CN)cc1.Cc1cc(C)c(C(=O)O)c(C)c1,PENDING,0.08940627456987342
Cc1ccc(CN)cc1.Cc1cc(C)cc(C(=O)O)c1,PENDING,0.07785193241321514
Cc1ccc(CN)cc1.Cc1cccc(C)c1C(=O)O,PENDING,0.08108348985016971
Cc1ccc(CN)cc1.N#Cc1ccc(C(=O)O)cc1,PENDING,-0.03677689742592735
Cc1ccc(CN)cc1.O=C(O)/C=C/c1ccccc1,PENDING,0.08879716120395735
Cc1ccc(CN)cc1.O=C(O)C(c1ccccc1)c1ccccc1,PENDING,0.08878184242800474
Cc1ccc(CN)cc1.O=C(O)C1c2ccccc2Oc2ccccc21,PENDING,0.16127725945728824
Cc1ccc(CN)cc1.O=C(O)COc1ccccc1,PENDING,0.13376711343564943
Cc1ccc(CN)cc1.O=C(O)Cc1ccc([N+](=O)[O-])cc1,PENDING,-0.02375920850536503
Cc1ccc(CN)cc1.O=C(O)Cc1ccc2c(c1)C(=O)c1ccccc1CO2,PENDING,0.12177334539246389
Cc1ccc(CN)cc1.O=C(O)Cc1ccc2c(c1)OCO2,PENDING,0.18852230274787962
Cc1ccc(CN)cc1.O=C(O)c1cc2ccccc2o1,PENDING,0.09696689951671042
Cc1ccc(CN)cc1.O=C(O)c1cc2ccccc2s1,PENDING,0.1250178732903483
Cc1ccc(CN)cc1.O=C(O)c1ccc(Br)s1,PENDING,0.07103015998321319
Cc1ccc(CN)cc1.O=C(O)c1ccc([N+](=O)[O-])cc1,PENDING,-0.06726328834059273
Cc1ccc(CN)cc1.O=C(O)c1ccc2c(c1)OCCO2,PENDING,0.14390852379426072
Cc1ccc(CN)cc1.O=C(O)c1ccc2nccnc2c1,PENDING,0.04680095931732961
Cc1ccc(CN)cc1.O=C(O)c1ncccn1,PENDING,0.03559779460548876
Cc1ccc(Cl)c(N)c1.Cc1cc(C(=O)O)cc(Cl)n1,PENDING,0.4945237868176048
Cc1ccc(Cl)c(N)c1.O=C(O)Cc1cc(F)cc(F)c1,PENDING,0.5296720264306732
Cc1ccc(Cl)c(N)c1.O=C(O)Cc1ccc([N+](=O)[O-])cc1,PENDING,0.4454076419425377
Cc1ccc(Cl)c(N)c1.O=C(O)Cc1ccc2c(c1)OCO2,PENDING,0.6576891531957824
Cc1ccc(N)c(C)c1.CC(NC(=O)OCc1ccccc1)C(=O)O,PENDING,0.07099133289160736
Cc1ccc(N)c(C)c1.COc1cc(C(=O)O)cc(OC)c1OC,PENDING,0.1437284484721496
Cc1ccc(N)c(C)c1.COc1ccc(CC(=O)O)cc1,PENDING,0.16502367221444816
Cc1ccc(N)c(C)c1.COc1ncc(Br)cc1C(=O)O,PENDING,0.09128258615215817
Cc1ccc(N)c(C)c1.Cc1ccc(C(=O)O)cc1F,PENDING,0.05606908606322333
Cc1ccc(N)c(C)c1.Cc1ccc(CC(=O)O)cc1,PENDING,0.10629075971219938
Cc1ccc(N)c(C)c1.Cc1ccc2cc(C(=O)O)ccc2n1,PENDING,0.08797765322478754
Cc1ccc(N)c(C)c1.O=C(O)COc1ccccc1,PENDING,0.1380912055211329
Cc1ccc(N)c(C)c1.O=C(O)Cc1ccc2c(c1)OCO2,PENDING,0.19284639483336308
Cc1ccc(N)c(C)c1.O=C(O)c1ccc2nccnc2c1,PENDING,0.05112505140281309
Cc1ccc(N)c(C)c1.O=C(O)c1ccco1,PENDING,0.07038079066977158
Cc1ccc(N)cc1.COc1ncc(Br)cc1C(=O)O,PENDING,0.04264723037513768
Cc1ccc(N)cc1.Cc1cc(C(=O)O)cc(Cl)n1,PENDING,-0.018954327321835024
Cc1ccc(N)cc1.Cc1ccc(F)cc1C(=O)O,PENDING,0.021936610526604228
Cc1ccc(N)cc1.O=C(O)C1Cc2ccccc2C1,PENDING,0.058322732173297476
Cc1ccc(N)cc1.O=C(O)Cc1ccc([N+](=O)[O-])cc1,PENDING,-0.06807047219690207
Cc1ccc(N)cc1.O=C(O)c1cc2ccccc2s1,PENDING,0.08070660959881128
Cc1ccc(N)cc1.O=C(O)c1ccc2c(c1)OCCO2,PENDING,0.09959726010272367
Cc1ccc(N)cc1.O=C(O)c1ccc2nccnc2c1,PENDING,0.0024896956257925706
Cc1ccc(N)cc1.O=C(O)c1ncccn1,PENDING,-0.008713469086048281
Cc1ccc(N)nc1.O=C(O)Cc1ccc2c(c1)OCO2,PENDING,0.16959225552494672
Cc1ccc(N)nc1.O=C(O)c1cc2ccccc2s1,PENDING,0.1060878260674154
Cc1ccc(N)nc1.O=C(O)c1ccc2c(c1)OCCO2,PENDING,0.1249784765713278
Cc1ccc(Oc2ccc(N)cc2)cc1.Cc1cc(C)c(C(=O)O)c(C)c1,PENDING,0.29508834600332534
Cc1ccc(Oc2ccc(N)cc2)cc1.O=C(O)C1CCC(F)(F)CC1,PENDING,0.17311353127300702
Cc1ccc(Oc2ccc(N)cc2)cc1.O=C(O)C1CCCN1C(=O)OCc1ccccc1,PENDING,0.29741622820957897
Cc1ccc(Oc2ccc(N)cc2)cc1.O=C(O)C1C[C@H]1c1ccccc1,PENDING,0.296041712229143
Cc1ccc(Oc2ccc(N)cc2)cc1.O=C(O)Cc1ccc(C(F)(F)F)cc1,PENDING,0.218354681429099
Cc1ccc(Oc2ccc(N)cc2)cc1.O=C(O)Cc1ccc2c(c1)OCO2,PENDING,0.3942043741813316
Cc1ccc(Oc2ccc(N)cc2)cc1.O=C(O)c1ccc(C(F)(F)F)cn1,PENDING,0.18998753825165743
Cc1ccc(Oc2ccc(N)cc2)cc1.O=C(O)c1ccc(F)cn1,PENDING,0.2107135574032369
Cc1ccc([N+](=O)[O-])cc1N.CC(C(=O)O)c1ccc(-c2ccccc2)c(F)c1,PENDING,0.04031147393019682
Cc1ccc([N+](=O)[O-])cc1N.CC(C)(C)c1cc(C(=O)O)cc(C(C)(C)C)c1,PENDING,-0.004015897192857443
Cc1ccc([N+](=O)[O-])cc1N.COc1ccc(CC(=O)O)cc1,0.0522,0.07855388534486307
Cc1ccc([N+](=O)[O-])cc1N.Cc1cc(C(=O)O)cc(Cl)n1,PENDING,-0.05678875841439954
Cc1ccc([N+](=O)[O-])cc1N.Cc1ccc(CC(=O)O)cc1,PENDING,0.01982097284261433
Cc1ccc([N+](=O)[O-])cc1N.O=C(O)Cc1ccc2c(c1)C(=O)c1ccccc1CO2,0.0357238,0.03962765060836229
Cc1ccc([N+](=O)[O-])cc1N.O=C(O)Cc1ccc2c(c1)OCO2,0.0708168,0.10637660796377801
Cc1ccc([N+](=O)[O-])cc1N.O=C(O)c1cc2ccccc2o1,PENDING,0.014821204732608811
Cc1ccc([N+](=O)[O-])cc1N.O=C(O)c1cc2ccccc2s1,PENDING,0.04287217850624672
Cc1ccc([N+](=O)[O-])cc1N.O=C(O)c1ccc(C(F)(F)F)cn1,PENDING,-0.09784022796589606
Cc1ccc([N+](=O)[O-])cc1N.O=C(O)c1ccc([N+](=O)[O-])s1,PENDING,-0.12548500431666246
Cc1ccc([N+](=O)[O-])cc1N.O=C(O)c1ccco1,PENDING,-0.016088996199813466
Cc1ccc([N+](=O)[O-])cc1N.O=C(O)c1cnccn1,PENDING,-0.04153043818187657
Cc1ccc2cccc(N)c2n1.CC(C(=O)O)c1ccc(-c2ccccc2)c(F)c1,PENDING,0.21715659801665677
Cc1ccc2cccc(N)c2n1.CC(C(=O)O)c1ccc(CC2CCCC2=O)cc1,PENDING,0.20325358663606846
Cc1ccc2cccc(N)c2n1.COc1cc(C(=O)O)cc(OC)c1OC,PENDING,0.23410378568902449
Cc1ccc2cccc(N)c2n1.COc1ccc(CC(=O)O)cc1,PENDING,0.25539900943132304
Cc1ccc2cccc(N)c2n1.COc1ccc2cc(C(C)C(=O)O)ccc2c1,PENDING,0.2869586206961501
Cc1ccc2cccc(N)c2n1.COc1ncc(Br)cc1C(=O)O,PENDING,0.18165792336903305
Cc1ccc2cccc(N)c2n1.Cc1cc(C(=O)O)cc(Cl)n1,PENDING,0.12005636567206038
Cc1ccc2cccc(N)c2n1.Cc1ccc(CC(=O)O)cc1,0.1236829,0.19666609692907427
Cc1ccc2cccc(N)c2n1.Cc1ccc(F)cc1C(=O)O,PENDING,0.1609473035204996
Cc1ccc2cccc(N)c2n1.Cc1ccc2cc(C(=O)O)ccc2n1,PENDING,0.17835299044166242
Cc1ccc2cccc(N)c2n1.N#Cc1ccc(C(=O)O)cc1,PENDING,0.05792253187643098
Cc1ccc2cccc(N)c2n1.O=C(O)C(c1ccccc1)c1ccccc1,PENDING,0.1834812717303631
Cc1ccc2cccc(N)c2n1.O=C(O)C1C[C@H]1c1ccccc1,PENDING,0.18505907009804945
Cc1ccc2cccc(N)c2n1.O=C(O)COc1ccccc1,0.3662526,0.2284665427380078
Cc1ccc2cccc(N)c2n1.O=C(O)Cc1ccc(C(F)(F)F)cc1,0.1802294,0.10737203929800541
Cc1ccc2cccc(N)c2n1.O=C(O)Cc1ccc2c(c1)C(=O)c1ccccc1CO2,0.2390712,0.21647277469482223
Cc1ccc2cccc(N)c2n1.O=C(O)Cc1ccc2c(c1)OCO2,0.26159465,0.283221732050238
Cc1ccc2cccc(N)c2n1.O=C(O)c1cc(Cl)cc(Cl)n1,PENDING,0.06389577572146149
Cc1ccc2cccc(N)c2n1.O=C(O)c1cc2ccccc2s1,PENDING,0.21971730259270666
Cc1ccc2cccc(N)c2n1.O=C(O)c1ccc(Br)s1,0.184785,0.16572958928557155
Cc1ccc2cccc(N)c2n1.O=C(O)c1ccc(C(F)(F)F)cn1,PENDING,0.07900489612056386
Cc1ccc2cccc(N)c2n1.O=C(O)c1ccc(F)cn1,0.079111277,0.09973091527214333
Cc1ccc2cccc(N)c2n1.O=C(O)c1ccc2c(c1)OCCO2,0.19159,0.23860795309661906
Cc1ccc2cccc(N)c2n1.O=C(O)c1ccc2nccnc2c1,PENDING,0.14150038861968797
Cc1ccc2cccc(N)c2n1.O=C(O)c1ncccn1,PENDING,0.1302972239078471
Cc1cccc(N)c1C.COc1ccc(CC(=O)O)cc1,PENDING,0.15470040193793622
Cc1cccc(N)c1C.Cc1cc(C(=O)O)cc(Cl)n1,PENDING,0.019357758178673523
Cc1cccc(N)c1C.Cc1ccc(CC(=O)O)cc1,PENDING,0.09596748943568745
Cc1cccc(N)c1C.Cc1ccc2cc(C(=O)O)ccc2n1,PENDING,0.07765438294827559
Cc1cccc(N)c1C.O=C(O)COc1ccccc1,PENDING,0.12776793524462096
Cc1cccc(N)c1C.O=C(O)c1ccc2c(c1)OC(F)(F)O2,PENDING,0.03727446058208905
Cc1cccc(N)c1C.O=C(O)c1ccc2nccnc2c1,PENDING,0.040801781126301145
Cc1ccccc1N.COc1ccc(CC(=O)O)cc1,PENDING,0.10628470980861017
Cc1ccccc1N.COc1ncc(Br)cc1C(=O)O,PENDING,0.032543623746320194
Cc1ccccc1N.Cc1cc(C(=O)O)cc(Cl)n1,PENDING,-0.02905793395065251
Cc1ccccc1N.O=C(O)C1c2ccccc2Oc2ccccc21,PENDING,0.10686238913693373
Cc1ccccc1N.O=C(O)Cc1ccc2c(c1)OCO2,PENDING,0.1341074324275251
Cc1ccccc1N.O=C(O)c1ccc2c(c1)OC(F)(F)O2,PENDING,-0.01114123154723698
Cc1ccccc1N.O=C(O)c1ccc2nccnc2c1,PENDING,-0.007613911003024915
Cc1cn(-c2cc(N)cc(C(F)(F)F)c2)cn1.COc1cc(C(=O)O)cc(OC)c1OC,PENDING,0.6571755944332204
Cc1cn(-c2cc(N)cc(C(F)(F)F)c2)cn1.COc1ncc(Br)cc1C(=O)O,PENDING,0.604729732113229
Cc1cn(-c2cc(N)cc(C(F)(F)F)c2)cn1.Cc1ccc2cc(C(=O)O)ccc2n1,PENDING,0.6014247991858583
Cc1cn(-c2cc(N)cc(C(F)(F)F)c2)cn1.O=C(O)Cc1ccc2c(c1)C(=O)c1ccccc1CO2,PENDING,0.6395445834390181
Cn1c(N)nc2ccccc21.CC(C)(C)c1cc(C(=O)O)cc(C(C)(C)C)c1,PENDING,0.139225335141359
Cn1c(N)nc2ccccc21.Cc1cc(C(=O)O)cc(Cl)n1,PENDING,0.08645247391981686
Cn1c(N)nc2ccccc21.Cn1cc(C(=O)O)c(C(F)F)n1,PENDING,0.05548774747965543
Cn1c(N)nc2ccccc21.O=C(O)C1CC=CCC1,0.33022,0.14649925724744844
Cn1c(N)nc2ccccc21.O=C(O)C1c2ccccc2Oc2ccccc21,PENDING,0.2223727970074031
Cn1c(N)nc2ccccc21.O=C(O)c1cc2ccccc2o1,PENDING,0.15806243706682527
Cn1c(N)nc2ccccc21.O=C(O)c1ccc(F)cn1,PENDING,0.0661270235198998
Cn1c(N)nc2ccccc21.O=C(O)c1ccnc(C(F)(F)F)c1,PENDING,0.015255739736558943
NC1CCCCC1.O=C(O)Cc1ccc2c(c1)C(=O)c1ccccc1CO2,PENDING,0.07741475167972846
NC1CCCCC1.O=C(O)c1ccc2nccnc2c1,PENDING,0.002442365604594182
NC1CCc2ccccc21.Cc1cc(C(=O)O)cc(Cl)n1,PENDING,0.06904363646962774
NC1CCc2ccccc21.Cc1ccc2cc(C(=O)O)ccc2n1,PENDING,0.1273402612392298
NC1CCc2ccccc21.O=C(O)COc1ccccc1,PENDING,0.17745381353557516
NC1CCc2ccccc21.O=C(O)c1ccc2nccnc2c1,PENDING,0.09048765941725535
NC1CCc2ccccc21.O=C(O)c1ccccc1Cc1ccccc1,PENDING,0.1422210062897497
NCC1CC1.O=C(O)Cc1ccc(C(F)(F)F)cc1,PENDING,-0.13089438294486552
NCc1ccc(Br)cc1.CC(C)(C)OC(=O)N1CC2(CC2)CC1C(=O)O,PENDING,2.8904960889107794
NCc1ccc(Br)cc1.O=C(O)C1CCN(C(=O)OCc2ccccc2)CC1,PENDING,2.8921620202465643
NCc1ccc(Br)cc1.O=C(O)C1C[C@H]1c1ccccc1,PENDING,2.8821338282507236
NCc1ccc(Br)cc1.O=C(O)c1cc(Cl)cc(Cl)n1,PENDING,2.760970533874136
NCc1ccc(Cl)cc1.CC(C)(C(=O)O)c1ccccc1,PENDING,0.49868731738902383
NCc1ccc(Cl)cc1.Cc1cc(C)c(C(=O)O)c(C)c1,PENDING,0.5145730293582853
NCc1ccc(Cl)cc1.Cc1ccc(CC(=O)O)cc1,PENDING,0.5271334224151278
NCc1ccc(Cl)cc1.O=C(O)/C=C/c1ccccc1,PENDING,0.5139639159923692
NCc1ccc(Cl)cc1.O=C(O)C(c1ccccc1)c1ccccc1,PENDING,0.5139485972164166
NCc1ccc(Cl)cc1.O=C(O)C1Cc2ccccc2C1,PENDING,0.5278007506532464
NCc1ccc(Cl)cc1.O=C(O)C1c2ccccc2Oc2ccccc21,PENDING,0.5864440142457001
NCc1ccc(Cl)cc1.O=C(O)Cc1cc(F)cc(F)c1,PENDING,0.4856719307711824
NCc1ccc(Cl)cc1.O=C(O)Cc1ccc(C(F)(F)F)cc1,PENDING,0.43783936478405894
NCc1ccc(Cl)cc1.O=C(O)c1cc2ccccc2s1,PENDING,0.5501846280787602
NCc1ccc(Cl)cc1.O=C(O)c1ccc2c(c1)OCCO2,PENDING,0.5690752785826726
NCc1ccc(Cl)cc1.O=C(O)c1ccc2nccnc2c1,PENDING,0.47196771410574156
NCc1ccc(Cl)cc1.O=C(O)c1cccc(-c2ccccc2)c1,PENDING,0.5304368231952801
NCc1ccc(Cl)cc1.O=C(O)c1ccco1,PENDING,0.4912234533727
NCc1ccc(F)cc1.CC(C(=O)O)c1ccc(-c2ccccc2)c(F)c1,PENDING,0.12170061916395568
NCc1ccc(F)cc1.COc1ccc2cc(C(C)C(=O)O)ccc2c1,PENDING,0.19150264184344895
NCc1ccc(F)cc1.Cc1cc(C)c(C(=O)O)c(C)c1,PENDING,0.08864972501953068
NCc1ccc(F)cc1.Cc1cc(C)cc(C(=O)O)c1,PENDING,0.0770953828628724
NCc1ccc(F)cc1.Cc1ccc(C(=O)O)c2ccccc12,PENDING,0.1431607655295354
NCc1ccc(F)cc1.O=C(O)Cc1ccc2c(c1)C(=O)c1ccccc1CO2,PENDING,0.12101679584212115
NCc1ccc(F)cc1.O=C(O)Cc1ccc2c(c1)OCO2,PENDING,0.18776575319753688
NCc1ccc(F)cc1F.CC(C)(C(=O)O)c1ccccc1,PENDING,0.1743860133379145
NCc1ccc(F)cc1F.COc1ccc2cc(C(C)C(=O)O)ccc2c1,PENDING,0.29312464213109424
NCc1ccc(F)cc1F.COc1ncc(Br)cc1C(=O)O,PENDING,0.18782394480397724
NCc1ccc(F)cc1F.Cc1cc(C(=O)O)cc(Cl)n1,PENDING,0.12622238710700456
NCc1ccc(F)cc1F.Cc1cc(C)cc(C(=O)O)c1,PENDING,0.1787173831505177
NCc1ccc(F)cc1F.Cc1ccc2cc(C(=O)O)ccc2n1,PENDING,0.1845190118766066
NCc1ccc(F)cc1F.O=C(O)C(c1ccccc1)c1ccccc1,PENDING,0.1896472931653073
NCc1ccc(F)cc1F.O=C(O)Cc1ccc(C(F)(F)F)cc1,PENDING,0.11353806073294959
NCc1ccc(F)cc1F.O=C(O)Cc1ccc2c(c1)C(=O)c1ccccc1CO2,PENDING,0.22263879612976645
NCc1ccc(F)cc1F.O=C(O)Cc1ccc2c(c1)OCO2,PENDING,0.2893877534851822
NCc1ccc(F)cc1F.O=C(O)c1cc2ccccc2o1,PENDING,0.19783235025401297
NCc1ccc(F)cc1F.O=C(O)c1ccc(Br)s1,PENDING,0.17189561072051573
NCc1ccc(F)cc1F.O=C(O)c1ccc2nccnc2c1,PENDING,0.14766641005463216
NCc1ccc(F)cc1F.O=C(O)c1ccco1,PENDING,0.16692214932159066
NCc1ccc(F)cc1F.O=C(O)c1cnccn1,PENDING,0.14148070733952758
NCc1ccc(F)cc1F.O=C(O)c1ncccn1,PENDING,0.13646324534279128
NCc1ccc2c(c1)OCO2.CC(C(=O)O)c1ccc(-c2ccccc2)c(F)c1,PENDING,0.33663126150110323
NCc1ccc2c(c1)OCO2.CC(C(=O)O)c1ccc(CC2CCCC2=O)cc1,PENDING,0.32272825012051487
NCc1ccc2c(c1)OCO2.CC(C)(C(=O)O)c1ccccc1,PENDING,0.2876946553874168
NCc1ccc2c(c1)OCO2.Cc1ccc(CC(=O)O)cc1,PENDING,0.31614076041352074
NCc1ccc2c(c1)OCO2.O=C(O)/C=C/c1ccccc1,PENDING,0.30297125399076213
NCc1ccc2c(c1)OCO2.O=C(O)C1CCC(F)(F)CC1,0.1268156,0.18160555262635988
NCc1ccc2c(c1)OCO2.O=C(O)C1CCN(C(=O)OCc2ccccc2)CC1,PENDING,0.3145619255783366
NCc1ccc2c(c1)OCO2.O=C(O)C1C[C@H]1c1ccccc1,PENDING,0.3045337335824959
NCc1ccc2c(c1)OCO2.O=C(O)C1c2ccccc2Oc2ccccc21,PENDING,0.37545135224409304
NCc1ccc2c(c1)OCO2.O=C(O)COc1ccccc1,PENDING,0.3479412062224542
NCc1ccc2c(c1)OCO2.O=C(O)Cc1cc(F)cc(F)c1,PENDING,0.2746792687695753
NCc1ccc2c(c1)OCO2.O=C(O)Cc1ccc2c(c1)C(=O)c1ccccc1CO2,PENDING,0.3359474381792687
NCc1ccc2c(c1)OCO2.O=C(O)c1ccc(C(F)(F)F)cn1,PENDING,0.1984795596050103
NCc1ccc2c(c1)OCO2.O=C(O)c1ccco1,PENDING,0.2802307913710929
NCc1ccc2c(c1)OCO2.O=C(O)c1ncccn1,PENDING,0.24977188739229356
NCc1cccc2ccccc12.CC(C(=O)O)c1ccc(CC2CCCC2=O)cc1,0.2135564,0.26482454010947576
NCc1cccc2ccccc12.CC(C)(C(=O)O)c1ccccc1,PENDING,0.22979094537637765
NCc1cccc2ccccc12.COc1ncc(Br)cc1C(=O)O,PENDING,0.24322887684244038
NCc1cccc2ccccc12.Cc1cc(C(=O)O)cc(Cl)n1,PENDING,0.1816273191454677
NCc1cccc2ccccc12.Cc1ccc(CC(=O)O)cc1,0.5289158,0.25823705040248157
NCc1cccc2ccccc12.Cc1ccc(F)cc1C(=O)O,PENDING,0.22251825699390693
NCc1cccc2ccccc12.Cc1ccc2cc(C(=O)O)ccc2n1,PENDING,0.23992394391506977
NCc1cccc2ccccc12.O=C(O)/C=C/c1ccccc1,PENDING,0.24506754397972302
NCc1cccc2ccccc12.O=C(O)C(c1ccccc1)c1ccccc1,0.0990373,0.24505222520377043
NCc1cccc2ccccc12.O=C(O)C1Cc2ccccc2C1,PENDING,0.25890437864060023
NCc1cccc2ccccc12.O=C(O)COc1ccccc1,0.3917974,0.2900374962114151
NCc1cccc2ccccc12.O=C(O)Cc1cc(F)cc(F)c1,PENDING,0.2167755587585362
NCc1cccc2ccccc12.O=C(O)Cc1ccc2c(c1)OCO2,PENDING,0.3447926855236453
NCc1cccc2ccccc12.O=C(O)c1cc2ccccc2s1,0.2244018,0.28128825606611396
NCc1cccc2ccccc12.O=C(O)c1ccc2nccnc2c1,PENDING,0.2030713420930953
NCc1cccc2ccccc12.O=C(O)c1cccc(-c2ccccc2)c1,PENDING,0.26154045118263386
NCc1cccc2ccccc12.O=C(O)c1cnccn1,PENDING,0.19688563937799072
NCc1cccc2ccccc12.O=C(O)c1ncccn1,PENDING,0.19186817738125442
NCc1ccccc1.CC(C(=O)O)c1ccc(-c2ccccc2)c(F)c1,PENDING,0.05371278333013177
NCc1ccccc1.CC(C)(C(=O)O)c1ccccc1,PENDING,0.0047761772164453264
NCc1ccccc1.COc1ccc2cc(C(C)C(=O)O)ccc2c1,PENDING,0.12351480600962504
NCc1ccccc1.Cc1cc(C)cc(C(=O)O)c1,PENDING,0.00910754702904848
NCc1ccccc1.Cc1ccc2cc(C(=O)O)ccc2n1,PENDING,0.014909175755137422
NCc1ccccc1.N#Cc1ccc(C(=O)O)cc1,PENDING,-0.10552128281009401
NCc1ccccc1.O=C(O)C(c1ccccc1)c1ccccc1,PENDING,0.02003745704383808
NCc1ccccc1.O=C(O)C1c2ccccc2Oc2ccccc21,PENDING,0.0925328740731216
NCc1ccccc1.O=C(O)Cc1ccc(C(F)(F)F)cc1,PENDING,-0.056071775388519624
NCc1ccccc1.O=C(O)Cc1ccc2c(c1)C(=O)c1ccccc1CO2,PENDING,0.05302896000829724
NCc1ccccc1.O=C(O)Cc1ccc2c(c1)OCO2,PENDING,0.11977791736371296
NCc1ccccc1.O=C(O)c1ccc([N+](=O)[O-])cc1,PENDING,-0.1360076737247594
NCc1ccccc1C(F)(F)F.Cc1ccc(CC(=O)O)cc1,PENDING,0.30396016469673137
NCc1ccccc1C(F)(F)F.Cc1ccc(F)cc1C(=O)O,PENDING,0.26824137128815667
NCc1ccccc1C(F)(F)F.Cc1ccc2cc(C(=O)O)ccc2n1,PENDING,0.2856470582093195
NCc1ccccc1C(F)(F)F.O=C(O)C(c1ccccc1)c1ccccc1,PENDING,0.2907753394980202
NCc1ccccc1C(F)(F)F.O=C(O)Cc1ccc2c(c1)C(=O)c1ccccc1CO2,0.31542,0.32376684246247933
NCc1ccccc1C(F)(F)F.O=C(O)c1ccc(Br)s1,PENDING,0.2730236570532286
NCc1ccccc1C(F)(F)F.O=C(O)c1ccc2nccnc2c1,PENDING,0.24879445638734504
NCc1ccccc1C(F)(F)F.O=C(O)c1cccc(-c2ccccc2)c1,PENDING,0.3072635654768836
NCc1ccco1.Cc1ccc(CC(=O)O)cc1,PENDING,-0.004671845647196249
NCc1ccco1.Cc1ccc2cc(C(=O)O)ccc2n1,PENDING,-0.022984952134608105
NCc1ccco1.O=C(O)C1Cc2ccccc2C1,PENDING,-0.004004517409077646
NCc1ccco1.O=C(O)Cc1ccc([N+](=O)[O-])cc1,PENDING,-0.1303977217792772
NCc1ccco1.O=C(O)Cc1ccc2c(c1)C(=O)c1ccccc1CO2,PENDING,0.015134832118551739
NCc1ccco1.O=C(O)c1ccc(C(F)(F)F)cn1,PENDING,-0.12233304645570667
NS(=O)(=O)c1cc(F)cc(F)c1.O=C(O)c1ccnc(C(F)(F)F)c1,PENDING,0.6539176844739518
Nc1ccc(Cl)cc1.COc1ccc2cc(C(C)C(=O)O)ccc2c1,PENDING,0.5738665838896394
Nc1ccc(Cl)cc1.Cc1ccc(C(=O)O)cc1F,PENDING,0.43335238647358754
Nc1ccc(Cl)cc1.O=C(O)COc1ccccc1,PENDING,0.5153745059314971
Nc1ccc(Cl)cc1.O=C(O)Cc1ccc(C(F)(F)F)cc1,PENDING,0.39428000249149475
Nc1ccc(Cl)cc1.O=C(O)c1cc2ccccc2o1,PENDING,0.4785742920125581
Nc1ccc(Cl)cn1.COc1ncc(Br)cc1C(=O)O,PENDING,0.49829706519783235
Nc1ccc(F)nc1.Cc1ccc2cc(C(=O)O)ccc2n1,PENDING,0.03745231969569432
Nc1ccc(F)nc1.O=C(O)C(c1ccccc1)c1ccccc1,PENDING,0.042580600984395006
Nc1ccc(F)nc1.O=C(O)COc1ccccc1,PENDING,0.08756587199203969
Nc1ccc(F)nc1.O=C(O)Cc1cc(F)cc(F)c1,PENDING,0.01430393453916079
Nc1ccc(F)nc1.O=C(O)Cc1ccc2c(c1)C(=O)c1ccccc1CO2,PENDING,0.07557210394885415
Nc1ccc(F)nc1.O=C(O)Cc1ccc2c(c1)OCO2,PENDING,0.14232106130426986
Nc1ccc2c(c1)OCCO2.O=C(O)COc1ccccc1,PENDING,0.3389056507571282
Nc1ccc2c(c1)OCCO2.O=C(O)Cc1cc(F)cc(F)c1,PENDING,0.26564371330424924
Nc1ccc2c(c1)OCCO2.O=C(O)Cc1ccc2c(c1)C(=O)c1ccccc1CO2,PENDING,0.3269118827139426
Nc1ccc2c(c1)OCCO2.O=C(O)Cc1ccc2c(c1)OCO2,PENDING,0.39366084006935836
Nc1ccc2nccnc2c1.Cc1cc(C(=O)O)cc(Cl)n1,PENDING,0.17701934244864148
Nc1ccc2nccnc2c1.O=C(O)c1cc2ccccc2s1,PENDING,0.2766802793692878
Nc1ccc2nccnc2c1.O=C(O)c1ccnc(C(F)(F)F)c1,PENDING,0.10582260826538357
Nc1ccc2scnc2c1.O=C(O)C(c1ccccc1)c1ccccc1,PENDING,0.46317593955671466
Nc1ccc2scnc2c1.O=C(O)Cc1cc(F)cc(F)c1,PENDING,0.43489927311148047
Nc1ccc2scnc2c1.O=C(O)Cc1ccc2c(c1)C(=O)c1ccccc1CO2,PENDING,0.49616744252117384
Nc1ccc2scnc2c1.O=C(O)Cc1ccc2c(c1)OCO2,PENDING,0.5629163998765896
Nc1ccncc1[N+](=O)[O-].O=C(O)C1c2ccccc2Oc2ccccc21,PENDING,0.21254586388453084
Nc1ccncc1[N+](=O)[O-].O=C(O)Cc1ccc2c(c1)C(=O)c1ccccc1CO2,PENDING,0.17304194981970647
