,yield,yield_pred
C#CC(C)(C)N.CC(C)(C(=O)O)c1ccccc1,PENDING,0.657504636361862
C#CC(C)(C)N.CCCCOc1ccc(C(=O)O)cc1,PENDING,0.6755495279735131
C#CC(C)(C)N.Cc1ccc(F)cc1C(=O)O,PENDING,0.8077764491486011
C#CC(C)(C)N.O=C(O)C(c1ccccc1)c1ccccc1,PENDING,0.7084253403484034
C#CC(C)(C)N.O=C(O)C1c2ccccc2Oc2ccccc21,PENDING,0.714508222923526
C#CC(C)(C)N.O=C(O)Cc1cc(F)cc(F)c1,PENDING,0.6914479864707292
C#CC(C)(C)N.O=C(O)Cc1ccc(C(F)(F)F)cc1,PENDING,0.5930623092689216
C#CC(C)(C)N.O=C(O)Cc1ccc([N+](=O)[O-])cc1,PENDING,0.4761567580696333
C#CC(C)(C)N.O=C(O)Cc1ccc2c(c1)C(=O)c1ccccc1CO2,PENDING,0.7280396835580076
C#Cc1cccc(N)c1.COc1cc(C(=O)O)cc(OC)c1OC,PENDING,0.7240861973093892
C#Cc1cccc(N)c1.Cc1c(C(=O)O)oc2ccccc12,PENDING,0.7291353687403187
C#Cc1cccc(N)c1.Cc1ccc(C(=O)O)cc1,PENDING,0.7909471616777035
C#Cc1cccc(N)c1.Cc1ccc(C(=O)O)cc1F,PENDING,0.7013840764079032
C#Cc1cccc(N)c1.Cc1ccc(CC(=O)O)cc1,PENDING,0.6958992941533818
C#Cc1cccc(N)c1.Cc1ccc2cc(C(=O)O)ccc2n1,PENDING,0.6820898776770783
C#Cc1cccc(N)c1.O=C(O)COc1ccccc1,PENDING,0.7312802712622842
C#Cc1cccc(N)c1.O=C(O)c1ccc2nccnc2c1,PENDING,0.7403554693590478
C1CCN(C2CCNCC2)CC1.Cc1ccc(CC(=O)O)cc1,PENDING,0.7070238527974957
C1CCNC1.Cc1ccc2cc(C(=O)O)ccc2n1,PENDING,0.4581068957105538
C1CCNC1.O=C(O)C(c1ccccc1)c1ccccc1,PENDING,0.45156781394545503
C1COCCN1.Cc1c(C(=O)O)oc2ccccc12,PENDING,0.5744792874625808
C1COCCN1.Cc1ccc(CC(=O)O)cc1,PENDING,0.5412432128756439
C1COCCN1.O=C(O)C(c1ccccc1)c1ccccc1,PENDING,0.5208947146342416
C1COCCN1.O=C(O)Cc1ccc2c(c1)OCO2,PENDING,0.5614714244623826
CC(=O)c1ccc(N)cc1.CC(C(=O)O)c1ccc(CC2CCCC2=O)cc1,PENDING,0.6733873356605962
CC(=O)c1ccc(N)cc1.CC(C)(C)OC(=O)N1CC2(CC2)CC1C(=O)O,PENDING,0.7680124180426583
CC(=O)c1ccc(N)cc1.CC1(C)C(C(=O)O)C1(C)C,PENDING,0.8880785646514215
CC(=O)c1ccc(N)cc1.COc1ccc(CC(=O)O)cc1,PENDING,0.7453813696297056
CC(=O)c1ccc(N)cc1.COc1ccc2cc(C(C)C(=O)O)ccc2c1,PENDING,0.7059630731777223
CC(=O)c1ccc(N)cc1.Cc1c(C(=O)O)oc2ccccc12,PENDING,0.8314075001172119
CC(=O)c1ccc(N)cc1.Cc1cc(C(=O)O)cc(Cl)n1,PENDING,0.7830668270510207
CC(=O)c1ccc(N)cc1.Cc1ccc(CC(=O)O)cc1,PENDING,0.798171425530275
CC(=O)c1ccc(N)cc1.Cc1ccc(F)cc1C(=O)O,PENDING,0.8771740360890704
CC(=O)c1ccc(N)cc1.O=C(O)/C=C/c1ccccc1,PENDING,0.9211139021778876
CC(=O)c1ccc(N)cc1.O=C(O)C(c1ccccc1)c1ccccc1,PENDING,0.7778229272888727
CC(=O)c1ccc(N)cc1.O=C(O)C1(c2ccccc2)CC1,PENDING,0.8026746913352724
CC(=O)c1ccc(N)cc1.O=C(O)C1CCCN1C(=O)OCc1ccccc1,PENDING,0.8076888634638416
CC(=O)c1ccc(N)cc1.O=C(O)C1C[C@H]1c1ccccc1,PENDING,0.8303612362586276
CC(=O)c1ccc(N)cc1.O=C(O)C1Cc2ccccc2C1,PENDING,0.7946305835963086
CC(=O)c1ccc(N)cc1.O=C(O)COc1ccccc1,PENDING,0.8335524026391774
CC(=O)c1ccc(N)cc1.O=C(O)Cc1cc(F)cc(F)c1,PENDING,0.7608455734111986
CC(=O)c1ccc(N)cc1.O=C(O)Cc1ccc(C(F)(F)F)cc1,PENDING,0.6624598962093908
CC(=O)c1ccc(N)cc1.O=C(O)Cc1ccc2c(c1)C(=O)c1ccccc1CO2,PENDING,0.7974372704984769
CC(=O)c1ccc(N)cc1.O=C(O)Cc1ccc2c(c1)OCO2,PENDING,0.8183996371170137
CC(=O)c1ccc(N)cc1.O=C(O)c1cc(Cl)cc(Cl)n1,PENDING,0.908134517248448
CC(=O)c1ccc(N)cc1.O=C(O)c1cc2ccccc2o1,PENDING,0.7768180033460415
CC(=O)c1ccc(N)cc1.O=C(O)c1ccc(C(F)(F)F)cn1,PENDING,0.8927486520056945
CC(=O)c1ccc(N)cc1.O=C(O)c1ccc([N+](=O)[O-])s1,PENDING,0.7330681864285914
CC(=O)c1ccc(N)cc1.O=C(O)c1ccc2c(c1)OCCO2,PENDING,0.7037982171363447
CC(=O)c1ccc(N)cc1.O=C(O)c1ccc2nccnc2c1,PENDING,0.842627600735941
CC(=O)c1ccc(N)cc1.O=C(O)c1ccccc1Cc1ccccc1,PENDING,0.8261132264401945
CC(=O)c1ccc(N)cc1.O=C(O)c1ccco1,PENDING,0.9100110773790385
CC(C)NC(C)C.Cc1ccc(CC(=O)O)cc1,PENDING,0.4750987091664381
CC(C)Nc1ccccc1.COc1ncc(Br)cc1C(=O)O,PENDING,0.6380377197870876
CC(C)Nc1ccccc1.Cc1cc(C(=O)O)cc(Cl)n1,PENDING,0.5887122593474922
CC(C)Nc1ccccc1.O=C(O)C1Cc2ccccc2C1,PENDING,0.60027601589278
CC(C)Nc1ccccc1.O=C(O)Cc1ccc2c(c1)C(=O)c1ccccc1CO2,PENDING,0.6030827027949484
CC(C)Nc1ccccc1.O=C(O)Cc1ccc2c(c1)OCO2,PENDING,0.6240450694134851
CC(C)Nc1ccccc1.O=C(O)c1ccc(C(F)(F)F)cn1,PENDING,0.698394084302166
CC1CCCNC1.O=C(O)Cc1ccc2c(c1)OCO2,PENDING,0.5084186738725402
CC1CCCNC1.O=C(O)c1cc(Cl)cc(Cl)n1,0.565018,0.5981535540039745
CC1COCCN1.COc1ccc(C(=O)O)cc1,PENDING,0.49842436429560283
CC1COCCN1.Cc1c(C(=O)O)oc2ccccc12,PENDING,0.5721683907729547
CC1COCCN1.O=C(O)C(c1ccccc1)c1ccccc1,PENDING,0.5185838179446155
CCCCN1CCNCC1.COc1ccc(C(=O)O)cc1,PENDING,0.5428379474435523
CCCCN1CCNCC1.Cc1c(C(=O)O)oc2ccccc12,PENDING,0.6165819739209041
CCCCN1CCNCC1.Cc1cc(C(=O)O)cc(Cl)n1,PENDING,0.5682413008547129
CCCNC.Cc1c(C(=O)O)oc2ccccc12,PENDING,0.518846612305934
CCCNC.Cc1cc(C(=O)O)cc(Cl)n1,PENDING,0.4705059392397428
CCCNC.Cc1cc(C)c(C(=O)O)c(C)c1,PENDING,0.5113267611922245
CCCNC.Cc1ccc(CC(=O)O)cc1,PENDING,0.4856105377189971
CCCNC.O=C(O)C(c1ccccc1)c1ccccc1,PENDING,0.4652620394775948
CCCNC.O=C(O)Cc1ccc2c(c1)OCO2,PENDING,0.5058387493057358
CCNC(C)C.Cc1ccc2cc(C(=O)O)ccc2n1,PENDING,0.472412705570334
CCNC(C)C.O=C(O)C(c1ccccc1)c1ccccc1,PENDING,0.4658736238052353
CCNC(C)C.O=C(O)Cc1ccc2c(c1)OCO2,PENDING,0.5064503336333763
CCNc1cccc(C)c1.Cc1c(C(=O)O)oc2ccccc12,PENDING,0.6403604939683184
CCNc1cccc(C)c1.O=C(O)COc1ccccc1,PENDING,0.6425053964902839
CCNc1cccc(C)c1.O=C(O)Cc1ccc2c(c1)OCO2,PENDING,0.6273526309681203
CCNc1cccc(C)c1.O=C(O)c1cc(Cl)cc(Cl)n1,0.5901142,0.7170875110995546
CCNc1cccc(C)c1.O=C(O)c1ccc([N+](=O)[O-])s1,PENDING,0.5420211802796979
CCNc1cccc(C)c1.O=C(O)c1ccccc1Cc1ccccc1,PENDING,0.635066220291301
CCNc1cccc(C)c1.O=C(O)c1ncccn1,PENDING,0.5149666272071858
CCNc1ccccc1.Cc1c(C(=O)O)oc2ccccc12,PENDING,0.6347295530640131
CCNc1ccccc1.Cc1ccc(CC(=O)O)cc1,PENDING,0.6014934784770763
CCNc1ccccc1.Cc1ccc2cc(C(=O)O)ccc2n1,PENDING,0.5876840620007728
CCNc1ccccc1.O=C(O)Cc1ccc2c(c1)OCO2,PENDING,0.6217216900638151
CCOC(=O)c1cccc(N)c1.Cc1ccc(C(=O)O)c2ccccc12,PENDING,0.7028319046712603
CCOC(=O)c1cccc(N)c1.O=C(O)c1cc2ccccc2o1,PENDING,0.6658921354119618
CCOC(=O)c1cccc(N)c1.O=C(O)c1cc2ccccc2s1,PENDING,0.6659776134926919
CCOC(=O)c1cccc(N)c1.O=C(O)c1ccc([N+](=O)[O-])s1,0.573098,0.6221423184945117
CCOc1cc(N)ccn1.O=C(O)COc1ccccc1,PENDING,0.777880909041364
CCOc1cc(N)ccn1.O=C(O)Cc1cc(F)cc(F)c1,PENDING,0.7051740798133852
CCOc1cc(N)ccn1.O=C(O)Cc1ccc2c(c1)OCO2,PENDING,0.7627281435192003
CCc1cccc(N)c1.O=C(O)Cc1cc(F)cc(F)c1,PENDING,0.6704601544762214
CCc1cccc(N)c1.O=C(O)Cc1ccc2c(c1)OCO2,PENDING,0.7280142181820365
CNOC.CC(C(=O)O)c1ccc(-c2ccccc2)c(F)c1,PENDING,0.2727448993877285
CNOC.CC(C(=O)O)c1ccc(CC2CCCC2=O)cc1,PENDING,0.20933753076774864
CNOC.CC(C)(C(=O)O)c1ccccc1,PENDING,0.26285241840948376
CNOC.CC(C)(C)c1cc(C(=O)O)cc(C(C)(C)C)c1,PENDING,0.3223164367613283
CNOC.CC1(C)C(C(=O)O)C1(C)C,PENDING,0.42402875975857407
CNOC.COc1ccc(C(=O)O)cc1,PENDING,0.2936136687470126
CNOC.COc1ccc(CC(=O)O)cc1,PENDING,0.28133156473685805
CNOC.COc1ncc(Br)cc1C(=O)O,PENDING,0.36834248259776864
CNOC.Cc1c(C(=O)O)oc2ccccc12,PENDING,0.36735769522436434
CNOC.Cc1cc(C)cc(C(=O)O)c1,PENDING,0.32105529813980066
CNOC.Cn1cc(C(=O)O)c(C(F)F)n1,PENDING,0.2698043120005028
CNOC.O=C(O)/C=C/c1ccccc1,PENDING,0.45706409728504016
CNOC.O=C(O)Cc1ccc(C(F)(F)F)cc1,PENDING,0.1984100913165434
CNOC.O=C(O)Cc1ccc2c(c1)C(=O)c1ccccc1CO2,PENDING,0.33338746560562943
CNOC.O=C(O)c1c[nH]c2ncccc12,PENDING,0.40085379887569567
CNOC.O=C(O)c1cc(Cl)cc(Cl)n1,PENDING,0.44408471235560043
CNOC.O=C(O)c1cc2ccccc2o1,PENDING,0.3127681984531939
CNOC.O=C(O)c1cc2ccccc2s1,PENDING,0.3128536765339241
CNOC.O=C(O)c1ccc(-c2ccccc2)cc1,PENDING,0.329757538639653
CNOC.O=C(O)c1ccc(Br)s1,PENDING,0.3947678939696021
CNOC.O=C(O)c1ccc([N+](=O)[O-])s1,PENDING,0.2690183815357439
CNOC.O=C(O)c1ccc2c(c1)OC(F)(F)O2,PENDING,0.3629735620121538
CNOC.O=C(O)c1ccc2nccnc2c1,PENDING,0.3785777958430935
CNOC.O=C(O)c1cccc(-c2ccccc2)c1,PENDING,0.3403023438496642
CNOC.O=C(O)c1ccccc1,PENDING,0.45914573873589637
CNOC.O=C(O)c1ccnc(C(F)(F)F)c1,PENDING,0.23631198076626497
CNOC.O=C(O)c1ccncc1Cl,PENDING,0.36861542568303207
CNc1ccc(F)cc1.COc1ccc(CC(=O)O)cc1,PENDING,0.5452903407319284
CNc1ccc(F)cc1.Cc1c(C(=O)O)oc2ccccc12,PENDING,0.6313164712194347
CNc1ccc(F)cc1.Cc1cc(C(=O)O)cc(Cl)n1,PENDING,0.5829757981532435
CNc1ccc(F)cc1.Cc1ccc(CC(=O)O)cc1,PENDING,0.5980803966324979
CNc1ccc(F)cc1.O=C(O)Cc1cc(F)cc(F)c1,PENDING,0.5607545445134214
CNc1ccc(F)cc1.O=C(O)c1cc(Cl)cc(Cl)n1,PENDING,0.7080434883506708
CNc1ccc(F)cc1.O=C(O)c1cc2ccccc2s1,PENDING,0.5768124525289944
CNc1ccc(F)cc1.O=C(O)c1ccc(Br)s1,PENDING,0.6587266699646724
CNc1ccc(F)cc1.O=C(O)c1ccc2nccnc2c1,PENDING,0.6425365718381638
CNc1ccc(OC)cc1.COc1ccc(CC(=O)O)cc1,PENDING,0.5650890254400324
CNc1ccc(OC)cc1.COc1ncc(Br)cc1C(=O)O,PENDING,0.652099943300943
CNc1ccc(OC)cc1.Cc1c(C(=O)O)oc2ccccc12,PENDING,0.6511151559275387
CNc1ccc(OC)cc1.Cc1ccc2cc(C(=O)O)ccc2n1,PENDING,0.6040696648642983
CNc1ccc(OC)cc1.O=C(O)C(c1ccccc1)c1ccccc1,PENDING,0.5975305830991996
CNc1ccc(OC)cc1.O=C(O)Cc1cc(F)cc(F)c1,PENDING,0.5805532292215254
CNc1ccc(OC)cc1.O=C(O)Cc1ccc2c(c1)OCO2,PENDING,0.6381072929273406
CNc1ccc(OC)cc1.O=C(O)c1cc(Cl)cc(Cl)n1,0.7466263,0.7278421730587749
CNc1ccc(OC)cc1.O=C(O)c1ccc([N+](=O)[O-])s1,PENDING,0.5527758422389182
CNc1ccc(OC)cc1.O=C(O)c1cnccn1,PENDING,0.658971549495299
CNc1ccc(OC)cc1.O=C(O)c1ncccn1,PENDING,0.525721289166406
COC(=O)c1cc(F)ccc1N.O=C(O)C(c1ccccc1)c1ccccc1,PENDING,0.682761241554839
COC(=O)c1cc(F)ccc1N.O=C(O)C1CN(C(=O)OCc2ccccc2)C1,PENDING,0.6638413167218211
COC(=O)c1cc(F)ccc1N.O=C(O)Cc1ccc2c(c1)OCO2,PENDING,0.72333795138298
COC(=O)c1cc(S(N)(=O)=O)ccc1OC.Cc1ccc(CC(=O)O)cc1,PENDING,0.9246467850282604
COC(=O)c1cc(S(N)(=O)=O)ccc1OC.O=C(O)c1ccnc(C(F)(F)F)c1,PENDING,0.8268371451570979
COC(=O)c1ccc(N)cc1.CC(NC(=O)OCc1ccccc1)C(=O)O,PENDING,0.7170678436310632
COC(=O)c1ccc(N)cc1.COc1cc(C(=O)O)cc(OC)c1OC,PENDING,0.7506859775579808
COC(=O)c1ccc(N)cc1.Cc1ccc(C(=O)O)cc1,PENDING,0.8175469419262952
COC(=O)c1ccc(N)cc1.O=C(O)c1ccc(Br)s1,PENDING,0.7831453477341481
COC(=O)c1ccc(N)cc1.O=C(O)c1ccc2c(c1)OC(F)(F)O2,PENDING,0.7513510157766998
COC(=O)c1ccc(N)cc1OC.Cc1cc(C(=O)O)cc(Cl)n1,PENDING,0.7556699724547778
COC(=O)c1ccc(N)cc1OC.Cc1ccc(C(=O)O)cc1,PENDING,0.8658224384583538
COC(=O)c1ccc(N)cc1OC.Cc1ccc(C(=O)O)cc1F,PENDING,0.7762593531885535
COC(=O)c1ccc(N)cc1OC.Cc1ccc2cc(C(=O)O)ccc2n1,PENDING,0.7569651544577286
COC(=O)c1ccc(N)cc1OC.O=C(O)COc1ccccc1,PENDING,0.8061555480429345
COC(=O)c1ccc(N)cc1OC.O=C(O)Cc1ccc2c(c1)OCO2,PENDING,0.7910027825207708
COC(=O)c1ccc(N)cc1OC.O=C(O)c1ccc(C(F)(F)F)cn1,PENDING,0.8653517974094517
COC(=O)c1ccc(N)cc1OC.O=C(O)c1ccc2c(c1)OC(F)(F)O2,PENDING,0.7996265123087585
COCCN1CCNCC1.Cc1ccc(CC(=O)O)cc1,PENDING,0.6454522289333668
COc1ccc(CN)cc1.CC(C(=O)O)c1ccc(CC2CCCC2=O)cc1,PENDING,0.6445102531730738
COc1ccc(CN)cc1.CC(C)(C(=O)O)c1ccccc1,PENDING,0.6980251408148088
COc1ccc(CN)cc1.CC(C)Cc1ccc(C(C)C(=O)O)cc1,PENDING,0.7395273024088584
COc1ccc(CN)cc1.COc1cc(C(=O)O)cc(OC)c1OC,PENDING,0.7974812461987599
COc1ccc(CN)cc1.COc1ccc(CC(=O)O)cc1,PENDING,0.7165042871421832
COc1ccc(CN)cc1.COc1ccc2cc(C(C)C(=O)O)ccc2c1,PENDING,0.6770859906902
COc1ccc(CN)cc1.Cc1cc(C)c(C(=O)O)c(C)c1,PENDING,0.79501056651598
COc1ccc(CN)cc1.Cc1cc(C)cc(C(=O)O)c1,PENDING,0.7562280205451257
COc1ccc(CN)cc1.Cc1cccc(C)c1C(=O)O,PENDING,0.8041866712175954
COc1ccc(CN)cc1.O=C(O)C(c1ccccc1)c1ccccc1,PENDING,0.7489458448013504
COc1ccc(CN)cc1.O=C(O)C1(c2ccccc2)CC1,PENDING,0.7737976088477501
COc1ccc(CN)cc1.O=C(O)C1c2ccccc2Oc2ccccc21,PENDING,0.755028727376473
COc1ccc(CN)cc1.O=C(O)Cc1cc(F)cc(F)c1,PENDING,0.7319684909236762
COc1ccc(N)cc1.CC(C)(C(=O)O)c1ccccc1,PENDING,0.649723711272791
COc1ccc(N)cc1.COc1ccc(CC(=O)O)cc1,PENDING,0.6682028576001654
COc1ccc(N)cc1.Cc1cc(C)cc(C(=O)O)c1,PENDING,0.707926591003108
COc1ccc(N)cc1.Cc1ccc(C(=O)O)cc1F,PENDING,0.7264776957552562
COc1ccc(N)cc1.Cc1cccc(C)c1C(=O)O,PENDING,0.7558852416755776
COc1ccc(N)cc1.Cn1cc(C(=O)O)c(C(F)F)n1,PENDING,0.6566756048638102
COc1ccc(N)cc1.O=C(O)c1cc2ccccc2s1,PENDING,0.6997249693972314
COc1ccc(N)cc1.O=C(O)c1ccc(C(F)(F)F)cn1,PENDING,0.8155701399761544
COc1ccc(N)cc1.O=C(O)c1ccc([N+](=O)[O-])s1,PENDING,0.6558896743990512
COc1ccc(N)cc1.O=C(O)c1cnccn1,0.7637526,0.7620853816554319
COc1ccc(N)cc1C.CC(C(=O)O)c1ccc(-c2ccccc2)c(F)c1,PENDING,0.6631070056033653
COc1ccc(N)cc1C.CC(C)(C(=O)O)c1ccccc1,PENDING,0.6532145246251205
COc1ccc(N)cc1C.CC(C)(C)c1cc(C(=O)O)cc(C(C)(C)C)c1,PENDING,0.7126785429769651
COc1ccc(N)cc1C.Cc1c(C(=O)O)oc2ccccc12,PENDING,0.7577198014400012
COc1ccc(N)cc1C.Cc1cc(C(=O)O)cc(Cl)n1,PENDING,0.70937912837381
COc1ccc(N)cc1C.Cc1ccc(C(=O)O)c2ccccc12,PENDING,0.7400700739281293
COc1ccc(N)cc1C.Cc1ccc(C(=O)O)cc1,PENDING,0.819531594377386
COc1ccc(N)cc1C.Cc1ccc(CC(=O)O)cc1,PENDING,0.7244837268530643
COc1ccc(N)cc1C.Cc1ccc(F)cc1C(=O)O,PENDING,0.8034863374118597
COc1ccc(N)cc1C.O=C(O)Cc1ccc([N+](=O)[O-])cc1,PENDING,0.47186664633289194
COc1ccc(N)cc1C.O=C(O)Cc1ccc2c(c1)C(=O)c1ccccc1CO2,PENDING,0.7237495718212662
COc1ccc(N)cc1C.O=C(O)c1cc(Cl)cc(Cl)n1,PENDING,0.8344468185712373
COc1ccc(N)cc1C.O=C(O)c1cc2ccccc2o1,PENDING,0.7031303046688308
COc1ccc(N)cc1C.O=C(O)c1cc2ccccc2s1,PENDING,0.7032157827495609
COc1ccc(N)cc1C.O=C(O)c1ccc([N+](=O)[O-])s1,PENDING,0.6593804877513807
COc1ccc(N)cc1C.O=C(O)c1ccc2c(c1)OC(F)(F)O2,PENDING,0.7533356682277906
COc1ccc(N)cc1C.O=C(O)c1ccnc(C(F)(F)F)c1,PENDING,0.6266740869819019
COc1ccc(N)cc1C.O=C(O)c1cnccn1,PENDING,0.7655761950077614
COc1ccc(N)cc1OC.O=C(O)C1C[C@H]1c1ccccc1,PENDING,0.7596516222374382
COc1ccc(N)cc1OC.O=C(O)COc1ccccc1,PENDING,0.7628427886179879
COc1ccc(N)cc1OC.O=C(O)Cc1cc(F)cc(F)c1,PENDING,0.6901359593900093
COc1ccc(N)cc1OC.O=C(O)Cc1ccc(C(F)(F)F)cc1,PENDING,0.5917502821882015
COc1ccc(N)cc1OC.O=C(O)c1c[nH]c2ncccc12,PENDING,0.7941939897473538
COc1ccc(N)cc1OC.O=C(O)c1ccc(F)cn1,0.810402145,0.8038664890287539
COc1ccc(N)cn1.CC(C(=O)O)c1ccc(CC2CCCC2=O)cc1,PENDING,0.5867694903294298
COc1ccc(N)cn1.CC(C)(C)OC(=O)N1CC2(CC2)CC1C(=O)O,PENDING,0.681394572711492
COc1ccc(N)cn1.CC(C)Cc1ccc(C(C)C(=O)O)cc1,PENDING,0.6817865395652144
COc1ccc(N)cn1.COc1ccc(CC(=O)O)cc1,PENDING,0.6587635242985392
COc1ccc(N)cn1.COc1ncc(Br)cc1C(=O)O,PENDING,0.7457744421594498
COc1ccc(N)cn1.Cc1cc(C(=O)O)cc(Cl)n1,PENDING,0.6964489817198544
COc1ccc(N)cn1.Cc1ccc(CC(=O)O)cc1,PENDING,0.7115535801991086
COc1ccc(N)cn1.Cc1ccc(F)cc1C(=O)O,PENDING,0.7905561907579041
COc1ccc(N)cn1.O=C(O)C1(c2ccccc2)CC1,PENDING,0.716056846004106
COc1ccc(N)cn1.O=C(O)C1CCCN1C(=O)OCc1ccccc1,PENDING,0.7210710181326753
COc1ccc(N)cn1.O=C(O)C1CN(C(=O)OCc2ccccc2)C1,PENDING,0.6722851571246885
COc1ccc(N)cn1.O=C(O)C1Cc2ccccc2C1,PENDING,0.7080127382651421
COc1ccc(N)cn1.O=C(O)COc1ccccc1,PENDING,0.7469345573080111
COc1ccc(N)cn1.O=C(O)Cc1cc(F)cc(F)c1,PENDING,0.6742277280800323
COc1ccc(N)cn1.O=C(O)Cc1ccc([N+](=O)[O-])cc1,PENDING,0.4589364996789363
COc1ccc(N)cn1.O=C(O)Cc1ccc2c(c1)OCO2,PENDING,0.7317817917858473
COc1ccc(N)cn1.O=C(O)c1cc2ccccc2o1,PENDING,0.6902001580148751
COc1ccc(N)cn1.O=C(O)c1cc2ccccc2s1,PENDING,0.6902856360956052
COc1ccc(N)cn1.O=C(O)c1ccc(Br)s1,PENDING,0.7721998535312833
COc1ccc(N)cn1.O=C(O)c1ccc(C(F)(F)F)cn1,PENDING,0.8061308066745282
COc1ccc(N)cn1.O=C(O)c1ccc2nccnc2c1,PENDING,0.7560097554047747
COc1ccc(N)cn1.O=C(O)c1cccc(-c2ccccc2)c1,PENDING,0.7177343034113454
COc1ccc(N)cn1.O=C(O)c1cnccn1,PENDING,0.7526460483538058
COc1ccc(S(N)(=O)=O)cc1.O=C(O)c1ccnc(C(F)(F)F)c1,PENDING,0.8355182461636106
CSc1ccc(N)cc1.Cc1ccc(F)cc1C(=O)O,PENDING,0.8264593692087322
CSc1ccc(N)cc1.Cc1ccc2cc(C(=O)O)ccc2n1,PENDING,0.7336473421736331
CSc1ccc(N)cc1.O=C(O)C(c1ccccc1)c1ccccc1,PENDING,0.7271082604085345
CSc1ccc(N)cc1.O=C(O)Cc1ccc([N+](=O)[O-])cc1,PENDING,0.49483967812976437
CSc1ccc(N)cc1.O=C(O)Cc1ccc2c(c1)OCO2,PENDING,0.7676849702366755
CSc1cccc(N)c1.COc1ccc(CC(=O)O)cc1,PENDING,0.690990234253551
CSc1cccc(N)c1.Cc1cc(C(=O)O)cc(Cl)n1,PENDING,0.7286756916748662
CSc1cccc(N)c1.Cc1ccc(C(=O)O)cc1,PENDING,0.8388281576784421
CSc1cccc(N)c1.Cc1ccc(C(=O)O)cc1F,PENDING,0.7492650724086418
CSc1cccc(N)c1.O=C(O)Cc1ccc2c(c1)OCO2,PENDING,0.7640085017408592
CSc1cccc(N)c1.O=C(O)c1ccc(C(F)(F)F)cn1,PENDING,0.8383575166295401
CSc1cccc(N)c1.O=C(O)c1ccc2c(c1)OC(F)(F)O2,PENDING,0.7726322315288467
CSc1cccc(N)c1.O=C(O)c1ccco1,PENDING,0.8556199420028839
C[C@@H](N)c1ccccc1.Cc1cc(C(=O)O)cc(Cl)n1,PENDING,0.7054641975113844
C[C@@H](N)c1ccccc1.Cc1ccc(C(=O)O)cc1F,PENDING,0.7260535782451601
C[C@@H](N)c1ccccc1.O=C(O)/C=C/c1ccccc1,PENDING,0.8435112726382513
C[C@@H](N)c1ccccc1.O=C(O)C1c2ccccc2Oc2ccccc21,PENDING,0.706303180324359
C[C@@H](N)c1ccccc1.O=C(O)Cc1cc(F)cc(F)c1,PENDING,0.6832429438715624
C[C@@H](N)c1ccccc1.O=C(O)Cc1ccc2c(c1)OCO2,PENDING,0.7407970075773774
C[C@@H](N)c1ccccc1.O=C(O)c1ccc(Br)s1,PENDING,0.7812150693228134
C[C@@H](N)c1ccccc1.O=C(O)c1ccc2nccnc2c1,PENDING,0.7650249711963047
C[C@@H](N)c1ccccc1.O=C(O)c1ccco1,PENDING,0.8324084478394023
C[C@@H](N)c1ccccc1.O=C(O)c1ncccn1,0.823447054,0.628411003816443
C[C@H](N)c1cccc2ccccc12.COc1ncc(Br)cc1C(=O)O,PENDING,0.8425844432183124
C[C@H](N)c1cccc2ccccc12.O=C(O)C1Cc2ccccc2C1,PENDING,0.8048227393240048
C[C@H](N)c1cccc2ccccc12.O=C(O)Cc1ccc2c(c1)OCO2,PENDING,0.82859179284471
C[C@H](N)c1cccc2ccccc12.O=C(O)c1cc2ccccc2o1,PENDING,0.7870101590737377
C[C@H](N)c1cccc2ccccc12.O=C(O)c1cc2ccccc2s1,PENDING,0.7870956371544678
C[C@H](N)c1cccc2ccccc12.O=C(O)c1ccc2c(c1)OCCO2,PENDING,0.713990372864041
C[C@H](N)c1cccc2ccccc12.O=C(O)c1ccc2nccnc2c1,PENDING,0.8528197564636373
C[C@H](N)c1cccc2ccccc12.O=C(O)c1ncccn1,PENDING,0.7162057890837755
Cc1ccc(CN)cc1.CC(C)(C)c1cc(C(=O)O)cc(C(C)(C)C)c1,PENDING,0.6887231793679603
Cc1ccc(CN)cc1.CC(C)Cc1ccc(C(C)C(=O)O)cc1,PENDING,0.6707613226101654
Cc1ccc(CN)cc1.COc1cc(C(=O)O)cc(OC)c1OC,PENDING,0.7287152664000669
Cc1ccc(CN)cc1.COc1ccc(CC(=O)O)cc1,PENDING,0.6477383073434901
Cc1ccc(CN)cc1.COc1ccc2cc(C(C)C(=O)O)ccc2c1,PENDING,0.6083200108915069
Cc1ccc(CN)cc1.COc1ncc(Br)cc1C(=O)O,PENDING,0.7347492252044007
Cc1ccc(CN)cc1.Cc1cc(C(=O)O)cc(Cl)n1,PENDING,0.6854237647648053
Cc1ccc(CN)cc1.Cc1cc(C)c(C(=O)O)c(C)c1,0.5073906,0.726244586717287
Cc1ccc(CN)cc1.Cc1cc(C)cc(C(=O)O)c1,PENDING,0.6874620407464327
Cc1ccc(CN)cc1.Cc1cccc(C)c1C(=O)O,PENDING,0.7354206914189023
Cc1ccc(CN)cc1.N#Cc1ccc(C(=O)O)cc1,PENDING,0.7189912743427818
Cc1ccc(CN)cc1.O=C(O)/C=C/c1ccccc1,PENDING,0.8234708398916722
Cc1ccc(CN)cc1.O=C(O)C(c1ccccc1)c1ccccc1,PENDING,0.6801798650026573
Cc1ccc(CN)cc1.O=C(O)C1c2ccccc2Oc2ccccc21,PENDING,0.6862627475777798
Cc1ccc(CN)cc1.O=C(O)COc1ccccc1,PENDING,0.735909340352962
Cc1ccc(CN)cc1.O=C(O)Cc1ccc([N+](=O)[O-])cc1,PENDING,0.4479112827238872
Cc1ccc(CN)cc1.O=C(O)Cc1ccc2c(c1)C(=O)c1ccccc1CO2,PENDING,0.6997942082122615
Cc1ccc(CN)cc1.O=C(O)Cc1ccc2c(c1)OCO2,PENDING,0.7207565748307982
Cc1ccc(CN)cc1.O=C(O)c1cc2ccccc2o1,PENDING,0.679174941059826
Cc1ccc(CN)cc1.O=C(O)c1cc2ccccc2s1,PENDING,0.6792604191405561
Cc1ccc(CN)cc1.O=C(O)c1ccc(Br)s1,PENDING,0.7611746365762342
Cc1ccc(CN)cc1.O=C(O)c1ccc([N+](=O)[O-])cc1,PENDING,0.6074747698478429
Cc1ccc(CN)cc1.O=C(O)c1ccc2c(c1)OCCO2,PENDING,0.6061551548501293
Cc1ccc(CN)cc1.O=C(O)c1ccc2nccnc2c1,PENDING,0.7449845384497256
Cc1ccc(CN)cc1.O=C(O)c1ncccn1,PENDING,0.6083705710698638
Cc1ccc(Cl)c(N)c1.Cc1cc(C(=O)O)cc(Cl)n1,PENDING,0.6980910777204828
Cc1ccc(Cl)c(N)c1.O=C(O)Cc1cc(F)cc(F)c1,PENDING,0.6758698240806608
Cc1ccc(Cl)c(N)c1.O=C(O)Cc1ccc([N+](=O)[O-])cc1,PENDING,0.46057859567956483
Cc1ccc(Cl)c(N)c1.O=C(O)Cc1ccc2c(c1)OCO2,PENDING,0.7334238877864758
Cc1ccc(N)c(C)c1.CC(NC(=O)OCc1ccccc1)C(=O)O,PENDING,0.7162141712068955
Cc1ccc(N)c(C)c1.COc1cc(C(=O)O)cc(OC)c1OC,PENDING,0.749832305133813
Cc1ccc(N)c(C)c1.COc1ccc(CC(=O)O)cc1,PENDING,0.6688553460772363
Cc1ccc(N)c(C)c1.COc1ncc(Br)cc1C(=O)O,PENDING,0.7558662639381469
Cc1ccc(N)c(C)c1.Cc1ccc(C(=O)O)cc1F,PENDING,0.7271301842323271
Cc1ccc(N)c(C)c1.Cc1ccc(CC(=O)O)cc1,PENDING,0.7216454019778058
Cc1ccc(N)c(C)c1.Cc1ccc2cc(C(=O)O)ccc2n1,PENDING,0.7078359855015022
Cc1ccc(N)c(C)c1.O=C(O)COc1ccccc1,PENDING,0.7570263790867081
Cc1ccc(N)c(C)c1.O=C(O)Cc1ccc2c(c1)OCO2,PENDING,0.7418736135645445
Cc1ccc(N)c(C)c1.O=C(O)c1ccc2nccnc2c1,PENDING,0.7661015771834717
Cc1ccc(N)c(C)c1.O=C(O)c1ccco1,PENDING,0.8334850538265692
Cc1ccc(N)cc1.COc1ncc(Br)cc1C(=O)O,PENDING,0.7430285531517763
Cc1ccc(N)cc1.Cc1cc(C(=O)O)cc(Cl)n1,PENDING,0.6937030927121809
Cc1ccc(N)cc1.Cc1ccc(F)cc1C(=O)O,PENDING,0.7878103017502306
Cc1ccc(N)cc1.O=C(O)C1Cc2ccccc2C1,PENDING,0.7052668492574686
Cc1ccc(N)cc1.O=C(O)Cc1ccc([N+](=O)[O-])cc1,PENDING,0.45619061067126276
Cc1ccc(N)cc1.O=C(O)c1cc2ccccc2s1,PENDING,0.6875397470879318
Cc1ccc(N)cc1.O=C(O)c1ccc2c(c1)OCCO2,PENDING,0.6144344827975048
Cc1ccc(N)cc1.O=C(O)c1ccc2nccnc2c1,PENDING,0.7532638663971011
Cc1ccc(N)cc1.O=C(O)c1ncccn1,PENDING,0.6166498990172393
Cc1ccc(N)nc1.O=C(O)Cc1ccc2c(c1)OCO2,PENDING,0.7161492553560229
Cc1ccc(N)nc1.O=C(O)c1cc2ccccc2s1,PENDING,0.6746530996657808
Cc1ccc(N)nc1.O=C(O)c1ccc2c(c1)OCCO2,PENDING,0.601547835375354
Cc1ccc(Oc2ccc(N)cc2)cc1.Cc1cc(C)c(C(=O)O)c(C)c1,PENDING,0.7286352061590973
Cc1ccc(Oc2ccc(N)cc2)cc1.O=C(O)C1CCC(F)(F)CC1,PENDING,0.7151493175793343
Cc1ccc(Oc2ccc(N)cc2)cc1.O=C(O)C1CCCN1C(=O)OCc1ccccc1,PENDING,0.7124364206194366
Cc1ccc(Oc2ccc(N)cc2)cc1.O=C(O)C1C[C@H]1c1ccccc1,PENDING,0.7351087934142225
Cc1ccc(Oc2ccc(N)cc2)cc1.O=C(O)Cc1ccc(C(F)(F)F)cc1,PENDING,0.5672074533649858
Cc1ccc(Oc2ccc(N)cc2)cc1.O=C(O)Cc1ccc2c(c1)OCO2,PENDING,0.7231471942726087
Cc1ccc(Oc2ccc(N)cc2)cc1.O=C(O)c1ccc(C(F)(F)F)cn1,PENDING,0.7974962091612895
Cc1ccc(Oc2ccc(N)cc2)cc1.O=C(O)c1ccc(F)cn1,PENDING,0.7793236602055383
Cc1ccc([N+](=O)[O-])cc1N.CC(C(=O)O)c1ccc(-c2ccccc2)c(F)c1,PENDING,0.6279161270733397
Cc1ccc([N+](=O)[O-])cc1N.CC(C)(C)c1cc(C(=O)O)cc(C(C)(C)C)c1,PENDING,0.6774876644469394
Cc1ccc([N+](=O)[O-])cc1N.COc1ccc(CC(=O)O)cc1,PENDING,0.6365027924224692
Cc1ccc([N+](=O)[O-])cc1N.Cc1cc(C(=O)O)cc(Cl)n1,PENDING,0.6741882498437843
Cc1ccc([N+](=O)[O-])cc1N.Cc1ccc(CC(=O)O)cc1,PENDING,0.6892928483230387
Cc1ccc([N+](=O)[O-])cc1N.O=C(O)Cc1ccc2c(c1)C(=O)c1ccccc1CO2,PENDING,0.6885586932912406
Cc1ccc([N+](=O)[O-])cc1N.O=C(O)Cc1ccc2c(c1)OCO2,PENDING,0.7095210599097774
Cc1ccc([N+](=O)[O-])cc1N.O=C(O)c1cc2ccccc2o1,PENDING,0.6679394261388051
Cc1ccc([N+](=O)[O-])cc1N.O=C(O)c1cc2ccccc2s1,PENDING,0.6680249042195353
Cc1ccc([N+](=O)[O-])cc1N.O=C(O)c1ccc(C(F)(F)F)cn1,0.8184104,0.7838700747984582
Cc1ccc([N+](=O)[O-])cc1N.O=C(O)c1ccc([N+](=O)[O-])s1,PENDING,0.624189609221355
Cc1ccc([N+](=O)[O-])cc1N.O=C(O)c1ccco1,PENDING,0.8011325001718022
Cc1ccc([N+](=O)[O-])cc1N.O=C(O)c1cnccn1,PENDING,0.7303853164777357
Cc1ccc2cccc(N)c2n1.CC(C(=O)O)c1ccc(-c2ccccc2)c(F)c1,PENDING,0.6558317590840244
Cc1ccc2cccc(N)c2n1.CC(C(=O)O)c1ccc(CC2CCCC2=O)cc1,PENDING,0.5924243904640445
Cc1ccc2cccc(N)c2n1.COc1cc(C(=O)O)cc(OC)c1OC,PENDING,0.7453953834897307
Cc1ccc2cccc(N)c2n1.COc1ccc(CC(=O)O)cc1,PENDING,0.6644184244331539
Cc1ccc2cccc(N)c2n1.COc1ccc2cc(C(C)C(=O)O)ccc2c1,PENDING,0.6250001279811708
Cc1ccc2cccc(N)c2n1.COc1ncc(Br)cc1C(=O)O,PENDING,0.7514293422940646
Cc1ccc2cccc(N)c2n1.Cc1cc(C(=O)O)cc(Cl)n1,PENDING,0.702103881854469
Cc1ccc2cccc(N)c2n1.Cc1ccc(CC(=O)O)cc1,PENDING,0.7172084803337234
Cc1ccc2cccc(N)c2n1.Cc1ccc(F)cc1C(=O)O,PENDING,0.7962110908925188
Cc1ccc2cccc(N)c2n1.Cc1ccc2cc(C(=O)O)ccc2n1,0.6857718,0.7033990638574198
Cc1ccc2cccc(N)c2n1.N#Cc1ccc(C(=O)O)cc1,PENDING,0.7356713914324455
Cc1ccc2cccc(N)c2n1.O=C(O)C(c1ccccc1)c1ccccc1,PENDING,0.6968599820923211
Cc1ccc2cccc(N)c2n1.O=C(O)C1C[C@H]1c1ccccc1,PENDING,0.7493982910620759
Cc1ccc2cccc(N)c2n1.O=C(O)COc1ccccc1,PENDING,0.7525894574426257
Cc1ccc2cccc(N)c2n1.O=C(O)Cc1ccc(C(F)(F)F)cc1,PENDING,0.5814969510128392
Cc1ccc2cccc(N)c2n1.O=C(O)Cc1ccc2c(c1)C(=O)c1ccccc1CO2,PENDING,0.7164743253019253
Cc1ccc2cccc(N)c2n1.O=C(O)Cc1ccc2c(c1)OCO2,PENDING,0.7374366919204621
Cc1ccc2cccc(N)c2n1.O=C(O)c1cc(Cl)cc(Cl)n1,PENDING,0.8271715720518963
Cc1ccc2cccc(N)c2n1.O=C(O)c1cc2ccccc2s1,0.7542636,0.69594053623022
Cc1ccc2cccc(N)c2n1.O=C(O)c1ccc(Br)s1,PENDING,0.777854753665898
Cc1ccc2cccc(N)c2n1.O=C(O)c1ccc(C(F)(F)F)cn1,0.909979,0.811785706809143
Cc1ccc2cccc(N)c2n1.O=C(O)c1ccc(F)cn1,0.907561613,0.7936131578533917
Cc1ccc2cccc(N)c2n1.O=C(O)c1ccc2c(c1)OCCO2,0.77588,0.622835271939793
Cc1ccc2cccc(N)c2n1.O=C(O)c1ccc2nccnc2c1,0.79,0.7616646555393893
Cc1ccc2cccc(N)c2n1.O=C(O)c1ncccn1,0.4466826,0.6250506881595276
Cc1cccc(N)c1C.COc1ccc(CC(=O)O)cc1,PENDING,0.6679527370172882
Cc1cccc(N)c1C.Cc1cc(C(=O)O)cc(Cl)n1,PENDING,0.7056381944386033
Cc1cccc(N)c1C.Cc1ccc(CC(=O)O)cc1,PENDING,0.7207427929178576
Cc1cccc(N)c1C.Cc1ccc2cc(C(=O)O)ccc2n1,PENDING,0.7069333764415541
Cc1cccc(N)c1C.O=C(O)COc1ccccc1,PENDING,0.75612377002676
Cc1cccc(N)c1C.O=C(O)c1ccc2c(c1)OC(F)(F)O2,PENDING,0.7495947342925839
Cc1cccc(N)c1C.O=C(O)c1ccc2nccnc2c1,PENDING,0.7651989681235236
Cc1ccccc1N.COc1ccc(CC(=O)O)cc1,PENDING,0.6630971352670854
Cc1ccccc1N.COc1ncc(Br)cc1C(=O)O,PENDING,0.7501080531279959
Cc1ccccc1N.Cc1cc(C(=O)O)cc(Cl)n1,PENDING,0.7007825926884005
Cc1ccccc1N.O=C(O)C1c2ccccc2Oc2ccccc21,PENDING,0.701621575501375
Cc1ccccc1N.O=C(O)Cc1ccc2c(c1)OCO2,PENDING,0.7361154027543935
Cc1ccccc1N.O=C(O)c1ccc2c(c1)OC(F)(F)O2,PENDING,0.7447391325423811
Cc1ccccc1N.O=C(O)c1ccc2nccnc2c1,PENDING,0.7603433663733208
Cc1cn(-c2cc(N)cc(C(F)(F)F)c2)cn1.COc1cc(C(=O)O)cc(OC)c1OC,PENDING,0.7859044604719614
Cc1cn(-c2cc(N)cc(C(F)(F)F)c2)cn1.COc1ncc(Br)cc1C(=O)O,PENDING,0.7919384192762952
Cc1cn(-c2cc(N)cc(C(F)(F)F)c2)cn1.Cc1ccc2cc(C(=O)O)ccc2n1,PENDING,0.7439081408396505
Cc1cn(-c2cc(N)cc(C(F)(F)F)c2)cn1.O=C(O)Cc1ccc2c(c1)C(=O)c1ccccc1CO2,PENDING,0.756983402284156
Cn1c(N)nc2ccccc21.CC(C)(C)c1cc(C(=O)O)cc(C(C)(C)C)c1,PENDING,0.7821631283810438
Cn1c(N)nc2ccccc21.Cc1cc(C(=O)O)cc(Cl)n1,PENDING,0.7788637137778888
Cn1c(N)nc2ccccc21.Cn1cc(C(=O)O)c(C(F)F)n1,0.648,0.7296510036202184
Cn1c(N)nc2ccccc21.O=C(O)C1CC=CCC1,PENDING,0.8520111082833239
Cn1c(N)nc2ccccc21.O=C(O)C1c2ccccc2Oc2ccccc21,PENDING,0.7797026965908633
Cn1c(N)nc2ccccc21.O=C(O)c1cc2ccccc2o1,PENDING,0.7726148900729095
Cn1c(N)nc2ccccc21.O=C(O)c1ccc(F)cn1,PENDING,0.8703729897768114
Cn1c(N)nc2ccccc21.O=C(O)c1ccnc(C(F)(F)F)c1,PENDING,0.6961586723859806
NC1CCCCC1.O=C(O)Cc1ccc2c(c1)C(=O)c1ccccc1CO2,PENDING,0.5454151572055659
NC1CCCCC1.O=C(O)c1ccc2nccnc2c1,PENDING,0.59060548744303
NC1CCc2ccccc21.Cc1cc(C(=O)O)cc(Cl)n1,PENDING,0.7676752874308422
NC1CCc2ccccc21.Cc1ccc2cc(C(=O)O)ccc2n1,PENDING,0.768970469433793
NC1CCc2ccccc21.O=C(O)COc1ccccc1,PENDING,0.8181608630189989
NC1CCc2ccccc21.O=C(O)c1ccc2nccnc2c1,PENDING,0.8272360611157625
NC1CCc2ccccc21.O=C(O)c1ccccc1Cc1ccccc1,PENDING,0.810721686820016
NCC1CC1.O=C(O)Cc1ccc(C(F)(F)F)cc1,PENDING,0.4234354647339536
NCc1ccc(Br)cc1.CC(C)(C)OC(=O)N1CC2(CC2)CC1C(=O)O,PENDING,0.7292414563529214
NCc1ccc(Br)cc1.O=C(O)C1CCN(C(=O)OCc2ccccc2)CC1,PENDING,0.6620640265815351
NCc1ccc(Br)cc1.O=C(O)C1C[C@H]1c1ccccc1,PENDING,0.7915902745688906
NCc1ccc(Br)cc1.O=C(O)c1cc(Cl)cc(Cl)n1,PENDING,0.869363555558711
NCc1ccc(Cl)cc1.CC(C)(C(=O)O)c1ccccc1,PENDING,0.6803645013466793
NCc1ccc(Cl)cc1.Cc1cc(C)c(C(=O)O)c(C)c1,PENDING,0.7773499270478503
NCc1ccc(Cl)cc1.Cc1ccc(CC(=O)O)cc1,PENDING,0.751633703574623
NCc1ccc(Cl)cc1.O=C(O)/C=C/c1ccccc1,PENDING,0.8745761802222356
NCc1ccc(Cl)cc1.O=C(O)C(c1ccccc1)c1ccccc1,PENDING,0.7312852053332207
NCc1ccc(Cl)cc1.O=C(O)C1Cc2ccccc2C1,PENDING,0.7480928616406565
NCc1ccc(Cl)cc1.O=C(O)C1c2ccccc2Oc2ccccc21,PENDING,0.7373680879083433
NCc1ccc(Cl)cc1.O=C(O)Cc1cc(F)cc(F)c1,PENDING,0.7143078514555466
NCc1ccc(Cl)cc1.O=C(O)Cc1ccc(C(F)(F)F)cc1,PENDING,0.6159221742537389
NCc1ccc(Cl)cc1.O=C(O)c1cc2ccccc2s1,PENDING,0.7303657594711196
NCc1ccc(Cl)cc1.O=C(O)c1ccc2c(c1)OCCO2,PENDING,0.6572604951806927
NCc1ccc(Cl)cc1.O=C(O)c1ccc2nccnc2c1,PENDING,0.796089878780289
NCc1ccc(Cl)cc1.O=C(O)c1cccc(-c2ccccc2)c1,PENDING,0.7578144267868597
NCc1ccc(Cl)cc1.O=C(O)c1ccco1,0.8153189,0.8634733554233865
NCc1ccc(F)cc1.CC(C(=O)O)c1ccc(-c2ccccc2)c(F)c1,PENDING,0.6995376122398257
NCc1ccc(F)cc1.COc1ccc2cc(C(C)C(=O)O)ccc2c1,PENDING,0.6687059811369721
NCc1ccc(F)cc1.Cc1cc(C)c(C(=O)O)c(C)c1,PENDING,0.7866305569627521
NCc1ccc(F)cc1.Cc1cc(C)cc(C(=O)O)c1,PENDING,0.7478480109918978
NCc1ccc(F)cc1.Cc1ccc(C(=O)O)c2ccccc12,PENDING,0.7765006805645898
NCc1ccc(F)cc1.O=C(O)Cc1ccc2c(c1)C(=O)c1ccccc1CO2,PENDING,0.7601801784577267
NCc1ccc(F)cc1.O=C(O)Cc1ccc2c(c1)OCO2,PENDING,0.7811425450762635
NCc1ccc(F)cc1F.CC(C)(C(=O)O)c1ccccc1,PENDING,0.6246198687211808
NCc1ccc(F)cc1F.COc1ccc2cc(C(C)C(=O)O)ccc2c1,PENDING,0.603680718596572
NCc1ccc(F)cc1F.COc1ncc(Br)cc1C(=O)O,PENDING,0.7301099329094657
NCc1ccc(F)cc1F.Cc1cc(C(=O)O)cc(Cl)n1,PENDING,0.6807844724698703
NCc1ccc(F)cc1F.Cc1cc(C)cc(C(=O)O)c1,PENDING,0.6828227484514977
NCc1ccc(F)cc1F.Cc1ccc2cc(C(=O)O)ccc2n1,PENDING,0.682079654472821
NCc1ccc(F)cc1F.O=C(O)C(c1ccccc1)c1ccccc1,PENDING,0.6755405727077223
NCc1ccc(F)cc1F.O=C(O)Cc1ccc(C(F)(F)F)cc1,PENDING,0.5601775416282404
NCc1ccc(F)cc1F.O=C(O)Cc1ccc2c(c1)C(=O)c1ccccc1CO2,PENDING,0.6951549159173265
NCc1ccc(F)cc1F.O=C(O)Cc1ccc2c(c1)OCO2,PENDING,0.7161172825358633
NCc1ccc(F)cc1F.O=C(O)c1cc2ccccc2o1,PENDING,0.674535648764891
NCc1ccc(F)cc1F.O=C(O)c1ccc(Br)s1,0.716614498,0.7565353442812992
NCc1ccc(F)cc1F.O=C(O)c1ccc2nccnc2c1,PENDING,0.7403452461547906
NCc1ccc(F)cc1F.O=C(O)c1ccco1,PENDING,0.8077287227978881
NCc1ccc(F)cc1F.O=C(O)c1cnccn1,PENDING,0.7369815391038217
NCc1ccc(F)cc1F.O=C(O)c1ncccn1,0.6082119,0.6037312787749288
NCc1ccc2c(c1)OCO2.CC(C(=O)O)c1ccc(-c2ccccc2)c(F)c1,PENDING,0.7524860892983232
NCc1ccc2c(c1)OCO2.CC(C(=O)O)c1ccc(CC2CCCC2=O)cc1,PENDING,0.6890787206783434
NCc1ccc2c(c1)OCO2.CC(C)(C(=O)O)c1ccccc1,PENDING,0.7425936083200785
NCc1ccc2c(c1)OCO2.Cc1ccc(CC(=O)O)cc1,PENDING,0.8138628105480222
NCc1ccc2c(c1)OCO2.O=C(O)/C=C/c1ccccc1,PENDING,0.9368052871956349
NCc1ccc2c(c1)OCO2.O=C(O)C1CCC(F)(F)CC1,PENDING,0.8260931454414866
NCc1ccc2c(c1)OCO2.O=C(O)C1CCN(C(=O)OCc2ccccc2)CC1,PENDING,0.7165263732890192
NCc1ccc2c(c1)OCO2.O=C(O)C1C[C@H]1c1ccccc1,PENDING,0.8460526212763748
NCc1ccc2c(c1)OCO2.O=C(O)C1c2ccccc2Oc2ccccc21,PENDING,0.7995971948817425
NCc1ccc2c(c1)OCO2.O=C(O)COc1ccccc1,PENDING,0.8492437876569247
NCc1ccc2c(c1)OCO2.O=C(O)Cc1cc(F)cc(F)c1,PENDING,0.7765369584289459
NCc1ccc2c(c1)OCO2.O=C(O)Cc1ccc2c(c1)C(=O)c1ccccc1CO2,PENDING,0.8131286555162242
NCc1ccc2c(c1)OCO2.O=C(O)c1ccc(C(F)(F)F)cn1,0.9440239,0.9084400370234418
NCc1ccc2c(c1)OCO2.O=C(O)c1ccco1,0.94339445,0.9257024623967858
NCc1ccc2c(c1)OCO2.O=C(O)c1ncccn1,0.467511,0.7217050183738265
NCc1cccc2ccccc12.CC(C(=O)O)c1ccc(CC2CCCC2=O)cc1,PENDING,0.6917591235379857
NCc1cccc2ccccc12.CC(C)(C(=O)O)c1ccccc1,PENDING,0.7452740111797209
NCc1cccc2ccccc12.COc1ncc(Br)cc1C(=O)O,PENDING,0.8507640753680058
NCc1cccc2ccccc12.Cc1cc(C(=O)O)cc(Cl)n1,PENDING,0.8014386149284104
NCc1cccc2ccccc12.Cc1ccc(CC(=O)O)cc1,PENDING,0.8165432134076647
NCc1cccc2ccccc12.Cc1ccc(F)cc1C(=O)O,PENDING,0.8955458239664601
NCc1cccc2ccccc12.Cc1ccc2cc(C(=O)O)ccc2n1,PENDING,0.802733796931361
NCc1cccc2ccccc12.O=C(O)/C=C/c1ccccc1,PENDING,0.9394856900552773
NCc1cccc2ccccc12.O=C(O)C(c1ccccc1)c1ccccc1,PENDING,0.7961947151662624
NCc1cccc2ccccc12.O=C(O)C1Cc2ccccc2C1,PENDING,0.8130023714736981
NCc1cccc2ccccc12.O=C(O)COc1ccccc1,PENDING,0.851924190516567
NCc1cccc2ccccc12.O=C(O)Cc1cc(F)cc(F)c1,PENDING,0.7792173612885882
NCc1cccc2ccccc12.O=C(O)Cc1ccc2c(c1)OCO2,PENDING,0.8367714249944034
NCc1cccc2ccccc12.O=C(O)c1cc2ccccc2s1,0.7840125,0.7952752693041613
NCc1cccc2ccccc12.O=C(O)c1ccc2nccnc2c1,PENDING,0.8609993886133307
NCc1cccc2ccccc12.O=C(O)c1cccc(-c2ccccc2)c1,PENDING,0.8227239366199013
NCc1cccc2ccccc12.O=C(O)c1cnccn1,PENDING,0.8576356815623618
NCc1cccc2ccccc12.O=C(O)c1ncccn1,PENDING,0.7243854212334688
NCc1ccccc1.CC(C(=O)O)c1ccc(-c2ccccc2)c(F)c1,PENDING,0.6664897175881928
NCc1ccccc1.CC(C)(C(=O)O)c1ccccc1,PENDING,0.656597236609948
NCc1ccccc1.COc1ccc2cc(C(C)C(=O)O)ccc2c1,PENDING,0.6356580864853391
NCc1ccccc1.Cc1cc(C)cc(C(=O)O)c1,PENDING,0.7148001163402649
NCc1ccccc1.Cc1ccc2cc(C(=O)O)ccc2n1,0.7229214,0.7140570223615882
NCc1ccccc1.N#Cc1ccc(C(=O)O)cc1,0.85741,0.7463293499366139
NCc1ccccc1.O=C(O)C(c1ccccc1)c1ccccc1,PENDING,0.7075179405964894
NCc1ccccc1.O=C(O)C1c2ccccc2Oc2ccccc21,PENDING,0.713600823171612
NCc1ccccc1.O=C(O)Cc1ccc(C(F)(F)F)cc1,PENDING,0.5921549095170076
NCc1ccccc1.O=C(O)Cc1ccc2c(c1)C(=O)c1ccccc1CO2,PENDING,0.7271322838060936
NCc1ccccc1.O=C(O)Cc1ccc2c(c1)OCO2,PENDING,0.7480946504246304
NCc1ccccc1.O=C(O)c1ccc([N+](=O)[O-])cc1,0.8078887,0.634812845441675
NCc1ccccc1C(F)(F)F.Cc1ccc(CC(=O)O)cc1,PENDING,0.552715709139845
NCc1ccccc1C(F)(F)F.Cc1ccc(F)cc1C(=O)O,PENDING,0.6317183196986405
NCc1ccccc1C(F)(F)F.Cc1ccc2cc(C(=O)O)ccc2n1,PENDING,0.5389062926635414
NCc1ccccc1C(F)(F)F.O=C(O)C(c1ccccc1)c1ccccc1,PENDING,0.5323672108984427
NCc1ccccc1C(F)(F)F.O=C(O)Cc1ccc2c(c1)C(=O)c1ccccc1CO2,PENDING,0.5519815541080468
NCc1ccccc1C(F)(F)F.O=C(O)c1ccc(Br)s1,PENDING,0.6133619824720196
NCc1ccccc1C(F)(F)F.O=C(O)c1ccc2nccnc2c1,PENDING,0.5971718843455109
NCc1ccccc1C(F)(F)F.O=C(O)c1cccc(-c2ccccc2)c1,PENDING,0.5588964323520816
NCc1ccco1.Cc1ccc(CC(=O)O)cc1,PENDING,0.6284631868605778
NCc1ccco1.Cc1ccc2cc(C(=O)O)ccc2n1,PENDING,0.6146537703842743
NCc1ccco1.O=C(O)C1Cc2ccccc2C1,PENDING,0.6249223449266113
NCc1ccco1.O=C(O)Cc1ccc([N+](=O)[O-])cc1,PENDING,0.37584610634040544
NCc1ccco1.O=C(O)Cc1ccc2c(c1)C(=O)c1ccccc1CO2,PENDING,0.6277290318287797
NCc1ccco1.O=C(O)c1ccc(C(F)(F)F)cn1,PENDING,0.7230404133359973
NS(=O)(=O)c1cc(F)cc(F)c1.O=C(O)c1ccnc(C(F)(F)F)c1,PENDING,0.8412231730507758
Nc1ccc(Cl)cc1.COc1ccc2cc(C(C)C(=O)O)ccc2c1,PENDING,0.6177792555015857
Nc1ccc(Cl)cc1.Cc1ccc(C(=O)O)cc1F,PENDING,0.7154723901086598
Nc1ccc(Cl)cc1.O=C(O)COc1ccccc1,PENDING,0.7453685849630408
Nc1ccc(Cl)cc1.O=C(O)Cc1ccc(C(F)(F)F)cc1,PENDING,0.5742760785332542
Nc1ccc(Cl)cc1.O=C(O)c1cc2ccccc2o1,PENDING,0.6886341856699049
Nc1ccc(Cl)cn1.COc1ncc(Br)cc1C(=O)O,PENDING,0.7338339030290517
Nc1ccc(F)nc1.Cc1ccc2cc(C(=O)O)ccc2n1,PENDING,0.6707692025998976
Nc1ccc(F)nc1.O=C(O)C(c1ccccc1)c1ccccc1,PENDING,0.6642301208347988
Nc1ccc(F)nc1.O=C(O)COc1ccccc1,PENDING,0.7199595961851035
Nc1ccc(F)nc1.O=C(O)Cc1cc(F)cc(F)c1,PENDING,0.6472527669571247
Nc1ccc(F)nc1.O=C(O)Cc1ccc2c(c1)C(=O)c1ccccc1CO2,PENDING,0.683844464044403
Nc1ccc(F)nc1.O=C(O)Cc1ccc2c(c1)OCO2,PENDING,0.7048068306629398
Nc1ccc2c(c1)OCCO2.O=C(O)COc1ccccc1,PENDING,0.7692026991705342
Nc1ccc2c(c1)OCCO2.O=C(O)Cc1cc(F)cc(F)c1,PENDING,0.6964958699425554
Nc1ccc2c(c1)OCCO2.O=C(O)Cc1ccc2c(c1)C(=O)c1ccccc1CO2,PENDING,0.7330875670298338
Nc1ccc2c(c1)OCCO2.O=C(O)Cc1ccc2c(c1)OCO2,PENDING,0.7540499336483706
Nc1ccc2nccnc2c1.Cc1cc(C(=O)O)cc(Cl)n1,PENDING,0.7789615870494494
Nc1ccc2nccnc2c1.O=C(O)c1cc2ccccc2s1,PENDING,0.7727982414252004
Nc1ccc2nccnc2c1.O=C(O)c1ccnc(C(F)(F)F)c1,PENDING,0.6962565456575412
Nc1ccc2scnc2c1.O=C(O)C(c1ccccc1)c1ccccc1,PENDING,0.6880622624598147
Nc1ccc2scnc2c1.O=C(O)Cc1cc(F)cc(F)c1,PENDING,0.6710849085821405
Nc1ccc2scnc2c1.O=C(O)Cc1ccc2c(c1)C(=O)c1ccccc1CO2,PENDING,0.7076766056694189
Nc1ccc2scnc2c1.O=C(O)Cc1ccc2c(c1)OCO2,PENDING,0.7286389722879557
Nc1ccncc1[N+](=O)[O-].O=C(O)C1c2ccccc2Oc2ccccc21,PENDING,0.7617103268356324
Nc1ccncc1[N+](=O)[O-].O=C(O)Cc1ccc2c(c1)C(=O)c1ccccc1CO2,PENDING,0.7752417874701141
