,obj_values ['rate'],Vendi_score,eval_samples,cut_samples
0,"[1.0724895316047025, 0.41523240182158205, -0.08043209346533231]",1.86847842913303,"['CC1=CC=C(I)C(C(O)=O)=C1F', 'NC1=C(Cl)C=C(Cl)C=C1I', 'FC1=CC(F)=C(I)C(F)=C1']",[]
1,"[-0.04373062705226771, 1.0171434510244348, 0.6772390144813087]",1.783782018301889,"['CCNC(=O)C1=CC=CC=C1I', 'NC(=O)C1=C(Cl)C=CC=C1I', 'COC1=C(C(O)=O)C(I)=CC=C1']","['NC1=C(Cl)C=C(C=C1I)C(F)(F)F', 'OC(=O)C1=CC=C(O)C(I)=C1', 'FC1=CC=C(I)C(F)=C1', 'COC1=C(I)C=CC(=C1)C(F)(F)F', 'FC(F)(F)C(=O)NC1=CC=CC=C1I', 'CC1=CC(F)=C(I)C=C1', 'OC1=CC(Cl)=C(F)C=C1I', 'OC1=C(I)C=C(Cl)C=C1', 'COC1=CC(OC)=C(I)C=C1Cl', 'OC1=C(I)C=CC(Cl)=C1', 'FC1=C(F)C(I)=CC=C1', 'CC1=CC(I)=C(F)C=C1', 'CC1=C(O)C(I)=CC(Cl)=C1', 'FC1=C(I)C=CC(Cl)=C1', 'OC1=C(I)C=CC=C1Cl', 'FC(F)(F)OC1=CC=CC=C1I', 'COC1=CC(I)=C(F)C=C1Cl', 'COC1=C(I)C=C(C(O)=O)C(F)=C1', 'OC1=C(F)C=CC=C1I', 'COC1=C(F)C=CC=C1I', 'FC1=CC(F)=C(Cl)C=C1I', 'COC(=O)C1=CC(I)=C(F)C=C1', 'COC1=C(I)C=C(C=C1)C(O)=O', 'FC1=CC(I)=C(F)C=C1', 'FC1=C(I)C=CC(=C1)C1CC1', 'COC1=CC=C(I)C(C(O)=O)=C1F', 'NC1=C(I)C=C(F)C(=C1)C(F)(F)F', 'FC1=CC=C(I)C(F)=C1F', 'CC1=CC(I)=C(O)C=C1Cl', 'NC(=O)C1=CC(O)=C(I)C=C1', 'CC1=C(F)C=C(F)C(I)=C1']"
2,"[1.198684809188364, 0.08490361229652965, 0.4963810077188251]",1.9111431040210507,"['FC1=CC(I)=C(C=C1)C#N', 'OS(=O)(=O)C1=CC=C(I)C=C1', 'IC1=CC=C(C#N)C(I)=C1']","['COC(=O)C1=C(I)C=CC=C1OC', 'IC1=C(C=CC=C1)C(=O)NC1CCCC1', 'COC1=CC(=C(I)C=C1)C(F)(F)F', 'OC(=O)CC1=C(I)C=C(Cl)C=C1', 'ClCC1=C(I)C=CC=C1', 'CNC(=O)C1=CC=CC=C1I', 'NC(=O)C1=C(I)C=CC=C1', 'COC1=CC=C(C(N)=O)C(I)=C1', 'CC(=O)OC1=CC=C(I)C=C1', 'IC1=C(C=CC=C1)C1=CC=CC=C1', 'CC1=C(Cl)C=C(I)C=C1', 'OCC1=C(Cl)C=CC=C1I', 'FC(F)C1=C(I)C=CC=C1', 'CC1=CC=C(C=C1I)C(N)=N', 'NC(=O)CC1=C(I)C=CC=C1', 'CON(C)C(=O)C1=C(I)C=C(Cl)C=C1', 'OCC1=C(I)C=C(F)C=C1', 'CC1=C(I)C=CC=C1CC#N', 'ClCC1=CC(I)=C(CCl)C=C1', 'IC1=CC(=CC=C1)N1C=CN=N1', 'IC1=CC=CC=C1CN1C=NC=N1', 'CS(=O)(=O)NC1=CC=C(I)C=C1', 'OC(=O)CC1=CC=CC=C1I', 'OCC1=C(I)C=CC(F)=C1', 'OC(=O)CNC(=O)C1=C(I)C=CC=C1', 'CCCNC(=O)C1=CC=CC=C1I', 'OCC1=C(I)C=C(Cl)C=C1', 'IC1=C(C=CC=C1)C(=O)N1CCCC1', 'COC(=O)CC1=C(I)C=CC=C1']"
3,"[1.2310331342559602, 0.7152369130646198, 0.6125615222860419]",2.2790230145670485,"['IC1=C(C=CC=C1C#N)C#N', 'FC1=CC(I)=C(Cl)C=C1', 'CC1=C(C(I)=CC=C1)N(=O)=O']","['CNS(=O)(=O)C1=CC=C(I)C=C1', 'FC1=CC(I)=CC=C1C(F)(F)F', 'COC(=O)C1=CC=C(I)C=C1', 'NC(=O)C1=C(I)C=CC(Br)=C1F', 'OB(O)C1=CC=C(I)C=C1', 'FC1=C(C=C(I)C=C1)C(F)(F)F', 'CC1=C(F)C=C(F)C=C1I', 'CC1=CC(I)=CC(F)=C1', 'CCOC(=O)CC1=CC(I)=CC=C1', 'NNC(=O)C1=CC=C(I)C=C1', 'FC1=C(Cl)C=C(I)C=C1', 'IC1=CC(I)=CC=C1', 'IC1=CC(CC#N)=CC=C1', 'CC(=O)NC1=C(F)C=C(I)C=C1', 'CON(C)C(=O)C1=CC=C(I)C=C1', 'NC(CC1=CC=C(I)C=C1)C(O)=O', 'ClCC1=CC=C(I)C=C1', 'OCC1=C(Cl)C=C(I)C=C1Cl', 'OCC1=C(Cl)C=CC(I)=C1', 'NS(=O)(=O)C1=CC=CC(I)=C1', 'FC(F)(F)C1=CC(=C(I)C=C1)C(F)(F)F', 'NS(=O)(=O)C1=CC=C(I)C=C1', 'FC1=C(Cl)C=C(I)C=C1Cl', 'OC(=O)C1=CC=C(I)C=C1', 'OS(=O)(=O)C1=CC=CC(I)=C1', 'CC(C)(C)OC(=O)C1=C(I)C=CC=C1', 'CS(=O)(=O)C1=CC=CC(I)=C1', 'FC(F)(F)C1=C(Cl)C=CC(I)=C1']"
4,"[1.2242285798605221, 0.13319789241364827, 0.5626618144033346]",2.460396749734703,"['OC(=O)C1=C(O)C=CC=C1I', 'OC(=O)C1=CC=CC(=C1I)C(F)(F)F', 'FC1=CC=CC(I)=C1C#N']","['COC(OC)C1=C(I)C=CC=C1', 'FC1=C(I)C=CC(=C1)C(F)(F)F', 'COC(=O)C1=CC(I)=C(Cl)C=C1', 'OC1=CC=C(I)C=C1C(F)(F)F', 'CCOC(=O)C1=CC=C(I)C=C1F', 'BrCC1=CC(I)=CC=C1', 'FC(F)C1=CC=C(I)C=C1', 'CC1=CC=CC(I)=C1Cl', 'OB(O)C1=CC(I)=CC=C1', 'COC1=C(Cl)C=CC(I)=C1', 'CC1=CC(Cl)=C(I)C=C1C', 'FC(F)(F)C1=CC(I)=C(Cl)C=C1', 'IC1=CC=C(CC#C)C=C1', 'FC1=CC(Cl)=C(I)C=C1', 'ClC1=CC(Cl)=C(I)C=C1', 'CC1=CC=C(I)C=C1Br', 'IC1=CC=C(OCC#N)C=C1', 'CC1=CC(Br)=CC(I)=C1', 'OC(=O)C1=CC=CC(I)=C1Cl', 'IC1=CC=CC(=C1)C1=CC=CC=C1', 'FC1=C(F)C(=CC=C1I)C(F)(F)F', 'COC1=CC(Cl)=CC(I)=C1', 'OC1=C(Cl)C(I)=CC=C1', 'OC1=CC(I)=C(Cl)C=C1', 'ClC1=CC=CC=C1I', 'CC1=C(Cl)C=C(I)C=C1Cl']"
5,"[0.6974422844388826, 0.5880674878982872, 0.8676464788775915]",2.521036206769094,"['CC1=CC(I)=CC(C)=C1F', 'OC(=O)C1=CC=CC(I)=C1', 'NC1=C(C(O)=O)C(I)=CC=C1']","['COC(=O)C1=C(C)C(I)=CC=C1', 'COC(=O)C1=C(I)C=C(Br)C=C1', 'OC(=O)C1=CC=CC(C(O)=O)=C1I', 'COC(=O)C1=C(Cl)C(O)=C(I)C=C1', 'OC(=O)C1=C(I)C=C(F)C(F)=C1', 'ClC1=CC=C(I)C=C1', 'FC(F)(F)C1=C(I)C=CC(Br)=C1', 'ClC1=CC=C(CBr)C(I)=C1', 'COC(=O)C1=C(I)C=CC(OC)=C1', 'OC(=O)C1=CC(I)=C(C=C1)C(F)(F)F', 'ClC1=CC(CBr)=C(I)C=C1', 'OC(=O)C1=CC(Cl)=CC=C1I', 'FC1=C(Cl)C=CC(I)=C1C=O', 'CC(=O)C1=CC(I)=CC=C1', 'ClC1=C(I)C=C(C=C1)C#N', 'CC1=C(C=C(I)C=C1Cl)C(O)=O', 'OC1=C(F)C=C(I)C=C1I', 'FC1=CC=CC(I)=C1Br', 'OC(=O)CCC1=NN=C(O1)C1=CC=CC=C1I', 'OC1=CC(I)=C(C=C1)N(=O)=O', 'CC1=CC(C(O)=O)=C(I)C=C1', 'COC(=O)C1=C(I)C=CC=C1O', 'COC(=O)C1=CC=CC=C1I', 'CC1=CC(C)=C(I)C=C1I', 'CC1=CC=C(C(O)=O)C(I)=C1']"
6,"[0.04977968725233062, 0.5072281306197666, 1.0883633455290571]",2.7073137329188968,"['COS(=O)(=O)C1=CC=CC=C1I', 'BrC1=C(C=CC=C1I)C#N', 'IC1=C(C=CC=C1N(=O)=O)N(=O)=O']","['CC1=C(I)C=C(C=C1F)C(O)=O', 'IC1=CC=C(C=C1)C(=O)N1CCOCC1', 'COC1=CC(I)=CC=C1I', 'NCCC1=CC=C(I)C=C1', 'IC1=CC=CC(=C1)C(=O)C1=CC=CC=C1', 'OC1=C(F)C=C(I)C=C1', 'COC(=O)C1=C(N)C=CC=C1I', 'CC1=C(C=CC=C1I)C#N', 'CC1=CC(=CC(I)=C1)C(O)=O', 'CCC1=CC=C(I)C=C1C(O)=O', 'CCC1=CC=C(I)C=C1', 'CC1=CC=C(I)C=C1', 'COC(=O)C1=C(O)C=C(I)C(Cl)=C1', 'CC1=C(Br)C(F)=CC(I)=C1', 'FC(F)(F)C(=O)CC1=CC=C(I)C=C1', 'OC(=O)C1=CC=CC2=CC=CC(I)=C12', 'NCC1=CC(I)=CC=C1', 'IC1=CC=C(C=C1)C1=NC=CO1', 'C[C@H](O)C1=C(I)C=CC(F)=C1', 'NC1(CC1)C1=CC=C(I)C=C1', 'CC1=CC=CC(I)=C1', 'CC(=O)NC1=C(OC(F)(F)F)C=C(I)C=C1', 'CC1=CC(I)=C(CO)C=C1']"
7,"[0.7817510849136392, -0.7241600883602198, 0.3863027835248003]",2.8078614494793315,"['CC1=C(I)C=CC=C1N(=O)=O', 'CC(C)(O)C1=C(I)C=CC=C1', 'ClC1=C(I)C(=CC=C1)N(=O)=O']","['COC(=O)C1=CC(I)=C(Cl)C=C1C', 'OC(=O)C1=C(I)C(Br)=CC=C1', 'COC1=CC(I)=C(Cl)C=C1', 'COC1=C(I)C=C(C=C1I)C#N', 'COC(=O)C1=C(Cl)C=C(C)C(I)=C1', 'CCOC(=O)CC1=C(I)C=CC=C1', 'CCC1=CC(Br)=C(I)C=C1', 'OC(=O)C1=CC=CC(=C1I)N(=O)=O', 'CCOC(=O)C1=CC2=CC=CC=C2C=C1I', 'CC(=O)NC1=C(C=C(I)C=C1)C(F)(F)F', 'CCOC(=O)C1=CC(I)=C(C=C1)C#N', 'COC(=O)C1(CC1)C1=CC=C(I)C=C1', 'CC1=C(I)C=C(CO)C=C1', 'OC(=O)C1=CC=C(I)C(=C1)C(F)(F)F', 'ClC1=C(I)C=C(C=O)C=C1', 'OC(=O)C1=C(Br)C(I)=CC=C1', 'CC1=CC=CC(I)=C1CO', 'BrC1=CC=CC=C1I', 'CC(=O)NC(CC1=CC=C(I)C=C1)C(O)=O', 'OC(=O)C1=C(I)C=C(C=C1)C#N', 'CCOC(=O)CC(=O)C1=C(I)C=CC=C1', 'CC1=CC(Br)=C(I)C=C1']"
8,"[1.001754317065509, 1.1767824297254383, 0.4722461820336687]",2.8858399521106572,"['COC1=CC=C(C=C1I)C#N', 'NC1=C(I)C=C(C=C1)C#N', 'NC1=C(F)C=C(C=C1I)C#N']","['CC1=CC=CC(I)=C1C=O', 'OC(=O)C1(CC1)C1=C(I)C=CC=C1', 'BrC1=C(C=C(I)C=C1)C#N', 'IC1=C(C=CC=C1)C(=O)NCC1=CC=CC=C1', 'OC1=C(C=O)C(I)=CC=C1', 'OCC1=CC(=C(I)C=C1)N(=O)=O', 'CC1=C(I)C=CC=C1', 'IC1=CC=CC=C1C(=O)C1=CC=CC=C1', 'COC1=CC(I)=C(C=O)C=C1OC', 'COC(=O)C1=CC=CC(C)=C1I', 'OC(=O)CCC1=CC=CC=C1I', 'CCCC1=C(I)C=CC=C1', 'COC1=C(OC)C(I)=CC(C=O)=C1', 'COC1=C(C)C(I)=CC=C1C', 'CC1=CC(I)=C(C)C=C1', 'CC(C)(C)OC(=O)C1=CC(I)=CC=C1', 'CC1=C(C(F)=CC=C1I)N(=O)=O', 'CC1=C(I)C=C(Cl)C(=C1)N(=O)=O', 'NCC1=CC=CC=C1I', 'ClC1=CC(=CC=C1I)N(=O)=O', 'OC(=O)C1=CC(I)=C(O)C(I)=C1']"
