,obj_values ['rate'],Vendi_score,eval_samples,cut_samples
0,"[0.42357830252081924, 0.6467210728685965, 0.7817510849136392]",2.053530471470686,"['CC1=C(I)C=C(O)C=C1', 'BrC1=CC(Br)=C(I)C=C1', 'CC1=C(I)C=CC=C1N(=O)=O']",[]
1,"[0.8193307527846163, 1.204990771440594, 1.205070800665585]",1.9865723603684833,"['CC1=C(C(F)=CC=C1I)N(=O)=O', 'CC1=C(I)C=C(Cl)C(=C1)N(=O)=O', 'CC1=C(I)C=C(C=C1F)C(O)=O']","['CC1=CC=C(C=C1I)C(N)=N', 'COC1=C(C(O)=O)C(I)=CC=C1', 'CC(C)C1=CC=C(I)C(Br)=C1', 'CC1=C(Br)C=CC(I)=C1Cl', 'OC(=O)CC1=C(I)C=C(Cl)C=C1', 'CCC1=CC(Br)=C(I)C=C1', 'ClCC1=C(I)C=CC=C1', 'CC1=CC(Br)=CC=C1I', 'OC1=C(Cl)C(I)=CC=C1', 'COC(=O)C1=C(Cl)C=C(C)C(I)=C1', 'OCC1=C(I)C=C(F)C=C1', 'CC(=O)C1=CC(I)=CC=C1', 'ClC1=CC=C(Br)C=C1I', 'OC1=CC(I)=C(Br)C=C1', 'OCC1=C(I)C=C(Cl)C=C1', 'OC1=C(Br)C(I)=CC=C1', 'CC1=CC(Br)=C(I)C=C1Cl', 'FC1=CC(Br)=C(I)C=C1F', 'CC1=CC(C)=C(I)C=C1I', 'ClC1=CC(CBr)=C(I)C=C1', 'CC1=CC(I)=C(CO)C=C1', 'COC(=O)C1=C(C)C(I)=CC=C1', 'ClC1=CC=C(CBr)C(I)=C1', 'ClCC1=CC(I)=C(CCl)C=C1', 'CNCC1=C(I)C=CC=C1', 'BrC1=CC=CC=C1I', 'OCC1=C(Cl)C=CC=C1I', 'OC(=O)C1=C(Br)C(I)=CC=C1', 'FC1=CC=CC(I)=C1Br', 'CC1=CC(Br)=C(C)C=C1I', 'CC1=CC(Br)=C(I)C=C1']"
2,"[0.9236124287408849, 0.8424035927964038, -0.127711630533752]",2.0625644377756016,"['CCOC(=O)C1=CC(I)=C(C=C1)C#N', 'OC(=O)C1=CC=C(I)C(=C1)C(F)(F)F', 'CCOC(=O)C1=C(I)C=CC(Br)=C1']","['CC1=CC(=CC=C1I)C(O)=O', 'COC(=O)C1=CC=CC=C1I', 'IC1=CC=CC(=C1)C(=O)C1=CC=CC=C1', 'CC1=CC(C)=C(I)C=C1C(O)=O', 'CCOC(=O)C1=CC(I)=C(C)C=C1', 'CC1=CC(=CC(I)=C1)C(O)=O', 'COC(=O)C1=C(Cl)C(O)=C(I)C=C1', 'CC1=CC=CC(I)=C1C=O', 'COC(=O)C1=CC(I)=C(C)C=C1C', 'COC(=O)C1=C(I)C=CC(OC)=C1', 'CC1=C(C=CC=C1I)C#N', 'CC1=CC=C(C(O)=O)C(I)=C1', 'ClC1=C(I)C=C(C=O)C=C1', 'COC(=O)C1=C(I)C=CC=C1O', 'CC1=C(C=C(I)C=C1Cl)C(O)=O', 'COC1=C(OC)C(I)=CC(C=O)=C1', 'CC(C)(C)OC(=O)C1=CC(I)=CC=C1', 'OC1=C(C=O)C(I)=CC=C1', 'OC(=O)C1=CC=CC(I)=C1', 'OC(=O)C1=CC(Cl)=CC=C1I', 'FC(F)(F)C(=O)CC1=CC=C(I)C=C1', 'CCC1=CC=C(I)C=C1C(O)=O', 'CC1=C(C(I)=CC=C1)N(=O)=O', 'OC(=O)C1=CC=CC2=CC=CC(I)=C12', 'CC1=CC(C(O)=O)=C(I)C=C1', 'OC(=O)C1=CC(I)=C(C=C1)C(F)(F)F', 'COC(=O)C1=C(CBr)C(I)=CC=C1', 'IC1=CC=CC=C1C(=O)C1=CC=CC=C1', 'FC1=C(Cl)C=CC(I)=C1C=O']"
3,"[1.1539729119520985, 0.6702486479290919, 1.2310331342559602]",2.3203207934052354,"['ClC1=CC(=CC=C1I)N(=O)=O', 'ClC1=CC(=CC(Cl)=C1I)N(=O)=O', 'IC1=C(C=CC=C1C#N)C#N']","['CC(C)C1=CC=C(I)C(=C1)N(=O)=O', 'COC(=O)C1=CC=C(I)C=C1N(=O)=O', 'OC(=O)C1=CC(OC(F)(F)F)=C(I)C=C1', 'CC1=C(C)C(I)=C(C=C1)C(O)=O', 'CCOC(=O)CC(=O)C1=C(I)C=CC=C1', 'CC1=C(I)C(=CC(Br)=C1)C(O)=O', 'COC1=CC(I)=C(C=O)C=C1OC', 'OC(=O)C1=C(I)C=CC(Br)=C1', 'FC1=CC=CC(I)=C1C#N', 'OC(=O)CCCCC(=O)C1=CC=C(I)C=C1', 'IC1=CC=C(C=C1)C1=NC=CO1', 'CCOC(=O)C1=CC(I)=CC(Br)=C1', 'OC(=O)C1=C(O)C=CC=C1I', 'CCOC(=O)C1=CC2=CC=CC=C2C=C1I', 'OCC1=CC(=C(I)C=C1)N(=O)=O', 'CCOC(=O)C1=CC=C(I)C=C1F', 'ClC1=CC(I)=CC(=C1)N(=O)=O', 'BrC1=C(C=C(I)C=C1)C#N', 'OC(=O)CCC1=NN=C(O1)C1=CC=CC=C1I', 'OC1=CC(I)=C(C=C1)N(=O)=O', 'COC(=O)C1=C(I)C=C(Br)C=C1', 'OC(=O)C1=CC=CC(C(O)=O)=C1I', 'OC(=O)C1=CC=CC(=C1I)C(F)(F)F', 'OC(=O)C1=C(I)C=C(F)C(F)=C1', 'COC(=O)C1=C(O)C=C(I)C(Cl)=C1', 'FC(F)(F)C1=C(I)C=CC(=C1)C#N', 'OC(=O)C1=C(NC(=O)C2=C(I)C=CC=C2)C=CC=C1', 'OC(=O)C1=C(I)C=C(C=C1)C#N']"
4,"[0.08490361229652965, 1.198684809188364, 0.9284140094383682]",2.6408673677563876,"['OS(=O)(=O)C1=CC=C(I)C=C1', 'FC1=CC(I)=C(C=C1)C#N', 'CC1=CC(=CC(C)=C1I)C#N']","['COC(=O)C1=CC(I)=C(Cl)C=C1', 'OC(=O)C1=C(I)C(Br)=CC=C1', 'BrC1=C(I)C=C(C=O)C=C1', 'COC1=CC=C(I)C=C1C(O)=O', 'IC1=CC(I)=CC=C1', 'OC(=O)C1=CC=CC(=C1I)N(=O)=O', 'CCOC(=O)C1=CC(F)=C(I)C=C1', 'IC1=C(C=CC=C1N(=O)=O)N(=O)=O', 'CCOC(=O)C1=CC(OCC)=C(I)C=C1', 'BrC1=CC=C(C=C1)C(=O)C1=C(I)C=CC=C1', 'BrCC1=C(I)C(=CC=C1)N(=O)=O', 'FC(F)(F)C1=CC(I)=C(Br)C=C1', 'COC1=C(I)C=C(C=C1I)C#N', 'IC1=CC=C(C#N)C(I)=C1', 'IC1=CC=C(C=C1)C(=O)NCC1=CC=CC=C1', 'OC1=C(I)C=CC=C1N(=O)=O', 'NC1=C(C(O)=O)C(I)=CC=C1', 'COC1=C(C=C(Cl)C(C)=C1I)C(C)=O', 'IC1=CC=C(C=C1)N1C(=O)C=CC1=O', 'COC(=O)C1=C(N)C=CC=C1I', 'BrC1=CN=C(OC2=CC=C(I)C=C2)N=C1', 'CC(=O)C1=CC(I)=C(Br)C=C1', 'ClC1=C(I)C(=CC=C1)N(=O)=O', 'OC(=O)C1=CC=CC(I)=C1Cl', 'OC(=O)C1=C(F)C=C(Cl)C(I)=C1', 'ClC1=CC2=C(C=C1)C=C(I)C=C2']"
5,"[1.0587891606816187, -0.0960929227820917, 0.06826557673098121]",2.8898743744791893,"['CC1=C(I)C(F)=C(C=C1)C#N', 'COC1=C(I)C(=CC=C1)C#N', 'OC1=CC=CC(C=O)=C1I']","['OC(=O)CC1=CC=CC=C1I', 'ClC1=CC(Cl)=C(I)C=C1', 'CC(C)(C)OC(=O)C1=C(I)C=CC=C1', 'NC(=O)C1=C(Cl)C=CC=C1I', 'FC(F)C1=C(I)C=CC=C1', 'CC1=C(I)C=CC=C1CC#N', 'OCC1=C(Cl)C=C(I)C=C1Cl', 'CC1=C(F)C=C(F)C=C1I', 'ClC1=C(I)C=C(C=C1)C#N', 'NS(=O)(=O)C1=CC=C(I)C=C1', 'CC1=CC=C(I)C(C(O)=O)=C1F', 'OS(=O)(=O)C1=CC=CC(I)=C1', 'IC1=CC(=CC=C1)N1C=CN=N1', 'IC1=CC=CC=C1CN1C=NC=N1', 'OC(=O)CNC(=O)C1=C(I)C=CC=C1', 'FC(F)(F)C1=C(Cl)C=CC(I)=C1', 'CCNC(=O)C1=CC=CC=C1I', 'NC(=O)C1=C(I)C=CC(Br)=C1F', 'CNC(=O)C1=CC=CC=C1I', 'FC1=CC(I)=C(Cl)C=C1', 'COC(=O)C1=CC=C(I)C=C1', 'NNC(=O)C1=CC=C(I)C=C1', 'FC(F)(F)C1=CC(=C(I)C=C1)C(F)(F)F', 'FC1=C(Cl)C=C(I)C=C1Cl', 'NC(=O)C1=C(I)C=CC=C1']"
6,"[1.0708146217817276, 0.4257549960654081, 0.4592475894180943]",3.0890335146940884,"['FC1=C(F)C(=CC(I)=C1F)N(=O)=O', 'FC1=CC(F)=C(I)C=C1N(=O)=O', 'OC(=O)C1=CC(Cl)=C(I)C(Cl)=C1']","['CON(C)C(=O)C1=C(I)C=C(Cl)C=C1', 'ClC1=CC=CC=C1I', 'COC1=CC(C=O)=CC(I)=C1O', 'OC1=C(I)C(=CC=C1)N(=O)=O', 'COC(=O)CC1=C(I)C=CC=C1', 'FC1=C(C=C(Br)C=C1I)C#N', 'OC1=C(I)C=C(C=O)C=C1I', 'CCOC1=C(O)C(I)=CC(C=O)=C1', 'CC1=C(I)C(F)=C(C=C1)C(O)=O', 'COC1=C(I)C(=CC=C1)N(=O)=O', 'FC(F)(F)C1=C(I)C=CC(Br)=C1', 'FC(F)(F)OC1=CC=CC=C1I', 'FC(F)(F)C1=CC(I)=C(Cl)C=C1', 'COC(=O)C1=CC=CC(C)=C1I', 'CCCNC(=O)C1=CC=CC=C1I', 'FC(F)(F)C(=O)NC1=CC=CC=C1I', 'CC(=O)C1=CC(I)=C(O)C=C1', 'BrC1=C(C=CC=C1I)C#N', 'COC(=O)C1=CC=C(I)C(N)=C1', 'CC1=CC(O)=C(I)C=C1N(=O)=O', 'CC(=O)C1=CC(Cl)=C(C)C(I)=C1O', 'NC1=C(I)C=CC(=C1)C(O)=O', 'CC1=CC=CC(I)=C1Cl']"
7,"[0.04977968725233062, 1.2033461999915258, 0.1562611462957939]",3.192646765505196,"['COS(=O)(=O)C1=CC=CC=C1I', 'FC(F)C1=C(I)C(F)=C(Cl)C=C1', 'FC1=C(F)C(=CC=C1I)C(F)(F)F']","['FC1=C(I)C=CC(Br)=C1C#N', 'COC(=O)C1=C(OC)C=C(C)C(I)=C1', 'FC1=CC(Cl)=C(I)C=C1', 'COC1=CC(OC)=C(I)C(C=O)=C1', 'FC(F)(F)C1=C(Br)C(I)=CC=C1', 'OC(=O)C(=O)CC1=CC(I)=C(O)C(I)=C1', 'NC(=O)CC1=C(I)C=CC=C1', 'COC(=O)C1=CC(I)=C(Cl)C=C1C', 'FC(F)(F)C1=C(I)C(Br)=CC=C1', 'OC1=C(I)C=C(C=C1N(=O)=O)C#N', 'CC1=CC(Cl)=CC(Cl)=C1I', 'CC1=CC=CC(Cl)=C1I', 'CCOC(=O)CC1=C(I)C=CC=C1', 'IC1=C(C=CC=C1)C(=O)NC1CCCC1', 'OC(=O)C1=CC=C(I)C=C1', 'OC(=O)C1=CC(I)=C(O)C(I)=C1', 'CNS(=O)(=O)C1=CC=C(I)C=C1', 'FC(F)(F)OC1=C(I)C=C(Br)C=C1', 'COC(OC)C1=C(I)C=CC=C1', 'OCC1=CC=CC(Br)=C1I', 'IC1=C(C=CC=C1)C1=CC=CC=C1', 'COC(=O)C1=CC(I)=C(N)C(=C1)N(=O)=O']"
8,"[1.0375467736663309, 1.1580107547295777, 0.33603749230526786]",3.5005767804958556,"['ClC1=CC=CC(Br)=C1I', 'FC1=C(F)C(F)=C(I)C(F)=C1F', 'CC1=CC=CC(C)=C1I']","['FC1=C(C=C(I)C=C1)C(F)(F)F', 'CC1=CC(Br)=CC(I)=C1', 'OC1=C(I)C=CC=C1Cl', 'NS(=O)(=O)C1=CC=CC(I)=C1', 'FC1=C(F)C(I)=CC=C1', 'FC1=C(I)C=CC(I)=C1', 'COC(=O)C1=CC(I)=C(F)C=C1', 'OC(=O)C1=C(F)C(F)=C(F)C(F)=C1I', 'ClC1=CC(Br)=C(I)C=C1Cl', 'CC1=C(Cl)C=C(I)C=C1', 'FC1=C(Br)C=CC(I)=C1F', 'COC1=CC=C(I)C(C(O)=O)=C1F', 'FC1=C(I)C=CC(Br)=C1Cl', 'CC1=CC(Cl)=C(I)C=C1C', 'FC1=C(Cl)C=C(I)C=C1', 'FC1=CC(I)=CC=C1C(F)(F)F', 'OC1=C(I)C=C(C=C1I)C(F)(F)F', 'FC1=C(I)C=CC(=C1)C(F)(F)F', 'CS(=O)(=O)C1=CC=CC(I)=C1', 'CC1=C(Cl)C=C(I)C=C1Cl', 'COC1=C(F)C=CC=C1I']"
