,obj_values ['rate'],Vendi_score,eval_samples,cut_samples
0,"[0.5051233469833641, -0.08956724367406149, 0.432496949827881]",1.7157561663976633,"['OCC1=C(I)C=CC(F)=C1', 'COC1=C(I)C(N)=CC=C1', 'ClC1=CC=C(CBr)C(I)=C1']",[]
1,"[0.6761852166379486, 0.911381679038226, 0.831247414241372]",1.6553690174481923,"['CC1=C(I)C=CC=C1', 'CC1=CC(Br)=C(C)C=C1I', 'OCC1=C(Cl)C=CC=C1I']","['CC(Cl)C(=O)NC1=CC=CC=C1I', 'OCC1=CC(I)=C(O)C=C1', 'OC1=C(I)C=CC=C1', 'OC1=C(I)C=CC(Cl)=C1', 'COC1=CC=CC(CO)=C1I', 'IC1=C(C=CC=C1)C1=CC=CC=C1', 'CC(=O)NC1=CC=CC=C1I', 'CC1=C(O)C(I)=CC(Cl)=C1', 'COC(OC)C1=C(I)C=CC=C1', 'OC(=O)CC1=C(I)C=C(Cl)C=C1', 'COC1=C(F)C=CC=C1I', 'CC1=CC=C(C=C1I)C(N)=N', 'ClCC1=C(I)C=CC=C1', 'ClC1=CC(CBr)=C(I)C=C1', 'OC(=O)CC1=CC=C(O)C(I)=C1', 'OC1=C(I)C=C(Cl)C=C1', 'CC1=C(I)C=CC(O)=C1', 'COC1=CC=CC(C)=C1I', 'OCC1=C(I)C=C(F)C=C1', 'OCC1=C(I)C=C(Cl)C=C1', 'COC1=C(I)C(C)=CC(Cl)=C1', 'IC1=C(OC2CC2)C=CC=C1', 'C[C@H](O)C1=C(I)C=CC(F)=C1', 'OC1=C(I)C=CC=C1Cl', 'OC(=O)CCC1=CC=CC=C1I', 'CC1=CC(Br)=CC=C1I', 'CC1=C(I)C(O)=CC=C1', 'CC1=CC(I)=C(O)C=C1Cl', 'OC(=O)CC1=CC=CC=C1I', 'FC(F)(F)C(=O)NC1=CC=CC=C1I', 'NC(=O)C1=CC(O)=C(I)C=C1']"
2,"[0.8756313075488267, 0.6193182634195539, 0.8010411997243925]",1.8323551269665201,"['COC(=O)C1(CC1)C1=CC=C(I)C=C1', 'CC1=CC=C(I)C=C1C1=CC(I)=CC=C1C', 'CON(C)C(=O)C1=CC=C(I)C=C1']","['CC1=CC(I)=C(CO)C=C1', 'IC1=CC=CC=C1CN1C=NC=N1', 'CCCNC(=O)C1=CC=CC=C1I', 'CC1=CC=C(I)C(C(O)=O)=C1F', 'CNC(=O)C1=CC=CC=C1I', 'COC1=C(C)C(I)=CC=C1C', 'CCNC(=O)C1=CC=CC=C1I', 'COC1=C(I)C=CC(=C1)C(F)(F)F', 'CC1=C(I)C=C(CO)C=C1', 'NC(=O)CC1=C(I)C=CC=C1', 'ClCC(=O)NC1=CC=CC=C1I', 'CC(C)(O)C1=C(I)C=CC=C1', 'CC1=CC(I)=C(C)C=C1', 'CC1=C(F)C=C(F)C=C1I', 'FC(F)C1=C(I)C=CC=C1', 'CNCC1=C(I)C=CC=C1', 'COC(=O)CC1=C(I)C=CC=C1', 'CC1=CC=CC(I)=C1CO', 'OC(=O)C1(CC1)C1=C(I)C=CC=C1', 'COC(=O)C1=C(C)C(I)=CC=C1', 'CCCC1=C(I)C=CC=C1', 'CC1=CC(O)=C(C)C=C1I', 'NC(=O)C1=C(I)C=CC=C1', 'CC1=CC(I)=C(CO)C=C1C', 'ClCC1=CC(I)=C(CCl)C=C1', 'CC1=C(I)C=CC=C1CC#N', 'CCOC(=O)CC1=C(I)C=CC=C1', 'NCC1=CC=CC=C1I', 'COC1=CC=C(I)C(C)=C1']"
3,"[-0.2601182993381869, 1.1169417455144508, 0.9788797935769392]",1.8617323923877673,"['CC(C)(C)C1=C(I)C=CC=C1', 'CCC1=C(Br)C=CC(I)=C1', 'CC1=CC=CC(I)=C1']","['NC(CC1=CC=C(I)C=C1)C(O)=O', 'NCCC1=CC=C(I)C=C1', 'IC1=CC=C(CC#C)C=C1', 'ClCC1=CC=C(I)C=C1', 'IC1=CC=CC(=C1)C1=CC=CC=C1', 'CC(=O)OC1=CC=C(I)C=C1', 'CC1(C)COB(OC1)C1=CC=C(I)C=C1', 'CS(=O)(=O)NC1=CC=C(I)C=C1', 'CCC1=CC=C(I)C=C1', 'OB(O)C1=CC=C(I)C=C1', 'IC1=C(OCC2=CC=CC=C2)C=CC=C1', 'IC1=C(C=CC=C1)C(=O)NC1CCCC1', 'CC1=CC=C(I)C=C1', 'OC(=O)CCCCC1=CC=C(I)C=C1', 'OB(O)C1=CC(I)=CC=C1', 'IC1=CC=C(C=C1)C(=O)N1CCOCC1', 'CC(=O)NC(CC1=CC=C(I)C=C1)C(O)=O', 'IC1=CC=C(OCC#N)C=C1', 'CC1=CC=C(I)C=C1Br', 'NCC1=CC(I)=CC=C1', 'CC(C)(C)OC(=O)C1=C(I)C=CC=C1', 'CCOC(=O)CC1=CC(I)=CC=C1', 'OCC1=C(Cl)C=CC(I)=C1', 'CC(C)(C)OC(=O)NCC1=CC=CC(I)=C1', 'CC1=CC(I)=CC(C)=C1F', 'NNC(=O)C1=CC=C(I)C=C1', 'NC1(CC1)C1=CC=C(I)C=C1', 'CC1=C(Cl)C=C(I)C=C1']"
4,"[1.1559441145623843, 0.9266807106460363, 1.20915723585692]",1.9619638512793827,"['CC1=C(Cl)C=C(I)C=C1Cl', 'BrC1=C(Br)C=C(I)C=C1', 'BrCC1=CC=C(I)C=C1Br']","['BrCC1=CC(I)=CC=C1', 'IC1=CC(=CC=C1)N1C=CN=N1', 'FC1=C(C=C(I)C=C1)C(F)(F)F', 'COC1=C(Cl)C=CC(I)=C1', 'IC1=CC=C(OCC2=CC=NC=C2)C=C1', 'IC1=CC=C(OCC2=CC=CN=C2)C=C1', 'CC1=CC(I)=CC(F)=C1', 'CC(=O)NC1=C(C=C(I)C=C1)C(F)(F)F', 'CC1=CC(Br)=CC(I)=C1', 'COC(=O)C1=CC=C(I)C=C1', 'IC1=CC(CC#N)=CC=C1', 'FC1=C(Cl)C=C(I)C=C1', 'CC(C)C1=C(I)C=CC(Br)=C1', 'IC1=CC=C(OC2=CC=CC=C2)C=C1', 'ClC1=CC=C(I)C=C1', 'OC1=CC=C(OC2=CC=C(I)C=C2)C=C1', 'CC(=O)NC1=C(OC(F)(F)F)C=C(I)C=C1', 'OC1=CC=C(I)C=C1C(F)(F)F', 'NC(=O)C1=C(Cl)C=CC=C1I', 'FC(F)(F)C1=C(Cl)C=CC(I)=C1', 'ClC1=CC=C(C=C1)C1=CC=C(I)C=C1', 'FC(F)(F)C(F)(C1=CC=C(I)C=C1)C(F)(F)F', 'FC(F)C1=CC=C(I)C=C1', 'CC(=O)NC1=C(F)C=C(I)C=C1', 'CC1=C(Br)C(F)=CC(I)=C1', 'CCOP(=O)(CC1=CC=C(I)C=C1)OCC']"
5,"[-0.24448008121560494, 0.4963810077188251, 1.059595785711911]",2.0454633467929786,"['COC1=CC(Cl)=CC(I)=C1', 'IC1=CC=C(C#N)C(I)=C1', 'NS(=O)(=O)C1=CC=CC(I)=C1']","['IC1=CC(I)=CC=C1', 'FC1=CC(I)=CC=C1C(F)(F)F', 'OS(=O)(=O)C1=CC=CC(I)=C1', 'NC(=O)C1=C(I)C=CC(Br)=C1F', 'IC1=CC=C(OCC2CC2)C=C1', 'NC(=O)C1=CN=C(OC2=CC=C(I)C=C2)C=C1', 'CC(Br)C(=O)N(C)C1=CC=C(I)C=C1', 'NS(=O)(=O)C1=CC=C(I)C=C1', 'FC1=C(Cl)C=C(I)C=C1Cl', 'OC1=C(F)C=C(I)C=C1', 'OC(=O)CNC(=O)C1=C(I)C=CC=C1', 'OS(=O)(=O)C1=CC=C(I)C=C1', 'OCC1=CC(I)=C(CO)C=C1I', 'OCC1=C(Cl)C=C(I)C=C1Cl', 'CC1=CC(C)=C(I)C=C1I', 'CC(C)(C)C1=CC(I)=CC=C1O', 'ClC1=CC=C(OC2=CC=C(I)C=C2)C=C1', 'OC(=O)C1=CC=C(I)C=C1', 'CCOC(=O)COC1=CC=CC=C1I', 'COC1=C(C)C=CC(I)=C1', 'CNS(=O)(=O)C1=CC=C(I)C=C1', 'BrC(C1=CC=CC=C1)C1=C(I)C=CC=C1', 'CS(=O)(=O)C1=CC=CC(I)=C1', 'IC1=C(C=CC=C1)C(=O)NCC1=CC=CC=C1', 'CC(C)OC1=CC=C(I)C=C1Br']"
6,"[-0.7340422901095633, 0.4638995334092495, -0.18825939810120773]",2.168510222991538,"['FC1=C(I)C=C(CBr)C=C1', 'COC(=O)C1=CC(I)=C(F)C=C1', 'OC(C1=CC=C(I)C(F)=C1)(C(F)(F)F)C(F)(F)F']","['COC1=CC(Br)=CC(I)=C1', 'CC1=C(I)C=C(O)C=C1', 'COC1=CC(I)=CC=C1I', 'CSC1=CC=C(I)C=C1', 'COC(=O)C1=CC=CC(C)=C1I', 'CC(C)(C)OC(=O)C1=C(Br)C=C(I)C=C1', 'FC(F)(F)OC1=CC=CC=C1I', 'COC1=C(I)C=CC=C1', 'COC1=CC(CO)=CC=C1I', 'COC(=O)C1=C(I)C=CC=C1OC', 'COC1=CC(B(O)O)=C(I)C=C1', 'COC1=C(C(O)=O)C(I)=CC=C1', 'FC(F)(F)C1=C(I)C=CC(Br)=C1', 'NC1=C(Cl)C=C(C=C1I)C(F)(F)F', 'IC1=CC=CC(CN2CCCC2)=C1', 'OC1=CC(Cl)=C(F)C=C1I', 'CON(C)C(=O)C1=C(I)C=C(Cl)C=C1', 'CC1=C(O)C=CC(I)=C1', 'COC1=CC=C(I)C(C(O)=O)=C1F', 'IC1=CC=C(OCCN2CCCC2=O)C=C1', 'IC1=C(C=CC=C1)C(=O)N1CCCC1', 'COC1=C(I)C=C(Br)C=C1', 'COC1=CC=C(C(N)=O)C(I)=C1']"
7,"[-0.3272998766256883, 0.3739526108698863, 0.0020661501216441835]",2.4654248311630576,"['FC1=CC=CC(F)=C1I', 'OB(O)C1=CC(F)=C(I)C(F)=C1', 'FC1=CC(Br)=CC(F)=C1I']","['OC1=C(F)C=C(I)C=C1I', 'FC1=C(I)C=CC(=C1)C(F)(F)F', 'NC1=C(Cl)C=C(Cl)C=C1I', 'FC1=CC(I)=C(F)C=C1', 'CCNC(=O)C1=CC(OCC)=C(I)C=C1', 'COC1=C(I)C=C(C=C1)C(O)=O', 'COC1=CC=C(C)C=C1I', 'OC(=O)C1=CC=C(O)C(I)=C1', 'CCOC1=CC(Br)=CC=C1I', 'CC1=C(F)C=C(F)C(I)=C1', 'OC1=C(F)C=CC=C1I', 'CCOC(=O)C1=CC(I)=C(OC)C=C1', 'CC1=CC=CC(I)=C1Cl', 'FC(F)(F)C1=CC(=C(I)C=C1)C(F)(F)F', 'FC1=C(F)C(I)=CC=C1', 'FC1=C(Br)C=CC(I)=C1F', 'FC(F)(F)OC1=C(I)C=C(Br)C=C1', 'FC1=C(I)C=CC(Cl)=C1', 'CC1=CC(I)=C(F)C=C1', 'COC1=CC(OC)=C(I)C=C1Cl', 'NC1=C(I)C=C(Cl)C(=C1)C(F)(F)F', 'COC1=CC(=C(I)C=C1)C(F)(F)F']"
8,"[-0.9214802916922273, 1.198684809188364, 0.31563497070335167]",2.538301194586474,"['CCOC1=CC=C(C=C1)C(O)C1=CC(I)=CC=C1Cl', 'FC1=CC(I)=C(C=C1)C#N', 'ClC1=CC(Cl)=C(COC2=CC=C(I)C=C2)C=C1']","['COC(=O)C1=CC(I)=C(OC2=CC=CC=C2)C=C1', 'CC1=CC(F)=C(I)C=C1', 'FC1=C(I)C=CC(=C1)C1CC1', 'FC1=CC(F)=C(Cl)C=C1I', 'NC1=C(I)C=C(OC(F)(F)F)C=C1', 'FC1=C(I)C=CC(Br)=C1Cl', 'COC1=C(I)C=C(C(O)=O)C(F)=C1', 'COC(=O)C1=CC(I)=C(N)C=C1Cl', 'COC1=CC(I)=C(F)C=C1Cl', 'FC1=CC=C(I)C(F)=C1', 'CC1=CC(F)=C(I)C=C1O', 'FC1=C(F)C(=CC=C1I)C(F)(F)F', 'CC(=O)NC1=CC(F)=CC=C1I', 'COC1=CC(Cl)=C(OC)C=C1I', 'COC1=CC=C(C=C1I)C#N', 'FC(F)C1=C(I)C(F)=C(Cl)C=C1', 'NC1=C(I)C=C(F)C(=C1)C(F)(F)F', 'FC1=C(I)C=CC(I)=C1', 'FC1=CC=C(I)C(F)=C1F', 'CCOC1=CC=C(I)C(F)=C1F', 'OC(=O)CCC1=CC=C(O)C(I)=C1']"
