,obj_values ['rate'],Vendi_score,eval_samples,cut_samples
0,"[1.205969972532665, -0.8752285665333936, 0.6672719744369676]",2.1611335993872185,"['OC(=O)C1=CC=CC(=C1I)N(=O)=O', 'CC(=O)NC1=C(F)C=C(I)C=C1', 'COC1=CC=CC(CNC2=C(I)C=CC=C2)=C1']",[]
1,"[0.10937635368463045, 1.0883633455290571, -0.7332694608397672]",2.458421356290276,"['COC1=C(C=C(Cl)C(C)=C1I)C(C)=O', 'IC1=C(C=CC=C1N(=O)=O)N(=O)=O', 'CC(=O)C1=CC(Cl)=C(C)C(I)=C1O']","['CS(=O)(=O)NC1=CC=C(I)C=C1', 'NC1=C(I)C=C(Cl)C(=C1)C(F)(F)F', 'NC1=C(Cl)C=C(C=C1I)C(F)(F)F', 'OC1=C(I)C=C(C=C1)C1=CC=CC=C1', 'IC1=CC=C(OC2=CC=CC=C2)C=C1', 'COC1=C(C(O)=O)C(I)=CC=C1', 'CC(Cl)C(=O)NC1=CC=CC=C1I', 'COC1=CC(OC)=C(I)C=C1Cl', 'NC1=C(I)C=C(OC(F)(F)F)C=C1', 'FC1=CC(I)=CC=C1NC(=O)NC1CC1', 'IC1=C(OCC2=CC=CC=C2)C=CC=C1', 'CC1=CC=C(I)C(C(O)=O)=C1F', 'IC1=CC=C(OCC2CC2)C=C1', 'IC1=CC=C(OCC2=CC=NC=C2)C=C1', 'CC(C)(C)C(=O)NC1=CC=C(Cl)C=C1I', 'CCNC(=O)C1=CC(OCC)=C(I)C=C1', 'CC(=O)NC1=C(OC(F)(F)F)C=C(I)C=C1', 'IC1=CC=C(OCCN2CCCC2)C=C1', 'COC(=O)C1=CC(I)=C(N)C(OC)=C1', 'COC(=O)C1=C(I)C=CC=C1OC', 'COC1=CC=C(I)C(C(O)=O)=C1F', 'CC(C)(C)C1=CC(I)=CC=C1O', 'NC1=C(I)C=C(F)C(=C1)C(F)(F)F', 'NC1=C(Cl)C=C(Cl)C=C1I', 'CCOC(=O)CC1=CC=C(N)C(I)=C1', 'OC1=CC=C(OC2=CC=C(I)C=C2)C=C1', 'IC1=CC=C(OCC#N)C=C1', 'NC1=C(I)C=C(C=C1)C1=CC=CC=C1', 'COC1=CC(=C(I)C=C1)C(F)(F)F', 'IC1=CC=C(OCC2=CC=CN=C2)C=C1', 'CCOC(=O)C1=CC(I)=C(N)C=C1']"
2,"[1.1781535130182343, 0.13319789241364827, 0.3863027835248003]",2.8249751944293533,"['OCCONC(=O)C1=C(NC2=CC=C(I)C=C2F)N2C=NC=C2C=C1', 'OC(=O)C1=CC=CC(=C1I)C(F)(F)F', 'ClC1=C(I)C(=CC=C1)N(=O)=O']","['COC1=C(I)C=C(N)C=C1I', 'OC1=C(I)C=C(C=O)C=C1I', 'COC1=C(OC)C(I)=CC(C=O)=C1', 'CC(C)(C)C1=CC(I)=C(O)C(I)=C1', 'COC1=CC(C=O)=CC(I)=C1O', 'COC(=O)C1=CC(I)=C(C=C1O)N(C)C', 'CCOC(=O)C1=CC(OCC)=C(I)C=C1', 'OC(=O)C1=CC=CC2=CC=CC(I)=C12', 'OC(=O)C1=CC(I)=C(O)C(I)=C1', 'CCOC1=C(O)C(I)=CC(C=O)=C1', 'COC1=C(I)C=C(C=C1I)C#N', 'OC(=O)CCC1=CC(I)=C(O)C(I)=C1', 'COC(=O)C1=CC(N)=C(I)C=C1C', 'OC(=O)C1=C(NC(=O)C2=C(I)C=CC=C2)C=CC=C1', 'COC(=O)C1=C(I)C=CC(OC)=C1', 'COC(=O)C1=C(N)C(I)=CC(Cl)=C1', 'COC(=O)C1=CC=C(I)C(N)=C1', 'CC1=CC(C)=C(I)C=C1I', 'CC1=C(C(I)=CC=C1)N(=O)=O', 'OC(=O)C1=CC(I)=C(C=C1)C(F)(F)F', 'CCOC(=O)CC(=O)C1=C(I)C=CC=C1', 'CC1=C(C(F)=CC=C1I)N(=O)=O', 'IC1=CC=CC=C1C(=O)C1=CC=CC=C1', 'CC1=C(I)C=CC=C1N(=O)=O', 'CC(=O)C1=CC(I)=C(O)C=C1', 'COC(=O)C1=C(Cl)C(O)=C(I)C=C1', 'OCC1=CC(=C(I)C=C1)N(=O)=O', 'FC(F)(F)C(=O)NC1=CC=CC=C1I', 'COC(=O)C1=C(Cl)C=C(C)C(I)=C1']"
3,"[0.9769085460682799, -0.5459529163336929, 0.26888320368432606]",3.5487745729867135,"['FC1=C(F)C(NC2=CC=C(I)C=C2Cl)=C(C=C1)C(=O)NOCC1CC1', 'COC1=CC=C(OC)C(=C1I)C1=C(C=C(C=C1C(C)C)C(C)C)C(C)C', 'C[C@@H]1CN(CCN1S(=O)(=O)C1=CC=C(I)C=C1)C(=O)C1=CC=CC=C1']","['CCOC(=O)C1=CC2=CC=CC=C2C=C1I', 'OC(=O)C1=CC(OC(F)(F)F)=C(I)C=C1', 'CC1=C(I)C=C(C=C1F)C(O)=O', 'COC(=O)C1=C(O)C=C(I)C(Cl)=C1', 'CCOC(=O)C(=CNC1=C(I)C=CC=C1)C(=O)OCC', 'COC(=O)C1=CC(NC(=O)C2=CC=CC=C2I)=CC=C1', 'OC(=O)C1=C(I)C=C(C=C1)C#N', 'ClC1=C(I)C=C(C=O)C=C1', 'OC(=O)C1=CC=CC(C(O)=O)=C1I', 'OC(=O)C1=CC=C(I)C(=C1)C(F)(F)F', 'COC1=CC(I)=C(C=O)C=C1OC', 'CC(C)C1=CC=C(I)C(=C1)N(=O)=O', 'OC1=CC=C(C=C1I)C1=CC=C(C=C1)C#N', 'OC1=CC=C(Cl)C=C1\\C=C\\C1=C(I)C=CC=C1', 'BrCC1=C(I)C(=CC=C1)N(=O)=O', 'CCOC(=O)C1=CC(I)=C(O)C(I)=C1', 'OC(=O)C(=O)CC1=CC(I)=C(O)C(I)=C1', 'CC1=C(C)C(I)=C(C=C1)C(O)=O', 'COC(=O)CCC1=CC(I)=C(O)C(I)=C1', 'CC1=CC=C(C(O)=O)C(I)=C1', 'OC(=O)C1=CC(Cl)=CC=C1I', 'COC(=O)C1=CC(I)=C(C)C=C1C', 'OC(=O)CCC1=NN=C(O1)C1=CC=CC=C1I', 'COC(=O)C1=C(OC)C=C(C)C(I)=C1', 'CC1=CC(C(O)=O)=C(I)C=C1', 'COC(=O)C1=CC=CC=C1I', 'FC1=C(Cl)C=CC(I)=C1C=O', 'OC1=CC(I)=C(C=C1)N(=O)=O']"
4,"[0.9656292524742955, 0.890544908179314, 0.8136930885597269]",3.7515779609553226,"['ClC1=CC(I)=CC(=C1)N(=O)=O', 'CN(C)C1=CC=C(C=C1)\\N=N\\C1=CC=C(I)C=C1', 'IC1=CC=C(C=C1)N1C(=O)C=CC1=O']","['COC1=CC(I)=C(NC(=O)OC(C)(C)C)C=C1', 'ClCC1=CC(I)=C(CCl)C=C1', 'COC1=CC([C@@H](O)C(C)(C)C)=C(C=C1I)N(=O)=O', 'COC1=CC(C(C)C)=C(OS(=O)(=O)C2=CC=C(C)C=C2)C=C1I', 'COC1=CC=C(COC2=C(I)C=CC=C2)C=C1', 'OC(=O)CCCCC(=O)C1=CC=C(I)C=C1', 'CCOC(=O)C1=C(I)C=CC(Br)=C1', 'CC1(C)OB(OC1(C)C)C1=CC(O)=CC=C1I', 'OC(=O)C1=C(NC2=CC=C(I)C=C2F)C=NC=C1', 'COC(=O)C1=CC(I)=C(N)C(I)=C1', 'CC1=C(C=CC=C1I)C#N', 'FC(F)(F)C(=O)CC1=CC=C(I)C=C1', 'OB(O)C1=C(I)C=CC(OCC2=CC=CC=C2)=C1', 'COC1=CC=CC(I)=C1NC(=O)OC(C)(C)C', 'CN(C(=O)C1=C(I)C=CC=C1)C1=CC=C(C)C=C1', '[H][C@@](N)(CC1=CC(I)=C(O)C(I)=C1)C(O)=O', 'OC(=O)C1=C(NC2=CC=C(I)C=C2Cl)C(F)=C(F)C=C1', 'COC(=O)C1=C(I)C=CC=C1O', 'BrC1=CC=C(C=C1)C(=O)C1=C(I)C=CC=C1', 'IC1=CC=C(C=C1)C(=O)NCC1=CC=CC=C1', 'IC1=CC=CC=C1C1=CC=CC=C1I', 'CCOC(=O)C1=CC(I)=C(C)C=C1', 'CC1=CC(C)=C(I)C=C1C(O)=O', 'IC1=CC=CC(=C1)C(=O)C1=CC=CC=C1', 'CCOC(=O)C1=CC(I)=C(C=C1)C#N', 'COC(=O)C1=C(CBr)C(I)=CC=C1']"
5,"[0.501388129731924, 0.20266708901872987, 1.2310331342559602]",3.8135482493718764,"['ClC1=CC2=C(C=C1)C=C(I)C=C2', 'CC1=CC(I)=CC(C(O)=O)=C1N', 'IC1=C(C=CC=C1C#N)C#N']","['COC(=O)C1=C(I)C=C(Br)C=C1', 'COC(=O)C1=CC(N)=CC=C1I', 'OC(=O)C1=C(I)C=C(F)C(F)=C1', 'OC1=C(I)C=CC=C1N(=O)=O', 'CC1=CC(O)=C(I)C=C1N(=O)=O', 'CC1=CC(=CC(I)=C1)C(O)=O', 'OC(=O)C1=C(I)C=CC(Br)=C1', 'IC1=CC=CC2=CC3=C(C=C12)C(I)=CC=C3', 'BrC1=C(C=C(I)C=C1)C#N', 'NC1=C(I)C=CC(=C1)C(O)=O', 'FC1=CC=CC(I)=C1C#N', 'FC(F)(F)C1=C(I)C=CC(=C1)C#N', 'CC(=O)C1=CC(I)=CC=C1', 'COC(=O)C1=C(N)C(I)=CC(F)=C1', 'CCOC(=O)C1=CC(I)=CC(Br)=C1', 'CCC1=CC=C(I)C=C1C(O)=O', 'COC1=CC=C(I)C=C1C(O)=O', 'BrC1=CN=C(OC2=CC=C(I)C=C2)N=C1', 'ClC1=CC(=CC=C1I)N(=O)=O', 'CC1=C(C=C(I)C=C1Cl)C(O)=O', 'CC1=C(I)C=C(Cl)C(=C1)N(=O)=O', 'COC(=O)C1=CC=C(I)C=C1N(=O)=O', 'COC(=O)C1=CC(I)=C(N)C(=C1)N(=O)=O', 'CC(C)(C)OC(=O)C1=CC(I)=CC=C1', 'IC1=CC=C(C=C1)C1=NC=CO1']"
6,"[1.1851596614284747, 0.5111620607467443, 0.6702486479290919]",4.023376035655785,"['CC1=CC=C(C)N1C1=C(F)C=C(I)C=C1', 'CC1=CC(=C(I)C(Br)=C1)N(=O)=O', 'ClC1=CC(=CC(Cl)=C1I)N(=O)=O']","['COC(=O)C1=C(C)C(I)=CC=C1', 'COC(=O)C1=C(N)C=CC=C1I', 'NC1=C(I)C=CC=C1C(O)=O', 'CC1=CC(I)=C(N)C(I)=C1', 'BrC1=CC2=CC=C(I)C=C2C=C1', 'OC1=C(F)C=C(I)C=C1I', 'OC1=CC=CC2=C1C=CC=C2I', 'CCOC(=O)C1=CC=C(I)C=C1F', 'CC1=CC(I)=CC(I)=C1N', 'NC1=CC=C(I)C=C1N(=O)=O', 'OC(=O)C1=C(F)C=C(Cl)C(I)=C1', 'OC1=C(I)C=C(C=C1I)C(F)(F)F', 'NC(=O)C1=C(O)C=CC(I)=C1', 'CC1=CC=CC(I)=C1C=O', 'CC1=C(I)C(=CC(Br)=C1)C(O)=O', 'OC1=C(C=O)C(I)=CC=C1', 'OC(=O)C1=C(O)C=CC=C1I', 'IC1=CC=CC2=C(I)C=CC=C12', 'CC1=CC(=CC=C1I)C(O)=O', 'OC(=O)C1=CC=CC(I)=C1', 'COC(=O)C1=CC=CC(I)=C1N', 'OC1=CC2=C(C=CC=C2I)C=C1', 'CC(=O)CCC1=CC=C(I)C=C1']"
7,"[0.294538036319858, 0.6668851700437686, -0.09612092193324576]",4.127425010642718,"['COC1=CC(I)=C(I)C=C1OC', 'NC1=C(C=C(I)C(Cl)=C1)N(=O)=O', 'OC(=O)C1=C(I)C(I)=CC(I)=C1']","['IC1=CC=C(NC2=CC=C(I)C=C2)C=C1', 'OC1=C(I)C(=CC=C1)N(=O)=O', 'OC(=O)C1=CC=CC(I)=C1Cl', 'COC1=C(I)C(=CC=C1)C#N', 'CC(=O)C1=CC(I)=CC=C1N', 'IC1=CC=C(C#N)C(I)=C1', 'NC1=C(C(O)=O)C(I)=CC=C1', 'OCC1=CC(I)=C(CO)C=C1I', 'BrC1=C(I)C=C(C=O)C=C1', 'ClCC(=O)NC1=CC=CC=C1I', 'COC1=C(I)C(=CC=C1)N(=O)=O', 'COC1=CC(O)=C(C=O)C=C1I', 'IC1=C(C=CC=C1)C(=O)NC1CCCC1', 'OC1=C(I)C=C(C=C1N(=O)=O)C#N', 'COC(=O)C1=C(I)C=C(OC)C(OC)=C1', 'IC1=CC(I)=CC=C1', 'OC1=C(I)C=C(F)C(F)=C1I', 'CC(=O)C1=C(N)C(I)=CC(Br)=C1', 'CC(C)(C)C(=O)NC1=CC=CC=C1I', 'CC1=CC=C(I)C=C1C1=CC(I)=CC=C1C', 'CCOC(=O)C1=CC(F)=C(I)C=C1', 'CC(=O)C1=CC(I)=C(Br)C=C1']"
8,"[1.0708146217817276, 1.0931663001753178, 0.4257549960654081]",4.323897926140423,"['FC1=C(F)C(=CC(I)=C1F)N(=O)=O', 'NC1=CC=C(N)C(I)=C1', 'FC1=CC(F)=C(I)C=C1N(=O)=O']","['COP(=S)(OC)OC1=CC(Cl)=C(I)C=C1Cl', 'IC1=C(C=CC=C1)C(=O)NCC1=CC=CC=C1', 'CC(C)(C)OC(=O)C1=C(Br)C=C(I)C=C1', 'COC(=O)C1=CC(I)=C(Cl)C=C1N', 'COC1=C(NCC(O)=O)C=C(I)C(Cl)=C1', 'COC(=O)C1=CC(I)=C(Cl)C=C1', 'OC(=O)CC1=C(I)C=C(Cl)C=C1', 'COC1=C(I)C(Cl)=C(Cl)C=C1', 'COC1=CC(I)=CC=C1I', 'CCC1=CC(Br)=C(I)C=C1', 'CC(C)(C)C1=CC=C(I)C(Br)=C1', 'OC(=O)C1=C(I)C(Br)=CC=C1', 'OC1=C(Cl)C(I)=CC=C1', 'COC(=O)C1=CC(I)=C(Cl)C=C1C', 'CC(C)C1=CC=C(I)C(Br)=C1', 'CC1=CC(Cl)=C(I)C=C1C', 'CC(C)(C)C1=CC(I)=C(Br)C=C1', 'OC(=O)C1=C(Br)C(I)=CC=C1', 'COC1=CC(I)=C(Cl)C=C1', 'NC1=CC(Cl)=C(I)C=C1C(O)=O', 'CON(C)C(=O)C1=C(I)C=C(Cl)C=C1']"
