,obj_values ['rate'],Vendi_score,eval_samples,cut_samples
0,"[-0.3030336006361951, -0.2378121044967333, 0.6193182634195539]",1.5024610512367116,"['COC1=CC=C(OC)C(I)=C1', 'COC(=O)C1=C(I)C=C(OC)C(OC)=C1', 'CC1=CC=C(I)C=C1C1=CC(I)=CC=C1C']",[]
1,"[1.2167917129696504, 1.1885934889560894, 0.7565975472486359]",1.7590845935623463,"['COC1=CC(I)=CC=C1I', 'CCOC(=O)C1=CC=C(I)C=C1F', 'IC1=CC=C(NC2=CC=C(I)C=C2)C=C1']","['CCOP(=O)(CC1=CC=C(I)C=C1)OCC', 'NC1=C(Cl)C=C(C=C1I)C(F)(F)F', 'IC1=CC=C(OCC2=CC=CN=C2)C=C1', 'CC1(C)OB(OC1(C)C)C1=CC(O)=CC=C1I', 'OC1=CC=C(OC2=CC=C(I)C=C2)C=C1', 'OC1=C(I)C=C(C=C1)C1=CC=CC=C1', 'IC1=CC=C(OC2=CC=CC=C2)C=C1', 'FC1=CC(I)=CC=C1NC(=O)NC1CC1', 'IC1=C(OCC2=CC=CC=C2)C=CC=C1', 'CC(=O)NC1=C(C=C(I)C=C1)C(F)(F)F', 'COC1=C(C)C=CC(I)=C1', 'COC1=CC=C(I)C(C(O)=O)=C1F', 'OB(O)C1=C(I)C=CC(OCC2=CC=CC=C2)=C1', 'OC(=O)CCCCC1=CC=C(I)C=C1', 'IC1=CC=C(OCCN2CCCC2=O)C=C1', 'COC1=C(OC)C=C(I)C=C1', 'CCOC(=O)COC1=CC=CC=C1I', 'COC1=CC(C)=C(OC)C=C1I', 'NC1=C(I)C=C(Cl)C(=C1)C(F)(F)F', 'COC1=CC(I)=C(NC(=O)OC(C)(C)C)C=C1', 'IC1=CC=C(OCC2CC2)C=C1', 'COC(=O)C1=C(I)C=CC=C1OC', 'CC(C)(C)C1=CC(I)=CC=C1O', 'IC1=CC=C(OCCN2CCCC2)C=C1', 'CC(=O)NC1=C(OC(F)(F)F)C=C(I)C=C1', 'IC1=CC=CC(CN2CCCC2)=C1', 'CCNC(=O)C1=CC(OCC)=C(I)C=C1', 'IC1=CC=C(OCC2=CC=NC=C2)C=C1', 'ClC1=CC=C(OC2=CC=C(I)C=C2)C=C1', 'IC1=CC=CC(=C1)C1=CC=CC=C1', 'COC(=O)C1(CC1)C1=CC=C(I)C=C1']"
2,"[0.5376468742303384, 0.501388129731924, 0.5880674878982872]",1.8988803980794926,"['IC1=CC=C(C=C1)C1=NC=CO1', 'ClC1=CC2=C(C=C1)C=C(I)C=C2', 'OC(=O)C1=CC=CC(I)=C1']","['OC1=C(F)C=C(I)C=C1I', 'COC1=CC(Cl)=CC(I)=C1', 'OCC1=C(Cl)C=CC(I)=C1', 'CON(C)C(=O)C1=CC=C(I)C=C1', 'CC1=CC=C(I)C(C(O)=O)=C1F', 'COC1=CC=C(C(N)=O)C(I)=C1', 'NC(CC1=CC=C(I)C=C1)C(O)=O', 'ClC1=CC(Cl)=C(COC2=CC=C(I)C=C2)C=C1', 'OC1=CC=C(I)C=C1C(F)(F)F', 'NC1(CC1)C1=CC=C(I)C=C1', 'CCOC1=CC=C(C=C1)C(O)C1=CC(I)=CC=C1Cl', 'COC1=C(Cl)C=CC(I)=C1', 'COC1=C(C(O)=O)C(I)=CC=C1', 'CC1(C)COB(OC1)C1=CC=C(I)C=C1', 'CCOC(=O)CC1=CC(I)=CC=C1', 'CC1=CC(I)=CC(I)=C1N', 'CC(C)(C)OC(=O)NCC1=CC=CC(I)=C1', 'COC1=C(I)C=C(N)C=C1I', 'CS(=O)(=O)NC1=CC=C(I)C=C1', 'OCC1=CC(I)=C(CO)C=C1I', 'CC1=CC(C)=C(I)C=C1I', 'CC(C)OC1=CC=C(I)C=C1Br', 'CC1=CC(I)=CC(C)=C1F', 'NC(=O)C1=CN=C(OC2=CC=C(I)C=C2)C=C1', 'ClC1=CC=C(C=C1)C1=CC=C(I)C=C1', 'CC(=O)NC(CC1=CC=C(I)C=C1)C(O)=O', 'IC1=CC(I)=CC=C1', 'IC1=CC=C(C=C1)C(=O)N1CCOCC1', 'CC(=O)NC1=C(F)C=C(I)C=C1']"
3,"[0.08490361229652965, 1.0802002409619185, 0.4963810077188251]",2.0241110468658006,"['OS(=O)(=O)C1=CC=C(I)C=C1', 'FC1=CC(I)=CC=C1C(F)(F)F', 'IC1=CC=C(C#N)C(I)=C1']","['CC(=O)CCC1=CC=C(I)C=C1', 'CC1=CC(I)=C(N)C(I)=C1', 'OCC1=C(Cl)C=C(I)C=C1Cl', 'OCC1=C(Cl)C=CC=C1I', 'CC(=O)OC1=CC=C(I)C=C1', 'BrC1=CC2=CC=C(I)C=C2C=C1', 'CC1=C(Cl)C=C(I)C=C1', 'COC(=O)C1=C(C)C(I)=CC=C1', 'NC(=O)C1=C(O)C=CC(I)=C1', 'CC1=C(Cl)C=C(I)C=C1Cl', 'CCOC(=O)C1=CC2=CC=CC=C2C=C1I', 'OC(=O)CCCCC(=O)C1=CC=C(I)C=C1', 'COC(=O)C1=C(I)C=CC(OC)=C1', 'CC1=C(C=C(I)C=C1Cl)C(O)=O', 'NC1=C(Cl)C=C(Cl)C=C1I', 'COC(=O)C1=C(N)C=CC=C1I', 'COC(=O)C1=CC=CC=C1I', 'COC(=O)C1=C(I)C=CC=C1O', 'CC1=CC=C(I)C=C1Br', 'OC(=O)C1=C(NC2=CC=C(I)C=C2F)C=NC=C1', 'CC(C)(C)OC(=O)C1=CC(I)=CC=C1', 'IC1=CC=CC(=C1)C(=O)C1=CC=CC=C1', 'CCC1=CC=C(I)C=C1C(O)=O', 'CC1=CC(=CC(I)=C1)C(O)=O', 'FC(F)(F)C(=O)CC1=CC=C(I)C=C1', 'IC1=CC=C(C=C1)C(=O)NCC1=CC=CC=C1', 'CC(=O)C1=CC(I)=CC=C1', 'NC1=C(C(O)=O)C(I)=CC=C1']"
4,"[1.1851596614284747, 0.5708675537994293, 0.9788797935769392]",2.1362229838327425,"['CC1=CC=C(C)N1C1=C(F)C=C(I)C=C1', 'NCC1=CC(I)=CC=C1', 'CC1=CC=CC(I)=C1']","['IC1=CC(CC#N)=CC=C1', 'FC1=C(Cl)C=C(I)C=C1', 'CNS(=O)(=O)C1=CC=C(I)C=C1', 'NNC(=O)C1=CC=C(I)C=C1', 'BrCC1=CC(I)=CC=C1', 'OB(O)C1=CC=C(I)C=C1', 'NC(=O)C1=C(Cl)C=CC=C1I', 'CS(=O)(=O)C1=CC=CC(I)=C1', 'COC(=O)C1=CC=C(I)C=C1', 'OC(=O)C1=CC=C(I)C=C1', 'OS(=O)(=O)C1=CC=CC(I)=C1', 'FC(F)C1=CC=C(I)C=C1', 'IC1=CC(=CC=C1)N1C=CN=N1', 'CC1=CC(Br)=CC(I)=C1', 'IC1=CC=C(CC#C)C=C1', 'CC(C)(C)OC(=O)C1=C(I)C=CC=C1', 'NS(=O)(=O)C1=CC=C(I)C=C1', 'FC(F)(F)C(F)(C1=CC=C(I)C=C1)C(F)(F)F', 'NS(=O)(=O)C1=CC=CC(I)=C1', 'IC1=CC=C(OCC#N)C=C1', 'ClCC1=CC(I)=C(CCl)C=C1', 'FC1=C(Cl)C=C(I)C=C1Cl', 'CC1=CC(I)=CC(F)=C1', 'ClCC1=CC=C(I)C=C1', 'FC(F)(F)C1=C(Cl)C=CC(I)=C1', 'FC1=C(C=C(I)C=C1)C(F)(F)F']"
5,"[0.610371127314533, 0.7906260268900357, -1.3477383748927532]",2.25980649315363,"['NC1=CC(I)=CC(CO)=C1', 'CCCCCC1=CC=C(C=C1)C1=CC=C(I)C=C1', 'NC1=CC(I)=CC=C1O']","['COC1=CC(Br)=CC(I)=C1', 'CNC(=O)C1=CC=CC=C1I', 'FC(F)C1=C(I)C=CC=C1', 'CCCNC(=O)C1=CC=CC=C1I', 'OC1=C(F)C=C(I)C=C1', 'IC1=C(C=CC=C1)C1=CC=CC=C1', 'NCCC1=CC=C(I)C=C1', 'CC1=CC=C(I)C=C1', 'CCNC(=O)C1=CC=CC=C1I', 'ClCC1=C(I)C=CC=C1', 'OCC1=C(I)C=C(F)C=C1', 'CC1=C(Br)C(F)=CC(I)=C1', 'OCC1=C(I)C=C(Cl)C=C1', 'OC(=O)CC1=C(I)C=C(Cl)C=C1', 'CCC1=C(Br)C=CC(I)=C1', 'IC1=C(C=CC=C1)C(=O)NC1CCCC1', 'CC1=C(I)C=CC=C1CC#N', 'ClC1=CC=C(I)C=C1', 'NC(=O)C1=C(I)C=CC=C1', 'CSC1=CC=C(I)C=C1', 'CCC1=CC=C(I)C=C1', 'CC1=C(F)C=C(F)C=C1I', 'CC1=CC=C(C=C1I)C(N)=N', 'CC1=C(O)C=CC(I)=C1', 'OB(O)C1=CC(I)=CC=C1']"
6,"[0.6461153948262166, 0.42525683703023087, 0.26888320368432606]",2.5101311114545637,"['IC1=CC=CC2=C(I)C=CC=C12', 'COC1=CC=CC(I)=C1NC(=O)OC(C)(C)C', 'C[C@@H]1CN(CCN1S(=O)(=O)C1=CC=C(I)C=C1)C(=O)C1=CC=CC=C1']","['COC(OC)C1=C(I)C=CC=C1', 'FC(F)(F)C(=O)NC1=CC=CC=C1I', 'NNC(=O)CNC1=CC=C(I)C=C1', 'COC1=C(F)C=CC=C1I', 'NC1=C(I)C=C(F)C(=C1)C(F)(F)F', 'CC1=CC=CC(I)=C1CO', 'COC1=C(I)C=CC(=C1)C(F)(F)F', 'CN(C)C1=C(I)C=CC=C1', 'CC1=CC(I)=C(CO)C=C1', 'IC1=CC=C(NC(=O)OCC2=CC=CC=C2)C=C1', 'COC1=CC(B(O)O)=C(I)C=C1', 'OC1=C(I)C=CC=C1Cl', 'CC1=C(I)C=C(O)C=C1', 'OC(=O)CNC(=O)C1=C(I)C=CC=C1', 'NC1=C(Cl)C=C(I)C=C1', 'CC1=C(I)C=C(CO)C=C1', 'COC1=C(C)C(I)=CC=C1C', 'CNCC1=C(I)C=CC=C1', 'CC1=CC(I)=C(CO)C=C1C', 'COC1=CC=CC(I)=C1C', 'CC1=CC(I)=C(C)C=C1', 'COC1=C(N)C=CC(I)=C1', 'OCC1=C(I)C=CC(F)=C1']"
7,"[1.0956830183236261, 1.2242285798605221, 0.31584354983293583]",2.5732546028455148,"['CC(C)S(=O)(=O)N[C@@H]1CCOC[C@H]1C1=CC=C(I)C=C1', 'OC(=O)C1=C(O)C=CC=C1I', 'CC(C)S(=O)(=O)N[C@H]1CCOC[C@@H]1C1=CC=C(I)C=C1']","['CC(C)(C)C1=C(N)C=CC(I)=C1', 'COC(=O)CC1=C(I)C=CC=C1', 'CC(Br)C(=O)N(C)C1=CC=C(I)C=C1', 'OC(=O)CCC1=CC=CC=C1I', 'IC1=C(OC2CC2)C=CC=C1', 'NCC1=CC=CC=C1I', 'ClCC(=O)NC1=CC=CC=C1I', 'COC1=CC(=C(I)C=C1)C(F)(F)F', 'CON(C)C(=O)C1=C(I)C=C(Cl)C=C1', 'CCOC1=C(I)C=CC(=C1)C(=O)N1CCOCC1', 'CC(C)(C)OC(=O)NC(CC1=CC(I)=CC=C1F)C(O)=O', 'IC1=CC=CC=C1CN1C=NC=N1', 'CC(C)(C)OC(=O)C1=C(Br)C=C(I)C=C1', 'CC(Cl)C(=O)NC1=CC=CC=C1I', 'OC(=O)CCC1=NN=C(O1)C1=CC=CC=C1I', 'COC1=CC=C(C)C=C1I', 'IC1=C(C=CC=C1)C(=O)NCC1=CC=CC=C1', 'CCOC(=O)CC1=C(I)C=CC=C1', 'NC1=C(I)C=C(OC(F)(F)F)C=C1', 'NC1=CC=C(C=C1)S(=O)(=O)NC1=CC=C(I)C=C1', 'CC(=O)NC1=CC=CC=C1I', 'OC(=O)CCC1=CC(I)=C(O)C(I)=C1']"
8,"[0.9750196624271068, 1.198684809188364, 0.4302581450357216]",2.65512217507932,"['OC(=O)C1=CC(Cl)=CC=C1I', 'FC1=CC(I)=C(C=C1)C#N', 'FC(F)(F)C1=CC(=C(I)C=C1)C(F)(F)F']","['CC1=C(I)C=CC=C1', 'COC1=CC(Cl)=C(OC)C=C1I', 'NC(=O)C1=CC(O)=C(I)C=C1', 'CC1=CC(Br)=CC=C1I', 'COC1=CC(OC)=C(I)C=C1Cl', 'CC1=C(O)C(I)=CC(Cl)=C1', 'CCC1=C(N)C=CC(I)=C1', 'CN(C(=O)C1=C(I)C=CC=C1)C1=CC=C(C)C=C1', 'OC(=O)C1=C(NC(=O)C2=C(I)C=CC=C2)C=CC=C1', 'COC1=CC=C(COC2=C(I)C=CC=C2)C=C1', 'OC(=O)CC1=CC=CC=C1I', 'CC1=CC(Br)=C(C)C=C1I', 'OC1=C(Cl)C(I)=CC=C1', 'IC1=CC=C(NC(=O)NCC2=CC=CC=C2)C=C1', 'CC(C)(C)C(=O)NC1=CC=C(Cl)C=C1I', 'C[C@H](O)C1=C(I)C=CC(F)=C1', 'BrC1=CN=C(OC2=CC=C(I)C=C2)N=C1', 'IC1=C(C=CC=C1)C(=O)N1CCCC1', 'CC1=CC=C(C(O)=O)C(I)=C1', 'COC(=O)CCC1=CC(I)=C(O)C(I)=C1', 'CCCC1=C(I)C=CC=C1']"
