,obj_values ['rate'],Vendi_score,eval_samples,cut_samples
0,"[1.1580107547295777, 0.33603749230526786, -0.08758289924820628]",2.083863692961423,"['FC1=C(F)C(F)=C(I)C(F)=C1F', 'CC1=CC=CC(C)=C1I', 'COC1=CC=C(C)C=C1I']",[]
1,"[-0.08043209346533231, 0.7024011751146415, 1.2033461999915258]",2.0902479302901895,"['FC1=CC(F)=C(I)C(F)=C1', 'OC(=O)C1=C(F)C(F)=C(F)C(F)=C1I', 'FC(F)C1=C(I)C(F)=C(Cl)C=C1']","['COC1=CC(CO)=CC=C1I', 'OC1=C(I)C=CC(Cl)=C1', 'COC1=C(I)C=CC(=C1)C(F)(F)F', 'FC1=CC=C(I)C(F)=C1', 'CC1=C(O)C(I)=CC(Cl)=C1', 'OCC1=CC(I)=C(O)C=C1', 'COC1=CC=C(I)C(C)=C1', 'COC1=CC=CC(CO)=C1I', 'CC1=CC(I)=C(F)C=C1', 'OC(=O)C1=CC=C(O)C(I)=C1', 'COC1=C(F)C=CC=C1I', 'CC(=O)NC1=CC=CC=C1I', 'OC1=C(I)C=CC=C1', 'OC(=O)CC1=CC=C(O)C(I)=C1', 'OC1=C(I)C=C(Cl)C=C1', 'CC1=CC(F)=C(I)C=C1', 'COC1=C(I)C=C(C=C1)C(O)=O', 'CC1=C(I)C=CC(O)=C1', 'OCC1=C(I)C=CC(F)=C1', 'COC1=CC=CC(C)=C1I', 'CCOC(=O)COC1=CC=CC=C1I', 'COC1=C(I)C(C)=CC(Cl)=C1', 'OC1=C(I)C=CC=C1Cl', 'FC1=C(I)C=CC(=C1)C1CC1', 'COC1=C(I)C=CC=C1', 'CC1=CC(I)=C(O)C=C1Cl', 'NC(=O)C1=CC(O)=C(I)C=C1', 'IC1=C(OC2CC2)C=CC=C1', 'CC1=C(F)C=C(F)C(I)=C1', 'OC1=C(F)C=CC=C1I', 'OC1=CC(Cl)=C(F)C=C1I']"
2,"[0.6210337820200413, 1.0899785972687763, -0.5057879574331279]",2.6431710858169155,"['FC(F)(F)OC1=C(I)C=C(Br)C=C1', 'COC(=O)C1=C(I)C=C(Br)C=C1', 'FC(F)(F)C1=CC(Cl)=C(I)C(Cl)=C1']","['OB(O)C1=CC(F)=C(I)C(F)=C1', 'COC(=O)C1=CC(I)=C(F)C=C1', 'FC(F)(F)C(=O)NC1=CC=CC=C1I', 'CCOC1=CC=C(I)C(F)=C1F', 'FC1=CC(Br)=CC(F)=C1I', 'FC1=CC=C(I)C(F)=C1F', 'FC1=C(F)C(=CC=C1I)C(F)(F)F', 'C[C@H](O)C1=C(I)C=CC(F)=C1', 'COC1=CC(F)=C(I)C=C1', 'FC1=C(Br)C=CC(I)=C1F', 'OC(C1=CC=C(I)C(F)=C1)(C(F)(F)F)C(F)(F)F', 'CC1=CC(F)=C(I)C=C1O', 'OC1=CC=CC(I)=C1F', 'FC1=C(I)C(F)=C(Br)C=C1', 'FC1=CC(I)=C(F)C=C1', 'FC1=C(I)C=CC(Cl)=C1', 'FC1=C(I)C=CC(I)=C1', 'FC1=CC(F)=C(Cl)C=C1I', 'FC1=CC=CC(CBr)=C1I', 'FC1=C(F)C(I)=CC=C1', 'COC(=O)C1=C(OC)C=C(F)C(I)=C1', 'COC1=C(I)C(F)=CC=C1', 'COC1=CC(OC)=C(I)C=C1Cl', 'COC1=CC(I)=C(F)C=C1Cl', 'FC1=CC=CC(F)=C1I', 'FC1=C(I)C=C(CBr)C=C1', 'FC(F)(F)OC1=CC=CC=C1I', 'FC1=C(I)C=CC(=C1)C(F)(F)F', 'COC1=C(I)C=C(C(O)=O)C(F)=C1']"
3,"[1.2310331342559602, 0.8424035927964038, 0.8310321459627881]",3.013491560766503,"['IC1=C(C=CC=C1C#N)C#N', 'OC(=O)C1=CC=C(I)C(=C1)C(F)(F)F', 'FC(F)(F)C1=C(I)C=CC(=C1)C#N']","['OCC1=C(Cl)C=CC=C1I', 'FC1=CC(Cl)=C(I)C=C1', 'FC(F)C1=C(I)C=CC=C1', 'OCC1=C(I)C=C(Cl)C=C1', 'ClC1=CC(Cl)=C(I)C=C1', 'OC(=O)C1=CC=CC(I)=C1Cl', 'CC1=CC(Cl)=CC(Cl)=C1I', 'OC(=O)CC1=CC=CC=C1I', 'OC1=C(I)C(Cl)=CC(Cl)=C1', 'FC(F)(F)C1=CC(I)=C(Cl)C=C1', 'FC(F)(F)C1=CC(I)=C(Br)C=C1', 'FC1=CC=CC(I)=C1Br', 'FC1=CC(Br)=C(I)C=C1F', 'FC1=CC(F)=C(I)C(Cl)=C1', 'OCC1=CC=CC(Br)=C1I', 'COC(=O)CC1=C(I)C=CC=C1', 'OC(=O)CC1=C(I)C=C(Cl)C=C1', 'ClCC1=C(I)C=CC=C1', 'FC1=C(I)C(Cl)=CC=C1', 'OC(=O)C1=C(I)C(Br)=CC=C1', 'ClC1=CC(CBr)=C(I)C=C1', 'COC(=O)C1=C(C)C(I)=CC=C1', 'ClC1=CC=C(CBr)C(I)=C1', 'FC1=C(I)C=CC(Br)=C1Cl', 'COC(=O)C1=CC(I)=C(Cl)C=C1', 'CC1=CC=CC(Cl)=C1I', 'ClCC1=CC(I)=C(CCl)C=C1', 'OCC1=C(I)C=C(F)C=C1']"
4,"[0.9236124287408849, 0.4302581450357216, 0.4356357824461381]",3.0184084131240523,"['CCOC(=O)C1=CC(I)=C(C=C1)C#N', 'FC(F)(F)C1=CC(=C(I)C=C1)C(F)(F)F', 'FC1=C(Cl)C=CC(I)=C1C=O']","['OC(=O)C1=CC(Cl)=CC=C1I', 'OC(=O)C1=CC(I)=C(O)C(I)=C1', 'COC(=O)C1=CC(I)=C(Cl)C=C1C', 'OC1=C(I)C=C(C=C1I)C(F)(F)F', 'OC(=O)C1=CC(I)=C(C=C1)C(F)(F)F', 'CC1=C(I)C=C(C=C1F)C(O)=O', 'OC(=O)C1=CC=CC(C(O)=O)=C1I', 'OC(=O)C1=CC(OC(F)(F)F)=C(I)C=C1', 'CC1=CC=C(C(O)=O)C(I)=C1', 'COC1=C(I)C=C(C=C1I)C#N', 'CC1=CC(C(O)=O)=C(I)C=C1', 'ClC1=C(I)C=C(C=C1)C#N', 'CCOC(=O)C1=CC(F)=C(I)C=C1', 'NC(=O)C1=C(Cl)C=CC=C1I', 'FC1=CC(I)=C(Cl)C=C1', 'COC(=O)C1=CC=CC=C1I', 'COC(=O)C1=CC=CC(C)=C1I', 'COC(=O)C1=C(I)C=CC=C1O', 'IC1=CC=CC=C1CN1C=NC=N1', 'FC(F)(F)C1=C(I)C=CC(Br)=C1', 'OC(=O)C1=C(I)C=CC(Br)=C1', 'CNC(=O)C1=CC=CC=C1I', 'CC1=CC=C(I)C(C(O)=O)=C1F', 'OC(=O)C1=C(I)C=C(F)C(F)=C1', 'OC(=O)C1=CC=CC(=C1I)C(F)(F)F', 'COC(=O)C1=C(Cl)C(O)=C(I)C=C1']"
5,"[0.10937635368463045, 1.181061166899568, 0.4979598744353937]",3.1146041382961527,"['COC1=C(C=C(Cl)C(C)=C1I)C(C)=O', 'BrC1=CC=C(C=C1)C(=O)C1=C(I)C=CC=C1', 'CC1=C(I)C(=CC(Br)=C1)C(O)=O']","['CC(C)(C)OC(=O)C1=C(I)C=CC=C1', 'CCOC(=O)C1=CC=C(I)C=C1F', 'CC1=C(C=CC=C1I)C#N', 'CCCNC(=O)C1=CC=CC=C1I', 'COC(=O)C1=C(Cl)C=C(C)C(I)=C1', 'OC(=O)CCC1=NN=C(O1)C1=CC=CC=C1I', 'CC1=C(F)C=C(F)C=C1I', 'COC(=O)C1=C(O)C=C(I)C(Cl)=C1', 'CC1=C(C(I)=CC=C1)N(=O)=O', 'ClC1=C(I)C=C(C=O)C=C1', 'CCNC(=O)C1=CC=CC=C1I', 'FC1=CC=CC(I)=C1C#N', 'CC1=CC(C)=C(I)C=C1I', 'COC(OC)C1=C(I)C=CC=C1', 'OC1=CC(I)=C(C=C1)N(=O)=O', 'OC(=O)C1=C(I)C=C(C=C1)C#N', 'COC(=O)C1=C(I)C=CC(OC)=C1', 'CCOC(=O)CC(=O)C1=C(I)C=CC=C1', 'CC1=C(I)C=C(Cl)C(=C1)N(=O)=O', 'NC(=O)C1=C(I)C=CC(Br)=C1F', 'CC1=C(C=C(I)C=C1Cl)C(O)=O', 'COC1=C(OC)C(I)=CC(C=O)=C1', 'CCOC(=O)C1=C(I)C=CC(Br)=C1', 'CON(C)C(=O)C1=C(I)C=C(Cl)C=C1', 'CC1=C(C)C(I)=C(C=C1)C(O)=O']"
6,"[-0.10593633509126033, 1.1647000271577503, 0.26888320368432606]",3.33489829927342,"['CC(C)(C)OC(=O)C1=C(Br)C=C(I)C=C1', 'CCOC(=O)C1=CC(I)=CC(Br)=C1', 'C[C@@H]1CN(CCN1S(=O)(=O)C1=CC=C(I)C=C1)C(=O)C1=CC=CC=C1']","['IC1=C(C=CC=C1)C(=O)NC1CCCC1', 'COC1=CC(I)=C(C=O)C=C1OC', 'OC(=O)C1=CC=CC(=C1I)N(=O)=O', 'CCOC1=C(O)C(I)=CC(C=O)=C1', 'CCOC(=O)C1=CC2=CC=CC=C2C=C1I', 'COC(=O)C1=C(CBr)C(I)=CC=C1', 'OC(=O)C1=C(NC(=O)C2=C(I)C=CC=C2)C=CC=C1', 'CC1=C(C(F)=CC=C1I)N(=O)=O', 'CC1=CC=CC(I)=C1C=O', 'IC1=CC=CC=C1C(=O)C1=CC=CC=C1', 'CC1=C(I)C=CC=C1N(=O)=O', 'OC(=O)C1=CC=CC2=CC=CC(I)=C12', 'CC1=CC=C(C=C1I)C(N)=N', 'CC1=CC(=CC=C1I)C(O)=O', 'IC1=C(C=CC=C1)C1=CC=CC=C1', 'COC1=CC(C=O)=CC(I)=C1O', 'CCOC(=O)CC1=C(I)C=CC=C1', 'CCOC(=O)C1=CC(OCC)=C(I)C=C1', 'CCOC(=O)C1=CC(I)=C(C)C=C1', 'OC(=O)C1=C(Br)C(I)=CC=C1', 'CC1=CC(C)=C(I)C=C1C(O)=O', 'CC(=O)C1=CC(I)=C(O)C=C1', 'IC1=CC=CC=C1C1=CC=CC=C1I']"
7,"[0.4839376227244957, 0.9656292524742955, 1.0708146217817276]",3.481540437502685,"['OC1=C(I)C=C(C=C1N(=O)=O)C#N', 'ClC1=CC(I)=CC(=C1)N(=O)=O', 'FC1=C(F)C(=CC(I)=C1F)N(=O)=O']","['COC(=O)C1=CC(NC(=O)C2=CC=CC=C2I)=CC=C1', 'CC(=O)C1=CC(I)=CC=C1', 'OC1=C(I)C=C(C=O)C=C1I', 'CC(C)(C)OC(=O)C1=CC(I)=CC=C1', 'COC(=O)C1=CC(I)=C(C)C=C1C', 'OCC1=CC(I)=C(CO)C=C1I', 'CC(=O)C1=CC(I)=C(Br)C=C1', 'IC1=CC=CC(=C1)C(=O)C1=CC=CC=C1', 'FC(F)(F)C(=O)CC1=CC=C(I)C=C1', 'BrC(C1=CC=CC=C1)C1=C(I)C=CC=C1', 'CC1=CC(Br)=CC=C1I', 'OCC1=C(Cl)C=C(I)C=C1Cl', 'IC1=CC=C(C=C1)C(=O)NCC1=CC=CC=C1', 'CC1=CC(Br)=C(I)C=C1Cl', 'BrC1=CN=C(OC2=CC=C(I)C=C2)N=C1', 'OC(=O)CCCCC(=O)C1=CC=C(I)C=C1', 'ClC1=CC=C(Br)C=C1I', 'CC1=C(Br)C=CC(I)=C1Cl', 'CCC1=CC=C(I)C=C1C(O)=O', 'CCOC(=O)C1=CC(I)=C(O)C(I)=C1', 'BrC1=C(C=C(I)C=C1)C#N', 'CC1=CC(=CC(I)=C1)C(O)=O']"
8,"[0.4257549960654081, 0.8079068995209806, 1.0883633455290571]",3.5296603901796955,"['FC1=CC(F)=C(I)C=C1N(=O)=O', 'BrCC1=C(I)C(=CC=C1)N(=O)=O', 'IC1=C(C=CC=C1N(=O)=O)N(=O)=O']","['OC(=O)C1=CC=CC(I)=C1', 'IC1=CC=C(C=C1)C1=NC=CO1', 'COC1=C(C(O)=O)C(I)=CC=C1', 'OC1=C(I)C=CC=C1N(=O)=O', 'COC(=O)C1=CC=C(I)C=C1N(=O)=O', 'OC1=C(C=O)C(I)=CC=C1', 'FC1=C(C=C(Br)C=C1I)C#N', 'COC(=O)C1=CC(I)=C(N)C(=C1)N(=O)=O', 'OC(=O)C(=O)CC1=CC(I)=C(O)C(I)=C1', 'OCC1=CC(=C(I)C=C1)N(=O)=O', 'IC1=CC=C(C#N)C(I)=C1', 'IC1=CC(I)=CC=C1', 'BrC1=C(I)C=C(C=O)C=C1', 'ClC1=CC(=CC=C1I)N(=O)=O', 'CC(C)C1=CC=C(I)C(=C1)N(=O)=O', 'CC1=CC(O)=C(I)C=C1N(=O)=O', 'FC1=C(I)C=CC(Br)=C1C#N', 'OC1=C(I)C=C(F)C(F)=C1I', 'OC(=O)C1=C(F)C=C(Cl)C(I)=C1', 'FC1=C(Cl)C=C(I)C=C1Cl', 'CC(=O)C1=CC(Cl)=C(C)C(I)=C1O']"
