,obj_values ['rate'],Vendi_score,eval_samples,cut_samples
0,"[1.0724895316047025, 1.0049346424678065, 0.11229390118545779]",1.7265503201895145,"['CC1=CC=C(I)C(C(O)=O)=C1F', 'CC(=O)OC1=CC=C(I)C=C1', 'COC1=C(I)C(=CC=C1)N(=O)=O']",[]
1,"[0.6865694361113097, 0.5708675537994293, 0.7608412413845975]",1.7311952410283986,"['OC(=O)CC1=CC=CC=C1I', 'NCC1=CC(I)=CC=C1', 'COC(=O)C1=CC=C(I)C=C1']","['FC(F)C1=CC=C(I)C=C1', 'OCC1=C(Cl)C=CC(I)=C1', 'OB(O)C1=CC(I)=CC=C1', 'IC1=CC(=CC=C1)N1C=CN=N1', 'CS(=O)(=O)NC1=CC=C(I)C=C1', 'IC1=CC(CC#N)=CC=C1', 'CNC(=O)C1=CC=CC=C1I', 'NC(CC1=CC=C(I)C=C1)C(O)=O', 'CC1=CC(I)=CC(F)=C1', 'CC1=C(Cl)C=C(I)C=C1', 'ClCC1=CC=C(I)C=C1', 'COC1=C(C(O)=O)C(I)=CC=C1', 'FC(F)C1=C(I)C=CC=C1', 'CCC1=CC=C(I)C=C1', 'IC1=CC=C(CC#C)C=C1', 'NC(=O)C1=C(I)C=CC=C1', 'FC1=C(Cl)C=C(I)C=C1', 'FC1=C(C=C(I)C=C1)C(F)(F)F', 'CCCNC(=O)C1=CC=CC=C1I', 'IC1=CC=C(OCC#N)C=C1', 'CC(=O)NC1=C(F)C=C(I)C=C1', 'CCNC(=O)C1=CC=CC=C1I', 'OCC1=C(I)C=C(F)C=C1', 'NNC(=O)C1=CC=C(I)C=C1', 'OCC1=C(Cl)C=CC=C1I', 'NC(=O)C1=C(Cl)C=CC=C1I', 'COC1=CC=C(I)C(C(O)=O)=C1F', 'OB(O)C1=CC=C(I)C=C1', 'FC(F)(F)C1=C(Cl)C=CC(I)=C1', 'OC(=O)CNC(=O)C1=C(I)C=CC=C1', 'OC1=CC=C(I)C=C1C(F)(F)F']"
2,"[1.0802002409619185, 1.1559441145623843, -0.24448008121560494]",1.7408720405541125,"['FC1=CC(I)=CC=C1C(F)(F)F', 'CC1=C(Cl)C=C(I)C=C1Cl', 'COC1=CC(Cl)=CC(I)=C1']","['CC1=CC=CC(I)=C1CO', 'ClCC1=CC(I)=C(CCl)C=C1', 'COC(OC)C1=C(I)C=CC=C1', 'ClC1=CC=C(I)C=C1', 'CC1=C(I)C=CC=C1CC#N', 'COC1=C(Cl)C=CC(I)=C1', 'OC(=O)C1=CC=C(I)C=C1', 'CON(C)C(=O)C1=CC=C(I)C=C1', 'IC1=CC=CC(=C1)C1=CC=CC=C1', 'IC1=CC=CC=C1CN1C=NC=N1', 'CC1=CC=CC(I)=C1', 'CC1=CC=C(C=C1I)C(N)=N', 'IC1=C(C=CC=C1)C1=CC=CC=C1', 'CC1=CC(I)=CC(C)=C1F', 'ClCC1=C(I)C=CC=C1', 'CC1=C(I)C=CC=C1', 'NCC1=CC=CC=C1I', 'CC1=C(F)C=C(F)C=C1I', 'NCCC1=CC=C(I)C=C1', 'CC1=C(I)C=C(CO)C=C1', 'NS(=O)(=O)C1=CC=C(I)C=C1', 'CCOC(=O)CC1=CC(I)=CC=C1', 'NC1(CC1)C1=CC=C(I)C=C1', 'CC1=CC=C(I)C=C1', 'OC(=O)CC1=C(I)C=C(Cl)C=C1', 'OCC1=C(I)C=CC(F)=C1', 'OCC1=C(I)C=C(Cl)C=C1', 'CC1=CC(I)=C(CO)C=C1', 'COC(=O)CC1=C(I)C=CC=C1']"
3,"[1.2310331342559602, 0.501388129731924, 0.5710052901426236]",2.151760690539344,"['IC1=C(C=CC=C1C#N)C#N', 'ClC1=CC2=C(C=C1)C=C(I)C=C2', 'COC(=O)C1=CC=CC=C1I']","['COC(=O)C1=C(C)C(I)=CC=C1', 'COC(=O)C1=C(I)C=CC=C1OC', 'OC(=O)CCC1=CC=CC=C1I', 'IC1=CC(I)=CC=C1', 'NC(=O)CC1=C(I)C=CC=C1', 'OS(=O)(=O)C1=CC=C(I)C=C1', 'COC1=C(C)C=CC(I)=C1', 'COC(=O)C1(CC1)C1=CC=C(I)C=C1', 'CC(=O)NC1=C(C=C(I)C=C1)C(F)(F)F', 'CCC1=C(Br)C=CC(I)=C1', 'FC(F)(F)C(F)(C1=CC=C(I)C=C1)C(F)(F)F', 'OC(=O)CCCCC1=CC=C(I)C=C1', 'FC1=C(Cl)C=C(I)C=C1Cl', 'CS(=O)(=O)C1=CC=CC(I)=C1', 'CC(=O)NC(CC1=CC=C(I)C=C1)C(O)=O', 'IC1=CC=C(C=C1)C(=O)N1CCOCC1', 'CC(=O)NC1=C(OC(F)(F)F)C=C(I)C=C1', 'OCC1=C(Cl)C=C(I)C=C1Cl', 'CC1=CC(Br)=CC(I)=C1', 'CC1=C(Br)C(F)=CC(I)=C1', 'CC1=CC=C(I)C=C1Br', 'CNS(=O)(=O)C1=CC=C(I)C=C1', 'NS(=O)(=O)C1=CC=CC(I)=C1', 'OS(=O)(=O)C1=CC=CC(I)=C1', 'CC(C)(C)OC(=O)C1=C(I)C=CC=C1', 'OC1=C(F)C=C(I)C=C1', 'BrCC1=CC(I)=CC=C1', 'CC1=CC(I)=C(C)C=C1']"
4,"[0.6009279798653284, 0.7244871206288495, 0.1562611462957939]",2.284097176171383,"['ClC1=C(I)C=C(C=C1)C#N', 'FC(F)(F)C1=CC(I)=C(Cl)C=C1', 'FC1=C(F)C(=CC=C1I)C(F)(F)F']","['OC1=C(F)C=C(I)C=C1I', 'IC1=CC=C(OC2=CC=CC=C2)C=C1', 'IC1=C(C=CC=C1)C(=O)NC1CCCC1', 'COC1=CC(I)=CC=C1I', 'FC1=CC(I)=C(C=C1)C#N', 'CCOC(=O)CC1=C(I)C=CC=C1', 'CC1=CC=C(C(O)=O)C(I)=C1', 'ClC1=CC=C(C=C1)C1=CC=C(I)C=C1', 'FC(F)(F)C(=O)CC1=CC=C(I)C=C1', 'IC1=CC=C(C=C1)C1=NC=CO1', 'C[C@H](O)C1=C(I)C=CC(F)=C1', 'IC1=CC=C(C#N)C(I)=C1', 'COC(=O)C1=C(I)C=CC(OC)=C1', 'CC(=O)C1=CC(I)=CC=C1', 'CC1=CC(C)=C(I)C=C1I', 'COC(=O)C1=C(I)C=CC=C1O', 'FC(F)(F)OC1=CC=CC=C1I', 'CCOC(=O)C1=CC=C(I)C=C1F', 'CC1=C(C=C(I)C=C1Cl)C(O)=O', 'CON(C)C(=O)C1=C(I)C=C(Cl)C=C1', 'COC1=C(F)C=CC=C1I', 'COC1=C(C)C(I)=CC=C1C', 'CC1=CC(C(O)=O)=C(I)C=C1', 'CCCC1=C(I)C=CC=C1', 'COC1=CC=C(C(N)=O)C(I)=C1', 'FC(F)(F)C1=CC(=C(I)C=C1)C(F)(F)F']"
5,"[0.5138879594425679, -0.09612092193324576, 1.1169494519707404]",2.5150136708565127,"['CC(C)C1=C(I)C=CC(Br)=C1', 'OC(=O)C1=C(I)C(I)=CC(I)=C1', 'COC(=O)C1=CC=CC(C)=C1I']","['FC1=CC=CC(I)=C1Br', 'FC1=CC(Cl)=C(I)C=C1', 'NC(=O)C1=C(I)C=CC(Br)=C1F', 'CC1=CC(Cl)=C(I)C=C1C', 'ClC1=CC=C(CBr)C(I)=C1', 'OC(=O)C1=CC=CC(I)=C1Cl', 'COC1=C(I)C=CC(=C1)C(F)(F)F', 'FC1=CC(I)=C(Cl)C=C1', 'CCC1=CC=C(I)C=C1C(O)=O', 'ClC1=CC(CBr)=C(I)C=C1', 'OC1=C(I)C=CC=C1Cl', 'OC(=O)C1(CC1)C1=C(I)C=CC=C1', 'COC1=CC(=C(I)C=C1)C(F)(F)F', 'FC1=C(I)C=CC(=C1)C(F)(F)F', 'OC1=CC(I)=C(Cl)C=C1', 'ClC1=CC=CC=C1I', 'COC(=O)C1=CC(I)=C(Cl)C=C1C', 'NC(=O)C1=CC(O)=C(I)C=C1', 'CC1=CC(Br)=CC=C1I', 'COC(=O)C1=CC(I)=C(Cl)C=C1', 'OC1=C(Cl)C(I)=CC=C1', 'CC1=CC=CC(I)=C1Cl', 'ClC1=CC(Cl)=C(I)C=C1', 'FC(F)(F)C(=O)NC1=CC=CC=C1I', 'FC(F)(F)C1=C(I)C=CC(Br)=C1']"
6,"[0.567640196496341, 0.9284140094383682, 0.33603749230526786]",2.624357167509809,"['CC(=O)OC1=CC(C)=C(I)C(C)=C1', 'CC1=CC(=CC(C)=C1I)C#N', 'CC1=CC=CC(C)=C1I']","['CNCC1=C(I)C=CC=C1', 'CC(C)(O)C1=C(I)C=CC=C1', 'ClCC(=O)NC1=CC=CC=C1I', 'ClC1=CC=C(Br)C=C1I', 'FC(F)(F)OC1=C(I)C=C(Br)C=C1', 'CC(C)(C)C1=C(I)C=CC=C1', 'CC1=CC(Br)=C(C)C=C1I', 'OCC1=CC(I)=C(CO)C=C1I', 'BrC1=CC=CC=C1I', 'COC1=CC(I)=C(Cl)C=C1', 'CC1=C(I)C=C(O)C=C1', 'CC1=C(Br)C=CC(I)=C1Cl', 'OC(=O)C1=C(Br)C(I)=CC=C1', 'IC1=CC=CC=C1C1=CC=CC=C1I', 'CCC1=CC(Br)=C(I)C=C1', 'CC1=CC(Br)=C(I)C=C1', 'CC1=CC=CC(Cl)=C1I', 'IC1=C(C=CC=C1)C(=O)NCC1=CC=CC=C1', 'CC1=CC(Cl)=CC(Cl)=C1I', 'COC1=C(I)C=C(C=C1)C(O)=O', 'CC1(C)COB(OC1)C1=CC=C(I)C=C1', 'CC1=CC(I)=C(CO)C=C1C', 'IC1=C(C=CC=C1)C(=O)N1CCCC1']"
7,"[0.04977968725233062, 0.6489453837998297, 0.8392322980736077]",2.6919690304475,"['COS(=O)(=O)C1=CC=CC=C1I', 'CC(C)(C)OC(=O)NCC1=CC=CC(I)=C1', 'OC(=O)C1=CC=CC(C(O)=O)=C1I']","['FC1=C(F)C(I)=CC=C1', 'OC(=O)C1=CC=C(O)C(I)=C1', 'OC1=CC(Cl)=C(F)C=C1I', 'CSC1=CC=C(I)C=C1', 'COC(=O)C1=C(Cl)C=C(C)C(I)=C1', 'CCOC(=O)COC1=CC=CC=C1I', 'CC1=C(C)C(I)=C(C=C1)C(O)=O', 'CC1=C(I)C=CC(O)=C1', 'FC1=CC(I)=C(F)C=C1', 'CC(Cl)C(=O)NC1=CC=CC=C1I', 'CC(=O)NC1=CC=CC=C1I', 'BrC(C1=CC=CC=C1)C1=C(I)C=CC=C1', 'IC1=C(OCC2=CC=CC=C2)C=CC=C1', 'IC1=C(OC2CC2)C=CC=C1', 'COC1=CC(B(O)O)=C(I)C=C1', 'COC(=O)C1=C(I)C=C(OC)C(OC)=C1', 'OC(=O)C1=C(I)C(Br)=CC=C1', 'IC1=CC=C(OCC2=CC=NC=C2)C=C1', 'COC(=O)C1=C(Cl)C(O)=C(I)C=C1', 'OC(=O)CCC1=NN=C(O1)C1=CC=CC=C1I', 'CC1=CC(I)=C(F)C=C1', 'COC1=CC=C(I)C(C)=C1']"
8,"[-0.8787979639249159, 0.019539844641912052, 0.0036768002666182076]",2.798818349654629,"['CC(=O)NC1=CC(F)=CC=C1I', 'COC(=O)C1=C(OC)C=C(NC(C)=O)C(I)=C1', 'OC1=CC(Cl)=C(I)C=C1']","['CC1=CC(=CC(I)=C1)C(O)=O', 'COC1=CC(Br)=CC(I)=C1', 'COC1=C(I)C=C(C=C1I)C#N', 'COC(=O)C1=C(I)C=C(Br)C=C1', 'OC1=CC=C(OC2=CC=C(I)C=C2)C=C1', 'IC1=CC=C(OCC2CC2)C=C1', 'OC(=O)C1=C(I)C=C(F)C(F)=C1', 'CCOP(=O)(CC1=CC=C(I)C=C1)OCC', 'IC1=CC=CC(CN2CCCC2)=C1', 'NC(=O)C1=CN=C(OC2=CC=C(I)C=C2)C=C1', 'CCOC(=O)CC(=O)C1=C(I)C=CC=C1', 'CC(C)(C)C1=CC(I)=CC=C1O', 'CC(C)C1=CC=C(I)C(Br)=C1', 'IC1=CC=C(OCC2=CC=CN=C2)C=C1', 'CCOC(=O)C1=CC(I)=C(OC)C=C1', 'CC1=C(I)C=C(C=C1F)C(O)=O', 'OC(=O)C1=CC(Cl)=CC=C1I', 'IC1=CC=CC=C1C(=O)C1=CC=CC=C1', 'CC(Br)C(=O)N(C)C1=CC=C(I)C=C1', 'CC1=C(O)C=CC(I)=C1', 'ClC1=CC=C(OC2=CC=C(I)C=C2)C=C1']"
