,obj_values ['rate'],Vendi_score,eval_samples,cut_samples
0,"[0.04977968725233062, 0.7255363519020332, 0.9096455794283645]",1.861801192458536,"['COS(=O)(=O)C1=CC=CC=C1I', 'OC1=CC=C(I)C2=CC=CC=C12', 'COC(=O)C1=C(O)C=C(I)C(Cl)=C1']",[]
1,"[0.5376468742303384, 0.501388129731924, 0.8136930885597269]",2.074816294366529,"['IC1=CC=C(C=C1)C1=NC=CO1', 'ClC1=CC2=C(C=C1)C=C(I)C=C2', 'IC1=CC=C(C=C1)N1C(=O)C=CC1=O']","['OC(=O)C1=CC=CC(I)=C1Cl', 'COC1=CC(=C(I)C=C1)C(F)(F)F', 'CCNC(=O)C1=CC=CC=C1I', 'ClC1=CC=CC=C1I', 'CNC(=O)C1=CC=CC=C1I', 'OC1=CC(I)=C(Br)C=C1', 'OC(=O)CC1=C(I)C=C(Cl)C=C1', 'ClCC1=CC(I)=C(CCl)C=C1', 'COC1=C(C(O)=O)C(I)=CC=C1', 'CON(C)C(=O)C1=C(I)C=C(Cl)C=C1', 'CC1=CC(Cl)=C(I)C=C1C', 'COC1=CC(I)=C(Cl)C=C1', 'CC1=CC=C(C=C1I)C(N)=N', 'COC1=C(I)C=C(N)C=C1I', 'ClC1=CC(Cl)=C(I)C=C1', 'FC1=CC=CC(I)=C1Br', 'COC1=CC=C(I)C(C(O)=O)=C1F', 'OC(=O)CNC(=O)C1=C(I)C=CC=C1', 'OC1=C(Cl)C(I)=CC=C1', 'CCCNC(=O)C1=CC=CC=C1I', 'COC(=O)C1=CC(I)=C(Cl)C=C1C', 'NC(=O)C1=C(Cl)C=CC=C1I', 'NC(=O)C1=C(I)C=CC=C1', 'FC1=CC(I)=C(Cl)C=C1', 'FC(F)(F)C(=O)NC1=CC=CC=C1I', 'OCC1=C(Cl)C=CC=C1I', 'OC1=CC(I)=C(Cl)C=C1', 'CC1=CC=CC(I)=C1Cl', 'CC1=CC=C(I)C(C(O)=O)=C1F', 'COC(=O)C1=CC(I)=C(Cl)C=C1', 'COC(=O)C1=C(I)C=CC=C1OC']"
2,"[0.3638350470235373, -0.6746475979334894, 0.6030487937619385]",2.328270754783597,"['COC(=O)C1=CC=C(I)C(N)=C1', 'COC1=CC(OC)=C(I)C(C=O)=C1', 'COC(=O)C1=CC(I)=C(N)C(=C1)N(=O)=O']","['COC1=CC(I)=CC=C1I', 'CC1=CC=C(C(O)=O)C(I)=C1', 'COC1=C(OC)C(I)=CC(C=O)=C1', 'IC1=CC=CC(=C1)C(=O)C1=CC=CC=C1', 'OC(=O)C1=C(NC2=CC=C(I)C=C2F)C=NC=C1', 'CCC1=CC=C(I)C=C1C(O)=O', 'CC1=C(C=C(I)C=C1Cl)C(O)=O', 'COC(=O)C1=C(Cl)C=C(C)C(I)=C1', 'BrC1=CC2=CC=C(I)C=C2C=C1', 'NC(=O)C1=C(O)C=CC(I)=C1', 'COC(=O)C1=C(I)C=CC(OC)=C1', 'OC(=O)C1=CC=CC(I)=C1', 'CCOC(=O)C1=CC=C(I)C=C1F', 'CC1=CC(C)=C(I)C=C1I', 'COC(=O)C1=CC=CC=C1I', 'COC(=O)C1=C(Cl)C(O)=C(I)C=C1', 'COC(=O)C1=C(I)C=CC=C1O', 'OC1=C(F)C=C(I)C=C1I', 'CC(C)(C)OC(=O)C1=CC(I)=CC=C1', 'COC(=O)C1=C(N)C=CC=C1I', 'CCOC(=O)C1=CC2=CC=CC=C2C=C1I', 'CC(=O)CCC1=CC=C(I)C=C1', 'CC(=O)C1=CC(I)=CC=C1', 'CC1=CC(=CC(I)=C1)C(O)=O', 'NC1=C(C(O)=O)C(I)=CC=C1', 'COC(=O)C1=C(C)C(I)=CC=C1', 'OC(=O)C1=CC=CC2=CC=CC(I)=C12', 'IC1=CC(I)=CC=C1', 'FC(F)(F)C(=O)CC1=CC=C(I)C=C1']"
3,"[0.6238545681118839, -0.24448008121560494, 0.610371127314533]",2.5603036529518515,"['COC(=O)C1=CC=C(I)C=C1N(=O)=O', 'COC1=CC(Cl)=CC(I)=C1', 'NC1=CC(I)=CC(CO)=C1']","['COC1=CC=C(I)C=C1C(O)=O', 'CC1=CC(C)=C(I)C=C1C(O)=O', 'COC(=O)C1=C(OC)C=C(C)C(I)=C1', 'CC(=O)C1=CC(I)=C(O)C=C1', 'OC1=CC2=C(C=CC=C2I)C=C1', 'CCOC1=C(O)C(I)=CC(C=O)=C1', 'NC1=C(I)C=CC(=C1)C(O)=O', 'COC(=O)C1=CC(I)=C(C)C=C1C', 'CC1=C(I)C=CC=C1N(=O)=O', 'COC(=O)C1=CC(N)=CC=C1I', 'CC1=CC(I)=C(N)C(I)=C1', 'CC1=C(I)C=C(C=C1F)C(O)=O', 'OC(=O)C(=O)CC1=CC(I)=C(O)C(I)=C1', 'COC1=CC(C=O)=CC(I)=C1O', 'CC(=O)C1=CC(Cl)=C(C)C(I)=C1O', 'CC1=CC(C(O)=O)=C(I)C=C1', 'COC(=O)C1=C(N)C(I)=CC(Cl)=C1', 'NC1=C(I)C=CC=C1C(O)=O', 'COC(=O)C1=C(N)C(I)=CC(F)=C1', 'COC(=O)C1=CC=CC(I)=C1N', 'OC1=CC=C(C=C1I)C1=CC=C(C=C1)C#N', 'OC1=CC=CC2=C1C=CC=C2I', 'CCOC(=O)C1=CC(OCC)=C(I)C=C1', 'CC1=C(C(F)=CC=C1I)N(=O)=O', 'COC(=O)C1=CC(N)=C(I)C=C1C', 'OC1=C(I)C=C(C=O)C=C1I', 'CCOC(=O)C1=CC(I)=C(C)C=C1', 'OC(=O)C1=C(NC(=O)C2=C(I)C=CC=C2)C=CC=C1']"
4,"[0.40542248323130026, 0.6668851700437686, 0.890544908179314]",2.879364562559971,"['IC1=CC=CC2=CC3=C(C=C12)C(I)=CC=C3', 'NC1=C(C=C(I)C(Cl)=C1)N(=O)=O', 'CN(C)C1=CC=C(C=C1)\\N=N\\C1=CC=C(I)C=C1']","['COC1=C(C)C=CC(I)=C1', 'COC(=O)C1=CC(I)=C(N)C(I)=C1', 'CC1=C(I)C=C(Cl)C(=C1)N(=O)=O', 'CN(C)C1=C(I)C=CC=C1', 'COC1=CC=C(C(N)=O)C(I)=C1', 'OC(=O)CCC1=NN=C(O1)C1=CC=CC=C1I', 'CC(=O)NC1=C(F)C=C(I)C=C1', 'OC(=O)CCCCC(=O)C1=CC=C(I)C=C1', 'CC(=O)NC1=CC=CC=C1I', 'COC1=CC(I)=C(C=O)C=C1OC', 'IC1=CC(=CC=C1)N1C=CN=N1', 'OC(=O)C1=CC(I)=C(O)C(I)=C1', 'COC1=CC(B(O)O)=C(I)C=C1', 'NC1=C(Cl)C=C(Cl)C=C1I', 'CS(=O)(=O)NC1=CC=C(I)C=C1', 'COC1=C(Cl)C=CC(I)=C1', 'IC1=CC=CC(=C1)C1=CC=CC=C1', 'CC1=C(C=CC=C1I)C#N', 'CC1=C(I)C=C(O)C=C1', 'CC1=C(C(I)=CC=C1)N(=O)=O', 'NC1=C(Cl)C=C(C=C1I)C(F)(F)F', 'CC1=C(Cl)C=C(I)C=C1', 'IC1=CC=C(C#N)C(I)=C1', 'CC1=CC(Cl)=CC(I)=C1N', 'NCCC1=CC=C(I)C=C1', 'OCC1=C(I)C=C(F)C=C1']"
5,"[0.8218122568731453, 1.1539729119520985, 0.30786835020252146]",3.0337522054910218,"['NC1=CC=C(NC(=O)C2=CC=CC=C2I)C=C1', 'ClC1=CC(=CC=C1I)N(=O)=O', 'CC(C)C1=CC=C(I)C(=C1)N(=O)=O']","['IC1=CC=C(C=C1)C(=O)NCC1=CC=CC=C1', 'OC(=O)C1=C(NC2=CC=C(I)C=C2Cl)C(F)=C(F)C=C1', 'CC1=CC(O)=C(I)C=C1N(=O)=O', 'OC(=O)C1=CC(I)=C(C=C1)C(F)(F)F', 'COC1=CC(O)=C(C=O)C=C1I', 'COC(=O)C1=CC(I)=C(C=C1O)N(C)C', 'CC1=CC(I)=CC(I)=C1N', 'CC1=CC(I)=CC(C(O)=O)=C1N', 'OC1=CC=C(Cl)C=C1\\C=C\\C1=C(I)C=CC=C1', 'CC(=O)C1=CC(I)=CC=C1N', 'CC(=O)C1=C(N)C(I)=CC(Br)=C1', 'IC1=CC=CC2=C(I)C=CC=C12', 'OC1=C(I)C=C(F)C(F)=C1I', 'OC1=C(I)C=CC=C1Cl', 'OC1=C(I)C=CC=C1N(=O)=O', 'OC1=C(C=O)C(I)=CC=C1', 'ClC1=C(I)C=C(C=O)C=C1', 'CC(C)(C)C1=CC(I)=C(O)C(I)=C1', 'OC(=O)CCC1=CC(I)=C(O)C(I)=C1', 'NC1=C(I)C=C(Cl)C(=C1)C(F)(F)F', 'IC1=CC=CC=C1C(=O)C1=CC=CC=C1', 'NC1=CC=C(I)C=C1N(=O)=O', 'COC(=O)C1=C(I)C=C(OC)C(OC)=C1', 'OC(=O)C1=CC(Cl)=CC=C1I', 'FC1=C(Cl)C=CC(I)=C1C=O']"
6,"[0.3863027835248003, 0.6702486479290919, 0.33201464200603964]",3.211815369551558,"['ClC1=C(I)C(=CC=C1)N(=O)=O', 'ClC1=CC(=CC(Cl)=C1I)N(=O)=O', 'COC1=CC=CC(I)=C1C']","['OC(=O)C1=C(I)C=C(C=C1)C#N', 'COC(=O)CCC1=CC(I)=C(O)C(I)=C1', 'CCOC(=O)C1=CC(I)=CC(Br)=C1', 'COC1=C(I)C=C(C=C1I)C#N', 'COC1=C(OC)C=C(I)C=C1', 'OC(=O)C1=C(O)C=CC=C1I', 'OC(=O)C1=C(F)C=C(Cl)C(I)=C1', 'OC(=O)C1=CC(OC(F)(F)F)=C(I)C=C1', 'CC1=CC=CC(I)=C1C=O', 'OC1=CC(I)=C(C=C1)N(=O)=O', 'NC1=C(I)C=C(F)C(=C1)C(F)(F)F', 'ClC1=CC(I)=CC(=C1)N(=O)=O', 'CC1=C(O)C(I)=CC(Cl)=C1', 'OCC1=CC(=C(I)C=C1)N(=O)=O', 'CC1=CC(=CC=C1I)C(O)=O', 'CCOC(=O)C1=CC(I)=C(C=C1)C#N', 'OC(=O)C1=C(I)C=C(F)C(F)=C1', 'COC(=O)C1=CC(NC(=O)C2=CC=CC=C2I)=CC=C1', 'CCOC(=O)C(=CNC1=C(I)C=CC=C1)C(=O)OCC', 'BrC1=C(C=C(I)C=C1)C#N', 'COC1=CC([C@@H](O)C(C)(C)C)=C(C=C1I)N(=O)=O', 'CCOC(=O)CC(=O)C1=C(I)C=CC=C1', 'IC1=CC=CC(CN2CCCC2)=C1']"
7,"[-0.15182731038725494, 1.0931663001753178, 0.19409458209736646]",3.3673948735793755,"['NC1=C(N)C=C(I)C(Cl)=C1', 'NC1=CC=C(N)C(I)=C1', 'NC1=CC=C(Cl)C(I)=C1Cl']","['FC(F)C1=C(I)C=CC=C1', 'OC1=C(I)C=C(C=C1I)C(F)(F)F', 'CSC1=CC=C(I)C=C1', 'COC(=O)C1=C(CBr)C(I)=CC=C1', 'NC1=CC(I)=CC=C1O', 'OCC1=C(I)C=C(Cl)C=C1', 'BrC1=C(I)C=C(C=O)C=C1', 'COC1=CC(Br)=CC(I)=C1', 'NC1=C(I)C=C(OC(F)(F)F)C=C1', 'OCC1=CC(I)=C(CO)C=C1I', 'COC1=C(F)C=CC=C1I', 'CC(=O)NC1=C(OC(F)(F)F)C=C(I)C=C1', 'OC(=O)C1=CC=CC(=C1I)N(=O)=O', 'CCOC(=O)C1=CC(I)=C(O)C(I)=C1', 'IC1=CC=C(OCC#N)C=C1', 'CC(=O)C1=CC(I)=C(Br)C=C1', 'ClCC1=C(I)C=CC=C1', 'CC(Cl)C(=O)NC1=CC=CC=C1I', 'NC(=O)C1=CC(O)=C(I)C=C1', 'OC1=C(Br)C(I)=CC=C1', 'CNCC1=C(I)C=CC=C1', 'IC1=C(C=CC=C1)C1=CC=CC=C1']"
8,"[0.3648169791060167, 1.1851596614284747, 0.9598920574896976]",3.4945608091385636,"['NC1=CC(I)=C(O)C=C1', 'CC1=CC=C(C)N1C1=C(F)C=C(I)C=C1', 'BrC1=CC(I)=C(I)C=C1']","['COC1=CC=C(C)C=C1I', 'CC1=C(O)C=CC(I)=C1', 'NNC1=C(I)C=CC=C1', 'COC1=CC(I)=C(N)C=C1', 'CC1=CC(O)=C(C)C=C1I', 'CC1=CC(N)=C(I)C=C1F', 'COC1=C(N)C(I)=CC=C1', 'COC1=CC=C(I)C(C)=C1', 'CC(C)(C)C1=CC(I)=CC=C1O', 'COC1=CC(Cl)=C(I)C=C1', 'NC1=CC(I)=C(Br)C=C1', 'COC(=O)C1=CC(I)=C(N)C(OC)=C1', 'NC1=CC=C(O)C=C1I', 'COC1=C(NCC(O)=O)C=C(I)C(Cl)=C1', 'NC1=C(I)C(Cl)=C(Cl)C=C1', 'COC1=CC=C(OC)C(I)=C1', 'OC1=CC(Cl)=C(I)C=C1', 'NC1=C(I)C=C(C=C1)C1=CC=CC=C1', 'COC1=C(I)C(Cl)=C(Cl)C=C1', 'NC1=C(Cl)C=C(I)C=C1', 'COC1=CC(OC)=C(I)C=C1Cl']"
