,obj_values ['rate'],Vendi_score,eval_samples,cut_samples
0,"[0.14233594580504927, 0.8564364550014167, -0.08736557777953258]",1.7421587257467772,"['COC1=CC(I)=C(Cl)C=C1', 'OC(=O)C1=CC(I)=C(C=C1)C(F)(F)F', 'COC1=C(I)C=C(C=C1)C(O)=O']",[]
1,"[0.8424035927964038, 0.8310321459627881, 0.16333255109768174]",1.8193733085252328,"['OC(=O)C1=CC=C(I)C(=C1)C(F)(F)F', 'FC(F)(F)C1=C(I)C=CC(=C1)C#N', 'OC(=O)C1=C(I)C=C(C=C1)C#N']","['NC1=C(Cl)C=C(C=C1I)C(F)(F)F', 'CC1=CC(Cl)=C(I)C=C1C', 'OC(=O)C1=CC=C(O)C(I)=C1', 'COC1=CC(Cl)=C(I)C=C1', 'COC1=C(I)C=CC(=C1)C(F)(F)F', 'OC(=O)C1=CC=CC(I)=C1Cl', 'OC1=CC(I)=C(Br)C=C1', 'CC1=CC=C(I)C(C(O)=O)=C1F', 'OC1=CC(Cl)=C(F)C=C1I', 'COC1=C(C(O)=O)C(I)=CC=C1', 'COC1=CC(=C(I)C=C1)C(F)(F)F', 'CC1=C(O)C(I)=CC(Cl)=C1', 'CC1=CC(I)=C(F)C=C1', 'CCOC(=O)C1=CC(I)=C(OC)C=C1', 'OC1=CC(I)=C(Cl)C=C1', 'FC1=CC(I)=C(Cl)C=C1', 'IC1=C(OC2CC2)C=CC=C1', 'OC1=C(I)C=CC=C1Cl', 'FC(F)(F)OC1=CC=CC=C1I', 'COC1=CC(I)=C(F)C=C1Cl', 'COC1=C(I)C=C(C(O)=O)C(F)=C1', 'ClC1=CC=CC=C1I', 'COC1=C(F)C=CC=C1I', 'COC1=CC(OC)=C(I)C=C1Cl', 'COC1=CC=C(C=C1I)C#N', 'CC1=CC=CC(I)=C1Cl', 'COC1=CC=C(I)C(C(O)=O)=C1F', 'OC1=C(Cl)C(I)=CC=C1', 'OC1=CC=C(I)C=C1C(F)(F)F', 'FC(F)(F)C(=O)NC1=CC=CC=C1I', 'NC(=O)C1=CC(O)=C(I)C=C1']"
2,"[-0.09612092193324576, -0.5057879574331279, 0.4302581450357216]",2.360549032593937,"['OC(=O)C1=C(I)C(I)=CC(I)=C1', 'FC(F)(F)C1=CC(Cl)=C(I)C(Cl)=C1', 'FC(F)(F)C1=CC(=C(I)C=C1)C(F)(F)F']","['OC(=O)CCC1=NN=C(O1)C1=CC=CC=C1I', 'CCOC(=O)C1=CC(I)=C(C=C1)C#N', 'OC(=O)C1=CC=CC(C(O)=O)=C1I', 'COC(=O)C1=C(I)C=C(Br)C=C1', 'OC1=CC(I)=C(C=C1)N(=O)=O', 'CC(C)C1=CC=C(I)C(=C1)N(=O)=O', 'CC1=CC=C(C(O)=O)C(I)=C1', 'OCC1=CC(=C(I)C=C1)N(=O)=O', 'CC1=C(C=CC=C1I)C#N', 'ClC1=C(I)C=C(C=O)C=C1', 'CC1=C(C=C(I)C=C1Cl)C(O)=O', 'CC1=C(C(I)=CC=C1)N(=O)=O', 'OC(=O)C1=CC(OC(F)(F)F)=C(I)C=C1', 'CC1=C(I)C=CC=C1N(=O)=O', 'CC1=CC(C(O)=O)=C(I)C=C1', 'COC(=O)C1=CC=CC=C1I', 'OC(=O)C1=CC(Cl)=CC=C1I', 'COC(=O)C1=C(I)C=CC=C1O', 'OC(=O)C1=C(I)C=CC(Br)=C1', 'FC1=CC=CC(I)=C1C#N', 'COC(=O)C1=C(O)C=C(I)C(Cl)=C1', 'OC(=O)C1=C(I)C=C(F)C(F)=C1', 'CC1=C(C(F)=CC=C1I)N(=O)=O', 'CC1=C(I)C=C(C=C1F)C(O)=O', 'OC(=O)C1=CC=CC(=C1I)C(F)(F)F', 'COC(=O)C1=C(Cl)C(O)=C(I)C=C1', 'CC1=C(I)C=C(Cl)C(=C1)N(=O)=O', 'FC1=C(Cl)C=CC(I)=C1C=O', 'COC(=O)C1=C(Cl)C=C(C)C(I)=C1']"
3,"[0.9869241843207679, 0.6238545681118839, 1.0772946078823815]",2.4783177809024632,"['BrC1=C(C=C(I)C=C1)C#N', 'COC(=O)C1=CC=C(I)C=C1N(=O)=O', 'CCOC(=O)C1=CC(F)=C(I)C=C1']","['ClCC1=CC(I)=C(CCl)C=C1', 'OC(=O)C1=C(F)C=C(Cl)C(I)=C1', 'FC(F)(F)OC1=C(I)C=C(Br)C=C1', 'CON(C)C(=O)C1=C(I)C=C(Cl)C=C1', 'BrC1=CC=CC=C1I', 'OC(=O)C1=C(I)C(Br)=CC=C1', 'CCC1=CC(Br)=C(I)C=C1', 'CCOC(=O)CC(=O)C1=C(I)C=CC=C1', 'FC(F)(F)C1=CC(I)=C(Br)C=C1', 'COC1=C(I)C=C(C=C1I)C#N', 'FC1=CC=CC(I)=C1Br', 'FC1=CC(Cl)=C(I)C=C1', 'FC(F)(F)C1=CC(I)=C(Cl)C=C1', 'COC(=O)C1=CC(I)=C(Cl)C=C1', 'OC(=O)CC1=C(I)C=C(Cl)C=C1', 'BrC1=C(I)C=C(C=O)C=C1', 'OC(=O)C1=C(Br)C(I)=CC=C1', 'COC(=O)C1=CC(I)=C(Cl)C=C1C', 'CC1=CC(Br)=C(I)C=C1', 'ClC1=CC=C(Br)C=C1I', 'OC(=O)C1=CC=CC(=C1I)N(=O)=O', 'ClC1=CC(Cl)=C(I)C=C1', 'CCOC(=O)C1=CC=C(I)C=C1F', 'CC1=CC(Br)=C(I)C=C1Cl', 'CC(=O)C1=CC(I)=C(Br)C=C1', 'FC(F)(F)C1=C(I)C(Br)=CC=C1', 'NC(=O)C1=C(Cl)C=CC=C1I', 'ClC1=C(I)C=C(C=C1)C#N']"
4,"[1.0184095298961169, 0.9987850913488857, 0.8655538358749567]",2.655220935205713,"['BrC1=CC2=CC=C(I)C=C2C=C1', 'FC1=C(C=C(Br)C=C1I)C#N', 'FC1=C(I)C=CC(Br)=C1C#N']","['CC1=C(Br)C=CC(I)=C1Cl', 'CC(C)(C)OC(=O)C1=CC(I)=CC=C1', 'IC1=CC(I)=CC=C1', 'COC1=C(OC)C(I)=CC(C=O)=C1', 'ClC1=CC(I)=CC(=C1)N(=O)=O', 'FC(F)(F)C(=O)CC1=CC=C(I)C=C1', 'IC1=CC=CC(=C1)C(=O)C1=CC=CC=C1', 'COC1=CC(I)=C(C=O)C=C1OC', 'CC(=O)C1=CC(I)=CC=C1', 'OC1=C(I)C=C(C=C1I)C(F)(F)F', 'FC(F)(F)C1=C(I)C=CC(Br)=C1', 'IC1=CC=CC=C1C(=O)C1=CC=CC=C1', 'CC1=CC(=CC(I)=C1)C(O)=O', 'CCC1=CC=C(I)C=C1C(O)=O', 'FC1=CC(Br)=C(I)C=C1F', 'CC(C)C1=CC=C(I)C(Br)=C1', 'CCOC(=O)C1=CC(I)=CC(Br)=C1', 'OC(=O)C1=CC=CC(I)=C1', 'IC1=CC=C(C#N)C(I)=C1', 'COC(=O)C1=C(I)C=CC(OC)=C1', 'OC(=O)C1=CC(I)=C(O)C(I)=C1', 'CCOC(=O)C1=C(I)C=CC(Br)=C1', 'IC1=CC=C(C=C1)C1=NC=CO1', 'FC(F)(F)C1=C(Br)C(I)=CC=C1', 'CCOC(=O)C1=CC(OCC)=C(I)C=C1', 'ClC1=CC(=CC=C1I)N(=O)=O']"
5,"[0.9266807106460363, 1.1629139359306655, 1.20915723585692]",3.0495810551387343,"['BrC1=C(Br)C=C(I)C=C1', 'FC1=C(I)C(F)=C(Br)C=C1Br', 'BrCC1=CC=C(I)C=C1Br']","['OC1=C(I)C=C(C=O)C=C1I', 'FC1=C(I)C=CC(I)=C1', 'CC1=CC(C)=C(I)C=C1I', 'COC1=CC=C(I)C=C1C(O)=O', 'BrC1=C(C=CC=C1I)C#N', 'ClC1=CC2=C(C=C1)C=C(I)C=C2', 'COC(=O)C1=C(CBr)C(I)=CC=C1', 'CCOC(=O)C1=CC(I)=C(C)C=C1', 'ClC1=CC(CBr)=C(I)C=C1', 'CC1=CC(O)=C(I)C=C1N(=O)=O', 'CC1=CC(=CC=C1I)C(O)=O', 'OC1=C(F)C=C(I)C=C1I', 'OC1=C(Br)C(I)=CC=C1', 'BrC1=CN=C(OC2=CC=C(I)C=C2)N=C1', 'OC(=O)C1=C(NC(=O)C2=C(I)C=CC=C2)C=CC=C1', 'ClC1=CC(Br)=C(I)C=C1Cl', 'FC1=C(I)C=CC(Br)=C1Cl', 'OC(=O)C1=CC=CC2=CC=CC(I)=C12', 'COC1=CC(C=O)=CC(I)=C1O', 'NC(=O)C1=C(I)C=CC(Br)=C1F', 'FC1=C(Cl)C=C(I)C=C1Cl', 'CCOC(=O)C1=CC2=CC=CC=C2C=C1I', 'OC(=O)CCCCC(=O)C1=CC=C(I)C=C1', 'CCOC1=C(O)C(I)=CC(C=O)=C1', 'OC(=O)C1=C(O)C=CC=C1I']"
6,"[0.7728028088151515, 0.33149269980612495, -0.08111464596134699]",3.276244157554638,"['IC1=CC=C(C=C1)C(=O)NCC1=CC=CC=C1', 'BrC1=CC=C(I)C=C1CC1=CC=C2OCCOC2=C1', 'COC1=CC(Br)=CC(I)=C1']","['ClC1=CC=C(CBr)C(I)=C1', 'BrCC1=C(I)C=CC(Br)=C1', 'FC1=C(C=C(I)C=C1)C(F)(F)F', 'OC1=C(I)C=C(F)C(F)=C1I', 'OCC1=C(Cl)C=C(I)C=C1Cl', 'CC1=C(Cl)C=C(I)C=C1Cl', 'COC1=C(I)C=C(Br)C=C1', 'CC1=CC(Br)=CC(I)=C1', 'FC1=C(F)C(=CC=C1I)C(F)(F)F', 'CC1=CC=C(I)C=C1Br', 'BrC1=CC(Br)=C(I)C=C1', 'CCOC(=O)C1=CC(I)=C(O)C(I)=C1', 'OCC1=C(Cl)C=CC=C1I', 'CC(C)(C)OC(=O)C1=C(Br)C=C(I)C=C1', 'CC1=C(Br)C(F)=CC(I)=C1', 'OS(=O)(=O)C1=CC=CC(I)=C1', 'FC1=C(Br)C=CC(I)=C1F', 'BrCC1=CC(I)=CC=C1', 'FC(F)(F)C1=C(Cl)C=CC(I)=C1', 'BrC1=CC(I)=C(I)C=C1', 'CC(C)(C)C1=CC=C(I)C(Br)=C1', 'FC1=C(I)C=C(CBr)C=C1', 'CC(C)(C)C1=CC(I)=C(Br)C=C1']"
7,"[1.0912030121988159, 0.0020661501216441835, 0.3739526108698863]",3.5221225762462085,"['FC1=C(I)C(F)=C(Br)C=C1', 'FC1=CC(Br)=CC(F)=C1I', 'OB(O)C1=CC(F)=C(I)C(F)=C1']","['NS(=O)(=O)C1=CC=CC(I)=C1', 'NS(=O)(=O)C1=CC=C(I)C=C1', 'IC1=CC=CC(=C1)C1=CC=CC=C1', 'CC(=O)CCC1=CC=C(I)C=C1', 'CC(=O)NC1=C(C=C(I)C=C1)C(F)(F)F', 'COC1=C(Cl)C=CC(I)=C1', 'COC1=CC(I)=CC=C1I', 'CC(C)OC1=CC=C(I)C=C1Br', 'CNS(=O)(=O)C1=CC=C(I)C=C1', 'CC(=O)NC1=C(OC(F)(F)F)C=C(I)C=C1', 'IC1=CC(=CC=C1)N1C=CN=N1', 'CCC1=C(Br)C=CC(I)=C1', 'COP(=S)(OC)OC1=CC(Cl)=C(I)C=C1Cl', 'CON(C)C(=O)C1=CC=C(I)C=C1', 'CS(=O)(=O)C1=CC=CC(I)=C1', 'COC1=CC(Cl)=CC(I)=C1', 'CS(=O)(=O)NC1=CC=C(I)C=C1', 'COC(=O)C1=C(I)C=CC=C1OC', 'COC1=C(I)C=C(N)C=C1I', 'CC1=C(Cl)C=C(I)C=C1', 'CC(Br)C(=O)N(C)C1=CC=C(I)C=C1', 'OCC1=C(Cl)C=CC(I)=C1']"
8,"[0.8079068995209806, 1.0496284562146503, 0.4979598744353937]",3.647797380062331,"['BrCC1=C(I)C(=CC=C1)N(=O)=O', 'CC(=O)C1=C(N)C(I)=CC(Br)=C1', 'CC1=C(I)C(=CC(Br)=C1)C(O)=O']","['OC(=O)C1=C(F)C(F)=C(F)C(F)=C1I', 'CCOC1=CC(Br)=CC=C1I', 'FC(F)C1=C(I)C=CC=C1', 'FC1=CC=CC(CBr)=C1I', 'OC(C1=CC=C(I)C(F)=C1)(C(F)(F)F)C(F)(F)F', 'FC1=CC(F)=C(Cl)C=C1I', 'CC1=C(F)C=C(F)C(I)=C1', 'COC1=C(I)C(Cl)=C(Cl)C=C1', 'COC(=O)C1=C(C)C(I)=CC=C1', 'COC(=O)C1=CC(I)=C(F)C=C1', 'FC1=C(I)C=CC(=C1)C1CC1', 'FC1=CC=C(I)C(F)=C1F', 'OC(=O)CCC1=CC(I)=C(O)C(I)=C1', 'COC(=O)C1=CC(I)=C(OC2=CC=CC=C2)C=C1', 'FC1=CC(I)=C(F)C=C1', 'FC1=C(F)C(I)=CC=C1', 'FC1=C(I)C=CC(Cl)=C1', 'CC(=O)C1=CC(I)=C(O)C=C1', 'FC(F)C1=C(I)C(F)=C(Cl)C=C1', 'FC1=C(I)C=CC(=C1)C(F)(F)F', 'FC1=C(Cl)C=C(I)C=C1']"
