,obj_values ['rate'],Vendi_score,eval_samples,cut_samples
0,"[1.0899785972687763, 0.21908456444587432, 0.14555274767533927]",1.6276293178598373,"['COC(=O)C1=C(I)C=C(Br)C=C1', 'COC1=C(I)C=CC(=C1)C(F)(F)F', 'FC1=C(I)C=CC(=C1)C1CC1']",[]
1,"[0.8564364550014167, -0.127711630533752, 0.8424035927964038]",1.8722120770068327,"['OC(=O)C1=CC(I)=C(C=C1)C(F)(F)F', 'CCOC(=O)C1=C(I)C=CC(Br)=C1', 'OC(=O)C1=CC=C(I)C(=C1)C(F)(F)F']","['ClCC(=O)NC1=CC=CC=C1I', 'COC1=CC(CO)=CC=C1I', 'FC(F)(F)C(=O)NC1=CC=CC=C1I', 'NC1=C(Cl)C=C(C=C1I)C(F)(F)F', 'CC1=CC(F)=C(I)C=C1O', 'OC(=O)C1=CC=C(O)C(I)=C1', 'CC1=CC(F)=C(I)C=C1', 'OC1=CC(Cl)=C(F)C=C1I', 'OC1=C(F)C=CC=C1I', 'COC1=CC(OC)=C(I)C=C1Cl', 'CC(Cl)C(=O)NC1=CC=CC=C1I', 'CC1=C(O)C(I)=CC(Cl)=C1', 'CC1=CC(I)=C(F)C=C1', 'CCOC(=O)C1=CC(I)=C(OC)C=C1', 'IC1=C(OC2CC2)C=CC=C1', 'FC1=C(I)C=CC(Cl)=C1', 'OC1=C(I)C=CC=C1Cl', 'CCOC(=O)COC1=CC=CC=C1I', 'FC(F)(F)OC1=CC=CC=C1I', 'COC1=CC(I)=C(F)C=C1Cl', 'COC1=C(I)C=C(C(O)=O)C(F)=C1', 'OC(=O)CC1=CC=C(O)C(I)=C1', 'COC1=C(F)C=CC=C1I', 'COC1=C(I)C=C(C=C1)C(O)=O', 'FC1=CC(I)=C(F)C=C1', 'CCOC1=CC=C(I)C(F)=C1F', 'CCOC1=CC(Br)=CC=C1I', 'CC1=CC(I)=C(O)C=C1Cl', 'IC1=C(OCC2=CC=CC=C2)C=CC=C1', 'NC(=O)C1=CC(O)=C(I)C=C1', 'CC1=C(F)C=C(F)C(I)=C1']"
2,"[0.44157236468896177, 0.5626618144033346, 1.198684809188364]",2.1020709061285654,"['FC1=C(Cl)C=C(I)C=C1Cl', 'FC1=CC=CC(I)=C1C#N', 'FC1=CC(I)=C(C=C1)C#N']","['OC(=O)C1=CC(Cl)=CC=C1I', 'COC(=O)C1=C(I)C=CC=C1O', 'OC(=O)C1=CC=CC(=C1I)C(F)(F)F', 'OC(=O)C1=C(I)C=C(C=C1)C#N', 'FC(F)(F)C(=O)CC1=CC=C(I)C=C1', 'CCOC(=O)CC(=O)C1=C(I)C=CC=C1', 'COC(=O)C1=C(Cl)C=C(C)C(I)=C1', 'OC(=O)CCC1=NN=C(O1)C1=CC=CC=C1I', 'COC(=O)C1=C(Cl)C(O)=C(I)C=C1', 'CCOC(=O)C1=CC(I)=CC(Br)=C1', 'COC(=O)C1=C(I)C=CC(OC)=C1', 'CCOC(=O)C1=CC=C(I)C=C1F', 'COC1=C(OC)C(I)=CC(C=O)=C1', 'ClC1=CC(CBr)=C(I)C=C1', 'CC1=C(C=C(I)C=C1Cl)C(O)=O', 'OC(=O)C1=CC(OC(F)(F)F)=C(I)C=C1', 'CCC1=CC=C(I)C=C1C(O)=O', 'ClCC1=CC(I)=C(CCl)C=C1', 'COC1=C(I)C=C(C=C1I)C#N', 'CC1=CC=C(C(O)=O)C(I)=C1', 'COC(=O)C1=CC=CC=C1I', 'OC(=O)C1=C(I)C=CC(Br)=C1', 'CC1=C(I)C=C(C=C1F)C(O)=O', 'COC(=O)C1=C(CBr)C(I)=CC=C1', 'CC1=CC(C(O)=O)=C(I)C=C1', 'OC(=O)C1=C(I)C=C(F)C(F)=C1', 'FC1=C(Cl)C=CC(I)=C1C=O', 'FC(F)(F)C1=C(I)C=CC(=C1)C#N', 'OC(=O)C1=CC=CC(C(O)=O)=C1I']"
3,"[1.1539729119520985, 1.2310331342559602, 1.205969972532665]",2.2820405603524843,"['ClC1=CC(=CC=C1I)N(=O)=O', 'IC1=C(C=CC=C1C#N)C#N', 'OC(=O)C1=CC=CC(=C1I)N(=O)=O']","['ClC1=CC=C(CBr)C(I)=C1', 'OC1=CC(I)=C(C=C1)N(=O)=O', 'CC1=CC=C(I)C(C(O)=O)=C1F', 'OS(=O)(=O)C1=CC=C(I)C=C1', 'CC1=CC(=CC(I)=C1)C(O)=O', 'OCC1=C(Cl)C=C(I)C=C1Cl', 'OC(=O)CC1=C(I)C=C(Cl)C=C1', 'IC1=CC(I)=CC=C1', 'NC(=O)C1=C(Cl)C=CC=C1I', 'OCC1=C(Cl)C=CC=C1I', 'FC1=CC(I)=CC=C1C(F)(F)F', 'CCOC(=O)C1=CC(I)=C(C=C1)C#N', 'FC(F)C1=C(I)C=CC=C1', 'FC(F)(F)C1=C(I)C=CC(Br)=C1', 'FC1=C(Cl)C=C(I)C=C1', 'CC(=O)C1=CC(I)=CC=C1', 'BrC1=C(C=C(I)C=C1)C#N', 'FC1=C(C=C(I)C=C1)C(F)(F)F', 'OC(=O)C1=CC=CC(I)=C1', 'FC(F)(F)C1=CC(=C(I)C=C1)C(F)(F)F', 'CC1=C(Cl)C=C(I)C=C1Cl', 'FC(F)(F)C1=C(Cl)C=CC(I)=C1', 'OC(=O)C1=CC=CC(I)=C1Cl', 'OS(=O)(=O)C1=CC=CC(I)=C1', 'IC1=CC(=CC=C1)N1C=CN=N1', 'IC1=CC=C(C#N)C(I)=C1', 'CC1=C(Cl)C=C(I)C=C1', 'NC(=O)C1=C(I)C=CC(Br)=C1F']"
4,"[0.6702486479290919, 0.4592475894180943, 1.0883633455290571]",2.58170330926276,"['ClC1=CC(=CC(Cl)=C1I)N(=O)=O', 'OC(=O)C1=CC(Cl)=C(I)C(Cl)=C1', 'IC1=C(C=CC=C1N(=O)=O)N(=O)=O']","['OC(=O)C1=CC(I)=C(O)C(I)=C1', 'COC(=O)C1=C(O)C=C(I)C(Cl)=C1', 'CC1=C(I)C=C(Cl)C(=C1)N(=O)=O', 'CC1=C(C=CC=C1I)C#N', 'CCOC(=O)C1=CC2=CC=CC=C2C=C1I', 'CC1=C(I)C=CC=C1N(=O)=O', 'CC(C)C1=CC=C(I)C(=C1)N(=O)=O', 'CC1=CC=C(I)C=C1Br', 'IC1=CC=CC=C1C(=O)C1=CC=CC=C1', 'CC1=C(C(F)=CC=C1I)N(=O)=O', 'FC1=CC(I)=C(Cl)C=C1', 'ClC1=C(I)C=C(C=O)C=C1', 'CON(C)C(=O)C1=C(I)C=C(Cl)C=C1', 'CC(C)(C)OC(=O)C1=CC(I)=CC=C1', 'OCC1=CC(=C(I)C=C1)N(=O)=O', 'COC(=O)C1=CC(I)=C(Cl)C=C1', 'IC1=CC=CC(=C1)C(=O)C1=CC=CC=C1', 'NS(=O)(=O)C1=CC=C(I)C=C1', 'COC1=C(C(O)=O)C(I)=CC=C1', 'COC1=CC(I)=C(C=O)C=C1OC', 'CC1=C(C(I)=CC=C1)N(=O)=O', 'OC1=C(F)C=C(I)C=C1I', 'FC1=CC=CC(I)=C1Br', 'COC1=CC=C(I)C(C(O)=O)=C1F', 'COC(=O)C1=CC=C(I)C=C1N(=O)=O', 'IC1=CC=C(C=C1)C1=NC=CO1']"
5,"[0.9011189241452577, 0.9656292524742955, 0.7197935221360662]",2.6926064949156334,"['OC1=C(C=O)C(I)=CC=C1', 'ClC1=CC(I)=CC(=C1)N(=O)=O', 'CC1=CC=CC(I)=C1C=O']","['CCC1=CC(Br)=C(I)C=C1', 'FC(F)(F)OC1=C(I)C=C(Br)C=C1', 'FC1=CC(Cl)=C(I)C=C1', 'BrC1=CC=CC=C1I', 'ClC1=C(I)C(=CC=C1)N(=O)=O', 'FC(F)(F)C1=CC(I)=C(Cl)C=C1', 'CC(=O)C1=CC(I)=C(Br)C=C1', 'OC(=O)C1=C(F)C=C(Cl)C(I)=C1', 'COC(=O)C1=CC(I)=C(Cl)C=C1C', 'CC1=CC(Br)=C(I)C=C1Cl', 'FC1=CC(Br)=C(I)C=C1F', 'BrCC1=C(I)C(=CC=C1)N(=O)=O', 'OC(=O)C1=C(Br)C(I)=CC=C1', 'ClC1=CC(Cl)=C(I)C=C1', 'FC(F)(F)C1=CC(I)=C(Br)C=C1', 'BrC1=C(C=CC=C1I)C#N', 'BrC1=C(I)C=C(C=O)C=C1', 'OC(=O)C1=C(I)C(Br)=CC=C1', 'ClC1=CC=CC=C1I', 'ClC1=CC=C(Br)C=C1I', 'OC1=C(Cl)C(I)=CC=C1', 'ClC1=C(I)C=C(C=C1)C#N', 'CC1=CC=CC(I)=C1Cl', 'FC(F)(F)C1=C(Br)C(I)=CC=C1', 'CC1=CC(Br)=C(I)C=C1']"
6,"[1.0708146217817276, 0.9057282466323808, 0.4839376227244957]",2.878498032163099,"['FC1=C(F)C(=CC(I)=C1F)N(=O)=O', 'OC(=O)C1=CC=C(I)C=C1', 'OC1=C(I)C=C(C=C1N(=O)=O)C#N']","['OC(=O)C1=C(O)C=CC=C1I', 'OCC1=C(I)C=C(Cl)C=C1', 'OC(=O)C1=C(NC(=O)C2=C(I)C=CC=C2)C=CC=C1', 'CCNC(=O)C1=CC=CC=C1I', 'CCOC(=O)C1=CC(I)=C(C)C=C1', 'OCC1=C(I)C=C(F)C=C1', 'OC(=O)CCCCC(=O)C1=CC=C(I)C=C1', 'NC(=O)C1=C(I)C=CC=C1', 'CC1=CC(=CC=C1I)C(O)=O', 'OC1=C(I)C=C(C=C1I)C(F)(F)F', 'CC1=CC(C)=C(I)C=C1C(O)=O', 'CC1=C(F)C=C(F)C=C1I', 'CC1=CC(C)=C(I)C=C1I', 'CC(C)(C)OC(=O)C1=C(I)C=CC=C1', 'CNC(=O)C1=CC=CC=C1I', 'CCOC(=O)C1=CC(OCC)=C(I)C=C1', 'CC1=C(C)C(I)=C(C=C1)C(O)=O', 'ClC1=CC2=C(C=C1)C=C(I)C=C2', 'ClCC1=C(I)C=CC=C1', 'CC1=C(I)C(=CC(Br)=C1)C(O)=O', 'CCOC(=O)C1=CC(F)=C(I)C=C1', 'COC(=O)C1=C(C)C(I)=CC=C1', 'OC(=O)C1=CC=CC2=CC=CC(I)=C12']"
7,"[0.871674198085829, 0.7024011751146415, 0.6716172916248979]",2.965591347293544,"['FC1=CC=C(I)C(F)=C1F', 'OC(=O)C1=C(F)C(F)=C(F)C(F)=C1I', 'FC1=C(F)C(I)=CC=C1']","['CC1=CC(O)=C(I)C=C1N(=O)=O', 'FC1=C(F)C(=CC=C1I)C(F)(F)F', 'FC(F)C1=CC=C(I)C=C1', 'OC1=C(I)C=CC=C1N(=O)=O', 'FC1=CC(F)=C(I)C=C1N(=O)=O', 'IC1=CC(CC#N)=CC=C1', 'ClCC1=CC=C(I)C=C1', 'COC(=O)C1=CC=C(I)C=C1', 'CC1=CC(I)=CC(F)=C1', 'CC1=CC(Br)=CC(I)=C1', 'FC1=C(I)C=CC(I)=C1', 'FC1=C(C=C(Br)C=C1I)C#N', 'CNS(=O)(=O)C1=CC=C(I)C=C1', 'OCC1=C(Cl)C=CC(I)=C1', 'CC(=O)OC1=CC=C(I)C=C1', 'NS(=O)(=O)C1=CC=CC(I)=C1', 'CS(=O)(=O)C1=CC=CC(I)=C1', 'NNC(=O)C1=CC=C(I)C=C1', 'CCOC1=C(O)C(I)=CC(C=O)=C1', 'CCCNC(=O)C1=CC=CC=C1I', 'COC1=CC(C=O)=CC(I)=C1O', 'OC(=O)CNC(=O)C1=C(I)C=CC=C1']"
8,"[0.3605637792644092, 0.04977968725233062, 1.0572712633118235]",3.176948877260072,"['FC1=CC(F)=C(F)C(I)=C1F', 'COS(=O)(=O)C1=CC=CC=C1I', 'CC1=C(Br)C(F)=CC(I)=C1']","['FC1=CC=C(I)C(F)=C1', 'FC1=C(I)C=C(CBr)C=C1', 'OC1=C(I)C=C(F)C(F)=C1I', 'IC1=CC=CC=C1CN1C=NC=N1', 'COC(=O)C1=CC(I)=C(F)C=C1', 'OC1=C(I)C=C(C=O)C=C1I', 'FC1=C(Br)C=CC(I)=C1F', 'OC(C1=CC=C(I)C(F)=C1)(C(F)(F)F)C(F)(F)F', 'FC1=CC(F)=C(Cl)C=C1I', 'OCC1=C(I)C=CC(F)=C1', 'FC1=C(I)C=CC(Br)=C1Cl', 'CC(=O)C1=CC(I)=C(O)C=C1', 'ClC1=CC=C(I)C=C1', 'CC1=CC(Cl)=C(I)C=C1C', 'FC1=C(I)C=CC(Br)=C1C#N', 'BrCC1=CC(I)=CC=C1', 'CC1=CC=C(C=C1I)C(N)=N', 'OB(O)C1=CC=C(I)C=C1', 'OC1=CC=C(I)C=C1C(F)(F)F', 'FC1=C(I)C=CC(=C1)C(F)(F)F', 'FC(F)C1=C(I)C(F)=C(Cl)C=C1']"
