,obj_values ['rate'],Vendi_score,eval_samples,cut_samples
0,"[0.36145892525470175, 0.7365003752884792, 0.015498971644916981]",1.9623835708025466,"['OC1=C(I)C=CC=C1Cl', 'NC1=CC(Br)=C(I)C(Br)=C1', 'CCOC(=O)CC1=C(I)C=CC=C1']",[]
1,"[0.19409458209736646, -0.023848408712738633, -0.7661794020845377]",2.209667250624284,"['NC1=CC=C(Cl)C(I)=C1Cl', 'NC1=CC(Cl)=C(I)C=C1C(O)=O', 'COC1=CC=CC(Br)=C1I']","['CC(Cl)C(=O)NC1=CC=CC=C1I', 'COC1=C(I)C=CC(=C1)C(F)(F)F', 'CC1=CC(Cl)=C(I)C=C1C', 'CCC1=CC(Br)=C(I)C=C1', 'IC1=C(C=CC=C1)C1=CC=CC=C1', 'OC(=O)C1=CC=C(O)C(I)=C1', 'COC(OC)C1=C(I)C=CC=C1', 'OC1=CC=C(I)C(Br)=C1', 'OC(=O)CC1=C(I)C=C(Cl)C=C1', 'COC1=C(F)C=CC=C1I', 'CC1=CC=C(C=C1I)C(N)=N', 'OC(=O)CC1=CC=CC=C1I', 'COC1=CC(Br)=C(I)C=C1', 'OCC1=C(I)C=CC(F)=C1', 'OC(=O)C1(CC1)C1=C(I)C=CC=C1', 'OCC1=C(I)C=C(F)C=C1', 'CC1=C(I)C=CC=C1CC#N', 'IC1=CC=CC=C1CN1C=NC=N1', 'OCC1=C(I)C=C(Cl)C=C1', 'C[C@H](O)C1=C(I)C=CC(F)=C1', 'OC1=CC(Cl)=C(F)C=C1I', 'COC(=O)CC1=C(I)C=CC=C1', 'OC(=O)CCC1=CC=CC=C1I', 'CC1=CC(I)=C(CO)C=C1', 'CC1=CC(Br)=C(I)C=C1', 'FC(F)(F)C(=O)NC1=CC=CC=C1I', 'CC1=CC(I)=C(O)C=C1Cl', 'CC(C)C1=CC=C(I)C(Br)=C1', 'CNC(=O)C1=CC=CC=C1I', 'NC(=O)C1=CC(O)=C(I)C=C1', 'ClCC1=C(I)C=CC=C1']"
2,"[1.0572712633118235, -0.24448008121560494, 0.1130116687758882]",2.4277915145552873,"['CC1=C(Br)C(F)=CC(I)=C1', 'COC1=CC(Cl)=CC(I)=C1', 'OC1=C(F)C=C(I)C=C1']","['OC1=C(I)C(Br)=CC=C1', 'OC1=C(I)C(Cl)=CC(Cl)=C1', 'OCC1=CC=CC(Br)=C1I', 'OC1=C(I)C(Cl)=CC=C1', 'FC1=CC(Cl)=C(I)C=C1', 'CC1=CC(Br)=C(I)C=C1Cl', 'CC(C)(C)C1=CC=C(I)C(Br)=C1', 'OC1=CC(I)=C(Cl)C=C1', 'COC1=CC(Cl)=C(I)C=C1', 'COC(=O)C1=CC=C(N)C(I)=C1Cl', 'CC1=CC=CC(Cl)=C1I', 'COC(=O)C1=CC(I)=C(Cl)C=C1N', 'OC1=CC(I)=C(Br)C=C1', 'COC1=CC(OC)=C(I)C=C1Cl', 'NC1=C(I)C(Cl)=C(Cl)C=C1', 'COC(=O)C1=CC(I)=C(Cl)C=C1C', 'CC1=CC(Cl)=CC(Cl)=C1I', 'CCOC(=O)COC1=CC=CC=C1I', 'COC1=C(I)C(Cl)=C(Cl)C=C1', 'CC1=C(O)C(I)=CC(Cl)=C1', 'COC1=C(I)C=C(C=C1)C(O)=O', 'COC1=CC(I)=C(Cl)C=C1', 'FC(F)(F)OC1=CC=CC=C1I', 'ClC1=CC=CC=C1I', 'OC1=C(Cl)C(I)=CC=C1', 'NC1=C(I)C(Br)=CC(F)=C1', 'OC1=CC(Cl)=C(I)C=C1', 'CC1=CC=CC(I)=C1Cl', 'COC1=C(I)C=C(Br)C=C1']"
3,"[0.6467210728685965, 0.9598920574896976, 1.20915723585692]",2.618223828349227,"['BrC1=CC(Br)=C(I)C=C1', 'BrC1=CC(I)=C(I)C=C1', 'BrCC1=CC=C(I)C=C1Br']","['CC1=C(Cl)C=C(I)C=C1', 'CC1=CC(I)=CC(C)=C1F', 'IC1=CC=C(OCC#N)C=C1', 'OCC1=C(Cl)C=CC(I)=C1', 'CC(=O)OC1=CC=C(I)C=C1', 'IC1=CC=C(CC#C)C=C1', 'CC(=O)NC1=C(F)C=C(I)C=C1', 'COC1=CC(=C(I)C=C1)C(F)(F)F', 'NCCC1=CC=C(I)C=C1', 'IC1=C(OC2CC2)C=CC=C1', 'CCC1=CC=C(I)C=C1', 'IC1=CC=CC(=C1)C1=CC=CC=C1', 'OC1=CC=C(I)C=C1C(F)(F)F', 'CC1=CC=C(I)C(C(O)=O)=C1F', 'CS(=O)(=O)NC1=CC=C(I)C=C1', 'CC1=CC=C(I)C=C1', 'COC1=C(Cl)C=CC(I)=C1', 'FC1=C(Cl)C=C(I)C=C1', 'OCC1=C(Cl)C=CC=C1I', 'BrC1=CC=CC=C1I', 'NC1=C(Cl)C=C(C=C1I)C(F)(F)F', 'ClC1=CC(Cl)=C(I)C=C1', 'COC1=CC=C(I)C(C(O)=O)=C1F', 'OC1=C(F)C=CC=C1I', 'OC1=C(Br)C(I)=CC=C1', 'CC1=CC=C(I)C=C1Br', 'COC(=O)C1=C(I)C=CC=C1OC', 'NC1(CC1)C1=CC=C(I)C=C1']"
4,"[0.4112283733404424, 0.9266807106460363, -0.09612092193324576]",2.7750741954481217,"['ClC1=CC(Br)=CC(Cl)=C1I', 'BrC1=C(Br)C=C(I)C=C1', 'OC(=O)C1=C(I)C(I)=CC(I)=C1']","['CC(C)OC1=CC=C(I)C=C1Br', 'CC(=O)NC1=C(C=C(I)C=C1)C(F)(F)F', 'FC1=C(C=C(I)C=C1)C(F)(F)F', 'ClC1=CC=C(Br)C=C1I', 'CCC1=C(Br)C=CC(I)=C1', 'FC1=CC=CC(I)=C1Br', 'BrCC1=CC(I)=CC=C1', 'FC(F)(F)C1=CC(I)=C(Br)C=C1', 'FC(F)(F)C1=C(Br)C(I)=CC=C1', 'CC1=CC(Br)=CC(I)=C1', 'CC1=C(Cl)C=C(I)C=C1Cl', 'BrCC1=C(Br)C(I)=CC=C1', 'CC(C)(C)C1=CC(I)=C(Br)C=C1', 'ClCC1=CC(I)=C(CCl)C=C1', 'CC1=CC(Br)=CC=C1I', 'NC(=O)C1=C(I)C=CC(Br)=C1F', 'FC1=CC(Br)=C(I)C=C1F', 'FC1=CC(I)=C(Cl)C=C1', 'FC(F)(F)OC1=C(I)C=C(Br)C=C1', 'OC(=O)C1=CC=CC(I)=C1Cl', 'ClC1=CC(CBr)=C(I)C=C1', 'ClC1=CC=C(CBr)C(I)=C1', 'OC(=O)C1=C(Br)C(I)=CC=C1', 'CC1=C(Br)C=CC(I)=C1Cl', 'FC(F)(F)C1=C(Cl)C=CC(I)=C1', 'ClC1=CC(Br)=C(I)C=C1Cl']"
5,"[-0.10593633509126033, 0.8296221244604277, 1.2238097735332922]",2.768779344472442,"['CC(C)(C)OC(=O)C1=C(Br)C=C(I)C=C1', 'CC(Br)C(=O)N(C)C1=CC=C(I)C=C1', 'BrCC1=C(I)C=CC(Br)=C1']","['FC(F)(F)C1=C(I)C(Br)=CC=C1', 'ClC1=CC=C(I)C=C1', 'FC1=C(Cl)C=C(I)C=C1Cl', 'FC(F)(F)C1=C(I)C=CC(Br)=C1', 'COC1=C(C(O)=O)C(I)=CC=C1', 'CC(=O)NC1=C(OC(F)(F)F)C=C(I)C=C1', 'FC(F)(F)C1=CC(I)=C(Cl)C=C1', 'OC1=C(F)C=C(I)C=C1I', 'CC1=CC(I)=CC(F)=C1', 'CCNC(=O)C1=CC=CC=C1I', 'FC(F)C1=C(I)C=CC=C1', 'OC(=O)C1=C(I)C(Br)=CC=C1', 'CON(C)C(=O)C1=C(I)C=C(Cl)C=C1', 'COC(=O)C1=CC(I)=C(Cl)C=C1', 'NC(=O)C1=C(Cl)C=CC=C1I', 'CC1=CC(Br)=C(C)C=C1I', 'COC1=CC(Br)=CC(I)=C1', 'ClCC1=CC=C(I)C=C1', 'CCOC1=CC(Br)=CC=C1I', 'NC(CC1=CC=C(I)C=C1)C(O)=O', 'FC(F)C1=CC=C(I)C=C1', 'OCC1=C(Cl)C=C(I)C=C1Cl', 'NNC(=O)C1=CC=C(I)C=C1', 'IC1=CC(I)=CC=C1', 'NC1=CC(I)=C(Br)C=C1']"
6,"[-0.4571776059528941, -1.2266385441123917, 0.5138879594425679]",2.8146411979680446,"['BrCC1=C(I)C(Br)=CC=C1', 'NC1=C(I)C=CC(Br)=C1', 'CC(C)C1=C(I)C=CC(Br)=C1']","['IC1=C(C=CC=C1)C(=O)NC1CCCC1', 'IC1=CC=C(C=C1)C(=O)N1CCOCC1', 'OS(=O)(=O)C1=CC=CC(I)=C1', 'COC1=CC(I)=CC=C1I', 'FC1=C(I)C=C(CBr)C=C1', 'BrC(C1=CC=CC=C1)C1=C(I)C=CC=C1', 'IC1=CC(CC#N)=CC=C1', 'CON(C)C(=O)C1=CC=C(I)C=C1', 'CC(=O)NC(CC1=CC=C(I)C=C1)C(O)=O', 'OC(=O)CCCCC1=CC=C(I)C=C1', 'IC1=CC=C(OC2=CC=CC=C2)C=C1', 'COC(=O)C1(CC1)C1=CC=C(I)C=C1', 'IC1=CC(=CC=C1)N1C=CN=N1', 'OB(O)C1=CC(I)=CC=C1', 'NC(=O)C1=C(I)C=CC=C1', 'CC(C)(C)OC(=O)C1=C(I)C=CC=C1', 'OB(O)C1=CC=C(I)C=C1', 'CCOC(=O)CC1=CC(I)=CC=C1', 'COP(=S)(OC)OC1=CC(Cl)=C(I)C=C1Cl', 'NCC1=CC(I)=CC=C1', 'CC1=CC(C)=C(I)C=C1I', 'FC(F)(F)C(F)(C1=CC=C(I)C=C1)C(F)(F)F', 'CCCNC(=O)C1=CC=CC=C1I']"
7,"[1.048094886560883, 1.0802002409619185, 0.08490361229652965]",2.806818597745634,"['NS(=O)(=O)C1=CC=C(I)C=C1', 'FC1=CC(I)=CC=C1C(F)(F)F', 'OS(=O)(=O)C1=CC=C(I)C=C1']","['NC1=C(I)C=C(F)C(=C1)C(F)(F)F', 'ClC1=CC=C(OC2=CC=C(I)C=C2)C=C1', 'CC1=C(F)C=C(F)C=C1I', 'COC(=O)C1=CC(I)=C(N)C=C1Cl', 'NC1=C(Cl)C=C(Cl)C=C1I', 'NC1=C(I)C=C(Br)C=C1', 'IC1=CC=C(OCC2=CC=NC=C2)C=C1', 'NC1=C(I)C=C(Br)C(=C1)C(F)(F)F', 'FC1=C(I)C=CC(Br)=C1Cl', 'OCC1=CC(I)=C(CO)C=C1I', 'NC1=C(Br)C=CC=C1I', 'COC(=O)C1=CC(I)=C(N)C(Br)=C1', 'COC(=O)C1=C(C)C(I)=CC=C1', 'IC1=CC=C(OCC2=CC=CN=C2)C=C1', 'NC1=C(I)C=C(Cl)C(=C1)C(F)(F)F', 'OC(=O)CNC(=O)C1=C(I)C=CC=C1', 'CCOC(=O)C1=CC(Br)=C(N)C(I)=C1', 'IC1=C(OCC2=CC=CC=C2)C=CC=C1', 'CC(=O)NC1=CC=CC=C1I', 'BrC1=C(OC2=C(I)C=CC=C2)C=CC(=C1)C#N', 'ClCC(=O)NC1=CC=CC=C1I', 'ClC1=CC=C(C=C1)C1=CC=C(I)C=C1']"
8,"[1.093648195296071, 1.198684809188364, 0.294538036319858]",2.8875205874702696,"['CC1=CC(I)=CC(I)=C1N', 'FC1=CC(I)=C(C=C1)C#N', 'COC1=CC(I)=C(I)C=C1OC']","['NC(=O)C1=CN=C(OC2=CC=C(I)C=C2)C=C1', 'CS(=O)(=O)C1=CC=CC(I)=C1', 'CNS(=O)(=O)C1=CC=C(I)C=C1', 'IC1=C(C=CC=C1)C(=O)N1CCCC1', 'COC1=C(C)C(I)=CC=C1C', 'CC1(C)COB(OC1)C1=CC=C(I)C=C1', 'FC(F)(F)C1=CC(=C(I)C=C1)C(F)(F)F', 'CC(C)(C)OC(=O)NCC1=CC=CC(I)=C1', 'NCC1=CC=CC=C1I', 'NS(=O)(=O)C1=CC=CC(I)=C1', 'CC1=C(I)C=C(CO)C=C1', 'BrC1=C(C=CC=C1I)C#N', 'ClC1=C(I)C=C(C=C1)C#N', 'CSC1=CC=C(I)C=C1', 'CC1=CC=CC(I)=C1CO', 'COC(=O)C1=CC=C(I)C=C1', 'CC1=CC=CC(I)=C1', 'IC1=C(C=CC=C1)C(=O)NCC1=CC=CC=C1', 'COC1=CC=C(C(N)=O)C(I)=C1', 'NC(=O)CC1=C(I)C=CC=C1', 'OC(=O)C1=CC=C(I)C=C1']"
