,obj_values ['rate'],Vendi_score,eval_samples,cut_samples
0,"[0.33202938800728404, -0.6840584844371156, -0.3341217343172275]",1.822875583848761,"['COC1=C(I)C(F)=CC=C1', 'NC1(CC1)C1=CC=C(I)C=C1', 'COC1=C(I)C(Cl)=C(Cl)C=C1']",[]
1,"[0.3987701023420367, 0.19411361262942842, 1.0558560625499234]",1.8236767310534485,"['OC1=C(I)C=CC=C1', 'COC1=C(I)C(F)=C(F)C=C1', 'OC1=CC=CC(I)=C1F']","['COC1=CC(CO)=CC=C1I', 'OC(=O)C1=CC=C(O)C(I)=C1', 'COC1=C(I)C=CC(=C1)C(F)(F)F', 'NC(=O)C1=CC(O)=C(I)C=C1', 'CC1=CC(F)=C(I)C=C1O', 'OC1=CC(Cl)=C(F)C=C1I', 'CC1=CC(F)=C(I)C=C1', 'OC1=C(F)C=CC=C1I', 'CC1=CC(I)=C(O)C=C1Cl', 'COC1=CC(OC)=C(I)C=C1Cl', 'OC1=C(I)C=CC(Cl)=C1', 'CC1=CC(I)=C(F)C=C1', 'IC1=C(OC2CC2)C=CC=C1', 'CCOC(=O)C1=CC(I)=C(OC)C=C1', 'CC1=C(O)C(I)=CC(Cl)=C1', 'OC1=C(I)C=CC=C1Cl', 'COC1=CC(I)=C(F)C=C1Cl', 'CCOC(=O)COC1=CC=CC=C1I', 'COC(=O)C1=CC(I)=C(N)C=C1Cl', 'COC1=C(I)C=C(C(O)=O)C(F)=C1', 'OC(=O)CC1=CC=C(O)C(I)=C1', 'COC1=C(F)C=CC=C1I', 'COC1=C(I)C=C(C=C1)C(O)=O', 'COC1=CC=C(C)C=C1I', 'FC1=C(I)C=CC(=C1)C1CC1', 'COC1=CC=C(C=C1I)C#N', 'COC1=CC(F)=C(I)C=C1', 'CCOC1=CC=C(I)C(F)=C1F', 'CC1=C(F)C=C(F)C(I)=C1', 'IC1=C(OCC2=CC=CC=C2)C=CC=C1', 'COC1=C(I)C=CC=C1']"
2,"[-0.5879529326977142, 0.3605637792644092, -0.3272998766256883]",2.1444208840099166,"['OC1=CC=CC(O)=C1I', 'FC1=CC(F)=C(F)C(I)=C1F', 'FC1=CC=CC(F)=C1I']","['COC1=CC=C(I)C(O)=C1', 'OC(=O)CCC1=CC=C(O)C(I)=C1', 'NC1=CC(I)=C(F)C=C1Cl', 'FC1=CC=C(I)C(F)=C1F', 'OC1=C(O)C(I)=CC=C1', 'FC1=CC(I)=C(F)C=C1', 'FC1=CC=C(I)C(F)=C1', 'NC1=C(F)C=C(C=C1I)C#N', 'COC1=CC(I)=C(F)C=C1', 'COC1=CC(Cl)=C(OC)C=C1I', 'NC1=C(I)C=C(OC(F)(F)F)C=C1', 'CC(=O)NC1=CC=CC=C1I', 'NC1=C(Cl)C=C(C=C1I)C(F)(F)F', 'FC(F)(F)C(=O)NC1=CC=CC=C1I', 'FC1=C(I)C=CC(Cl)=C1', 'CCOC(=O)C1=CC(I)=C(N)C=C1', 'FC1=C(F)C(I)=CC=C1', 'OCC1=CC(I)=C(O)C=C1', 'COC(=O)C1=C(OC)C=C(F)C(I)=C1', 'OC1=C(I)C(Cl)=CC=C1', 'OC1=C(I)C=C(Cl)C=C1', 'OC1=C(I)C=C(C=C1)C1=CC=CC=C1', 'COC1=CC=CC(OC)=C1I', 'COC1=CC=C(I)C(OC)=C1', 'NC1=C(F)C(F)=C(I)C=C1', 'COC1=CC=C(OC)C(I)=C1', 'COC1=C(I)C=C(Br)C=C1', 'NC1=C(I)C(F)=C(F)C=C1F', 'CC(=O)NC1=CC(F)=CC=C1I']"
3,"[-0.6836597041070778, -0.8310572398642792, 0.6173119251417611]",2.3731603737157867,"['OC1=CC(I)=C(Cl)C=C1', 'CNC1=CC=C(I)C=C1C', 'COC1=CC=C(N)C=C1I']","['CC1=C(C=C(I)C(N)=C1)C#N', 'COC1=C(I)C(N)=CC=C1', '[H][C@@](N)(CC1=CC=C(O)C(I)=C1)C(O)=O', 'CC1=CC(Cl)=CC(I)=C1N', 'COC(=O)C1=CC(I)=C(F)C=C1', 'FC1=C(I)C=CC(=C1)C(F)(F)F', 'NC1=CC(Cl)=CC=C1I', 'FC1=CC(F)=C(Cl)C=C1I', 'FC1=CC(F)=C(I)C(F)=C1', 'COC1=CC=CC(CO)=C1I', 'CC1=C(I)C(O)=CC=C1', 'OB(O)C1=CC(F)=C(I)C(F)=C1', 'COC1=CC=CC(C)=C1I', 'FC1=C(I)C=C(CBr)C=C1', 'NC1=C(Cl)C=C(Cl)C=C1I', 'FC1=C(I)C=CC(I)=C1', 'COC1=C(I)C(C)=CC(Cl)=C1', 'COC(=O)C1=CC(I)=C(N)C(OC)=C1', 'COC(=O)C1=C(C)C=C(N)C(I)=C1', 'CC(C)(C)OC(=O)NC1=C(I)C(F)=CC=C1', 'NNC1=C(I)C=CC=C1', 'OC1=C(I)C(Cl)=CC(Cl)=C1', 'NC1=C(I)C(Cl)=CC=C1', 'COC1=CC=C(Br)C(F)=C1I', 'FC(F)(F)OC1=CC=CC=C1I', 'NC1=C(I)C=C(F)C(=C1)C(F)(F)F', 'COC1=C(I)C(F)=CC(Br)=C1', 'NC1=CC(F)=C(I)C=C1']"
4,"[0.610371127314533, 0.8562530570876714, 0.43139330236988777]",2.530586619715998,"['NC1=CC(I)=CC(CO)=C1', 'OC1=CC(I)=C(O)C=C1I', 'NC1=C(F)C(F)=C(I)C(F)=C1F']","['NC1=CC(I)=C(O)C=C1', 'NC1=CC(I)=CC=C1O', 'CC1=C(O)C=CC(I)=C1', 'COC1=C(I)C=CC(N)=C1', 'CC1=C(I)C=CC(O)=C1', 'NC1=C(I)C=C(Cl)C(=C1)C(F)(F)F', 'CC1=C(N)C(I)=CC=C1', 'NC1=C(Cl)C=C(I)C=C1', 'CC(C)(C)C1=CC(I)=CC=C1O', 'CC1=CC(I)=C(N)C(C)=C1', 'COC1=CC=C(I)C(N)=C1', 'COC1=C(N)C(I)=CC=C1', 'NC1=CC=C(O)C=C1I', 'IC1=CC=C(OCC#N)C=C1', 'CC1=CC(N)=C(I)C=C1C', 'NC1=C(I)C=C(C=C1)C#N', 'CSC1=CC=C(I)C=C1', 'CC1=CC(N)=C(I)C=C1', 'CC1=CC=C(N)C(I)=C1', 'COC1=CC(I)=C(N)C=C1', 'CC1=CC(N)=C(I)C=C1F', 'OC1=CC=C(I)C=C1C(F)(F)F', 'COC1=CC(C)=C(OC)C=C1I', 'CN(C)C1=C(I)C=CC=C1', 'IC1=CC=C(OCC2CC2)C=C1', 'COC1=CC=C(I)C(C)=C1']"
5,"[0.785502126719669, 1.0931663001753178, 0.9153746830461802]",2.684237827638585,"['NC1=C(I)C=CC(=C1)C(O)=O', 'NC1=CC=C(N)C(I)=C1', 'COC(=O)C1=C(Cl)C(O)=C(I)C=C1']","['OC1=CC=C(I)C2=CC=CC=C12', 'CCC1=C(N)C=CC(I)=C1', 'CC1=CC(O)=C(C)C=C1I', 'CC(C)C1=CC=C(N)C(I)=C1', 'NCCC1=CC=C(I)C=C1', 'COC1=C(N)C=CC(I)=C1', 'COC1=C(OC)C=C(I)C=C1', 'COC1=CC=C(I)C(C(O)=O)=C1F', 'CCOC(=O)CC1=CC=C(N)C(I)=C1', 'NC1=C(I)C=C(Br)C=C1', 'NC1=C(I)C=C(C=C1)C1=CC=CC=C1', 'NC1=C(N)C(I)=CC=C1', 'CC(C)(C)C1=CC=C(N)C(I)=C1', 'IC1=CC=C(OC2=CC=CC=C2)C=C1', 'CC1=CC(I)=C(N)C=C1O', 'COC1=CC(I)=C(Cl)C=C1', 'OC1=C(Cl)C(I)=CC=C1', 'CC(Cl)C(=O)NC1=CC=CC=C1I', 'OCC1=C(I)C=CC(F)=C1', 'COC1=C(C)C=CC(I)=C1', 'NC1=CC=C(I)C=C1', 'CC1=C(I)C=C(O)C=C1', 'OC1=C(F)C=C(I)C=C1', '[H][C@](N)(CC1=CC(I)=C(O)C=C1)C(=O)OC', 'NNC1=CC=C(I)C=C1']"
6,"[1.0772946078823815, 1.1851596614284747, -0.12440394342818317]",2.886375003580328,"['CCOC(=O)C1=CC(F)=C(I)C=C1', 'CC1=CC=C(C)N1C1=C(F)C=C(I)C=C1', 'CCOC(=O)C1=CC(OCC)=C(I)C=C1']","['COC(=O)C1=CC=C(I)C(N)=C1', 'CNCC1=C(I)C=CC=C1', 'COC(=O)C1=CC(I)=C(N)C=C1OC', 'CCOC1=CC(Br)=CC=C1I', 'CC(=O)NC1=C(F)C=C(I)C=C1', 'COC1=CC(B(O)O)=C(I)C=C1', 'ClCC(=O)NC1=CC=CC=C1I', 'COC1=C(I)C=C(N)C=C1I', 'COC1=C(Cl)C=CC(I)=C1', 'NC1=C(I)C(Cl)=C(Cl)C=C1', 'COC1=CC(Cl)=C(I)C=C1', 'CC(C)(C)C1=C(N)C=CC(I)=C1', 'CC1=CC(Cl)=C(I)C=C1C', 'NC1=C(Br)C=CC=C1I', 'CC1=CC(I)=C(N)C(I)=C1', 'OC(=O)C1=CC(I)=C(O)C(I)=C1', 'NNC(=O)CNC1=CC=C(I)C=C1', 'CC1=CC=C(I)C=C1', 'CC1=CC(I)=CC(C)=C1F', 'CNC1=CC=C(I)C=C1', 'COC1=CC=CC(I)=C1C', 'NC1=C(I)C=CC(Br)=C1', 'CCNC(=O)C1=CC(OCC)=C(I)C=C1']"
7,"[1.0708146217817276, 0.8310321459627881, 0.8676464788775915]",3.206488738794507,"['FC1=C(F)C(=CC(I)=C1F)N(=O)=O', 'FC(F)(F)C1=C(I)C=CC(=C1)C#N', 'NC1=C(C(O)=O)C(I)=CC=C1']","['CC1=CC=C(C=C1I)C(N)=N', 'COC1=CC(=C(I)C=C1)C(F)(F)F', 'COC(=O)C1=C(N)C(I)=CC(F)=C1', 'IC1=CC=CC(=C1)C1=CC=CC=C1', 'COC(=O)C1=CC(N)=C(I)C=C1C', 'OC1=CC(Cl)=C(I)C=C1', 'IC1=CC=C(OCC2=CC=NC=C2)C=C1', 'OC(=O)CCC1=CC(I)=C(O)C(I)=C1', 'COC(=O)C1=C(N)C(I)=CC(Cl)=C1', 'CCOC1=C(O)C(I)=CC(C=O)=C1', 'CC(C)(C)C1=CC(I)=C(O)C(I)=C1', 'COC1=C(OC)C(I)=CC(C=O)=C1', 'OC1=C(I)C=C(C=C1I)C(F)(F)F', 'IC1=CC=CC(CN2CCCC2)=C1', 'OC1=C(I)C=C(F)C(F)=C1I', 'IC1=CC=C(OCC2=CC=CN=C2)C=C1', 'COC(=O)C1=CC(I)=C(N)C(I)=C1', 'CC(=O)C1=CC(I)=C(O)C=C1', 'COC(=O)C1=C(I)C=CC=C1OC', 'CCC1=CC=C(I)C=C1', 'COC1=C(C(O)=O)C(I)=CC=C1', 'COC1=CC(C=O)=CC(I)=C1O']"
8,"[0.4257549960654081, 0.9987850913488857, 0.4839376227244957]",3.34798079281285,"['FC1=CC(F)=C(I)C=C1N(=O)=O', 'FC1=C(C=C(Br)C=C1I)C#N', 'OC1=C(I)C=C(C=C1N(=O)=O)C#N']","['CCOC(=O)C1=CC(I)=C(O)C(I)=C1', 'COC1=CC=C(C(N)=O)C(I)=C1', 'CC(=O)OC1=CC=C(I)C=C1', 'COC(=O)C1=C(N)C=CC=C1I', 'FC(F)C1=C(I)C(F)=C(Cl)C=C1', 'CC(=O)NC1=C(OC(F)(F)F)C=C(I)C=C1', 'OCC1=C(I)C=C(Cl)C=C1', 'C[C@H](O)C1=C(I)C=CC(F)=C1', 'OCC1=C(I)C=C(F)C=C1', 'CC1=C(Cl)C=C(I)C=C1', 'CC1=CC(C)=C(I)C=C1I', 'IC1=CC=C(C=C1)C1=NC=CO1', 'CC1=CC(I)=C(CO)C=C1C', 'COC(=O)C1=C(I)C=CC=C1O', 'COC(=O)C1=CC(N)=CC=C1I', 'OC1=CC=C(C=C1I)C1=CC=C(C=C1)C#N', 'COC(=O)C1=CC=CC(I)=C1N', 'NC1=C(I)C=CC=C1C(O)=O', 'COC(=O)C1=C(I)C=CC(OC)=C1', 'CC1=CC=C(I)C(C(O)=O)=C1F', 'OC1=C(I)C=C(C=O)C=C1I']"
