,obj_values ['rate'],Vendi_score,eval_samples,cut_samples
0,"[-0.3282427545852178, 0.6210337820200413, 0.14869394670440528]",1.6763365024845738,"['COC(=O)C1=C(N)C(I)=CC(F)=C1', 'FC(F)(F)OC1=C(I)C=C(Br)C=C1', 'NC1=C(I)C=C(Br)C(=C1)C(F)(F)F']",[]
1,"[-0.0742137913084675, -0.18834961706429176, 1.0118224525811321]",1.8327620971986307,"['ClC1=CC=C(Br)C=C1I', 'FC(F)(F)C1=CC(I)=C(Br)C=C1', 'FC(F)(F)C1=C(I)C(Br)=CC=C1']","['NC1=C(Cl)C=C(C=C1I)C(F)(F)F', 'NC1=C(I)C=C(OC(F)(F)F)C=C1', 'COC(=O)C1=CC(I)=C(N)C(I)=C1', 'OC1=C(I)C=C(C=C1I)C(F)(F)F', 'NC1=C(Br)C=CC=C1I', 'CC1=CC(I)=C(N)C(I)=C1', 'COC1=C(I)C=C(Br)C=C1', 'OC1=CC(Cl)=C(F)C=C1I', 'NC1=C(I)C=C(Br)C=C1', 'COC1=CC(OC)=C(I)C=C1Cl', 'CC(Cl)C(=O)NC1=CC=CC=C1I', 'NC1=C(I)C=C(Cl)C(=C1)C(F)(F)F', 'CCOC(=O)C1=CC(Br)=C(N)C(I)=C1', 'CC1=C(O)C(I)=CC(Cl)=C1', 'COC(=O)C1=CC=CC(I)=C1N', 'NC1=C(Cl)C=C(Cl)C=C1I', 'COC(=O)C1=CC(I)=C(N)C(Br)=C1', 'COC(=O)C1=C(N)C(I)=CC(Cl)=C1', 'OC1=C(I)C=CC=C1Cl', 'COC(=O)C1=CC=C(I)C(N)=C1', 'FC1=C(I)C=C(CBr)C=C1', 'COC(=O)C1=CC(I)=C(N)C=C1Cl', 'OC1=C(I)C=C(F)C(F)=C1I', 'ClC1=CC(CBr)=C(I)C=C1', 'OC1=CC(I)=C(O)C=C1I', 'OC(=O)CCC1=CC(I)=C(O)C(I)=C1', 'CCOC1=CC(Br)=CC=C1I', 'OC(=O)C1=CC(I)=C(O)C(I)=C1', 'NC1=C(I)C=C(F)C(=C1)C(F)(F)F', 'NC1=C(I)C=C(C(Br)=C1)C(F)(F)F', 'FC(F)(F)C(=O)NC1=CC=CC=C1I']"
2,"[-0.4571776059528941, 1.2033461999915258, 0.13319789241364827]",2.1826873109812173,"['BrCC1=C(I)C(Br)=CC=C1', 'FC(F)C1=C(I)C(F)=C(Cl)C=C1', 'OC(=O)C1=CC=CC(=C1I)C(F)(F)F']","['BrC1=CC(Br)=C(I)C=C1', 'FC1=CC(Br)=C(I)C=C1F', 'CCC1=CC(Br)=C(I)C=C1', 'OC1=CC(I)=C(Br)C=C1', 'OC1=C(Br)C(I)=CC=C1', 'COC1=CC(Br)=C(I)C=C1', 'OC(=O)C1=C(I)C(Br)=CC=C1', 'FC(F)(F)C1=C(I)C=CC(Br)=C1', 'CC(C)C1=CC=C(I)C(Br)=C1', 'COC(=O)C1=CC(I)=C(Cl)C=C1C', 'NC(=O)C1=C(I)C=CC(Br)=C1F', 'OC(=O)C1=C(Br)C(I)=CC=C1', 'BrC1=CC=CC=C1I', 'CC1=C(Br)C=CC(I)=C1Cl', 'OC(=O)C1=CC=CC(I)=C1Cl', 'ClC1=CC(Br)=C(I)C=C1Cl', 'COC(=O)C1=CC(I)=C(Cl)C=C1', 'FC1=C(I)C=CC(Br)=C1Cl', 'OC1=CC=C(I)C(Br)=C1', 'ClC1=CC(Cl)=C(I)C=C1', 'FC1=CC=CC(I)=C1Br', 'CC(C)(C)C1=CC(I)=C(Br)C=C1', 'FC(F)(F)C1=C(Br)C(I)=CC=C1', 'ClC1=CC=C(CBr)C(I)=C1', 'BrCC1=C(Br)C(I)=CC=C1', 'CC(C)(C)C1=CC=C(I)C(Br)=C1', 'CC1=CC(Br)=C(I)C=C1Cl', 'FC(F)(F)C1=CC(I)=C(Cl)C=C1', 'CC1=CC(Br)=C(I)C=C1']"
3,"[-0.03658781328811367, 0.24357863364097893, 1.1462421857036866]",2.465738799177067,"['FC1=CC(F)=C(I)C(Cl)=C1', 'COC1=C(I)C(F)=CC(Br)=C1', 'FC1=C(I)C(Br)=CC(Br)=C1']","['FC(F)(F)OC1=CC=CC=C1I', 'FC(F)(F)C1=CC(=C(I)C=C1)C(F)(F)F', 'COC(=O)C1=C(I)C=C(Br)C=C1', 'CC1=CC(Cl)=CC(Cl)=C1I', 'COC1=C(I)C=C(C=C1I)C#N', 'OC(=O)C1=C(F)C(F)=C(F)C(F)=C1I', 'FC1=CC(I)=C(Cl)C=C1', 'FC1=CC(Cl)=C(I)C=C1', 'COC1=CC=CC(Br)=C1I', 'COC(=O)C1=C(Cl)C(O)=C(I)C=C1', 'BrC1=C(C=CC=C1I)C#N', 'OC(C1=CC=C(I)C(F)=C1)(C(F)(F)F)C(F)(F)F', 'FC1=C(I)C=CC(=C1)C(F)(F)F', 'FC1=CC=CC(CBr)=C1I', 'FC1=C(Br)C=CC(I)=C1F', 'OC(=O)CC1=C(I)C=C(Cl)C=C1', 'CC1=CC=CC(I)=C1Cl', 'COC(=O)C1=C(I)C=CC(OC)=C1', 'BrC1=C(OC2=C(I)C=CC=C2)C=CC(=C1)C#N', 'FC1=C(F)C(=CC=C1I)C(F)(F)F', 'ClC1=C(I)C=C(C=C1)C#N', 'COC1=C(I)C(Cl)=C(Cl)C=C1', 'ClCC1=CC(I)=C(CCl)C=C1', 'ClC1=CC=CC=C1I', 'COC1=C(I)C=CC(=C1)C(F)(F)F', 'OCC1=CC=CC(Br)=C1I', 'BrCC1=C(I)C=CC(Br)=C1', 'FC1=C(I)C=CC(I)=C1']"
4,"[0.8655538358749567, 0.9987850913488857, 1.1629139359306655]",2.74262684231778,"['FC1=C(I)C=CC(Br)=C1C#N', 'FC1=C(C=C(Br)C=C1I)C#N', 'FC1=C(I)C(F)=C(Br)C=C1Br']","['FC1=CC=C(I)C(F)=C1', 'FC1=CC=C(I)C(F)=C1F', 'FC1=CC(F)=C(Cl)C=C1I', 'ClC1=CC(Br)=C(I)C(Cl)=C1', 'COC(=O)C1=CC(I)=C(F)C=C1', 'COC1=C(I)C=C(C(O)=O)C(F)=C1', 'OC1=C(I)C(Cl)=CC=C1', 'COC1=C(I)C=C(C=C1)C(O)=O', 'ClC1=CC=CC(Br)=C1I', 'OC1=CC(Cl)=C(I)C=C1', 'COC1=CC(I)=C(F)C=C1Cl', 'ClC1=CC(Br)=CC(Cl)=C1I', 'FC1=C(I)C(Cl)=CC=C1', 'CC1=C(F)C=C(F)C(I)=C1', 'COC1=C(F)C=CC=C1I', 'FC1=C(F)C(I)=CC=C1', 'CC1=CC=CC(Cl)=C1I', 'OC1=C(I)C(Br)=CC=C1', 'FC1=CC(I)=C(F)C=C1', 'CC1=CC(I)=C(O)C=C1Cl', 'OC1=C(I)C(Cl)=CC(Cl)=C1', 'OC(=O)C1=CC=C(O)C(I)=C1', 'NC1=C(I)C(Br)=CC(F)=C1', 'FC1=C(I)C=CC(Cl)=C1', 'OC1=C(Cl)C(I)=CC=C1', 'CC1=CC(Cl)=C(I)C=C1C']"
5,"[-0.40616437026960095, 0.3605637792644092, 0.26217206279229455]",2.932432809761459,"['NC1=CC(I)=C(F)C=C1Cl', 'FC1=CC(F)=C(F)C(I)=C1F', 'CC1=CC(F)=C(I)C=C1O']","['FC1=C(I)C(F)=C(Br)C=C1', 'OC(=O)C1=C(F)C=C(Cl)C(I)=C1', 'COC1=C(OC)C(I)=CC(C=O)=C1', 'CCOC(=O)C1=CC(I)=C(O)C(I)=C1', 'COC1=CC(Cl)=C(I)C=C1', 'BrC1=C(I)C=C(C=O)C=C1', 'CCOC(=O)C1=CC(F)=C(I)C=C1', 'COC(=O)C1=C(Cl)C=C(C)C(I)=C1', 'NC(=O)C1=CC(O)=C(I)C=C1', 'COC1=CC(C=O)=CC(I)=C1O', 'NC(=O)C1=C(Cl)C=CC=C1I', 'COC(=O)C1=C(OC)C=C(F)C(I)=C1', 'CC1=CC(I)=C(F)C=C1', 'ClC1=C(I)C=C(C=O)C=C1', 'COC1=CC=C(Br)C(F)=C1I', 'CC(=O)C1=CC(I)=C(O)C=C1', 'OC1=C(I)C=CC(Cl)=C1', 'CCOC1=C(O)C(I)=CC(C=O)=C1', 'OC1=C(I)C=C(C=O)C=C1I', 'CC(=O)C1=CC(I)=C(Br)C=C1', 'OC(=O)C1=CC(OC(F)(F)F)=C(I)C=C1', 'CON(C)C(=O)C1=C(I)C=C(Cl)C=C1', 'FC1=CC(Br)=CC(F)=C1I', 'CCOC1=CC=C(I)C(F)=C1F', 'OC1=C(I)C=C(Cl)C=C1']"
6,"[0.4257549960654081, 1.0708146217817276, 1.0883633455290571]",3.199074773567373,"['FC1=CC(F)=C(I)C=C1N(=O)=O', 'FC1=C(F)C(=CC(I)=C1F)N(=O)=O', 'IC1=C(C=CC=C1N(=O)=O)N(=O)=O']","['OB(O)C1=CC(F)=C(I)C(F)=C1', 'OC1=CC=CC(I)=C1F', 'CCOC(=O)C1=CC(I)=C(OC)C=C1', 'COC1=CC(F)=C(I)C=C1', 'CCOC(=O)COC1=CC=CC=C1I', 'CC1=CC=C(I)C(C(O)=O)=C1F', 'IC1=C(OC2CC2)C=CC=C1', 'NC1=C(F)C=C(C=C1I)C#N', 'COC(=O)C1=CC(I)=C(OC2=CC=CC=C2)C=C1', 'COC1=CC=C(I)C(C(O)=O)=C1F', 'OC(=O)CC1=CC=C(O)C(I)=C1', 'OC1=CC(I)=C(Cl)C=C1', 'FC1=C(I)C=CC(=C1)C1CC1', 'COC1=C(I)C(F)=C(F)C=C1', 'COC1=CC(I)=C(Cl)C=C1', 'COC1=CC(I)=C(F)C=C1', 'COC1=CC(Cl)=C(OC)C=C1I', 'CC1=CC(F)=C(I)C=C1', 'COC1=CC(Br)=C(OC)C=C1I', 'OC1=C(F)C=CC=C1I', 'COC1=CC=C(C=C1I)C#N', 'IC1=C(OCC2=CC=CC=C2)C=CC=C1', 'COC1=CC(=C(I)C=C1)C(F)(F)F']"
7,"[1.2310331342559602, 0.5111620607467443, 1.1580107547295777]",3.3923326285150703,"['IC1=C(C=CC=C1C#N)C#N', 'CC1=CC(=C(I)C(Br)=C1)N(=O)=O', 'FC1=C(F)C(F)=C(I)C(F)=C1F']","['OC1=C(I)C=CC=C1N(=O)=O', 'ClCC(=O)NC1=CC=CC=C1I', 'COC1=C(I)C=CC=C1', 'NC1=C(F)C(F)=C(I)C=C1', 'COC1=C(I)C(=CC=C1)C#N', 'COC(=O)C1=C(O)C=C(I)C(Cl)=C1', 'NC1=C(I)C(F)=C(F)C=C1F', 'CC1=C(C=C(I)C=C1Cl)C(O)=O', 'CC1=CC(Br)=CC=C1I', 'CC1=CC(O)=C(I)C=C1N(=O)=O', 'COC1=C(I)C(F)=CC=C1', 'OC1=C(I)C(=CC=C1)N(=O)=O', 'CCOC(=O)C1=CC(OCC)=C(I)C=C1', 'COC1=CC(CO)=CC=C1I', 'COC1=C(C=C(I)C(F)=C1)C(O)=O', 'OC(=O)C1=CC(I)=C(C=C1)C(F)(F)F', 'CC1=C(C(I)=CC=C1)N(=O)=O', 'NC1=C(I)C(Cl)=C(Cl)C=C1', 'OC1=C(I)C=C(C=C1)C1=CC=CC=C1', 'OC(=O)C1=CC=CC(=C1I)N(=O)=O', 'ClC1=C(I)C(=CC=C1)N(=O)=O', 'CC1=C(I)C(F)=C(C=C1)C(O)=O']"
8,"[0.8310321459627881, 0.6702486479290919, 1.198684809188364]",3.5910111034469065,"['FC(F)(F)C1=C(I)C=CC(=C1)C#N', 'ClC1=CC(=CC(Cl)=C1I)N(=O)=O', 'FC1=CC(I)=C(C=C1)C#N']","['CC1=C(C(F)=CC=C1I)N(=O)=O', 'BrCC1=C(I)C(=CC=C1)N(=O)=O', 'COC(=O)C1=CC=CC=C1I', 'OC1=C(I)C=C(C=C1N(=O)=O)C#N', 'OC(=O)C1=C(I)C=C(C=C1)C#N', 'OCC1=CC(=C(I)C=C1)N(=O)=O', 'OC(=O)C1=C(I)C=C(F)C(F)=C1', 'OC(=O)C1=C(I)C=CC(Br)=C1', 'OC1=CC(I)=C(C=C1)N(=O)=O', 'CCOC(=O)C1=CC(I)=C(C=C1)C#N', 'CC1=CC(C(O)=O)=C(I)C=C1', 'OC(=O)C1=CC(Cl)=CC=C1I', 'OC(=O)C1=CC=C(I)C(=C1)C(F)(F)F', 'OC(=O)C1=CC=CC(C(O)=O)=C1I', 'CC(C)C1=CC=C(I)C(=C1)N(=O)=O', 'BrC1=C(C=C(I)C=C1)C#N', 'FC1=CC(F)=C(I)C(F)=C1', 'CCOC(=O)C1=C(I)C=CC(Br)=C1', 'COC1=C(I)C(=CC=C1)N(=O)=O', 'FC1=CC=CC(F)=C1I', 'OC(=O)C1=CC(Cl)=C(I)C(Cl)=C1']"
