,obj_values ['rate'],Vendi_score,eval_samples,cut_samples
0,"[0.6817367677979181, 0.31563497070335167, 0.6173119251417611]",1.5383609789896189,"['CCC1=CC=C(I)C=C1', 'ClC1=CC(Cl)=C(COC2=CC=C(I)C=C2)C=C1', 'COC1=CC=C(N)C=C1I']",[]
1,"[0.9455874557911769, 0.7190893942515066, 0.9788797935769392]",1.4626878720715324,"['OB(O)C1=CC=C(I)C=C1', 'IC1=CC=C(CC#C)C=C1', 'CC1=CC=CC(I)=C1']","['CC1=C(O)C=CC(I)=C1', 'NNC(=O)CNC1=CC=C(I)C=C1', 'NCCC1=CC=C(I)C=C1', 'OC1=CC=C(OC2=CC=C(I)C=C2)C=C1', 'IC1=CC=C(OC2=CC=CC=C2)C=C1', 'IC1=CC=C(OCC2CC2)C=C1', 'NC(CC1=CC=C(I)C=C1)C(O)=O', 'CS(=O)(=O)NC1=CC=C(I)C=C1', 'CC1=CC=C(I)C=C1', 'IC1=CC=C(OCCN2CCCC2=O)C=C1', 'IC1=CC=CC(=C1)C1=CC=CC=C1', 'IC1=CC=C(OCC2=CC=CN=C2)C=C1', 'IC1=CC=C(OCC#N)C=C1', 'IC1=CC=C(OCC2=CC=NC=C2)C=C1', 'COC1=C(OC)C=C(I)C=C1', 'IC1=CC=CC(CN2CCCC2)=C1', 'CC(=O)NC1=C(F)C=C(I)C=C1', 'CC(=O)OC1=CC=C(I)C=C1', 'CC(=O)NC1=C(OC(F)(F)F)C=C(I)C=C1', 'OC(=O)CCCCC1=CC=C(I)C=C1', 'IC1=CC=C(OCCN2CCCC2)C=C1', 'NC1=CC(I)=CC=C1O', 'CSC1=CC=C(I)C=C1', 'ClC1=CC=C(OC2=CC=C(I)C=C2)C=C1', 'COC1=C(C)C=CC(I)=C1', 'CC(=O)NC1=C(C=C(I)C=C1)C(F)(F)F', 'CC(C)(C)C1=CC(I)=CC=C1O', 'CC1=CC(I)=CC(C)=C1F', 'OC1=CC=C(I)C=C1C(F)(F)F', 'COC1=CC=C(OC)C(I)=C1', 'NC1(CC1)C1=CC=C(I)C=C1']"
2,"[1.2167917129696504, 1.0802002409619185, -0.24448008121560494]",1.5952329412546349,"['COC1=CC(I)=CC=C1I', 'FC1=CC(I)=CC=C1C(F)(F)F', 'COC1=CC(Cl)=CC(I)=C1']","['CC1=CC(I)=C(CO)C=C1', 'IC1=CC=C(C=C1)C(=O)N1CCOCC1', 'OC1=C(F)C=C(I)C=C1', 'ClC1=CC=C(C=C1)C1=CC=C(I)C=C1', 'CC1=CC=C(I)C=C1Br', 'NCC1=CC(I)=CC=C1', 'CC1=C(Cl)C=C(I)C=C1', 'CC1=C(I)C=C(CO)C=C1', 'CCC1=C(Br)C=CC(I)=C1', 'CC1=CC(I)=CC(F)=C1', 'CC1=CC(I)=C(C)C=C1', 'ClCC1=CC=C(I)C=C1', 'ClC1=CC=C(I)C=C1', 'CC1=CC=C(C=C1I)C(N)=N', 'NC1=C(Cl)C=C(I)C=C1', 'CC1(C)COB(OC1)C1=CC=C(I)C=C1', 'IC1=CC(CC#N)=CC=C1', 'CON(C)C(=O)C1=CC=C(I)C=C1', 'CC(=O)NC(CC1=CC=C(I)C=C1)C(O)=O', 'COC1=C(Cl)C=CC(I)=C1', 'OB(O)C1=CC(I)=CC=C1', 'COC(=O)C1(CC1)C1=CC=C(I)C=C1', 'COC1=CC=C(C)C=C1I', 'OCC1=C(I)C=C(F)C=C1', 'NNC(=O)C1=CC=C(I)C=C1', 'FC(F)C1=CC=C(I)C=C1', 'OCC1=C(Cl)C=CC(I)=C1', 'FC1=C(Cl)C=C(I)C=C1', 'CCOC(=O)CC1=CC(I)=CC=C1']"
3,"[1.198684809188364, 0.4963810077188251, 1.1885934889560894]",1.8044738949279004,"['FC1=CC(I)=C(C=C1)C#N', 'IC1=CC=C(C#N)C(I)=C1', 'CCOC(=O)C1=CC=C(I)C=C1F']","['OCC1=C(Cl)C=C(I)C=C1Cl', 'OCC1=C(Cl)C=CC=C1I', 'OC(=O)C1=CC=C(I)C=C1', 'FC(F)C1=C(I)C=CC=C1', 'NC(=O)C1=CN=C(OC2=CC=C(I)C=C2)C=C1', 'CC1=CC(Br)=CC(I)=C1', 'FC(F)(F)C1=C(Cl)C=CC(I)=C1', 'FC1=C(Cl)C=C(I)C=C1Cl', 'CC1=C(Cl)C=C(I)C=C1Cl', 'CC(C)(C)OC(=O)NCC1=CC=CC(I)=C1', 'FC1=C(C=C(I)C=C1)C(F)(F)F', 'OCC1=C(I)C=C(Cl)C=C1', 'FC(F)(F)C(F)(C1=CC=C(I)C=C1)C(F)(F)F', 'IC1=CC(I)=CC=C1', 'CC1=C(I)C=C(O)C=C1', 'CC1=CC=C(I)C(C(O)=O)=C1F', 'NS(=O)(=O)C1=CC=C(I)C=C1', 'COC1=C(F)C=CC=C1I', 'CNS(=O)(=O)C1=CC=C(I)C=C1', 'OS(=O)(=O)C1=CC=C(I)C=C1', 'COC(=O)C1=C(I)C=CC=C1OC', 'BrCC1=CC(I)=CC=C1', 'COC(=O)C1=CC=C(I)C=C1', 'OS(=O)(=O)C1=CC=CC(I)=C1', 'IC1=CC(=CC=C1)N1C=CN=N1', 'NS(=O)(=O)C1=CC=CC(I)=C1', 'CC1=C(Br)C(F)=CC(I)=C1', 'NC(=O)C1=C(I)C=CC=C1']"
4,"[0.4302581450357216, 0.6461153948262166, 0.0329748918598739]",2.0325883925366037,"['FC(F)(F)C1=CC(=C(I)C=C1)C(F)(F)F', 'IC1=CC=CC2=C(I)C=CC=C12', 'OCC1=CC(I)=C(CO)C=C1I']","['IC1=C(C=CC=C1)C1=CC=CC=C1', 'CC1=C(I)C=CC=C1', 'CNC(=O)C1=CC=CC=C1I', 'ClCC1=CC(I)=C(CCl)C=C1', 'CC(C)OC1=CC=C(I)C=C1Br', 'CC1=CC=CC(I)=C1CO', 'CCNC(=O)C1=CC=CC=C1I', 'OC1=C(F)C=C(I)C=C1I', 'COC1=C(C(O)=O)C(I)=CC=C1', 'ClCC1=C(I)C=CC=C1', 'COC1=CC(Br)=CC(I)=C1', 'OCC1=C(I)C=CC(F)=C1', 'COC1=CC=C(C(N)=O)C(I)=C1', 'COC1=C(I)C=CC(=C1)C(F)(F)F', 'CC1=C(F)C=C(F)C=C1I', 'CS(=O)(=O)C1=CC=CC(I)=C1', 'CC1=C(I)C=CC=C1CC#N', 'NC(=O)C1=C(Cl)C=CC=C1I', 'CC(C)(C)OC(=O)C1=C(I)C=CC=C1', 'COC1=CC=C(I)C(C(O)=O)=C1F', 'FC1=CC(I)=CC=C1NC(=O)NC1CC1', 'OC(=O)CNC(=O)C1=C(I)C=CC=C1', 'OC(=O)CC1=C(I)C=C(Cl)C=C1', 'COC(OC)C1=C(I)C=CC=C1', 'CCOP(=O)(CC1=CC=C(I)C=C1)OCC', 'CCCNC(=O)C1=CC=CC=C1I']"
5,"[0.6865288086662411, 0.5626618144033346, 0.5880674878982872]",2.2157109023634805,"['CC1=CC(=CC(I)=C1)C(O)=O', 'FC1=CC=CC(I)=C1C#N', 'OC(=O)C1=CC=CC(I)=C1']","['IC1=C(C=CC=C1)C(=O)NC1CCCC1', 'OC(=O)CCC1=CC=CC=C1I', 'FC(F)(F)C(=O)NC1=CC=CC=C1I', 'FC(F)(F)OC1=CC=CC=C1I', 'COC(=O)C1=C(C)C(I)=CC=C1', 'OC(=O)CC1=CC=CC=C1I', 'CC1=CC(C)=C(I)C=C1I', 'FC(F)(F)C(=O)CC1=CC=C(I)C=C1', 'C[C@H](O)C1=C(I)C=CC(F)=C1', 'COC1=CC(B(O)O)=C(I)C=C1', 'COC(=O)CC1=C(I)C=CC=C1', 'OC1=C(I)C=CC=C1Cl', 'CNCC1=C(I)C=CC=C1', 'CON(C)C(=O)C1=C(I)C=C(Cl)C=C1', 'CCCC1=C(I)C=CC=C1', 'COC1=C(C)C(I)=CC=C1C', 'IC1=CC=CC=C1CN1C=NC=N1', 'NC(=O)C1=C(I)C=CC(Br)=C1F', 'CC1=CC(I)=C(CO)C=C1C', 'COC(=O)C1=C(I)C=C(OC)C(OC)=C1', 'CCOC(=O)CC1=C(I)C=CC=C1', 'CC1=CC(Br)=CC=C1I', 'CC(Cl)C(=O)NC1=CC=CC=C1I', 'NCC1=CC=CC=C1I', 'COC1=CC(=C(I)C=C1)C(F)(F)F']"
6,"[0.8296221244604277, 1.2242285798605221, -0.3282427545852178]",2.3641606305804186,"['CC(Br)C(=O)N(C)C1=CC=C(I)C=C1', 'OC(=O)C1=C(O)C=CC=C1I', 'COC(=O)C1=C(N)C(I)=CC(F)=C1']","['CC1=CC(C(O)=O)=C(I)C=C1', 'CC1=CC=C(C(O)=O)C(I)=C1', 'CC1=C(I)C=C(C=C1F)C(O)=O', 'IC1=CC=C(C=C1)C1=NC=CO1', 'CC(=O)C1=CC(I)=CC=C1', 'COC(=O)C1=C(Cl)C=C(C)C(I)=C1', 'COC1=C(I)C=C(N)C=C1I', 'ClC1=CC=C(CBr)C(I)=C1', 'COC(=O)C1=C(I)C=CC(OC)=C1', 'CC(=O)CCC1=CC=C(I)C=C1', 'ClC1=CC2=C(C=C1)C=C(I)C=C2', 'COC(=O)C1=CC=CC=C1I', 'COC(=O)C1=C(I)C=CC=C1O', 'ClCC(=O)NC1=CC=CC=C1I', 'CC1=CC=C(I)C=C1C1=CC(I)=CC=C1C', 'IC1=CC=CC(=C1)C(=O)C1=CC=CC=C1', 'NC(=O)CC1=C(I)C=CC=C1', 'ClC1=CC(CBr)=C(I)C=C1', 'CC1=C(C=C(I)C=C1Cl)C(O)=O', 'CCC1=CC=C(I)C=C1C(O)=O', 'CC1=CC=CC(I)=C1Cl', 'IC1=C(C=CC=C1)C(=O)NCC1=CC=CC=C1', 'CC(C)(C)OC(=O)C1=CC(I)=CC=C1']"
7,"[1.0184095298961169, 0.7197935221360662, 1.1145274373327607]",2.4488611715156843,"['BrC1=CC2=CC=C(I)C=C2C=C1', 'CC1=CC=CC(I)=C1C=O', 'OC(=O)CCCCC(=O)C1=CC=C(I)C=C1']","['NC1=C(Cl)C=C(C=C1I)C(F)(F)F', 'NC1=C(I)C=C(F)C(=C1)C(F)(F)F', 'FC(F)(F)C1=C(I)C=CC(Br)=C1', 'NC1=C(Cl)C=C(Cl)C=C1I', 'NC1=C(C(O)=O)C(I)=CC=C1', 'OC(=O)C1=CC(Cl)=CC=C1I', 'NC1=C(I)C=C(Cl)C(=C1)C(F)(F)F', 'OC(=O)CCC1=NN=C(O1)C1=CC=CC=C1I', 'NC(=O)C1=CC(O)=C(I)C=C1', 'OC(=O)C1=C(I)C=C(F)C(F)=C1', 'CCOC(=O)C1=CC2=CC=CC=C2C=C1I', 'OC1=C(Cl)C(I)=CC=C1', 'OC(=O)C1=CC=CC2=CC=CC(I)=C12', 'IC1=C(OC2CC2)C=CC=C1', 'COC(=O)C1=C(Cl)C(O)=C(I)C=C1', 'COC(=O)C1=C(I)C=C(Br)C=C1', 'IC1=C(OCC2=CC=CC=C2)C=CC=C1', 'CC(C)(C)OC(=O)C1=C(Br)C=C(I)C=C1', 'CC(=O)NC1=CC=CC=C1I', 'CCOC(=O)COC1=CC=CC=C1I', 'CC1=CC(Br)=C(C)C=C1I', 'COC(=O)C1=C(N)C=CC=C1I']"
8,"[0.890544908179314, 0.9236124287408849, 0.9096455794283645]",2.6463832136042584,"['CN(C)C1=CC=C(C=C1)\\N=N\\C1=CC=C(I)C=C1', 'CCOC(=O)C1=CC(I)=C(C=C1)C#N', 'COC(=O)C1=C(O)C=C(I)C(Cl)=C1']","['FC1=CC(I)=C(Cl)C=C1', 'CCOC(=O)C1=CC(I)=C(C)C=C1', 'IC1=CC=C(C=C1)C(=O)NCC1=CC=CC=C1', 'CC1=CC(I)=C(N)C(I)=C1', 'CC1=C(C=CC=C1I)C#N', 'BrC1=CN=C(OC2=CC=C(I)C=C2)N=C1', 'CC1=CC(=CC=C1I)C(O)=O', 'CCOC(=O)C1=CC(I)=CC(Br)=C1', 'CC1=CC(C)=C(I)C=C1C(O)=O', 'NC1=C(I)C=CC(=C1)C(O)=O', 'OC1=CC=CC2=C1C=CC=C2I', 'OC(=O)C1=C(NC(=O)C2=C(I)C=CC=C2)C=CC=C1', 'OC1=C(C=O)C(I)=CC=C1', 'COC(=O)C1=CC(N)=C(I)C=C1C', 'COC(=O)C1=CC=C(I)C(N)=C1', 'COC(=O)C1=CC(I)=C(C)C=C1C', 'CC(C)(O)C1=C(I)C=CC=C1', 'COC1=C(OC)C(I)=CC(C=O)=C1', 'NC(=O)C1=C(O)C=CC(I)=C1', 'OC1=CC2=C(C=CC=C2I)C=C1', 'FC1=C(Cl)C=CC(I)=C1C=O']"
