,obj_values ['rate'],Vendi_score,eval_samples,cut_samples
0,"[0.36145892525470175, 0.7365003752884792, 0.38025797170092135]",1.7299686710988362,"['OC1=C(I)C=CC=C1Cl', 'NC1=CC(Br)=C(I)C(Br)=C1', 'CC1=C(O)C(I)=CC(Cl)=C1']",[]
1,"[-0.030410175615268827, 0.294538036319858, -0.5061635676167804]",2.0774722388164846,"['OC1=CC(Br)=C(I)C(Br)=C1', 'COC1=CC(I)=C(I)C=C1OC', 'NC1=C(I)C(Cl)=C(Cl)C=C1']","['FC(F)(F)C(=O)NC1=CC=CC=C1I', 'OC1=CC=C(I)C(Br)=C1', 'COC1=C(I)C=CC(=C1)C(F)(F)F', 'NC1=C(I)C=C(OC(F)(F)F)C=C1', 'NC1=C(Cl)C=C(C=C1I)C(F)(F)F', 'OC(=O)C1=CC=C(O)C(I)=C1', 'COC1=CC(CO)=CC=C1I', 'COC1=C(I)C=C(Br)C=C1', 'CC(=O)NC1=CC=CC=C1I', 'COC(=O)C1=CC(I)=C(N)C=C1Cl', 'COC1=CC(Br)=C(I)C=C1', 'COC1=CC(OC)=C(I)C=C1Cl', 'OC1=C(I)C=CC(Cl)=C1', 'COC1=C(I)C(Cl)=C(Cl)C=C1', 'OCC1=CC(I)=C(O)C=C1', 'CC1=CC(I)=C(F)C=C1', 'IC1=C(OC2CC2)C=CC=C1', 'OC1=C(I)C=CC=C1', 'NC1=C(Cl)C=C(Cl)C=C1I', 'OC1=CC(Cl)=C(F)C=C1I', 'COC1=CC=CC(Br)=C1I', 'COC1=C(I)C=C(C(O)=O)C(F)=C1', 'OC(=O)CC1=CC=C(O)C(I)=C1', 'COC1=C(F)C=CC=C1I', 'OC1=C(I)C=C(Cl)C=C1', 'COC1=C(I)C=C(C=C1)C(O)=O', 'COC1=CC=C(C)C=C1I', 'CC1=CC(I)=C(O)C=C1Cl', 'COC1=C(I)C=CC=C1', 'NC(=O)C1=CC(O)=C(I)C=C1', 'OC1=C(F)C=CC=C1I']"
2,"[1.1814721165299056, 0.5932596822233444, -0.08111464596134699]",2.2505319626008107,"['COC1=CC(I)=C(F)C=C1', 'COC1=CC(I)=C(F)C=C1Cl', 'COC1=CC(Br)=CC(I)=C1']","['CCOC(=O)C1=CC(I)=C(OC)C=C1', 'FC1=CC(Cl)=C(I)C=C1', 'NC1=C(I)C(Cl)=CC=C1', 'CC(C)(C)C1=CC=C(I)C(Br)=C1', 'CCC1=CC(Br)=C(I)C=C1', 'CC(C)C1=CC=C(I)C(Br)=C1', 'OC1=C(I)C(Cl)=CC=C1', 'BrC1=CC=CC=C1I', 'NC1=C(I)C=C(Cl)C(=C1)C(F)(F)F', 'COC1=C(NCC(O)=O)C=C(I)C(Cl)=C1', 'OC1=CC(I)=C(Cl)C=C1', 'CC1=CC(Cl)=C(I)C=C1C', 'COC(=O)C1=CC(I)=C(Cl)C=C1C', 'COC1=CC(Cl)=C(I)C=C1', 'OC1=CC(I)=C(Br)C=C1', 'COC(=O)C1=CC=C(N)C(I)=C1Cl', 'CC1=CC(Br)=C(I)C=C1Cl', 'COC1=CC(I)=C(Cl)C=C1', 'OC1=C(I)C(Cl)=CC(Cl)=C1', 'NC1=CC=C(I)C(Cl)=C1', 'NC1=C(F)C=C(C=C1I)C#N', 'CC1=CC(Br)=C(I)C=C1', 'CCOC(=O)C1=CC(I)=C(N)C=C1', 'CC(C)(C)C1=CC(I)=C(Br)C=C1', 'CC(=O)NC1=CC(F)=CC=C1I', 'NC1=C(I)C=C(F)C(=C1)C(F)(F)F', 'OC1=CC(Cl)=C(I)C=C1', 'NC1=C(I)C(Br)=CC(F)=C1', 'OC1=C(I)C(Br)=CC=C1']"
3,"[1.1418083293390804, 0.19411361262942842, 0.33202938800728404]",2.3988849396102045,"['NC1=CC(F)=C(I)C=C1', 'COC1=C(I)C(F)=C(F)C=C1', 'COC1=C(I)C(F)=CC=C1']","['OC1=CC=C(I)C=C1C(F)(F)F', 'COC1=CC(=C(I)C=C1)C(F)(F)F', 'FC1=C(I)C=C(CBr)C=C1', 'CCOC(=O)COC1=CC=CC=C1I', 'OC(=O)CCC1=CC=C(O)C(I)=C1', 'NC1=CC(I)=C(Br)C=C1', 'COC1=CC(F)=C(I)C=C1', 'CCOC1=CC=C(I)C(F)=C1F', 'OC1=C(O)C(I)=CC=C1', 'OC1=C(Cl)C(I)=CC=C1', 'IC1=C(OCC2=CC=CC=C2)C=CC=C1', 'CCOC1=CC(Br)=CC=C1I', 'COC1=CC=C(C=C1I)C#N', 'COC1=CC=C(OC)C(I)=C1', 'CC1=C(F)C=C(F)C(I)=C1', 'NC1=C(I)C=C(Br)C=C1', 'CC(Cl)C(=O)NC1=CC=CC=C1I', 'FC1=CC(I)=C(F)C=C1', 'OC1=C(Br)C(I)=CC=C1', 'OC1=CC=CC(I)=C1F', 'COC1=CC=C(I)C(C(O)=O)=C1F', 'NC1=CC(I)=C(F)C=C1Cl', 'CC1=CC(F)=C(I)C=C1', 'OC1=C(I)C=C(C=C1)C1=CC=CC=C1', 'CC1=CC(F)=C(I)C=C1O', 'COC1=CC(Cl)=C(OC)C=C1I', 'FC1=C(I)C=CC(=C1)C1CC1', 'CC1=CC(Cl)=CC(I)=C1N']"
4,"[0.21043106576080262, -0.8310572398642792, 0.6173119251417611]",2.514144548785187,"['CN(C)C1=CC=C(I)C=C1', 'CNC1=CC=C(I)C=C1C', 'COC1=CC=C(N)C=C1I']","['COC1=CC(C)=C(OC)C=C1I', 'NC1=C(I)C=C(C(Br)=C1)C(F)(F)F', 'COC1=CC=C(I)C(OC)=C1', 'COC(=O)C1=C(OC)C=C(F)C(I)=C1', 'FC1=CC=C(I)C(F)=C1', 'NC1=C(I)C=C(Br)C(=C1)C(F)(F)F', 'FC1=CC(F)=C(Cl)C=C1I', 'NC1=CC(Cl)=CC=C1I', 'FC1=C(Br)C=CC(I)=C1F', 'COC(=O)C1=CC(I)=C(F)C=C1', 'COC(=O)C1=CC(I)=C(N)C(OC)=C1', 'FC1=CC=C(I)C(F)=C1F', 'FC1=C(F)C(I)=CC=C1', 'COC(=O)C1=CC(I)=C(N)C(Br)=C1', 'COC1=CC=C(I)C(O)=C1', 'NC1=C(I)C=CC(Br)=C1', '[H][C@@](N)(CC1=CC=C(O)C(I)=C1)C(O)=O', '[H][C@](N)(CC1=CC(I)=C(O)C=C1)C(=O)OC', 'FC1=C(I)C=CC(Cl)=C1', 'NC1=C(F)C(F)=C(I)C=C1', 'CC1=CC(N)=C(I)C=C1F', 'COC(=O)C1=C(C)C=C(N)C(I)=C1', 'NC1=C(I)C=C(C=C1)C#N', 'NNC1=C(I)C=CC=C1', 'NC1=C(I)C(F)=C(F)C=C1F', 'CC1=C(C=C(I)C(N)=C1)C#N']"
5,"[-0.17128958412229917, 0.018618495265879553, -1.0999812533898117]",2.5826852678755166,"['COC1=CC(Br)=C(OC)C=C1I', 'COC1=CC(Br)=CC(OC)=C1I', 'COC1=CC=CC(OC)=C1I']","['COC1=CC(I)=C(N)C=C1', 'OC1=CC=C(I)C2=CC=CC=C12', 'NC1=C(Cl)C=C(I)C=C1', 'CCC1=C(N)C=CC(I)=C1', 'NC1=C(N)C=C(I)C(Cl)=C1', 'CSC1=CC=C(I)C=C1', 'IC1=CC=C(OCC2CC2)C=C1', 'COC1=CC=C(I)C(N)=C1', 'NC1=CC=C(O)C=C1I', 'CC1=C(O)C=CC(I)=C1', 'NNC1=CC=C(I)C=C1', 'NNC(=O)CNC1=CC=C(I)C=C1', 'NC1=CC=C(I)C=C1', 'CC(C)(C)C1=CC(I)=CC=C1O', 'COC1=C(N)C=CC(I)=C1', 'COC(=O)C1=CC(I)=C(N)C=C1OC', 'IC1=CC=C(OCC#N)C=C1', 'CNC1=CC=C(I)C=C1', 'COC1=C(OC)C=C(I)C=C1', 'COC1=C(N)C(I)=CC=C1', 'CC1=CC=C(N)C(I)=C1', 'CC1=CC(N)=C(I)C=C1', 'CC1=C(N)C(I)=CC=C1', 'COC1=C(I)C=CC(N)=C1', 'NC1=CC(I)=CC=C1O']"
6,"[0.43139330236988777, 1.1629139359306655, 0.3605637792644092]",2.9074877458021877,"['NC1=C(F)C(F)=C(I)C(F)=C1F', 'FC1=C(I)C(F)=C(Br)C=C1Br', 'FC1=CC(F)=C(F)C(I)=C1F']","['CC1=CC(O)=C(C)C=C1I', 'CC(C)OC1=CC=C(I)C=C1Br', 'NC1=CC(I)=C(O)C=C1', 'COC1=CC=C(I)C(C)=C1', 'CCOC(=O)CC1=CC=C(N)C(I)=C1', 'CC(C)C1=CC=C(N)C(I)=C1', 'CC(C)(C)C1=CC=C(N)C(I)=C1', 'COC1=C(I)C(C)=CC(Cl)=C1', 'CCOC(=O)C1=CC(Br)=C(N)C(I)=C1', 'COC1=CC=CC(C)=C1I', 'CC1=C(I)C=CC(O)=C1', 'CC1=CC(I)=C(N)C=C1O', 'IC1=CC=C(OC2=CC=CC=C2)C=C1', 'CC1=CC(I)=C(N)C(C)=C1', 'NC1=C(Br)C=CC=C1I', 'CC(C)(C)C1=C(N)C=CC(I)=C1', 'CC(=O)NC1=C(OC(F)(F)F)C=C(I)C=C1', 'COC1=CC=CC(CO)=C1I', 'CC1=CC(N)=C(I)C=C1C', 'ClCC(=O)NC1=CC=CC=C1I', 'CN(C)C1=C(I)C=CC=C1', 'NC1=C(I)C=C(C=C1)C1=CC=CC=C1', 'CCNC(=O)C1=CC(OCC)=C(I)C=C1']"
7,"[1.0708146217817276, 1.0912030121988159, 0.9987850913488857]",3.2069521126181355,"['FC1=C(F)C(=CC(I)=C1F)N(=O)=O', 'FC1=C(I)C(F)=C(Br)C=C1', 'FC1=C(C=C(Br)C=C1I)C#N']","['OC1=CC=C(OC2=CC=C(I)C=C2)C=C1', 'COC1=C(I)C(F)=CC(Br)=C1', 'COC(=O)C1=CC(I)=C(OC2=CC=CC=C2)C=C1', 'FC1=CC=CC(CBr)=C1I', 'COC1=CC(B(O)O)=C(I)C=C1', 'OC1=CC(I)=C(O)C=C1I', 'NC1=C(I)C(F)=C(Br)C(F)=C1', 'CC(=O)NC1=C(F)C=C(I)C=C1', 'COC(=O)C1=C(OC)C=C(NC(C)=O)C(I)=C1', 'FC1=C(I)C=CC(I)=C1', 'CC(=O)NC1=C(C=C(I)C=C1)C(F)(F)F', 'COC1=CC=C(COC2=C(I)C=CC=C2)C=C1', 'IC1=CC=C(OCC2=CC=NC=C2)C=C1', 'COC1=CC=C(Br)C(F)=C1I', 'COC1=CC(N)=C(I)C=C1C(O)=O', 'NC1=C(N)C(I)=CC=C1', 'CC(C)(C)OC(=O)NC1=C(I)C(F)=CC=C1', 'IC1=CC=C(C=C1)N1CCCCC1', 'FC1=C(I)C=CC(Br)=C1Cl', 'CCOC1=C(I)C=CC(=C1)C(=O)N1CCOCC1', 'OC1=C(F)C=C(I)C=C1', 'IC1=CC=C(OCC2=CC=CN=C2)C=C1']"
8,"[1.0999868992960335, 0.8655538358749567, 0.4257549960654081]",3.3227542332386664,"['NC1=CC=C(I)C(F)=C1C#N', 'FC1=C(I)C=CC(Br)=C1C#N', 'FC1=CC(F)=C(I)C=C1N(=O)=O']","['FC(F)C1=C(I)C(F)=C(Cl)C=C1', 'FC1=CC(F)=C(I)C(Cl)=C1', 'OC1=C(I)C=C(C=C1I)C(F)(F)F', 'CC(C)(C)C1=CC(I)=C(O)C(I)=C1', 'CC(C)(C)C(=O)NC1=CC=C(Cl)C=C1I', 'OC(=O)C1=C(F)C(F)=C(F)C(F)=C1I', 'COC(=O)C1=C(Cl)C(O)=C(I)C=C1', 'COC(=O)C1=C(I)C=CC=C1OC', 'OB(O)C1=CC(F)=C(I)C(F)=C1', 'OC1=C(I)C=C(F)C(F)=C1I', 'FC(F)(F)OC1=CC=CC=C1I', 'FC1=C(I)C=CC(=C1)C(F)(F)F', 'FC1=C(I)C(Cl)=CC=C1', 'FC1=CC=CC(F)=C1I', 'COC1=C(C)C=CC(I)=C1', 'COC1=C(I)C=C(N)C=C1I', 'FC1=CC(Br)=CC(F)=C1I', 'OC(=O)C1=CC(I)=C(O)C(I)=C1', 'CCOC(=O)C1=CC(I)=C(O)C(I)=C1', 'OC(=O)CCC1=CC(I)=C(O)C(I)=C1', 'OC(C1=CC=C(I)C(F)=C1)(C(F)(F)F)C(F)(F)F']"
