,obj_values ['rate'],Vendi_score,eval_samples,cut_samples
0,"[1.1145274373327607, 0.21158794185282548, 0.673103820777674]",1.781269089107751,"['OC(=O)CCCCC(=O)C1=CC=C(I)C=C1', 'NC1=C(Cl)C=C(I)C=C1', 'COC(OC)C1=C(I)C=CC=C1']",[]
1,"[1.1885934889560894, 0.7728028088151515, 1.0364118008351222]",1.7657910529654783,"['CCOC(=O)C1=CC=C(I)C=C1F', 'IC1=CC=C(C=C1)C(=O)NCC1=CC=CC=C1', 'IC1=CC=CC(=C1)C(=O)C1=CC=CC=C1']","['CC1=C(O)C=CC(I)=C1', 'IC1=C(C=CC=C1)C1=CC=CC=C1', 'CS(=O)(=O)NC1=CC=C(I)C=C1', 'CNC(=O)C1=CC=CC=C1I', 'OC(=O)CC1=C(I)C=C(Cl)C=C1', 'CC1=CC=C(C=C1I)C(N)=N', 'ClCC1=CC(I)=C(CCl)C=C1', 'IC1=CC=C(OCC#N)C=C1', 'ClCC1=C(I)C=CC=C1', 'NC(CC1=CC=C(I)C=C1)C(O)=O', 'NCCC1=CC=C(I)C=C1', 'COC1=C(C)C(I)=CC=C1C', 'NC1(CC1)C1=CC=C(I)C=C1', 'OC(=O)CCC1=CC=CC=C1I', 'COC(=O)CC1=C(I)C=CC=C1', 'OC(=O)CC1=CC=CC=C1I', 'CCCNC(=O)C1=CC=CC=C1I', 'OCC1=C(I)C=C(Cl)C=C1', 'CC(=O)NC1=C(F)C=C(I)C=C1', 'OCC1=C(I)C=CC(F)=C1', 'IC1=C(C=CC=C1)C(=O)NC1CCCC1', 'CC1=CC(I)=C(CO)C=C1', 'COC(=O)C1=C(C)C(I)=CC=C1', 'CCNC(=O)C1=CC=CC=C1I', 'CC1=C(I)C=C(CO)C=C1', 'CC1=C(I)C=CC=C1CC#N', 'OCC1=C(I)C=C(F)C=C1', 'OCC1=C(Cl)C=CC=C1I', 'CC(=O)OC1=CC=C(I)C=C1', 'CCOC(=O)CC1=C(I)C=CC=C1', 'IC1=CC=CC(=C1)C1=CC=CC=C1']"
2,"[0.4963810077188251, 0.9236124287408849, 0.6238545681118839]",1.96403245263137,"['IC1=CC=C(C#N)C(I)=C1', 'CCOC(=O)C1=CC(I)=C(C=C1)C#N', 'COC(=O)C1=CC=C(I)C=C1N(=O)=O']","['OC(=O)CCC1=NN=C(O1)C1=CC=CC=C1I', 'CC(=O)CCC1=CC=C(I)C=C1', 'NNC(=O)C1=CC=C(I)C=C1', 'CC1=CC(I)=CC(C)=C1F', 'ClCC1=CC=C(I)C=C1', 'FC(F)(F)C(=O)CC1=CC=C(I)C=C1', 'IC1=CC=C(C=C1)C1=NC=CO1', 'FC(F)C1=C(I)C=CC=C1', 'CC1=CC(=CC(I)=C1)C(O)=O', 'OC1=C(F)C=C(I)C=C1I', 'COC(=O)C1=C(I)C=CC(OC)=C1', 'CC1=C(C=C(I)C=C1Cl)C(O)=O', 'CC(C)(C)OC(=O)C1=CC(I)=CC=C1', 'CC(=O)C1=CC(I)=CC=C1', 'CCOC(=O)CC1=CC(I)=CC=C1', 'CCC1=CC=C(I)C=C1C(O)=O', 'CC1=C(Cl)C=C(I)C=C1', 'CON(C)C(=O)C1=CC=C(I)C=C1', 'CC1=CC(C)=C(I)C=C1I', 'COC(=O)C1=CC=CC=C1I', 'COC1=C(C(O)=O)C(I)=CC=C1', 'COC(=O)C1=C(I)C=CC=C1O', 'CC1=CC=C(I)C(C(O)=O)=C1F', 'IC1=CC(I)=CC=C1', 'CC(C)(C)OC(=O)C1=C(I)C=CC=C1', 'COC1=C(Cl)C=CC(I)=C1', 'COC1=CC(I)=CC=C1I', 'IC1=CC=C(C=C1)C(=O)N1CCOCC1', 'OCC1=C(Cl)C=CC(I)=C1']"
3,"[0.22437802629075732, 0.7197935221360662, 1.2242285798605221]",2.081448242203591,"['OC(=O)C1=C(NC(=O)C2=C(I)C=CC=C2)C=CC=C1', 'CC1=CC=CC(I)=C1C=O', 'OC(=O)C1=C(O)C=CC=C1I']","['CC1=CC(C(O)=O)=C(I)C=C1', 'CC1=C(I)C=CC=C1N(=O)=O', 'CC(C)(C)OC(=O)C1=C(Br)C=C(I)C=C1', 'CC1=CC=C(C(O)=O)C(I)=C1', 'COC(=O)C1=C(O)C=C(I)C(Cl)=C1', 'OC(=O)C1=CC(I)=C(C=C1)C(F)(F)F', 'NS(=O)(=O)C1=CC=C(I)C=C1', 'BrC1=C(C=C(I)C=C1)C#N', 'COC1=CC=C(I)C(C(O)=O)=C1F', 'COC(=O)C1=C(I)C=C(Br)C=C1', 'NC(=O)C1=C(Cl)C=CC=C1I', 'OC(=O)C1=CC=CC(I)=C1', 'FC1=C(Cl)C=CC(I)=C1C=O', 'FC1=C(Cl)C=C(I)C=C1Cl', 'CC1=C(Cl)C=C(I)C=C1Cl', 'CCOC(=O)C1=CC2=CC=CC=C2C=C1I', 'ClC1=CC2=C(C=C1)C=C(I)C=C2', 'CC1=C(I)C=C(C=C1F)C(O)=O', 'CC1=C(I)C=C(Cl)C(=C1)N(=O)=O', 'OCC1=C(Cl)C=C(I)C=C1Cl', 'COC(=O)C1=C(Cl)C=C(C)C(I)=C1', 'ClC1=CC(I)=CC(=C1)N(=O)=O', 'OS(=O)(=O)C1=CC=CC(I)=C1', 'COC1=CC=C(I)C=C1C(O)=O', 'IC1=CC(=CC=C1)N1C=CN=N1', 'COC(=O)C1=CC=C(I)C=C1', 'CCOC(=O)C1=CC(I)=CC(Br)=C1', 'COC(=O)C1=C(Cl)C(O)=C(I)C=C1']"
4,"[1.0114455784258842, 1.111536082400211, 0.8756313075488267]",2.169409611206256,"['CS(=O)(=O)C1=CC=CC(I)=C1', 'CNS(=O)(=O)C1=CC=C(I)C=C1', 'COC(=O)C1(CC1)C1=CC=C(I)C=C1']","['FC1=CC=CC(I)=C1C#N', 'COC1=C(OC)C(I)=CC(C=O)=C1', 'CCOC(=O)C1=CC(I)=C(C)C=C1', 'NC1=C(C(O)=O)C(I)=CC=C1', 'OC(=O)C1=CC(Cl)=CC=C1I', 'COC1=CC(I)=C(C=O)C=C1OC', 'OC1=CC(I)=C(C=C1)N(=O)=O', 'OC1=C(C=O)C(I)=CC=C1', 'COC(=O)C1=CC(NC(=O)C2=CC=CC=C2I)=CC=C1', 'OC(=O)C1=CC=C(I)C(=C1)C(F)(F)F', 'CC1=C(C=CC=C1I)C#N', 'IC1=CC=CC=C1C(=O)C1=CC=CC=C1', 'CC1=C(C(F)=CC=C1I)N(=O)=O', 'OC(=O)C1=C(I)C=CC(Br)=C1', 'CCOC(=O)CC(=O)C1=C(I)C=CC=C1', 'CC1=CC(=CC=C1I)C(O)=O', 'COC(=O)C1=CC(I)=C(C)C=C1C', 'BrC1=CN=C(OC2=CC=C(I)C=C2)N=C1', 'COC(=O)C1=C(N)C=CC=C1I', 'OC(=O)C1=C(NC2=CC=C(I)C=C2F)C=NC=C1', 'OC(=O)C1=C(I)C=C(F)C(F)=C1', 'OCC1=CC(I)=C(CO)C=C1I', 'OC(=O)C1=C(I)C=C(C=C1)C#N', 'OC(=O)C1=CC=CC2=CC=CC(I)=C12', 'CCOC(=O)C1=C(I)C=CC(Br)=C1', 'CC1=CC(C)=C(I)C=C1C(O)=O']"
5,"[1.198684809188364, 0.6489453837998297, 1.2310331342559602]",2.313495750035535,"['FC1=CC(I)=C(C=C1)C#N', 'CC(C)(C)OC(=O)NCC1=CC=CC(I)=C1', 'IC1=C(C=CC=C1C#N)C#N']","['CC(=O)NC1=C(C=C(I)C=C1)C(F)(F)F', 'CC1(C)COB(OC1)C1=CC=C(I)C=C1', 'FC1=CC(I)=CC=C1C(F)(F)F', 'IC1=CC=CC=C1CN1C=NC=N1', 'OC(=O)CCCCC1=CC=C(I)C=C1', 'CC(=O)NC1=C(OC(F)(F)F)C=C(I)C=C1', 'OC(=O)CNC(=O)C1=C(I)C=CC=C1', 'OS(=O)(=O)C1=CC=C(I)C=C1', 'NS(=O)(=O)C1=CC=CC(I)=C1', 'FC(F)C1=CC=C(I)C=C1', 'CC(=O)NC(CC1=CC=C(I)C=C1)C(O)=O', 'OB(O)C1=CC=C(I)C=C1', 'FC1=C(Cl)C=C(I)C=C1', 'FC(F)(F)C1=C(Cl)C=CC(I)=C1', 'OC(=O)C1=CC=C(I)C=C1', 'FC1=C(C=C(I)C=C1)C(F)(F)F', 'OB(O)C1=CC(I)=CC=C1', 'CC1=CC(Br)=CC(I)=C1', 'CC1=CC(I)=CC(F)=C1', 'NC(=O)C1=CN=C(OC2=CC=C(I)C=C2)C=C1', 'CC1=CC=C(I)C=C1Br', 'IC1=CC(CC#N)=CC=C1', 'NC(=O)C1=C(I)C=CC=C1', 'IC1=CC=C(CC#C)C=C1', 'NCC1=CC(I)=CC=C1']"
6,"[0.16613399537146134, 1.1539729119520985, 0.6009279798653284]",2.4410483325105297,"['ClC1=C(I)C=C(C=O)C=C1', 'ClC1=CC(=CC=C1I)N(=O)=O', 'ClC1=C(I)C=C(C=C1)C#N']","['COC(=O)C1=C(I)C=CC=C1OC', 'COC1=CC=C(C(N)=O)C(I)=C1', 'CC1=CC=CC(I)=C1', 'OC1=CC=C(I)C=C1C(F)(F)F', 'CC1=C(F)C=C(F)C=C1I', 'CC1=CC=CC(I)=C1CO', 'CC1=CC=C(I)C=C1', 'FC(F)(F)C1=CC(=C(I)C=C1)C(F)(F)F', 'BrCC1=CC(I)=CC=C1', 'COC1=CC(Cl)=CC(I)=C1', 'IC1=C(C=CC=C1)C(=O)N1CCCC1', 'IC1=C(C=CC=C1)C(=O)NCC1=CC=CC=C1', 'CCOP(=O)(CC1=CC=C(I)C=C1)OCC', 'ClC1=CC=C(C=C1)C1=CC=C(I)C=C1', 'IC1=CC=C(OCC2=CC=NC=C2)C=C1', 'ClC1=CC=C(I)C=C1', 'OC1=CC=C(OC2=CC=C(I)C=C2)C=C1', 'CON(C)C(=O)C1=C(I)C=C(Cl)C=C1', 'IC1=CC=C(OCC2=CC=CN=C2)C=C1', 'CC1=CC=C(I)C=C1C1=CC(I)=CC=C1C', 'FC(F)(F)C(F)(C1=CC=C(I)C=C1)C(F)(F)F', 'IC1=CC=C(OC2=CC=CC=C2)C=C1', 'CCC1=CC=C(I)C=C1']"
7,"[1.205969972532665, 1.0883633455290571, 0.04977968725233062]",2.5898976917635186,"['OC(=O)C1=CC=CC(=C1I)N(=O)=O', 'IC1=C(C=CC=C1N(=O)=O)N(=O)=O', 'COS(=O)(=O)C1=CC=CC=C1I']","['CC1=C(Br)C(F)=CC(I)=C1', 'ClC1=CC(Cl)=C(I)C=C1', 'FC(F)(F)OC1=CC=CC=C1I', 'FC1=CC(Cl)=C(I)C=C1', 'COC1=C(I)C=C(C=C1I)C#N', 'NC(=O)CC1=C(I)C=CC=C1', 'COC(=O)C1=CC(I)=C(Cl)C=C1C', 'ClC1=CC=CC=C1I', 'ClC1=CC=C(CBr)C(I)=C1', 'NC(=O)C1=C(I)C=CC(Br)=C1F', 'COC(=O)C1=C(I)C=C(OC)C(OC)=C1', 'FC1=CC(I)=C(Cl)C=C1', 'FC1=CC=CC(I)=C1Br', 'CC1=C(C(I)=CC=C1)N(=O)=O', 'CC1=CC=CC(I)=C1Cl', 'OC1=C(Cl)C(I)=CC=C1', 'OC(=O)C1=CC=CC(C(O)=O)=C1I', 'ClC1=CC(CBr)=C(I)C=C1', 'FC(F)(F)C1=CC(I)=C(Cl)C=C1', 'COC(=O)C1=CC(I)=C(Cl)C=C1', 'OC(=O)C1=CC=CC(I)=C1Cl', 'CC1=CC(Cl)=C(I)C=C1C']"
8,"[0.1562611462957939, 0.610371127314533, 1.0772946078823815]",2.7830145776955932,"['FC1=C(F)C(=CC=C1I)C(F)(F)F', 'NC1=CC(I)=CC(CO)=C1', 'CCOC(=O)C1=CC(F)=C(I)C=C1']","['FC(F)(F)C1=C(I)C=CC(=C1)C#N', 'OC1=CC(I)=C(Cl)C=C1', 'IC1=CC=CC(CN2CCCC2)=C1', 'COC1=C(C)C=CC(I)=C1', 'CCC1=C(Br)C=CC(I)=C1', 'OC(=O)C1(CC1)C1=C(I)C=CC=C1', 'COC1=CC(=C(I)C=C1)C(F)(F)F', 'FC(F)(F)C(=O)NC1=CC=CC=C1I', 'CC(C)C1=CC=C(I)C(=C1)N(=O)=O', 'OC1=C(F)C=C(I)C=C1', 'OC(=O)C1=CC=CC(=C1I)C(F)(F)F', 'CC(Br)C(=O)N(C)C1=CC=C(I)C=C1', 'ClC1=CC=C(OC2=CC=C(I)C=C2)C=C1', 'IC1=CC=CC=C1C1=CC=CC=C1I', 'IC1=CC=C(OCC2CC2)C=C1', 'OC(=O)C1=C(Br)C(I)=CC=C1', 'COC1=CC(I)=C(Cl)C=C1', 'OCC1=CC(=C(I)C=C1)N(=O)=O', 'NCC1=CC=CC=C1I', 'OC(=O)C1=CC(OC(F)(F)F)=C(I)C=C1', 'FC(F)(F)C1=C(I)C=CC(Br)=C1']"
