,obj_values ['rate'],Vendi_score,eval_samples,cut_samples
0,"[-0.0960929227820917, 0.2513186195469217, 0.7707558692604115]",1.908079322256003,"['COC1=C(I)C(=CC=C1)C#N', 'CCOP(=O)(CC1=CC=C(I)C=C1)OCC', 'OC(=O)C1=CC(OC(F)(F)F)=C(I)C=C1']",[]
1,"[1.1539729119520985, 0.8310321459627881, 0.9096455794283645]",2.0937429044794857,"['ClC1=CC(=CC=C1I)N(=O)=O', 'FC(F)(F)C1=C(I)C=CC(=C1)C#N', 'COC(=O)C1=C(O)C=C(I)C(Cl)=C1']","['CC(=O)NC(CC1=CC=C(I)C=C1)C(O)=O', 'CCOC1=C(O)C(I)=CC(C=O)=C1', 'CC1=C(C=CC=C1I)C#N', 'CCOC(=O)C1=CC(OCC)=C(I)C=C1', 'NC(=O)C1=CN=C(OC2=CC=C(I)C=C2)C=C1', 'CC1=C(I)C(F)=C(C=C1)C#N', 'ClCC1=CC(I)=C(CCl)C=C1', 'CCOC(=O)C1=CC(F)=C(I)C=C1', 'IC1=CC=C(C=C1)C(=O)NCC1=CC=CC=C1', 'COC1=C(OC)C(I)=CC(C=O)=C1', 'COC(=O)C1=C(I)C=CC(OC)=C1', 'CC1=CC(C(O)=O)=C(I)C=C1', 'CC1=C(I)C=C(C=C1F)C(O)=O', 'IC1=CC=C(C=C1)C(=O)N1CCOCC1', 'CCCNC(=O)C1=CC=CC=C1I', 'CC(C)(C)OC(=O)NCC1=CC=CC(I)=C1', 'CC1=CC(C)=C(I)C=C1I', 'COC(=O)C1=CC=CC=C1I', 'IC1=C(C=CC=C1)C(=O)NC1CCCC1', 'COC1=CC(C=O)=CC(I)=C1O', 'IC1=C(C=CC=C1)C(=O)NCC1=CC=CC=C1', 'COC1=CC(I)=C(C=O)C=C1OC', 'COC1=C(I)C=C(C=C1I)C#N', 'OC(=O)C1=CC(I)=C(C=C1)C(F)(F)F', 'OC(=O)C1=CC=C(I)C(=C1)C(F)(F)F', 'CC(=O)C1=CC(I)=C(O)C=C1', 'COC(=O)C1=C(Cl)C(O)=C(I)C=C1', 'COC(=O)C1=C(Cl)C=C(C)C(I)=C1', 'OC(=O)CNC(=O)C1=C(I)C=CC=C1', 'OC(=O)CCC1=NN=C(O1)C1=CC=CC=C1I', 'CC1(C)COB(OC1)C1=CC=C(I)C=C1']"
2,"[0.4592475894180943, -0.5057879574331279, 0.6702486479290919]",2.465862701592716,"['OC(=O)C1=CC(Cl)=C(I)C(Cl)=C1', 'FC(F)(F)C1=CC(Cl)=C(I)C(Cl)=C1', 'ClC1=CC(=CC(Cl)=C1I)N(=O)=O']","['OC(=O)C1=CC=CC(=C1I)N(=O)=O', 'ClC1=C(I)C=C(C=O)C=C1', 'CC1=C(C=C(I)C=C1Cl)C(O)=O', 'OC(=O)C1=CC(Cl)=CC=C1I', 'FC(F)(F)C(=O)CC1=CC=C(I)C=C1', 'OC(=O)C1=C(I)C=CC(Br)=C1', 'OC1=CC(I)=C(C=C1)N(=O)=O', 'COC(=O)C1=C(I)C=C(Br)C=C1', 'CCOC(=O)C1=CC=C(I)C=C1F', 'CC(C)C1=CC=C(I)C(=C1)N(=O)=O', 'OCC1=CC(=C(I)C=C1)N(=O)=O', 'CC1=C(C(I)=CC=C1)N(=O)=O', 'CCOC(=O)C1=CC(I)=C(C=C1)C#N', 'IC1=CC=CC=C1C(=O)C1=CC=CC=C1', 'CC(=O)C1=CC(I)=CC=C1', 'CC1=CC=C(C(O)=O)C(I)=C1', 'FC1=C(Cl)C=CC(I)=C1C=O', 'OC(=O)C1=C(I)C=C(C=C1)C#N', 'FC1=CC=CC(I)=C1C#N', 'CCOC(=O)CC(=O)C1=C(I)C=CC=C1', 'CC1=C(C(F)=CC=C1I)N(=O)=O', 'BrC1=C(C=C(I)C=C1)C#N', 'CC1=C(I)C=CC=C1N(=O)=O', 'COC(=O)C1=C(I)C=CC=C1O', 'OC(=O)C1=CC=CC(=C1I)C(F)(F)F', 'OC(=O)C1=C(I)C=C(F)C(F)=C1', 'IC1=CC=CC(=C1)C(=O)C1=CC=CC=C1', 'CC1=C(I)C=C(Cl)C(=C1)N(=O)=O', 'OC(=O)C1=CC=CC(C(O)=O)=C1I']"
3,"[0.9011189241452577, 0.6238545681118839, 0.9656292524742955]",2.593544540213775,"['OC1=C(C=O)C(I)=CC=C1', 'COC(=O)C1=CC=C(I)C=C1N(=O)=O', 'ClC1=CC(I)=CC(=C1)N(=O)=O']","['CC1=CC(Br)=C(I)C=C1Cl', 'OC(=O)C1=C(I)C(Br)=CC=C1', 'COC(=O)C1=CC(I)=C(Cl)C=C1', 'FC(F)(F)C1=C(Br)C(I)=CC=C1', 'FC(F)(F)C1=CC(I)=C(Br)C=C1', 'COC(=O)C1=CC(I)=C(Cl)C=C1C', 'FC1=CC(Cl)=C(I)C=C1', 'CCC1=CC(Br)=C(I)C=C1', 'FC1=CC(I)=C(Cl)C=C1', 'FC(F)(F)C1=CC(I)=C(Cl)C=C1', 'ClC1=C(I)C(=CC=C1)N(=O)=O', 'CC1=CC=CC(I)=C1Cl', 'FC(F)(F)C1=C(I)C(Br)=CC=C1', 'BrC1=CC=CC=C1I', 'CC1=CC(Br)=C(I)C=C1', 'OC(=O)C1=C(F)C=C(Cl)C(I)=C1', 'OC(=O)C1=C(Br)C(I)=CC=C1', 'FC1=CC=CC(I)=C1Br', 'ClC1=C(I)C=C(C=C1)C#N', 'OC(=O)C1=CC=CC(I)=C1Cl', 'CC(C)C1=CC=C(I)C(Br)=C1', 'CC(=O)C1=CC(I)=C(Br)C=C1', 'ClC1=CC(Cl)=C(I)C=C1', 'BrC1=C(I)C=C(C=O)C=C1', 'CC1=C(Br)C=CC(I)=C1Cl', 'CC1=CC(Cl)=CC(Cl)=C1I', 'BrC1=C(C=CC=C1I)C#N', 'ClC1=CC=C(Br)C=C1I']"
4,"[0.8676464788775915, 0.9057282466323808, 0.08490361229652965]",2.805364598210217,"['NC1=C(C(O)=O)C(I)=CC=C1', 'OC(=O)C1=CC=C(I)C=C1', 'OS(=O)(=O)C1=CC=C(I)C=C1']","['CC(C)(C)OC(=O)C1=CC(I)=CC=C1', 'CC1=CC(=CC=C1I)C(O)=O', 'OC(=O)C1=C(O)C=CC=C1I', 'COC(=O)C1=C(C)C(I)=CC=C1', 'ClC1=CC=CC=C1I', 'OC(=O)CCCCC(=O)C1=CC=C(I)C=C1', 'IC1=CC(I)=CC=C1', 'COC(=O)C1=C(CBr)C(I)=CC=C1', 'IC1=CC=C(C#N)C(I)=C1', 'CCOC(=O)C1=CC(I)=C(C)C=C1', 'OC(=O)C1=CC=CC(I)=C1', 'BrCC1=C(I)C(=CC=C1)N(=O)=O', 'OC(=O)C1=C(NC(=O)C2=C(I)C=CC=C2)C=CC=C1', 'IC1=CC=C(C=C1)N1C(=O)C=CC1=O', 'OC(=O)C1=CC=CC2=CC=CC(I)=C12', 'OC1=C(I)C=CC=C1N(=O)=O', 'CCOC(=O)C1=CC(I)=CC(Br)=C1', 'CCOC(=O)C1=CC2=CC=CC=C2C=C1I', 'IC1=CC=C(C=C1)C1=NC=CO1', 'NC(=O)C1=C(Cl)C=CC=C1I', 'COC1=CC=C(I)C=C1C(O)=O', 'FC1=C(C=C(Br)C=C1I)C#N', 'CC1=CC=CC(I)=C1C=O', 'CC1=CC(=CC(I)=C1)C(O)=O', 'CCOC(=O)C1=C(I)C=CC(Br)=C1', 'CCC1=CC=C(I)C=C1C(O)=O']"
5,"[0.40542248323130026, 0.890544908179314, 1.1851596614284747]",3.195604588212333,"['IC1=CC=CC2=CC3=C(C=C12)C(I)=CC=C3', 'CN(C)C1=CC=C(C=C1)\\N=N\\C1=CC=C(I)C=C1', 'CC1=CC=C(C)N1C1=C(F)C=C(I)C=C1']","['CNS(=O)(=O)C1=CC=C(I)C=C1', 'FC(F)(F)C1=C(Cl)C=CC(I)=C1', 'CON(C)C(=O)C1=CC=C(I)C=C1', 'NS(=O)(=O)C1=CC=CC(I)=C1', 'COC1=C(C(O)=O)C(I)=CC=C1', 'FC1=CC(I)=CC=C1C(F)(F)F', 'IC1=CC(=CC=C1)N1C=CN=N1', 'OS(=O)(=O)C1=CC=CC(I)=C1', 'NNC(=O)C1=CC=C(I)C=C1', 'OCC1=C(Cl)C=C(I)C=C1Cl', 'CCNC(=O)C1=CC=CC=C1I', 'COC(=O)C1=CC=C(I)C=C1', 'CS(=O)(=O)C1=CC=CC(I)=C1', 'NS(=O)(=O)C1=CC=C(I)C=C1', 'FC1=C(Cl)C=C(I)C=C1Cl', 'FC(F)(F)C1=CC(=C(I)C=C1)C(F)(F)F', 'CNC(=O)C1=CC=CC=C1I', 'CC1=C(Cl)C=C(I)C=C1Cl', 'COC(=O)C1=C(N)C=CC=C1I', 'OC(=O)CC1=C(I)C=C(Cl)C=C1', 'CC(C)(C)OC(=O)C1=C(I)C=CC=C1', 'CC1=C(Cl)C=C(I)C=C1', 'CC1=CC=C(I)C(C(O)=O)=C1F', 'OCC1=C(Cl)C=CC=C1I', 'FC(F)C1=C(I)C=CC=C1']"
6,"[0.26888320368432606, 0.5141443970126118, 0.610371127314533]",3.4935883676003114,"['C[C@@H]1CN(CCN1S(=O)(=O)C1=CC=C(I)C=C1)C(=O)C1=CC=CC=C1', 'CC(=O)CCC1=CC=C(I)C=C1', 'NC1=CC(I)=CC(CO)=C1']","['OCC1=C(I)C=C(Cl)C=C1', 'OC(=O)C1=C(NC2=CC=C(I)C=C2F)C=NC=C1', 'CCOC(=O)CC1=CC(I)=CC=C1', 'FC1=C(C=C(I)C=C1)C(F)(F)F', 'COC1=CC(I)=CC=C1I', 'CC1=CC(C)=C(I)C=C1C(O)=O', 'COC1=C(I)C=C(N)C=C1I', 'OC1=C(Cl)C(I)=CC=C1', 'OC1=CC=C(Cl)C=C1\\C=C\\C1=C(I)C=CC=C1', 'NC(=O)C1=C(I)C=CC=C1', 'IC1=CC=CC(=C1)C1=CC=CC=C1', 'CON(C)C(=O)C1=C(I)C=C(Cl)C=C1', 'OC1=C(F)C=C(I)C=C1I', 'ClCC1=CC=C(I)C=C1', 'ClC1=CC(CBr)=C(I)C=C1', 'COC(=O)C1=CC(NC(=O)C2=CC=CC=C2I)=CC=C1', 'OC1=CC=CC2=C1C=CC=C2I', 'OC(=O)C(=O)CC1=CC(I)=C(O)C(I)=C1', 'ClC1=CC2=C(C=C1)C=C(I)C=C2', 'OC(=O)C1=C(NC2=CC=C(I)C=C2Cl)C(F)=C(F)C=C1', 'OCC1=C(Cl)C=CC(I)=C1', 'COC(=O)C1=CC(N)=C(I)C=C1C', 'CC(C)(C)OC(=O)C1=C(Br)C=C(I)C=C1']"
7,"[0.6785827796541858, 0.4631778645981284, 0.6461153948262166]",3.5518208824858832,"['CC(=O)C1=CC(I)=CC=C1N', 'OC1=CC2=C(C=CC=C2I)C=C1', 'IC1=CC=CC2=C(I)C=CC=C12']","['CC1=CC(Br)=CC(I)=C1', 'COC1=CC(I)=C(Cl)C=C1', 'COC1=CC=C(C(N)=O)C(I)=C1', 'CC(=O)OC1=CC=C(I)C=C1', 'NC(CC1=CC=C(I)C=C1)C(O)=O', 'COC(=O)C1(CC1)C1=CC=C(I)C=C1', 'COC1=CC(Cl)=CC(I)=C1', 'ClCC1=C(I)C=CC=C1', 'CS(=O)(=O)NC1=CC=C(I)C=C1', 'IC1=CC(CC#N)=CC=C1', 'OCC1=CC(I)=C(CO)C=C1I', 'OB(O)C1=CC=C(I)C=C1', 'FC1=C(Cl)C=C(I)C=C1', 'CC1=CC=C(C=C1I)C(N)=N', 'OC1=CC(I)=C(Cl)C=C1', 'CC1=CC(I)=CC(F)=C1', 'OCC1=C(I)C=C(F)C=C1', 'COC1=C(Cl)C=CC(I)=C1', 'BrC1=CN=C(OC2=CC=C(I)C=C2)N=C1', 'CC(=O)NC1=C(F)C=C(I)C=C1', 'COC(=O)C1=C(I)C=CC=C1OC', 'COC(=O)C1=CC(I)=C(C)C=C1C']"
8,"[1.0883633455290571, -0.09612092193324576, 0.294538036319858]",3.7135831439688753,"['IC1=C(C=CC=C1N(=O)=O)N(=O)=O', 'OC(=O)C1=C(I)C(I)=CC(I)=C1', 'COC1=CC(I)=C(I)C=C1OC']","['COC(=O)C1=C(N)C(I)=CC(F)=C1', 'NC1(CC1)C1=CC=C(I)C=C1', 'OC(=O)CCCCC1=CC=C(I)C=C1', 'OC(=O)CCC1=CC(I)=C(O)C(I)=C1', 'OC(=O)C1=CC(I)=C(O)C(I)=C1', 'COC(=O)C1=CC=C(I)C(N)=C1', 'CC1=C(C)C(I)=C(C=C1)C(O)=O', 'CC1=C(F)C=C(F)C=C1I', 'COC(=O)C1=C(N)C(I)=CC(Cl)=C1', 'CC1=CC=C(I)C=C1Br', 'CC1=CC(I)=C(N)C(I)=C1', 'OC1=C(I)C=C(C=O)C=C1I', 'NC1=C(I)C=CC(=C1)C(O)=O', 'CC1=CC(Cl)=C(I)C=C1C', 'NC(=O)C1=C(O)C=CC(I)=C1', 'CCOC(=O)C(=CNC1=C(I)C=CC=C1)C(=O)OCC', 'CC1=CC=C(I)C=C1C1=CC(I)=CC=C1C', 'BrC1=CC2=CC=C(I)C=C2C=C1', 'COC(=O)C1=C(OC)C=C(C)C(I)=C1', 'COC(=O)C1=CC(N)=CC=C1I', 'COC1=CC=C(I)C(C(O)=O)=C1F']"
