,obj_values ['rate'],Vendi_score,eval_samples,cut_samples
0,"[1.023540888327115, 0.7236120110091279, 0.6540978591499678]",1.5295170137354652,"['OC(=O)CCC1=NN=C(O1)C1=CC=CC=C1I', 'FC1=CC(Cl)=C(I)C=C1', 'CC1=C(Br)C=CC(I)=C1Cl']",[]
1,"[0.5348822890275066, -0.127711630533752, 1.205070800665585]",1.7514060237027447,"['COC(=O)C1=C(CBr)C(I)=CC=C1', 'CCOC(=O)C1=C(I)C=CC(Br)=C1', 'CC1=C(I)C=C(C=C1F)C(O)=O']","['CC1=CC(Cl)=CC(Cl)=C1I', 'OC(=O)C1=C(I)C(Br)=CC=C1', 'FC(F)(F)C1=CC(I)=C(Br)C=C1', 'CCC1=CC(Br)=C(I)C=C1', 'FC(F)(F)C1=C(Br)C(I)=CC=C1', 'ClC1=CC(Br)=C(I)C=C1Cl', 'CC1=CC(Cl)=C(I)C=C1C', 'OC(=O)C1=CC=CC(I)=C1Cl', 'OC(=O)CC1=C(I)C=C(Cl)C=C1', 'FC(F)(F)OC1=C(I)C=C(Br)C=C1', 'CC1=CC(Br)=C(I)C=C1Cl', 'CC(C)(C)C1=CC(I)=C(Br)C=C1', 'COC(=O)C1=CC(I)=C(Cl)C=C1C', 'ClC1=CC=CC=C1I', 'ClC1=CC(CBr)=C(I)C=C1', 'ClC1=CC=C(Br)C=C1I', 'ClC1=C(I)C=C(C=C1)C#N', 'ClCC1=CC(I)=C(CCl)C=C1', 'ClC1=CC(Cl)=C(I)C=C1', 'CC1=CC=CC(I)=C1Cl', 'COC(=O)C1=CC(I)=C(Cl)C=C1', 'BrC1=CC=CC=C1I', 'OC(=O)C1=C(Br)C(I)=CC=C1', 'FC1=CC=CC(I)=C1Br', 'FC1=CC(Br)=C(I)C=C1F', 'CC1=CC(Br)=C(I)C=C1', 'OC1=C(Cl)C(I)=CC=C1', 'FC1=CC(I)=C(Cl)C=C1', 'FC(F)(F)C1=CC(I)=C(Cl)C=C1', 'CC(C)(C)C1=CC=C(I)C(Br)=C1', 'CC(C)C1=CC=C(I)C(Br)=C1']"
2,"[1.0048662139967204, 0.8444134285891008, 0.0787011763204678]",1.8949929241755032,"['IC1=CC=CC=C1CN1C=NC=N1', 'CC1=C(I)C=CC=C1CC#N', 'OC(=O)CNC(=O)C1=C(I)C=CC=C1']","['COC(=O)C1=C(I)C=C(Br)C=C1', 'CC1=CC(C)=C(I)C=C1I', 'IC1=CC=CC=C1C(=O)C1=CC=CC=C1', 'CCOC(=O)C1=CC(I)=C(C)C=C1', 'CC1=CC(C)=C(I)C=C1C(O)=O', 'COC(=O)C1=C(Cl)C=C(C)C(I)=C1', 'COC(=O)C1=C(Cl)C(O)=C(I)C=C1', 'FC(F)(F)C(=O)CC1=CC=C(I)C=C1', 'OC(=O)C1=CC(Cl)=CC=C1I', 'OC(=O)C1=C(NC(=O)C2=C(I)C=CC=C2)C=CC=C1', 'COC(=O)C1=C(I)C=CC(OC)=C1', 'CC1=C(C=CC=C1I)C#N', 'CC1=C(C=C(I)C=C1Cl)C(O)=O', 'CCC1=CC=C(I)C=C1C(O)=O', 'COC(=O)C1=CC(I)=C(C)C=C1C', 'CC1=CC(=CC(I)=C1)C(O)=O', 'CCOC(=O)C1=CC2=CC=CC=C2C=C1I', 'CC1=CC=C(C(O)=O)C(I)=C1', 'COC(=O)C1=CC=CC=C1I', 'OC(=O)C1=C(I)C=CC(Br)=C1', 'COC(=O)C1=C(I)C=CC=C1O', 'CC(C)(C)OC(=O)C1=CC(I)=CC=C1', 'CCOC(=O)CC(=O)C1=C(I)C=CC=C1', 'OC(=O)C1=C(I)C=C(F)C(F)=C1', 'CC1=CC(C(O)=O)=C(I)C=C1', 'CCOC(=O)C1=CC(I)=CC(Br)=C1', 'OC(=O)C1=CC=CC2=CC=CC(I)=C12', 'CC1=C(I)C(=CC(Br)=C1)C(O)=O', 'OC(=O)C1=CC(I)=C(C=C1)C(F)(F)F']"
3,"[-0.4219737684407845, 0.6407268000820044, -1.392481136628752]",2.1912234445306904,"['CC1=CC(C)=C(C)C(I)=C1C', 'CC1=CC(=CC=C1I)C(O)=O', 'CC(C)C1=CC=CC(C(C)C)=C1I']","['OCC1=C(I)C=C(Cl)C=C1', 'OCC1=C(Cl)C=CC=C1I', 'CC(C)(C)OC(=O)C1=C(I)C=CC=C1', 'NC(=O)C1=C(Cl)C=CC=C1I', 'IC1=C(C=CC=C1)C(=O)N1CCCC1', 'COC(=O)C1=C(C)C(I)=CC=C1', 'ClC1=CC=C(CBr)C(I)=C1', 'OC(=O)CC1=CC=CC=C1I', 'CNC(=O)C1=CC=CC=C1I', 'IC1=C(C=CC=C1)C(=O)NC1CCCC1', 'OCC1=C(I)C=C(F)C=C1', 'ClCC1=C(I)C=CC=C1', 'COC(OC)C1=C(I)C=CC=C1', 'CCCNC(=O)C1=CC=CC=C1I', 'CC1=CC=C(I)C(C(O)=O)=C1F', 'CCOC(=O)CC1=C(I)C=CC=C1', 'OC(=O)CCC1=CC=CC=C1I', 'CON(C)C(=O)C1=C(I)C=C(Cl)C=C1', 'COC(=O)CC1=C(I)C=CC=C1', 'FC(F)C1=C(I)C=CC=C1', 'NC(=O)C1=C(I)C=CC=C1', 'CCNC(=O)C1=CC=CC=C1I', 'IC1=C(C=CC=C1)C1=CC=CC=C1', 'NC(=O)CC1=C(I)C=CC=C1', 'IC1=C(C=CC=C1)C(=O)NCC1=CC=CC=C1', 'CC1=CC=C(C=C1I)C(N)=N', 'NC(=O)C1=C(I)C=CC(Br)=C1F', 'OC(=O)C1(CC1)C1=C(I)C=CC=C1']"
4,"[0.6238545681118839, 0.9656292524742955, 0.5880674878982872]",2.3736440733610356,"['COC(=O)C1=CC=C(I)C=C1N(=O)=O', 'ClC1=CC(I)=CC(=C1)N(=O)=O', 'OC(=O)C1=CC=CC(I)=C1']","['COC(=O)C1=CC=CC(C)=C1I', 'CC1=C(C)C(I)=C(C=C1)C(O)=O', 'CNCC1=C(I)C=CC=C1', 'CC(C)(C)C1=C(I)C=CC=C1', 'CCCC1=C(I)C=CC=C1', 'CC(C)(O)C1=C(I)C=CC=C1', 'CC1=CC=CC(I)=C1CO', 'NCC1=CC=CC=C1I', 'BrC(C1=CC=CC=C1)C1=C(I)C=CC=C1', 'OCC1=C(I)C=CC(F)=C1', 'CC1=CC(I)=C(CO)C=C1', 'FC(F)(F)OC1=CC=CC=C1I', 'C[C@H](O)C1=C(I)C=CC(F)=C1', 'CC1=CC(I)=C(CO)C=C1C', 'CC(=O)OC1=CC(C)=C(I)C(C)=C1', 'FC(F)(F)C(=O)NC1=CC=CC=C1I', 'IC1=CC=CC=C1C1=CC=CC=C1I', 'OCC1=CC(I)=C(CO)C=C1I', 'CC1=C(F)C=C(F)C=C1I', 'CC1=CC(I)=C(C)C=C1', 'COC1=C(C)C(I)=CC=C1C', 'CC1=CC=CC(Cl)=C1I', 'CC1=CC(Br)=C(C)C=C1I', 'CC1=C(I)C=C(CO)C=C1', 'CC1=C(I)C=CC=C1', 'CC1=CC(Br)=CC=C1I']"
5,"[0.6030487937619385, 0.08141280838661125, 0.4839376227244957]",2.6272108408765305,"['COC(=O)C1=CC(I)=C(N)C(=C1)N(=O)=O', 'COC1=CC([C@@H](O)C(C)(C)C)=C(C=C1I)N(=O)=O', 'OC1=C(I)C=C(C=C1N(=O)=O)C#N']","['CCOC(=O)C1=CC=C(I)C=C1F', 'CC(C)C1=C(I)C=CC(Br)=C1', 'CC1=C(I)C=CC=C1N(=O)=O', 'COC1=C(C(O)=O)C(I)=CC=C1', 'IC1=CC=C(C=C1)C1=NC=CO1', 'IC1=CC=CC(=C1)C(=O)C1=CC=CC=C1', 'FC1=C(Cl)C=CC(I)=C1C=O', 'IC1=CC(=CC=C1)N1C=CN=N1', 'OC(=O)C1=C(I)C=C(C=C1)C#N', 'OC(=O)C1=CC=CC(C(O)=O)=C1I', 'ClC1=C(I)C=C(C=O)C=C1', 'OC(=O)C1=CC=C(I)C(=C1)C(F)(F)F', 'OC(=O)CCCCC(=O)C1=CC=C(I)C=C1', 'COC(=O)C1=C(O)C=C(I)C(Cl)=C1', 'BrC1=C(C=C(I)C=C1)C#N', 'IC1=CC(I)=CC=C1', 'COC1=C(I)C=C(C=C1I)C#N', 'CCOC(=O)C1=CC(I)=C(C=C1)C#N', 'CC1=CC=CC(I)=C1C=O', 'CC1=C(C(F)=CC=C1I)N(=O)=O', 'COC1=C(OC)C(I)=CC(C=O)=C1', 'CC1=C(I)C=C(Cl)C(=C1)N(=O)=O', 'CC(=O)C1=CC(I)=CC=C1', 'CC(=O)CCC1=CC=C(I)C=C1', 'IC1=CC=C(C#N)C(I)=C1']"
6,"[0.5626618144033346, 1.198684809188364, 0.7779474447258767]",2.718902376904722,"['FC1=CC=CC(I)=C1C#N', 'FC1=CC(I)=C(C=C1)C#N', 'OS(=O)(=O)C1=CC=CC(I)=C1']","['CCOC1=C(O)C(I)=CC(C=O)=C1', 'COC(=O)C1=CC(NC(=O)C2=CC=CC=C2I)=CC=C1', 'COC1=C(C=C(Cl)C(C)=C1I)C(C)=O', 'COC(=O)C1=CC=C(I)C(N)=C1', 'CCOC(=O)C1=CC(OCC)=C(I)C=C1', 'CC(=O)C1=CC(I)=C(O)C=C1', 'CC1=CC(O)=C(I)C=C1N(=O)=O', 'OC(=O)C1=CC(OC(F)(F)F)=C(I)C=C1', 'OC(=O)C1=CC(I)=C(O)C(I)=C1', 'CC(Cl)C(=O)NC1=CC=CC=C1I', 'COC1=CC(I)=C(C=O)C=C1OC', 'COC1=CC=C(I)C=C1C(O)=O', 'ClC1=CC2=C(C=C1)C=C(I)C=C2', 'OC1=C(I)C=C(C=O)C=C1I', 'CC1=C(C(I)=CC=C1)N(=O)=O', 'OC1=C(C=O)C(I)=CC=C1', 'OC(=O)C(=O)CC1=CC(I)=C(O)C(I)=C1', 'ClCC(=O)NC1=CC=CC=C1I', 'COC1=CC(C=O)=CC(I)=C1O', 'OC1=C(I)C=CC=C1N(=O)=O', 'COC1=CC=C(I)C(C(O)=O)=C1F', 'CC(C)C1=CC=C(I)C(=C1)N(=O)=O', 'COC(=O)C1=C(OC)C=C(C)C(I)=C1']"
7,"[1.0802002409619185, 0.3003282067106272, 0.9057282466323808]",2.74457402903052,"['FC1=CC(I)=CC=C1C(F)(F)F', 'CC1=CC(I)=CC(F)=C1', 'OC(=O)C1=CC=C(I)C=C1']","['CS(=O)(=O)C1=CC=CC(I)=C1', 'NS(=O)(=O)C1=CC=C(I)C=C1', 'FC1=C(Cl)C=C(I)C=C1Cl', 'CON(C)C(=O)C1=CC=C(I)C=C1', 'OCC1=C(Cl)C=C(I)C=C1Cl', 'FC1=C(Cl)C=C(I)C=C1', 'NNC(=O)C1=CC=C(I)C=C1', 'CC(=O)OC1=CC=C(I)C=C1', 'FC(F)(F)C1=C(Cl)C=CC(I)=C1', 'CC1=C(Cl)C=C(I)C=C1Cl', 'OS(=O)(=O)C1=CC=C(I)C=C1', 'ClCC1=CC=C(I)C=C1', 'FC1=C(C=C(I)C=C1)C(F)(F)F', 'CNS(=O)(=O)C1=CC=C(I)C=C1', 'COC(=O)C1=CC=C(I)C=C1', 'CC1=CC(Br)=CC(I)=C1', 'CC1=C(Cl)C=C(I)C=C1', 'OC1=CC(I)=C(C=C1)N(=O)=O', 'NS(=O)(=O)C1=CC=CC(I)=C1', 'IC1=CC(CC#N)=CC=C1', 'FC(F)(F)C1=CC(=C(I)C=C1)C(F)(F)F', 'OCC1=CC(=C(I)C=C1)N(=O)=O']"
8,"[-0.5057879574331279, 0.4592475894180943, 1.1539729119520985]",2.9569745097137172,"['FC(F)(F)C1=CC(Cl)=C(I)C(Cl)=C1', 'OC(=O)C1=CC(Cl)=C(I)C(Cl)=C1', 'ClC1=CC(=CC=C1I)N(=O)=O']","['CCC1=CC=C(I)C=C1', 'FC(F)(F)C1=C(I)C=CC(Br)=C1', 'CC1=CC=C(I)C=C1', 'OC1=C(F)C=C(I)C=C1I', 'CCOC(=O)CC1=CC(I)=CC=C1', 'IC1=CC=CC(=C1)C1=CC=CC=C1', 'ClC1=CC=C(I)C=C1', 'FC(F)(F)C(F)(C1=CC=C(I)C=C1)C(F)(F)F', 'NCC1=CC(I)=CC=C1', 'CC1=CC=C(I)C=C1Br', 'IC1=CC=C(CC#C)C=C1', 'NC(CC1=CC=C(I)C=C1)C(O)=O', 'OB(O)C1=CC(I)=CC=C1', 'IC1=CC=C(C=C1)C(=O)N1CCOCC1', 'CC1=CC=CC(I)=C1', 'FC(F)C1=CC=C(I)C=C1', 'BrCC1=CC(I)=CC=C1', 'OB(O)C1=CC=C(I)C=C1', 'CC(=O)NC(CC1=CC=C(I)C=C1)C(O)=O', 'CS(=O)(=O)NC1=CC=C(I)C=C1', 'OCC1=C(Cl)C=CC(I)=C1']"
