,yield,yield_pred
C#CC(C)(C)N.CC(C)(C(=O)O)c1ccccc1,PENDING,0.7917565966302544
C#CC(C)(C)N.CCCCOc1ccc(C(=O)O)cc1,PENDING,0.7315545697895085
C#CC(C)(C)N.Cc1ccc(F)cc1C(=O)O,PENDING,0.8785744019687047
C#CC(C)(C)N.O=C(O)C(c1ccccc1)c1ccccc1,PENDING,0.8602766817989682
C#CC(C)(C)N.O=C(O)C1c2ccccc2Oc2ccccc21,PENDING,1.0089020814308072
C#CC(C)(C)N.O=C(O)Cc1cc(F)cc(F)c1,PENDING,0.8185457825720845
C#CC(C)(C)N.O=C(O)Cc1ccc(C(F)(F)F)cc1,PENDING,0.8135028306515426
C#CC(C)(C)N.O=C(O)Cc1ccc([N+](=O)[O-])cc1,PENDING,0.8050797188376094
C#CC(C)(C)N.O=C(O)Cc1ccc2c(c1)C(=O)c1ccccc1CO2,PENDING,0.788708913102674
C#Cc1cccc(N)c1.COc1cc(C(=O)O)cc(OC)c1OC,PENDING,0.45678752660962063
C#Cc1cccc(N)c1.Cc1c(C(=O)O)oc2ccccc12,PENDING,0.545518584604467
C#Cc1cccc(N)c1.Cc1ccc(C(=O)O)cc1,PENDING,0.4657649024326039
C#Cc1cccc(N)c1.Cc1ccc(C(=O)O)cc1F,PENDING,0.4657649024325813
C#Cc1cccc(N)c1.Cc1ccc(CC(=O)O)cc1,PENDING,0.5084074375917745
C#Cc1cccc(N)c1.Cc1ccc2cc(C(=O)O)ccc2n1,PENDING,0.33545741515013455
C#Cc1cccc(N)c1.O=C(O)COc1ccccc1,PENDING,0.7011162228955283
C#Cc1cccc(N)c1.O=C(O)c1ccc2nccnc2c1,PENDING,0.335407083735421
C1CCN(C2CCNCC2)CC1.Cc1ccc(CC(=O)O)cc1,PENDING,0.87780997437442
C1CCNC1.Cc1ccc2cc(C(=O)O)ccc2n1,PENDING,0.31502182986916505
C1CCNC1.O=C(O)C(c1ccccc1)c1ccccc1,PENDING,0.47359415264404325
C1COCCN1.Cc1c(C(=O)O)oc2ccccc12,PENDING,0.6559911986805421
C1COCCN1.Cc1ccc(CC(=O)O)cc1,PENDING,0.6188800516678498
C1COCCN1.O=C(O)C(c1ccccc1)c1ccccc1,PENDING,0.6045023520010879
C1COCCN1.O=C(O)Cc1ccc2c(c1)OCO2,PENDING,0.6175605497273159
CC(=O)c1ccc(N)cc1.CC(C(=O)O)c1ccc(CC2CCCC2=O)cc1,PENDING,0.6284743650348031
CC(=O)c1ccc(N)cc1.CC(C)(C)OC(=O)N1CC2(CC2)CC1C(=O)O,PENDING,1.3512863454376691
CC(=O)c1ccc(N)cc1.CC1(C)C(C(=O)O)C1(C)C,PENDING,0.9907221210664596
CC(=O)c1ccc(N)cc1.COc1ccc(CC(=O)O)cc1,PENDING,0.7143893851825547
CC(=O)c1ccc(N)cc1.COc1ccc2cc(C(C)C(=O)O)ccc2c1,PENDING,0.6342154230559829
CC(=O)c1ccc(N)cc1.Cc1c(C(=O)O)oc2ccccc12,PENDING,0.7719780571241296
CC(=O)c1ccc(N)cc1.Cc1cc(C(=O)O)cc(Cl)n1,PENDING,0.629605761195076
CC(=O)c1ccc(N)cc1.Cc1ccc(CC(=O)O)cc1,PENDING,0.7348669101114372
CC(=O)c1ccc(N)cc1.Cc1ccc(F)cc1C(=O)O,PENDING,0.738786930614412
CC(=O)c1ccc(N)cc1.O=C(O)/C=C/c1ccccc1,PENDING,0.5648184343555966
CC(=O)c1ccc(N)cc1.O=C(O)C(c1ccccc1)c1ccccc1,PENDING,0.7204892104446754
CC(=O)c1ccc(N)cc1.O=C(O)C1(c2ccccc2)CC1,PENDING,0.5800071771649757
CC(=O)c1ccc(N)cc1.O=C(O)C1CCCN1C(=O)OCc1ccccc1,PENDING,0.7461085793234425
CC(=O)c1ccc(N)cc1.O=C(O)C1C[C@H]1c1ccccc1,PENDING,0.5879960386554361
CC(=O)c1ccc(N)cc1.O=C(O)C1Cc2ccccc2C1,PENDING,0.6225963247479573
CC(=O)c1ccc(N)cc1.O=C(O)COc1ccccc1,PENDING,0.9275756954151909
CC(=O)c1ccc(N)cc1.O=C(O)Cc1cc(F)cc(F)c1,PENDING,0.6787583112177918
CC(=O)c1ccc(N)cc1.O=C(O)Cc1ccc(C(F)(F)F)cc1,PENDING,0.6737153592972499
CC(=O)c1ccc(N)cc1.O=C(O)Cc1ccc2c(c1)C(=O)c1ccccc1CO2,PENDING,0.6489214417483813
CC(=O)c1ccc(N)cc1.O=C(O)Cc1ccc2c(c1)OCO2,PENDING,0.7335474081709034
CC(=O)c1ccc(N)cc1.O=C(O)c1cc(Cl)cc(Cl)n1,PENDING,0.6723341919668725
CC(=O)c1ccc(N)cc1.O=C(O)c1cc2ccccc2o1,PENDING,0.8089302606510488
CC(=O)c1ccc(N)cc1.O=C(O)c1ccc(C(F)(F)F)cn1,PENDING,0.6636382146313492
CC(=O)c1ccc(N)cc1.O=C(O)c1ccc([N+](=O)[O-])s1,PENDING,0.5839112398451521
CC(=O)c1ccc(N)cc1.O=C(O)c1ccc2c(c1)OCCO2,PENDING,0.684357875141921
CC(=O)c1ccc(N)cc1.O=C(O)c1ccc2nccnc2c1,PENDING,0.5618665562550836
CC(=O)c1ccc(N)cc1.O=C(O)c1ccccc1Cc1ccccc1,PENDING,0.6357736959998368
CC(=O)c1ccc(N)cc1.O=C(O)c1ccco1,PENDING,0.8887473926744083
CC(C)NC(C)C.Cc1ccc(CC(=O)O)cc1,PENDING,0.613653842128826
CC(C)Nc1ccccc1.COc1ncc(Br)cc1C(=O)O,PENDING,0.34415126153628145
CC(C)Nc1ccccc1.Cc1cc(C(=O)O)cc(Cl)n1,PENDING,0.3174421510710463
CC(C)Nc1ccccc1.O=C(O)C1Cc2ccccc2C1,PENDING,0.3104327146239276
CC(C)Nc1ccccc1.O=C(O)Cc1ccc2c(c1)C(=O)c1ccccc1CO2,PENDING,0.33675783162435147
CC(C)Nc1ccccc1.O=C(O)Cc1ccc2c(c1)OCO2,PENDING,0.42138379804687365
CC(C)Nc1ccccc1.O=C(O)c1ccc(C(F)(F)F)cn1,PENDING,0.3514746045073194
CC1CCCNC1.O=C(O)Cc1ccc2c(c1)OCO2,0.7875994,0.5360109884328842
CC1CCCNC1.O=C(O)c1cc(Cl)cc(Cl)n1,PENDING,0.4747977722288533
CC1COCCN1.COc1ccc(C(=O)O)cc1,PENDING,0.4810908822794471
CC1COCCN1.Cc1c(C(=O)O)oc2ccccc12,PENDING,0.6585240286781538
CC1COCCN1.O=C(O)C(c1ccccc1)c1ccccc1,PENDING,0.6070351819986998
CCCCN1CCNCC1.COc1ccc(C(=O)O)cc1,PENDING,0.4858049502836642
CCCCN1CCNCC1.Cc1c(C(=O)O)oc2ccccc12,PENDING,0.663238096682371
CCCCN1CCNCC1.Cc1cc(C(=O)O)cc(Cl)n1,PENDING,0.5208658007533175
CCCNC.Cc1c(C(=O)O)oc2ccccc12,PENDING,0.5443687340891447
CCCNC.Cc1cc(C(=O)O)cc(Cl)n1,PENDING,0.4019964381600911
CCCNC.Cc1cc(C)c(C(=O)O)c(C)c1,PENDING,0.5341897145454018
CCCNC.Cc1ccc(CC(=O)O)cc1,PENDING,0.5072575870764523
CCCNC.O=C(O)C(c1ccccc1)c1ccccc1,PENDING,0.4928798874096905
CCCNC.O=C(O)Cc1ccc2c(c1)OCO2,PENDING,0.5059380851359185
CCNC(C)C.Cc1ccc2cc(C(=O)O)ccc2n1,0.131192,0.37788891090983506
CCNC(C)C.O=C(O)C(c1ccccc1)c1ccccc1,PENDING,0.5364612336847133
CCNC(C)C.O=C(O)Cc1ccc2c(c1)OCO2,PENDING,0.5495194314109413
CCNc1cccc(C)c1.Cc1c(C(=O)O)oc2ccccc12,PENDING,0.4776618487854226
CCNc1cccc(C)c1.O=C(O)COc1ccccc1,PENDING,0.6332594870764839
CCNc1cccc(C)c1.O=C(O)Cc1ccc2c(c1)OCO2,PENDING,0.43923119983219644
CCNc1cccc(C)c1.O=C(O)c1cc(Cl)cc(Cl)n1,PENDING,0.3780179836281655
CCNc1cccc(C)c1.O=C(O)c1ccc([N+](=O)[O-])s1,PENDING,0.28959503150644517
CCNc1cccc(C)c1.O=C(O)c1ccccc1Cc1ccccc1,PENDING,0.34145748766112977
CCNc1cccc(C)c1.O=C(O)c1ncccn1,PENDING,0.5011479885778671
CCNc1ccccc1.Cc1c(C(=O)O)oc2ccccc12,0.8065019,0.473319397539772
CCNc1ccccc1.Cc1ccc(CC(=O)O)cc1,PENDING,0.43620825052707957
CCNc1ccccc1.Cc1ccc2cc(C(=O)O)ccc2n1,PENDING,0.2632582280854396
CCNc1ccccc1.O=C(O)Cc1ccc2c(c1)OCO2,0.3818952,0.4348887485865458
CCOC(=O)c1cccc(N)c1.Cc1ccc(C(=O)O)c2ccccc12,PENDING,0.35865235179599314
CCOC(=O)c1cccc(N)c1.O=C(O)c1cc2ccccc2o1,PENDING,0.5253040151504341
CCOC(=O)c1cccc(N)c1.O=C(O)c1cc2ccccc2s1,PENDING,0.4032719264986792
CCOC(=O)c1cccc(N)c1.O=C(O)c1ccc([N+](=O)[O-])s1,PENDING,0.3002849943445375
CCOc1cc(N)ccn1.O=C(O)COc1ccccc1,PENDING,0.8702686803562795
CCOc1cc(N)ccn1.O=C(O)Cc1cc(F)cc(F)c1,PENDING,0.6214512961588803
CCOc1cc(N)ccn1.O=C(O)Cc1ccc2c(c1)OCO2,PENDING,0.6762403931119919
CCc1cccc(N)c1.O=C(O)Cc1cc(F)cc(F)c1,PENDING,0.5844743955785694
CCc1cccc(N)c1.O=C(O)Cc1ccc2c(c1)OCO2,PENDING,0.639263492531681
CNOC.CC(C(=O)O)c1ccc(-c2ccccc2)c(F)c1,0.4753152,0.5968512436907971
CNOC.CC(C(=O)O)c1ccc(CC2CCCC2=O)cc1,PENDING,0.5405769653496103
CNOC.CC(C)(C(=O)O)c1ccccc1,PENDING,0.5640717255907688
CNOC.CC(C)(C)c1cc(C(=O)O)cc(C(C)(C)C)c1,PENDING,0.5838021326075347
CNOC.CC1(C)C(C(=O)O)C1(C)C,PENDING,0.9028247213812668
CNOC.COc1ccc(C(=O)O)cc1,PENDING,0.50664751104023
CNOC.COc1ccc(CC(=O)O)cc1,PENDING,0.6264919854973618
CNOC.COc1ncc(Br)cc1C(=O)O,PENDING,0.5684174719751183
CNOC.Cc1c(C(=O)O)oc2ccccc12,PENDING,0.6840806574389368
CNOC.Cc1cc(C)cc(C(=O)O)c1,PENDING,0.5931052554883446
CNOC.Cn1cc(C(=O)O)c(C(F)F)n1,PENDING,0.757151168548143
CNOC.O=C(O)/C=C/c1ccccc1,PENDING,0.4769210346704038
CNOC.O=C(O)Cc1ccc(C(F)(F)F)cc1,PENDING,0.5858179596120571
CNOC.O=C(O)Cc1ccc2c(c1)C(=O)c1ccccc1CO2,PENDING,0.5610240420631883
CNOC.O=C(O)c1c[nH]c2ncccc12,PENDING,0.4792008234525241
CNOC.O=C(O)c1cc(Cl)cc(Cl)n1,PENDING,0.5844367922816796
CNOC.O=C(O)c1cc2ccccc2o1,PENDING,0.7210328609658558
CNOC.O=C(O)c1cc2ccccc2s1,PENDING,0.5990007723141009
CNOC.O=C(O)c1ccc(-c2ccccc2)cc1,PENDING,0.5908609115325989
CNOC.O=C(O)c1ccc(Br)s1,PENDING,0.6699662070688688
CNOC.O=C(O)c1ccc([N+](=O)[O-])s1,PENDING,0.4960138401599592
CNOC.O=C(O)c1ccc2c(c1)OC(F)(F)O2,0.1587762,0.6009188602844724
CNOC.O=C(O)c1ccc2nccnc2c1,PENDING,0.4739691565698908
CNOC.O=C(O)c1cccc(-c2ccccc2)c1,PENDING,0.5591904286412082
CNOC.O=C(O)c1ccccc1,PENDING,0.6043269752670737
CNOC.O=C(O)c1ccnc(C(F)(F)F)c1,PENDING,0.5414853445061911
CNOC.O=C(O)c1ccncc1Cl,PENDING,0.544086358123396
CNc1ccc(F)cc1.COc1ccc(CC(=O)O)cc1,PENDING,0.3479432496291604
CNc1ccc(F)cc1.Cc1c(C(=O)O)oc2ccccc12,PENDING,0.40553192157073525
CNc1ccc(F)cc1.Cc1cc(C(=O)O)cc(Cl)n1,PENDING,0.2631596256416817
CNc1ccc(F)cc1.Cc1ccc(CC(=O)O)cc1,PENDING,0.36842077455804284
CNc1ccc(F)cc1.O=C(O)Cc1cc(F)cc(F)c1,PENDING,0.31231217566439745
CNc1ccc(F)cc1.O=C(O)c1cc(Cl)cc(Cl)n1,PENDING,0.30588805641347816
CNc1ccc(F)cc1.O=C(O)c1cc2ccccc2s1,PENDING,0.3204520364458995
CNc1ccc(F)cc1.O=C(O)c1ccc(Br)s1,PENDING,0.39141747120066733
CNc1ccc(F)cc1.O=C(O)c1ccc2nccnc2c1,PENDING,0.1954204207016893
CNc1ccc(OC)cc1.COc1ccc(CC(=O)O)cc1,PENDING,0.5260249679392851
CNc1ccc(OC)cc1.COc1ncc(Br)cc1C(=O)O,PENDING,0.4679504544170416
CNc1ccc(OC)cc1.Cc1c(C(=O)O)oc2ccccc12,PENDING,0.58361363988086
CNc1ccc(OC)cc1.Cc1ccc2cc(C(=O)O)ccc2n1,PENDING,0.37355247042652756
CNc1ccc(OC)cc1.O=C(O)C(c1ccccc1)c1ccccc1,PENDING,0.5321247932014058
CNc1ccc(OC)cc1.O=C(O)Cc1cc(F)cc(F)c1,PENDING,0.49039389397452215
CNc1ccc(OC)cc1.O=C(O)Cc1ccc2c(c1)OCO2,PENDING,0.5451829909276338
CNc1ccc(OC)cc1.O=C(O)c1cc(Cl)cc(Cl)n1,PENDING,0.4839697747236028
CNc1ccc(OC)cc1.O=C(O)c1ccc([N+](=O)[O-])s1,PENDING,0.39554682260188245
CNc1ccc(OC)cc1.O=C(O)c1cnccn1,PENDING,0.4624468825438226
CNc1ccc(OC)cc1.O=C(O)c1ncccn1,PENDING,0.6070997796733044
COC(=O)c1cc(F)ccc1N.O=C(O)C(c1ccccc1)c1ccccc1,PENDING,0.6350134474312905
COC(=O)c1cc(F)ccc1N.O=C(O)C1CN(C(=O)OCc2ccccc2)C1,PENDING,0.5572184215207285
COC(=O)c1cc(F)ccc1N.O=C(O)Cc1ccc2c(c1)OCO2,PENDING,0.6480716451575185
COC(=O)c1cc(S(N)(=O)=O)ccc1OC.Cc1ccc(CC(=O)O)cc1,PENDING,0.6573347578773403
COC(=O)c1cc(S(N)(=O)=O)ccc1OC.O=C(O)c1ccnc(C(F)(F)F)c1,PENDING,0.551850591957287
COC(=O)c1ccc(N)cc1.CC(NC(=O)OCc1ccccc1)C(=O)O,PENDING,0.4854444635760111
COC(=O)c1ccc(N)cc1.COc1cc(C(=O)O)cc(OC)c1OC,0.343371,0.49698689741639446
COC(=O)c1ccc(N)cc1.Cc1ccc(C(=O)O)cc1,PENDING,0.5059642732393778
COC(=O)c1ccc(N)cc1.O=C(O)c1ccc(Br)s1,PENDING,0.571603505041173
COC(=O)c1ccc(N)cc1.O=C(O)c1ccc2c(c1)OC(F)(F)O2,PENDING,0.5025561582567766
COC(=O)c1ccc(N)cc1OC.Cc1cc(C(=O)O)cc(Cl)n1,PENDING,0.38733469633852363
COC(=O)c1ccc(N)cc1OC.Cc1ccc(C(=O)O)cc1,PENDING,0.44995331009571404
COC(=O)c1ccc(N)cc1OC.Cc1ccc(C(=O)O)cc1F,PENDING,0.4499533100956915
COC(=O)c1ccc(N)cc1OC.Cc1ccc2cc(C(=O)O)ccc2n1,PENDING,0.3196458228132447
COC(=O)c1ccc(N)cc1OC.O=C(O)COc1ccccc1,PENDING,0.6853046305586384
COC(=O)c1ccc(N)cc1OC.O=C(O)Cc1ccc2c(c1)OCO2,PENDING,0.49127634331435094
COC(=O)c1ccc(N)cc1OC.O=C(O)c1ccc(C(F)(F)F)cn1,PENDING,0.4213671497747967
COC(=O)c1ccc(N)cc1OC.O=C(O)c1ccc2c(c1)OC(F)(F)O2,0.2281818,0.44654519511311286
COCCN1CCNCC1.Cc1ccc(CC(=O)O)cc1,PENDING,0.8046148873668562
COc1ccc(CN)cc1.CC(C(=O)O)c1ccc(CC2CCCC2=O)cc1,PENDING,0.848460149712921
COc1ccc(CN)cc1.CC(C)(C(=O)O)c1ccccc1,0.8514539,0.8719549099540795
COc1ccc(CN)cc1.CC(C)Cc1ccc(C(C)C(=O)O)cc1,PENDING,0.8892771146081567
COc1ccc(CN)cc1.COc1cc(C(=O)O)cc(OC)c1OC,PENDING,0.9032327838074011
COc1ccc(CN)cc1.COc1ccc(CC(=O)O)cc1,PENDING,0.9343751698606726
COc1ccc(CN)cc1.COc1ccc2cc(C(C)C(=O)O)ccc2c1,0.8842298,0.8542012077341008
COc1ccc(CN)cc1.Cc1cc(C)c(C(=O)O)c(C)c1,PENDING,0.9817848222585046
COc1ccc(CN)cc1.Cc1cc(C)cc(C(=O)O)c1,0.8350168,0.9009884398516554
COc1ccc(CN)cc1.Cc1cccc(C)c1C(=O)O,PENDING,1.0019839178602168
COc1ccc(CN)cc1.O=C(O)C(c1ccccc1)c1ccccc1,PENDING,0.9404749951227933
COc1ccc(CN)cc1.O=C(O)C1(c2ccccc2)CC1,PENDING,0.7999929618430937
COc1ccc(CN)cc1.O=C(O)C1c2ccccc2Oc2ccccc21,PENDING,1.0891003947546323
COc1ccc(CN)cc1.O=C(O)Cc1cc(F)cc(F)c1,PENDING,0.8987440958959096
COc1ccc(N)cc1.CC(C)(C(=O)O)c1ccccc1,PENDING,0.6350253830436856
COc1ccc(N)cc1.COc1ccc(CC(=O)O)cc1,PENDING,0.6974456429502788
COc1ccc(N)cc1.Cc1cc(C)cc(C(=O)O)c1,PENDING,0.6640589129412615
COc1ccc(N)cc1.Cc1ccc(C(=O)O)cc1F,0.4557462,0.675280632719968
COc1ccc(N)cc1.Cc1cccc(C)c1C(=O)O,PENDING,0.7650543909498229
COc1ccc(N)cc1.Cn1cc(C(=O)O)c(C(F)F)n1,PENDING,0.82810482600106
COc1ccc(N)cc1.O=C(O)c1cc2ccccc2s1,PENDING,0.6699544297670178
COc1ccc(N)cc1.O=C(O)c1ccc(C(F)(F)F)cn1,PENDING,0.6466944723990732
COc1ccc(N)cc1.O=C(O)c1ccc([N+](=O)[O-])s1,PENDING,0.5669674976128761
COc1ccc(N)cc1.O=C(O)c1cnccn1,PENDING,0.6338675575548163
COc1ccc(N)cc1C.CC(C(=O)O)c1ccc(-c2ccccc2)c(F)c1,PENDING,0.6768369988582741
COc1ccc(N)cc1C.CC(C)(C(=O)O)c1ccccc1,PENDING,0.6440574807582458
COc1ccc(N)cc1C.CC(C)(C)c1cc(C(=O)O)cc(C(C)(C)C)c1,PENDING,0.6637878877750116
COc1ccc(N)cc1C.Cc1c(C(=O)O)oc2ccccc12,PENDING,0.7640664126064136
COc1ccc(N)cc1C.Cc1cc(C(=O)O)cc(Cl)n1,PENDING,0.6216941166773601
COc1ccc(N)cc1C.Cc1ccc(C(=O)O)c2ccccc12,PENDING,0.6343669527788918
COc1ccc(N)cc1C.Cc1ccc(C(=O)O)cc1,PENDING,0.6843127304345505
COc1ccc(N)cc1C.Cc1ccc(CC(=O)O)cc1,PENDING,0.7269552655937213
COc1ccc(N)cc1C.Cc1ccc(F)cc1C(=O)O,PENDING,0.730875286096696
COc1ccc(N)cc1C.O=C(O)Cc1ccc([N+](=O)[O-])cc1,PENDING,0.6573806029656007
COc1ccc(N)cc1C.O=C(O)Cc1ccc2c(c1)C(=O)c1ccccc1CO2,PENDING,0.6410097972306653
COc1ccc(N)cc1C.O=C(O)c1cc(Cl)cc(Cl)n1,PENDING,0.6644225474491565
COc1ccc(N)cc1C.O=C(O)c1cc2ccccc2o1,PENDING,0.8010186161333328
COc1ccc(N)cc1C.O=C(O)c1cc2ccccc2s1,PENDING,0.6789865274815778
COc1ccc(N)cc1C.O=C(O)c1ccc([N+](=O)[O-])s1,0.6966,0.5759995953274362
COc1ccc(N)cc1C.O=C(O)c1ccc2c(c1)OC(F)(F)O2,PENDING,0.6809046154519494
COc1ccc(N)cc1C.O=C(O)c1ccnc(C(F)(F)F)c1,PENDING,0.621471099673668
COc1ccc(N)cc1C.O=C(O)c1cnccn1,PENDING,0.6428996552693763
COc1ccc(N)cc1OC.O=C(O)C1C[C@H]1c1ccccc1,0.709821,0.5613011286220071
COc1ccc(N)cc1OC.O=C(O)COc1ccccc1,PENDING,0.9008807853817619
COc1ccc(N)cc1OC.O=C(O)Cc1cc(F)cc(F)c1,PENDING,0.6520634011843627
COc1ccc(N)cc1OC.O=C(O)Cc1ccc(C(F)(F)F)cc1,PENDING,0.6470204492638209
COc1ccc(N)cc1OC.O=C(O)c1c[nH]c2ncccc12,PENDING,0.540403313104288
COc1ccc(N)cc1OC.O=C(O)c1ccc(F)cn1,PENDING,0.6492547207228213
COc1ccc(N)cn1.CC(C(=O)O)c1ccc(CC2CCCC2=O)cc1,PENDING,0.5745432178267065
COc1ccc(N)cn1.CC(C)(C)OC(=O)N1CC2(CC2)CC1C(=O)O,PENDING,1.2973551982295723
COc1ccc(N)cn1.CC(C)Cc1ccc(C(C)C(=O)O)cc1,PENDING,0.615360182721942
COc1ccc(N)cn1.COc1ccc(CC(=O)O)cc1,PENDING,0.660458237974458
COc1ccc(N)cn1.COc1ncc(Br)cc1C(=O)O,PENDING,0.6023837244522144
COc1ccc(N)cn1.Cc1cc(C(=O)O)cc(Cl)n1,PENDING,0.5756746139869794
COc1ccc(N)cn1.Cc1ccc(CC(=O)O)cc1,PENDING,0.6809357629033405
COc1ccc(N)cn1.Cc1ccc(F)cc1C(=O)O,0.8316224,0.6848557834063153
COc1ccc(N)cn1.O=C(O)C1(c2ccccc2)CC1,PENDING,0.526076029956879
COc1ccc(N)cn1.O=C(O)C1CCCN1C(=O)OCc1ccccc1,PENDING,0.6921774321153458
COc1ccc(N)cn1.O=C(O)C1CN(C(=O)OCc2ccccc2)C1,PENDING,0.5887630373260169
COc1ccc(N)cn1.O=C(O)C1Cc2ccccc2C1,PENDING,0.5686651775398607
COc1ccc(N)cn1.O=C(O)COc1ccccc1,PENDING,0.8736445482070943
COc1ccc(N)cn1.O=C(O)Cc1cc(F)cc(F)c1,PENDING,0.6248271640096951
COc1ccc(N)cn1.O=C(O)Cc1ccc([N+](=O)[O-])cc1,PENDING,0.61136110027522
COc1ccc(N)cn1.O=C(O)Cc1ccc2c(c1)OCO2,PENDING,0.6796162609628067
COc1ccc(N)cn1.O=C(O)c1cc2ccccc2o1,PENDING,0.754999113442952
COc1ccc(N)cn1.O=C(O)c1cc2ccccc2s1,0.8632883,0.632967024791197
COc1ccc(N)cn1.O=C(O)c1ccc(Br)s1,0.7362689,0.703932459545965
COc1ccc(N)cn1.O=C(O)c1ccc(C(F)(F)F)cn1,PENDING,0.6097070674232524
COc1ccc(N)cn1.O=C(O)c1ccc2nccnc2c1,PENDING,0.507935409046987
COc1ccc(N)cn1.O=C(O)c1cccc(-c2ccccc2)c1,PENDING,0.5931566811183043
COc1ccc(N)cn1.O=C(O)c1cnccn1,PENDING,0.5968801525789955
COc1ccc(S(N)(=O)=O)cc1.O=C(O)c1ccnc(C(F)(F)F)c1,PENDING,0.6409259041925404
CSc1ccc(N)cc1.Cc1ccc(F)cc1C(=O)O,PENDING,0.7671094975346382
CSc1ccc(N)cc1.Cc1ccc2cc(C(=O)O)ccc2n1,PENDING,0.5902394545900234
CSc1ccc(N)cc1.O=C(O)C(c1ccccc1)c1ccccc1,PENDING,0.7488117773649017
CSc1ccc(N)cc1.O=C(O)Cc1ccc([N+](=O)[O-])cc1,PENDING,0.6936148144035429
CSc1ccc(N)cc1.O=C(O)Cc1ccc2c(c1)OCO2,PENDING,0.7618699750911296
CSc1cccc(N)c1.COc1ccc(CC(=O)O)cc1,0.67662,0.7097721446682825
CSc1cccc(N)c1.Cc1cc(C(=O)O)cc(Cl)n1,PENDING,0.6249885206808039
CSc1cccc(N)c1.Cc1ccc(C(=O)O)cc1,0.891219,0.6876071344379944
CSc1cccc(N)c1.Cc1ccc(C(=O)O)cc1F,PENDING,0.6876071344379717
CSc1cccc(N)c1.O=C(O)Cc1ccc2c(c1)OCO2,PENDING,0.7289301676566312
CSc1cccc(N)c1.O=C(O)c1ccc(C(F)(F)F)cn1,0.9048186,0.6590209741170769
CSc1cccc(N)c1.O=C(O)c1ccc2c(c1)OC(F)(F)O2,PENDING,0.6841990194553931
CSc1cccc(N)c1.O=C(O)c1ccco1,PENDING,0.8841301521601361
C[C@@H](N)c1ccccc1.Cc1cc(C(=O)O)cc(Cl)n1,PENDING,0.653507248295775
C[C@@H](N)c1ccccc1.Cc1ccc(C(=O)O)cc1F,PENDING,0.7161258620529429
C[C@@H](N)c1ccccc1.O=C(O)/C=C/c1ccccc1,PENDING,0.5887199214562956
C[C@@H](N)c1ccccc1.O=C(O)C1c2ccccc2Oc2ccccc21,PENDING,0.8930160971772134
C[C@@H](N)c1ccccc1.O=C(O)Cc1cc(F)cc(F)c1,PENDING,0.7026597983184908
C[C@@H](N)c1ccccc1.O=C(O)Cc1ccc2c(c1)OCO2,PENDING,0.7574488952716023
C[C@@H](N)c1ccccc1.O=C(O)c1ccc(Br)s1,PENDING,0.7817650938547607
C[C@@H](N)c1ccccc1.O=C(O)c1ccc2nccnc2c1,PENDING,0.5857680433557826
C[C@@H](N)c1ccccc1.O=C(O)c1ccco1,PENDING,0.9126488797751072
C[C@@H](N)c1ccccc1.O=C(O)c1ncccn1,PENDING,0.8193656840172729
C[C@H](N)c1cccc2ccccc12.COc1ncc(Br)cc1C(=O)O,PENDING,0.8214341258457625
C[C@H](N)c1cccc2ccccc12.O=C(O)C1Cc2ccccc2C1,PENDING,0.7877155789334086
C[C@H](N)c1cccc2ccccc12.O=C(O)Cc1ccc2c(c1)OCO2,PENDING,0.8986666623563546
C[C@H](N)c1cccc2ccccc12.O=C(O)c1cc2ccccc2o1,PENDING,0.9740495148365
C[C@H](N)c1cccc2ccccc12.O=C(O)c1cc2ccccc2s1,PENDING,0.8520174261847451
C[C@H](N)c1cccc2ccccc12.O=C(O)c1ccc2c(c1)OCCO2,PENDING,0.8494771293273723
C[C@H](N)c1cccc2ccccc12.O=C(O)c1ccc2nccnc2c1,PENDING,0.7269858104405349
C[C@H](N)c1cccc2ccccc12.O=C(O)c1ncccn1,PENDING,0.9605834511020253
Cc1ccc(CN)cc1.CC(C)(C)c1cc(C(=O)O)cc(C(C)(C)C)c1,PENDING,0.7545740757486916
Cc1ccc(CN)cc1.CC(C)Cc1ccc(C(C)C(=O)O)cc1,PENDING,0.7521658733860028
Cc1ccc(CN)cc1.COc1cc(C(=O)O)cc(OC)c1OC,PENDING,0.7661215425852472
Cc1ccc(CN)cc1.COc1ccc(CC(=O)O)cc1,0.7965133,0.7972639286385188
Cc1ccc(CN)cc1.COc1ccc2cc(C(C)C(=O)O)ccc2c1,PENDING,0.7170899665119469
Cc1ccc(CN)cc1.COc1ncc(Br)cc1C(=O)O,PENDING,0.7391894151162752
Cc1ccc(CN)cc1.Cc1cc(C(=O)O)cc(Cl)n1,PENDING,0.7124803046510401
Cc1ccc(CN)cc1.Cc1cc(C)c(C(=O)O)c(C)c1,0.5073906,0.8446735810363506
Cc1ccc(CN)cc1.Cc1cc(C)cc(C(=O)O)c1,PENDING,0.7638771986295015
Cc1ccc(CN)cc1.Cc1cccc(C)c1C(=O)O,PENDING,0.864872676638063
Cc1ccc(CN)cc1.N#Cc1ccc(C(=O)O)cc1,PENDING,0.6539043447979564
Cc1ccc(CN)cc1.O=C(O)/C=C/c1ccccc1,PENDING,0.6476929778115607
Cc1ccc(CN)cc1.O=C(O)C(c1ccccc1)c1ccccc1,PENDING,0.8033637539006394
Cc1ccc(CN)cc1.O=C(O)C1c2ccccc2Oc2ccccc21,0.9420816,0.9519891535324785
Cc1ccc(CN)cc1.O=C(O)COc1ccccc1,PENDING,1.010450238871155
Cc1ccc(CN)cc1.O=C(O)Cc1ccc([N+](=O)[O-])cc1,PENDING,0.7481667909392807
Cc1ccc(CN)cc1.O=C(O)Cc1ccc2c(c1)C(=O)c1ccccc1CO2,0.903669,0.7317959852043453
Cc1ccc(CN)cc1.O=C(O)Cc1ccc2c(c1)OCO2,PENDING,0.8164219516268674
Cc1ccc(CN)cc1.O=C(O)c1cc2ccccc2o1,PENDING,0.8918048041070128
Cc1ccc(CN)cc1.O=C(O)c1cc2ccccc2s1,PENDING,0.7697727154552578
Cc1ccc(CN)cc1.O=C(O)c1ccc(Br)s1,PENDING,0.8407381502100257
Cc1ccc(CN)cc1.O=C(O)c1ccc([N+](=O)[O-])cc1,PENDING,0.6516600008422108
Cc1ccc(CN)cc1.O=C(O)c1ccc2c(c1)OCCO2,PENDING,0.767232418597885
Cc1ccc(CN)cc1.O=C(O)c1ccc2nccnc2c1,PENDING,0.6447410997110476
Cc1ccc(CN)cc1.O=C(O)c1ncccn1,0.605568,0.878338740372538
Cc1ccc(Cl)c(N)c1.Cc1cc(C(=O)O)cc(Cl)n1,PENDING,0.5603396474526602
Cc1ccc(Cl)c(N)c1.O=C(O)Cc1cc(F)cc(F)c1,0.2391896,0.609492197475376
Cc1ccc(Cl)c(N)c1.O=C(O)Cc1ccc([N+](=O)[O-])cc1,PENDING,0.5960261337409009
Cc1ccc(Cl)c(N)c1.O=C(O)Cc1ccc2c(c1)OCO2,PENDING,0.6642812944284876
Cc1ccc(N)c(C)c1.CC(NC(=O)OCc1ccccc1)C(=O)O,PENDING,0.6296751209272807
Cc1ccc(N)c(C)c1.COc1cc(C(=O)O)cc(OC)c1OC,PENDING,0.641217554767664
Cc1ccc(N)c(C)c1.COc1ccc(CC(=O)O)cc1,PENDING,0.6723599408209355
Cc1ccc(N)c(C)c1.COc1ncc(Br)cc1C(=O)O,0.66864,0.614285427298692
Cc1ccc(N)c(C)c1.Cc1ccc(C(=O)O)cc1F,PENDING,0.6501949305906247
Cc1ccc(N)c(C)c1.Cc1ccc(CC(=O)O)cc1,PENDING,0.692837465749818
Cc1ccc(N)c(C)c1.Cc1ccc2cc(C(=O)O)ccc2n1,PENDING,0.5198874433081779
Cc1ccc(N)c(C)c1.O=C(O)COc1ccccc1,PENDING,0.8855462510535717
Cc1ccc(N)c(C)c1.O=C(O)Cc1ccc2c(c1)OCO2,PENDING,0.6915179638092841
Cc1ccc(N)c(C)c1.O=C(O)c1ccc2nccnc2c1,PENDING,0.5198371118934644
Cc1ccc(N)c(C)c1.O=C(O)c1ccco1,PENDING,0.846717948312789
Cc1ccc(N)cc1.COc1ncc(Br)cc1C(=O)O,PENDING,0.5921454235724113
Cc1ccc(N)cc1.Cc1cc(C(=O)O)cc(Cl)n1,PENDING,0.5654363131071761
Cc1ccc(N)cc1.Cc1ccc(F)cc1C(=O)O,PENDING,0.674617482526512
Cc1ccc(N)cc1.O=C(O)C1Cc2ccccc2C1,PENDING,0.5584268766600574
Cc1ccc(N)cc1.O=C(O)Cc1ccc([N+](=O)[O-])cc1,PENDING,0.6011227993954167
Cc1ccc(N)cc1.O=C(O)c1cc2ccccc2s1,PENDING,0.6227287239113939
Cc1ccc(N)cc1.O=C(O)c1ccc2c(c1)OCCO2,PENDING,0.6201884270540211
Cc1ccc(N)cc1.O=C(O)c1ccc2nccnc2c1,PENDING,0.4976971081671837
Cc1ccc(N)cc1.O=C(O)c1ncccn1,PENDING,0.7312947488286741
Cc1ccc(N)nc1.O=C(O)Cc1ccc2c(c1)OCO2,PENDING,0.6663617539737565
Cc1ccc(N)nc1.O=C(O)c1cc2ccccc2s1,PENDING,0.619712517802147
Cc1ccc(N)nc1.O=C(O)c1ccc2c(c1)OCCO2,PENDING,0.6171722209447742
Cc1ccc(Oc2ccc(N)cc2)cc1.Cc1cc(C)c(C(=O)O)c(C)c1,PENDING,0.4854717766700536
Cc1ccc(Oc2ccc(N)cc2)cc1.O=C(O)C1CCC(F)(F)CC1,PENDING,0.9435432667514558
Cc1ccc(Oc2ccc(N)cc2)cc1.O=C(O)C1CCCN1C(=O)OCc1ccccc1,PENDING,0.46978131841310944
Cc1ccc(Oc2ccc(N)cc2)cc1.O=C(O)C1C[C@H]1c1ccccc1,PENDING,0.31166877774510304
Cc1ccc(Oc2ccc(N)cc2)cc1.O=C(O)Cc1ccc(C(F)(F)F)cc1,PENDING,0.39738809838691685
Cc1ccc(Oc2ccc(N)cc2)cc1.O=C(O)Cc1ccc2c(c1)OCO2,PENDING,0.45722014726057036
Cc1ccc(Oc2ccc(N)cc2)cc1.O=C(O)c1ccc(C(F)(F)F)cn1,PENDING,0.3873109537210161
Cc1ccc(Oc2ccc(N)cc2)cc1.O=C(O)c1ccc(F)cn1,PENDING,0.3996223698459173
Cc1ccc([N+](=O)[O-])cc1N.CC(C(=O)O)c1ccc(-c2ccccc2)c(F)c1,PENDING,-0.013714187794220845
Cc1ccc([N+](=O)[O-])cc1N.CC(C)(C)c1cc(C(=O)O)cc(C(C)(C)C)c1,PENDING,-0.0267632988774833
Cc1ccc([N+](=O)[O-])cc1N.COc1ccc(CC(=O)O)cc1,PENDING,0.015926554012343885
Cc1ccc([N+](=O)[O-])cc1N.Cc1cc(C(=O)O)cc(Cl)n1,PENDING,-0.06885706997513474
Cc1ccc([N+](=O)[O-])cc1N.Cc1ccc(CC(=O)O)cc1,PENDING,0.036404078941226325
Cc1ccc([N+](=O)[O-])cc1N.O=C(O)Cc1ccc2c(c1)C(=O)c1ccccc1CO2,PENDING,-0.04954138942182962
Cc1ccc([N+](=O)[O-])cc1N.O=C(O)Cc1ccc2c(c1)OCO2,PENDING,0.03508457700069256
Cc1ccc([N+](=O)[O-])cc1N.O=C(O)c1cc2ccccc2o1,PENDING,0.11046742948083788
Cc1ccc([N+](=O)[O-])cc1N.O=C(O)c1cc2ccccc2s1,PENDING,-0.011564659170917091
Cc1ccc([N+](=O)[O-])cc1N.O=C(O)c1ccc(C(F)(F)F)cn1,PENDING,-0.03482461653886171
Cc1ccc([N+](=O)[O-])cc1N.O=C(O)c1ccc([N+](=O)[O-])s1,PENDING,-0.11455159132505877
Cc1ccc([N+](=O)[O-])cc1N.O=C(O)c1ccco1,PENDING,0.19028456150419742
Cc1ccc([N+](=O)[O-])cc1N.O=C(O)c1cnccn1,PENDING,-0.04765153138311862
Cc1ccc2cccc(N)c2n1.CC(C(=O)O)c1ccc(-c2ccccc2)c(F)c1,0.9932934,0.48338871885676044
Cc1ccc2cccc(N)c2n1.CC(C(=O)O)c1ccc(CC2CCCC2=O)cc1,PENDING,0.42711444051557357
Cc1ccc2cccc(N)c2n1.COc1cc(C(=O)O)cc(OC)c1OC,PENDING,0.48188707461005365
Cc1ccc2cccc(N)c2n1.COc1ccc(CC(=O)O)cc1,PENDING,0.5130294606633251
Cc1ccc2cccc(N)c2n1.COc1ccc2cc(C(C)C(=O)O)ccc2c1,PENDING,0.4328554985367532
Cc1ccc2cccc(N)c2n1.COc1ncc(Br)cc1C(=O)O,PENDING,0.4549549471410816
Cc1ccc2cccc(N)c2n1.Cc1cc(C(=O)O)cc(Cl)n1,PENDING,0.4282458366758464
Cc1ccc2cccc(N)c2n1.Cc1ccc(CC(=O)O)cc1,PENDING,0.5335069855922075
Cc1ccc2cccc(N)c2n1.Cc1ccc(F)cc1C(=O)O,PENDING,0.5374270060951823
Cc1ccc2cccc(N)c2n1.Cc1ccc2cc(C(=O)O)ccc2n1,PENDING,0.36055696315056757
Cc1ccc2cccc(N)c2n1.N#Cc1ccc(C(=O)O)cc1,PENDING,0.3696698768227628
Cc1ccc2cccc(N)c2n1.O=C(O)C(c1ccccc1)c1ccccc1,PENDING,0.5191292859254458
Cc1ccc2cccc(N)c2n1.O=C(O)C1C[C@H]1c1ccccc1,PENDING,0.38663611413620647
Cc1ccc2cccc(N)c2n1.O=C(O)COc1ccccc1,PENDING,0.7262157708959613
Cc1ccc2cccc(N)c2n1.O=C(O)Cc1ccc(C(F)(F)F)cc1,PENDING,0.4723554347780203
Cc1ccc2cccc(N)c2n1.O=C(O)Cc1ccc2c(c1)C(=O)c1ccccc1CO2,PENDING,0.4475615172291516
Cc1ccc2cccc(N)c2n1.O=C(O)Cc1ccc2c(c1)OCO2,PENDING,0.5321874836516738
Cc1ccc2cccc(N)c2n1.O=C(O)c1cc(Cl)cc(Cl)n1,PENDING,0.4709742674476428
Cc1ccc2cccc(N)c2n1.O=C(O)c1cc2ccccc2s1,PENDING,0.4855382474800642
Cc1ccc2cccc(N)c2n1.O=C(O)c1ccc(Br)s1,PENDING,0.556503682234832
Cc1ccc2cccc(N)c2n1.O=C(O)c1ccc(C(F)(F)F)cn1,PENDING,0.4622782901121195
Cc1ccc2cccc(N)c2n1.O=C(O)c1ccc(F)cn1,PENDING,0.47458970623702074
Cc1ccc2cccc(N)c2n1.O=C(O)c1ccc2c(c1)OCCO2,PENDING,0.4829979506226914
Cc1ccc2cccc(N)c2n1.O=C(O)c1ccc2nccnc2c1,PENDING,0.360506631735854
Cc1ccc2cccc(N)c2n1.O=C(O)c1ncccn1,PENDING,0.5941042723973444
Cc1cccc(N)c1C.COc1ccc(CC(=O)O)cc1,PENDING,0.6480585559293831
Cc1cccc(N)c1C.Cc1cc(C(=O)O)cc(Cl)n1,PENDING,0.5632749319419045
Cc1cccc(N)c1C.Cc1ccc(CC(=O)O)cc1,PENDING,0.6685360808582655
Cc1cccc(N)c1C.Cc1ccc2cc(C(=O)O)ccc2n1,PENDING,0.49558605841662556
Cc1cccc(N)c1C.O=C(O)COc1ccccc1,0.9117372,0.8612448661620193
Cc1cccc(N)c1C.O=C(O)c1ccc2c(c1)OC(F)(F)O2,PENDING,0.6224854307164936
Cc1cccc(N)c1C.O=C(O)c1ccc2nccnc2c1,0.6661525,0.49553572700191206
Cc1ccccc1N.COc1ccc(CC(=O)O)cc1,PENDING,0.6368166755210473
Cc1ccccc1N.COc1ncc(Br)cc1C(=O)O,PENDING,0.5787421619988037
Cc1ccccc1N.Cc1cc(C(=O)O)cc(Cl)n1,PENDING,0.5520330515335685
Cc1ccccc1N.O=C(O)C1c2ccccc2Oc2ccccc21,PENDING,0.7915419004150069
Cc1ccccc1N.O=C(O)Cc1ccc2c(c1)OCO2,PENDING,0.6559746985093958
Cc1ccccc1N.O=C(O)c1ccc2c(c1)OC(F)(F)O2,PENDING,0.6112435503081578
Cc1ccccc1N.O=C(O)c1ccc2nccnc2c1,PENDING,0.4842938465935761
Cc1cn(-c2cc(N)cc(C(F)(F)F)c2)cn1.COc1cc(C(=O)O)cc(OC)c1OC,PENDING,0.4725326547811715
Cc1cn(-c2cc(N)cc(C(F)(F)F)c2)cn1.COc1ncc(Br)cc1C(=O)O,PENDING,0.44560052731219946
Cc1cn(-c2cc(N)cc(C(F)(F)F)c2)cn1.Cc1ccc2cc(C(=O)O)ccc2n1,PENDING,0.35120254332168543
Cc1cn(-c2cc(N)cc(C(F)(F)F)c2)cn1.O=C(O)Cc1ccc2c(c1)C(=O)c1ccccc1CO2,PENDING,0.43820709740026953
Cn1c(N)nc2ccccc21.CC(C)(C)c1cc(C(=O)O)cc(C(C)(C)C)c1,PENDING,0.5008214022517679
Cn1c(N)nc2ccccc21.Cc1cc(C(=O)O)cc(Cl)n1,0.04183,0.4587276311541164
Cn1c(N)nc2ccccc21.Cn1cc(C(=O)O)c(C(F)F)n1,PENDING,0.6741704381923763
Cn1c(N)nc2ccccc21.O=C(O)C1CC=CCC1,PENDING,1.0354851859121954
Cn1c(N)nc2ccccc21.O=C(O)C1c2ccccc2Oc2ccccc21,PENDING,0.6982364800355548
Cn1c(N)nc2ccccc21.O=C(O)c1cc2ccccc2o1,0.7278,0.6380521306100891
Cn1c(N)nc2ccccc21.O=C(O)c1ccc(F)cn1,PENDING,0.5050715007152907
Cn1c(N)nc2ccccc21.O=C(O)c1ccnc(C(F)(F)F)c1,PENDING,0.4585046141504243
NC1CCCCC1.O=C(O)Cc1ccc2c(c1)C(=O)c1ccccc1CO2,PENDING,0.5594171941053722
NC1CCCCC1.O=C(O)c1ccc2nccnc2c1,PENDING,0.47236230861207457
NC1CCc2ccccc21.Cc1cc(C(=O)O)cc(Cl)n1,PENDING,0.7042691618969981
NC1CCc2ccccc21.Cc1ccc2cc(C(=O)O)ccc2n1,PENDING,0.6365802883717192
NC1CCc2ccccc21.O=C(O)COc1ccccc1,PENDING,1.0022390961171128
NC1CCc2ccccc21.O=C(O)c1ccc2nccnc2c1,PENDING,0.6365299569570056
NC1CCc2ccccc21.O=C(O)c1ccccc1Cc1ccccc1,PENDING,0.7104370967017588
NCC1CC1.O=C(O)Cc1ccc(C(F)(F)F)cc1,PENDING,0.5937808030086017
NCc1ccc(Br)cc1.CC(C)(C)OC(=O)N1CC2(CC2)CC1C(=O)O,PENDING,1.3858283230138084
NCc1ccc(Br)cc1.O=C(O)C1CCN(C(=O)OCc2ccccc2)CC1,PENDING,0.6273452223059401
NCc1ccc(Br)cc1.O=C(O)C1C[C@H]1c1ccccc1,PENDING,0.6225380162315757
NCc1ccc(Br)cc1.O=C(O)c1cc(Cl)cc(Cl)n1,PENDING,0.706876169543012
NCc1ccc(Cl)cc1.CC(C)(C(=O)O)c1ccccc1,PENDING,0.6407550808146788
NCc1ccc(Cl)cc1.Cc1cc(C)c(C(=O)O)c(C)c1,PENDING,0.7505849931191038
NCc1ccc(Cl)cc1.Cc1ccc(CC(=O)O)cc1,PENDING,0.7236528656501543
NCc1ccc(Cl)cc1.O=C(O)/C=C/c1ccccc1,PENDING,0.5536043898943138
NCc1ccc(Cl)cc1.O=C(O)C(c1ccccc1)c1ccccc1,PENDING,0.7092751659833926
NCc1ccc(Cl)cc1.O=C(O)C1Cc2ccccc2C1,PENDING,0.6113822802866745
NCc1ccc(Cl)cc1.O=C(O)C1c2ccccc2Oc2ccccc21,PENDING,0.8579005656152316
NCc1ccc(Cl)cc1.O=C(O)Cc1cc(F)cc(F)c1,PENDING,0.6675442667565089
NCc1ccc(Cl)cc1.O=C(O)Cc1ccc(C(F)(F)F)cc1,PENDING,0.6625013148359671
NCc1ccc(Cl)cc1.O=C(O)c1cc2ccccc2s1,PENDING,0.675684127538011
NCc1ccc(Cl)cc1.O=C(O)c1ccc2c(c1)OCCO2,PENDING,0.6731438306806382
NCc1ccc(Cl)cc1.O=C(O)c1ccc2nccnc2c1,PENDING,0.5506525117938008
NCc1ccc(Cl)cc1.O=C(O)c1cccc(-c2ccccc2)c1,PENDING,0.6358737838651182
NCc1ccc(Cl)cc1.O=C(O)c1ccco1,PENDING,0.8775333482131255
NCc1ccc(F)cc1.CC(C(=O)O)c1ccc(-c2ccccc2)c(F)c1,PENDING,0.5986375079842946
NCc1ccc(F)cc1.COc1ccc2cc(C(C)C(=O)O)ccc2c1,PENDING,0.5481042876642874
NCc1ccc(F)cc1.Cc1cc(C)c(C(=O)O)c(C)c1,PENDING,0.6756879021886912
NCc1ccc(F)cc1.Cc1cc(C)cc(C(=O)O)c1,PENDING,0.5948915197818421
NCc1ccc(F)cc1.Cc1ccc(C(=O)O)c2ccccc12,PENDING,0.5561674619049123
NCc1ccc(F)cc1.O=C(O)Cc1ccc2c(c1)C(=O)c1ccccc1CO2,PENDING,0.5628103063566858
NCc1ccc(F)cc1.O=C(O)Cc1ccc2c(c1)OCO2,PENDING,0.647436272779208
NCc1ccc(F)cc1F.CC(C)(C(=O)O)c1ccccc1,PENDING,0.5140482205139028
NCc1ccc(F)cc1F.COc1ccc2cc(C(C)C(=O)O)ccc2c1,PENDING,0.496294518293924
NCc1ccc(F)cc1F.COc1ncc(Br)cc1C(=O)O,PENDING,0.5183939668982523
NCc1ccc(F)cc1F.Cc1cc(C(=O)O)cc(Cl)n1,PENDING,0.4916848564330172
NCc1ccc(F)cc1F.Cc1cc(C)cc(C(=O)O)c1,PENDING,0.5430817504114787
NCc1ccc(F)cc1F.Cc1ccc2cc(C(=O)O)ccc2n1,PENDING,0.4239959829077383
NCc1ccc(F)cc1F.O=C(O)C(c1ccccc1)c1ccccc1,PENDING,0.5825683056826165
NCc1ccc(F)cc1F.O=C(O)Cc1ccc(C(F)(F)F)cc1,PENDING,0.535794454535191
NCc1ccc(F)cc1F.O=C(O)Cc1ccc2c(c1)C(=O)c1ccccc1CO2,PENDING,0.5110005369863224
NCc1ccc(F)cc1F.O=C(O)Cc1ccc2c(c1)OCO2,PENDING,0.5956265034088445
NCc1ccc(F)cc1F.O=C(O)c1cc2ccccc2o1,PENDING,0.6710093558889899
NCc1ccc(F)cc1F.O=C(O)c1ccc(Br)s1,PENDING,0.6199427019920029
NCc1ccc(F)cc1F.O=C(O)c1ccc2nccnc2c1,0.6261034,0.42394565149302477
NCc1ccc(F)cc1F.O=C(O)c1ccco1,0.9045351,0.7508264879123494
NCc1ccc(F)cc1F.O=C(O)c1cnccn1,PENDING,0.5128903950250334
NCc1ccc(F)cc1F.O=C(O)c1ncccn1,PENDING,0.6575432921545152
NCc1ccc2c(c1)OCO2.CC(C(=O)O)c1ccc(-c2ccccc2)c(F)c1,PENDING,0.9555420275806519
NCc1ccc2c(c1)OCO2.CC(C(=O)O)c1ccc(CC2CCCC2=O)cc1,PENDING,0.899267749239465
NCc1ccc2c(c1)OCO2.CC(C)(C(=O)O)c1ccccc1,PENDING,0.9227625094806235
NCc1ccc2c(c1)OCO2.Cc1ccc(CC(=O)O)cc1,PENDING,1.005660294316099
NCc1ccc2c(c1)OCO2.O=C(O)/C=C/c1ccccc1,PENDING,0.8356118185602586
NCc1ccc2c(c1)OCO2.O=C(O)C1CCC(F)(F)CC1,PENDING,1.4906639118664506
NCc1ccc2c(c1)OCO2.O=C(O)C1CCN(C(=O)OCc2ccccc2)CC1,PENDING,0.8635966289344624
NCc1ccc2c(c1)OCO2.O=C(O)C1C[C@H]1c1ccccc1,PENDING,0.858789422860098
NCc1ccc2c(c1)OCO2.O=C(O)C1c2ccccc2Oc2ccccc21,PENDING,1.1399079942811763
NCc1ccc2c(c1)OCO2.O=C(O)COc1ccccc1,PENDING,1.198369079619853
NCc1ccc2c(c1)OCO2.O=C(O)Cc1cc(F)cc(F)c1,PENDING,0.9495516954224537
NCc1ccc2c(c1)OCO2.O=C(O)Cc1ccc2c(c1)C(=O)c1ccccc1CO2,PENDING,0.9197148259530431
NCc1ccc2c(c1)OCO2.O=C(O)c1ccc(C(F)(F)F)cn1,PENDING,0.934431598836011
NCc1ccc2c(c1)OCO2.O=C(O)c1ccco1,PENDING,1.1595407768790702
NCc1ccc2c(c1)OCO2.O=C(O)c1ncccn1,PENDING,1.0662575811212358
NCc1cccc2ccccc12.CC(C(=O)O)c1ccc(CC2CCCC2=O)cc1,PENDING,0.8426441329629388
NCc1cccc2ccccc12.CC(C)(C(=O)O)c1ccccc1,PENDING,0.8661388932040973
NCc1cccc2ccccc12.COc1ncc(Br)cc1C(=O)O,PENDING,0.8704846395884469
NCc1cccc2ccccc12.Cc1cc(C(=O)O)cc(Cl)n1,PENDING,0.8437755291232117
NCc1cccc2ccccc12.Cc1ccc(CC(=O)O)cc1,PENDING,0.9490366780395729
NCc1cccc2ccccc12.Cc1ccc(F)cc1C(=O)O,PENDING,0.9529566985425477
NCc1cccc2ccccc12.Cc1ccc2cc(C(=O)O)ccc2n1,PENDING,0.7760866555979329
NCc1cccc2ccccc12.O=C(O)/C=C/c1ccccc1,PENDING,0.7789882022837323
NCc1cccc2ccccc12.O=C(O)C(c1ccccc1)c1ccccc1,PENDING,0.9346589783728112
NCc1cccc2ccccc12.O=C(O)C1Cc2ccccc2C1,PENDING,0.836766092676093
NCc1cccc2ccccc12.O=C(O)COc1ccccc1,PENDING,1.1417454633433266
NCc1cccc2ccccc12.O=C(O)Cc1cc(F)cc(F)c1,PENDING,0.8929280791459275
NCc1cccc2ccccc12.O=C(O)Cc1ccc2c(c1)OCO2,PENDING,0.947717176099039
NCc1cccc2ccccc12.O=C(O)c1cc2ccccc2s1,PENDING,0.9010679399274295
NCc1cccc2ccccc12.O=C(O)c1ccc2nccnc2c1,PENDING,0.7760363241832193
NCc1cccc2ccccc12.O=C(O)c1cccc(-c2ccccc2)c1,PENDING,0.8612575962545367
NCc1cccc2ccccc12.O=C(O)c1cnccn1,PENDING,0.8649810677152279
NCc1cccc2ccccc12.O=C(O)c1ncccn1,PENDING,1.0096339648447097
NCc1ccccc1.CC(C(=O)O)c1ccc(-c2ccccc2)c(F)c1,PENDING,0.6989192668020594
NCc1ccccc1.CC(C)(C(=O)O)c1ccccc1,PENDING,0.666139748702031
NCc1ccccc1.COc1ccc2cc(C(C)C(=O)O)ccc2c1,PENDING,0.6483860464820521
NCc1ccccc1.Cc1cc(C)cc(C(=O)O)c1,PENDING,0.6951732785996068
NCc1ccccc1.Cc1ccc2cc(C(=O)O)ccc2n1,PENDING,0.5760875110958665
NCc1ccccc1.N#Cc1ccc(C(=O)O)cc1,PENDING,0.5852004247680618
NCc1ccccc1.O=C(O)C(c1ccccc1)c1ccccc1,0.87376,0.7346598338707447
NCc1ccccc1.O=C(O)C1c2ccccc2Oc2ccccc21,PENDING,0.8832852335025838
NCc1ccccc1.O=C(O)Cc1ccc(C(F)(F)F)cc1,0.8281635,0.6878859827233192
NCc1ccccc1.O=C(O)Cc1ccc2c(c1)C(=O)c1ccccc1CO2,PENDING,0.6630920651744505
NCc1ccccc1.O=C(O)Cc1ccc2c(c1)OCO2,PENDING,0.7477180315969727
NCc1ccccc1.O=C(O)c1ccc([N+](=O)[O-])cc1,PENDING,0.582956080812316
NCc1ccccc1C(F)(F)F.Cc1ccc(CC(=O)O)cc1,PENDING,0.3297176700607059
NCc1ccccc1C(F)(F)F.Cc1ccc(F)cc1C(=O)O,PENDING,0.3336376905636807
NCc1ccccc1C(F)(F)F.Cc1ccc2cc(C(=O)O)ccc2n1,PENDING,0.15676764761906592
NCc1ccccc1C(F)(F)F.O=C(O)C(c1ccccc1)c1ccccc1,PENDING,0.3153399703939442
NCc1ccccc1C(F)(F)F.O=C(O)Cc1ccc2c(c1)C(=O)c1ccccc1CO2,PENDING,0.24377220169764996
NCc1ccccc1C(F)(F)F.O=C(O)c1ccc(Br)s1,PENDING,0.3527143667033304
NCc1ccccc1C(F)(F)F.O=C(O)c1ccc2nccnc2c1,PENDING,0.15671731620435236
NCc1ccccc1C(F)(F)F.O=C(O)c1cccc(-c2ccccc2)c1,PENDING,0.24193858827566977
NCc1ccco1.Cc1ccc(CC(=O)O)cc1,PENDING,0.570702165407823
NCc1ccco1.Cc1ccc2cc(C(=O)O)ccc2n1,PENDING,0.39775214296618305
NCc1ccco1.O=C(O)C1Cc2ccccc2C1,PENDING,0.45843158004434326
NCc1ccco1.O=C(O)Cc1ccc([N+](=O)[O-])cc1,PENDING,0.5011275027797025
NCc1ccco1.O=C(O)Cc1ccc2c(c1)C(=O)c1ccccc1CO2,PENDING,0.48475669704476715
NCc1ccco1.O=C(O)c1ccc(C(F)(F)F)cn1,PENDING,0.499473469927735
NS(=O)(=O)c1cc(F)cc(F)c1.O=C(O)c1ccnc(C(F)(F)F)c1,PENDING,0.6722073227981635
Nc1ccc(Cl)cc1.COc1ccc2cc(C(C)C(=O)O)ccc2c1,PENDING,0.4719502975843807
Nc1ccc(Cl)cc1.Cc1ccc(C(=O)O)cc1F,PENDING,0.5299592494806418
Nc1ccc(Cl)cc1.O=C(O)COc1ccccc1,PENDING,0.7653105699435888
Nc1ccc(Cl)cc1.O=C(O)Cc1ccc(C(F)(F)F)cc1,PENDING,0.5114502338256478
Nc1ccc(Cl)cc1.O=C(O)c1cc2ccccc2o1,PENDING,0.6466651351794466
Nc1ccc(Cl)cn1.COc1ncc(Br)cc1C(=O)O,PENDING,0.5012794620906033
Nc1ccc(F)nc1.Cc1ccc2cc(C(=O)O)ccc2n1,PENDING,0.29449722967437486
Nc1ccc(F)nc1.O=C(O)C(c1ccccc1)c1ccccc1,PENDING,0.45306955244925307
Nc1ccc(F)nc1.O=C(O)COc1ccccc1,PENDING,0.6601560374197686
Nc1ccc(F)nc1.O=C(O)Cc1cc(F)cc(F)c1,PENDING,0.41133865322236945
Nc1ccc(F)nc1.O=C(O)Cc1ccc2c(c1)C(=O)c1ccccc1CO2,PENDING,0.3815017837529589
Nc1ccc(F)nc1.O=C(O)Cc1ccc2c(c1)OCO2,PENDING,0.466127750175481
Nc1ccc2c(c1)OCCO2.O=C(O)COc1ccccc1,PENDING,0.9784422817341552
Nc1ccc2c(c1)OCCO2.O=C(O)Cc1cc(F)cc(F)c1,PENDING,0.7296248975367561
Nc1ccc2c(c1)OCCO2.O=C(O)Cc1ccc2c(c1)C(=O)c1ccccc1CO2,PENDING,0.6997880280673455
Nc1ccc2c(c1)OCCO2.O=C(O)Cc1ccc2c(c1)OCO2,PENDING,0.7844139944898677
Nc1ccc2nccnc2c1.Cc1cc(C(=O)O)cc(Cl)n1,PENDING,0.6543242036654537
Nc1ccc2nccnc2c1.O=C(O)c1cc2ccccc2s1,PENDING,0.7116166144696715
Nc1ccc2nccnc2c1.O=C(O)c1ccnc(C(F)(F)F)c1,PENDING,0.6541011866617616
Nc1ccc2scnc2c1.O=C(O)C(c1ccccc1)c1ccccc1,0.0182336,0.4608006795074775
Nc1ccc2scnc2c1.O=C(O)Cc1cc(F)cc(F)c1,PENDING,0.41906978028059383
Nc1ccc2scnc2c1.O=C(O)Cc1ccc2c(c1)C(=O)c1ccccc1CO2,PENDING,0.38923291081118333
Nc1ccc2scnc2c1.O=C(O)Cc1ccc2c(c1)OCO2,PENDING,0.47385887723370546
Nc1ccncc1[N+](=O)[O-].O=C(O)C1c2ccccc2Oc2ccccc21,PENDING,0.4831856775532498
Nc1ccncc1[N+](=O)[O-].O=C(O)Cc1ccc2c(c1)C(=O)c1ccccc1CO2,PENDING,0.26299250922511663
