,obj_values ['yield'],Vendi_score,eval_samples,cut_samples
0,"[7.1, 10.7]",1.5945614960149854,"['CN1C(=O)C[C@@](C)(c2cc(Br)cs2)N/C1=N/C(=O)OC(C)(C)C.C[C@@H](C(=O)O)N1C(=O)c2ccccc2C1=O', 'CN1C(=O)C[C@@](C)(c2cc(Br)cs2)N/C1=N/C(=O)OC(C)(C)C.CC(C)(C)OC(=O)N1CCSC(C(=O)O)C1']",[]
1,"[4.4, 4.2]",1.8304031428469414,"['CN1C(=O)C[C@@](C)(c2cc(Br)cs2)N/C1=N/C(=O)OC(C)(C)C.CC(C)Oc1ccc(N2CC(C(=O)O)CC2=O)cc1', 'CN1C(=O)C[C@@](C)(c2cc(Br)cs2)N/C1=N/C(=O)OC(C)(C)C.O=C(O)Cn1c(-c2ccccc2)nc2ccccc21']",[]
2,"[13.1, 12.4]",2.1071621352773255,"['CN1C(=O)C[C@@](C)(c2cc(Br)cs2)N/C1=N/C(=O)OC(C)(C)C.CC(=O)NCCCC[C@H](NC(C)=O)C(=O)O', 'CN1C(=O)C[C@@](C)(c2cc(Br)cs2)N/C1=N/C(=O)OC(C)(C)C.CC(C)(C)OC(=O)N1CCOC[C@H]1C(=O)O']",[]
3,"[4.1, 2.0]",2.077764197218607,"['CN1C(=O)C[C@@](C)(c2cc(Br)cs2)N/C1=N/C(=O)OC(C)(C)C.CC(C)(C)OC(=O)N1CCSCC1C(=O)O', 'CN1C(=O)C[C@@](C)(c2cc(Br)cs2)N/C1=N/C(=O)OC(C)(C)C.CC(C)C[C@@H](C(=O)O)N(C)C(=O)OC(C)(C)C']",[]
4,"[27.1, 33.5]",2.258532020698705,"['CN1C(=O)C[C@@](C)(c2cc(Br)cs2)N/C1=N/C(=O)OC(C)(C)C.O=C1CC(C(=O)O)CCN1', 'CN1C(=O)C[C@@](C)(c2cc(Br)cs2)N/C1=N/C(=O)OC(C)(C)C.O=C(O)Cc1ccccc1O']",[]
5,"[82.1, 60.0]",2.2452648258776775,"['CN1C(=O)C[C@@](C)(c2cc(Br)cs2)N/C1=N/C(=O)OC(C)(C)C.O=C(O)C1CCOCC1', 'CN1C(=O)C[C@@](C)(c2cc(Br)cs2)N/C1=N/C(=O)OC(C)(C)C.CN1CC(C(=O)O)CC1=O']",[]
6,"[48.3, 41.6]",2.2815839598748275,"['CN1C(=O)C[C@@](C)(c2cc(Br)cs2)N/C1=N/C(=O)OC(C)(C)C.O=C(O)C1CCCC1', 'CN1C(=O)C[C@@](C)(c2cc(Br)cs2)N/C1=N/C(=O)OC(C)(C)C.O=C(O)C1CCOC1']",[]
7,"[13.8, 36.4]",2.291608654300879,"['CN1C(=O)C[C@@](C)(c2cc(Br)cs2)N/C1=N/C(=O)OC(C)(C)C.CC1(C)CC(C(=O)O)CCO1', 'CN1C(=O)C[C@@](C)(c2cc(Br)cs2)N/C1=N/C(=O)OC(C)(C)C.O=C(O)CC1COC1']",[]
8,"[23.8, 3.8]",2.2980467186236,"['CN1C(=O)C[C@@](C)(c2cc(Br)cs2)N/C1=N/C(=O)OC(C)(C)C.O=C(O)C1CCC1(F)F', 'CN1C(=O)C[C@@](C)(c2cc(Br)cs2)N/C1=N/C(=O)OC(C)(C)C.O=C(O)C1CCC(F)(F)C1']",[]
9,"[20.4, 64.6]",2.3408358677057746,"['CN1C(=O)C[C@@](C)(c2cc(Br)cs2)N/C1=N/C(=O)OC(C)(C)C.O=C1CC(C(=O)O)C1', 'CN1C(=O)C[C@@](C)(c2cc(Br)cs2)N/C1=N/C(=O)OC(C)(C)C.O=C1CCC(C(=O)O)CC1']",[]
10,"[55.3, 1.1]",2.3755999435391413,"['CN1C(=O)C[C@@](C)(c2cc(Br)cs2)N/C1=N/C(=O)OC(C)(C)C.O=C(O)C1CCCCO1', 'CN1C(=O)C[C@@](C)(c2cc(Br)cs2)N/C1=N/C(=O)OC(C)(C)C.CC1(C)CC(=O)CC1C(=O)O']",[]
11,"[65.5, 66.3]",2.4590360396824917,"['CN1C(=O)C[C@@](C)(c2cc(Br)cs2)N/C1=N/C(=O)OC(C)(C)C.COC(C)C(=O)O', 'CN1C(=O)C[C@@](C)(c2cc(Br)cs2)N/C1=N/C(=O)OC(C)(C)C.O=C(O)C1CCCO1']",[]
12,"[26.0, 23.3]",2.5292708218517697,"['CN1C(=O)C[C@@](C)(c2cc(Br)cs2)N/C1=N/C(=O)OC(C)(C)C.Cc1ccnn1CC(=O)O', 'CN1C(=O)C[C@@](C)(c2cc(Br)cs2)N/C1=N/C(=O)OC(C)(C)C.O=C(O)C1COCCO1']",[]
13,"[29.7, 16.8]",2.7042578650875897,"['CN1C(=O)C[C@@](C)(c2cc(Br)cs2)N/C1=N/C(=O)OC(C)(C)C.CC(F)C(=O)O', 'CN1C(=O)C[C@@](C)(c2cc(Br)cs2)N/C1=N/C(=O)OC(C)(C)C.COCC(=O)O']",[]
14,"[23.2, 0.0]",2.805935824271451,"['CN1C(=O)C[C@@](C)(c2cc(Br)cs2)N/C1=N/C(=O)OC(C)(C)C.CC(Oc1ccccc1)C(=O)O', 'CN1C(=O)C[C@@](C)(c2cc(Br)cs2)N/C1=N/C(=O)OC(C)(C)C.CCC[C@](C)(F)C(=O)O']",[]
15,"[52.7, 46.0]",2.8283914210321695,"['CN1C(=O)C[C@@](C)(c2cc(Br)cs2)N/C1=N/C(=O)OC(C)(C)C.CCCCC(=O)O', 'CN1C(=O)C[C@@](C)(c2cc(Br)cs2)N/C1=N/C(=O)OC(C)(C)C.C[C@H](O)CC(=O)O']",[]
16,"[7.9, 1.3]",2.9025484272929947,"['CN1C(=O)C[C@@](C)(c2cc(Br)cs2)N/C1=N/C(=O)OC(C)(C)C.CC(C)(C)OCC(=O)O', 'CN1C(=O)C[C@@](C)(c2cc(Br)cs2)N/C1=N/C(=O)OC(C)(C)C.O=C(O)C1CC1']",[]
17,"[10.0, 13.6]",2.9402315481219152,"['CN1C(=O)C[C@@](C)(c2cc(Br)cs2)N/C1=N/C(=O)OC(C)(C)C.Cc1ccc(SCC(=O)O)cc1', 'CN1C(=O)C[C@@](C)(c2cc(Br)cs2)N/C1=N/C(=O)OC(C)(C)C.O=C(O)C1CCCCC12CC2']",[]
18,"[0.1, 3.4]",3.0197324359492637,"['COC(=O)CC1CCc2cc(Br)cc3[nH]c(=O)c(=O)n1c23.CC(=O)N1C[C@H](O)C[C@H]1C(=O)O', 'CN1C(=O)C[C@@](C)(c2cc(Br)cs2)N/C1=N/C(=O)OC(C)(C)C.O=C(O)C1CCCCC1']",[]
19,"[57.6, 71.0]",3.168667099413483,"['COC(=O)CC1CCc2cc(Br)cc3[nH]c(=O)c(=O)n1c23.COC(C)C(=O)O', 'COC(=O)CC1CCc2cc(Br)cc3[nH]c(=O)c(=O)n1c23.O=C(O)C1CCOCC1']",[]
