,obj_values ['yield'],Vendi_score,eval_samples,cut_samples
0,"[98.6, 64.7, 15.4, 11.0]",1.9843502950922185,"['CCOC(=O)c1ncn2c1CN(C)C(=O)c1cc(Br)ccc1-2.O=C(O)C1CCOCC1', 'CCOC(=O)c1ncn2c1CN(C)C(=O)c1cc(Br)ccc1-2.O=C(O)Cc1cccc(-n2cccn2)c1', 'CN1C(=O)C[C@@](C)(c2cc(Br)cs2)N/C1=N/C(=O)OC(C)(C)C.CC(C)(C)OC(=O)NC1CCC(CC(=O)O)CC1', 'CN1C(=O)C[C@@](C)(c2cc(Br)cs2)N/C1=N/C(=O)OC(C)(C)C.Cn1ncc2ccc(CC(=O)O)cc21']",[]
1,"[58.5, 51.7, 82.1, 44.3]",2.064501756324139,"['CCOC(=O)c1ncn2c1CN(C)C(=O)c1cc(Br)ccc1-2.O=C(O)C1CCC2(CC1)OCCO2', 'CCOC(=O)c1ncn2c1CN(C)C(=O)c1cc(Br)ccc1-2.O=C(O)Cc1cccnc1', 'CN1C(=O)C[C@@](C)(c2cc(Br)cs2)N/C1=N/C(=O)OC(C)(C)C.O=C(O)C1CCOCC1', 'CCOC(=O)c1ncn2c1CN(C)C(=O)c1cc(Br)ccc1-2.CC(C)C1CCC(C(=O)O)CC1']",[]
2,"[10.5, 15.8, 68.6, 89.2]",2.1033345633426697,"['CCOC(=O)c1ncn2c1CN(C)C(=O)c1cc(Br)ccc1-2.O=C(O)C1CC2CC1C(=O)O2', 'CCOC(=O)c1ncn2c1CN(C)C(=O)c1cc(Br)ccc1-2.COc1ccc2c(c1)OCC(C(=O)O)C2', 'CCOC(=O)c1ncn2c1CN(C)C(=O)c1cc(Br)ccc1-2.CN1CC(C(=O)O)CC1=O', 'CCOC(=O)c1ncn2c1CN(C)C(=O)c1cc(Br)ccc1-2.O=C1CCC(C(=O)O)CC1']",[]
3,"[1.0, 39.1, 64.6, 16.9]",2.3259123287432844,"['CN1C(=O)C[C@@](C)(c2cc(Br)cs2)N/C1=N/C(=O)OC(C)(C)C.COCc1n[nH]c2c1CC(C(=O)O)CC2', 'CCOC(=O)c1ncn2c1CN(C)C(=O)c1cc(Br)ccc1-2.COCc1n[nH]c2c1CC(C(=O)O)CC2', 'CN1C(=O)C[C@@](C)(c2cc(Br)cs2)N/C1=N/C(=O)OC(C)(C)C.O=C1CCC(C(=O)O)CC1', 'CCOC(=O)c1ncn2c1CN(C)C(=O)c1cc(Br)ccc1-2.O=C(O)Cc1c[nH]c2cnccc12']",[]
4,"[45.9, 35.0, 89.7, 92.0]",2.449336826695294,"['CCOC(=O)c1ncn2c1CN(C)C(=O)c1cc(Br)ccc1-2.O=C1CC(C(=O)O)C1', 'CCOC(=O)c1ncn2c1CN(C)C(=O)c1cc(Br)ccc1-2.CC(C)(C)OC(=O)N1CC(C(=O)O)C1', 'CCOC(=O)c1ncn2c1CN(C)C(=O)c1cc(Br)ccc1-2.O=C(O)C1CCCC1', 'CCOC(=O)c1ncn2c1CN(C)C(=O)c1cc(Br)ccc1-2.CCCCC(=O)O']",[]
5,"[80.6, 91.4, 52.7, 48.3]",2.490933360510355,"['CCOC(=O)c1ncn2c1CN(C)C(=O)c1cc(Br)ccc1-2.O=C(O)C1CCOC1', 'CCOC(=O)c1ncn2c1CN(C)C(=O)c1cc(Br)ccc1-2.O=C(O)C1CCCCC1', 'CN1C(=O)C[C@@](C)(c2cc(Br)cs2)N/C1=N/C(=O)OC(C)(C)C.CCCCC(=O)O', 'CN1C(=O)C[C@@](C)(c2cc(Br)cs2)N/C1=N/C(=O)OC(C)(C)C.O=C(O)C1CCCC1']",[]
6,"[66.1, 28.9, 46.4, 99.6]",2.434474856424394,"['CCOC(=O)c1ncn2c1CN(C)C(=O)c1cc(Br)ccc1-2.O=C(O)CCCC(=O)C1CC1', 'CCOC(=O)c1ncn2c1CN(C)C(=O)c1cc(Br)ccc1-2.O=C(O)CCCc1cccs1', 'CCOC(=O)c1ncn2c1CN(C)C(=O)c1cc(Br)ccc1-2.O=C(O)C1CCC(F)(F)CC1', 'CCOC(=O)c1ncn2c1CN(C)C(=O)c1cc(Br)ccc1-2.CC1CCCC(C(=O)O)C1']",[]
7,"[94.9, 32.8, 45.2, 65.5]",2.393307687528261,"['CCOC(=O)c1ncn2c1CN(C)C(=O)c1cc(Br)ccc1-2.O=C(O)C1CCCCCC1', 'CCOC(=O)c1ncn2c1CN(C)C(=O)c1cc(Br)ccc1-2.CC(C)(C)C(=O)CCC(=O)O', 'CCOC(=O)c1ncn2c1CN(C)C(=O)c1cc(Br)ccc1-2.O=C(O)C1CCC2CCCCC2C1', 'CN1C(=O)C[C@@](C)(c2cc(Br)cs2)N/C1=N/C(=O)OC(C)(C)C.O=C(O)C1CCCCCC1']",[]
8,"[74.7, 15.1, 3.4, 96.8]",2.563992849486474,"['CN1C(=O)C[C@@](C)(c2cc(Br)cs2)N/C1=N/C(=O)OC(C)(C)C.CC1CCCC(C(=O)O)C1', 'CCOC(=O)c1ncn2c1CN(C)C(=O)c1cc(Br)ccc1-2.CC1(C)C(C(=O)O)C1(C)C', 'CN1C(=O)C[C@@](C)(c2cc(Br)cs2)N/C1=N/C(=O)OC(C)(C)C.O=C(O)C1CCCCC1', 'CCOC(=O)c1ncn2c1CN(C)C(=O)c1cc(Br)ccc1-2.Cc1ccnn1CC(=O)O']",[]
9,"[42.0, 81.6, 100.0, 97.3]",2.755575616227808,"['CCOC(=O)c1ncn2c1CN(C)C(=O)c1cc(Br)ccc1-2.CC(C)(C)OCC(=O)O', 'CCOC(=O)c1ncn2c1CN(C)C(=O)c1cc(Br)ccc1-2.O=C(O)C1CCCO1', 'CCOC(=O)c1ncn2c1CN(C)C(=O)c1cc(Br)ccc1-2.Cc1nc(C)n(CC(=O)O)n1', 'CCOC(=O)c1ncn2c1CN(C)C(=O)c1cc(Br)ccc1-2.COC(C)C(=O)O']",[]
