,obj_values ['yield'],Vendi_score,eval_samples,cut_samples
0,"[8.5, 73.1]",1.5882622115639593,"['CN1C(=O)C[C@@](C)(c2cc(Br)cs2)N/C1=N/C(=O)OC(C)(C)C.CC(C)[C@@H]1CC[C@@H](C)C[C@H]1OCC(=O)O', 'CCOC(=O)c1ncn2c1CN(C)C(=O)c1cc(Br)ccc1-2.CC(C)(C)OC(=O)N1CC(F)(F)C[C@H]1C(=O)O']",[]
1,"[16.8, 37.1]",1.9306063381953853,"['CN1C(=O)C[C@@](C)(c2cc(Br)cs2)N/C1=N/C(=O)OC(C)(C)C.CC(C)(C)OC(=O)N1CC(F)(F)C[C@H]1C(=O)O', 'COC(=O)CC1CCc2cc(Br)cc3[nH]c(=O)c(=O)n1c23.CC(C)(C)OC(=O)N1CC(F)(F)C[C@H]1C(=O)O']",[]
2,"[59.6, 84.8]",2.1060104624342064,"['CCOC(=O)c1ncn2c1CN(C)C(=O)c1cc(Br)ccc1-2.CN(C(=O)OC(C)(C)C)[C@@H](Cc1ccccc1)C(=O)O', 'CCOC(=O)c1ncn2c1CN(C)C(=O)c1cc(Br)ccc1-2.CC(C)(C)OC(=O)N1CC[C@H]1C(=O)O']",[]
3,"[17.8, 22.3]",2.167841282365046,"['COC(=O)CC1CCc2cc(Br)cc3[nH]c(=O)c(=O)n1c23.CC(C)(C)OC(=O)N1CC[C@H]1C(=O)O', 'CCOC(=O)c1ncn2c1CN(C)C(=O)c1cc(Br)ccc1-2.CC(C)(C)OC(=O)N[C@@H](Cc1cccs1)C(=O)O']",[]
4,"[18.0, 34.0]",2.1500245503061404,"['CCOC(=O)c1ncn2c1CN(C)C(=O)c1cc(Br)ccc1-2.CC(C)(C)OC(=O)N1CCCC1C(=O)O', 'CCOC(=O)c1ncn2c1CN(C)C(=O)c1cc(Br)ccc1-2.CC(=O)N1C[C@H](O)C[C@H]1C(=O)O']",[]
5,"[16.2, 11.3]",2.176811213630935,"['CCOC(=O)c1ncn2c1CN(C)C(=O)c1cc(Br)ccc1-2.CC(C)(C)OC(=O)N1CCC(=O)C[C@H]1C(=O)O', 'CCOC(=O)c1ncn2c1CN(C)C(=O)c1cc(Br)ccc1-2.C[C@H](O)[C@@H](NC(=O)OC(C)(C)C)C(=O)O']",[]
6,"[12.3, 63.9]",2.185133910322463,"['CCOC(=O)c1ncn2c1CN(C)C(=O)c1cc(Br)ccc1-2.CC(C)(C)OC(=O)N1CCCC[C@@H]1C(=O)O', 'CCOC(=O)c1ncn2c1CN(C)C(=O)c1cc(Br)ccc1-2.O=C(O)[C@H]1COc2ccccc2O1']",[]
7,"[45.9, 93.7]",2.2112741108918903,"['CCOC(=O)c1ncn2c1CN(C)C(=O)c1cc(Br)ccc1-2.O=C(O)C1CCc2ccccc2O1', 'CCOC(=O)c1ncn2c1CN(C)C(=O)c1cc(Br)ccc1-2.O=C(O)C1COCCO1']",[]
8,"[82.4, 81.6]",2.216973585626099,"['CCOC(=O)c1ncn2c1CN(C)C(=O)c1cc(Br)ccc1-2.O=C(O)C1CCCCO1', 'CCOC(=O)c1ncn2c1CN(C)C(=O)c1cc(Br)ccc1-2.O=C(O)C1CCCO1']",[]
9,"[52.3, 97.3]",2.3099212613182964,"['CCOC(=O)c1ncn2c1CN(C)C(=O)c1cc(Br)ccc1-2.CC(F)C(=O)O', 'CCOC(=O)c1ncn2c1CN(C)C(=O)c1cc(Br)ccc1-2.COC(C)C(=O)O']",[]
10,"[42.0, 23.4]",2.328552621309717,"['CCOC(=O)c1ncn2c1CN(C)C(=O)c1cc(Br)ccc1-2.CC(C)(C)OCC(=O)O', 'CCOC(=O)c1ncn2c1CN(C)C(=O)c1cc(Br)ccc1-2.CC(=O)OC(C)C(=O)O']",[]
11,"[27.8, 36.2]",2.3235142513624254,"['CCOC(=O)c1ncn2c1CN(C)C(=O)c1cc(Br)ccc1-2.CC(C)(C)OC(=O)N1CCSCC1C(=O)O', 'CCOC(=O)c1ncn2c1CN(C)C(=O)c1cc(Br)ccc1-2.CC(C)(C)OC(=O)N1CCOC[C@H]1C(=O)O']",[]
12,"[16.4, 12.1]",2.465135278062528,"['COC(=O)CC1CCc2cc(Br)cc3[nH]c(=O)c(=O)n1c23.O=C(O)C1CCCO1', 'CCOC(=O)c1ncn2c1CN(C)C(=O)c1cc(Br)ccc1-2.CCC[C@](C)(F)C(=O)O']",[]
13,"[54.6, 42.6]",2.5300614460106856,"['CCOC(=O)c1ncn2c1CN(C)C(=O)c1cc(Br)ccc1-2.Cc1ccc(C)c(OCC(=O)O)c1', 'CCOC(=O)c1ncn2c1CN(C)C(=O)c1cc(Br)ccc1-2.O=C(O)COc1ccc(Cl)cc1']",[]
14,"[36.5, 61.9]",2.552511991249724,"['CCOC(=O)c1ncn2c1CN(C)C(=O)c1cc(Br)ccc1-2.CC(C)(C)OC(=O)N[C@H](CO)C(=O)O', 'CCOC(=O)c1ncn2c1CN(C)C(=O)c1cc(Br)ccc1-2.O=C(O)Cn1ccc2ccccc21']",[]
15,"[13.4, 64.5]",2.5870011462012,"['CCOC(=O)c1ncn2c1CN(C)C(=O)c1cc(Br)ccc1-2.O=C(O)C[C@]12C[C@H]3C[C@H](C[C@H](C3)C1)C2', 'CCOC(=O)c1ncn2c1CN(C)C(=O)c1cc(Br)ccc1-2.CC(Oc1ccccc1)C(=O)O']",[]
16,"[59.0, 57.4]",2.584657888052289,"['CCOC(=O)c1ncn2c1CN(C)C(=O)c1cc(Br)ccc1-2.CCC(Oc1ccccc1)C(=O)O', 'CCOC(=O)c1ncn2c1CN(C)C(=O)c1cc(Br)ccc1-2.O=C(O)C1Cc2ccccc2O1']",[]
17,"[96.8, 41.9]",2.711642139436518,"['CCOC(=O)c1ncn2c1CN(C)C(=O)c1cc(Br)ccc1-2.Cc1ccnn1CC(=O)O', 'CCOC(=O)c1ncn2c1CN(C)C(=O)c1cc(Br)ccc1-2.Cc1ccc(SCC(=O)O)cc1']",[]
18,"[100.0, 84.3]",2.7347977638051226,"['CCOC(=O)c1ncn2c1CN(C)C(=O)c1cc(Br)ccc1-2.Cc1nc(C)n(CC(=O)O)n1', 'CCOC(=O)c1ncn2c1CN(C)C(=O)c1cc(Br)ccc1-2.CC(C)(C)OC(=O)N[C@H]1CCN(CC(=O)O)C1=O']",[]
19,"[56.8, 95.2]",2.8065454675035415,"['CCOC(=O)c1ncn2c1CN(C)C(=O)c1cc(Br)ccc1-2.CC(C)(C)OC(=O)N1CC(CC(=O)O)C1', 'CCOC(=O)c1ncn2c1CN(C)C(=O)c1cc(Br)ccc1-2.COCC(=O)O']",[]
