,obj_values ['yield'],Vendi_score,eval_samples,cut_samples
0,[7.1],1.0000000000000004,['CN1C(=O)C[C@@](C)(c2cc(Br)cs2)N/C1=N/C(=O)OC(C)(C)C.C[C@@H](C(=O)O)N1C(=O)c2ccccc2C1=O'],[]
1,[16.4],1.7136909460791225,['CCOC(=O)c1ncn2c1CN(C)C(=O)c1cc(Br)ccc1-2.C#CCCCCCCC(=O)O'],[]
2,[3.0],1.8889189885242024,['CN1C(=O)C[C@@](C)(c2cc(Br)cs2)N/C1=N/C(=O)OC(C)(C)C.C#CCCCCCCC(=O)O'],[]
3,[66.1],2.073571215817507,['CCOC(=O)c1ncn2c1CN(C)C(=O)c1cc(Br)ccc1-2.O=C(O)CCCC(=O)C1CC1'],[]
4,[15.8],2.0931917769303343,['CN1C(=O)C[C@@](C)(c2cc(Br)cs2)N/C1=N/C(=O)OC(C)(C)C.O=C(O)CCCC(=O)C1CC1'],[]
5,[44.7],2.0887700411743673,['CCOC(=O)c1ncn2c1CN(C)C(=O)c1cc(Br)ccc1-2.O=C(O)CCc1cnccn1'],[]
6,[5.8],2.058700371913929,['CCOC(=O)c1ncn2c1CN(C)C(=O)c1cc(Br)ccc1-2.O=C(O)CCc1ccc(O)cc1'],[]
7,[28.9],2.0073468257816334,['CCOC(=O)c1ncn2c1CN(C)C(=O)c1cc(Br)ccc1-2.O=C(O)CCCc1cccs1'],[]
8,[28.1],2.0518553363418035,['CCOC(=O)c1ncn2c1CN(C)C(=O)c1cc(Br)ccc1-2.O=C(O)C1CC(c2ccccc2)C1'],[]
9,[32.8],1.9851721537247222,['CCOC(=O)c1ncn2c1CN(C)C(=O)c1cc(Br)ccc1-2.CC(C)(C)C(=O)CCC(=O)O'],[]
10,[45.9],2.0051014781604466,['CCOC(=O)c1ncn2c1CN(C)C(=O)c1cc(Br)ccc1-2.O=C1CC(C(=O)O)C1'],[]
11,[22.2],1.9640049732903213,['CCOC(=O)c1ncn2c1CN(C)C(=O)c1cc(Br)ccc1-2.O=C(O)CCc1nc2ccccc2s1'],[]
12,[81.5],1.9224160022291674,['CCOC(=O)c1ncn2c1CN(C)C(=O)c1cc(Br)ccc1-2.O=C(O)CCc1cccnc1'],[]
13,[16.8],1.9525356277705295,['CCOC(=O)c1ncn2c1CN(C)C(=O)c1cc(Br)ccc1-2.O=C(O)CCN1C(=O)c2ccccc2C1=O'],[]
14,[51.7],1.9334680210190407,['CCOC(=O)c1ncn2c1CN(C)C(=O)c1cc(Br)ccc1-2.O=C(O)Cc1cccnc1'],[]
15,[61.1],1.901942292193931,['CCOC(=O)c1ncn2c1CN(C)C(=O)c1cc(Br)ccc1-2.O=C(O)Cc1ccc(F)cc1'],[]
16,[43.6],1.8756037929627185,['CCOC(=O)c1ncn2c1CN(C)C(=O)c1cc(Br)ccc1-2.O=C(O)Cc1ccc(Cl)cc1'],[]
17,[6.3],1.885089430087482,['CCOC(=O)c1ncn2c1CN(C)C(=O)c1cc(Br)ccc1-2.N#Cc1ccc(CC(=O)O)cc1'],[]
18,[49.7],1.9599095850711163,['CCOC(=O)c1ncn2c1CN(C)C(=O)c1cc(Br)ccc1-2.CC(OCc1ccccc1)C(=O)O'],[]
19,[68.6],1.9896144960014277,['CCOC(=O)c1ncn2c1CN(C)C(=O)c1cc(Br)ccc1-2.CN1CC(C(=O)O)CC1=O'],[]
20,[70.8],2.071070847580219,['CCOC(=O)c1ncn2c1CN(C)C(=O)c1cc(Br)ccc1-2.C[C@H](O)CC(=O)O'],[]
21,[97.3],2.1961851030370894,['CCOC(=O)c1ncn2c1CN(C)C(=O)c1cc(Br)ccc1-2.COC(C)C(=O)O'],[]
22,[81.6],2.273921252549438,['CCOC(=O)c1ncn2c1CN(C)C(=O)c1cc(Br)ccc1-2.O=C(O)C1CCCO1'],[]
23,[82.4],2.3090739503993687,['CCOC(=O)c1ncn2c1CN(C)C(=O)c1cc(Br)ccc1-2.O=C(O)C1CCCCO1'],[]
24,[93.7],2.3366354786677355,['CCOC(=O)c1ncn2c1CN(C)C(=O)c1cc(Br)ccc1-2.O=C(O)C1COCCO1'],[]
25,[42.0],2.380491486849454,['CCOC(=O)c1ncn2c1CN(C)C(=O)c1cc(Br)ccc1-2.CC(C)(C)OCC(=O)O'],[]
26,[98.6],2.4009229910451837,['CCOC(=O)c1ncn2c1CN(C)C(=O)c1cc(Br)ccc1-2.O=C(O)C1CCOCC1'],[]
27,[80.6],2.401717010100346,['CCOC(=O)c1ncn2c1CN(C)C(=O)c1cc(Br)ccc1-2.O=C(O)C1CCOC1'],[]
28,[36.0],2.486945176401483,['CCOC(=O)c1ncn2c1CN(C)C(=O)c1cc(Br)ccc1-2.O=C(O)C1CC1'],[]
29,[10.4],2.4959981171862267,['CCOC(=O)c1ncn2c1CN(C)C(=O)c1cc(Br)ccc1-2.O=C1CC(C(=O)O)CCN1'],[]
30,[89.7],2.499260614747372,['CCOC(=O)c1ncn2c1CN(C)C(=O)c1cc(Br)ccc1-2.O=C(O)C1CCCC1'],[]
31,[23.4],2.5110400772511023,['CCOC(=O)c1ncn2c1CN(C)C(=O)c1cc(Br)ccc1-2.CC(=O)OC(C)C(=O)O'],[]
32,[91.4],2.5046578963675294,['CCOC(=O)c1ncn2c1CN(C)C(=O)c1cc(Br)ccc1-2.O=C(O)C1CCCCC1'],[]
33,[99.6],2.492359795777168,['CCOC(=O)c1ncn2c1CN(C)C(=O)c1cc(Br)ccc1-2.CC1CCCC(C(=O)O)C1'],[]
34,[24.0],2.50183165425721,['CCOC(=O)c1ncn2c1CN(C)C(=O)c1cc(Br)ccc1-2.O=C(O)C1CC2CC(O)CC(C2)C1'],[]
35,[79.3],2.48457735231943,['CCOC(=O)c1ncn2c1CN(C)C(=O)c1cc(Br)ccc1-2.O=C(O)[C@H]1CC[C@H](O)CC1'],[]
36,[94.9],2.468384636280505,['CCOC(=O)c1ncn2c1CN(C)C(=O)c1cc(Br)ccc1-2.O=C(O)C1CCCCCC1'],[]
37,[34.0],2.481575443653845,['CCOC(=O)c1ncn2c1CN(C)C(=O)c1cc(Br)ccc1-2.O=C(O)C1CCCCC12CC2'],[]
38,[46.4],2.4651048706488603,['CCOC(=O)c1ncn2c1CN(C)C(=O)c1cc(Br)ccc1-2.O=C(O)C1CCC(F)(F)CC1'],[]
39,[85.6],2.44506575363146,['CCOC(=O)c1ncn2c1CN(C)C(=O)c1cc(Br)ccc1-2.CC1(C)CC(C(=O)O)CCO1'],[]
