,obj_values ['yield'],Vendi_score,eval_samples,cut_samples
0,"[1.9, 29.5]",1.5090588991584453,"['COC(=O)CC1CCc2cc(Br)cc3[nH]c(=O)c(=O)n1c23.CC(C)(C)OC(=O)N[C@H](CO)C(=O)O', 'COC(=O)CC1CCc2cc(Br)cc3[nH]c(=O)c(=O)n1c23.O=C(O)[C@H]1CCC[C@@H](C(=O)c2ccccc2)C1']",[]
1,"[24.6, 0.3]",1.5155787812692891,"['COC(=O)CC1CCc2cc(Br)cc3[nH]c(=O)c(=O)n1c23.O=C(O)C1CCN(C(=O)OCc2ccccc2)C1', 'COC(=O)CC1CCc2cc(Br)cc3[nH]c(=O)c(=O)n1c23.O=C(O)[C@H]1CCC[C@@H]1C(=O)c1ccccc1']",[]
2,"[31.6, 18.4]",1.5438471298356247,"['COC(=O)CC1CCc2cc(Br)cc3[nH]c(=O)c(=O)n1c23.CC(C)(C)OC(=O)N1CC(C(=O)O)CC(c2ccccc2)C1', 'COC(=O)CC1CCc2cc(Br)cc3[nH]c(=O)c(=O)n1c23.CC(C)Oc1ccc(N2CC(C(=O)O)CC2=O)cc1']",[]
3,"[8.0, 1.5]",1.6575901872272645,"['COC(=O)CC1CCc2cc(Br)cc3[nH]c(=O)c(=O)n1c23.CC(C)(C)OC(=O)N1CCC(N2CCC[C@H](CC(=O)O)C2=O)CC1', 'COC(=O)CC1CCc2cc(Br)cc3[nH]c(=O)c(=O)n1c23.O=C(O)C1CCCN(c2ncc(-c3ccc4c(c3)OCO4)cn2)C1']",[]
4,"[41.5, 0.1]",1.6733327955910962,"['COC(=O)CC1CCc2cc(Br)cc3[nH]c(=O)c(=O)n1c23.COC(=O)[C@H]1CC[C@H](C(=O)O)CC1', 'COC(=O)CC1CCc2cc(Br)cc3[nH]c(=O)c(=O)n1c23.O=C(O)C1CN(C(=O)c2ccccc2)C1']",[]
5,"[43.2, 49.8]",1.7894682441498286,"['COC(=O)CC1CCc2cc(Br)cc3[nH]c(=O)c(=O)n1c23.CC(C)(C)OC(=O)N1CCC(C(=O)O)CC1', 'COC(=O)CC1CCc2cc(Br)cc3[nH]c(=O)c(=O)n1c23.CC1(C)CC(C(=O)O)CCO1']",[]
6,"[1.1, 0.0]",1.8169982107529195,"['COC(=O)CC1CCc2cc(Br)cc3[nH]c(=O)c(=O)n1c23.CC(C)(C)C1CCC(C(=O)O)CC1', 'COC(=O)CC1CCc2cc(Br)cc3[nH]c(=O)c(=O)n1c23.O=C(O)C1CCC2CCCCC2C1']",[]
7,"[9.5, 1.7]",1.841808154826788,"['COC(=O)CC1CCc2cc(Br)cc3[nH]c(=O)c(=O)n1c23.COc1ccc2c(c1)OCC(C(=O)O)C2', 'COC(=O)CC1CCc2cc(Br)cc3[nH]c(=O)c(=O)n1c23.Cc1n[nH]c2c1CC(C(=O)O)CC2']",[]
8,"[35.0, 32.9]",1.837318719914857,"['COC(=O)CC1CCc2cc(Br)cc3[nH]c(=O)c(=O)n1c23.O=C(O)C1CCC(F)(F)CC1', 'COC(=O)CC1CCc2cc(Br)cc3[nH]c(=O)c(=O)n1c23.CC(C)(C)OC(=O)N[C@H]1CCC[C@@H](C(=O)O)C1']",[]
9,"[0.0, 44.0]",1.8466131220217252,"['COC(=O)CC1CCc2cc(Br)cc3[nH]c(=O)c(=O)n1c23.O=C(O)C1CC2CC(O)CC(C2)C1', 'COC(=O)CC1CCc2cc(Br)cc3[nH]c(=O)c(=O)n1c23.CC1CCCC(C(=O)O)C1']",[]
10,"[44.6, 17.8]",1.8215855157830136,"['COC(=O)CC1CCc2cc(Br)cc3[nH]c(=O)c(=O)n1c23.O=C(O)[C@H]1CC[C@H](O)CC1', 'COC(=O)CC1CCc2cc(Br)cc3[nH]c(=O)c(=O)n1c23.CC(C)C1CCC(C(=O)O)CC1']",[]
11,"[42.9, 18.0]",1.793294962025728,"['COC(=O)CC1CCc2cc(Br)cc3[nH]c(=O)c(=O)n1c23.O=C(O)C1CCCCC1', 'COC(=O)CC1CCc2cc(Br)cc3[nH]c(=O)c(=O)n1c23.O=C(O)C1CCCCCC1']",[]
12,"[40.5, 2.1]",1.7847842353000567,"['COC(=O)CC1CCc2cc(Br)cc3[nH]c(=O)c(=O)n1c23.O=C(O)C1CCOC1', 'COC(=O)CC1CCc2cc(Br)cc3[nH]c(=O)c(=O)n1c23.O=C(O)C1CC[C@@H]2CCC[C@H]12']",[]
13,"[0.0, 40.3]",1.844664550056697,"['COC(=O)CC1CCc2cc(Br)cc3[nH]c(=O)c(=O)n1c23.C#CCCCCCCC(=O)O', 'COC(=O)CC1CCc2cc(Br)cc3[nH]c(=O)c(=O)n1c23.CCCCC(=O)O']",[]
14,"[0.7, 10.4]",1.862437751605174,"['COC(=O)CC1CCc2cc(Br)cc3[nH]c(=O)c(=O)n1c23.O=C(O)C1CCC(F)(F)C1', 'COC(=O)CC1CCc2cc(Br)cc3[nH]c(=O)c(=O)n1c23.O=C(O)C1CCC1(F)F']",[]
15,"[22.0, 37.1]",1.9150530406624267,"['COC(=O)CC1CCc2cc(Br)cc3[nH]c(=O)c(=O)n1c23.C[C@H](O)CC(=O)O', 'COC(=O)CC1CCc2cc(Br)cc3[nH]c(=O)c(=O)n1c23.O=C(O)CC1COC1']",[]
16,"[54.6, 3.5]",1.9716837047000926,"['COC(=O)CC1CCc2cc(Br)cc3[nH]c(=O)c(=O)n1c23.O=C(O)Cc1cccnc1', 'COC(=O)CC1CCc2cc(Br)cc3[nH]c(=O)c(=O)n1c23.CC(C)(C)OC(=O)N1CCC(CCCC(=O)O)CC1']",[]
17,"[35.3, 4.6]",1.9971044267747073,"['COC(=O)CC1CCc2cc(Br)cc3[nH]c(=O)c(=O)n1c23.O=C(O)Cc1ccc(F)cc1', 'COC(=O)CC1CCc2cc(Br)cc3[nH]c(=O)c(=O)n1c23.O=C(O)Cc1ccc(Cl)cc1']",[]
18,"[9.2, 27.2]",2.009188880390276,"['COC(=O)CC1CCc2cc(Br)cc3[nH]c(=O)c(=O)n1c23.CC(C)(C)C(=O)CCC(=O)O', 'COC(=O)CC1CCc2cc(Br)cc3[nH]c(=O)c(=O)n1c23.O=C(O)CCc1cccnc1']",[]
19,"[0.1, 0.0]",2.0401294041594404,"['COC(=O)CC1CCc2cc(Br)cc3[nH]c(=O)c(=O)n1c23.O=C(O)Cc1ccc(C(F)(F)F)cc1', 'COC(=O)CC1CCc2cc(Br)cc3[nH]c(=O)c(=O)n1c23.N#Cc1ccc(CC(=O)O)cc1']",[]
