,obj_values ['yield'],Vendi_score,eval_samples,cut_samples
0,"[51.5, 48.6]",1.6633855658107892,"['COC(=O)CC1CCc2cc(Br)cc3[nH]c(=O)c(=O)n1c23.CC(Oc1ccccc1)C(=O)O', 'CCOC(=O)c1ncn2c1CN(C)C(=O)c1cc(Br)ccc1-2.CC(C)(C)OC(=O)N1CC(Cc2ccccc2)C(C(=O)O)C1']",[]
1,"[64.5, 50.9]",1.9166660458693097,"['CCOC(=O)c1ncn2c1CN(C)C(=O)c1cc(Br)ccc1-2.CC(Oc1ccccc1)C(=O)O', 'COC(=O)CC1CCc2cc(Br)cc3[nH]c(=O)c(=O)n1c23.O=C(O)C1Cc2ccccc2O1']",[]
2,"[59.0, 57.4]",1.9219119974736356,"['CCOC(=O)c1ncn2c1CN(C)C(=O)c1cc(Br)ccc1-2.CCC(Oc1ccccc1)C(=O)O', 'CCOC(=O)c1ncn2c1CN(C)C(=O)c1cc(Br)ccc1-2.O=C(O)C1Cc2ccccc2O1']",[]
3,"[54.6, 45.9]",1.9591866979716992,"['CCOC(=O)c1ncn2c1CN(C)C(=O)c1cc(Br)ccc1-2.Cc1ccc(C)c(OCC(=O)O)c1', 'CCOC(=O)c1ncn2c1CN(C)C(=O)c1cc(Br)ccc1-2.O=C(O)C1CCc2ccccc2O1']",[]
4,"[68.3, 52.6]",1.9548102632907962,"['CCOC(=O)c1ncn2c1CN(C)C(=O)c1cc(Br)ccc1-2.COc1cccc(OCC(=O)O)c1', 'CCOC(=O)c1ncn2c1CN(C)C(=O)c1cc(Br)ccc1-2.CCc1ccc(OCC(=O)O)cc1']",[]
5,"[75.1, 68.6]",2.0692338802900525,"['CCOC(=O)c1ncn2c1CN(C)C(=O)c1cc(Br)ccc1-2.CC(=O)CCc1ccc(OCC(=O)O)cc1', 'CCOC(=O)c1ncn2c1CN(C)C(=O)c1cc(Br)ccc1-2.CN1CC(C(=O)O)CC1=O']",[]
6,"[75.5, 92.1]",2.116158220355515,"['CCOC(=O)c1ncn2c1CN(C)C(=O)c1cc(Br)ccc1-2.O=C(O)Cn1ccc(-c2cccs2)n1', 'CCOC(=O)c1ncn2c1CN(C)C(=O)c1cc(Br)ccc1-2.O=C(O)Cn1c(=O)oc2ccccc21']",[]
7,"[48.0, 35.9]",2.1754075862783804,"['CCOC(=O)c1ncn2c1CN(C)C(=O)c1cc(Br)ccc1-2.COc1cc(OCC(=O)O)ccc1C=O', 'CCOC(=O)c1ncn2c1CN(C)C(=O)c1cc(Br)ccc1-2.O=C(O)Cn1cc(Cl)c(=O)c(Cl)c1']",[]
8,"[19.0, 41.9]",2.3220006759893423,"['COC(=O)CC1CCc2cc(Br)cc3[nH]c(=O)c(=O)n1c23.O=C(O)Cn1c(=O)oc2ccccc21', 'CCOC(=O)c1ncn2c1CN(C)C(=O)c1cc(Br)ccc1-2.Cc1ccc(SCC(=O)O)cc1']",[]
9,"[16.7, 52.7]",2.3346856136036034,"['CCOC(=O)c1ncn2c1CN(C)C(=O)c1cc(Br)ccc1-2.COc1cccc(OCCC(=O)O)c1', 'CCOC(=O)c1ncn2c1CN(C)C(=O)c1cc(Br)ccc1-2.Cc1ccc(OCC(=O)O)c(C)c1']",[]
10,"[34.0, 100.0]",2.337308621580746,"['CCOC(=O)c1ncn2c1CN(C)C(=O)c1cc(Br)ccc1-2.CC(=O)N1C[C@H](O)C[C@H]1C(=O)O', 'CCOC(=O)c1ncn2c1CN(C)C(=O)c1cc(Br)ccc1-2.CN(CC(=O)O)C(=O)c1ccco1']",[]
11,"[40.4, 16.9]",2.3814724350631997,"['CCOC(=O)c1ncn2c1CN(C)C(=O)c1cc(Br)ccc1-2.O=C(O)CCNC(=O)c1ccccc1', 'CCOC(=O)c1ncn2c1CN(C)C(=O)c1cc(Br)ccc1-2.O=C(O)Cc1ccc(C(F)(F)F)cc1']",[]
12,"[51.8, 4.1]",2.3962622896883,"['CCOC(=O)c1ncn2c1CN(C)C(=O)c1cc(Br)ccc1-2.C[C@@H](NC(=O)c1ccccc1)C(=O)O', 'CCOC(=O)c1ncn2c1CN(C)C(=O)c1cc(Br)ccc1-2.O=C(O)CN1C(=O)COCC1=O']",[]
13,"[61.9, 45.5]",2.3536143695337643,"['CCOC(=O)c1ncn2c1CN(C)C(=O)c1cc(Br)ccc1-2.O=C(O)Cn1ccc2ccccc21', 'CCOC(=O)c1ncn2c1CN(C)C(=O)c1cc(Br)ccc1-2.O=C(O)Cn1nc(-c2ccccc2)c2ccccc2c1=O']",[]
14,"[76.7, 72.0]",2.343730420011201,"['CCOC(=O)c1ncn2c1CN(C)C(=O)c1cc(Br)ccc1-2.COc1cccc(N2CC(C(=O)O)CC2=O)c1', 'CCOC(=O)c1ncn2c1CN(C)C(=O)c1cc(Br)ccc1-2.COc1ccccc1OCC(=O)O']",[]
15,"[18.0, 66.8]",2.3698967957948978,"['CCOC(=O)c1ncn2c1CN(C)C(=O)c1cc(Br)ccc1-2.CC(C)Oc1ccc(N2CC(C(=O)O)CC2=O)cc1', 'CCOC(=O)c1ncn2c1CN(C)C(=O)c1cc(Br)ccc1-2.O=C1CCC(C(=O)O)Cc2ccccc21']",[]
16,"[73.7, 31.6]",2.3789795127829874,"['CCOC(=O)c1ncn2c1CN(C)C(=O)c1cc(Br)ccc1-2.COc1ccc(CC(=O)O)cc1', 'CCOC(=O)c1ncn2c1CN(C)C(=O)c1cc(Br)ccc1-2.O=C(O)C1CC(Oc2ccccc2)C1']",[]
17,"[61.3, 16.9]",2.348292914896986,"['CCOC(=O)c1ncn2c1CN(C)C(=O)c1cc(Br)ccc1-2.O=C(O)COc1ccc(O)cc1', 'CCOC(=O)c1ncn2c1CN(C)C(=O)c1cc(Br)ccc1-2.O=C(O)Cc1c[nH]c2cnccc12']",[]
18,"[5.3, 66.8]",2.3786299340109798,"['CCOC(=O)c1ncn2c1CN(C)C(=O)c1cc(Br)ccc1-2.Cc1n[nH]c2c1CC(C(=O)O)CC2', 'CCOC(=O)c1ncn2c1CN(C)C(=O)c1cc(Br)ccc1-2.COc1ccc(OCC(=O)O)cc1']",[]
19,"[46.4, 60.0]",2.366649158225385,"['CCOC(=O)c1ncn2c1CN(C)C(=O)c1cc(Br)ccc1-2.O=C(O)COc1ccccc1-c1ccccc1', 'CCOC(=O)c1ncn2c1CN(C)C(=O)c1cc(Br)ccc1-2.CC(Oc1ccc(C=O)cc1)C(=O)O']",[]
