,obj_values ['yield'],Vendi_score,eval_samples,cut_samples
0,"[25.9, 9.5]",1.132605841796859,"['CN1C(=O)C[C@@](C)(c2cc(Br)cs2)N/C1=N/C(=O)OC(C)(C)C.CC(C)(C)O[C@@H]1C[C@@H](C(=O)O)N(C(=O)OCc2ccccc2)C1', 'CN1C(=O)C[C@@](C)(c2cc(Br)cs2)N/C1=N/C(=O)OC(C)(C)C.CC(C)(C)OC(=O)N1C[C@H](c2ccccc2)C[C@H]1C(=O)O']",[]
1,"[2.9, 5.2]",1.2932276780059593,"['CN1C(=O)C[C@@](C)(c2cc(Br)cs2)N/C1=N/C(=O)OC(C)(C)C.O=C(N[C@@H](Cc1c[nH]c2ccccc12)C(=O)O)OCc1ccccc1', 'CN1C(=O)C[C@@](C)(c2cc(Br)cs2)N/C1=N/C(=O)OC(C)(C)C.O=C(N[C@@H](Cc1ccc(O)cc1)C(=O)O)OCc1ccccc1']",[]
2,"[7.2, 13.6]",1.3099914477926855,"['CN1C(=O)C[C@@](C)(c2cc(Br)cs2)N/C1=N/C(=O)OC(C)(C)C.CC(C)(C)OC(=O)N1CC(c2ccccc2)CC1C(=O)O', 'CN1C(=O)C[C@@](C)(c2cc(Br)cs2)N/C1=N/C(=O)OC(C)(C)C.O=C(NCC(=O)N1CCC[C@H]1C(=O)O)OCc1ccccc1']",[]
3,"[6.6, 11.6]",1.512314649119364,"['CN1C(=O)C[C@@](C)(c2cc(Br)cs2)N/C1=N/C(=O)OC(C)(C)C.CC(C)[C@H](NC(=O)OC(C)(C)C)C(=O)N1CCC[C@H]1C(=O)O', 'CN1C(=O)C[C@@](C)(c2cc(Br)cs2)N/C1=N/C(=O)OC(C)(C)C.C[C@H](NC(=O)OCc1ccccc1)C(=O)N1CCC[C@H]1C(=O)O']",[]
4,"[2.4, 5.6]",1.6990415442729456,"['CN1C(=O)C[C@@](C)(c2cc(Br)cs2)N/C1=N/C(=O)OC(C)(C)C.COC(=O)CCC(NC(=O)OC(C)(C)C)C(=O)O', 'CN1C(=O)C[C@@](C)(c2cc(Br)cs2)N/C1=N/C(=O)OC(C)(C)C.CC(C)(C)OC(=O)N[C@@H](CCC(N)=O)C(=O)O']",[]
5,"[4.4, 5.3]",2.1180571457400603,"['CN1C(=O)C[C@@](C)(c2cc(Br)cs2)N/C1=N/C(=O)OC(C)(C)C.Cc1ccc(S(=O)(=O)NC(=N)NCCC[C@H](NC(=O)OCc2ccccc2)C(=O)O)cc1', 'CN1C(=O)C[C@@](C)(c2cc(Br)cs2)N/C1=N/C(=O)OC(C)(C)C.CCCCCCC(CCCC)C(=O)O']",[]
6,"[2.9, 18.4]",2.052404920856163,"['CN1C(=O)C[C@@](C)(c2cc(Br)cs2)N/C1=N/C(=O)OC(C)(C)C.CC(C)(C)OC(=O)N1[C@@H](C(=O)O)CC[C@H]1c1ccccc1', 'CN1C(=O)C[C@@](C)(c2cc(Br)cs2)N/C1=N/C(=O)OC(C)(C)C.CC(C)(C)OC(=O)N1CCC(c2ccccc2)C1C(=O)O']",[]
7,"[20.2, 13.9]",2.1798397023647658,"['CN1C(=O)C[C@@](C)(c2cc(Br)cs2)N/C1=N/C(=O)OC(C)(C)C.CCC(Oc1ccccc1)C(=O)O', 'CN1C(=O)C[C@@](C)(c2cc(Br)cs2)N/C1=N/C(=O)OC(C)(C)C.CC(Oc1ccc(C=O)cc1)C(=O)O']",[]
8,"[0.0, 23.2]",2.3698316091176963,"['CN1C(=O)C[C@@](C)(c2cc(Br)cs2)N/C1=N/C(=O)OC(C)(C)C.CCC[C@](C)(F)C(=O)O', 'CN1C(=O)C[C@@](C)(c2cc(Br)cs2)N/C1=N/C(=O)OC(C)(C)C.CC(Oc1ccccc1)C(=O)O']",[]
9,"[32.1, 33.2]",2.4681745549463074,"['CN1C(=O)C[C@@](C)(c2cc(Br)cs2)N/C1=N/C(=O)OC(C)(C)C.CCc1ccc(OCC(=O)O)cc1', 'CN1C(=O)C[C@@](C)(c2cc(Br)cs2)N/C1=N/C(=O)OC(C)(C)C.COc1ccccc1OCC(=O)O']",[]
10,"[27.4, 28.5]",2.482687802006441,"['CN1C(=O)C[C@@](C)(c2cc(Br)cs2)N/C1=N/C(=O)OC(C)(C)C.Cc1ccc(C)c(OCC(=O)O)c1', 'CN1C(=O)C[C@@](C)(c2cc(Br)cs2)N/C1=N/C(=O)OC(C)(C)C.COc1ccc(OCC(=O)O)cc1']",[]
11,"[22.5, 24.1]",2.4958252994162193,"['CN1C(=O)C[C@@](C)(c2cc(Br)cs2)N/C1=N/C(=O)OC(C)(C)C.O=C(O)COc1cccc(Cl)c1', 'CN1C(=O)C[C@@](C)(c2cc(Br)cs2)N/C1=N/C(=O)OC(C)(C)C.COc1cccc(OCC(=O)O)c1']",[]
12,"[4.0, 16.5]",2.548137539446534,"['CN1C(=O)C[C@@](C)(c2cc(Br)cs2)N/C1=N/C(=O)OC(C)(C)C.CC(=O)N[C@@H]1[C@@H](O[C@H](C)C(=O)O)[C@H](O)[C@@H](CO)O[C@@H]1O', 'CN1C(=O)C[C@@](C)(c2cc(Br)cs2)N/C1=N/C(=O)OC(C)(C)C.CC(C)(C)c1ccc(OCC(=O)O)cc1']",[]
13,"[6.3, 17.7]",2.502203492244442,"['CN1C(=O)C[C@@](C)(c2cc(Br)cs2)N/C1=N/C(=O)OC(C)(C)C.Cc1ccccc1OCC(=O)O', 'CN1C(=O)C[C@@](C)(c2cc(Br)cs2)N/C1=N/C(=O)OC(C)(C)C.O=C(O)COc1ccc(O)cc1']",[]
14,"[33.6, 23.6]",2.4696921556162814,"['CN1C(=O)C[C@@](C)(c2cc(Br)cs2)N/C1=N/C(=O)OC(C)(C)C.CC(=O)CCc1ccc(OCC(=O)O)cc1', 'CN1C(=O)C[C@@](C)(c2cc(Br)cs2)N/C1=N/C(=O)OC(C)(C)C.O=C(O)COc1ccc(Cl)cc1']",[]
15,"[24.4, 33.0]",2.4424581660223152,"['CN1C(=O)C[C@@](C)(c2cc(Br)cs2)N/C1=N/C(=O)OC(C)(C)C.O=C(O)COc1ccc(OC(F)(F)F)cc1', 'CN1C(=O)C[C@@](C)(c2cc(Br)cs2)N/C1=N/C(=O)OC(C)(C)C.Cc1ccccc1COCC(=O)O']",[]
16,"[18.7, 25.4]",2.4316864921147983,"['CN1C(=O)C[C@@](C)(c2cc(Br)cs2)N/C1=N/C(=O)OC(C)(C)C.O=C(O)COc1ccccc1Cl', 'CN1C(=O)C[C@@](C)(c2cc(Br)cs2)N/C1=N/C(=O)OC(C)(C)C.COc1cc(OCC(=O)O)ccc1C=O']",[]
17,"[10.2, 12.9]",2.413758475307887,"['CN1C(=O)C[C@@](C)(c2cc(Br)cs2)N/C1=N/C(=O)OC(C)(C)C.O=Cc1cccc(OCC(=O)O)c1', 'CN1C(=O)C[C@@](C)(c2cc(Br)cs2)N/C1=N/C(=O)OC(C)(C)C.O=C(O)COc1ccc(OCc2ccccc2)cc1']",[]
18,"[10.0, 8.5]",2.4991658703827486,"['CN1C(=O)C[C@@](C)(c2cc(Br)cs2)N/C1=N/C(=O)OC(C)(C)C.Cc1ccc(SCC(=O)O)cc1', 'CN1C(=O)C[C@@](C)(c2cc(Br)cs2)N/C1=N/C(=O)OC(C)(C)C.CC(C)[C@@H]1CC[C@@H](C)C[C@H]1OCC(=O)O']",[]
19,"[15.2, 26.9]",2.4702355807293235,"['CN1C(=O)C[C@@](C)(c2cc(Br)cs2)N/C1=N/C(=O)OC(C)(C)C.CC(OCc1ccccc1)C(=O)O', 'CN1C(=O)C[C@@](C)(c2cc(Br)cs2)N/C1=N/C(=O)OC(C)(C)C.Cc1ccc(OCC(=O)O)c(C)c1']",[]
