,obj_values ['yield'],Vendi_score,eval_samples,cut_samples
0,[15.4],1.0000000000000009,['CN1C(=O)C[C@@](C)(c2cc(Br)cs2)N/C1=N/C(=O)OC(C)(C)C.CC(C)(C)OC(=O)NC1CCC(CC(=O)O)CC1'],[]
1,[16.4],1.4101447345290823,['CCOC(=O)c1ncn2c1CN(C)C(=O)c1cc(Br)ccc1-2.C#CCCCCCCC(=O)O'],[]
2,[3.0],1.4251843630357042,['CN1C(=O)C[C@@](C)(c2cc(Br)cs2)N/C1=N/C(=O)OC(C)(C)C.C#CCCCCCCC(=O)O'],[]
3,[33.7],1.4941677681115044,['CCOC(=O)c1ncn2c1CN(C)C(=O)c1cc(Br)ccc1-2.CC(C)(C)OC(=O)NC1CCC(CC(=O)O)CC1'],[]
4,[13.2],1.7079358418492507,['COC(=O)CC1CCc2cc(Br)cc3[nH]c(=O)c(=O)n1c23.CC(C)(C)OC(=O)NC1CCC(CC(=O)O)CC1'],[]
5,[18.9],1.6818495506674849,['CCOC(=O)c1ncn2c1CN(C)C(=O)c1cc(Br)ccc1-2.C=CC[C@H](CC(=O)O)NC(=O)OC(C)(C)C'],[]
6,[24.7],1.7013257729344156,['CCOC(=O)c1ncn2c1CN(C)C(=O)c1cc(Br)ccc1-2.CC(C)(C)OC(=O)NCCCCCCCCCCC(=O)O'],[]
7,[15.4],1.703853659040022,['CCOC(=O)c1ncn2c1CN(C)C(=O)c1cc(Br)ccc1-2.CCCCCCCC/C=C\\CCCCCCCC(=O)O'],[]
8,[70.2],1.7125990396038138,['CCOC(=O)c1ncn2c1CN(C)C(=O)c1cc(Br)ccc1-2.O=C(O)CC1COC1'],[]
9,[36.4],1.7625193472633913,['CN1C(=O)C[C@@](C)(c2cc(Br)cs2)N/C1=N/C(=O)OC(C)(C)C.O=C(O)CC1COC1'],[]
10,[37.1],1.846211299528436,['COC(=O)CC1CCc2cc(Br)cc3[nH]c(=O)c(=O)n1c23.O=C(O)CC1COC1'],[]
11,[40.9],1.8244754646453318,['CCOC(=O)c1ncn2c1CN(C)C(=O)c1cc(Br)ccc1-2.CC(C)(C)OC(=O)N1C2CCC1CC(CC(=O)O)C2'],[]
12,[56.8],1.8419740123669988,['CCOC(=O)c1ncn2c1CN(C)C(=O)c1cc(Br)ccc1-2.CC(C)(C)OC(=O)N1CC(CC(=O)O)C1'],[]
13,[18.8],1.8930528280562058,['CN1C(=O)C[C@@](C)(c2cc(Br)cs2)N/C1=N/C(=O)OC(C)(C)C.CC(C)(C)OC(=O)N1CC(CC(=O)O)C1'],[]
14,[69.8],2.036827349178357,['CCOC(=O)c1ncn2c1CN(C)C(=O)c1cc(Br)ccc1-2.O=C(O)CC1CN2CCC1CC2'],[]
15,[25.9],2.1911594471351945,['COC(=O)CC1CCc2cc(Br)cc3[nH]c(=O)c(=O)n1c23.O=C(O)CC1CN2CCC1CC2'],[]
16,[24.2],2.2419700825117546,['CCOC(=O)c1ncn2c1CN(C)C(=O)c1cc(Br)ccc1-2.CC(C)(C)OC(=O)N1CCOC(CC(=O)O)C1'],[]
17,[84.3],2.258559496930473,['CCOC(=O)c1ncn2c1CN(C)C(=O)c1cc(Br)ccc1-2.CC(C)(C)OC(=O)N[C@H]1CCN(CC(=O)O)C1=O'],[]
18,[96.8],2.3205566313405788,['CCOC(=O)c1ncn2c1CN(C)C(=O)c1cc(Br)ccc1-2.Cc1ccnn1CC(=O)O'],[]
19,[100.0],2.3385303835204554,['CCOC(=O)c1ncn2c1CN(C)C(=O)c1cc(Br)ccc1-2.Cc1nc(C)n(CC(=O)O)n1'],[]
20,[42.0],2.3872552294159246,['CCOC(=O)c1ncn2c1CN(C)C(=O)c1cc(Br)ccc1-2.CC(C)(C)OCC(=O)O'],[]
21,[45.9],2.4517553633878264,['CN1C(=O)C[C@@](C)(c2cc(Br)cs2)N/C1=N/C(=O)OC(C)(C)C.Cc1nc(C)n(CC(=O)O)n1'],[]
22,[95.2],2.5633391825796448,['CCOC(=O)c1ncn2c1CN(C)C(=O)c1cc(Br)ccc1-2.COCC(=O)O'],[]
23,[44.7],2.6945886453814927,['COC(=O)CC1CCc2cc(Br)cc3[nH]c(=O)c(=O)n1c23.COCC(=O)O'],[]
24,[50.7],2.747614193457806,['CCOC(=O)c1ncn2c1CN(C)C(=O)c1cc(Br)ccc1-2.Cc1ccccc1OCC(=O)O'],[]
25,[96.0],2.8343836607544417,['CCOC(=O)c1ncn2c1CN(C)C(=O)c1cc(Br)ccc1-2.O=C(O)CNC(=O)CNC(=O)c1ccccc1'],[]
26,[52.7],2.864865412490022,['CCOC(=O)c1ncn2c1CN(C)C(=O)c1cc(Br)ccc1-2.Cc1ccc(OCC(=O)O)c(C)c1'],[]
27,[4.1],2.91232238569852,['CCOC(=O)c1ncn2c1CN(C)C(=O)c1cc(Br)ccc1-2.O=C(O)CN1C(=O)COCC1=O'],[]
28,[61.9],2.9176766459971373,['CCOC(=O)c1ncn2c1CN(C)C(=O)c1cc(Br)ccc1-2.O=C(O)Cn1ccc2ccccc21'],[]
29,[48.5],2.9790833861016,['CCOC(=O)c1ncn2c1CN(C)C(=O)c1cc(Br)ccc1-2.CSCC[C@H](NC(=O)OC(C)(C)C)C(=O)NCC(=O)O'],[]
30,[19.4],3.0603322856389537,['CN1C(=O)C[C@@](C)(c2cc(Br)cs2)N/C1=N/C(=O)OC(C)(C)C.O=C(O)CNC(=O)CNC(=O)c1ccccc1'],[]
31,[92.1],3.0632237120674337,['CCOC(=O)c1ncn2c1CN(C)C(=O)c1cc(Br)ccc1-2.O=C(O)Cn1c(=O)oc2ccccc21'],[]
32,[48.0],3.0932634486996666,['CCOC(=O)c1ncn2c1CN(C)C(=O)c1cc(Br)ccc1-2.COc1cc(OCC(=O)O)ccc1C=O'],[]
33,[75.5],3.0906777762418605,['CCOC(=O)c1ncn2c1CN(C)C(=O)c1cc(Br)ccc1-2.O=C(O)Cn1ccc(-c2cccs2)n1'],[]
34,[35.9],3.125835570966131,['CCOC(=O)c1ncn2c1CN(C)C(=O)c1cc(Br)ccc1-2.O=C(O)Cn1cc(Cl)c(=O)c(Cl)c1'],[]
35,[69.4],3.1208965330727203,['CCOC(=O)c1ncn2c1CN(C)C(=O)c1cc(Br)ccc1-2.NC(=O)CC[C@H](NC(=O)OCc1ccccc1)C(=O)NCC(=O)O'],[]
36,[87.1],3.093217323891362,['CCOC(=O)c1ncn2c1CN(C)C(=O)c1cc(Br)ccc1-2.O=C(O)CNC(=O)Cc1ccccc1'],[]
37,[89.1],3.083938466928945,['CCOC(=O)c1ncn2c1CN(C)C(=O)c1cc(Br)ccc1-2.Cc1nc(CC(=O)O)c(C)s1'],[]
38,[73.7],3.077209988191317,['CCOC(=O)c1ncn2c1CN(C)C(=O)c1cc(Br)ccc1-2.COc1ccc(CC(=O)O)cc1'],[]
39,[16.9],3.0683571738429,['CCOC(=O)c1ncn2c1CN(C)C(=O)c1cc(Br)ccc1-2.O=C(O)Cc1c[nH]c2cnccc12'],[]
