,obj_values ['yield'],Vendi_score,eval_samples,cut_samples
0,"[75.5, 32.6, 41.6]",1.7529944894558256,"['CCOC(=O)c1ncn2c1CN(C)C(=O)c1cc(Br)ccc1-2.O=C(O)Cn1ccc(-c2cccs2)n1', 'CCOC(=O)c1ncn2c1CN(C)C(=O)c1cc(Br)ccc1-2.O=C(O)COc1cccc(Cl)c1', 'CN1C(=O)C[C@@](C)(c2cc(Br)cs2)N/C1=N/C(=O)OC(C)(C)C.O=C(O)C1CCOC1']",[]
1,"[55.4, 25.5, 19.7]",2.208764702599421,"['CCOC(=O)c1ncn2c1CN(C)C(=O)c1cc(Br)ccc1-2.CCCOc1ccc(CC(=O)O)cc1', 'CN1C(=O)C[C@@](C)(c2cc(Br)cs2)N/C1=N/C(=O)OC(C)(C)C.O=C(O)Cn1ccc(-c2cccs2)n1', 'COC(=O)CC1CCc2cc(Br)cc3[nH]c(=O)c(=O)n1c23.O=C(O)Cn1ccc(-c2cccs2)n1']",[]
2,"[18.0, 45.5, 73.7]",2.230626400525605,"['CCOC(=O)c1ncn2c1CN(C)C(=O)c1cc(Br)ccc1-2.CC(C)Oc1ccc(N2CC(C(=O)O)CC2=O)cc1', 'CCOC(=O)c1ncn2c1CN(C)C(=O)c1cc(Br)ccc1-2.O=C(O)Cn1nc(-c2ccccc2)c2ccccc2c1=O', 'CCOC(=O)c1ncn2c1CN(C)C(=O)c1cc(Br)ccc1-2.COc1ccc(CC(=O)O)cc1']",[]
3,"[68.5, 81.5, 32.8]",2.1308259118834956,"['CCOC(=O)c1ncn2c1CN(C)C(=O)c1cc(Br)ccc1-2.O=C(O)Cc1ccc(O)cc1', 'CCOC(=O)c1ncn2c1CN(C)C(=O)c1cc(Br)ccc1-2.O=C(O)CCc1cccnc1', 'CCOC(=O)c1ncn2c1CN(C)C(=O)c1cc(Br)ccc1-2.CC(C)(C)C(=O)CCC(=O)O']",[]
4,"[51.7, 40.4, 89.1]",2.039427057730178,"['CCOC(=O)c1ncn2c1CN(C)C(=O)c1cc(Br)ccc1-2.O=C(O)Cc1cccnc1', 'CCOC(=O)c1ncn2c1CN(C)C(=O)c1cc(Br)ccc1-2.O=C(O)CCNC(=O)c1ccccc1', 'CCOC(=O)c1ncn2c1CN(C)C(=O)c1cc(Br)ccc1-2.Cc1nc(CC(=O)O)c(C)s1']",[]
5,"[70.8, 16.9, 51.4]",2.081501298412531,"['CCOC(=O)c1ncn2c1CN(C)C(=O)c1cc(Br)ccc1-2.C[C@H](O)CC(=O)O', 'CCOC(=O)c1ncn2c1CN(C)C(=O)c1cc(Br)ccc1-2.O=C(O)Cc1c[nH]c2cnccc12', 'CCOC(=O)c1ncn2c1CN(C)C(=O)c1cc(Br)ccc1-2.CC(C)c1ccc(CC(=O)O)cc1']",[]
6,"[61.1, 70.2, 92.0]",2.1314181174107696,"['CCOC(=O)c1ncn2c1CN(C)C(=O)c1cc(Br)ccc1-2.O=C(O)Cc1ccc(F)cc1', 'CCOC(=O)c1ncn2c1CN(C)C(=O)c1cc(Br)ccc1-2.O=C(O)CC1COC1', 'CCOC(=O)c1ncn2c1CN(C)C(=O)c1cc(Br)ccc1-2.CCCCC(=O)O']",[]
7,"[36.0, 16.4, 39.0]",2.183240240281986,"['CCOC(=O)c1ncn2c1CN(C)C(=O)c1cc(Br)ccc1-2.CC(C)CCCCCCC(=O)O', 'CCOC(=O)c1ncn2c1CN(C)C(=O)c1cc(Br)ccc1-2.C#CCCCCCCC(=O)O', 'CCOC(=O)c1ncn2c1CN(C)C(=O)c1cc(Br)ccc1-2.O=C(O)CC1CCCCCC1']",[]
8,"[36.0, 43.6, 20.8]",2.2254066031304083,"['CCOC(=O)c1ncn2c1CN(C)C(=O)c1cc(Br)ccc1-2.O=C(O)C1CC1', 'CCOC(=O)c1ncn2c1CN(C)C(=O)c1cc(Br)ccc1-2.O=C(O)Cc1ccc(Cl)cc1', 'CCOC(=O)c1ncn2c1CN(C)C(=O)c1cc(Br)ccc1-2.O=C(O)Cc1cc(Cl)ccc1F']",[]
9,"[100.0, 96.8, 95.2]",2.4492144882297255,"['CCOC(=O)c1ncn2c1CN(C)C(=O)c1cc(Br)ccc1-2.Cc1nc(C)n(CC(=O)O)n1', 'CCOC(=O)c1ncn2c1CN(C)C(=O)c1cc(Br)ccc1-2.Cc1ccnn1CC(=O)O', 'CCOC(=O)c1ncn2c1CN(C)C(=O)c1cc(Br)ccc1-2.COCC(=O)O']",[]
10,"[69.8, 42.0, 16.8]",2.674950259870341,"['CCOC(=O)c1ncn2c1CN(C)C(=O)c1cc(Br)ccc1-2.O=C(O)CC1CN2CCC1CC2', 'CCOC(=O)c1ncn2c1CN(C)C(=O)c1cc(Br)ccc1-2.CC(C)(C)OCC(=O)O', 'CN1C(=O)C[C@@](C)(c2cc(Br)cs2)N/C1=N/C(=O)OC(C)(C)C.COCC(=O)O']",[]
11,"[50.7, 52.0, 52.7]",2.7072824224873395,"['CCOC(=O)c1ncn2c1CN(C)C(=O)c1cc(Br)ccc1-2.Cc1ccccc1OCC(=O)O', 'CCOC(=O)c1ncn2c1CN(C)C(=O)c1cc(Br)ccc1-2.O=C(O)Cc1ccccc1O', 'CCOC(=O)c1ncn2c1CN(C)C(=O)c1cc(Br)ccc1-2.Cc1ccc(OCC(=O)O)c(C)c1']",[]
12,"[92.1, 6.3, 56.8]",2.680012862669325,"['CCOC(=O)c1ncn2c1CN(C)C(=O)c1cc(Br)ccc1-2.O=C(O)Cn1c(=O)oc2ccccc21', 'CCOC(=O)c1ncn2c1CN(C)C(=O)c1cc(Br)ccc1-2.N#Cc1ccc(CC(=O)O)cc1', 'CCOC(=O)c1ncn2c1CN(C)C(=O)c1cc(Br)ccc1-2.CC(C)(C)OC(=O)N1CC(CC(=O)O)C1']",[]
13,[100.0],2.655345982235971,['CCOC(=O)c1ncn2c1CN(C)C(=O)c1cc(Br)ccc1-2.Cc1cn(CC(=O)O)c(=O)[nH]c1=O'],[]
