,obj_values ['yield'],Vendi_score,eval_samples,cut_samples
0,"[11.2, 55.9]",1.3374710349515047,"['COC(=O)CC1CCc2cc(Br)cc3[nH]c(=O)c(=O)n1c23.CC(=O)NCCCCCC(=O)O', 'COC(=O)CC1CCc2cc(Br)cc3[nH]c(=O)c(=O)n1c23.COc1ccccc1OCC(=O)O']",[]
1,"[0.6, 6.4]",1.4223241680901357,"['COC(=O)CC1CCc2cc(Br)cc3[nH]c(=O)c(=O)n1c23.Cn1cc(SCC(=O)O)c2ccccc21', 'COC(=O)CC1CCc2cc(Br)cc3[nH]c(=O)c(=O)n1c23.CC(C)(C)c1ccc(SCC(=O)O)cc1']",[]
2,"[33.9, 47.9]",1.4633445853923148,"['COC(=O)CC1CCc2cc(Br)cc3[nH]c(=O)c(=O)n1c23.COc1ccc(OCC(=O)O)cc1', 'COC(=O)CC1CCc2cc(Br)cc3[nH]c(=O)c(=O)n1c23.O=C(O)COc1ccc(O)cc1']",[]
3,"[27.4, 43.6]",1.4577556407423005,"['COC(=O)CC1CCc2cc(Br)cc3[nH]c(=O)c(=O)n1c23.O=C(O)COc1ccccc1Cl', 'COC(=O)CC1CCc2cc(Br)cc3[nH]c(=O)c(=O)n1c23.O=C(O)COc1ccc(Cl)cc1']",[]
4,"[50.2, 46.9]",1.4268463166486391,"['COC(=O)CC1CCc2cc(Br)cc3[nH]c(=O)c(=O)n1c23.CCc1ccc(OCC(=O)O)cc1', 'COC(=O)CC1CCc2cc(Br)cc3[nH]c(=O)c(=O)n1c23.Cc1ccc(C)c(OCC(=O)O)c1']",[]
5,"[55.8, 62.3]",1.4047112055810413,"['COC(=O)CC1CCc2cc(Br)cc3[nH]c(=O)c(=O)n1c23.Cc1ccccc1OCC(=O)O', 'COC(=O)CC1CCc2cc(Br)cc3[nH]c(=O)c(=O)n1c23.COc1cccc(OCC(=O)O)c1']",[]
6,"[34.9, 44.7]",1.4947408043281383,"['COC(=O)CC1CCc2cc(Br)cc3[nH]c(=O)c(=O)n1c23.O=C(O)COc1cccc(Cl)c1', 'COC(=O)CC1CCc2cc(Br)cc3[nH]c(=O)c(=O)n1c23.Cc1nc(C)n(CC(=O)O)n1']",[]
7,"[38.1, 9.9]",1.6417601238347685,"['COC(=O)CC1CCc2cc(Br)cc3[nH]c(=O)c(=O)n1c23.Cc1ccnn1CC(=O)O', 'COC(=O)CC1CCc2cc(Br)cc3[nH]c(=O)c(=O)n1c23.CC(C)(C)OCC(=O)O']",[]
8,"[43.5, 72.0]",1.6281432531026152,"['COC(=O)CC1CCc2cc(Br)cc3[nH]c(=O)c(=O)n1c23.Cc1ccccc1COCC(=O)O', 'COC(=O)CC1CCc2cc(Br)cc3[nH]c(=O)c(=O)n1c23.CC(=O)CCc1ccc(OCC(=O)O)cc1']",[]
9,"[18.9, 45.6]",1.6484461220309359,"['COC(=O)CC1CCc2cc(Br)cc3[nH]c(=O)c(=O)n1c23.COc1cc(OCC(=O)O)ccc1C=O', 'COC(=O)CC1CCc2cc(Br)cc3[nH]c(=O)c(=O)n1c23.Cc1ccc(OCC(=O)O)c(C)c1']",[]
10,"[27.2, 19.7]",1.6573986362049358,"['COC(=O)CC1CCc2cc(Br)cc3[nH]c(=O)c(=O)n1c23.O=C(O)COc1ccc(OCc2ccccc2)cc1', 'COC(=O)CC1CCc2cc(Br)cc3[nH]c(=O)c(=O)n1c23.O=C(O)Cn1ccc(-c2cccs2)n1']",[]
11,"[38.8, 18.8]",1.642607492385926,"['COC(=O)CC1CCc2cc(Br)cc3[nH]c(=O)c(=O)n1c23.CC(C)(C)c1ccc(OCC(=O)O)cc1', 'COC(=O)CC1CCc2cc(Br)cc3[nH]c(=O)c(=O)n1c23.O=C(O)Cn1ccc2ccccc21']",[]
12,"[44.7, 34.4]",1.7157739715779954,"['COC(=O)CC1CCc2cc(Br)cc3[nH]c(=O)c(=O)n1c23.COCC(=O)O', 'COC(=O)CC1CCc2cc(Br)cc3[nH]c(=O)c(=O)n1c23.O=C(O)COc1ccc(OC(F)(F)F)cc1']",[]
13,"[0.1, 21.9]",1.9764171228098446,"['CN1C(=O)C[C@@](C)(c2cc(Br)cs2)N/C1=N/C(=O)OC(C)(C)C.Cc1n[nH]c2c1CC(C(=O)O)CC2', 'CN1C(=O)C[C@@](C)(c2cc(Br)cs2)N/C1=N/C(=O)OC(C)(C)C.O=C(O)Cn1nc(-c2ccccc2)c2ccccc2c1=O']",[]
14,"[33.6, 24.1]",2.083744145783227,"['CN1C(=O)C[C@@](C)(c2cc(Br)cs2)N/C1=N/C(=O)OC(C)(C)C.CC(=O)CCc1ccc(OCC(=O)O)cc1', 'CN1C(=O)C[C@@](C)(c2cc(Br)cs2)N/C1=N/C(=O)OC(C)(C)C.COc1cccc(OCC(=O)O)c1']",[]
15,"[38.6, 7.1]",2.159631571497177,"['COC(=O)CC1CCc2cc(Br)cc3[nH]c(=O)c(=O)n1c23.CCC(Oc1ccccc1)C(=O)O', 'COC(=O)CC1CCc2cc(Br)cc3[nH]c(=O)c(=O)n1c23.O=C(O)C1COC(c2ccccc2)CO1']",[]
16,"[25.2, 51.5]",2.2463096944544985,"['COC(=O)CC1CCc2cc(Br)cc3[nH]c(=O)c(=O)n1c23.CC(F)C(=O)O', 'COC(=O)CC1CCc2cc(Br)cc3[nH]c(=O)c(=O)n1c23.CC(Oc1ccccc1)C(=O)O']",[]
17,"[33.2, 31.1]",2.281843254347064,"['CN1C(=O)C[C@@](C)(c2cc(Br)cs2)N/C1=N/C(=O)OC(C)(C)C.COc1ccccc1OCC(=O)O', 'COC(=O)CC1CCc2cc(Br)cc3[nH]c(=O)c(=O)n1c23.CC(OCc1ccccc1)C(=O)O']",[]
18,"[0.6, 69.2]",2.38026894352666,"['COC(=O)CC1CCc2cc(Br)cc3[nH]c(=O)c(=O)n1c23.CSCCC(NC(=O)OC(C)(C)C)C(=O)O', 'COC(=O)CC1CCc2cc(Br)cc3[nH]c(=O)c(=O)n1c23.CC(C)(C)OC(=O)N[C@H]1CCN(CC(=O)O)C1=O']",[]
19,"[16.2, 27.1]",2.471766064505765,"['COC(=O)CC1CCc2cc(Br)cc3[nH]c(=O)c(=O)n1c23.CC(C)[C@@H]1CC[C@@H](C)C[C@H]1OCC(=O)O', 'COC(=O)CC1CCc2cc(Br)cc3[nH]c(=O)c(=O)n1c23.CSCC[C@H](NC(=O)OC(C)(C)C)C(=O)NCC(=O)O']",[]
