,obj_values ['yield'],Vendi_score,eval_samples,cut_samples
0,"[6.0, 47.9]",1.6254090966911376,"['CN1C(=O)C[C@@](C)(c2cc(Br)cs2)N/C1=N/C(=O)OC(C)(C)C.CC(C)(C)OC(=O)N[C@@H](Cc1cccc(Cl)c1)C(=O)O', 'COC(=O)CC1CCc2cc(Br)cc3[nH]c(=O)c(=O)n1c23.O=C(O)COc1ccc(O)cc1']",[]
1,"[17.7, 33.9]",1.7336260149521554,"['CN1C(=O)C[C@@](C)(c2cc(Br)cs2)N/C1=N/C(=O)OC(C)(C)C.O=C(O)COc1ccc(O)cc1', 'COC(=O)CC1CCc2cc(Br)cc3[nH]c(=O)c(=O)n1c23.COc1ccc(OCC(=O)O)cc1']",[]
2,"[27.4, 55.8]",1.6650490607215167,"['COC(=O)CC1CCc2cc(Br)cc3[nH]c(=O)c(=O)n1c23.O=C(O)COc1ccccc1Cl', 'COC(=O)CC1CCc2cc(Br)cc3[nH]c(=O)c(=O)n1c23.Cc1ccccc1OCC(=O)O']",[]
3,"[62.3, 45.6]",1.633733547812564,"['COC(=O)CC1CCc2cc(Br)cc3[nH]c(=O)c(=O)n1c23.COc1cccc(OCC(=O)O)c1', 'COC(=O)CC1CCc2cc(Br)cc3[nH]c(=O)c(=O)n1c23.Cc1ccc(OCC(=O)O)c(C)c1']",[]
4,"[43.5, 44.7]",1.7425349296323263,"['COC(=O)CC1CCc2cc(Br)cc3[nH]c(=O)c(=O)n1c23.Cc1ccccc1COCC(=O)O', 'COC(=O)CC1CCc2cc(Br)cc3[nH]c(=O)c(=O)n1c23.Cc1nc(C)n(CC(=O)O)n1']",[]
5,"[38.1, 72.0]",1.7939869707762386,"['COC(=O)CC1CCc2cc(Br)cc3[nH]c(=O)c(=O)n1c23.Cc1ccnn1CC(=O)O', 'COC(=O)CC1CCc2cc(Br)cc3[nH]c(=O)c(=O)n1c23.CC(=O)CCc1ccc(OCC(=O)O)cc1']",[]
6,"[18.9, 34.9]",1.7799544446677773,"['COC(=O)CC1CCc2cc(Br)cc3[nH]c(=O)c(=O)n1c23.COc1cc(OCC(=O)O)ccc1C=O', 'COC(=O)CC1CCc2cc(Br)cc3[nH]c(=O)c(=O)n1c23.O=C(O)COc1cccc(Cl)c1']",[]
7,"[50.2, 19.7]",1.7603233761732582,"['COC(=O)CC1CCc2cc(Br)cc3[nH]c(=O)c(=O)n1c23.CCc1ccc(OCC(=O)O)cc1', 'COC(=O)CC1CCc2cc(Br)cc3[nH]c(=O)c(=O)n1c23.O=C(O)Cn1ccc(-c2cccs2)n1']",[]
8,"[16.2, 9.9]",1.8916243790073715,"['COC(=O)CC1CCc2cc(Br)cc3[nH]c(=O)c(=O)n1c23.CC(C)[C@@H]1CC[C@@H](C)C[C@H]1OCC(=O)O', 'COC(=O)CC1CCc2cc(Br)cc3[nH]c(=O)c(=O)n1c23.CC(C)(C)OCC(=O)O']",[]
9,"[27.2, 55.9]",1.8668357495525427,"['COC(=O)CC1CCc2cc(Br)cc3[nH]c(=O)c(=O)n1c23.O=C(O)COc1ccc(OCc2ccccc2)cc1', 'COC(=O)CC1CCc2cc(Br)cc3[nH]c(=O)c(=O)n1c23.COc1ccccc1OCC(=O)O']",[]
10,"[18.8, 19.0]",1.8556007615370906,"['COC(=O)CC1CCc2cc(Br)cc3[nH]c(=O)c(=O)n1c23.O=C(O)Cn1ccc2ccccc21', 'COC(=O)CC1CCc2cc(Br)cc3[nH]c(=O)c(=O)n1c23.O=C(O)Cn1c(=O)oc2ccccc21']",[]
11,"[46.9, 0.2]",1.9523300931674705,"['COC(=O)CC1CCc2cc(Br)cc3[nH]c(=O)c(=O)n1c23.Cc1ccc(C)c(OCC(=O)O)c1', 'COC(=O)CC1CCc2cc(Br)cc3[nH]c(=O)c(=O)n1c23.CC(=O)NCCCC[C@H](NC(C)=O)C(=O)O']",[]
12,"[24.1, 33.6]",2.045482504394111,"['CN1C(=O)C[C@@](C)(c2cc(Br)cs2)N/C1=N/C(=O)OC(C)(C)C.COc1cccc(OCC(=O)O)c1', 'CN1C(=O)C[C@@](C)(c2cc(Br)cs2)N/C1=N/C(=O)OC(C)(C)C.CC(=O)CCc1ccc(OCC(=O)O)cc1']",[]
13,"[49.5, 38.8]",2.1762338432085473,"['CCOC(=O)c1ncn2c1CN(C)C(=O)c1cc(Br)ccc1-2.C[C@@H](C(=O)O)N1C(=O)c2ccccc2C1=O', 'COC(=O)CC1CCc2cc(Br)cc3[nH]c(=O)c(=O)n1c23.CC(C)(C)c1ccc(OCC(=O)O)cc1']",[]
14,"[68.3, 75.1]",2.2844625179030613,"['CCOC(=O)c1ncn2c1CN(C)C(=O)c1cc(Br)ccc1-2.COc1cccc(OCC(=O)O)c1', 'CCOC(=O)c1ncn2c1CN(C)C(=O)c1cc(Br)ccc1-2.CC(=O)CCc1ccc(OCC(=O)O)cc1']",[]
15,"[72.0, 50.7]",2.3395355040382966,"['CCOC(=O)c1ncn2c1CN(C)C(=O)c1cc(Br)ccc1-2.COc1ccccc1OCC(=O)O', 'CCOC(=O)c1ncn2c1CN(C)C(=O)c1cc(Br)ccc1-2.Cc1ccccc1OCC(=O)O']",[]
16,"[46.4, 52.6]",2.3632155110711324,"['CCOC(=O)c1ncn2c1CN(C)C(=O)c1cc(Br)ccc1-2.O=C(O)COc1ccccc1-c1ccccc1', 'CCOC(=O)c1ncn2c1CN(C)C(=O)c1cc(Br)ccc1-2.CCc1ccc(OCC(=O)O)cc1']",[]
17,"[84.3, 52.7]",2.4323103212949695,"['CCOC(=O)c1ncn2c1CN(C)C(=O)c1cc(Br)ccc1-2.CC(C)(C)OC(=O)N[C@H]1CCN(CC(=O)O)C1=O', 'CCOC(=O)c1ncn2c1CN(C)C(=O)c1cc(Br)ccc1-2.Cc1ccc(OCC(=O)O)c(C)c1']",[]
18,"[100.0, 69.2]",2.4662646561059645,"['CCOC(=O)c1ncn2c1CN(C)C(=O)c1cc(Br)ccc1-2.CN(CC(=O)O)C(=O)c1ccco1', 'COC(=O)CC1CCc2cc(Br)cc3[nH]c(=O)c(=O)n1c23.CC(C)(C)OC(=O)N[C@H]1CCN(CC(=O)O)C1=O']",[]
19,"[25.4, 13.6]",2.545717439886335,"['CCOC(=O)c1ncn2c1CN(C)C(=O)c1cc(Br)ccc1-2.CN(CC(=O)O)S(=O)(=O)c1ccccc1', 'CCOC(=O)c1ncn2c1CN(C)C(=O)c1cc(Br)ccc1-2.COC(=O)[C@H](CC(=O)O)NC(C)=O']",[]
