,obj_values ['yield'],Vendi_score,eval_samples,cut_samples
0,[57.6],1.0000000000000009,['COC(=O)CC1CCc2cc(Br)cc3[nH]c(=O)c(=O)n1c23.COC(C)C(=O)O'],[]
1,[16.4],1.6189261448987882,['CCOC(=O)c1ncn2c1CN(C)C(=O)c1cc(Br)ccc1-2.C#CCCCCCCC(=O)O'],[]
2,[97.3],1.753183855945705,['CCOC(=O)c1ncn2c1CN(C)C(=O)c1cc(Br)ccc1-2.COC(C)C(=O)O'],[]
3,[82.4],1.7008278446258323,['CCOC(=O)c1ncn2c1CN(C)C(=O)c1cc(Br)ccc1-2.O=C(O)C1CCCCO1'],[]
4,[81.6],1.6679668798396656,['CCOC(=O)c1ncn2c1CN(C)C(=O)c1cc(Br)ccc1-2.O=C(O)C1CCCO1'],[]
5,[93.7],1.6312728906496547,['CCOC(=O)c1ncn2c1CN(C)C(=O)c1cc(Br)ccc1-2.O=C(O)C1COCCO1'],[]
6,[12.1],1.7798895852743912,['CCOC(=O)c1ncn2c1CN(C)C(=O)c1cc(Br)ccc1-2.CCC[C@](C)(F)C(=O)O'],[]
7,[42.0],1.8145381296962717,['CCOC(=O)c1ncn2c1CN(C)C(=O)c1cc(Br)ccc1-2.CC(C)(C)OCC(=O)O'],[]
8,[63.4],1.9137540251572012,['COC(=O)CC1CCc2cc(Br)cc3[nH]c(=O)c(=O)n1c23.O=C(O)C1COCCO1'],[]
9,[96.8],2.110638467253793,['CCOC(=O)c1ncn2c1CN(C)C(=O)c1cc(Br)ccc1-2.Cc1ccnn1CC(=O)O'],[]
10,[52.3],2.149397993584363,['CCOC(=O)c1ncn2c1CN(C)C(=O)c1cc(Br)ccc1-2.CC(F)C(=O)O'],[]
11,[69.8],2.3291076958482835,['CCOC(=O)c1ncn2c1CN(C)C(=O)c1cc(Br)ccc1-2.O=C(O)CC1CN2CCC1CC2'],[]
12,[100.0],2.3414806175685814,['CCOC(=O)c1ncn2c1CN(C)C(=O)c1cc(Br)ccc1-2.Cc1nc(C)n(CC(=O)O)n1'],[]
13,[38.1],2.489055122030973,['COC(=O)CC1CCc2cc(Br)cc3[nH]c(=O)c(=O)n1c23.Cc1ccnn1CC(=O)O'],[]
14,[63.9],2.5399091965026463,['CCOC(=O)c1ncn2c1CN(C)C(=O)c1cc(Br)ccc1-2.O=C(O)[C@H]1COc2ccccc2O1'],[]
15,[61.9],2.5972707752286253,['CCOC(=O)c1ncn2c1CN(C)C(=O)c1cc(Br)ccc1-2.O=C(O)Cn1ccc2ccccc21'],[]
16,[98.6],2.6381405197142054,['CCOC(=O)c1ncn2c1CN(C)C(=O)c1cc(Br)ccc1-2.O=C(O)C1CCOCC1'],[]
17,[10.4],2.7340575678320875,['CCOC(=O)c1ncn2c1CN(C)C(=O)c1cc(Br)ccc1-2.O=C1CC(C(=O)O)CCN1'],[]
18,[66.4],2.7602245004256654,['CCOC(=O)c1ncn2c1CN(C)C(=O)c1cc(Br)ccc1-2.Cc1cc(C)n(C(C)CC(=O)O)n1'],[]
19,[70.2],2.749021381626283,['CCOC(=O)c1ncn2c1CN(C)C(=O)c1cc(Br)ccc1-2.O=C(O)CC1COC1'],[]
20,[70.1],2.738955539151649,['CCOC(=O)c1ncn2c1CN(C)C(=O)c1cc(Br)ccc1-2.CSCCC(NC(C)=O)C(=O)O'],[]
21,[80.6],2.736535500650025,['CCOC(=O)c1ncn2c1CN(C)C(=O)c1cc(Br)ccc1-2.O=C(O)C1CCOC1'],[]
22,[58.5],2.8157609715180643,['CCOC(=O)c1ncn2c1CN(C)C(=O)c1cc(Br)ccc1-2.O=Cc1cccc(OCC(=O)O)c1'],[]
23,[4.1],2.8646182904204522,['CCOC(=O)c1ncn2c1CN(C)C(=O)c1cc(Br)ccc1-2.O=C(O)CN1C(=O)COCC1=O'],[]
24,[5.3],2.855258006901766,['CCOC(=O)c1ncn2c1CN(C)C(=O)c1cc(Br)ccc1-2.Cc1n[nH]c2c1CC(C(=O)O)CC2'],[]
25,[89.7],2.848190745021336,['CCOC(=O)c1ncn2c1CN(C)C(=O)c1cc(Br)ccc1-2.O=C(O)C1CCCC1'],[]
26,[70.8],2.867494724946118,['CCOC(=O)c1ncn2c1CN(C)C(=O)c1cc(Br)ccc1-2.C[C@H](O)CC(=O)O'],[]
27,[20.1],2.8873181185976056,['CCOC(=O)c1ncn2c1CN(C)C(=O)c1cc(Br)ccc1-2.O=C(O)C1CCC1(F)F'],[]
28,[92.0],2.8721902499852745,['CCOC(=O)c1ncn2c1CN(C)C(=O)c1cc(Br)ccc1-2.CCCCC(=O)O'],[]
29,[54.6],2.8712301272887077,['CCOC(=O)c1ncn2c1CN(C)C(=O)c1cc(Br)ccc1-2.Cc1ccc(C)c(OCC(=O)O)c1'],[]
30,[71.0],2.9385558232428144,['COC(=O)CC1CCc2cc(Br)cc3[nH]c(=O)c(=O)n1c23.O=C(O)C1CCOCC1'],[]
31,[17.5],2.9894541389654896,['COC(=O)CC1CCc2cc(Br)cc3[nH]c(=O)c(=O)n1c23.O=C(O)C1CCCC1'],[]
32,[95.2],3.042956912662813,['CCOC(=O)c1ncn2c1CN(C)C(=O)c1cc(Br)ccc1-2.COCC(=O)O'],[]
33,[9.8],3.1223534161084605,['CCOC(=O)c1ncn2c1CN(C)C(=O)c1cc(Br)ccc1-2.O=C(O)C1CCCCC1O'],[]
34,[36.0],3.197415227157878,['CCOC(=O)c1ncn2c1CN(C)C(=O)c1cc(Br)ccc1-2.O=C(O)C1CC1'],[]
35,[26.0],3.3109602985252025,['CN1C(=O)C[C@@](C)(c2cc(Br)cs2)N/C1=N/C(=O)OC(C)(C)C.Cc1ccnn1CC(=O)O'],[]
36,[23.4],3.276182820124115,['CCOC(=O)c1ncn2c1CN(C)C(=O)c1cc(Br)ccc1-2.CC(=O)OC(C)C(=O)O'],[]
37,[27.8],3.2924281589470277,['CCOC(=O)c1ncn2c1CN(C)C(=O)c1cc(Br)ccc1-2.CC(C)(C)OC(=O)N1CCSCC1C(=O)O'],[]
38,[61.3],3.285900509085024,['CCOC(=O)c1ncn2c1CN(C)C(=O)c1cc(Br)ccc1-2.O=C(O)COc1ccc(O)cc1'],[]
39,[44.7],3.3751123211083347,['COC(=O)CC1CCc2cc(Br)cc3[nH]c(=O)c(=O)n1c23.COCC(=O)O'],[]
