,obj_values ['yield'],Vendi_score,eval_samples,cut_samples
0,[6.8],1.0000000000000004,['COC(=O)CC1CCc2cc(Br)cc3[nH]c(=O)c(=O)n1c23.CC(C)(C)OC(=O)NC(CC(=O)O)C1CCC1'],[]
1,[16.4],1.6014084381279592,['CCOC(=O)c1ncn2c1CN(C)C(=O)c1cc(Br)ccc1-2.C#CCCCCCCC(=O)O'],[]
2,[0.0],1.726629868947296,['COC(=O)CC1CCc2cc(Br)cc3[nH]c(=O)c(=O)n1c23.C#CCCCCCCC(=O)O'],[]
3,[36.0],1.717961862219967,['CCOC(=O)c1ncn2c1CN(C)C(=O)c1cc(Br)ccc1-2.CC(C)CCCCCCC(=O)O'],[]
4,[92.0],1.6852486963461075,['CCOC(=O)c1ncn2c1CN(C)C(=O)c1cc(Br)ccc1-2.CCCCC(=O)O'],[]
5,[40.3],1.7158320552949489,['COC(=O)CC1CCc2cc(Br)cc3[nH]c(=O)c(=O)n1c23.CCCCC(=O)O'],[]
6,[70.2],1.7135851802384299,['CCOC(=O)c1ncn2c1CN(C)C(=O)c1cc(Br)ccc1-2.O=C(O)CC1COC1'],[]
7,[56.8],1.75982936552002,['CCOC(=O)c1ncn2c1CN(C)C(=O)c1cc(Br)ccc1-2.CC(C)(C)OC(=O)N1CC(CC(=O)O)C1'],[]
8,[30.8],1.7877278667130856,['CCOC(=O)c1ncn2c1CN(C)C(=O)c1cc(Br)ccc1-2.CC(C)(C)OC(=O)N1CCC(CCCC(=O)O)CC1'],[]
9,[33.7],1.7689477844768833,['CCOC(=O)c1ncn2c1CN(C)C(=O)c1cc(Br)ccc1-2.CC(C)(C)OC(=O)NC1CCC(CC(=O)O)CC1'],[]
10,[96.8],1.9296967774140559,['CCOC(=O)c1ncn2c1CN(C)C(=O)c1cc(Br)ccc1-2.Cc1ccnn1CC(=O)O'],[]
11,[100.0],1.97739207889088,['CCOC(=O)c1ncn2c1CN(C)C(=O)c1cc(Br)ccc1-2.Cc1nc(C)n(CC(=O)O)n1'],[]
12,[42.0],2.0377421723945712,['CCOC(=O)c1ncn2c1CN(C)C(=O)c1cc(Br)ccc1-2.CC(C)(C)OCC(=O)O'],[]
13,[84.3],2.021574623516117,['CCOC(=O)c1ncn2c1CN(C)C(=O)c1cc(Br)ccc1-2.CC(C)(C)OC(=O)N[C@H]1CCN(CC(=O)O)C1=O'],[]
14,[45.1],2.064488500788173,['CCOC(=O)c1ncn2c1CN(C)C(=O)c1cc(Br)ccc1-2.CC(C)[C@@H]1CC[C@@H](C)C[C@H]1OCC(=O)O'],[]
15,[44.7],2.1607935354031578,['COC(=O)CC1CCc2cc(Br)cc3[nH]c(=O)c(=O)n1c23.Cc1nc(C)n(CC(=O)O)n1'],[]
16,[50.7],2.2295448638497506,['CCOC(=O)c1ncn2c1CN(C)C(=O)c1cc(Br)ccc1-2.Cc1ccccc1OCC(=O)O'],[]
17,[4.1],2.3218116849028503,['CCOC(=O)c1ncn2c1CN(C)C(=O)c1cc(Br)ccc1-2.O=C(O)CN1C(=O)COCC1=O'],[]
18,[69.8],2.4004427023430543,['CCOC(=O)c1ncn2c1CN(C)C(=O)c1cc(Br)ccc1-2.O=C(O)CC1CN2CCC1CC2'],[]
19,[48.5],2.485504907973499,['CCOC(=O)c1ncn2c1CN(C)C(=O)c1cc(Br)ccc1-2.CSCC[C@H](NC(=O)OC(C)(C)C)C(=O)NCC(=O)O'],[]
20,[24.2],2.512060126762672,['CCOC(=O)c1ncn2c1CN(C)C(=O)c1cc(Br)ccc1-2.CC(C)(C)OC(=O)N1CCOC(CC(=O)O)C1'],[]
21,[52.7],2.5485470874892533,['CCOC(=O)c1ncn2c1CN(C)C(=O)c1cc(Br)ccc1-2.Cc1ccc(OCC(=O)O)c(C)c1'],[]
22,[92.1],2.5734182164046584,['CCOC(=O)c1ncn2c1CN(C)C(=O)c1cc(Br)ccc1-2.O=C(O)Cn1c(=O)oc2ccccc21'],[]
23,[89.1],2.584306420381,['CCOC(=O)c1ncn2c1CN(C)C(=O)c1cc(Br)ccc1-2.Cc1nc(CC(=O)O)c(C)s1'],[]
24,[6.3],2.6367268792683864,['CCOC(=O)c1ncn2c1CN(C)C(=O)c1cc(Br)ccc1-2.N#Cc1ccc(CC(=O)O)cc1'],[]
25,[61.9],2.629469385997622,['CCOC(=O)c1ncn2c1CN(C)C(=O)c1cc(Br)ccc1-2.O=C(O)Cn1ccc2ccccc21'],[]
26,[39.0],2.6216267553349746,['CCOC(=O)c1ncn2c1CN(C)C(=O)c1cc(Br)ccc1-2.O=C(O)CC1CCCCCC1'],[]
27,[75.5],2.6287557466385665,['CCOC(=O)c1ncn2c1CN(C)C(=O)c1cc(Br)ccc1-2.O=C(O)Cn1ccc(-c2cccs2)n1'],[]
28,[48.0],2.6497336997701617,['CCOC(=O)c1ncn2c1CN(C)C(=O)c1cc(Br)ccc1-2.COc1cc(OCC(=O)O)ccc1C=O'],[]
29,[73.7],2.648952228489717,['CCOC(=O)c1ncn2c1CN(C)C(=O)c1cc(Br)ccc1-2.COc1ccc(CC(=O)O)cc1'],[]
30,[100.0],2.6403737961108704,['CCOC(=O)c1ncn2c1CN(C)C(=O)c1cc(Br)ccc1-2.COc1cc(CC(=O)O)cnc1OC'],[]
31,[61.1],2.6227206650165327,['CCOC(=O)c1ncn2c1CN(C)C(=O)c1cc(Br)ccc1-2.O=C(O)Cc1ccc(F)cc1'],[]
32,[55.4],2.602897265392912,['CCOC(=O)c1ncn2c1CN(C)C(=O)c1cc(Br)ccc1-2.CCCOc1ccc(CC(=O)O)cc1'],[]
33,[83.5],2.5859460231437774,['CCOC(=O)c1ncn2c1CN(C)C(=O)c1cc(Br)ccc1-2.Cn1ncc2ccc(CC(=O)O)cc21'],[]
34,[87.1],2.5644946142942646,['CCOC(=O)c1ncn2c1CN(C)C(=O)c1cc(Br)ccc1-2.O=C(O)CNC(=O)Cc1ccccc1'],[]
35,[96.0],2.5763155250201195,['CCOC(=O)c1ncn2c1CN(C)C(=O)c1cc(Br)ccc1-2.O=C(O)CNC(=O)CNC(=O)c1ccccc1'],[]
36,[43.6],2.5564219477688903,['CCOC(=O)c1ncn2c1CN(C)C(=O)c1cc(Br)ccc1-2.O=C(O)Cc1ccc(Cl)cc1'],[]
37,[95.8],2.546834019590839,['CCOC(=O)c1ncn2c1CN(C)C(=O)c1cc(Br)ccc1-2.CN(CC(=O)O)c1ncc(C=O)cn1'],[]
38,[45.5],2.54090497426033,['CCOC(=O)c1ncn2c1CN(C)C(=O)c1cc(Br)ccc1-2.O=C(O)Cn1nc(-c2ccccc2)c2ccccc2c1=O'],[]
39,[16.7],2.533920278361452,['CCOC(=O)c1ncn2c1CN(C)C(=O)c1cc(Br)ccc1-2.COc1cccc(OCCC(=O)O)c1'],[]
