,obj_values ['yield'],Vendi_score,eval_samples,cut_samples
0,"[22.0, 14.5, 3.5]",2.1506030538052956,"['CCOC(=O)c1ncn2c1CN(C)C(=O)c1cc(Br)ccc1-2.O=C(O)C1COC(c2ccccc2)CO1', 'COC(=O)CC1CCc2cc(Br)cc3[nH]c(=O)c(=O)n1c23.CN(C(=O)OC(C)(C)C)C1(C(=O)O)CC1', 'COC(=O)CC1CCc2cc(Br)cc3[nH]c(=O)c(=O)n1c23.CC(C)(C)OC(=O)N1CCC(CCCC(=O)O)CC1']",[]
1,"[7.1, 49.7, 41.4]",2.3893584285354676,"['COC(=O)CC1CCc2cc(Br)cc3[nH]c(=O)c(=O)n1c23.O=C(O)C1COC(c2ccccc2)CO1', 'CCOC(=O)c1ncn2c1CN(C)C(=O)c1cc(Br)ccc1-2.CC(OCc1ccccc1)C(=O)O', 'CCOC(=O)c1ncn2c1CN(C)C(=O)c1cc(Br)ccc1-2.O=C(O)COc1ccccc1Cl']",[]
2,"[59.0, 60.0, 64.5]",2.3972613395597087,"['CCOC(=O)c1ncn2c1CN(C)C(=O)c1cc(Br)ccc1-2.CCC(Oc1ccccc1)C(=O)O', 'CCOC(=O)c1ncn2c1CN(C)C(=O)c1cc(Br)ccc1-2.CC(Oc1ccc(C=O)cc1)C(=O)O', 'CCOC(=O)c1ncn2c1CN(C)C(=O)c1cc(Br)ccc1-2.CC(Oc1ccccc1)C(=O)O']",[]
3,"[81.6, 57.4, 97.3]",2.449640016562112,"['CCOC(=O)c1ncn2c1CN(C)C(=O)c1cc(Br)ccc1-2.O=C(O)C1CCCO1', 'CCOC(=O)c1ncn2c1CN(C)C(=O)c1cc(Br)ccc1-2.O=C(O)C1Cc2ccccc2O1', 'CCOC(=O)c1ncn2c1CN(C)C(=O)c1cc(Br)ccc1-2.COC(C)C(=O)O']",[]
4,"[52.3, 82.4, 12.1]",2.590425551027093,"['CCOC(=O)c1ncn2c1CN(C)C(=O)c1cc(Br)ccc1-2.CC(F)C(=O)O', 'CCOC(=O)c1ncn2c1CN(C)C(=O)c1cc(Br)ccc1-2.O=C(O)C1CCCCO1', 'CCOC(=O)c1ncn2c1CN(C)C(=O)c1cc(Br)ccc1-2.CCC[C@](C)(F)C(=O)O']",[]
5,"[42.0, 98.6, 93.7]",2.6258339825787127,"['CCOC(=O)c1ncn2c1CN(C)C(=O)c1cc(Br)ccc1-2.CC(C)(C)OCC(=O)O', 'CCOC(=O)c1ncn2c1CN(C)C(=O)c1cc(Br)ccc1-2.O=C(O)C1CCOCC1', 'CCOC(=O)c1ncn2c1CN(C)C(=O)c1cc(Br)ccc1-2.O=C(O)C1COCCO1']",[]
6,"[28.9, 89.7, 82.2]",2.710242479509903,"['CCOC(=O)c1ncn2c1CN(C)C(=O)c1cc(Br)ccc1-2.O=C(O)C1CCC(F)(F)C1', 'CCOC(=O)c1ncn2c1CN(C)C(=O)c1cc(Br)ccc1-2.O=C(O)C1CCCC1', 'CCOC(=O)c1ncn2c1CN(C)C(=O)c1cc(Br)ccc1-2.COC1CCCC(C(=O)O)C1']",[]
7,"[66.1, 28.9, 92.0]",2.8325794543298364,"['CCOC(=O)c1ncn2c1CN(C)C(=O)c1cc(Br)ccc1-2.O=C(O)CCCC(=O)C1CC1', 'CCOC(=O)c1ncn2c1CN(C)C(=O)c1cc(Br)ccc1-2.O=C(O)CCCc1cccs1', 'CCOC(=O)c1ncn2c1CN(C)C(=O)c1cc(Br)ccc1-2.CCCCC(=O)O']",[]
8,"[16.4, 70.2, 95.2]",2.863274894688099,"['CCOC(=O)c1ncn2c1CN(C)C(=O)c1cc(Br)ccc1-2.C#CCCCCCCC(=O)O', 'CCOC(=O)c1ncn2c1CN(C)C(=O)c1cc(Br)ccc1-2.O=C(O)CC1COC1', 'CCOC(=O)c1ncn2c1CN(C)C(=O)c1cc(Br)ccc1-2.COCC(=O)O']",[]
9,"[89.2, 45.9, 10.4]",2.9221501373889,"['CCOC(=O)c1ncn2c1CN(C)C(=O)c1cc(Br)ccc1-2.O=C1CCC(C(=O)O)CC1', 'CCOC(=O)c1ncn2c1CN(C)C(=O)c1cc(Br)ccc1-2.O=C1CC(C(=O)O)C1', 'CCOC(=O)c1ncn2c1CN(C)C(=O)c1cc(Br)ccc1-2.O=C1CC(C(=O)O)CCN1']",[]
10,"[36.0, 44.7, 57.6]",3.183397701463869,"['CCOC(=O)c1ncn2c1CN(C)C(=O)c1cc(Br)ccc1-2.O=C(O)C1CC1', 'COC(=O)CC1CCc2cc(Br)cc3[nH]c(=O)c(=O)n1c23.COCC(=O)O', 'COC(=O)CC1CCc2cc(Br)cc3[nH]c(=O)c(=O)n1c23.COC(C)C(=O)O']",[]
11,"[9.8, 45.9, 34.0]",3.230781667281077,"['CCOC(=O)c1ncn2c1CN(C)C(=O)c1cc(Br)ccc1-2.O=C(O)C1CCCCC1O', 'CCOC(=O)c1ncn2c1CN(C)C(=O)c1cc(Br)ccc1-2.O=C(O)C1CCc2ccccc2O1', 'CCOC(=O)c1ncn2c1CN(C)C(=O)c1cc(Br)ccc1-2.O=C(O)C1CCCCC12CC2']",[]
12,"[23.4, 80.6, 70.8]",3.1842061440936362,"['CCOC(=O)c1ncn2c1CN(C)C(=O)c1cc(Br)ccc1-2.CC(=O)OC(C)C(=O)O', 'CCOC(=O)c1ncn2c1CN(C)C(=O)c1cc(Br)ccc1-2.O=C(O)C1CCOC1', 'CCOC(=O)c1ncn2c1CN(C)C(=O)c1cc(Br)ccc1-2.C[C@H](O)CC(=O)O']",[]
13,[52.0],3.2668528727669575,['CCOC(=O)c1ncn2c1CN(C)C(=O)c1cc(Br)ccc1-2.O=C(O)Cc1ccccc1O'],[]
