,obj_values ['yield'],Vendi_score,eval_samples,cut_samples
0,"[43.6, 2.4]",1.5877849648396645,"['COC(=O)CC1CCc2cc(Br)cc3[nH]c(=O)c(=O)n1c23.O=C(O)COc1ccc(Cl)cc1', 'COC(=O)CC1CCc2cc(Br)cc3[nH]c(=O)c(=O)n1c23.CC(C)(C)OC(=O)N[C@H]1CCCC[C@H]1C(=O)O']",[]
1,"[27.2, 47.9]",1.5493661461923542,"['COC(=O)CC1CCc2cc(Br)cc3[nH]c(=O)c(=O)n1c23.O=C(O)COc1ccc(OCc2ccccc2)cc1', 'COC(=O)CC1CCc2cc(Br)cc3[nH]c(=O)c(=O)n1c23.O=C(O)COc1ccc(O)cc1']",[]
2,"[33.9, 55.8]",1.4505660203054558,"['COC(=O)CC1CCc2cc(Br)cc3[nH]c(=O)c(=O)n1c23.COc1ccc(OCC(=O)O)cc1', 'COC(=O)CC1CCc2cc(Br)cc3[nH]c(=O)c(=O)n1c23.Cc1ccccc1OCC(=O)O']",[]
3,"[62.3, 34.9]",1.4393297051881153,"['COC(=O)CC1CCc2cc(Br)cc3[nH]c(=O)c(=O)n1c23.COc1cccc(OCC(=O)O)c1', 'COC(=O)CC1CCc2cc(Br)cc3[nH]c(=O)c(=O)n1c23.O=C(O)COc1cccc(Cl)c1']",[]
4,"[50.2, 38.1]",1.5479494980376955,"['COC(=O)CC1CCc2cc(Br)cc3[nH]c(=O)c(=O)n1c23.CCc1ccc(OCC(=O)O)cc1', 'COC(=O)CC1CCc2cc(Br)cc3[nH]c(=O)c(=O)n1c23.Cc1ccnn1CC(=O)O']",[]
5,"[55.9, 43.5]",1.5372423795881998,"['COC(=O)CC1CCc2cc(Br)cc3[nH]c(=O)c(=O)n1c23.COc1ccccc1OCC(=O)O', 'COC(=O)CC1CCc2cc(Br)cc3[nH]c(=O)c(=O)n1c23.Cc1ccccc1COCC(=O)O']",[]
6,"[9.9, 46.9]",1.5948667110096615,"['COC(=O)CC1CCc2cc(Br)cc3[nH]c(=O)c(=O)n1c23.CC(C)(C)OCC(=O)O', 'COC(=O)CC1CCc2cc(Br)cc3[nH]c(=O)c(=O)n1c23.Cc1ccc(C)c(OCC(=O)O)c1']",[]
7,"[45.6, 51.5]",1.6447030893109913,"['COC(=O)CC1CCc2cc(Br)cc3[nH]c(=O)c(=O)n1c23.Cc1ccc(OCC(=O)O)c(C)c1', 'COC(=O)CC1CCc2cc(Br)cc3[nH]c(=O)c(=O)n1c23.CC(Oc1ccccc1)C(=O)O']",[]
8,"[72.0, 50.9]",1.6562326793366509,"['COC(=O)CC1CCc2cc(Br)cc3[nH]c(=O)c(=O)n1c23.CC(=O)CCc1ccc(OCC(=O)O)cc1', 'COC(=O)CC1CCc2cc(Br)cc3[nH]c(=O)c(=O)n1c23.O=C(O)C1Cc2ccccc2O1']",[]
9,"[15.7, 16.3]",1.7357766783686908,"['COC(=O)CC1CCc2cc(Br)cc3[nH]c(=O)c(=O)n1c23.O=C(O)Cc1c[nH]c2cnccc12', 'COC(=O)CC1CCc2cc(Br)cc3[nH]c(=O)c(=O)n1c23.O=C(O)Cn1c(-c2ccccc2)nc2ccccc21']",[]
10,"[38.8, 38.6]",1.7570413459088134,"['COC(=O)CC1CCc2cc(Br)cc3[nH]c(=O)c(=O)n1c23.CC(C)(C)c1ccc(OCC(=O)O)cc1', 'COC(=O)CC1CCc2cc(Br)cc3[nH]c(=O)c(=O)n1c23.CCC(Oc1ccccc1)C(=O)O']",[]
11,"[3.7, 19.7]",1.9139115595997709,"['CN1C(=O)C[C@@](C)(c2cc(Br)cs2)N/C1=N/C(=O)OC(C)(C)C.COc1cccc(OCCC(=O)O)c1', 'COC(=O)CC1CCc2cc(Br)cc3[nH]c(=O)c(=O)n1c23.O=C(O)Cn1ccc(-c2cccs2)n1']",[]
12,"[24.1, 33.6]",2.0479302453609667,"['CN1C(=O)C[C@@](C)(c2cc(Br)cs2)N/C1=N/C(=O)OC(C)(C)C.COc1cccc(OCC(=O)O)c1', 'CN1C(=O)C[C@@](C)(c2cc(Br)cs2)N/C1=N/C(=O)OC(C)(C)C.CC(=O)CCc1ccc(OCC(=O)O)cc1']",[]
13,"[50.0, 0.3]",2.085412778627055,"['COC(=O)CC1CCc2cc(Br)cc3[nH]c(=O)c(=O)n1c23.O=C(O)C1CCc2ccccc2O1', 'COC(=O)CC1CCc2cc(Br)cc3[nH]c(=O)c(=O)n1c23.O=C(O)[C@H]1COc2ccccc2O1']",[]
14,"[31.1, 25.5]",2.0952685984497874,"['COC(=O)CC1CCc2cc(Br)cc3[nH]c(=O)c(=O)n1c23.CC(OCc1ccccc1)C(=O)O', 'COC(=O)CC1CCc2cc(Br)cc3[nH]c(=O)c(=O)n1c23.CC(Oc1ccc(C=O)cc1)C(=O)O']",[]
15,"[18.9, 25.9]",2.0762329482470325,"['COC(=O)CC1CCc2cc(Br)cc3[nH]c(=O)c(=O)n1c23.COc1cc(OCC(=O)O)ccc1C=O', 'COC(=O)CC1CCc2cc(Br)cc3[nH]c(=O)c(=O)n1c23.O=C(O)COc1ccccc1-c1ccccc1']",[]
16,"[19.0, 16.3]",2.1271188416043474,"['COC(=O)CC1CCc2cc(Br)cc3[nH]c(=O)c(=O)n1c23.O=C(O)Cn1c(=O)oc2ccccc21', 'COC(=O)CC1CCc2cc(Br)cc3[nH]c(=O)c(=O)n1c23.O=C1CC(C(=O)O)CCN1']",[]
17,"[49.5, 27.4]",2.2231822307457683,"['CCOC(=O)c1ncn2c1CN(C)C(=O)c1cc(Br)ccc1-2.C[C@@H](C(=O)O)N1C(=O)c2ccccc2C1=O', 'COC(=O)CC1CCc2cc(Br)cc3[nH]c(=O)c(=O)n1c23.O=C(O)COc1ccccc1Cl']",[]
18,"[0.7, 45.1]",2.342476301226695,"['COC(=O)CC1CCc2cc(Br)cc3[nH]c(=O)c(=O)n1c23.C[C@@H](C(=O)O)N1C(=O)c2ccccc2C1=O', 'CCOC(=O)c1ncn2c1CN(C)C(=O)c1cc(Br)ccc1-2.O=C(O)CN1C(=O)c2ccccc2C1=O']",[]
19,"[16.8, 60.0]",2.4793036582535826,"['CCOC(=O)c1ncn2c1CN(C)C(=O)c1cc(Br)ccc1-2.O=C(O)CCN1C(=O)c2ccccc2C1=O', 'CCOC(=O)c1ncn2c1CN(C)C(=O)c1cc(Br)ccc1-2.CC(Oc1ccc(C=O)cc1)C(=O)O']",[]
