,obj_values ['yield'],Vendi_score,eval_samples,cut_samples
0,[23.8],1.0000000000000004,['CCOC(=O)c1ncn2c1CN(C)C(=O)c1cc(Br)ccc1-2.Cc1ccc(S(=O)(=O)NC(=N)NCCC[C@H](NC(=O)OCc2ccccc2)C(=O)O)cc1'],[]
1,[16.4],1.9242841360005294,['CCOC(=O)c1ncn2c1CN(C)C(=O)c1cc(Br)ccc1-2.C#CCCCCCCC(=O)O'],[]
2,[50.1],2.242177080239416,['CCOC(=O)c1ncn2c1CN(C)C(=O)c1cc(Br)ccc1-2.CC(C)(C)OC(=O)N[C@@H](Cc1cn(Cc2ccccc2)cn1)C(=O)O'],[]
3,[37.7],2.3670755943972575,['CCOC(=O)c1ncn2c1CN(C)C(=O)c1cc(Br)ccc1-2.O=C(O)C1CCCN(C(=O)OCc2ccccc2)CC1'],[]
4,[37.1],2.3961841854990205,['CCOC(=O)c1ncn2c1CN(C)C(=O)c1cc(Br)ccc1-2.CC(C)(C)OC(=O)N[C@@H](Cc1ccc(OC(C)(C)C)cc1)C(=O)O'],[]
5,[14.7],2.283701930799844,['CCOC(=O)c1ncn2c1CN(C)C(=O)c1cc(Br)ccc1-2.CC(C)[C@H](NC(=O)[C@@H](NC(=O)OC(C)(C)C)C(C)C)C(=O)O'],[]
6,[31.6],2.3589670442428723,['CCOC(=O)c1ncn2c1CN(C)C(=O)c1cc(Br)ccc1-2.O=C(O)C1CC(Oc2ccccc2)C1'],[]
7,[5.8],2.3626740275597533,['CCOC(=O)c1ncn2c1CN(C)C(=O)c1cc(Br)ccc1-2.O=C(C[C@H]1CCCC[C@H]1C(=O)O)c1ccccc1'],[]
8,[45.9],2.457393894185497,['CCOC(=O)c1ncn2c1CN(C)C(=O)c1cc(Br)ccc1-2.O=C(O)C1CCc2ccccc2O1'],[]
9,[64.5],2.537382967034074,['CCOC(=O)c1ncn2c1CN(C)C(=O)c1cc(Br)ccc1-2.CC(Oc1ccccc1)C(=O)O'],[]
10,[59.0],2.5596990763123193,['CCOC(=O)c1ncn2c1CN(C)C(=O)c1cc(Br)ccc1-2.CCC(Oc1ccccc1)C(=O)O'],[]
11,[66.8],2.6314997385527814,['CCOC(=O)c1ncn2c1CN(C)C(=O)c1cc(Br)ccc1-2.COc1ccc(OCC(=O)O)cc1'],[]
12,[61.3],2.6293451078154573,['CCOC(=O)c1ncn2c1CN(C)C(=O)c1cc(Br)ccc1-2.O=C(O)COc1ccc(O)cc1'],[]
13,[52.6],2.6024490452661997,['CCOC(=O)c1ncn2c1CN(C)C(=O)c1cc(Br)ccc1-2.CCc1ccc(OCC(=O)O)cc1'],[]
14,[24.6],2.641522899786119,['CCOC(=O)c1ncn2c1CN(C)C(=O)c1cc(Br)ccc1-2.O=C(N[C@@H](Cc1c[nH]c2ccccc12)C(=O)O)OCc1ccccc1'],[]
15,[24.0],2.7685270906482975,['CCOC(=O)c1ncn2c1CN(C)C(=O)c1cc(Br)ccc1-2.CC(=O)N[C@@H]1[C@@H](O[C@H](C)C(=O)O)[C@H](O)[C@@H](CO)O[C@@H]1O'],[]
16,[72.0],2.733298613150574,['CCOC(=O)c1ncn2c1CN(C)C(=O)c1cc(Br)ccc1-2.COc1ccccc1OCC(=O)O'],[]
17,[42.6],2.7042651158476274,['CCOC(=O)c1ncn2c1CN(C)C(=O)c1cc(Br)ccc1-2.O=C(O)COc1ccc(Cl)cc1'],[]
18,[54.6],2.652631536921899,['CCOC(=O)c1ncn2c1CN(C)C(=O)c1cc(Br)ccc1-2.Cc1ccc(C)c(OCC(=O)O)c1'],[]
19,[34.3],2.6137278354588895,['CCOC(=O)c1ncn2c1CN(C)C(=O)c1cc(Br)ccc1-2.O=C(O)COc1ccc(OCc2ccccc2)cc1'],[]
20,[61.9],2.58220203130994,['CCOC(=O)c1ncn2c1CN(C)C(=O)c1cc(Br)ccc1-2.O=C(O)Cn1ccc2ccccc21'],[]
21,[68.3],2.5555468042433893,['CCOC(=O)c1ncn2c1CN(C)C(=O)c1cc(Br)ccc1-2.COc1cccc(OCC(=O)O)c1'],[]
22,[96.8],2.656161290740378,['CCOC(=O)c1ncn2c1CN(C)C(=O)c1cc(Br)ccc1-2.Cc1ccnn1CC(=O)O'],[]
23,[69.8],2.761702624892763,['CCOC(=O)c1ncn2c1CN(C)C(=O)c1cc(Br)ccc1-2.O=C(O)CC1CN2CCC1CC2'],[]
24,[52.0],2.8748693370127834,['CCOC(=O)c1ncn2c1CN(C)C(=O)c1cc(Br)ccc1-2.O=C(O)Cc1ccccc1O'],[]
25,[100.0],2.884753181018393,['CCOC(=O)c1ncn2c1CN(C)C(=O)c1cc(Br)ccc1-2.Cc1nc(C)n(CC(=O)O)n1'],[]
26,[82.7],2.9410392326979786,['CCOC(=O)c1ncn2c1CN(C)C(=O)c1cc(Br)ccc1-2.CC(=O)NCCCC[C@H](NC(C)=O)C(=O)O'],[]
27,[10.4],2.9526027947410762,['CCOC(=O)c1ncn2c1CN(C)C(=O)c1cc(Br)ccc1-2.O=C1CC(C(=O)O)CCN1'],[]
28,[48.5],3.0288812286332876,['CCOC(=O)c1ncn2c1CN(C)C(=O)c1cc(Br)ccc1-2.CSCC[C@H](NC(=O)OC(C)(C)C)C(=O)NCC(=O)O'],[]
29,[58.7],3.1382100352364652,['CCOC(=O)c1ncn2c1CN(C)C(=O)c1cc(Br)ccc1-2.C[C@H](NC(=O)OCc1ccccc1)C(=O)N1CCC[C@H]1C(=O)O'],[]
30,[59.0],3.1163939276504418,['CCOC(=O)c1ncn2c1CN(C)C(=O)c1cc(Br)ccc1-2.Cc1ccccc1COCC(=O)O'],[]
31,[50.7],3.0604149352695664,['CCOC(=O)c1ncn2c1CN(C)C(=O)c1cc(Br)ccc1-2.Cc1ccccc1OCC(=O)O'],[]
32,[27.8],3.0763391760283896,['CCOC(=O)c1ncn2c1CN(C)C(=O)c1cc(Br)ccc1-2.CC(C)(C)OC(=O)N1CCSCC1C(=O)O'],[]
33,[35.9],3.1232891201176987,['CCOC(=O)c1ncn2c1CN(C)C(=O)c1cc(Br)ccc1-2.O=C(O)Cn1cc(Cl)c(=O)c(Cl)c1'],[]
34,[45.1],3.162221998465356,['CCOC(=O)c1ncn2c1CN(C)C(=O)c1cc(Br)ccc1-2.CC(C)[C@@H]1CC[C@@H](C)C[C@H]1OCC(=O)O'],[]
35,[24.2],3.1898587533525538,['CCOC(=O)c1ncn2c1CN(C)C(=O)c1cc(Br)ccc1-2.CC(C)(C)OC(=O)N1CCOC(CC(=O)O)C1'],[]
36,[9.8],3.291821300111334,['CCOC(=O)c1ncn2c1CN(C)C(=O)c1cc(Br)ccc1-2.O=C(O)C1CCCCC1O'],[]
37,[52.7],3.2626561312024225,['CCOC(=O)c1ncn2c1CN(C)C(=O)c1cc(Br)ccc1-2.Cc1ccc(OCC(=O)O)c(C)c1'],[]
38,[63.9],3.2478798304076495,['CCOC(=O)c1ncn2c1CN(C)C(=O)c1cc(Br)ccc1-2.O=C(O)[C@H]1COc2ccccc2O1'],[]
39,[57.4],3.2229518634169136,['CCOC(=O)c1ncn2c1CN(C)C(=O)c1cc(Br)ccc1-2.O=C(O)C1Cc2ccccc2O1'],[]
