,obj_values ['yield'],Vendi_score,eval_samples,cut_samples
0,[29.5],1.0000000000000004,['COC(=O)CC1CCc2cc(Br)cc3[nH]c(=O)c(=O)n1c23.O=C(O)[C@H]1CCC[C@@H](C(=O)c2ccccc2)C1'],[]
1,[16.4],1.7043000677065567,['CCOC(=O)c1ncn2c1CN(C)C(=O)c1cc(Br)ccc1-2.C#CCCCCCCC(=O)O'],[]
2,[39.0],1.880573787982199,['CCOC(=O)c1ncn2c1CN(C)C(=O)c1cc(Br)ccc1-2.O=C(O)[C@H]1CCC[C@@H](C(=O)c2ccccc2)C1'],[]
3,[8.2],1.804452570375282,['CCOC(=O)c1ncn2c1CN(C)C(=O)c1cc(Br)ccc1-2.O=C(O)[C@H]1CCC[C@@H]1C(=O)c1ccccc1'],[]
4,[34.4],1.742130575432097,['CCOC(=O)c1ncn2c1CN(C)C(=O)c1cc(Br)ccc1-2.O=C(O)[C@@H]1CC[C@H](C(=O)c2ccccc2)C1'],[]
5,[5.3],1.8041305434520964,['COC(=O)CC1CCc2cc(Br)cc3[nH]c(=O)c(=O)n1c23.O=C(O)[C@@H]1CC[C@H](C(=O)c2ccccc2)C1'],[]
6,[43.8],1.8126558023069508,['CCOC(=O)c1ncn2c1CN(C)C(=O)c1cc(Br)ccc1-2.O=C(O)C1CCN(C(=O)OCc2ccccc2)C1'],[]
7,[78.5],1.7951827239027125,['CCOC(=O)c1ncn2c1CN(C)C(=O)c1cc(Br)ccc1-2.O=C(O)C1CC(=O)N(C2CCCCC2)C1'],[]
8,[28.7],1.8625402527706816,['COC(=O)CC1CCc2cc(Br)cc3[nH]c(=O)c(=O)n1c23.O=C(O)C1CC(=O)N(C2CCCCC2)C1'],[]
9,[18.0],1.8765590588028802,['CCOC(=O)c1ncn2c1CN(C)C(=O)c1cc(Br)ccc1-2.CC(C)Oc1ccc(N2CC(C(=O)O)CC2=O)cc1'],[]
10,[10.4],1.8855478919009327,['CCOC(=O)c1ncn2c1CN(C)C(=O)c1cc(Br)ccc1-2.O=C1CC(C(=O)O)CCN1'],[]
11,[76.7],1.849106752732085,['CCOC(=O)c1ncn2c1CN(C)C(=O)c1cc(Br)ccc1-2.COc1cccc(N2CC(C(=O)O)CC2=O)c1'],[]
12,[13.1],1.83164415352246,['CCOC(=O)c1ncn2c1CN(C)C(=O)c1cc(Br)ccc1-2.O=C(O)C1CN(C(=O)c2ccccc2)C1'],[]
13,[28.8],1.878870709880633,['CCOC(=O)c1ncn2c1CN(C)C(=O)c1cc(Br)ccc1-2.CC(C)(C)OC(=O)N[C@H](Cc1cn(C=O)c2ccccc12)C(=O)O'],[]
14,[15.8],1.8582271004192636,['CCOC(=O)c1ncn2c1CN(C)C(=O)c1cc(Br)ccc1-2.COc1ccc2c(c1)OCC(C(=O)O)C2'],[]
15,[77.4],1.872680680456177,['CCOC(=O)c1ncn2c1CN(C)C(=O)c1cc(Br)ccc1-2.CC(C)(C)OC(=O)N[C@@H](Cc1cccnc1)C(=O)O'],[]
16,[96.3],1.8719212934791825,['CCOC(=O)c1ncn2c1CN(C)C(=O)c1cc(Br)ccc1-2.CC(C)(C)OC(=O)N[C@@H](Cc1ccncc1)C(=O)O'],[]
17,[33.9],1.8672716698234433,['CCOC(=O)c1ncn2c1CN(C)C(=O)c1cc(Br)ccc1-2.CC(C)(C)OC(=O)N[C@@H](Cc1cccc(Cl)c1)C(=O)O'],[]
18,[51.5],1.8716718553870806,['CCOC(=O)c1ncn2c1CN(C)C(=O)c1cc(Br)ccc1-2.COC(=O)C[C@H](NC(=O)OCc1ccccc1)C(=O)O'],[]
19,[28.2],1.8581050428445367,['CCOC(=O)c1ncn2c1CN(C)C(=O)c1cc(Br)ccc1-2.CC[C@H](NC(=O)OCc1ccccc1)C(=O)O'],[]
20,[27.1],1.8413001161741767,['CCOC(=O)c1ncn2c1CN(C)C(=O)c1cc(Br)ccc1-2.O=C(N[C@@H](Cc1ccccc1)C(=O)O)OCc1ccccc1'],[]
21,[11.0],1.8979782658242808,['COC(=O)CC1CCc2cc(Br)cc3[nH]c(=O)c(=O)n1c23.CC(C)(C)OC(=O)N[C@@H](Cc1ccncc1)C(=O)O'],[]
22,[16.2],1.8950542661164007,['CCOC(=O)c1ncn2c1CN(C)C(=O)c1cc(Br)ccc1-2.CC(C)(C)OC(=O)N1CCC(=O)C[C@H]1C(=O)O'],[]
23,[40.2],1.8971855622075542,['CCOC(=O)c1ncn2c1CN(C)C(=O)c1cc(Br)ccc1-2.CC(C)(C)OC(=O)N1CCCC(C(=O)O)C1c1ccccc1'],[]
24,[37.1],1.9378861124950046,['CCOC(=O)c1ncn2c1CN(C)C(=O)c1cc(Br)ccc1-2.CC(C)(C)OC(=O)N[C@@H](Cc1ccc(OC(C)(C)C)cc1)C(=O)O'],[]
25,[44.0],1.931212273064398,['CCOC(=O)c1ncn2c1CN(C)C(=O)c1cc(Br)ccc1-2.CCOC(=O)N[C@@H](Cc1ccccc1)C(=O)O'],[]
26,[62.2],1.9211834354508335,['CCOC(=O)c1ncn2c1CN(C)C(=O)c1cc(Br)ccc1-2.CC(=O)N[C@@H](Cc1ccc(OC(C)=O)cc1)C(=O)O'],[]
27,[22.0],1.947397686325796,['CCOC(=O)c1ncn2c1CN(C)C(=O)c1cc(Br)ccc1-2.O=C(O)C1COC(c2ccccc2)CO1'],[]
28,[15.7],1.9493937012513785,['CCOC(=O)c1ncn2c1CN(C)C(=O)c1cc(Br)ccc1-2.CC(C)(C)OC(=O)N1[C@@H](C(=O)O)CC[C@H]1c1ccccc1'],[]
29,[58.7],2.0425576170859228,['CCOC(=O)c1ncn2c1CN(C)C(=O)c1cc(Br)ccc1-2.C[C@H](NC(=O)OCc1ccccc1)C(=O)N1CCC[C@H]1C(=O)O'],[]
30,[14.7],2.03575683401673,['CCOC(=O)c1ncn2c1CN(C)C(=O)c1cc(Br)ccc1-2.CC(C)[C@H](NC(=O)[C@@H](NC(=O)OC(C)(C)C)C(C)C)C(=O)O'],[]
31,[49.5],2.0520316134790715,['CCOC(=O)c1ncn2c1CN(C)C(=O)c1cc(Br)ccc1-2.C[C@@H](C(=O)O)N1C(=O)c2ccccc2C1=O'],[]
32,[23.3],2.082126288077062,['CCOC(=O)c1ncn2c1CN(C)C(=O)c1cc(Br)ccc1-2.O=C(O)Cn1cnc2sc3c(c2c1=O)CCCC3'],[]
33,[21.7],2.0740733154139512,['CCOC(=O)c1ncn2c1CN(C)C(=O)c1cc(Br)ccc1-2.O=C(O)C1CC(O)(c2ccccc2)C1'],[]
34,[9.9],2.083189338891035,['CCOC(=O)c1ncn2c1CN(C)C(=O)c1cc(Br)ccc1-2.O=C(O)C1CCCN(c2ncc(-c3ccc4c(c3)OCO4)cn2)C1'],[]
35,[51.8],2.0791488991617024,['CCOC(=O)c1ncn2c1CN(C)C(=O)c1cc(Br)ccc1-2.C[C@@H](NC(=O)c1ccccc1)C(=O)O'],[]
36,[0.7],2.1770936466956736,['COC(=O)CC1CCc2cc(Br)cc3[nH]c(=O)c(=O)n1c23.C[C@H](NC(=O)OCc1ccccc1)C(=O)N1CCC[C@H]1C(=O)O'],[]
37,[4.1],2.1974490414274315,['CCOC(=O)c1ncn2c1CN(C)C(=O)c1cc(Br)ccc1-2.O=C(O)CN1C(=O)COCC1=O'],[]
38,[5.8],2.210429148288107,['CCOC(=O)c1ncn2c1CN(C)C(=O)c1cc(Br)ccc1-2.O=C(C[C@H]1CCCC[C@H]1C(=O)O)c1ccccc1'],[]
39,[38.1],2.211600238086277,['CCOC(=O)c1ncn2c1CN(C)C(=O)c1cc(Br)ccc1-2.O=C(N[C@@H](Cc1ccc(O)cc1)C(=O)O)OCc1ccccc1'],[]
