,obj_values ['yield'],Vendi_score,eval_samples,cut_samples
0,[11.2],1.0000000000000004,['COC(=O)CC1CCc2cc(Br)cc3[nH]c(=O)c(=O)n1c23.CC(=O)NCCCCCC(=O)O'],[]
1,[16.4],1.5071151278791162,['CCOC(=O)c1ncn2c1CN(C)C(=O)c1cc(Br)ccc1-2.C#CCCCCCCC(=O)O'],[]
2,[0.0],1.5793087049694852,['COC(=O)CC1CCc2cc(Br)cc3[nH]c(=O)c(=O)n1c23.C#CCCCCCCC(=O)O'],[]
3,[62.4],1.6961864072552888,['CCOC(=O)c1ncn2c1CN(C)C(=O)c1cc(Br)ccc1-2.CC(=O)NCCCCCC(=O)O'],[]
4,[4.7],1.9002559633769063,['CN1C(=O)C[C@@](C)(c2cc(Br)cs2)N/C1=N/C(=O)OC(C)(C)C.CC(=O)NCCCCCC(=O)O'],[]
5,[92.0],1.9042882930631946,['CCOC(=O)c1ncn2c1CN(C)C(=O)c1cc(Br)ccc1-2.CCCCC(=O)O'],[]
6,[52.7],1.9940022587143669,['CN1C(=O)C[C@@](C)(c2cc(Br)cs2)N/C1=N/C(=O)OC(C)(C)C.CCCCC(=O)O'],[]
7,[40.3],1.99991249677676,['COC(=O)CC1CCc2cc(Br)cc3[nH]c(=O)c(=O)n1c23.CCCCC(=O)O'],[]
8,[33.4],2.0203913929519537,['CCOC(=O)c1ncn2c1CN(C)C(=O)c1cc(Br)ccc1-2.CC(C)(C)OC(=O)NCCCCCCC(=O)O'],[]
9,[16.7],2.20105869884269,['CCOC(=O)c1ncn2c1CN(C)C(=O)c1cc(Br)ccc1-2.C[C@H](CCC(=O)O)[C@H]1CC[C@H]2[C@@H]3[C@H](O)C[C@@H]4C[C@H](O)CC[C@]4(C)[C@H]3C[C@H](O)[C@]12C'],[]
10,[36.0],2.1453550807629838,['CCOC(=O)c1ncn2c1CN(C)C(=O)c1cc(Br)ccc1-2.CC(C)CCCCCCC(=O)O'],[]
11,[16.7],2.214491467554,['CCOC(=O)c1ncn2c1CN(C)C(=O)c1cc(Br)ccc1-2.COc1cccc(OCCC(=O)O)c1'],[]
12,[61.1],2.2427824908988025,['CCOC(=O)c1ncn2c1CN(C)C(=O)c1cc(Br)ccc1-2.O=C(O)Cc1ccc(F)cc1'],[]
13,[51.7],2.248402537291598,['CCOC(=O)c1ncn2c1CN(C)C(=O)c1cc(Br)ccc1-2.O=C(O)Cc1cccnc1'],[]
14,[43.6],2.2343148109476894,['CCOC(=O)c1ncn2c1CN(C)C(=O)c1cc(Br)ccc1-2.O=C(O)Cc1ccc(Cl)cc1'],[]
15,[100.0],2.228148428546622,['CCOC(=O)c1ncn2c1CN(C)C(=O)c1cc(Br)ccc1-2.COc1cc(CC(=O)O)cnc1OC'],[]
16,[83.5],2.2165998410340886,['CCOC(=O)c1ncn2c1CN(C)C(=O)c1cc(Br)ccc1-2.Cn1ncc2ccc(CC(=O)O)cc21'],[]
17,[55.4],2.1928313892696956,['CCOC(=O)c1ncn2c1CN(C)C(=O)c1cc(Br)ccc1-2.CCCOc1ccc(CC(=O)O)cc1'],[]
18,[64.7],2.1580676930185603,['CCOC(=O)c1ncn2c1CN(C)C(=O)c1cc(Br)ccc1-2.O=C(O)Cc1cccc(-n2cccn2)c1'],[]
19,[23.0],2.220895389567848,['CN1C(=O)C[C@@](C)(c2cc(Br)cs2)N/C1=N/C(=O)OC(C)(C)C.COc1cc(CC(=O)O)cnc1OC'],[]
20,[73.7],2.1991206134869445,['CCOC(=O)c1ncn2c1CN(C)C(=O)c1cc(Br)ccc1-2.COc1ccc(CC(=O)O)cc1'],[]
21,[68.5],2.1774774311069027,['CCOC(=O)c1ncn2c1CN(C)C(=O)c1cc(Br)ccc1-2.O=C(O)Cc1ccc(O)cc1'],[]
22,[16.9],2.1678766669825107,['CCOC(=O)c1ncn2c1CN(C)C(=O)c1cc(Br)ccc1-2.O=C(O)Cc1c[nH]c2cnccc12'],[]
23,[51.4],2.1505159558446643,['CCOC(=O)c1ncn2c1CN(C)C(=O)c1cc(Br)ccc1-2.CC(C)c1ccc(CC(=O)O)cc1'],[]
24,[5.8],2.1255692364240097,['CCOC(=O)c1ncn2c1CN(C)C(=O)c1cc(Br)ccc1-2.O=C(O)CCc1ccc(O)cc1'],[]
25,[16.9],2.1206965587744517,['CCOC(=O)c1ncn2c1CN(C)C(=O)c1cc(Br)ccc1-2.O=C(O)Cc1ccc(C(F)(F)F)cc1'],[]
26,[39.0],2.1367925058358135,['CCOC(=O)c1ncn2c1CN(C)C(=O)c1cc(Br)ccc1-2.O=C(O)CC1CCCCCC1'],[]
27,[87.1],2.1345676490729746,['CCOC(=O)c1ncn2c1CN(C)C(=O)c1cc(Br)ccc1-2.O=C(O)CNC(=O)Cc1ccccc1'],[]
28,[49.7],2.19002666520458,['CCOC(=O)c1ncn2c1CN(C)C(=O)c1cc(Br)ccc1-2.CC(OCc1ccccc1)C(=O)O'],[]
29,[52.3],2.324757990633616,['CCOC(=O)c1ncn2c1CN(C)C(=O)c1cc(Br)ccc1-2.CC(F)C(=O)O'],[]
30,[95.2],2.414862110784411,['CCOC(=O)c1ncn2c1CN(C)C(=O)c1cc(Br)ccc1-2.COCC(=O)O'],[]
31,[16.8],2.528755990156912,['CN1C(=O)C[C@@](C)(c2cc(Br)cs2)N/C1=N/C(=O)OC(C)(C)C.COCC(=O)O'],[]
32,[52.7],2.5435910629044827,['CCOC(=O)c1ncn2c1CN(C)C(=O)c1cc(Br)ccc1-2.Cc1ccc(OCC(=O)O)c(C)c1'],[]
33,[15.4],2.5705098746918242,['CCOC(=O)c1ncn2c1CN(C)C(=O)c1cc(Br)ccc1-2.CCCCCCCC/C=C\\CCCCCCCC(=O)O'],[]
34,[0.7],2.759220137545372,['COC(=O)CC1CCc2cc(Br)cc3[nH]c(=O)c(=O)n1c23.O=C(O)C1(c2ccc(Cl)nc2)CC1'],[]
35,[42.0],2.780147586856875,['CCOC(=O)c1ncn2c1CN(C)C(=O)c1cc(Br)ccc1-2.CC(C)(C)OCC(=O)O'],[]
36,[36.0],2.8623701884435264,['CCOC(=O)c1ncn2c1CN(C)C(=O)c1cc(Br)ccc1-2.O=C(O)C1CC1'],[]
37,[59.0],2.8653994556062004,['CCOC(=O)c1ncn2c1CN(C)C(=O)c1cc(Br)ccc1-2.Cc1ccccc1COCC(=O)O'],[]
38,[6.1],2.8940808309495187,['CCOC(=O)c1ncn2c1CN(C)C(=O)c1cc(Br)ccc1-2.CC(C)(C)OC(=O)NC1CC(C(=O)O)C1'],[]
39,[97.3],2.933459967511668,['CCOC(=O)c1ncn2c1CN(C)C(=O)c1cc(Br)ccc1-2.COC(C)C(=O)O'],[]
