,obj_values ['yield'],Vendi_score,eval_samples,cut_samples
0,"[15.8, 20.1]",1.7575165987585157,"['COC(=O)CC1CCc2cc(Br)cc3[nH]c(=O)c(=O)n1c23.O=C(O)Cn1cc(Cl)c(=O)c(Cl)c1', 'CCOC(=O)c1ncn2c1CN(C)C(=O)c1cc(Br)ccc1-2.O=C(O)C1CCC1(F)F']",[]
1,"[80.6, 10.4]",2.0340207113130404,"['CCOC(=O)c1ncn2c1CN(C)C(=O)c1cc(Br)ccc1-2.O=C(O)C1CCOC1', 'COC(=O)CC1CCc2cc(Br)cc3[nH]c(=O)c(=O)n1c23.O=C(O)C1CCC1(F)F']",[]
2,"[40.5, 70.2]",2.139218012427066,"['COC(=O)CC1CCc2cc(Br)cc3[nH]c(=O)c(=O)n1c23.O=C(O)C1CCOC1', 'CCOC(=O)c1ncn2c1CN(C)C(=O)c1cc(Br)ccc1-2.O=C(O)CC1COC1']",[]
3,"[79.3, 68.6]",2.1264003157842737,"['CCOC(=O)c1ncn2c1CN(C)C(=O)c1cc(Br)ccc1-2.O=C(O)[C@H]1CC[C@H](O)CC1', 'CCOC(=O)c1ncn2c1CN(C)C(=O)c1cc(Br)ccc1-2.CN1CC(C(=O)O)CC1=O']",[]
4,"[85.6, 94.9]",2.015311223649434,"['CCOC(=O)c1ncn2c1CN(C)C(=O)c1cc(Br)ccc1-2.CC1(C)CC(C(=O)O)CCO1', 'CCOC(=O)c1ncn2c1CN(C)C(=O)c1cc(Br)ccc1-2.O=C(O)C1CCCCCC1']",[]
5,"[57.7, 45.2]",1.9575317738183058,"['CCOC(=O)c1ncn2c1CN(C)C(=O)c1cc(Br)ccc1-2.CC(C)(C)OC(=O)N[C@H]1CC[C@H](C(=O)O)CC1', 'CCOC(=O)c1ncn2c1CN(C)C(=O)c1cc(Br)ccc1-2.O=C(O)C1CCC2CCCCC2C1']",[]
6,"[89.7, 98.6]",1.899550989425597,"['CCOC(=O)c1ncn2c1CN(C)C(=O)c1cc(Br)ccc1-2.O=C(O)C1CCCC1', 'CCOC(=O)c1ncn2c1CN(C)C(=O)c1cc(Br)ccc1-2.O=C(O)C1CCOCC1']",[]
7,"[58.5, 34.0]",1.8722651421418794,"['CCOC(=O)c1ncn2c1CN(C)C(=O)c1cc(Br)ccc1-2.O=C(O)C1CCC2(CC1)OCCO2', 'CCOC(=O)c1ncn2c1CN(C)C(=O)c1cc(Br)ccc1-2.O=C(O)C1CCCCC12CC2']",[]
8,"[39.0, 24.0]",1.8897848987071737,"['CCOC(=O)c1ncn2c1CN(C)C(=O)c1cc(Br)ccc1-2.O=C(O)CC1CCCCCC1', 'CCOC(=O)c1ncn2c1CN(C)C(=O)c1cc(Br)ccc1-2.O=C(O)C1CC2CC(O)CC(C2)C1']",[]
9,"[89.2, 10.4]",1.9939332652865862,"['CCOC(=O)c1ncn2c1CN(C)C(=O)c1cc(Br)ccc1-2.O=C1CCC(C(=O)O)CC1', 'CCOC(=O)c1ncn2c1CN(C)C(=O)c1cc(Br)ccc1-2.O=C1CC(C(=O)O)CCN1']",[]
10,"[28.9, 66.8]",2.0992550425101415,"['CCOC(=O)c1ncn2c1CN(C)C(=O)c1cc(Br)ccc1-2.O=C(O)CCCc1cccs1', 'CCOC(=O)c1ncn2c1CN(C)C(=O)c1cc(Br)ccc1-2.O=C1CCC(C(=O)O)Cc2ccccc21']",[]
11,"[29.6, 16.4]",2.165333572632994,"['CCOC(=O)c1ncn2c1CN(C)C(=O)c1cc(Br)ccc1-2.CC1(C)CC(=O)CC1C(=O)O', 'CCOC(=O)c1ncn2c1CN(C)C(=O)c1cc(Br)ccc1-2.O=C(c1ccccc1)[C@H]1CCCC[C@H]1C(=O)O']",[]
12,"[46.4, 28.9]",2.1107458702450024,"['CCOC(=O)c1ncn2c1CN(C)C(=O)c1cc(Br)ccc1-2.O=C(O)C1CCC(F)(F)CC1', 'CCOC(=O)c1ncn2c1CN(C)C(=O)c1cc(Br)ccc1-2.O=C(O)C1CCC(F)(F)C1']",[]
13,"[96.8, 99.6]",2.1912919327972546,"['CCOC(=O)c1ncn2c1CN(C)C(=O)c1cc(Br)ccc1-2.Cc1ccnn1CC(=O)O', 'CCOC(=O)c1ncn2c1CN(C)C(=O)c1cc(Br)ccc1-2.CC1CCCC(C(=O)O)C1']",[]
14,"[42.0, 91.4]",2.2242182782920223,"['CCOC(=O)c1ncn2c1CN(C)C(=O)c1cc(Br)ccc1-2.CC(C)(C)OCC(=O)O', 'CCOC(=O)c1ncn2c1CN(C)C(=O)c1cc(Br)ccc1-2.O=C(O)C1CCCCC1']",[]
15,"[92.0, 70.8]",2.2511484908527177,"['CCOC(=O)c1ncn2c1CN(C)C(=O)c1cc(Br)ccc1-2.CCCCC(=O)O', 'CCOC(=O)c1ncn2c1CN(C)C(=O)c1cc(Br)ccc1-2.C[C@H](O)CC(=O)O']",[]
16,"[100.0, 44.3]",2.2650315170629365,"['CCOC(=O)c1ncn2c1CN(C)C(=O)c1cc(Br)ccc1-2.Cc1nc(C)n(CC(=O)O)n1', 'CCOC(=O)c1ncn2c1CN(C)C(=O)c1cc(Br)ccc1-2.CC(C)C1CCC(C(=O)O)CC1']",[]
17,"[58.2, 36.0]",2.388481371568901,"['CCOC(=O)c1ncn2c1CN(C)C(=O)c1cc(Br)ccc1-2.CN(C(=O)OC(C)(C)C)C1(C(=O)O)CC1', 'CCOC(=O)c1ncn2c1CN(C)C(=O)c1cc(Br)ccc1-2.O=C(O)C1CC1']",[]
18,"[45.9, 69.8]",2.4870823319077155,"['CCOC(=O)c1ncn2c1CN(C)C(=O)c1cc(Br)ccc1-2.O=C1CC(C(=O)O)C1', 'CCOC(=O)c1ncn2c1CN(C)C(=O)c1cc(Br)ccc1-2.O=C(O)CC1CN2CCC1CC2']",[]
19,"[5.3, 38.1]",2.5786126116240036,"['CCOC(=O)c1ncn2c1CN(C)C(=O)c1cc(Br)ccc1-2.Cc1n[nH]c2c1CC(C(=O)O)CC2', 'COC(=O)CC1CCc2cc(Br)cc3[nH]c(=O)c(=O)n1c23.Cc1ccnn1CC(=O)O']",[]
