,obj_values ['yield'],Vendi_score,eval_samples,cut_samples
0,"[2.3, 0.0, 25.1, 21.6]",2.566999772936362,"['CN1C(=O)C[C@@](C)(c2cc(Br)cs2)N/C1=N/C(=O)OC(C)(C)C.O=C(O)Cc1cc(Cl)ccc1F', 'COC(=O)CC1CCc2cc(Br)cc3[nH]c(=O)c(=O)n1c23.CC(C)(C)OC(=O)N1CCCC[C@@H]1C(=O)O', 'COC(=O)CC1CCc2cc(Br)cc3[nH]c(=O)c(=O)n1c23.CC(C)Oc1ccccc1-c1nnc(SCC(=O)O)[nH]1', 'CCOC(=O)c1ncn2c1CN(C)C(=O)c1cc(Br)ccc1-2.O=C(O)C1(c2cccc(Cl)c2)CC1']",[]
1,"[30.1, 23.3, 3.6, 0.1]",2.869515968440277,"['CCOC(=O)c1ncn2c1CN(C)C(=O)c1cc(Br)ccc1-2.O=C(O)C1(c2ccc(Cl)cc2)CC1', 'CCOC(=O)c1ncn2c1CN(C)C(=O)c1cc(Br)ccc1-2.CC(C)Oc1ccccc1-c1nnc(SCC(=O)O)[nH]1', 'COC(=O)CC1CCc2cc(Br)cc3[nH]c(=O)c(=O)n1c23.C[C@H](CCC(=O)O)[C@H]1CC[C@H]2[C@@H]3C(=O)C[C@@H]4CC(=O)CC[C@]4(C)[C@H]3CC(=O)[C@]12C', 'COC(=O)CC1CCc2cc(Br)cc3[nH]c(=O)c(=O)n1c23.COc1ccc2c(c1)c(CC(=O)O)c(C)n2C(=O)c1ccc(Cl)cc1']",[]
2,"[22.0, 7.1, 1.4, 4.5]",3.2999320496880067,"['CCOC(=O)c1ncn2c1CN(C)C(=O)c1cc(Br)ccc1-2.O=C(O)C1COC(c2ccccc2)CO1', 'COC(=O)CC1CCc2cc(Br)cc3[nH]c(=O)c(=O)n1c23.O=C(O)C1COC(c2ccccc2)CO1', 'COC(=O)CC1CCc2cc(Br)cc3[nH]c(=O)c(=O)n1c23.O=C(O)C1(c2ccc(Cl)cc2)CC1', 'CN1C(=O)C[C@@](C)(c2cc(Br)cs2)N/C1=N/C(=O)OC(C)(C)C.O=C(O)C1(c2ccc(Cl)cc2)CC1']",[]
3,"[20.1, 31.6, 96.0, 52.7]",3.3812498285628827,"['CCOC(=O)c1ncn2c1CN(C)C(=O)c1cc(Br)ccc1-2.O=C(O)C1(c2ccc(Cl)nc2)CC1', 'CCOC(=O)c1ncn2c1CN(C)C(=O)c1cc(Br)ccc1-2.O=C(O)C1CC(Oc2ccccc2)C1', 'CCOC(=O)c1ncn2c1CN(C)C(=O)c1cc(Br)ccc1-2.O=C(O)CNC(=O)CNC(=O)c1ccccc1', 'CCOC(=O)c1ncn2c1CN(C)C(=O)c1cc(Br)ccc1-2.Cc1ccc(OCC(=O)O)c(C)c1']",[]
4,"[19.4, 34.7, 29.8, 40.9]",3.6052712369211317,"['CN1C(=O)C[C@@](C)(c2cc(Br)cs2)N/C1=N/C(=O)OC(C)(C)C.O=C(O)CNC(=O)CNC(=O)c1ccccc1', 'CCOC(=O)c1ncn2c1CN(C)C(=O)c1cc(Br)ccc1-2.COC(=O)[C@H](CCC(=O)O)NC(=O)OC(C)(C)C', 'COC(=O)CC1CCc2cc(Br)cc3[nH]c(=O)c(=O)n1c23.O=C(O)CNC(=O)CNC(=O)c1ccccc1', 'CCOC(=O)c1ncn2c1CN(C)C(=O)c1cc(Br)ccc1-2.CC(C)(C)OC(=O)N1C2CCC1CC(CC(=O)O)C2']",[]
5,"[45.1, 95.2, 32.8, 87.1]",3.7185437644576096,"['CCOC(=O)c1ncn2c1CN(C)C(=O)c1cc(Br)ccc1-2.O=C(O)CN1C(=O)c2ccccc2C1=O', 'CCOC(=O)c1ncn2c1CN(C)C(=O)c1cc(Br)ccc1-2.COCC(=O)O', 'CCOC(=O)c1ncn2c1CN(C)C(=O)c1cc(Br)ccc1-2.CC(C)(C)C(=O)CCC(=O)O', 'CCOC(=O)c1ncn2c1CN(C)C(=O)c1cc(Br)ccc1-2.O=C(O)CNC(=O)Cc1ccccc1']",[]
6,"[52.3, 45.1, 59.0, 42.0]",3.9241598974184484,"['CCOC(=O)c1ncn2c1CN(C)C(=O)c1cc(Br)ccc1-2.CC(F)C(=O)O', 'CCOC(=O)c1ncn2c1CN(C)C(=O)c1cc(Br)ccc1-2.CC(C)[C@@H]1CC[C@@H](C)C[C@H]1OCC(=O)O', 'CCOC(=O)c1ncn2c1CN(C)C(=O)c1cc(Br)ccc1-2.Cc1ccccc1COCC(=O)O', 'CCOC(=O)c1ncn2c1CN(C)C(=O)c1cc(Br)ccc1-2.CC(C)(C)OCC(=O)O']",[]
7,"[44.7, 50.5, 42.6, 61.3]",3.9659367565948704,"['COC(=O)CC1CCc2cc(Br)cc3[nH]c(=O)c(=O)n1c23.COCC(=O)O', 'CCOC(=O)c1ncn2c1CN(C)C(=O)c1cc(Br)ccc1-2.CC(C)(C)c1ccc(OCC(=O)O)cc1', 'CCOC(=O)c1ncn2c1CN(C)C(=O)c1cc(Br)ccc1-2.O=C(O)COc1ccc(Cl)cc1', 'CCOC(=O)c1ncn2c1CN(C)C(=O)c1cc(Br)ccc1-2.O=C(O)COc1ccc(O)cc1']",[]
8,"[69.4, 75.8, 35.6, 15.1]",4.012286961999229,"['CCOC(=O)c1ncn2c1CN(C)C(=O)c1cc(Br)ccc1-2.NC(=O)CC[C@H](NC(=O)OCc1ccccc1)C(=O)NCC(=O)O', 'CCOC(=O)c1ncn2c1CN(C)C(=O)c1cc(Br)ccc1-2.CC(C)(C)OC(=O)N[C@H]1CCCCN(CC(=O)O)C1=O', 'CCOC(=O)c1ncn2c1CN(C)C(=O)c1cc(Br)ccc1-2.CCC1(CC)CC1C(=O)O', 'CCOC(=O)c1ncn2c1CN(C)C(=O)c1cc(Br)ccc1-2.CC1(C)C(C(=O)O)C1(C)C']",[]
9,"[66.8, 72.0, 36.0, 34.3]",3.970179735073223,"['CCOC(=O)c1ncn2c1CN(C)C(=O)c1cc(Br)ccc1-2.COc1ccc(OCC(=O)O)cc1', 'CCOC(=O)c1ncn2c1CN(C)C(=O)c1cc(Br)ccc1-2.COc1ccccc1OCC(=O)O', 'CCOC(=O)c1ncn2c1CN(C)C(=O)c1cc(Br)ccc1-2.O=C(O)C1CC1', 'CCOC(=O)c1ncn2c1CN(C)C(=O)c1cc(Br)ccc1-2.O=C(O)COc1ccc(OCc2ccccc2)cc1']",[]
