,obj_values ['yield'],Vendi_score,eval_samples,cut_samples
0,[8.0],1.0000000000000009,['COC(=O)CC1CCc2cc(Br)cc3[nH]c(=O)c(=O)n1c23.CC(C)(C)OC(=O)N1CCC(N2CCC[C@H](CC(=O)O)C2=O)CC1'],[]
1,[16.4],1.6619447218638446,['CCOC(=O)c1ncn2c1CN(C)C(=O)c1cc(Br)ccc1-2.C#CCCCCCCC(=O)O'],[]
2,[0.0],1.817720770222313,['COC(=O)CC1CCc2cc(Br)cc3[nH]c(=O)c(=O)n1c23.C#CCCCCCCC(=O)O'],[]
3,[36.0],1.7907682224729355,['CCOC(=O)c1ncn2c1CN(C)C(=O)c1cc(Br)ccc1-2.CC(C)CCCCCCC(=O)O'],[]
4,[24.7],1.8368407440555994,['CCOC(=O)c1ncn2c1CN(C)C(=O)c1cc(Br)ccc1-2.CC(C)(C)OC(=O)NCCCCCCCCCCC(=O)O'],[]
5,[92.0],1.8002398197759886,['CCOC(=O)c1ncn2c1CN(C)C(=O)c1cc(Br)ccc1-2.CCCCC(=O)O'],[]
6,[40.3],1.8499126009949811,['COC(=O)CC1CCc2cc(Br)cc3[nH]c(=O)c(=O)n1c23.CCCCC(=O)O'],[]
7,[33.4],1.80556229124243,['CCOC(=O)c1ncn2c1CN(C)C(=O)c1cc(Br)ccc1-2.CC(C)(C)OC(=O)NCCCCCCC(=O)O'],[]
8,[70.2],1.7914591446773216,['CCOC(=O)c1ncn2c1CN(C)C(=O)c1cc(Br)ccc1-2.O=C(O)CC1COC1'],[]
9,[55.4],1.9188428672334652,['CCOC(=O)c1ncn2c1CN(C)C(=O)c1cc(Br)ccc1-2.CCCOc1ccc(CC(=O)O)cc1'],[]
10,[51.7],1.992863114568672,['CCOC(=O)c1ncn2c1CN(C)C(=O)c1cc(Br)ccc1-2.O=C(O)Cc1cccnc1'],[]
11,[68.5],2.023477255940938,['CCOC(=O)c1ncn2c1CN(C)C(=O)c1cc(Br)ccc1-2.O=C(O)Cc1ccc(O)cc1'],[]
12,[51.4],2.0328727203602446,['CCOC(=O)c1ncn2c1CN(C)C(=O)c1cc(Br)ccc1-2.CC(C)c1ccc(CC(=O)O)cc1'],[]
13,[73.7],2.016344858547029,['CCOC(=O)c1ncn2c1CN(C)C(=O)c1cc(Br)ccc1-2.COc1ccc(CC(=O)O)cc1'],[]
14,[16.9],2.018890061730493,['CCOC(=O)c1ncn2c1CN(C)C(=O)c1cc(Br)ccc1-2.O=C(O)Cc1c[nH]c2cnccc12'],[]
15,[61.1],2.002455485033588,['CCOC(=O)c1ncn2c1CN(C)C(=O)c1cc(Br)ccc1-2.O=C(O)Cc1ccc(F)cc1'],[]
16,[83.5],1.986618268345639,['CCOC(=O)c1ncn2c1CN(C)C(=O)c1cc(Br)ccc1-2.Cn1ncc2ccc(CC(=O)O)cc21'],[]
17,[100.0],1.9661828788598597,['CCOC(=O)c1ncn2c1CN(C)C(=O)c1cc(Br)ccc1-2.COc1cc(CC(=O)O)cnc1OC'],[]
18,[64.7],1.939966585134086,['CCOC(=O)c1ncn2c1CN(C)C(=O)c1cc(Br)ccc1-2.O=C(O)Cc1cccc(-n2cccn2)c1'],[]
19,[45.9],2.0126308554573,['CCOC(=O)c1ncn2c1CN(C)C(=O)c1cc(Br)ccc1-2.O=C1CC(C(=O)O)C1'],[]
20,[66.1],2.0037475709131605,['CCOC(=O)c1ncn2c1CN(C)C(=O)c1cc(Br)ccc1-2.O=C(O)CCCC(=O)C1CC1'],[]
21,[32.8],1.9824300696591655,['CCOC(=O)c1ncn2c1CN(C)C(=O)c1cc(Br)ccc1-2.CC(C)(C)C(=O)CCC(=O)O'],[]
22,[5.8],1.9616552071061548,['CCOC(=O)c1ncn2c1CN(C)C(=O)c1cc(Br)ccc1-2.O=C(O)CCc1ccc(O)cc1'],[]
23,[60.7],2.0212066649681755,['COC(=O)CC1CCc2cc(Br)cc3[nH]c(=O)c(=O)n1c23.COc1cc(CC(=O)O)cnc1OC'],[]
24,[6.1],2.069916318199157,['CCOC(=O)c1ncn2c1CN(C)C(=O)c1cc(Br)ccc1-2.CC(C)(C)OC(=O)NC1CC(C(=O)O)C1'],[]
25,[43.6],2.0508017494916646,['CCOC(=O)c1ncn2c1CN(C)C(=O)c1cc(Br)ccc1-2.O=C(O)Cc1ccc(Cl)cc1'],[]
26,[3.2],2.091848790856505,['COC(=O)CC1CCc2cc(Br)cc3[nH]c(=O)c(=O)n1c23.Cn1ncc2ccc(CC(=O)O)cc21'],[]
27,[31.1],2.1644590258125276,['CCOC(=O)c1ncn2c1CN(C)C(=O)c1cc(Br)ccc1-2.CC(C)(C)OC(=O)NC(CC(=O)O)C1CCC1'],[]
28,[52.7],2.2127481060078438,['CCOC(=O)c1ncn2c1CN(C)C(=O)c1cc(Br)ccc1-2.Cc1ccc(OCC(=O)O)c(C)c1'],[]
29,[95.2],2.3201524290346507,['CCOC(=O)c1ncn2c1CN(C)C(=O)c1cc(Br)ccc1-2.COCC(=O)O'],[]
30,[44.7],2.4388720453319612,['COC(=O)CC1CCc2cc(Br)cc3[nH]c(=O)c(=O)n1c23.COCC(=O)O'],[]
31,[52.3],2.549633333004397,['CCOC(=O)c1ncn2c1CN(C)C(=O)c1cc(Br)ccc1-2.CC(F)C(=O)O'],[]
32,[15.1],2.6408468871736286,['CCOC(=O)c1ncn2c1CN(C)C(=O)c1cc(Br)ccc1-2.CC1(C)C(C(=O)O)C1(C)C'],[]
33,[59.0],2.660231233110614,['CCOC(=O)c1ncn2c1CN(C)C(=O)c1cc(Br)ccc1-2.Cc1ccccc1COCC(=O)O'],[]
34,[96.0],2.6729395995046525,['CCOC(=O)c1ncn2c1CN(C)C(=O)c1cc(Br)ccc1-2.O=C(O)CNC(=O)CNC(=O)c1ccccc1'],[]
35,[6.3],2.6789660644451363,['CCOC(=O)c1ncn2c1CN(C)C(=O)c1cc(Br)ccc1-2.N#Cc1ccc(CC(=O)O)cc1'],[]
36,[61.3],2.6938595673630665,['CCOC(=O)c1ncn2c1CN(C)C(=O)c1cc(Br)ccc1-2.O=C(O)COc1ccc(O)cc1'],[]
37,[42.0],2.7154764047688715,['CCOC(=O)c1ncn2c1CN(C)C(=O)c1cc(Br)ccc1-2.CC(C)(C)OCC(=O)O'],[]
38,[87.1],2.687965810739062,['CCOC(=O)c1ncn2c1CN(C)C(=O)c1cc(Br)ccc1-2.O=C(O)CNC(=O)Cc1ccccc1'],[]
39,[75.8],2.6944046100748853,['CCOC(=O)c1ncn2c1CN(C)C(=O)c1cc(Br)ccc1-2.CC(C)(C)OC(=O)N[C@H]1CCCCN(CC(=O)O)C1=O'],[]
