,obj_values ['yield'],Vendi_score,eval_samples,cut_samples
0,"[21.6, 12.2]",1.663077572879439,"['CCOC(=O)c1ncn2c1CN(C)C(=O)c1cc(Br)ccc1-2.O=C(O)C1(c2cccc(Cl)c2)CC1', 'CN1C(=O)C[C@@](C)(c2cc(Br)cs2)N/C1=N/C(=O)OC(C)(C)C.CN(C(=O)OC(C)(C)C)C1(C(=O)O)CC1']",[]
1,"[30.1, 1.9]",1.7710200229009967,"['CCOC(=O)c1ncn2c1CN(C)C(=O)c1cc(Br)ccc1-2.O=C(O)C1(c2ccc(Cl)cc2)CC1', 'CN1C(=O)C[C@@](C)(c2cc(Br)cs2)N/C1=N/C(=O)OC(C)(C)C.O=C(O)C1(c2cccc(Cl)c2)CC1']",[]
2,"[20.1, 66.8]",1.9808475200711462,"['CCOC(=O)c1ncn2c1CN(C)C(=O)c1cc(Br)ccc1-2.O=C(O)C1(c2ccc(Cl)nc2)CC1', 'CCOC(=O)c1ncn2c1CN(C)C(=O)c1cc(Br)ccc1-2.O=C1CCC(C(=O)O)Cc2ccccc21']",[]
3,"[17.4, 34.4]",2.194716052138005,"['CN1C(=O)C[C@@](C)(c2cc(Br)cs2)N/C1=N/C(=O)OC(C)(C)C.O=C1CCC(C(=O)O)Cc2ccccc21', 'CCOC(=O)c1ncn2c1CN(C)C(=O)c1cc(Br)ccc1-2.O=C(O)[C@@H]1CC[C@H](C(=O)c2ccccc2)C1']",[]
4,"[28.9, 21.7]",2.3005019982371495,"['CCOC(=O)c1ncn2c1CN(C)C(=O)c1cc(Br)ccc1-2.O=C(O)CCCc1cccs1', 'CCOC(=O)c1ncn2c1CN(C)C(=O)c1cc(Br)ccc1-2.O=C(O)C1CC(O)(c2ccccc2)C1']",[]
5,"[49.5, 16.4]",2.341383108910582,"['CCOC(=O)c1ncn2c1CN(C)C(=O)c1cc(Br)ccc1-2.C[C@@H](C(=O)O)N1C(=O)c2ccccc2C1=O', 'CCOC(=O)c1ncn2c1CN(C)C(=O)c1cc(Br)ccc1-2.O=C(c1ccccc1)[C@H]1CCCC[C@H]1C(=O)O']",[]
6,"[92.1, 95.8]",2.481357762198618,"['CCOC(=O)c1ncn2c1CN(C)C(=O)c1cc(Br)ccc1-2.O=C(O)Cn1c(=O)oc2ccccc21', 'CCOC(=O)c1ncn2c1CN(C)C(=O)c1cc(Br)ccc1-2.CN(CC(=O)O)c1ncc(C=O)cn1']",[]
7,"[75.5, 100.0]",2.5151903934499558,"['CCOC(=O)c1ncn2c1CN(C)C(=O)c1cc(Br)ccc1-2.O=C(O)Cn1ccc(-c2cccs2)n1', 'CCOC(=O)c1ncn2c1CN(C)C(=O)c1cc(Br)ccc1-2.Cc1cn(CC(=O)O)c(=O)[nH]c1=O']",[]
8,"[4.1, 52.7]",2.5577759574262426,"['CCOC(=O)c1ncn2c1CN(C)C(=O)c1cc(Br)ccc1-2.O=C(O)CN1C(=O)COCC1=O', 'CCOC(=O)c1ncn2c1CN(C)C(=O)c1cc(Br)ccc1-2.Cc1ccc(OCC(=O)O)c(C)c1']",[]
9,"[48.0, 58.5]",2.6063046369420566,"['CCOC(=O)c1ncn2c1CN(C)C(=O)c1cc(Br)ccc1-2.COc1cc(OCC(=O)O)ccc1C=O', 'CCOC(=O)c1ncn2c1CN(C)C(=O)c1cc(Br)ccc1-2.O=Cc1cccc(OCC(=O)O)c1']",[]
10,"[83.5, 16.9]",2.567177086971003,"['CCOC(=O)c1ncn2c1CN(C)C(=O)c1cc(Br)ccc1-2.Cn1ncc2ccc(CC(=O)O)cc21', 'CCOC(=O)c1ncn2c1CN(C)C(=O)c1cc(Br)ccc1-2.O=C(O)Cc1c[nH]c2cnccc12']",[]
11,"[6.3, 100.0]",2.519235043503504,"['CCOC(=O)c1ncn2c1CN(C)C(=O)c1cc(Br)ccc1-2.N#Cc1ccc(CC(=O)O)cc1', 'CCOC(=O)c1ncn2c1CN(C)C(=O)c1cc(Br)ccc1-2.CN(CC(=O)O)C(=O)c1ccco1']",[]
12,"[25.4, 61.9]",2.4967012917754716,"['CCOC(=O)c1ncn2c1CN(C)C(=O)c1cc(Br)ccc1-2.CN(CC(=O)O)S(=O)(=O)c1ccccc1', 'CCOC(=O)c1ncn2c1CN(C)C(=O)c1cc(Br)ccc1-2.O=C(O)Cn1ccc2ccccc21']",[]
13,"[51.8, 10.5]",2.4595355303872735,"['CCOC(=O)c1ncn2c1CN(C)C(=O)c1cc(Br)ccc1-2.C[C@@H](NC(=O)c1ccccc1)C(=O)O', 'CCOC(=O)c1ncn2c1CN(C)C(=O)c1cc(Br)ccc1-2.COC(=O)c1ccc(CC(=O)O)cc1']",[]
14,"[100.0, 64.7]",2.4109979230615344,"['CCOC(=O)c1ncn2c1CN(C)C(=O)c1cc(Br)ccc1-2.COc1cc(CC(=O)O)cnc1OC', 'CCOC(=O)c1ncn2c1CN(C)C(=O)c1cc(Br)ccc1-2.O=C(O)Cc1cccc(-n2cccn2)c1']",[]
15,"[34.0, 15.8]",2.4580741228982808,"['CCOC(=O)c1ncn2c1CN(C)C(=O)c1cc(Br)ccc1-2.CC(=O)N1C[C@H](O)C[C@H]1C(=O)O', 'CCOC(=O)c1ncn2c1CN(C)C(=O)c1cc(Br)ccc1-2.COc1ccc2c(c1)OCC(C(=O)O)C2']",[]
16,"[5.8, 8.2]",2.4140945002579257,"['CCOC(=O)c1ncn2c1CN(C)C(=O)c1cc(Br)ccc1-2.O=C(O)CCc1ccc(O)cc1', 'CCOC(=O)c1ncn2c1CN(C)C(=O)c1cc(Br)ccc1-2.O=C(O)Cn1cc(C(F)(F)F)ccc1=O']",[]
17,"[32.6, 87.1]",2.3940302547957026,"['CCOC(=O)c1ncn2c1CN(C)C(=O)c1cc(Br)ccc1-2.O=C(O)COc1cccc(Cl)c1', 'CCOC(=O)c1ncn2c1CN(C)C(=O)c1cc(Br)ccc1-2.O=C(O)CNC(=O)Cc1ccccc1']",[]
18,"[13.8, 24.6]",2.4382306599985446,"['CN1C(=O)C[C@@](C)(c2cc(Br)cs2)N/C1=N/C(=O)OC(C)(C)C.CN(CC(=O)O)c1ncc(C=O)cn1', 'CCOC(=O)c1ncn2c1CN(C)C(=O)c1cc(Br)ccc1-2.CC(CC(=O)O)CC(=O)c1ccccc1']",[]
19,"[31.6, 67.2]",2.4813410684992183,"['CCOC(=O)c1ncn2c1CN(C)C(=O)c1cc(Br)ccc1-2.O=C(O)C1CC(Oc2ccccc2)C1', 'CCOC(=O)c1ncn2c1CN(C)C(=O)c1cc(Br)ccc1-2.CC(NC(=O)OC(C)(C)C)C(=O)O']",[]
