,obj_values ['yield'],Vendi_score,eval_samples,cut_samples
0,[54.9],1.0000000000000004,['CCOC(=O)c1ncn2c1CN(C)C(=O)c1cc(Br)ccc1-2.O=C(O)Cc1ccc(-n2nccn2)cc1'],[]
1,[16.4],1.3726896393904264,['CCOC(=O)c1ncn2c1CN(C)C(=O)c1cc(Br)ccc1-2.C#CCCCCCCC(=O)O'],[]
2,[92.0],1.375546521625309,['CCOC(=O)c1ncn2c1CN(C)C(=O)c1cc(Br)ccc1-2.CCCCC(=O)O'],[]
3,[62.4],1.4215489459272175,['CCOC(=O)c1ncn2c1CN(C)C(=O)c1cc(Br)ccc1-2.CC(=O)NCCCCCC(=O)O'],[]
4,[89.1],1.447665573076399,['CCOC(=O)c1ncn2c1CN(C)C(=O)c1cc(Br)ccc1-2.Cc1nc(CC(=O)O)c(C)s1'],[]
5,[16.9],1.4674011135741394,['CCOC(=O)c1ncn2c1CN(C)C(=O)c1cc(Br)ccc1-2.O=C(O)Cc1c[nH]c2cnccc12'],[]
6,[51.7],1.478515959846842,['CCOC(=O)c1ncn2c1CN(C)C(=O)c1cc(Br)ccc1-2.O=C(O)Cc1cccnc1'],[]
7,[40.4],1.4964029555948772,['CCOC(=O)c1ncn2c1CN(C)C(=O)c1cc(Br)ccc1-2.O=C(O)CCNC(=O)c1ccccc1'],[]
8,[70.8],1.5843767984500077,['CCOC(=O)c1ncn2c1CN(C)C(=O)c1cc(Br)ccc1-2.C[C@H](O)CC(=O)O'],[]
9,[61.1],1.5616887844740044,['CCOC(=O)c1ncn2c1CN(C)C(=O)c1cc(Br)ccc1-2.O=C(O)Cc1ccc(F)cc1'],[]
10,[36.0],1.5905106841199865,['CCOC(=O)c1ncn2c1CN(C)C(=O)c1cc(Br)ccc1-2.CC(C)CCCCCCC(=O)O'],[]
11,[43.6],1.5766783460236993,['CCOC(=O)c1ncn2c1CN(C)C(=O)c1cc(Br)ccc1-2.O=C(O)Cc1ccc(Cl)cc1'],[]
12,[44.9],1.6197701991286615,['CCOC(=O)c1ncn2c1CN(C)C(=O)c1cc(Br)ccc1-2.CC(C)(C)OC(=O)N1CCC(CC(=O)O)CC1'],[]
13,[66.4],1.6881254212720727,['CCOC(=O)c1ncn2c1CN(C)C(=O)c1cc(Br)ccc1-2.Cc1cc(C)n(C(C)CC(=O)O)n1'],[]
14,[83.5],1.6822169341025115,['CCOC(=O)c1ncn2c1CN(C)C(=O)c1cc(Br)ccc1-2.Cn1ncc2ccc(CC(=O)O)cc21'],[]
15,[100.0],1.6753547578003884,['CCOC(=O)c1ncn2c1CN(C)C(=O)c1cc(Br)ccc1-2.COc1cc(CC(=O)O)cnc1OC'],[]
16,[64.7],1.6536834557339375,['CCOC(=O)c1ncn2c1CN(C)C(=O)c1cc(Br)ccc1-2.O=C(O)Cc1cccc(-n2cccn2)c1'],[]
17,[10.4],1.6455895880417077,['CCOC(=O)c1ncn2c1CN(C)C(=O)c1cc(Br)ccc1-2.CC(=O)[C@H]1C[C@@H](CC(=O)O)C1(C)C'],[]
18,[55.4],1.6324709291617014,['CCOC(=O)c1ncn2c1CN(C)C(=O)c1cc(Br)ccc1-2.CCCOc1ccc(CC(=O)O)cc1'],[]
19,[48.5],1.7528142813703995,['CCOC(=O)c1ncn2c1CN(C)C(=O)c1cc(Br)ccc1-2.CSCC[C@H](NC(=O)OC(C)(C)C)C(=O)NCC(=O)O'],[]
20,[39.1],1.7940397565964599,['CCOC(=O)c1ncn2c1CN(C)C(=O)c1cc(Br)ccc1-2.CC(C)(C)OC(=O)N1CCC2(CCC(CC(=O)O)CC2)CC1'],[]
21,[5.5],1.9764339898461436,['COC(=O)CC1CCc2cc(Br)cc3[nH]c(=O)c(=O)n1c23.CC(C)(C)OC(=O)N1CC(C(=O)O)C1'],[]
22,[60.7],2.0757183033938933,['COC(=O)CC1CCc2cc(Br)cc3[nH]c(=O)c(=O)n1c23.COc1cc(CC(=O)O)cnc1OC'],[]
23,[40.3],2.1769069885930747,['COC(=O)CC1CCc2cc(Br)cc3[nH]c(=O)c(=O)n1c23.CCCCC(=O)O'],[]
24,[4.4],2.459852611481447,['CN1C(=O)C[C@@](C)(c2cc(Br)cs2)N/C1=N/C(=O)OC(C)(C)C.Cc1ccc(S(=O)(=O)NC(=N)NCCC[C@H](NC(=O)OCc2ccccc2)C(=O)O)cc1'],[]
25,[68.5],2.4244525909801284,['CCOC(=O)c1ncn2c1CN(C)C(=O)c1cc(Br)ccc1-2.O=C(O)Cc1ccc(O)cc1'],[]
26,[73.7],2.385974359380139,['CCOC(=O)c1ncn2c1CN(C)C(=O)c1cc(Br)ccc1-2.COc1ccc(CC(=O)O)cc1'],[]
27,[51.4],2.3580866732090486,['CCOC(=O)c1ncn2c1CN(C)C(=O)c1cc(Br)ccc1-2.CC(C)c1ccc(CC(=O)O)cc1'],[]
28,[52.0],2.4077386513477266,['CCOC(=O)c1ncn2c1CN(C)C(=O)c1cc(Br)ccc1-2.O=C(O)Cc1ccccc1O'],[]
29,[23.0],2.48906344624925,['CN1C(=O)C[C@@](C)(c2cc(Br)cs2)N/C1=N/C(=O)OC(C)(C)C.COc1cc(CC(=O)O)cnc1OC'],[]
30,[95.2],2.609577958000411,['CCOC(=O)c1ncn2c1CN(C)C(=O)c1cc(Br)ccc1-2.COCC(=O)O'],[]
31,[52.7],2.633326830429192,['CCOC(=O)c1ncn2c1CN(C)C(=O)c1cc(Br)ccc1-2.Cc1ccc(OCC(=O)O)c(C)c1'],[]
32,[44.7],2.7637818333437627,['COC(=O)CC1CCc2cc(Br)cc3[nH]c(=O)c(=O)n1c23.COCC(=O)O'],[]
33,[42.0],2.792689588195621,['CCOC(=O)c1ncn2c1CN(C)C(=O)c1cc(Br)ccc1-2.CC(C)(C)OCC(=O)O'],[]
34,[16.7],2.766120895356631,['CCOC(=O)c1ncn2c1CN(C)C(=O)c1cc(Br)ccc1-2.COc1cccc(OCCC(=O)O)c1'],[]
35,[100.0],2.791783243239601,['CCOC(=O)c1ncn2c1CN(C)C(=O)c1cc(Br)ccc1-2.Cc1nc(C)n(CC(=O)O)n1'],[]
36,[96.8],2.828689355550888,['CCOC(=O)c1ncn2c1CN(C)C(=O)c1cc(Br)ccc1-2.Cc1ccnn1CC(=O)O'],[]
37,[61.9],2.818121590996993,['CCOC(=O)c1ncn2c1CN(C)C(=O)c1cc(Br)ccc1-2.O=C(O)Cn1ccc2ccccc21'],[]
38,[84.3],2.8102843390257704,['CCOC(=O)c1ncn2c1CN(C)C(=O)c1cc(Br)ccc1-2.CC(C)(C)OC(=O)N[C@H]1CCN(CC(=O)O)C1=O'],[]
39,[75.5],2.811105996737676,['CCOC(=O)c1ncn2c1CN(C)C(=O)c1cc(Br)ccc1-2.O=C(O)Cn1ccc(-c2cccs2)n1'],[]
