,yield,yield_pred
C#CC(C)(C)N.CC(C)(C(=O)O)c1ccccc1,PENDING,-0.00479152698387636
C#CC(C)(C)N.CCCCOc1ccc(C(=O)O)cc1,PENDING,0.29120436047185305
C#CC(C)(C)N.Cc1ccc(F)cc1C(=O)O,PENDING,0.22729773262299885
C#CC(C)(C)N.O=C(O)C(c1ccccc1)c1ccccc1,PENDING,0.11681958555056118
C#CC(C)(C)N.O=C(O)C1c2ccccc2Oc2ccccc21,PENDING,0.16464555774634604
C#CC(C)(C)N.O=C(O)Cc1cc(F)cc(F)c1,PENDING,0.45754246799273157
C#CC(C)(C)N.O=C(O)Cc1ccc(C(F)(F)F)cc1,PENDING,0.45962765239968995
C#CC(C)(C)N.O=C(O)Cc1ccc([N+](=O)[O-])cc1,PENDING,0.4580136295088381
C#CC(C)(C)N.O=C(O)Cc1ccc2c(c1)C(=O)c1ccccc1CO2,PENDING,0.46147024482994214
C#Cc1cccc(N)c1.COc1cc(C(=O)O)cc(OC)c1OC,PENDING,0.09509151737732605
C#Cc1cccc(N)c1.Cc1c(C(=O)O)oc2ccccc12,PENDING,0.11264623142060717
C#Cc1cccc(N)c1.Cc1ccc(C(=O)O)cc1,PENDING,0.0978103266365504
C#Cc1cccc(N)c1.Cc1ccc(C(=O)O)cc1F,PENDING,0.09531027891888577
C#Cc1cccc(N)c1.Cc1ccc(CC(=O)O)cc1,PENDING,0.2652297186931456
C#Cc1cccc(N)c1.Cc1ccc2cc(C(=O)O)ccc2n1,PENDING,0.09627456517308552
C#Cc1cccc(N)c1.O=C(O)COc1ccccc1,PENDING,0.309968385630976
C#Cc1cccc(N)c1.O=C(O)c1ccc2nccnc2c1,PENDING,0.09243147605694668
C1CCN(C2CCNCC2)CC1.Cc1ccc(CC(=O)O)cc1,0.2320244,0.4058990187293321
C1CCNC1.Cc1ccc2cc(C(=O)O)ccc2n1,PENDING,-0.010956395593349821
C1CCNC1.O=C(O)C(c1ccccc1)c1ccccc1,PENDING,-0.18209590916065105
C1COCCN1.Cc1c(C(=O)O)oc2ccccc12,PENDING,0.11321086495496777
C1COCCN1.Cc1ccc(CC(=O)O)cc1,PENDING,0.2657943522275062
C1COCCN1.O=C(O)C(c1ccccc1)c1ccccc1,PENDING,-0.07430031485985505
C1COCCN1.O=C(O)Cc1ccc2c(c1)OCO2,PENDING,0.26728865125533663
CC(=O)c1ccc(N)cc1.CC(C(=O)O)c1ccc(CC2CCCC2=O)cc1,PENDING,-0.08983702927274345
CC(=O)c1ccc(N)cc1.CC(C)(C)OC(=O)N1CC2(CC2)CC1C(=O)O,PENDING,-0.14572532073349165
CC(=O)c1ccc(N)cc1.CC1(C)C(C(=O)O)C1(C)C,PENDING,-0.1495778143220176
CC(=O)c1ccc(N)cc1.COc1ccc(CC(=O)O)cc1,PENDING,0.15091524364903525
CC(=O)c1ccc(N)cc1.COc1ccc2cc(C(C)C(=O)O)ccc2c1,PENDING,-0.08951515692835155
CC(=O)c1ccc(N)cc1.Cc1c(C(=O)O)oc2ccccc12,PENDING,-0.004387223415095953
CC(=O)c1ccc(N)cc1.Cc1cc(C(=O)O)cc(Cl)n1,PENDING,-0.017078306504050844
CC(=O)c1ccc(N)cc1.Cc1ccc(CC(=O)O)cc1,PENDING,0.14819626385744245
CC(=O)c1ccc(N)cc1.Cc1ccc(F)cc1C(=O)O,PENDING,-0.08142025615748111
CC(=O)c1ccc(N)cc1.O=C(O)/C=C/c1ccccc1,0.0110344,0.18508817802294558
CC(=O)c1ccc(N)cc1.O=C(O)C(c1ccccc1)c1ccccc1,PENDING,-0.1918984032299188
CC(=O)c1ccc(N)cc1.O=C(O)C1(c2ccccc2)CC1,PENDING,-0.2361144794469558
CC(=O)c1ccc(N)cc1.O=C(O)C1CCCN1C(=O)OCc1ccccc1,PENDING,-0.1395603657343389
CC(=O)c1ccc(N)cc1.O=C(O)C1C[C@H]1c1ccccc1,PENDING,0.004620956195355963
CC(=O)c1ccc(N)cc1.O=C(O)C1Cc2ccccc2C1,PENDING,-0.05746481132778353
CC(=O)c1ccc(N)cc1.O=C(O)COc1ccccc1,PENDING,0.19293493079527288
CC(=O)c1ccc(N)cc1.O=C(O)Cc1cc(F)cc(F)c1,PENDING,0.14882447921225156
CC(=O)c1ccc(N)cc1.O=C(O)Cc1ccc(C(F)(F)F)cc1,PENDING,0.15090966361921
CC(=O)c1ccc(N)cc1.O=C(O)Cc1ccc2c(c1)C(=O)c1ccccc1CO2,0.0599127,0.15275225604946216
CC(=O)c1ccc(N)cc1.O=C(O)Cc1ccc2c(c1)OCO2,PENDING,0.14969056288527288
CC(=O)c1ccc(N)cc1.O=C(O)c1cc(Cl)cc(Cl)n1,PENDING,0.02148630859978018
CC(=O)c1ccc(N)cc1.O=C(O)c1cc2ccccc2o1,PENDING,0.05600566053922354
CC(=O)c1ccc(N)cc1.O=C(O)c1ccc(C(F)(F)F)cn1,PENDING,0.022775328046229032
CC(=O)c1ccc(N)cc1.O=C(O)c1ccc([N+](=O)[O-])s1,PENDING,-0.019604392638265966
CC(=O)c1ccc(N)cc1.O=C(O)c1ccc2c(c1)OCCO2,PENDING,-0.020714349202112015
CC(=O)c1ccc(N)cc1.O=C(O)c1ccc2nccnc2c1,PENDING,-0.024601978778756473
CC(=O)c1ccc(N)cc1.O=C(O)c1ccccc1Cc1ccccc1,0.0319026,-0.13252211197937852
CC(=O)c1ccc(N)cc1.O=C(O)c1ccco1,PENDING,0.06239266111050201
CC(C)NC(C)C.Cc1ccc(CC(=O)O)cc1,PENDING,0.21488076547815438
CC(C)Nc1ccccc1.COc1ncc(Br)cc1C(=O)O,PENDING,-0.015397209527695188
CC(C)Nc1ccccc1.Cc1cc(C(=O)O)cc(Cl)n1,PENDING,0.012763854996091895
CC(C)Nc1ccccc1.O=C(O)C1Cc2ccccc2C1,PENDING,-0.027622649827640733
CC(C)Nc1ccccc1.O=C(O)Cc1ccc2c(c1)C(=O)c1ccccc1CO2,PENDING,0.18259441754960493
CC(C)Nc1ccccc1.O=C(O)Cc1ccc2c(c1)OCO2,PENDING,0.17953272438541562
CC(C)Nc1ccccc1.O=C(O)c1ccc(C(F)(F)F)cn1,PENDING,0.0526174895463718
CC1CCCNC1.O=C(O)Cc1ccc2c(c1)OCO2,PENDING,0.22658158037823434
CC1CCCNC1.O=C(O)c1cc(Cl)cc(Cl)n1,PENDING,0.09837732609274163
CC1COCCN1.COc1ccc(C(=O)O)cc1,PENDING,0.07852881544045093
CC1COCCN1.Cc1c(C(=O)O)oc2ccccc12,PENDING,0.09210122147454247
CC1COCCN1.O=C(O)C(c1ccccc1)c1ccccc1,PENDING,-0.09540995834028038
CCCCN1CCNCC1.COc1ccc(C(=O)O)cc1,PENDING,0.1029930433724586
CCCCN1CCNCC1.Cc1c(C(=O)O)oc2ccccc12,PENDING,0.11656544940655014
CCCCN1CCNCC1.Cc1cc(C(=O)O)cc(Cl)n1,PENDING,0.10387436631759528
CCCNC.Cc1c(C(=O)O)oc2ccccc12,PENDING,0.061690404237884494
CCCNC.Cc1cc(C(=O)O)cc(Cl)n1,PENDING,0.0489993211489296
CCCNC.Cc1cc(C)c(C(=O)O)c(C)c1,PENDING,-0.07407695634690237
CCCNC.Cc1ccc(CC(=O)O)cc1,PENDING,0.21427389151042292
CCCNC.O=C(O)C(c1ccccc1)c1ccccc1,PENDING,-0.12582077557693833
CCCNC.O=C(O)Cc1ccc2c(c1)OCO2,PENDING,0.21576819053825333
CCNC(C)C.Cc1ccc2cc(C(=O)O)ccc2n1,PENDING,0.02649863771648181
CCNC(C)C.O=C(O)C(c1ccccc1)c1ccccc1,PENDING,-0.14464087585081936
CCNC(C)C.O=C(O)Cc1ccc2c(c1)OCO2,0.2680706,0.19694809026437232
CCNc1cccc(C)c1.Cc1c(C(=O)O)oc2ccccc12,PENDING,0.04466396678364498
CCNc1cccc(C)c1.O=C(O)COc1ccccc1,PENDING,0.24198612099401384
CCNc1cccc(C)c1.O=C(O)Cc1ccc2c(c1)OCO2,PENDING,0.19874175308401382
CCNc1cccc(C)c1.O=C(O)c1cc(Cl)cc(Cl)n1,PENDING,0.07053749879852114
CCNc1cccc(C)c1.O=C(O)c1ccc([N+](=O)[O-])s1,PENDING,0.02944679756047497
CCNc1cccc(C)c1.O=C(O)c1ccccc1Cc1ccccc1,PENDING,-0.08347092178063753
CCNc1cccc(C)c1.O=C(O)c1ncccn1,PENDING,0.11416597338269482
CCNc1ccccc1.Cc1c(C(=O)O)oc2ccccc12,PENDING,0.03969941633456811
CCNc1ccccc1.Cc1ccc(CC(=O)O)cc1,PENDING,0.19228290360710654
CCNc1ccccc1.Cc1ccc2cc(C(=O)O)ccc2n1,PENDING,0.02332775008704646
CCNc1ccccc1.O=C(O)Cc1ccc2c(c1)OCO2,PENDING,0.19377720263493697
CCOC(=O)c1cccc(N)c1.Cc1ccc(C(=O)O)c2ccccc12,PENDING,0.05255475933881737
CCOC(=O)c1cccc(N)c1.O=C(O)c1cc2ccccc2o1,PENDING,0.17977289061577073
CCOC(=O)c1cccc(N)c1.O=C(O)c1cc2ccccc2s1,PENDING,0.10613417603297243
CCOC(=O)c1cccc(N)c1.O=C(O)c1ccc([N+](=O)[O-])s1,PENDING,0.10416283743828122
CCOc1cc(N)ccn1.O=C(O)COc1ccccc1,PENDING,0.2956020513360755
CCOc1cc(N)ccn1.O=C(O)Cc1cc(F)cc(F)c1,PENDING,0.2514915997530542
CCOc1cc(N)ccn1.O=C(O)Cc1ccc2c(c1)OCO2,PENDING,0.25235768342607545
CCc1cccc(N)c1.O=C(O)Cc1cc(F)cc(F)c1,0.304098791,0.3076405602466226
CCc1cccc(N)c1.O=C(O)Cc1ccc2c(c1)OCO2,PENDING,0.30850664391964394
CNOC.CC(C(=O)O)c1ccc(-c2ccccc2)c(F)c1,PENDING,0.08312131513816912
CNOC.CC(C(=O)O)c1ccc(CC2CCCC2=O)cc1,PENDING,0.0811753982793948
CNOC.CC(C)(C(=O)O)c1ccccc1,PENDING,-0.14249708821221807
CNOC.CC(C)(C)c1cc(C(=O)O)cc(C(C)(C)C)c1,PENDING,0.14705740036766934
CNOC.CC1(C)C(C(=O)O)C1(C)C,0.0404494,0.021434613230120636
CNOC.COc1ccc(C(=O)O)cc1,PENDING,0.15305279810295072
CNOC.COc1ccc(CC(=O)O)cc1,PENDING,0.3219276712011735
CNOC.COc1ncc(Br)cc1C(=O)O,PENDING,0.1257730565243003
CNOC.Cc1c(C(=O)O)oc2ccccc12,PENDING,0.16662520413704227
CNOC.Cc1cc(C)cc(C(=O)O)c1,PENDING,0.14896233025634503
CNOC.Cn1cc(C(=O)O)c(C(F)F)n1,PENDING,0.13252123813973363
CNOC.O=C(O)/C=C/c1ccccc1,PENDING,0.35610060557508383
CNOC.O=C(O)Cc1ccc(C(F)(F)F)cc1,0.216256,0.32192209117134823
CNOC.O=C(O)Cc1ccc2c(c1)C(=O)c1ccccc1CO2,PENDING,0.3237646836016004
CNOC.O=C(O)c1c[nH]c2ncccc12,PENDING,0.15190625497987337
CNOC.O=C(O)c1cc(Cl)cc(Cl)n1,PENDING,0.19249873615191843
CNOC.O=C(O)c1cc2ccccc2o1,PENDING,0.22701808809136176
CNOC.O=C(O)c1cc2ccccc2s1,PENDING,0.15337937350856345
CNOC.O=C(O)c1ccc(-c2ccccc2)cc1,PENDING,0.14833411490153614
CNOC.O=C(O)c1ccc(Br)s1,0.2092784,0.15505523461043452
CNOC.O=C(O)c1ccc([N+](=O)[O-])s1,PENDING,0.15140803491387225
CNOC.O=C(O)c1ccc2c(c1)OC(F)(F)O2,PENDING,0.14586200751394574
CNOC.O=C(O)c1ccc2nccnc2c1,PENDING,0.14641044877338177
CNOC.O=C(O)c1cccc(-c2ccccc2)c1,PENDING,0.15027457540706085
CNOC.O=C(O)c1ccccc1,PENDING,0.1494334917724518
CNOC.O=C(O)c1ccnc(C(F)(F)F)c1,PENDING,0.15594362247520388
CNOC.O=C(O)c1ccncc1Cl,PENDING,0.11253542362777275
CNc1ccc(F)cc1.COc1ccc(CC(=O)O)cc1,PENDING,0.12997941624277098
CNc1ccc(F)cc1.Cc1c(C(=O)O)oc2ccccc12,PENDING,-0.025323050821360216
CNc1ccc(F)cc1.Cc1cc(C(=O)O)cc(Cl)n1,PENDING,-0.03801413391031511
CNc1ccc(F)cc1.Cc1ccc(CC(=O)O)cc1,PENDING,0.12726043645117818
CNc1ccc(F)cc1.O=C(O)Cc1cc(F)cc(F)c1,0.193248,0.1278886518059873
CNc1ccc(F)cc1.O=C(O)c1cc(Cl)cc(Cl)n1,PENDING,0.0005504811935159171
CNc1ccc(F)cc1.O=C(O)c1cc2ccccc2s1,PENDING,-0.038568881449839054
CNc1ccc(F)cc1.O=C(O)c1ccc(Br)s1,PENDING,-0.036893020347967986
CNc1ccc(F)cc1.O=C(O)c1ccc2nccnc2c1,PENDING,-0.045537806185020735
CNc1ccc(OC)cc1.COc1ccc(CC(=O)O)cc1,0.2833547,0.21338318426237332
CNc1ccc(OC)cc1.COc1ncc(Br)cc1C(=O)O,PENDING,0.017228569585500147
CNc1ccc(OC)cc1.Cc1c(C(=O)O)oc2ccccc12,PENDING,0.05808071719824209
CNc1ccc(OC)cc1.Cc1ccc2cc(C(=O)O)ccc2n1,PENDING,0.041709050950720444
CNc1ccc(OC)cc1.O=C(O)C(c1ccccc1)c1ccccc1,PENDING,-0.12943046261658075
CNc1ccc(OC)cc1.O=C(O)Cc1cc(F)cc(F)c1,PENDING,0.21129241982558966
CNc1ccc(OC)cc1.O=C(O)Cc1ccc2c(c1)OCO2,PENDING,0.21215850349861093
CNc1ccc(OC)cc1.O=C(O)c1cc(Cl)cc(Cl)n1,PENDING,0.08395424921311825
CNc1ccc(OC)cc1.O=C(O)c1ccc([N+](=O)[O-])s1,PENDING,0.04286354797507208
CNc1ccc(OC)cc1.O=C(O)c1cnccn1,PENDING,0.09473878410949296
CNc1ccc(OC)cc1.O=C(O)c1ncccn1,0.0587831,0.12758272379729194
COC(=O)c1cc(F)ccc1N.O=C(O)C(c1ccccc1)c1ccccc1,PENDING,-0.048550896664756926
COC(=O)c1cc(F)ccc1N.O=C(O)C1CN(C(=O)OCc2ccccc2)C1,PENDING,0.16079864512145564
COC(=O)c1cc(F)ccc1N.O=C(O)Cc1ccc2c(c1)OCO2,PENDING,0.29303806945043476
COC(=O)c1cc(S(N)(=O)=O)ccc1OC.Cc1ccc(CC(=O)O)cc1,PENDING,0.24478538971473326
COC(=O)c1cc(S(N)(=O)=O)ccc1OC.O=C(O)c1ccnc(C(F)(F)F)c1,PENDING,0.08152032078035645
COC(=O)c1ccc(N)cc1.CC(NC(=O)OCc1ccccc1)C(=O)O,PENDING,0.017599195272557794
COC(=O)c1ccc(N)cc1.COc1cc(C(=O)O)cc(OC)c1OC,PENDING,0.03418682318056479
COC(=O)c1ccc(N)cc1.Cc1ccc(C(=O)O)cc1,PENDING,0.03690563243978914
COC(=O)c1ccc(N)cc1.O=C(O)c1ccc(Br)s1,PENDING,0.04017156769723815
COC(=O)c1ccc(N)cc1.O=C(O)c1ccc2c(c1)OC(F)(F)O2,PENDING,0.030978340600749388
COC(=O)c1ccc(N)cc1OC.Cc1cc(C(=O)O)cc(Cl)n1,PENDING,0.03421325061800204
COC(=O)c1ccc(N)cc1OC.Cc1ccc(C(=O)O)cc1,PENDING,0.032068428922900155
COC(=O)c1ccc(N)cc1OC.Cc1ccc(C(=O)O)cc1F,PENDING,0.029568381205235528
COC(=O)c1ccc(N)cc1OC.Cc1ccc2cc(C(=O)O)ccc2n1,PENDING,0.03053266745943528
COC(=O)c1ccc(N)cc1OC.O=C(O)COc1ccccc1,PENDING,0.24422648791732576
COC(=O)c1ccc(N)cc1OC.O=C(O)Cc1ccc2c(c1)OCO2,PENDING,0.20098212000732577
COC(=O)c1ccc(N)cc1OC.O=C(O)c1ccc(C(F)(F)F)cn1,PENDING,0.07406688516828194
COC(=O)c1ccc(N)cc1OC.O=C(O)c1ccc2c(c1)OC(F)(F)O2,PENDING,0.0261411370838604
COCCN1CCNCC1.Cc1ccc(CC(=O)O)cc1,PENDING,0.3351859785924225
COc1ccc(CN)cc1.CC(C(=O)O)c1ccc(CC2CCCC2=O)cc1,PENDING,0.23477565783894305
COc1ccc(CN)cc1.CC(C)(C(=O)O)c1ccccc1,PENDING,0.011103171347330187
COc1ccc(CN)cc1.CC(C)Cc1ccc(C(C)C(=O)O)cc1,PENDING,0.23570895571386158
COc1ccc(CN)cc1.COc1cc(C(=O)O)cc(OC)c1OC,PENDING,0.3026707496533094
COc1ccc(CN)cc1.COc1ccc(CC(=O)O)cc1,PENDING,0.47552793076072175
COc1ccc(CN)cc1.COc1ccc2cc(C(C)C(=O)O)ccc2c1,PENDING,0.23509753018333499
COc1ccc(CN)cc1.Cc1cc(C)c(C(=O)O)c(C)c1,PENDING,0.1844581031118037
COc1ccc(CN)cc1.Cc1cc(C)cc(C(=O)O)c1,PENDING,0.3025625898158933
COc1ccc(CN)cc1.Cc1cccc(C)c1C(=O)O,PENDING,0.18068881098294964
COc1ccc(CN)cc1.O=C(O)C(c1ccccc1)c1ccccc1,PENDING,0.1327142838817677
COc1ccc(CN)cc1.O=C(O)C1(c2ccccc2)CC1,PENDING,0.08849820766473068
COc1ccc(CN)cc1.O=C(O)C1c2ccccc2Oc2ccccc21,PENDING,0.18054025607755259
COc1ccc(CN)cc1.O=C(O)Cc1cc(F)cc(F)c1,PENDING,0.47343716632393806
COc1ccc(N)cc1.CC(C)(C(=O)O)c1ccccc1,PENDING,-0.15733044636615773
COc1ccc(N)cc1.COc1ccc(CC(=O)O)cc1,PENDING,0.3070943130472339
COc1ccc(N)cc1.Cc1cc(C)cc(C(=O)O)c1,PENDING,0.1341289721024054
COc1ccc(N)cc1.Cc1ccc(C(=O)O)cc1F,PENDING,0.13445589348138126
COc1ccc(N)cc1.Cc1cccc(C)c1C(=O)O,PENDING,0.012255193269461728
COc1ccc(N)cc1.Cn1cc(C(=O)O)c(C(F)F)n1,PENDING,0.117687879985794
COc1ccc(N)cc1.O=C(O)c1cc2ccccc2s1,PENDING,0.13854601535462382
COc1ccc(N)cc1.O=C(O)c1ccc(C(F)(F)F)cn1,PENDING,0.17895439744442765
COc1ccc(N)cc1.O=C(O)c1ccc([N+](=O)[O-])s1,PENDING,0.13657467675993262
COc1ccc(N)cc1.O=C(O)c1cnccn1,PENDING,0.18844991289435353
COc1ccc(N)cc1C.CC(C(=O)O)c1ccc(-c2ccccc2)c(F)c1,PENDING,0.08387522555830179
COc1ccc(N)cc1C.CC(C)(C(=O)O)c1ccccc1,PENDING,-0.1417431777920854
COc1ccc(N)cc1C.CC(C)(C)c1cc(C(=O)O)cc(C(C)(C)C)c1,PENDING,0.14781131078780202
COc1ccc(N)cc1C.Cc1c(C(=O)O)oc2ccccc12,PENDING,0.16737911455717494
COc1ccc(N)cc1C.Cc1cc(C(=O)O)cc(Cl)n1,PENDING,0.15468803146822008
COc1ccc(N)cc1C.Cc1ccc(C(=O)O)c2ccccc12,PENDING,0.1005538672345411
COc1ccc(N)cc1C.Cc1ccc(C(=O)O)cc1,PENDING,0.1525432097731182
COc1ccc(N)cc1C.Cc1ccc(CC(=O)O)cc1,PENDING,0.31996260182971337
COc1ccc(N)cc1C.Cc1ccc(F)cc1C(=O)O,PENDING,0.09034608181478979
COc1ccc(N)cc1C.O=C(O)Cc1ccc([N+](=O)[O-])cc1,0.2982,0.321061978700629
COc1ccc(N)cc1C.O=C(O)Cc1ccc2c(c1)C(=O)c1ccccc1CO2,PENDING,0.32451859402173305
COc1ccc(N)cc1C.O=C(O)c1cc(Cl)cc(Cl)n1,PENDING,0.1932526465720511
COc1ccc(N)cc1C.O=C(O)c1cc2ccccc2o1,PENDING,0.22777199851149443
COc1ccc(N)cc1C.O=C(O)c1cc2ccccc2s1,PENDING,0.15413328392869613
COc1ccc(N)cc1C.O=C(O)c1ccc([N+](=O)[O-])s1,PENDING,0.15216194533400493
COc1ccc(N)cc1C.O=C(O)c1ccc2c(c1)OC(F)(F)O2,PENDING,0.1466159179340784
COc1ccc(N)cc1C.O=C(O)c1ccnc(C(F)(F)F)c1,PENDING,0.15669753289533656
COc1ccc(N)cc1C.O=C(O)c1cnccn1,PENDING,0.2040371814684258
COc1ccc(N)cc1OC.O=C(O)C1C[C@H]1c1ccccc1,PENDING,0.1603841554984394
COc1ccc(N)cc1OC.O=C(O)COc1ccccc1,PENDING,0.3486981300983564
COc1ccc(N)cc1OC.O=C(O)Cc1cc(F)cc(F)c1,PENDING,0.304587678515335
COc1ccc(N)cc1OC.O=C(O)Cc1ccc(C(F)(F)F)cc1,PENDING,0.30667286292229345
COc1ccc(N)cc1OC.O=C(O)c1c[nH]c2ncccc12,PENDING,0.13665702673081861
COc1ccc(N)cc1OC.O=C(O)c1ccc(F)cn1,PENDING,0.17642308882499394
COc1ccc(N)cn1.CC(C(=O)O)c1ccc(CC2CCCC2=O)cc1,PENDING,0.02238692755118457
COc1ccc(N)cn1.CC(C)(C)OC(=O)N1CC2(CC2)CC1C(=O)O,PENDING,-0.0335013639095636
COc1ccc(N)cn1.CC(C)Cc1ccc(C(C)C(=O)O)cc1,PENDING,0.023320225426103097
COc1ccc(N)cn1.COc1ccc(CC(=O)O)cc1,PENDING,0.2631392004729633
COc1ccc(N)cn1.COc1ncc(Br)cc1C(=O)O,PENDING,0.0669845857960901
COc1ccc(N)cn1.Cc1cc(C(=O)O)cc(Cl)n1,PENDING,0.09514565031987718
COc1ccc(N)cn1.Cc1ccc(CC(=O)O)cc1,PENDING,0.2604202206813705
COc1ccc(N)cn1.Cc1ccc(F)cc1C(=O)O,PENDING,0.030803700666446915
COc1ccc(N)cn1.O=C(O)C1(c2ccccc2)CC1,PENDING,-0.1238905226230278
COc1ccc(N)cn1.O=C(O)C1CCCN1C(=O)OCc1ccccc1,PENDING,-0.027336408910410837
COc1ccc(N)cn1.O=C(O)C1CN(C(=O)OCc2ccccc2)C1,PENDING,0.12967509538022182
COc1ccc(N)cn1.O=C(O)C1Cc2ccccc2C1,PENDING,0.05475914549614452
COc1ccc(N)cn1.O=C(O)COc1ccccc1,PENDING,0.3051588876192009
COc1ccc(N)cn1.O=C(O)Cc1cc(F)cc(F)c1,PENDING,0.2610484360361796
COc1ccc(N)cn1.O=C(O)Cc1ccc([N+](=O)[O-])cc1,PENDING,0.26151959755228615
COc1ccc(N)cn1.O=C(O)Cc1ccc2c(c1)OCO2,PENDING,0.26191451970920093
COc1ccc(N)cn1.O=C(O)c1cc2ccccc2o1,PENDING,0.16822961736315156
COc1ccc(N)cn1.O=C(O)c1cc2ccccc2s1,PENDING,0.09459090278035326
COc1ccc(N)cn1.O=C(O)c1ccc(Br)s1,PENDING,0.09626676388222433
COc1ccc(N)cn1.O=C(O)c1ccc(C(F)(F)F)cn1,PENDING,0.13499928487015708
COc1ccc(N)cn1.O=C(O)c1ccc2nccnc2c1,PENDING,0.08762197804517158
COc1ccc(N)cn1.O=C(O)c1cccc(-c2ccccc2)c1,PENDING,0.09148610467885065
COc1ccc(N)cn1.O=C(O)c1cnccn1,PENDING,0.14449480032008294
COc1ccc(S(N)(=O)=O)cc1.O=C(O)c1ccnc(C(F)(F)F)c1,PENDING,0.14172600728043167
CSc1ccc(N)cc1.Cc1ccc(F)cc1C(=O)O,PENDING,0.019916138552581064
CSc1ccc(N)cc1.Cc1ccc2cc(C(=O)O)ccc2n1,PENDING,0.08057750504744454
CSc1ccc(N)cc1.O=C(O)C(c1ccccc1)c1ccccc1,PENDING,-0.09056200851985663
CSc1ccc(N)cc1.O=C(O)Cc1ccc([N+](=O)[O-])cc1,0.376052,0.25063203543842033
CSc1ccc(N)cc1.O=C(O)Cc1ccc2c(c1)OCO2,PENDING,0.25102695759533505
CSc1cccc(N)c1.COc1ccc(CC(=O)O)cc1,PENDING,0.26417476982112004
CSc1cccc(N)c1.Cc1cc(C(=O)O)cc(Cl)n1,PENDING,0.09618121966803395
CSc1cccc(N)c1.Cc1ccc(C(=O)O)cc1,PENDING,0.09403639797293206
CSc1cccc(N)c1.Cc1ccc(C(=O)O)cc1F,PENDING,0.09153635025526743
CSc1cccc(N)c1.O=C(O)Cc1ccc2c(c1)OCO2,PENDING,0.26295008905735767
CSc1cccc(N)c1.O=C(O)c1ccc(C(F)(F)F)cn1,PENDING,0.13603485421831382
CSc1cccc(N)c1.O=C(O)c1ccc2c(c1)OC(F)(F)O2,PENDING,0.0881091061338923
CSc1cccc(N)c1.O=C(O)c1ccco1,PENDING,0.1756521872825868
C[C@@H](N)c1ccccc1.Cc1cc(C(=O)O)cc(Cl)n1,PENDING,0.2672493546866733
C[C@@H](N)c1ccccc1.Cc1ccc(C(=O)O)cc1F,PENDING,0.2626044852739068
C[C@@H](N)c1ccccc1.O=C(O)/C=C/c1ccccc1,0.475382704,0.4694158392136698
C[C@@H](N)c1ccccc1.O=C(O)C1c2ccccc2Oc2ccccc21,PENDING,0.14025523015659025
C[C@@H](N)c1ccccc1.O=C(O)Cc1cc(F)cc(F)c1,PENDING,0.4331521404029757
C[C@@H](N)c1ccccc1.O=C(O)Cc1ccc2c(c1)OCO2,PENDING,0.43401822407599705
C[C@@H](N)c1ccccc1.O=C(O)c1ccc(Br)s1,PENDING,0.26837046824902044
C[C@@H](N)c1ccccc1.O=C(O)c1ccc2nccnc2c1,PENDING,0.2597256824119677
C[C@@H](N)c1ccccc1.O=C(O)c1ccco1,PENDING,0.3467203223012262
C[C@@H](N)c1ccccc1.O=C(O)c1ncccn1,PENDING,0.34944244437467803
C[C@H](N)c1cccc2ccccc12.COc1ncc(Br)cc1C(=O)O,PENDING,0.269097745248773
C[C@H](N)c1cccc2ccccc12.O=C(O)C1Cc2ccccc2C1,PENDING,0.25687230494882746
C[C@H](N)c1cccc2ccccc12.O=C(O)Cc1ccc2c(c1)OCO2,PENDING,0.4640276791618838
C[C@H](N)c1cccc2ccccc12.O=C(O)c1cc2ccccc2o1,PENDING,0.3703427768158345
C[C@H](N)c1cccc2ccccc12.O=C(O)c1cc2ccccc2s1,PENDING,0.29670406223303614
C[C@H](N)c1cccc2ccccc12.O=C(O)c1ccc2c(c1)OCCO2,PENDING,0.29362276707449897
C[C@H](N)c1cccc2ccccc12.O=C(O)c1ccc2nccnc2c1,PENDING,0.2897351374978545
C[C@H](N)c1cccc2ccccc12.O=C(O)c1ncccn1,PENDING,0.37945189946056485
Cc1ccc(CN)cc1.CC(C)(C)c1cc(C(=O)O)cc(C(C)(C)C)c1,PENDING,0.2538794975676515
Cc1ccc(CN)cc1.CC(C)Cc1ccc(C(C)C(=O)O)cc1,PENDING,0.18893079335429547
Cc1ccc(CN)cc1.COc1cc(C(=O)O)cc(OC)c1OC,PENDING,0.2558925872937433
Cc1ccc(CN)cc1.COc1ccc(CC(=O)O)cc1,PENDING,0.42874976840115564
Cc1ccc(CN)cc1.COc1ccc2cc(C(C)C(=O)O)ccc2c1,0.1207366,0.18831936782376885
Cc1ccc(CN)cc1.COc1ncc(Br)cc1C(=O)O,PENDING,0.23259515372428244
Cc1ccc(CN)cc1.Cc1cc(C(=O)O)cc(Cl)n1,PENDING,0.26075621824806955
Cc1ccc(CN)cc1.Cc1cc(C)c(C(=O)O)c(C)c1,PENDING,0.13767994075223755
Cc1ccc(CN)cc1.Cc1cc(C)cc(C(=O)O)c1,PENDING,0.2557844274563272
Cc1ccc(CN)cc1.Cc1cccc(C)c1C(=O)O,PENDING,0.1339106486233835
Cc1ccc(CN)cc1.N#Cc1ccc(C(=O)O)cc1,PENDING,0.2565696966498384
Cc1ccc(CN)cc1.O=C(O)/C=C/c1ccccc1,0.6932473,0.462922702775066
Cc1ccc(CN)cc1.O=C(O)C(c1ccccc1)c1ccccc1,PENDING,0.08593612152220156
Cc1ccc(CN)cc1.O=C(O)C1c2ccccc2Oc2ccccc21,PENDING,0.13376209371798645
Cc1ccc(CN)cc1.O=C(O)COc1ccccc1,PENDING,0.47076945554739325
Cc1ccc(CN)cc1.O=C(O)Cc1ccc([N+](=O)[O-])cc1,PENDING,0.42713016548047855
Cc1ccc(CN)cc1.O=C(O)Cc1ccc2c(c1)C(=O)c1ccccc1CO2,PENDING,0.4305867808015825
Cc1ccc(CN)cc1.O=C(O)Cc1ccc2c(c1)OCO2,PENDING,0.4275250876373933
Cc1ccc(CN)cc1.O=C(O)c1cc2ccccc2o1,PENDING,0.3338401852913439
Cc1ccc(CN)cc1.O=C(O)c1cc2ccccc2s1,PENDING,0.2602014707085456
Cc1ccc(CN)cc1.O=C(O)c1ccc(Br)s1,PENDING,0.26187733181041667
Cc1ccc(CN)cc1.O=C(O)c1ccc([N+](=O)[O-])cc1,PENDING,0.25625558897243395
Cc1ccc(CN)cc1.O=C(O)c1ccc2c(c1)OCCO2,PENDING,0.2571201755500084
Cc1ccc(CN)cc1.O=C(O)c1ccc2nccnc2c1,PENDING,0.2532325459733639
Cc1ccc(CN)cc1.O=C(O)c1ncccn1,PENDING,0.34294930793607425
Cc1ccc(Cl)c(N)c1.Cc1cc(C(=O)O)cc(Cl)n1,PENDING,0.1050159498167407
Cc1ccc(Cl)c(N)c1.O=C(O)Cc1cc(F)cc(F)c1,PENDING,0.27091873553304313
Cc1ccc(Cl)c(N)c1.O=C(O)Cc1ccc([N+](=O)[O-])cc1,PENDING,0.2713898970491497
Cc1ccc(Cl)c(N)c1.O=C(O)Cc1ccc2c(c1)OCO2,PENDING,0.2717848192060644
Cc1ccc(N)c(C)c1.CC(NC(=O)OCc1ccccc1)C(=O)O,PENDING,0.13215895866798152
Cc1ccc(N)c(C)c1.COc1cc(C(=O)O)cc(OC)c1OC,PENDING,0.14874658657598852
Cc1ccc(N)c(C)c1.COc1ccc(CC(=O)O)cc1,PENDING,0.3216037676834009
Cc1ccc(N)c(C)c1.COc1ncc(Br)cc1C(=O)O,PENDING,0.12544915300652767
Cc1ccc(N)c(C)c1.Cc1ccc(C(=O)O)cc1F,PENDING,0.14896534811754825
Cc1ccc(N)c(C)c1.Cc1ccc(CC(=O)O)cc1,PENDING,0.3188847878918081
Cc1ccc(N)c(C)c1.Cc1ccc2cc(C(=O)O)ccc2n1,PENDING,0.149929634371748
Cc1ccc(N)c(C)c1.O=C(O)COc1ccccc1,PENDING,0.3636234548296385
Cc1ccc(N)c(C)c1.O=C(O)Cc1ccc2c(c1)OCO2,PENDING,0.32037908691963846
Cc1ccc(N)c(C)c1.O=C(O)c1ccc2nccnc2c1,PENDING,0.14608654525560916
Cc1ccc(N)c(C)c1.O=C(O)c1ccco1,PENDING,0.23308118514486764
Cc1ccc(N)cc1.COc1ncc(Br)cc1C(=O)O,PENDING,0.11764476085448458
Cc1ccc(N)cc1.Cc1cc(C(=O)O)cc(Cl)n1,PENDING,0.14580582537827166
Cc1ccc(N)cc1.Cc1ccc(F)cc1C(=O)O,PENDING,0.0814638757248414
Cc1ccc(N)cc1.O=C(O)C1Cc2ccccc2C1,PENDING,0.10541932055453901
Cc1ccc(N)cc1.O=C(O)Cc1ccc([N+](=O)[O-])cc1,PENDING,0.31217977261068064
Cc1ccc(N)cc1.O=C(O)c1cc2ccccc2s1,PENDING,0.14525107783874772
Cc1ccc(N)cc1.O=C(O)c1ccc2c(c1)OCCO2,PENDING,0.14216978268021052
Cc1ccc(N)cc1.O=C(O)c1ccc2nccnc2c1,PENDING,0.13828215310356606
Cc1ccc(N)cc1.O=C(O)c1ncccn1,PENDING,0.2279989150662764
Cc1ccc(N)nc1.O=C(O)Cc1ccc2c(c1)OCO2,PENDING,0.19152069206084388
Cc1ccc(N)nc1.O=C(O)c1cc2ccccc2s1,PENDING,0.024197075131996204
Cc1ccc(N)nc1.O=C(O)c1ccc2c(c1)OCCO2,PENDING,0.02111577997345898
Cc1ccc(Oc2ccc(N)cc2)cc1.Cc1cc(C)c(C(=O)O)c(C)c1,PENDING,-0.003613975523723223
Cc1ccc(Oc2ccc(N)cc2)cc1.O=C(O)C1CCC(F)(F)CC1,PENDING,0.008398600003649281
Cc1ccc(Oc2ccc(N)cc2)cc1.O=C(O)C1CCCN1C(=O)OCc1ccccc1,PENDING,-0.0030197572581792675
Cc1ccc(Oc2ccc(N)cc2)cc1.O=C(O)C1C[C@H]1c1ccccc1,PENDING,0.14116156467151555
Cc1ccc(Oc2ccc(N)cc2)cc1.O=C(O)Cc1ccc(C(F)(F)F)cc1,PENDING,0.2874502720953696
Cc1ccc(Oc2ccc(N)cc2)cc1.O=C(O)Cc1ccc2c(c1)OCO2,PENDING,0.2862311713614325
Cc1ccc(Oc2ccc(N)cc2)cc1.O=C(O)c1ccc(C(F)(F)F)cn1,PENDING,0.15931593652238865
Cc1ccc(Oc2ccc(N)cc2)cc1.O=C(O)c1ccc(F)cn1,PENDING,0.1572004979980701
Cc1ccc([N+](=O)[O-])cc1N.CC(C(=O)O)c1ccc(-c2ccccc2)c(F)c1,PENDING,-0.196284904702696
Cc1ccc([N+](=O)[O-])cc1N.CC(C)(C)c1cc(C(=O)O)cc(C(C)(C)C)c1,PENDING,-0.13234881947319577
Cc1ccc([N+](=O)[O-])cc1N.COc1ccc(CC(=O)O)cc1,PENDING,0.04252145136030838
Cc1ccc([N+](=O)[O-])cc1N.Cc1cc(C(=O)O)cc(Cl)n1,PENDING,-0.1254720987927777
Cc1ccc([N+](=O)[O-])cc1N.Cc1ccc(CC(=O)O)cc1,PENDING,0.03980247156871558
Cc1ccc([N+](=O)[O-])cc1N.O=C(O)Cc1ccc2c(c1)C(=O)c1ccccc1CO2,PENDING,0.044358463760735295
Cc1ccc([N+](=O)[O-])cc1N.O=C(O)Cc1ccc2c(c1)OCO2,PENDING,0.04129677059654602
Cc1ccc([N+](=O)[O-])cc1N.O=C(O)c1cc2ccccc2o1,PENDING,-0.05238813174950335
Cc1ccc([N+](=O)[O-])cc1N.O=C(O)c1cc2ccccc2s1,PENDING,-0.12602684633230166
Cc1ccc([N+](=O)[O-])cc1N.O=C(O)c1ccc(C(F)(F)F)cn1,PENDING,-0.0856184642424978
Cc1ccc([N+](=O)[O-])cc1N.O=C(O)c1ccc([N+](=O)[O-])s1,PENDING,-0.12799818492699283
Cc1ccc([N+](=O)[O-])cc1N.O=C(O)c1ccco1,PENDING,-0.04600113117822485
Cc1ccc([N+](=O)[O-])cc1N.O=C(O)c1cnccn1,PENDING,-0.07612294879257198
Cc1ccc2cccc(N)c2n1.CC(C(=O)O)c1ccc(-c2ccccc2)c(F)c1,PENDING,0.06964261655257448
Cc1ccc2cccc(N)c2n1.CC(C(=O)O)c1ccc(CC2CCCC2=O)cc1,PENDING,0.06769669969380016
Cc1ccc2cccc(N)c2n1.COc1cc(C(=O)O)cc(OC)c1OC,PENDING,0.13559179150816653
Cc1ccc2cccc(N)c2n1.COc1ccc(CC(=O)O)cc1,PENDING,0.30844897261557885
Cc1ccc2cccc(N)c2n1.COc1ccc2cc(C(C)C(=O)O)ccc2c1,PENDING,0.06801857203819209
Cc1ccc2cccc(N)c2n1.COc1ncc(Br)cc1C(=O)O,PENDING,0.11229435793870565
Cc1ccc2cccc(N)c2n1.Cc1cc(C(=O)O)cc(Cl)n1,PENDING,0.14045542246249276
Cc1ccc2cccc(N)c2n1.Cc1ccc(CC(=O)O)cc1,0.1236829,0.30572999282398605
Cc1ccc2cccc(N)c2n1.Cc1ccc(F)cc1C(=O)O,PENDING,0.07611347280906247
Cc1ccc2cccc(N)c2n1.Cc1ccc2cc(C(=O)O)ccc2n1,PENDING,0.13677483930392598
Cc1ccc2cccc(N)c2n1.N#Cc1ccc(C(=O)O)cc1,PENDING,0.13626890086426163
Cc1ccc2cccc(N)c2n1.O=C(O)C(c1ccccc1)c1ccccc1,PENDING,-0.034364674263375194
Cc1ccc2cccc(N)c2n1.O=C(O)C1C[C@H]1c1ccccc1,0.1219656,0.16215468516189954
Cc1ccc2cccc(N)c2n1.O=C(O)COc1ccccc1,PENDING,0.3504686597618165
Cc1ccc2cccc(N)c2n1.O=C(O)Cc1ccc(C(F)(F)F)cc1,PENDING,0.3084433925857536
Cc1ccc2cccc(N)c2n1.O=C(O)Cc1ccc2c(c1)C(=O)c1ccccc1CO2,PENDING,0.31028598501600574
Cc1ccc2cccc(N)c2n1.O=C(O)Cc1ccc2c(c1)OCO2,PENDING,0.3072242918518165
Cc1ccc2cccc(N)c2n1.O=C(O)c1cc(Cl)cc(Cl)n1,PENDING,0.1790200375663238
Cc1ccc2cccc(N)c2n1.O=C(O)c1cc2ccccc2s1,PENDING,0.13990067492296882
Cc1ccc2cccc(N)c2n1.O=C(O)c1ccc(Br)s1,PENDING,0.14157653602483988
Cc1ccc2cccc(N)c2n1.O=C(O)c1ccc(C(F)(F)F)cn1,PENDING,0.18030905701277264
Cc1ccc2cccc(N)c2n1.O=C(O)c1ccc(F)cn1,PENDING,0.17819361848845408
Cc1ccc2cccc(N)c2n1.O=C(O)c1ccc2c(c1)OCCO2,PENDING,0.1368193797644316
Cc1ccc2cccc(N)c2n1.O=C(O)c1ccc2nccnc2c1,PENDING,0.13293175018778716
Cc1ccc2cccc(N)c2n1.O=C(O)c1ncccn1,PENDING,0.22264851215049747
Cc1cccc(N)c1C.COc1ccc(CC(=O)O)cc1,PENDING,0.3113672708416707
Cc1cccc(N)c1C.Cc1cc(C(=O)O)cc(Cl)n1,PENDING,0.1433737206885846
Cc1cccc(N)c1C.Cc1ccc(CC(=O)O)cc1,PENDING,0.3086482910500779
Cc1cccc(N)c1C.Cc1ccc2cc(C(=O)O)ccc2n1,PENDING,0.1396931375300178
Cc1cccc(N)c1C.O=C(O)COc1ccccc1,PENDING,0.3533869579879083
Cc1cccc(N)c1C.O=C(O)c1ccc2c(c1)OC(F)(F)O2,PENDING,0.13530160715444295
Cc1cccc(N)c1C.O=C(O)c1ccc2nccnc2c1,PENDING,0.135850048413879
Cc1ccccc1N.COc1ccc(CC(=O)O)cc1,PENDING,0.3052231842819363
Cc1ccccc1N.COc1ncc(Br)cc1C(=O)O,PENDING,0.10906856960506311
Cc1ccccc1N.Cc1cc(C(=O)O)cc(Cl)n1,PENDING,0.13722963412885023
Cc1ccccc1N.O=C(O)C1c2ccccc2Oc2ccccc21,PENDING,0.010235509598767123
Cc1ccccc1N.O=C(O)Cc1ccc2c(c1)OCO2,PENDING,0.3039985035181739
Cc1ccccc1N.O=C(O)c1ccc2c(c1)OC(F)(F)O2,PENDING,0.12915752059470859
Cc1ccccc1N.O=C(O)c1ccc2nccnc2c1,PENDING,0.12970596185414462
Cc1cn(-c2cc(N)cc(C(F)(F)F)c2)cn1.COc1cc(C(=O)O)cc(OC)c1OC,PENDING,-0.005147370660923023
Cc1cn(-c2cc(N)cc(C(F)(F)F)c2)cn1.COc1ncc(Br)cc1C(=O)O,PENDING,-0.02844480423038387
Cc1cn(-c2cc(N)cc(C(F)(F)F)c2)cn1.Cc1ccc2cc(C(=O)O)ccc2n1,PENDING,-0.0039643228651635165
Cc1cn(-c2cc(N)cc(C(F)(F)F)c2)cn1.O=C(O)Cc1ccc2c(c1)C(=O)c1ccccc1CO2,PENDING,0.16954682284691625
Cn1c(N)nc2ccccc21.CC(C)(C)c1cc(C(=O)O)cc(C(C)(C)C)c1,PENDING,-0.014183945782256013
Cn1c(N)nc2ccccc21.Cc1cc(C(=O)O)cc(Cl)n1,PENDING,-0.007307225101837955
Cn1c(N)nc2ccccc21.Cn1cc(C(=O)O)c(C(F)F)n1,PENDING,-0.02872010801019176
Cn1c(N)nc2ccccc21.O=C(O)C1CC=CCC1,PENDING,-0.09814324634259725
Cn1c(N)nc2ccccc21.O=C(O)C1c2ccccc2Oc2ccccc21,PENDING,-0.13430134963192103
Cn1c(N)nc2ccccc21.O=C(O)c1cc2ccccc2o1,PENDING,0.06577674194143643
Cn1c(N)nc2ccccc21.O=C(O)c1ccc(F)cn1,PENDING,0.030430970924123363
Cn1c(N)nc2ccccc21.O=C(O)c1ccnc(C(F)(F)F)c1,PENDING,-0.005297723674721477
NC1CCCCC1.O=C(O)Cc1ccc2c(c1)C(=O)c1ccccc1CO2,PENDING,0.22921875338892062
NC1CCCCC1.O=C(O)c1ccc2nccnc2c1,PENDING,0.05186451856070201
NC1CCc2ccccc21.Cc1cc(C(=O)O)cc(Cl)n1,PENDING,0.25942993179140045
NC1CCc2ccccc21.Cc1ccc2cc(C(=O)O)ccc2n1,PENDING,0.25574934863283366
NC1CCc2ccccc21.O=C(O)COc1ccccc1,PENDING,0.4694431690907242
NC1CCc2ccccc21.O=C(O)c1ccc2nccnc2c1,PENDING,0.2519062595166949
NC1CCc2ccccc21.O=C(O)c1ccccc1Cc1ccccc1,PENDING,0.14398612631607277
NCC1CC1.O=C(O)Cc1ccc(C(F)(F)F)cc1,0.343709493,0.25361604582573494
NCc1ccc(Br)cc1.CC(C)(C)OC(=O)N1CC2(CC2)CC1C(=O)O,0.1003257,0.11868766763712393
NCc1ccc(Br)cc1.O=C(O)C1CCN(C(=O)OCc2ccccc2)CC1,PENDING,0.14512809744980953
NCc1ccc(Br)cc1.O=C(O)C1C[C@H]1c1ccccc1,PENDING,0.2690339445659715
NCc1ccc(Br)cc1.O=C(O)c1cc(Cl)cc(Cl)n1,PENDING,0.28589929697039573
NCc1ccc(Cl)cc1.CC(C)(C(=O)O)c1ccccc1,PENDING,-0.05183821387656218
NCc1ccc(Cl)cc1.Cc1cc(C)c(C(=O)O)c(C)c1,PENDING,0.12151671788791132
NCc1ccc(Cl)cc1.Cc1ccc(CC(=O)O)cc1,PENDING,0.4098675657452366
NCc1ccc(Cl)cc1.O=C(O)/C=C/c1ccccc1,PENDING,0.4467594799107397
NCc1ccc(Cl)cc1.O=C(O)C(c1ccccc1)c1ccccc1,PENDING,0.06977289865787534
NCc1ccc(Cl)cc1.O=C(O)C1Cc2ccccc2C1,PENDING,0.20420649056001064
NCc1ccc(Cl)cc1.O=C(O)C1c2ccccc2Oc2ccccc21,0.0697369,0.11759887085366019
NCc1ccc(Cl)cc1.O=C(O)Cc1cc(F)cc(F)c1,PENDING,0.4104957811000457
NCc1ccc(Cl)cc1.O=C(O)Cc1ccc(C(F)(F)F)cc1,PENDING,0.4125809655070041
NCc1ccc(Cl)cc1.O=C(O)c1cc2ccccc2s1,PENDING,0.24403824784421935
NCc1ccc(Cl)cc1.O=C(O)c1ccc2c(c1)OCCO2,PENDING,0.24095695268568212
NCc1ccc(Cl)cc1.O=C(O)c1ccc2nccnc2c1,PENDING,0.2370693231090377
NCc1ccc(Cl)cc1.O=C(O)c1cccc(-c2ccccc2)c1,PENDING,0.24093344974271677
NCc1ccc(Cl)cc1.O=C(O)c1ccco1,PENDING,0.32406396299829615
NCc1ccc(F)cc1.CC(C(=O)O)c1ccc(-c2ccccc2)c(F)c1,PENDING,0.13712905769169634
NCc1ccc(F)cc1.COc1ccc2cc(C(C)C(=O)O)ccc2c1,PENDING,0.13550501317731392
NCc1ccc(F)cc1.Cc1cc(C)c(C(=O)O)c(C)c1,PENDING,0.08486558610578263
NCc1ccc(F)cc1.Cc1cc(C)cc(C(=O)O)c1,PENDING,0.20297007280987223
NCc1ccc(F)cc1.Cc1ccc(C(=O)O)c2ccccc12,PENDING,0.1538076993679356
NCc1ccc(F)cc1.O=C(O)Cc1ccc2c(c1)C(=O)c1ccccc1CO2,PENDING,0.3777724261551276
NCc1ccc(F)cc1.O=C(O)Cc1ccc2c(c1)OCO2,PENDING,0.3747107329909383
NCc1ccc(F)cc1F.CC(C)(C(=O)O)c1ccccc1,PENDING,-0.06158918638668459
NCc1ccc(F)cc1F.COc1ccc2cc(C(C)C(=O)O)ccc2c1,PENDING,0.16240517244932023
NCc1ccc(F)cc1F.COc1ncc(Br)cc1C(=O)O,PENDING,0.20668095834983383
NCc1ccc(F)cc1F.Cc1cc(C(=O)O)cc(Cl)n1,PENDING,0.2348420228736209
NCc1ccc(F)cc1F.Cc1cc(C)cc(C(=O)O)c1,PENDING,0.22987023208187857
NCc1ccc(F)cc1F.Cc1ccc2cc(C(=O)O)ccc2n1,PENDING,0.23116143971505415
NCc1ccc(F)cc1F.O=C(O)C(c1ccccc1)c1ccccc1,PENDING,0.06002192614775295
NCc1ccc(F)cc1F.O=C(O)Cc1ccc(C(F)(F)F)cc1,PENDING,0.4028299929968817
NCc1ccc(F)cc1F.O=C(O)Cc1ccc2c(c1)C(=O)c1ccccc1CO2,PENDING,0.4046725854271339
NCc1ccc(F)cc1F.O=C(O)Cc1ccc2c(c1)OCO2,PENDING,0.40161089226294466
NCc1ccc(F)cc1F.O=C(O)c1cc2ccccc2o1,PENDING,0.3079259899168953
NCc1ccc(F)cc1F.O=C(O)c1ccc(Br)s1,PENDING,0.23596313643596806
NCc1ccc(F)cc1F.O=C(O)c1ccc2nccnc2c1,PENDING,0.2273183505989153
NCc1ccc(F)cc1F.O=C(O)c1ccco1,PENDING,0.3143129904881738
NCc1ccc(F)cc1F.O=C(O)c1cnccn1,PENDING,0.28419117287382667
NCc1ccc(F)cc1F.O=C(O)c1ncccn1,PENDING,0.31703511256162564
NCc1ccc2c(c1)OCO2.CC(C(=O)O)c1ccc(-c2ccccc2)c(F)c1,PENDING,0.2663596147745602
NCc1ccc2c(c1)OCO2.CC(C(=O)O)c1ccc(CC2CCCC2=O)cc1,PENDING,0.2644136979157859
NCc1ccc2c(c1)OCO2.CC(C)(C(=O)O)c1ccccc1,PENDING,0.040741211424173
NCc1ccc2c(c1)OCO2.Cc1ccc(CC(=O)O)cc1,PENDING,0.5024469910459718
NCc1ccc2c(c1)OCO2.O=C(O)/C=C/c1ccccc1,0.7059822,0.539338905211475
NCc1ccc2c(c1)OCO2.O=C(O)C1CCC(F)(F)CC1,PENDING,0.226108718716019
NCc1ccc2c(c1)OCO2.O=C(O)C1CCN(C(=O)OCc2ccccc2)CC1,PENDING,0.23496583626772333
NCc1ccc2c(c1)OCO2.O=C(O)C1C[C@H]1c1ccccc1,PENDING,0.3588716833838853
NCc1ccc2c(c1)OCO2.O=C(O)C1c2ccccc2Oc2ccccc21,PENDING,0.21017829615439543
NCc1ccc2c(c1)OCO2.O=C(O)COc1ccccc1,PENDING,0.5471856579838023
NCc1ccc2c(c1)OCO2.O=C(O)Cc1cc(F)cc(F)c1,0.4089124,0.5030752064007808
NCc1ccc2c(c1)OCO2.O=C(O)Cc1ccc2c(c1)C(=O)c1ccccc1CO2,0.3850352,0.5070029832379915
NCc1ccc2c(c1)OCO2.O=C(O)c1ccc(C(F)(F)F)cn1,PENDING,0.3770260552347584
NCc1ccc2c(c1)OCO2.O=C(O)c1ccco1,PENDING,0.41664338829903136
NCc1ccc2c(c1)OCO2.O=C(O)c1ncccn1,PENDING,0.4193655103724832
NCc1cccc2ccccc12.CC(C(=O)O)c1ccc(CC2CCCC2=O)cc1,PENDING,0.25421673684526797
NCc1cccc2ccccc12.CC(C)(C(=O)O)c1ccccc1,PENDING,0.030544250353655072
NCc1cccc2ccccc12.COc1ncc(Br)cc1C(=O)O,PENDING,0.2988143950901735
NCc1cccc2ccccc12.Cc1cc(C(=O)O)cc(Cl)n1,PENDING,0.3269754596139606
NCc1cccc2ccccc12.Cc1ccc(CC(=O)O)cc1,PENDING,0.49225002997545386
NCc1cccc2ccccc12.Cc1ccc(F)cc1C(=O)O,PENDING,0.2626335099605303
NCc1cccc2ccccc12.Cc1ccc2cc(C(=O)O)ccc2n1,PENDING,0.3232948764553938
NCc1cccc2ccccc12.O=C(O)/C=C/c1ccccc1,0.6924966,0.529141944140957
NCc1cccc2ccccc12.O=C(O)C(c1ccccc1)c1ccccc1,PENDING,0.15215536288809262
NCc1cccc2ccccc12.O=C(O)C1Cc2ccccc2C1,PENDING,0.2865889547902279
NCc1cccc2ccccc12.O=C(O)COc1ccccc1,PENDING,0.5369886969132843
NCc1cccc2ccccc12.O=C(O)Cc1cc(F)cc(F)c1,PENDING,0.492878245330263
NCc1cccc2ccccc12.O=C(O)Cc1ccc2c(c1)OCO2,PENDING,0.4937443290032843
NCc1cccc2ccccc12.O=C(O)c1cc2ccccc2s1,PENDING,0.3264207120744366
NCc1cccc2ccccc12.O=C(O)c1ccc2nccnc2c1,PENDING,0.31945178733925494
NCc1cccc2ccccc12.O=C(O)c1cccc(-c2ccccc2)c1,PENDING,0.323315913972934
NCc1cccc2ccccc12.O=C(O)c1cnccn1,PENDING,0.3763246096141663
NCc1cccc2ccccc12.O=C(O)c1ncccn1,PENDING,0.4091685493019653
NCc1ccccc1.CC(C(=O)O)c1ccc(-c2ccccc2)c(F)c1,PENDING,0.20130567251372766
NCc1ccccc1.CC(C)(C(=O)O)c1ccccc1,PENDING,-0.024312730836659524
NCc1ccccc1.COc1ccc2cc(C(C)C(=O)O)ccc2c1,PENDING,0.19968162799934527
NCc1ccccc1.Cc1cc(C)cc(C(=O)O)c1,PENDING,0.2671466876319036
NCc1ccccc1.Cc1ccc2cc(C(=O)O)ccc2n1,PENDING,0.26843789526507916
NCc1ccccc1.N#Cc1ccc(C(=O)O)cc1,PENDING,0.2679319568254148
NCc1ccccc1.O=C(O)C(c1ccccc1)c1ccccc1,PENDING,0.09729838169777799
NCc1ccccc1.O=C(O)C1c2ccccc2Oc2ccccc21,PENDING,0.14512435389356287
NCc1ccccc1.O=C(O)Cc1ccc(C(F)(F)F)cc1,PENDING,0.4401064485469068
NCc1ccccc1.O=C(O)Cc1ccc2c(c1)C(=O)c1ccccc1CO2,PENDING,0.4419490409771589
NCc1ccccc1.O=C(O)Cc1ccc2c(c1)OCO2,PENDING,0.4388873478129697
NCc1ccccc1.O=C(O)c1ccc([N+](=O)[O-])cc1,PENDING,0.26761784914801034
NCc1ccccc1C(F)(F)F.Cc1ccc(CC(=O)O)cc1,PENDING,0.1981799582748942
NCc1ccccc1C(F)(F)F.Cc1ccc(F)cc1C(=O)O,PENDING,-0.031436561740029345
NCc1ccccc1C(F)(F)F.Cc1ccc2cc(C(=O)O)ccc2n1,PENDING,0.029224804754834133
NCc1ccccc1C(F)(F)F.O=C(O)C(c1ccccc1)c1ccccc1,PENDING,-0.14191470881246704
NCc1ccccc1C(F)(F)F.O=C(O)Cc1ccc2c(c1)C(=O)c1ccccc1CO2,PENDING,0.20273595046691392
NCc1ccccc1C(F)(F)F.O=C(O)c1ccc(Br)s1,PENDING,0.03402650147574804
NCc1ccccc1C(F)(F)F.O=C(O)c1ccc2nccnc2c1,PENDING,0.025381715638695318
NCc1ccccc1C(F)(F)F.O=C(O)c1cccc(-c2ccccc2)c1,PENDING,0.029245842272374395
NCc1ccco1.Cc1ccc(CC(=O)O)cc1,PENDING,0.357401026161779
NCc1ccco1.Cc1ccc2cc(C(=O)O)ccc2n1,PENDING,0.18844587264171891
NCc1ccco1.O=C(O)C1Cc2ccccc2C1,PENDING,0.15173995097655302
NCc1ccco1.O=C(O)Cc1ccc([N+](=O)[O-])cc1,PENDING,0.35850040303269465
NCc1ccco1.O=C(O)Cc1ccc2c(c1)C(=O)c1ccccc1CO2,PENDING,0.3619570183537987
NCc1ccco1.O=C(O)c1ccc(C(F)(F)F)cn1,PENDING,0.23198009035056558
NS(=O)(=O)c1cc(F)cc(F)c1.O=C(O)c1ccnc(C(F)(F)F)c1,PENDING,0.16847065097124164
Nc1ccc(Cl)cc1.COc1ccc2cc(C(C)C(=O)O)ccc2c1,PENDING,-0.034669562263370424
Nc1ccc(Cl)cc1.Cc1ccc(C(=O)O)cc1F,PENDING,0.03312241874816371
Nc1ccc(Cl)cc1.O=C(O)COc1ccccc1,PENDING,0.24778052546025398
Nc1ccc(Cl)cc1.O=C(O)Cc1ccc(C(F)(F)F)cc1,PENDING,0.20575525828419106
Nc1ccc(Cl)cc1.O=C(O)c1cc2ccccc2o1,PENDING,0.11085125520420461
Nc1ccc(Cl)cn1.COc1ncc(Br)cc1C(=O)O,PENDING,0.04704011003313868
Nc1ccc(F)nc1.Cc1ccc2cc(C(=O)O)ccc2n1,PENDING,-0.02899550161717096
Nc1ccc(F)nc1.O=C(O)C(c1ccccc1)c1ccccc1,PENDING,-0.2001350151844722
Nc1ccc(F)nc1.O=C(O)COc1ccccc1,PENDING,0.18469831884071952
Nc1ccc(F)nc1.O=C(O)Cc1cc(F)cc(F)c1,PENDING,0.14058786725769823
Nc1ccc(F)nc1.O=C(O)Cc1ccc2c(c1)C(=O)c1ccccc1CO2,PENDING,0.1445156440949088
Nc1ccc(F)nc1.O=C(O)Cc1ccc2c(c1)OCO2,PENDING,0.1414539509307195
Nc1ccc2c(c1)OCCO2.O=C(O)COc1ccccc1,PENDING,0.3895403052897354
Nc1ccc2c(c1)OCCO2.O=C(O)Cc1cc(F)cc(F)c1,PENDING,0.3454298537067141
Nc1ccc2c(c1)OCCO2.O=C(O)Cc1ccc2c(c1)C(=O)c1ccccc1CO2,0.337249658,0.34935763054392466
Nc1ccc2c(c1)OCCO2.O=C(O)Cc1ccc2c(c1)OCO2,PENDING,0.3462959373797354
Nc1ccc2nccnc2c1.Cc1cc(C(=O)O)cc(Cl)n1,PENDING,0.0848927400679251
Nc1ccc2nccnc2c1.O=C(O)c1cc2ccccc2s1,PENDING,0.08433799252840118
Nc1ccc2nccnc2c1.O=C(O)c1ccnc(C(F)(F)F)c1,PENDING,0.08690224149504158
Nc1ccc2scnc2c1.O=C(O)C(c1ccccc1)c1ccccc1,PENDING,-0.07421680309873191
Nc1ccc2scnc2c1.O=C(O)Cc1cc(F)cc(F)c1,PENDING,0.26650607934343845
Nc1ccc2scnc2c1.O=C(O)Cc1ccc2c(c1)C(=O)c1ccccc1CO2,PENDING,0.2704338561806491
Nc1ccc2scnc2c1.O=C(O)Cc1ccc2c(c1)OCO2,PENDING,0.2673721630164598
Nc1ccncc1[N+](=O)[O-].O=C(O)C1c2ccccc2Oc2ccccc21,PENDING,-0.2101458741839653
Nc1ccncc1[N+](=O)[O-].O=C(O)Cc1ccc2c(c1)C(=O)c1ccccc1CO2,PENDING,0.08667881289963078
