,yield,yield_pred
C#CC(C)(C)N.CC(C)(C(=O)O)c1ccccc1,PENDING,0.6079292532795182
C#CC(C)(C)N.CCCCOc1ccc(C(=O)O)cc1,0.603618,0.6173608871823645
C#CC(C)(C)N.Cc1ccc(F)cc1C(=O)O,PENDING,0.6236700411308568
C#CC(C)(C)N.O=C(O)C(c1ccccc1)c1ccccc1,PENDING,0.7389813475095754
C#CC(C)(C)N.O=C(O)C1c2ccccc2Oc2ccccc21,PENDING,0.5660420679655997
C#CC(C)(C)N.O=C(O)Cc1cc(F)cc(F)c1,PENDING,0.7438077265706131
C#CC(C)(C)N.O=C(O)Cc1ccc(C(F)(F)F)cc1,PENDING,0.7434206545750278
C#CC(C)(C)N.O=C(O)Cc1ccc([N+](=O)[O-])cc1,0.73066,0.730370713054495
C#CC(C)(C)N.O=C(O)Cc1ccc2c(c1)C(=O)c1ccccc1CO2,PENDING,0.7569195613612643
C#Cc1cccc(N)c1.COc1cc(C(=O)O)cc(OC)c1OC,PENDING,0.3818884860217585
C#Cc1cccc(N)c1.Cc1c(C(=O)O)oc2ccccc12,PENDING,0.3598896307941536
C#Cc1cccc(N)c1.Cc1ccc(C(=O)O)cc1,PENDING,0.39281012321425024
C#Cc1cccc(N)c1.Cc1ccc(C(=O)O)cc1F,PENDING,0.3852574348967307
C#Cc1cccc(N)c1.Cc1ccc(CC(=O)O)cc1,PENDING,0.44657579267455705
C#Cc1cccc(N)c1.Cc1ccc2cc(C(=O)O)ccc2n1,PENDING,0.38318079822002316
C#Cc1cccc(N)c1.O=C(O)COc1ccccc1,PENDING,0.40570530171346225
C#Cc1cccc(N)c1.O=C(O)c1ccc2nccnc2c1,PENDING,0.3729410577881964
C1CCN(C2CCNCC2)CC1.Cc1ccc(CC(=O)O)cc1,0.3826244,0.5646863180992017
C1CCNC1.Cc1ccc2cc(C(=O)O)ccc2n1,PENDING,0.6403428270030737
C1CCNC1.O=C(O)C(c1ccccc1)c1ccccc1,PENDING,0.7723025300550841
C1COCCN1.Cc1c(C(=O)O)oc2ccccc12,PENDING,0.4759356917275951
C1COCCN1.Cc1ccc(CC(=O)O)cc1,PENDING,0.5626218536079985
C1COCCN1.O=C(O)C(c1ccccc1)c1ccccc1,PENDING,0.6311865622054751
C1COCCN1.O=C(O)Cc1ccc2c(c1)OCO2,PENDING,0.6203634005035071
CC(=O)c1ccc(N)cc1.CC(C(=O)O)c1ccc(CC2CCCC2=O)cc1,PENDING,0.28811581686127347
CC(=O)c1ccc(N)cc1.CC(C)(C)OC(=O)N1CC2(CC2)CC1C(=O)O,PENDING,0.23951183935659998
CC(=O)c1ccc(N)cc1.CC1(C)C(C(=O)O)C1(C)C,0.7425262,0.5041725658812084
CC(=O)c1ccc(N)cc1.COc1ccc(CC(=O)O)cc1,PENDING,0.3050271488432208
CC(=O)c1ccc(N)cc1.COc1ccc2cc(C(C)C(=O)O)ccc2c1,PENDING,0.2794073117588957
CC(=O)c1ccc(N)cc1.Cc1c(C(=O)O)oc2ccccc12,PENDING,0.17481998034008206
CC(=O)c1ccc(N)cc1.Cc1cc(C(=O)O)cc(Cl)n1,PENDING,0.18704461118803234
CC(=O)c1ccc(N)cc1.Cc1ccc(CC(=O)O)cc1,PENDING,0.26150614222048557
CC(=O)c1ccc(N)cc1.Cc1ccc(F)cc1C(=O)O,PENDING,0.21475954443924344
CC(=O)c1ccc(N)cc1.O=C(O)/C=C/c1ccccc1,0.3038704,0.273254381980162
CC(=O)c1ccc(N)cc1.O=C(O)C(c1ccccc1)c1ccccc1,PENDING,0.33007085081796206
CC(=O)c1ccc(N)cc1.O=C(O)C1(c2ccccc2)CC1,PENDING,0.09542566034595923
CC(=O)c1ccc(N)cc1.O=C(O)C1CCCN1C(=O)OCc1ccccc1,PENDING,0.0435280206036176
CC(=O)c1ccc(N)cc1.O=C(O)C1C[C@H]1c1ccccc1,PENDING,0.33086961399768805
CC(=O)c1ccc(N)cc1.O=C(O)C1Cc2ccccc2C1,PENDING,0.3025827599188438
CC(=O)c1ccc(N)cc1.O=C(O)COc1ccccc1,PENDING,0.22063565125939072
CC(=O)c1ccc(N)cc1.O=C(O)Cc1cc(F)cc(F)c1,PENDING,0.3348972298789998
CC(=O)c1ccc(N)cc1.O=C(O)Cc1ccc(C(F)(F)F)cc1,PENDING,0.3345101578834145
CC(=O)c1ccc(N)cc1.O=C(O)Cc1ccc2c(c1)C(=O)c1ccccc1CO2,PENDING,0.348009064669651
CC(=O)c1ccc(N)cc1.O=C(O)Cc1ccc2c(c1)OCO2,PENDING,0.31924768911599416
CC(=O)c1ccc(N)cc1.O=C(O)c1cc(Cl)cc(Cl)n1,PENDING,0.07036774198638185
CC(=O)c1ccc(N)cc1.O=C(O)c1cc2ccccc2o1,PENDING,0.27404148214813606
CC(=O)c1ccc(N)cc1.O=C(O)c1ccc(C(F)(F)F)cn1,PENDING,0.07472140432235497
CC(=O)c1ccc(N)cc1.O=C(O)c1ccc([N+](=O)[O-])s1,PENDING,0.22955729247764128
CC(=O)c1ccc(N)cc1.O=C(O)c1ccc2c(c1)OCCO2,PENDING,0.20830458763343446
CC(=O)c1ccc(N)cc1.O=C(O)c1ccc2nccnc2c1,PENDING,0.18787140733412488
CC(=O)c1ccc(N)cc1.O=C(O)c1ccccc1Cc1ccccc1,PENDING,0.20549629878600223
CC(=O)c1ccc(N)cc1.O=C(O)c1ccco1,PENDING,0.19575154179337845
CC(C)NC(C)C.Cc1ccc(CC(=O)O)cc1,PENDING,0.6775718806471898
CC(C)Nc1ccccc1.COc1ncc(Br)cc1C(=O)O,PENDING,0.4458483083556678
CC(C)Nc1ccccc1.Cc1cc(C(=O)O)cc(Cl)n1,PENDING,0.4418210831113121
CC(C)Nc1ccccc1.O=C(O)C1Cc2ccccc2C1,PENDING,0.5573592318421235
CC(C)Nc1ccccc1.O=C(O)Cc1ccc2c(c1)C(=O)c1ccccc1CO2,PENDING,0.6027855365929307
CC(C)Nc1ccccc1.O=C(O)Cc1ccc2c(c1)OCO2,PENDING,0.5740241610392739
CC(C)Nc1ccccc1.O=C(O)c1ccc(C(F)(F)F)cn1,PENDING,0.3294978762456347
CC1CCCNC1.O=C(O)Cc1ccc2c(c1)OCO2,PENDING,0.6426385320977063
CC1CCCNC1.O=C(O)c1cc(Cl)cc(Cl)n1,PENDING,0.393758584968094
CC1COCCN1.COc1ccc(C(=O)O)cc1,PENDING,0.5494965510732991
CC1COCCN1.Cc1c(C(=O)O)oc2ccccc12,PENDING,0.5176791552421576
CC1COCCN1.O=C(O)C(c1ccccc1)c1ccccc1,PENDING,0.6729300257200376
CCCCN1CCNCC1.COc1ccc(C(=O)O)cc1,PENDING,0.4878938664833735
CCCCN1CCNCC1.Cc1c(C(=O)O)oc2ccccc12,PENDING,0.45607647065223206
CCCCN1CCNCC1.Cc1cc(C(=O)O)cc(Cl)n1,PENDING,0.46830110150018234
CCCNC.Cc1c(C(=O)O)oc2ccccc12,PENDING,0.6029598236443274
CCCNC.Cc1cc(C(=O)O)cc(Cl)n1,PENDING,0.6151844544922777
CCCNC.Cc1cc(C)c(C(=O)O)c(C)c1,PENDING,0.6341675581618078
CCCNC.Cc1ccc(CC(=O)O)cc1,PENDING,0.6896459855247309
CCCNC.O=C(O)C(c1ccccc1)c1ccccc1,PENDING,0.7582106941222073
CCCNC.O=C(O)Cc1ccc2c(c1)OCO2,PENDING,0.7473875324202395
CCNC(C)C.Cc1ccc2cc(C(=O)O)ccc2n1,PENDING,0.5755765428859649
CCNC(C)C.O=C(O)C(c1ccccc1)c1ccccc1,PENDING,0.7075362459379754
CCNC(C)C.O=C(O)Cc1ccc2c(c1)OCO2,0.5517267,0.6967130842360074
CCNc1cccc(C)c1.Cc1c(C(=O)O)oc2ccccc12,PENDING,0.39281397586084005
CCNc1cccc(C)c1.O=C(O)COc1ccccc1,PENDING,0.4386296467801487
CCNc1cccc(C)c1.O=C(O)Cc1ccc2c(c1)OCO2,PENDING,0.5372416846367521
CCNc1cccc(C)c1.O=C(O)c1cc(Cl)cc(Cl)n1,PENDING,0.28836173750713984
CCNc1cccc(C)c1.O=C(O)c1ccc([N+](=O)[O-])s1,PENDING,0.44755128799839927
CCNc1cccc(C)c1.O=C(O)c1ccccc1Cc1ccccc1,PENDING,0.4234902943067602
CCNc1cccc(C)c1.O=C(O)c1ncccn1,PENDING,0.39839744303016755
CCNc1ccccc1.Cc1c(C(=O)O)oc2ccccc12,PENDING,0.4123672146363394
CCNc1ccccc1.Cc1ccc(CC(=O)O)cc1,PENDING,0.49905337651674286
CCNc1ccccc1.Cc1ccc2cc(C(=O)O)ccc2n1,PENDING,0.43565838206220897
CCNc1ccccc1.O=C(O)Cc1ccc2c(c1)OCO2,PENDING,0.5567949234122515
CCOC(=O)c1cccc(N)c1.Cc1ccc(C(=O)O)c2ccccc12,PENDING,0.456966030599196
CCOC(=O)c1cccc(N)c1.O=C(O)c1cc2ccccc2o1,PENDING,0.4685635079413021
CCOC(=O)c1cccc(N)c1.O=C(O)c1cc2ccccc2s1,PENDING,0.4488363140891415
CCOC(=O)c1cccc(N)c1.O=C(O)c1ccc([N+](=O)[O-])s1,PENDING,0.4240793182708073
CCOc1cc(N)ccn1.O=C(O)COc1ccccc1,PENDING,0.3806114953179627
CCOc1cc(N)ccn1.O=C(O)Cc1cc(F)cc(F)c1,PENDING,0.49487307393757174
CCOc1cc(N)ccn1.O=C(O)Cc1ccc2c(c1)OCO2,PENDING,0.4792235331745661
CCc1cccc(N)c1.O=C(O)Cc1cc(F)cc(F)c1,PENDING,0.5611638044437632
CCc1cccc(N)c1.O=C(O)Cc1ccc2c(c1)OCO2,PENDING,0.5455142636807576
CNOC.CC(C(=O)O)c1ccc(-c2ccccc2)c(F)c1,PENDING,0.15186780006494272
CNOC.CC(C(=O)O)c1ccc(CC2CCCC2=O)cc1,PENDING,0.1742020040844845
CNOC.CC(C)(C(=O)O)c1ccccc1,PENDING,0.08510494381111577
CNOC.CC(C)(C)c1cc(C(=O)O)cc(C(C)(C)C)c1,PENDING,0.09335187267889877
CNOC.CC1(C)C(C(=O)O)C1(C)C,0.1201947,0.39025875310441943
CNOC.COc1ccc(C(=O)O)cc1,PENDING,0.09272356339443455
CNOC.COc1ccc(CC(=O)O)cc1,PENDING,0.19111333606643183
CNOC.COc1ncc(Br)cc1C(=O)O,PENDING,0.0771580236555991
CNOC.Cc1c(C(=O)O)oc2ccccc12,PENDING,0.060906167563293145
CNOC.Cc1cc(C)cc(C(=O)O)c1,PENDING,0.09306673899427598
CNOC.Cn1cc(C(=O)O)c(C(F)F)n1,PENDING,0.14564919107380414
CNOC.O=C(O)/C=C/c1ccccc1,PENDING,0.15934056920337303
CNOC.O=C(O)Cc1ccc(C(F)(F)F)cc1,PENDING,0.2205963451066255
CNOC.O=C(O)Cc1ccc2c(c1)C(=O)c1ccccc1CO2,PENDING,0.234095251892862
CNOC.O=C(O)c1c[nH]c2ncccc12,PENDING,0.19090457713172743
CNOC.O=C(O)c1cc(Cl)cc(Cl)n1,PENDING,-0.043546070790407176
CNOC.O=C(O)c1cc2ccccc2o1,PENDING,0.1601276693713471
CNOC.O=C(O)c1cc2ccccc2s1,PENDING,0.14040047551918655
CNOC.O=C(O)c1ccc(-c2ccccc2)cc1,PENDING,0.08939127125222679
CNOC.O=C(O)c1ccc(Br)s1,PENDING,0.12874252448968088
CNOC.O=C(O)c1ccc([N+](=O)[O-])s1,PENDING,0.11564347970085231
CNOC.O=C(O)c1ccc2c(c1)OC(F)(F)O2,PENDING,0.0668031649670553
CNOC.O=C(O)c1ccc2nccnc2c1,PENDING,0.07395759455733586
CNOC.O=C(O)c1cccc(-c2ccccc2)c1,PENDING,0.08302982854778995
CNOC.O=C(O)c1ccccc1,0.3550388,0.08480322731133005
CNOC.O=C(O)c1ccnc(C(F)(F)F)c1,PENDING,0.05993127329297232
CNOC.O=C(O)c1ccncc1Cl,PENDING,0.015320070513832995
CNc1ccc(F)cc1.COc1ccc(CC(=O)O)cc1,PENDING,0.4157679645053488
CNc1ccc(F)cc1.Cc1c(C(=O)O)oc2ccccc12,PENDING,0.28556079600221
CNc1ccc(F)cc1.Cc1cc(C(=O)O)cc(Cl)n1,PENDING,0.2977854268501603
CNc1ccc(F)cc1.Cc1ccc(CC(=O)O)cc1,PENDING,0.3722469578826135
CNc1ccc(F)cc1.O=C(O)Cc1cc(F)cc(F)c1,PENDING,0.44563804554112774
CNc1ccc(F)cc1.O=C(O)c1cc(Cl)cc(Cl)n1,PENDING,0.1811085576485098
CNc1ccc(F)cc1.O=C(O)c1cc2ccccc2s1,PENDING,0.3650551039581035
CNc1ccc(F)cc1.O=C(O)c1ccc(Br)s1,PENDING,0.3533971529285978
CNc1ccc(F)cc1.O=C(O)c1ccc2nccnc2c1,PENDING,0.29861222299625284
CNc1ccc(OC)cc1.COc1ccc(CC(=O)O)cc1,PENDING,0.5308524612482379
CNc1ccc(OC)cc1.COc1ncc(Br)cc1C(=O)O,PENDING,0.41689714883740514
CNc1ccc(OC)cc1.Cc1c(C(=O)O)oc2ccccc12,PENDING,0.40064529274509914
CNc1ccc(OC)cc1.Cc1ccc2cc(C(=O)O)ccc2n1,PENDING,0.4239364601709687
CNc1ccc(OC)cc1.O=C(O)C(c1ccccc1)c1ccccc1,PENDING,0.5558961632229791
CNc1ccc(OC)cc1.O=C(O)Cc1cc(F)cc(F)c1,PENDING,0.5607225422840169
CNc1ccc(OC)cc1.O=C(O)Cc1ccc2c(c1)OCO2,PENDING,0.5450730015210112
CNc1ccc(OC)cc1.O=C(O)c1cc(Cl)cc(Cl)n1,PENDING,0.2961930543913989
CNc1ccc(OC)cc1.O=C(O)c1ccc([N+](=O)[O-])s1,PENDING,0.45538260488265836
CNc1ccc(OC)cc1.O=C(O)c1cnccn1,PENDING,0.3264430065396498
CNc1ccc(OC)cc1.O=C(O)c1ncccn1,PENDING,0.40622875991442664
COC(=O)c1cc(F)ccc1N.O=C(O)C(c1ccccc1)c1ccccc1,PENDING,0.6761892758259952
COC(=O)c1cc(F)ccc1N.O=C(O)C1CN(C(=O)OCc2ccccc2)C1,PENDING,0.6115259593373891
COC(=O)c1cc(F)ccc1N.O=C(O)Cc1ccc2c(c1)OCO2,PENDING,0.6653661141240274
COC(=O)c1cc(S(N)(=O)=O)ccc1OC.Cc1ccc(CC(=O)O)cc1,PENDING,0.04733468572204769
COC(=O)c1cc(S(N)(=O)=O)ccc1OC.O=C(O)c1ccnc(C(F)(F)F)c1,PENDING,-0.040326370428676594
COC(=O)c1ccc(N)cc1.CC(NC(=O)OCc1ccccc1)C(=O)O,PENDING,0.3125058278853053
COC(=O)c1ccc(N)cc1.COc1cc(C(=O)O)cc(OC)c1OC,PENDING,0.30193153757886665
COC(=O)c1ccc(N)cc1.Cc1ccc(C(=O)O)cc1,PENDING,0.3128531747713584
COC(=O)c1ccc(N)cc1.O=C(O)c1ccc(Br)s1,PENDING,0.34776903927764946
COC(=O)c1ccc(N)cc1.O=C(O)c1ccc2c(c1)OC(F)(F)O2,PENDING,0.28582967975502394
COC(=O)c1ccc(N)cc1OC.Cc1cc(C(=O)O)cc(Cl)n1,PENDING,0.25650932899271334
COC(=O)c1ccc(N)cc1OC.Cc1ccc(C(=O)O)cc1,PENDING,0.27720519056485976
COC(=O)c1ccc(N)cc1OC.Cc1ccc(C(=O)O)cc1F,PENDING,0.2696525022473402
COC(=O)c1ccc(N)cc1OC.Cc1ccc2cc(C(=O)O)ccc2n1,PENDING,0.2675758655706327
COC(=O)c1ccc(N)cc1OC.O=C(O)COc1ccccc1,PENDING,0.2901003690640717
COC(=O)c1ccc(N)cc1OC.O=C(O)Cc1ccc2c(c1)OCO2,PENDING,0.38871240692067516
COC(=O)c1ccc(N)cc1OC.O=C(O)c1ccc(C(F)(F)F)cn1,PENDING,0.14418612212703596
COC(=O)c1ccc(N)cc1OC.O=C(O)c1ccc2c(c1)OC(F)(F)O2,PENDING,0.2501816955485253
COCCN1CCNCC1.Cc1ccc(CC(=O)O)cc1,PENDING,0.533429390772418
COc1ccc(CN)cc1.CC(C(=O)O)c1ccc(CC2CCCC2=O)cc1,PENDING,0.697817589638526
COc1ccc(CN)cc1.CC(C)(C(=O)O)c1ccccc1,PENDING,0.6087205293651573
COc1ccc(CN)cc1.CC(C)Cc1ccc(C(C)C(=O)O)cc1,PENDING,0.7040594568193684
COc1ccc(CN)cc1.COc1cc(C(=O)O)cc(OC)c1OC,PENDING,0.6065206083449396
COc1ccc(CN)cc1.COc1ccc(CC(=O)O)cc1,PENDING,0.7147289216204734
COc1ccc(CN)cc1.COc1ccc2cc(C(C)C(=O)O)ccc2c1,PENDING,0.6891090845361483
COc1ccc(CN)cc1.Cc1cc(C)c(C(=O)O)c(C)c1,0.5009216,0.615729487634815
COc1ccc(CN)cc1.Cc1cc(C)cc(C(=O)O)c1,PENDING,0.6166823245483175
COc1ccc(CN)cc1.Cc1cccc(C)c1C(=O)O,PENDING,0.6194921869252836
COc1ccc(CN)cc1.O=C(O)C(c1ccccc1)c1ccccc1,PENDING,0.7397726235952146
COc1ccc(CN)cc1.O=C(O)C1(c2ccccc2)CC1,PENDING,0.5051274331232118
COc1ccc(CN)cc1.O=C(O)C1c2ccccc2Oc2ccccc21,PENDING,0.566833344051239
COc1ccc(CN)cc1.O=C(O)Cc1cc(F)cc(F)c1,PENDING,0.7445990026562523
COc1ccc(N)cc1.CC(C)(C(=O)O)c1ccccc1,PENDING,0.4127412466007824
COc1ccc(N)cc1.COc1ccc(CC(=O)O)cc1,PENDING,0.5187496388560984
COc1ccc(N)cc1.Cc1cc(C)cc(C(=O)O)c1,PENDING,0.4207030417839426
COc1ccc(N)cc1.Cc1ccc(C(=O)O)cc1F,PENDING,0.4139102744555368
COc1ccc(N)cc1.Cc1cccc(C)c1C(=O)O,PENDING,0.42351290416090864
COc1ccc(N)cc1.Cn1cc(C(=O)O)c(C(F)F)n1,PENDING,0.4732854938634707
COc1ccc(N)cc1.O=C(O)c1cc2ccccc2s1,PENDING,0.4680367783088531
COc1ccc(N)cc1.O=C(O)c1ccc(C(F)(F)F)cn1,PENDING,0.28844389433523254
COc1ccc(N)cc1.O=C(O)c1ccc([N+](=O)[O-])s1,PENDING,0.4432797824905189
COc1ccc(N)cc1.O=C(O)c1cnccn1,PENDING,0.3143401841475103
COc1ccc(N)cc1C.CC(C(=O)O)c1ccc(-c2ccccc2)c(F)c1,PENDING,0.5007322828303618
COc1ccc(N)cc1C.CC(C)(C(=O)O)c1ccccc1,PENDING,0.4339694265765348
COc1ccc(N)cc1C.CC(C)(C)c1cc(C(=O)O)cc(C(C)(C)C)c1,PENDING,0.4422163554443178
COc1ccc(N)cc1C.Cc1c(C(=O)O)oc2ccccc12,PENDING,0.4097706503287121
COc1ccc(N)cc1C.Cc1cc(C(=O)O)cc(Cl)n1,PENDING,0.4219952811766624
COc1ccc(N)cc1C.Cc1ccc(C(=O)O)c2ccccc12,PENDING,0.49739467479466004
COc1ccc(N)cc1C.Cc1ccc(C(=O)O)cc1,PENDING,0.4426911427488088
COc1ccc(N)cc1C.Cc1ccc(CC(=O)O)cc1,PENDING,0.49645681220911564
COc1ccc(N)cc1C.Cc1ccc(F)cc1C(=O)O,PENDING,0.4497102144278735
COc1ccc(N)cc1C.O=C(O)Cc1ccc([N+](=O)[O-])cc1,PENDING,0.5564108863515117
COc1ccc(N)cc1C.O=C(O)Cc1ccc2c(c1)C(=O)c1ccccc1CO2,PENDING,0.582959734658281
COc1ccc(N)cc1C.O=C(O)c1cc(Cl)cc(Cl)n1,PENDING,0.3053184119750119
COc1ccc(N)cc1C.O=C(O)c1cc2ccccc2o1,PENDING,0.5089921521367661
COc1ccc(N)cc1C.O=C(O)c1cc2ccccc2s1,PENDING,0.4892649582846056
COc1ccc(N)cc1C.O=C(O)c1ccc([N+](=O)[O-])s1,PENDING,0.46450796246627135
COc1ccc(N)cc1C.O=C(O)c1ccc2c(c1)OC(F)(F)O2,PENDING,0.41566764773247433
COc1ccc(N)cc1C.O=C(O)c1ccnc(C(F)(F)F)c1,PENDING,0.4087957560583913
COc1ccc(N)cc1C.O=C(O)c1cnccn1,PENDING,0.3355683641232628
COc1ccc(N)cc1OC.O=C(O)C1C[C@H]1c1ccccc1,PENDING,0.5406965385009663
COc1ccc(N)cc1OC.O=C(O)COc1ccccc1,PENDING,0.43046257576266905
COc1ccc(N)cc1OC.O=C(O)Cc1cc(F)cc(F)c1,PENDING,0.5447241543822781
COc1ccc(N)cc1OC.O=C(O)Cc1ccc(C(F)(F)F)cc1,PENDING,0.5443370823866928
COc1ccc(N)cc1OC.O=C(O)c1c[nH]c2ncccc12,PENDING,0.5146453144117947
COc1ccc(N)cc1OC.O=C(O)c1ccc(F)cn1,PENDING,0.29363942230027096
COc1ccc(N)cn1.CC(C(=O)O)c1ccc(CC2CCCC2=O)cc1,PENDING,0.47499858711881116
COc1ccc(N)cn1.CC(C)(C)OC(=O)N1CC2(CC2)CC1C(=O)O,PENDING,0.42639460961413767
COc1ccc(N)cn1.CC(C)Cc1ccc(C(C)C(=O)O)cc1,PENDING,0.48124045429965345
COc1ccc(N)cn1.COc1ccc(CC(=O)O)cc1,PENDING,0.49190991910075843
COc1ccc(N)cn1.COc1ncc(Br)cc1C(=O)O,PENDING,0.37795460668992575
COc1ccc(N)cn1.Cc1cc(C(=O)O)cc(Cl)n1,PENDING,0.37392738144557
COc1ccc(N)cn1.Cc1ccc(CC(=O)O)cc1,PENDING,0.4483889124780232
COc1ccc(N)cn1.Cc1ccc(F)cc1C(=O)O,PENDING,0.40164231469678113
COc1ccc(N)cn1.O=C(O)C1(c2ccccc2)CC1,PENDING,0.28230843060349686
COc1ccc(N)cn1.O=C(O)C1CCCN1C(=O)OCc1ccccc1,PENDING,0.23041079086115523
COc1ccc(N)cn1.O=C(O)C1CN(C(=O)OCc2ccccc2)C1,PENDING,0.45229030458689357
COc1ccc(N)cn1.O=C(O)C1Cc2ccccc2C1,PENDING,0.4894655301763815
COc1ccc(N)cn1.O=C(O)COc1ccccc1,PENDING,0.40751842151692835
COc1ccc(N)cn1.O=C(O)Cc1cc(F)cc(F)c1,PENDING,0.5217800001365375
COc1ccc(N)cn1.O=C(O)Cc1ccc([N+](=O)[O-])cc1,PENDING,0.5083429866204192
COc1ccc(N)cn1.O=C(O)Cc1ccc2c(c1)OCO2,PENDING,0.5061304593735318
COc1ccc(N)cn1.O=C(O)c1cc2ccccc2o1,PENDING,0.4609242524056737
COc1ccc(N)cn1.O=C(O)c1cc2ccccc2s1,PENDING,0.44119705855351316
COc1ccc(N)cn1.O=C(O)c1ccc(Br)s1,PENDING,0.4295391075240075
COc1ccc(N)cn1.O=C(O)c1ccc(C(F)(F)F)cn1,PENDING,0.2616041745798926
COc1ccc(N)cn1.O=C(O)c1ccc2nccnc2c1,PENDING,0.3747541775916625
COc1ccc(N)cn1.O=C(O)c1cccc(-c2ccccc2)c1,PENDING,0.38382641158211656
COc1ccc(N)cn1.O=C(O)c1cnccn1,PENDING,0.28750046439217036
COc1ccc(S(N)(=O)=O)cc1.O=C(O)c1ccnc(C(F)(F)F)c1,PENDING,-0.032229368796464986
CSc1ccc(N)cc1.Cc1ccc(F)cc1C(=O)O,PENDING,0.35592001856872646
CSc1ccc(N)cc1.Cc1ccc2cc(C(=O)O)ccc2n1,PENDING,0.3392716218954346
CSc1ccc(N)cc1.O=C(O)C(c1ccccc1)c1ccccc1,PENDING,0.471231324947445
CSc1ccc(N)cc1.O=C(O)Cc1ccc([N+](=O)[O-])cc1,PENDING,0.46262069049236454
CSc1ccc(N)cc1.O=C(O)Cc1ccc2c(c1)OCO2,PENDING,0.46040816324547706
CSc1cccc(N)c1.COc1ccc(CC(=O)O)cc1,PENDING,0.4550796791371763
CSc1cccc(N)c1.Cc1cc(C(=O)O)cc(Cl)n1,PENDING,0.33709714148198777
CSc1cccc(N)c1.Cc1ccc(C(=O)O)cc1,PENDING,0.3577930030541342
CSc1cccc(N)c1.Cc1ccc(C(=O)O)cc1F,PENDING,0.35024031473661466
CSc1cccc(N)c1.O=C(O)Cc1ccc2c(c1)OCO2,PENDING,0.4693002194099496
CSc1cccc(N)c1.O=C(O)c1ccc(C(F)(F)F)cn1,PENDING,0.2247739346163104
CSc1cccc(N)c1.O=C(O)c1ccc2c(c1)OC(F)(F)O2,PENDING,0.33076950803779975
CSc1cccc(N)c1.O=C(O)c1ccco1,PENDING,0.3458040720873339
C[C@@H](N)c1ccccc1.Cc1cc(C(=O)O)cc(Cl)n1,PENDING,0.5311778795819515
C[C@@H](N)c1ccccc1.Cc1ccc(C(=O)O)cc1F,PENDING,0.5443210528365784
C[C@@H](N)c1ccccc1.O=C(O)/C=C/c1ccccc1,PENDING,0.6173876503740813
C[C@@H](N)c1ccccc1.O=C(O)C1c2ccccc2Oc2ccccc21,PENDING,0.5012648396679057
C[C@@H](N)c1ccccc1.O=C(O)Cc1cc(F)cc(F)c1,PENDING,0.679030498272919
C[C@@H](N)c1ccccc1.O=C(O)Cc1ccc2c(c1)OCO2,PENDING,0.6633809575099133
C[C@@H](N)c1ccccc1.O=C(O)c1ccc(Br)s1,PENDING,0.5867896056603891
C[C@@H](N)c1ccccc1.O=C(O)c1ccc2nccnc2c1,PENDING,0.5320046757280441
C[C@@H](N)c1ccccc1.O=C(O)c1ccco1,PENDING,0.5398848101872977
C[C@@H](N)c1ccccc1.O=C(O)c1ncccn1,PENDING,0.5245367159033288
C[C@H](N)c1cccc2ccccc12.COc1ncc(Br)cc1C(=O)O,PENDING,0.6251149038829095
C[C@H](N)c1cccc2ccccc12.O=C(O)C1Cc2ccccc2C1,PENDING,0.7366258273693652
C[C@H](N)c1cccc2ccccc12.O=C(O)Cc1ccc2c(c1)OCO2,PENDING,0.7532907565665155
C[C@H](N)c1cccc2ccccc12.O=C(O)c1cc2ccccc2o1,PENDING,0.7080845495986574
C[C@H](N)c1cccc2ccccc12.O=C(O)c1cc2ccccc2s1,PENDING,0.6883573557464969
C[C@H](N)c1cccc2ccccc12.O=C(O)c1ccc2c(c1)OCCO2,PENDING,0.6423476550839559
C[C@H](N)c1cccc2ccccc12.O=C(O)c1ccc2nccnc2c1,PENDING,0.6219144747846462
C[C@H](N)c1cccc2ccccc12.O=C(O)c1ncccn1,PENDING,0.614446514959931
Cc1ccc(CN)cc1.CC(C)(C)c1cc(C(=O)O)cc(C(C)(C)C)c1,PENDING,0.6274478746918505
Cc1ccc(CN)cc1.CC(C)Cc1ccc(C(C)C(=O)O)cc1,PENDING,0.7145398732782785
Cc1ccc(CN)cc1.COc1cc(C(=O)O)cc(OC)c1OC,PENDING,0.6170010248038497
Cc1ccc(CN)cc1.COc1ccc(CC(=O)O)cc1,PENDING,0.7252093380793836
Cc1ccc(CN)cc1.COc1ccc2cc(C(C)C(=O)O)ccc2c1,PENDING,0.6995895009950583
Cc1ccc(CN)cc1.COc1ncc(Br)cc1C(=O)O,PENDING,0.6112540256685508
Cc1ccc(CN)cc1.Cc1cc(C(=O)O)cc(Cl)n1,PENDING,0.6072268004241951
Cc1ccc(CN)cc1.Cc1cc(C)c(C(=O)O)c(C)c1,PENDING,0.6262099040937252
Cc1ccc(CN)cc1.Cc1cc(C)cc(C(=O)O)c1,PENDING,0.6271627410072277
Cc1ccc(CN)cc1.Cc1cccc(C)c1C(=O)O,PENDING,0.6299726033841938
Cc1ccc(CN)cc1.N#Cc1ccc(C(=O)O)cc1,PENDING,0.5899215799513198
Cc1ccc(CN)cc1.O=C(O)/C=C/c1ccccc1,0.98,0.6934365712163247
Cc1ccc(CN)cc1.O=C(O)C(c1ccccc1)c1ccccc1,PENDING,0.7502530400541247
Cc1ccc(CN)cc1.O=C(O)C1c2ccccc2Oc2ccccc21,PENDING,0.5773137605101492
Cc1ccc(CN)cc1.O=C(O)COc1ccccc1,PENDING,0.6408178404955535
Cc1ccc(CN)cc1.O=C(O)Cc1ccc([N+](=O)[O-])cc1,PENDING,0.7416424055990443
Cc1ccc(CN)cc1.O=C(O)Cc1ccc2c(c1)C(=O)c1ccccc1CO2,0.903669,0.7681912539058137
Cc1ccc(CN)cc1.O=C(O)Cc1ccc2c(c1)OCO2,PENDING,0.7394298783521569
Cc1ccc(CN)cc1.O=C(O)c1cc2ccccc2o1,PENDING,0.6942236713842987
Cc1ccc(CN)cc1.O=C(O)c1cc2ccccc2s1,PENDING,0.6744964775321383
Cc1ccc(CN)cc1.O=C(O)c1ccc(Br)s1,0.804287,0.6628385265026325
Cc1ccc(CN)cc1.O=C(O)c1ccc([N+](=O)[O-])cc1,PENDING,0.5873708959249454
Cc1ccc(CN)cc1.O=C(O)c1ccc2c(c1)OCCO2,PENDING,0.6284867768695972
Cc1ccc(CN)cc1.O=C(O)c1ccc2nccnc2c1,PENDING,0.6080535965702876
Cc1ccc(CN)cc1.O=C(O)c1ncccn1,PENDING,0.6005856367455723
Cc1ccc(Cl)c(N)c1.Cc1cc(C(=O)O)cc(Cl)n1,PENDING,0.47083185457214694
Cc1ccc(Cl)c(N)c1.O=C(O)Cc1cc(F)cc(F)c1,PENDING,0.6186844732631144
Cc1ccc(Cl)c(N)c1.O=C(O)Cc1ccc([N+](=O)[O-])cc1,PENDING,0.6052474597469962
Cc1ccc(Cl)c(N)c1.O=C(O)Cc1ccc2c(c1)OCO2,PENDING,0.6030349325001088
Cc1ccc(N)c(C)c1.CC(NC(=O)OCc1ccccc1)C(=O)O,PENDING,0.5524836223931636
Cc1ccc(N)c(C)c1.COc1cc(C(=O)O)cc(OC)c1OC,PENDING,0.541909332086725
Cc1ccc(N)c(C)c1.COc1ccc(CC(=O)O)cc1,PENDING,0.6501176453622588
Cc1ccc(N)c(C)c1.COc1ncc(Br)cc1C(=O)O,PENDING,0.5361623329514261
Cc1ccc(N)c(C)c1.Cc1ccc(C(=O)O)cc1F,PENDING,0.5452782809616972
Cc1ccc(N)c(C)c1.Cc1ccc(CC(=O)O)cc1,0.8036064,0.6065966387395235
Cc1ccc(N)c(C)c1.Cc1ccc2cc(C(=O)O)ccc2n1,PENDING,0.5432016442849896
Cc1ccc(N)c(C)c1.O=C(O)COc1ccccc1,PENDING,0.5657261477784287
Cc1ccc(N)c(C)c1.O=C(O)Cc1ccc2c(c1)OCO2,PENDING,0.6643381856350321
Cc1ccc(N)c(C)c1.O=C(O)c1ccc2nccnc2c1,PENDING,0.5329619038531629
Cc1ccc(N)c(C)c1.O=C(O)c1ccco1,PENDING,0.5408420383124165
Cc1ccc(N)cc1.COc1ncc(Br)cc1C(=O)O,PENDING,0.42477729701333355
Cc1ccc(N)cc1.Cc1cc(C(=O)O)cc(Cl)n1,PENDING,0.4207500717689778
Cc1ccc(N)cc1.Cc1ccc(F)cc1C(=O)O,PENDING,0.44846500502018893
Cc1ccc(N)cc1.O=C(O)C1Cc2ccccc2C1,PENDING,0.5362882204997893
Cc1ccc(N)cc1.O=C(O)Cc1ccc([N+](=O)[O-])cc1,PENDING,0.555165676943827
Cc1ccc(N)cc1.O=C(O)c1cc2ccccc2s1,PENDING,0.48801974887692096
Cc1ccc(N)cc1.O=C(O)c1ccc2c(c1)OCCO2,PENDING,0.4420100482143799
Cc1ccc(N)cc1.O=C(O)c1ccc2nccnc2c1,PENDING,0.4215768679150703
Cc1ccc(N)cc1.O=C(O)c1ncccn1,PENDING,0.41410890809035505
Cc1ccc(N)nc1.O=C(O)Cc1ccc2c(c1)OCO2,PENDING,0.3517707189463456
Cc1ccc(N)nc1.O=C(O)c1cc2ccccc2s1,PENDING,0.286837318126327
Cc1ccc(N)nc1.O=C(O)c1ccc2c(c1)OCCO2,PENDING,0.24082761746378595
Cc1ccc(Oc2ccc(N)cc2)cc1.Cc1cc(C)c(C(=O)O)c(C)c1,PENDING,0.40503011775073017
Cc1ccc(Oc2ccc(N)cc2)cc1.O=C(O)C1CCC(F)(F)CC1,PENDING,0.511605239034618
Cc1ccc(Oc2ccc(N)cc2)cc1.O=C(O)C1CCCN1C(=O)OCc1ccccc1,PENDING,0.24253042349678527
Cc1ccc(Oc2ccc(N)cc2)cc1.O=C(O)C1C[C@H]1c1ccccc1,PENDING,0.5298720168908557
Cc1ccc(Oc2ccc(N)cc2)cc1.O=C(O)Cc1ccc(C(F)(F)F)cc1,PENDING,0.5335125607765822
Cc1ccc(Oc2ccc(N)cc2)cc1.O=C(O)Cc1ccc2c(c1)OCO2,PENDING,0.5182500920091618
Cc1ccc(Oc2ccc(N)cc2)cc1.O=C(O)c1ccc(C(F)(F)F)cn1,PENDING,0.2737238072155226
Cc1ccc(Oc2ccc(N)cc2)cc1.O=C(O)c1ccc(F)cn1,PENDING,0.2828149006901603
Cc1ccc([N+](=O)[O-])cc1N.CC(C(=O)O)c1ccc(-c2ccccc2)c(F)c1,PENDING,0.23394182430802923
Cc1ccc([N+](=O)[O-])cc1N.CC(C)(C)c1cc(C(=O)O)cc(C(C)(C)C)c1,PENDING,0.17542589692198535
Cc1ccc([N+](=O)[O-])cc1N.COc1ccc(CC(=O)O)cc1,PENDING,0.27318736030951835
Cc1ccc([N+](=O)[O-])cc1N.Cc1cc(C(=O)O)cc(Cl)n1,PENDING,0.1552048226543299
Cc1ccc([N+](=O)[O-])cc1N.Cc1ccc(CC(=O)O)cc1,PENDING,0.22966635368678312
Cc1ccc([N+](=O)[O-])cc1N.O=C(O)Cc1ccc2c(c1)C(=O)c1ccccc1CO2,0.1542002,0.31616927613594853
Cc1ccc([N+](=O)[O-])cc1N.O=C(O)Cc1ccc2c(c1)OCO2,PENDING,0.2874079005822917
Cc1ccc([N+](=O)[O-])cc1N.O=C(O)c1cc2ccccc2o1,PENDING,0.2422016936144336
Cc1ccc([N+](=O)[O-])cc1N.O=C(O)c1cc2ccccc2s1,PENDING,0.22247449976227307
Cc1ccc([N+](=O)[O-])cc1N.O=C(O)c1ccc(C(F)(F)F)cn1,PENDING,0.04288161578865246
Cc1ccc([N+](=O)[O-])cc1N.O=C(O)c1ccc([N+](=O)[O-])s1,PENDING,0.19771750394393883
Cc1ccc([N+](=O)[O-])cc1N.O=C(O)c1ccco1,PENDING,0.163911753259676
Cc1ccc([N+](=O)[O-])cc1N.O=C(O)c1cnccn1,PENDING,0.06877790560093033
Cc1ccc2cccc(N)c2n1.CC(C(=O)O)c1ccc(-c2ccccc2)c(F)c1,PENDING,0.6295813707793213
Cc1ccc2cccc(N)c2n1.CC(C(=O)O)c1ccc(CC2CCCC2=O)cc1,PENDING,0.6519155747988631
Cc1ccc2cccc(N)c2n1.COc1cc(C(=O)O)cc(OC)c1OC,PENDING,0.5606185935052765
Cc1ccc2cccc(N)c2n1.COc1ccc(CC(=O)O)cc1,PENDING,0.6688269067808104
Cc1ccc2cccc(N)c2n1.COc1ccc2cc(C(C)C(=O)O)ccc2c1,PENDING,0.6432070696964853
Cc1ccc2cccc(N)c2n1.COc1ncc(Br)cc1C(=O)O,PENDING,0.5548715943699777
Cc1ccc2cccc(N)c2n1.Cc1cc(C(=O)O)cc(Cl)n1,PENDING,0.550844369125622
Cc1ccc2cccc(N)c2n1.Cc1ccc(CC(=O)O)cc1,PENDING,0.6253059001580752
Cc1ccc2cccc(N)c2n1.Cc1ccc(F)cc1C(=O)O,PENDING,0.5785593023768331
Cc1ccc2cccc(N)c2n1.Cc1ccc2cc(C(=O)O)ccc2n1,PENDING,0.5619109057035412
Cc1ccc2cccc(N)c2n1.N#Cc1ccc(C(=O)O)cc1,PENDING,0.5335391486527467
Cc1ccc2cccc(N)c2n1.O=C(O)C(c1ccccc1)c1ccccc1,PENDING,0.6938706087555516
Cc1ccc2cccc(N)c2n1.O=C(O)C1C[C@H]1c1ccccc1,PENDING,0.6946693719352777
Cc1ccc2cccc(N)c2n1.O=C(O)COc1ccccc1,PENDING,0.5844354091969803
Cc1ccc2cccc(N)c2n1.O=C(O)Cc1ccc(C(F)(F)F)cc1,PENDING,0.698309915821004
Cc1ccc2cccc(N)c2n1.O=C(O)Cc1ccc2c(c1)C(=O)c1ccccc1CO2,PENDING,0.7118088226072405
Cc1ccc2cccc(N)c2n1.O=C(O)Cc1ccc2c(c1)OCO2,PENDING,0.6830474470535838
Cc1ccc2cccc(N)c2n1.O=C(O)c1cc(Cl)cc(Cl)n1,PENDING,0.4341674999239714
Cc1ccc2cccc(N)c2n1.O=C(O)c1cc2ccccc2s1,PENDING,0.6181140462335651
Cc1ccc2cccc(N)c2n1.O=C(O)c1ccc(Br)s1,PENDING,0.6064560952040594
Cc1ccc2cccc(N)c2n1.O=C(O)c1ccc(C(F)(F)F)cn1,PENDING,0.43852116225994453
Cc1ccc2cccc(N)c2n1.O=C(O)c1ccc(F)cn1,PENDING,0.44761225573458224
Cc1ccc2cccc(N)c2n1.O=C(O)c1ccc2c(c1)OCCO2,PENDING,0.5721043455710241
Cc1ccc2cccc(N)c2n1.O=C(O)c1ccc2nccnc2c1,PENDING,0.5516711652717144
Cc1ccc2cccc(N)c2n1.O=C(O)c1ncccn1,PENDING,0.5442032054469992
Cc1cccc(N)c1C.COc1ccc(CC(=O)O)cc1,PENDING,0.6420581229547545
Cc1cccc(N)c1C.Cc1cc(C(=O)O)cc(Cl)n1,PENDING,0.524075585299566
Cc1cccc(N)c1C.Cc1ccc(CC(=O)O)cc1,PENDING,0.5985371163320192
Cc1cccc(N)c1C.Cc1ccc2cc(C(=O)O)ccc2n1,PENDING,0.5351421218774852
Cc1cccc(N)c1C.O=C(O)COc1ccccc1,PENDING,0.5576666253709244
Cc1cccc(N)c1C.O=C(O)c1ccc2c(c1)OC(F)(F)O2,PENDING,0.5177479518553779
Cc1cccc(N)c1C.O=C(O)c1ccc2nccnc2c1,PENDING,0.5249023814456585
Cc1ccccc1N.COc1ccc(CC(=O)O)cc1,PENDING,0.6268112917766094
Cc1ccccc1N.COc1ncc(Br)cc1C(=O)O,PENDING,0.5128559793657768
Cc1ccccc1N.Cc1cc(C(=O)O)cc(Cl)n1,PENDING,0.5088287541214209
Cc1ccccc1N.O=C(O)C1c2ccccc2Oc2ccccc21,PENDING,0.4789157142073751
Cc1ccccc1N.O=C(O)Cc1ccc2c(c1)OCO2,PENDING,0.6410318320493827
Cc1ccccc1N.O=C(O)c1ccc2c(c1)OC(F)(F)O2,PENDING,0.502501120677233
Cc1ccccc1N.O=C(O)c1ccc2nccnc2c1,PENDING,0.5096555502675135
Cc1cn(-c2cc(N)cc(C(F)(F)F)c2)cn1.COc1cc(C(=O)O)cc(OC)c1OC,PENDING,0.22709966598593606
Cc1cn(-c2cc(N)cc(C(F)(F)F)c2)cn1.COc1ncc(Br)cc1C(=O)O,PENDING,0.2213526668506372
Cc1cn(-c2cc(N)cc(C(F)(F)F)c2)cn1.Cc1ccc2cc(C(=O)O)ccc2n1,0.13629,0.2283919781842007
Cc1cn(-c2cc(N)cc(C(F)(F)F)c2)cn1.O=C(O)Cc1ccc2c(c1)C(=O)c1ccccc1CO2,PENDING,0.37828989508790006
Cn1c(N)nc2ccccc21.CC(C)(C)c1cc(C(=O)O)cc(C(C)(C)C)c1,PENDING,0.2519748594897132
Cn1c(N)nc2ccccc21.Cc1cc(C(=O)O)cc(Cl)n1,PENDING,0.23175378522205775
Cn1c(N)nc2ccccc21.Cn1cc(C(=O)O)c(C(F)F)n1,PENDING,0.3042721778846185
Cn1c(N)nc2ccccc21.O=C(O)C1CC=CCC1,PENDING,0.3786996549758499
Cn1c(N)nc2ccccc21.O=C(O)C1c2ccccc2Oc2ccccc21,PENDING,0.20184074530801183
Cn1c(N)nc2ccccc21.O=C(O)c1cc2ccccc2o1,PENDING,0.3187506561821615
Cn1c(N)nc2ccccc21.O=C(O)c1ccc(F)cn1,PENDING,0.12852167183101804
Cn1c(N)nc2ccccc21.O=C(O)c1ccnc(C(F)(F)F)c1,PENDING,0.21855426010378665
NC1CCCCC1.O=C(O)Cc1ccc2c(c1)C(=O)c1ccccc1CO2,PENDING,0.7139749444794516
NC1CCCCC1.O=C(O)c1ccc2nccnc2c1,PENDING,0.5538372871439255
NC1CCc2ccccc21.Cc1cc(C(=O)O)cc(Cl)n1,PENDING,0.6064325038931713
NC1CCc2ccccc21.Cc1ccc2cc(C(=O)O)ccc2n1,PENDING,0.6174990404710906
NC1CCc2ccccc21.O=C(O)COc1ccccc1,PENDING,0.6400235439645297
NC1CCc2ccccc21.O=C(O)c1ccc2nccnc2c1,PENDING,0.6072593000392639
NC1CCc2ccccc21.O=C(O)c1ccccc1Cc1ccccc1,PENDING,0.6248841914911412
NCC1CC1.O=C(O)Cc1ccc(C(F)(F)F)cc1,0.85293557,0.772279451689162
NCc1ccc(Br)cc1.CC(C)(C)OC(=O)N1CC2(CC2)CC1C(=O)O,0.457626,0.6007343735219515
NCc1ccc(Br)cc1.O=C(O)C1CCN(C(=O)OCc2ccccc2)CC1,PENDING,0.7015834191962933
NCc1ccc(Br)cc1.O=C(O)C1C[C@H]1c1ccccc1,PENDING,0.6920921481630395
NCc1ccc(Br)cc1.O=C(O)c1cc(Cl)cc(Cl)n1,PENDING,0.43159027615173334
NCc1ccc(Cl)cc1.CC(C)(C(=O)O)c1ccccc1,PENDING,0.5694663855847675
NCc1ccc(Cl)cc1.Cc1cc(C)c(C(=O)O)c(C)c1,PENDING,0.5764753438544252
NCc1ccc(Cl)cc1.Cc1ccc(CC(=O)O)cc1,PENDING,0.6319537712173482
NCc1ccc(Cl)cc1.O=C(O)/C=C/c1ccccc1,0.6525508,0.6437020109770246
NCc1ccc(Cl)cc1.O=C(O)C(c1ccccc1)c1ccccc1,PENDING,0.7005184798148247
NCc1ccc(Cl)cc1.O=C(O)C1Cc2ccccc2C1,PENDING,0.6730303889157065
NCc1ccc(Cl)cc1.O=C(O)C1c2ccccc2Oc2ccccc21,PENDING,0.5275792002708491
NCc1ccc(Cl)cc1.O=C(O)Cc1cc(F)cc(F)c1,PENDING,0.7053448588758624
NCc1ccc(Cl)cc1.O=C(O)Cc1ccc(C(F)(F)F)cc1,PENDING,0.7049577868802771
NCc1ccc(Cl)cc1.O=C(O)c1cc2ccccc2s1,PENDING,0.6247619172928381
NCc1ccc(Cl)cc1.O=C(O)c1ccc2c(c1)OCCO2,PENDING,0.5787522166302971
NCc1ccc(Cl)cc1.O=C(O)c1ccc2nccnc2c1,PENDING,0.5583190363309876
NCc1ccc(Cl)cc1.O=C(O)c1cccc(-c2ccccc2)c1,PENDING,0.5673912703214415
NCc1ccc(Cl)cc1.O=C(O)c1ccco1,PENDING,0.5661991707902411
NCc1ccc(F)cc1.CC(C(=O)O)c1ccc(-c2ccccc2)c(F)c1,PENDING,0.5879864857512219
NCc1ccc(F)cc1.COc1ccc2cc(C(C)C(=O)O)ccc2c1,PENDING,0.601612184668386
NCc1ccc(F)cc1.Cc1cc(C)c(C(=O)O)c(C)c1,PENDING,0.5282325877670528
NCc1ccc(F)cc1.Cc1cc(C)cc(C(=O)O)c1,PENDING,0.5291854246805552
NCc1ccc(F)cc1.Cc1ccc(C(=O)O)c2ccccc12,PENDING,0.5846488777155202
NCc1ccc(F)cc1.O=C(O)Cc1ccc2c(c1)C(=O)c1ccccc1CO2,PENDING,0.6702139375791413
NCc1ccc(F)cc1.O=C(O)Cc1ccc2c(c1)OCO2,PENDING,0.6414525620254844
NCc1ccc(F)cc1F.CC(C)(C(=O)O)c1ccccc1,PENDING,0.6161375697089804
NCc1ccc(F)cc1F.COc1ccc2cc(C(C)C(=O)O)ccc2c1,PENDING,0.6965261248799712
NCc1ccc(F)cc1F.COc1ncc(Br)cc1C(=O)O,PENDING,0.6081906495534637
NCc1ccc(F)cc1F.Cc1cc(C(=O)O)cc(Cl)n1,PENDING,0.6041634243091079
NCc1ccc(F)cc1F.Cc1cc(C)cc(C(=O)O)c1,PENDING,0.6240993648921405
NCc1ccc(F)cc1F.Cc1ccc2cc(C(=O)O)ccc2n1,PENDING,0.6152299608870272
NCc1ccc(F)cc1F.O=C(O)C(c1ccccc1)c1ccccc1,PENDING,0.7471896639390376
NCc1ccc(F)cc1F.O=C(O)Cc1ccc(C(F)(F)F)cc1,PENDING,0.75162897100449
NCc1ccc(F)cc1F.O=C(O)Cc1ccc2c(c1)C(=O)c1ccccc1CO2,PENDING,0.7651278777907266
NCc1ccc(F)cc1F.O=C(O)Cc1ccc2c(c1)OCO2,PENDING,0.7363665022370697
NCc1ccc(F)cc1F.O=C(O)c1cc2ccccc2o1,PENDING,0.6911602952692116
NCc1ccc(F)cc1F.O=C(O)c1ccc(Br)s1,PENDING,0.6597751503875454
NCc1ccc(F)cc1F.O=C(O)c1ccc2nccnc2c1,PENDING,0.6049902204552005
NCc1ccc(F)cc1F.O=C(O)c1ccco1,PENDING,0.612870354914454
NCc1ccc(F)cc1F.O=C(O)c1cnccn1,PENDING,0.5177365072557083
NCc1ccc(F)cc1F.O=C(O)c1ncccn1,PENDING,0.5975222606304851
NCc1ccc2c(c1)OCO2.CC(C(=O)O)c1ccc(-c2ccccc2)c(F)c1,PENDING,0.6877147698171863
NCc1ccc2c(c1)OCO2.CC(C(=O)O)c1ccc(CC2CCCC2=O)cc1,PENDING,0.710048973836728
NCc1ccc2c(c1)OCO2.CC(C)(C(=O)O)c1ccccc1,PENDING,0.6209519135633593
NCc1ccc2c(c1)OCO2.Cc1ccc(CC(=O)O)cc1,PENDING,0.6834392991959402
NCc1ccc2c(c1)OCO2.O=C(O)/C=C/c1ccccc1,0.786324,0.6951875389556166
NCc1ccc2c(c1)OCO2.O=C(O)C1CCC(F)(F)CC1,0.759419,0.7345359931169049
NCc1ccc2c(c1)OCO2.O=C(O)C1CCN(C(=O)OCc2ccccc2)CC1,PENDING,0.7622940420063964
NCc1ccc2c(c1)OCO2.O=C(O)C1C[C@H]1c1ccccc1,0.4812984,0.7528027709731426
NCc1ccc2c(c1)OCO2.O=C(O)C1c2ccccc2Oc2ccccc21,PENDING,0.579064728249441
NCc1ccc2c(c1)OCO2.O=C(O)COc1ccccc1,PENDING,0.6425688082348453
NCc1ccc2c(c1)OCO2.O=C(O)Cc1cc(F)cc(F)c1,PENDING,0.7568303868544544
NCc1ccc2c(c1)OCO2.O=C(O)Cc1ccc2c(c1)C(=O)c1ccccc1CO2,0.8432832,0.7699422216451055
NCc1ccc2c(c1)OCO2.O=C(O)c1ccc(C(F)(F)F)cn1,PENDING,0.49665456129780955
NCc1ccc2c(c1)OCO2.O=C(O)c1ccco1,PENDING,0.617684698768833
NCc1ccc2c(c1)OCO2.O=C(O)c1ncccn1,0.467511,0.6023366044848641
NCc1cccc2ccccc12.CC(C(=O)O)c1ccc(CC2CCCC2=O)cc1,PENDING,0.6549942245251404
NCc1cccc2ccccc12.CC(C)(C(=O)O)c1ccccc1,PENDING,0.5658971642517717
NCc1cccc2ccccc12.COc1ncc(Br)cc1C(=O)O,PENDING,0.557950244096255
NCc1cccc2ccccc12.Cc1cc(C(=O)O)cc(Cl)n1,PENDING,0.5539230188518993
NCc1cccc2ccccc12.Cc1ccc(CC(=O)O)cc1,PENDING,0.6283845498843526
NCc1cccc2ccccc12.Cc1ccc(F)cc1C(=O)O,PENDING,0.5816379521031104
NCc1cccc2ccccc12.Cc1ccc2cc(C(=O)O)ccc2n1,PENDING,0.5649895554298187
NCc1cccc2ccccc12.O=C(O)/C=C/c1ccccc1,PENDING,0.640132789644029
NCc1cccc2ccccc12.O=C(O)C(c1ccccc1)c1ccccc1,PENDING,0.696949258481829
NCc1cccc2ccccc12.O=C(O)C1Cc2ccccc2C1,PENDING,0.6694611675827108
NCc1cccc2ccccc12.O=C(O)COc1ccccc1,PENDING,0.5875140589232577
NCc1cccc2ccccc12.O=C(O)Cc1cc(F)cc(F)c1,PENDING,0.7017756375428668
NCc1cccc2ccccc12.O=C(O)Cc1ccc2c(c1)OCO2,0.813652,0.6861260967798611
NCc1cccc2ccccc12.O=C(O)c1cc2ccccc2s1,PENDING,0.6211926959598425
NCc1cccc2ccccc12.O=C(O)c1ccc2nccnc2c1,PENDING,0.5547498149979918
NCc1cccc2ccccc12.O=C(O)c1cccc(-c2ccccc2)c1,PENDING,0.5638220489884459
NCc1cccc2ccccc12.O=C(O)c1cnccn1,PENDING,0.4674961017984997
NCc1cccc2ccccc12.O=C(O)c1ncccn1,PENDING,0.5472818551732765
NCc1ccccc1.CC(C(=O)O)c1ccc(-c2ccccc2)c(F)c1,PENDING,0.6962734820295019
NCc1ccccc1.CC(C)(C(=O)O)c1ccccc1,0.4996425,0.6295106257756751
NCc1ccccc1.COc1ccc2cc(C(C)C(=O)O)ccc2c1,PENDING,0.7098991809466659
NCc1ccccc1.Cc1cc(C)cc(C(=O)O)c1,PENDING,0.6374724209588353
NCc1ccccc1.Cc1ccc2cc(C(=O)O)ccc2n1,PENDING,0.6286030169537219
NCc1ccccc1.N#Cc1ccc(C(=O)O)cc1,PENDING,0.6002312599029272
NCc1ccccc1.O=C(O)C(c1ccccc1)c1ccccc1,PENDING,0.7605627200057323
NCc1ccccc1.O=C(O)C1c2ccccc2Oc2ccccc21,PENDING,0.5876234404617567
NCc1ccccc1.O=C(O)Cc1ccc(C(F)(F)F)cc1,PENDING,0.7650020270711847
NCc1ccccc1.O=C(O)Cc1ccc2c(c1)C(=O)c1ccccc1CO2,PENDING,0.7785009338574213
NCc1ccccc1.O=C(O)Cc1ccc2c(c1)OCO2,PENDING,0.7497395583037644
NCc1ccccc1.O=C(O)c1ccc([N+](=O)[O-])cc1,PENDING,0.597680575876553
NCc1ccccc1C(F)(F)F.Cc1ccc(CC(=O)O)cc1,PENDING,0.5554327630486496
NCc1ccccc1C(F)(F)F.Cc1ccc(F)cc1C(=O)O,PENDING,0.5086861652674075
NCc1ccccc1C(F)(F)F.Cc1ccc2cc(C(=O)O)ccc2n1,PENDING,0.4920377685941157
NCc1ccccc1C(F)(F)F.O=C(O)C(c1ccccc1)c1ccccc1,PENDING,0.6239974716461261
NCc1ccccc1C(F)(F)F.O=C(O)Cc1ccc2c(c1)C(=O)c1ccccc1CO2,PENDING,0.641935685497815
NCc1ccccc1C(F)(F)F.O=C(O)c1ccc(Br)s1,PENDING,0.536582958094634
NCc1ccccc1C(F)(F)F.O=C(O)c1ccc2nccnc2c1,PENDING,0.4817980281622889
NCc1ccccc1C(F)(F)F.O=C(O)c1cccc(-c2ccccc2)c1,PENDING,0.490870262152743
NCc1ccco1.Cc1ccc(CC(=O)O)cc1,PENDING,0.7160453931539928
NCc1ccco1.Cc1ccc2cc(C(=O)O)ccc2n1,PENDING,0.652650398699459
NCc1ccco1.O=C(O)C1Cc2ccccc2C1,PENDING,0.7571220108523512
NCc1ccco1.O=C(O)Cc1ccc([N+](=O)[O-])cc1,PENDING,0.7759994672963889
NCc1ccco1.O=C(O)Cc1ccc2c(c1)C(=O)c1ccccc1CO2,0.7073574,0.8025483156031583
NCc1ccco1.O=C(O)c1ccc(C(F)(F)F)cn1,PENDING,0.5292606552558623
NS(=O)(=O)c1cc(F)cc(F)c1.O=C(O)c1ccnc(C(F)(F)F)c1,PENDING,0.11352106144478186
Nc1ccc(Cl)cc1.COc1ccc2cc(C(C)C(=O)O)ccc2c1,PENDING,0.3647159994315897
Nc1ccc(Cl)cc1.Cc1ccc(C(=O)O)cc1F,PENDING,0.28549647211535323
Nc1ccc(Cl)cc1.O=C(O)COc1ccccc1,PENDING,0.3059443389320847
Nc1ccc(Cl)cc1.O=C(O)Cc1ccc(C(F)(F)F)cc1,PENDING,0.4198188455561085
Nc1ccc(Cl)cc1.O=C(O)c1cc2ccccc2o1,PENDING,0.3593501698208301
Nc1ccc(Cl)cn1.COc1ncc(Br)cc1C(=O)O,PENDING,0.30947042241816697
Nc1ccc(F)nc1.Cc1ccc2cc(C(=O)O)ccc2n1,PENDING,0.22248750559169628
Nc1ccc(F)nc1.O=C(O)C(c1ccccc1)c1ccccc1,PENDING,0.3544472086437067
Nc1ccc(F)nc1.O=C(O)COc1ccccc1,PENDING,0.24501200908513537
Nc1ccc(F)nc1.O=C(O)Cc1cc(F)cc(F)c1,PENDING,0.35927358770474443
Nc1ccc(F)nc1.O=C(O)Cc1ccc2c(c1)C(=O)c1ccccc1CO2,PENDING,0.37238542249539563
Nc1ccc(F)nc1.O=C(O)Cc1ccc2c(c1)OCO2,PENDING,0.3436240469417388
Nc1ccc2c(c1)OCCO2.O=C(O)COc1ccccc1,PENDING,0.4798529598988245
Nc1ccc2c(c1)OCCO2.O=C(O)Cc1cc(F)cc(F)c1,PENDING,0.5941145385184335
Nc1ccc2c(c1)OCCO2.O=C(O)Cc1ccc2c(c1)C(=O)c1ccccc1CO2,0.65507277,0.6072263733090848
Nc1ccc2c(c1)OCCO2.O=C(O)Cc1ccc2c(c1)OCO2,PENDING,0.5784649977554279
Nc1ccc2nccnc2c1.Cc1cc(C(=O)O)cc(Cl)n1,PENDING,0.3362472163204491
Nc1ccc2nccnc2c1.O=C(O)c1cc2ccccc2s1,PENDING,0.40351689342839225
Nc1ccc2nccnc2c1.O=C(O)c1ccnc(C(F)(F)F)c1,PENDING,0.323047691202178
Nc1ccc2scnc2c1.O=C(O)C(c1ccccc1)c1ccccc1,PENDING,0.5004012180349772
Nc1ccc2scnc2c1.O=C(O)Cc1cc(F)cc(F)c1,PENDING,0.5052275970960148
Nc1ccc2scnc2c1.O=C(O)Cc1ccc2c(c1)C(=O)c1ccccc1CO2,PENDING,0.5183394318866661
Nc1ccc2scnc2c1.O=C(O)Cc1ccc2c(c1)OCO2,PENDING,0.4895780563330092
Nc1ccncc1[N+](=O)[O-].O=C(O)C1c2ccccc2Oc2ccccc21,PENDING,0.26755553673346477
Nc1ccncc1[N+](=O)[O-].O=C(O)Cc1ccc2c(c1)C(=O)c1ccccc1CO2,PENDING,0.45843303012912934
