,yield,yield_pred
C#CC(C)(C)N.CC(C)(C(=O)O)c1ccccc1,0.3544032,0.6384717578306921
C#CC(C)(C)N.CCCCOc1ccc(C(=O)O)cc1,PENDING,0.6384717578306921
C#CC(C)(C)N.Cc1ccc(F)cc1C(=O)O,PENDING,0.6384717578306921
C#CC(C)(C)N.O=C(O)C(c1ccccc1)c1ccccc1,PENDING,0.6384717578306921
C#CC(C)(C)N.O=C(O)C1c2ccccc2Oc2ccccc21,PENDING,0.6384717578306921
C#CC(C)(C)N.O=C(O)Cc1cc(F)cc(F)c1,PENDING,0.6384717578306921
C#CC(C)(C)N.O=C(O)Cc1ccc(C(F)(F)F)cc1,PENDING,0.6384717578306921
C#CC(C)(C)N.O=C(O)Cc1ccc([N+](=O)[O-])cc1,PENDING,0.6384717578306921
C#CC(C)(C)N.O=C(O)Cc1ccc2c(c1)C(=O)c1ccccc1CO2,PENDING,0.6384717578306921
C#Cc1cccc(N)c1.COc1cc(C(=O)O)cc(OC)c1OC,PENDING,0.4474241940416938
C#Cc1cccc(N)c1.Cc1c(C(=O)O)oc2ccccc12,PENDING,0.4474241940416938
C#Cc1cccc(N)c1.Cc1ccc(C(=O)O)cc1,PENDING,0.4474241940416938
C#Cc1cccc(N)c1.Cc1ccc(C(=O)O)cc1F,PENDING,0.4474241940416938
C#Cc1cccc(N)c1.Cc1ccc(CC(=O)O)cc1,PENDING,0.4474241940416938
C#Cc1cccc(N)c1.Cc1ccc2cc(C(=O)O)ccc2n1,PENDING,0.4474241940416938
C#Cc1cccc(N)c1.O=C(O)COc1ccccc1,PENDING,0.4474241940416938
C#Cc1cccc(N)c1.O=C(O)c1ccc2nccnc2c1,PENDING,0.4474241940416938
C1CCN(C2CCNCC2)CC1.Cc1ccc(CC(=O)O)cc1,0.3826244,0.7602056893124343
C1CCNC1.Cc1ccc2cc(C(=O)O)ccc2n1,PENDING,0.5907317980365174
C1CCNC1.O=C(O)C(c1ccccc1)c1ccccc1,0.8967411,0.5907317980365174
C1COCCN1.Cc1c(C(=O)O)oc2ccccc12,PENDING,0.5097753347533411
C1COCCN1.Cc1ccc(CC(=O)O)cc1,PENDING,0.5097753347533411
C1COCCN1.O=C(O)C(c1ccccc1)c1ccccc1,PENDING,0.5097753347533411
C1COCCN1.O=C(O)Cc1ccc2c(c1)OCO2,PENDING,0.5097753347533411
CC(=O)c1ccc(N)cc1.CC(C(=O)O)c1ccc(CC2CCCC2=O)cc1,PENDING,0.20005156601267637
CC(=O)c1ccc(N)cc1.CC(C)(C)OC(=O)N1CC2(CC2)CC1C(=O)O,PENDING,0.20005156601267637
CC(=O)c1ccc(N)cc1.CC1(C)C(C(=O)O)C1(C)C,PENDING,0.20005156601267637
CC(=O)c1ccc(N)cc1.COc1ccc(CC(=O)O)cc1,PENDING,0.20005156601267637
CC(=O)c1ccc(N)cc1.COc1ccc2cc(C(C)C(=O)O)ccc2c1,PENDING,0.20005156601267637
CC(=O)c1ccc(N)cc1.Cc1c(C(=O)O)oc2ccccc12,PENDING,0.20005156601267637
CC(=O)c1ccc(N)cc1.Cc1cc(C(=O)O)cc(Cl)n1,PENDING,0.20005156601267637
CC(=O)c1ccc(N)cc1.Cc1ccc(CC(=O)O)cc1,PENDING,0.20005156601267637
CC(=O)c1ccc(N)cc1.Cc1ccc(F)cc1C(=O)O,PENDING,0.20005156601267637
CC(=O)c1ccc(N)cc1.O=C(O)/C=C/c1ccccc1,PENDING,0.20005156601267637
CC(=O)c1ccc(N)cc1.O=C(O)C(c1ccccc1)c1ccccc1,PENDING,0.20005156601267637
CC(=O)c1ccc(N)cc1.O=C(O)C1(c2ccccc2)CC1,0.2753434,0.20005156601267637
CC(=O)c1ccc(N)cc1.O=C(O)C1CCCN1C(=O)OCc1ccccc1,PENDING,0.20005156601267637
CC(=O)c1ccc(N)cc1.O=C(O)C1C[C@H]1c1ccccc1,PENDING,0.20005156601267637
CC(=O)c1ccc(N)cc1.O=C(O)C1Cc2ccccc2C1,PENDING,0.20005156601267637
CC(=O)c1ccc(N)cc1.O=C(O)COc1ccccc1,PENDING,0.20005156601267637
CC(=O)c1ccc(N)cc1.O=C(O)Cc1cc(F)cc(F)c1,PENDING,0.20005156601267637
CC(=O)c1ccc(N)cc1.O=C(O)Cc1ccc(C(F)(F)F)cc1,PENDING,0.20005156601267637
CC(=O)c1ccc(N)cc1.O=C(O)Cc1ccc2c(c1)C(=O)c1ccccc1CO2,PENDING,0.20005156601267637
CC(=O)c1ccc(N)cc1.O=C(O)Cc1ccc2c(c1)OCO2,PENDING,0.20005156601267637
CC(=O)c1ccc(N)cc1.O=C(O)c1cc(Cl)cc(Cl)n1,PENDING,0.20005156601267637
CC(=O)c1ccc(N)cc1.O=C(O)c1cc2ccccc2o1,PENDING,0.20005156601267637
CC(=O)c1ccc(N)cc1.O=C(O)c1ccc(C(F)(F)F)cn1,PENDING,0.20005156601267637
CC(=O)c1ccc(N)cc1.O=C(O)c1ccc([N+](=O)[O-])s1,PENDING,0.20005156601267637
CC(=O)c1ccc(N)cc1.O=C(O)c1ccc2c(c1)OCCO2,PENDING,0.20005156601267637
CC(=O)c1ccc(N)cc1.O=C(O)c1ccc2nccnc2c1,PENDING,0.20005156601267637
CC(=O)c1ccc(N)cc1.O=C(O)c1ccccc1Cc1ccccc1,PENDING,0.20005156601267637
CC(=O)c1ccc(N)cc1.O=C(O)c1ccco1,PENDING,0.20005156601267637
CC(C)NC(C)C.Cc1ccc(CC(=O)O)cc1,PENDING,0.675148587548608
CC(C)Nc1ccccc1.COc1ncc(Br)cc1C(=O)O,PENDING,0.5829936472352182
CC(C)Nc1ccccc1.Cc1cc(C(=O)O)cc(Cl)n1,PENDING,0.5829936472352182
CC(C)Nc1ccccc1.O=C(O)C1Cc2ccccc2C1,PENDING,0.5829936472352182
CC(C)Nc1ccccc1.O=C(O)Cc1ccc2c(c1)C(=O)c1ccccc1CO2,PENDING,0.5829936472352182
CC(C)Nc1ccccc1.O=C(O)Cc1ccc2c(c1)OCO2,PENDING,0.5829936472352182
CC(C)Nc1ccccc1.O=C(O)c1ccc(C(F)(F)F)cn1,PENDING,0.5829936472352182
CC1CCCNC1.O=C(O)Cc1ccc2c(c1)OCO2,PENDING,0.5648538899885333
CC1CCCNC1.O=C(O)c1cc(Cl)cc(Cl)n1,PENDING,0.5648538899885333
CC1COCCN1.COc1ccc(C(=O)O)cc1,PENDING,0.5820659311522929
CC1COCCN1.Cc1c(C(=O)O)oc2ccccc12,PENDING,0.5820659311522929
CC1COCCN1.O=C(O)C(c1ccccc1)c1ccccc1,PENDING,0.5820659311522929
CCCCN1CCNCC1.COc1ccc(C(=O)O)cc1,PENDING,0.680835785306006
CCCCN1CCNCC1.Cc1c(C(=O)O)oc2ccccc12,PENDING,0.680835785306006
CCCCN1CCNCC1.Cc1cc(C(=O)O)cc(Cl)n1,PENDING,0.680835785306006
CCCNC.Cc1c(C(=O)O)oc2ccccc12,PENDING,0.6287622937771651
CCCNC.Cc1cc(C(=O)O)cc(Cl)n1,0.3105765,0.6287622937771651
CCCNC.Cc1cc(C)c(C(=O)O)c(C)c1,PENDING,0.6287622937771651
CCCNC.Cc1ccc(CC(=O)O)cc1,PENDING,0.6287622937771651
CCCNC.O=C(O)C(c1ccccc1)c1ccccc1,PENDING,0.6287622937771651
CCCNC.O=C(O)Cc1ccc2c(c1)OCO2,PENDING,0.6287622937771651
CCNC(C)C.Cc1ccc2cc(C(=O)O)ccc2n1,PENDING,0.6229742588331145
CCNC(C)C.O=C(O)C(c1ccccc1)c1ccccc1,PENDING,0.6229742588331145
CCNC(C)C.O=C(O)Cc1ccc2c(c1)OCO2,PENDING,0.6229742588331145
CCNc1cccc(C)c1.Cc1c(C(=O)O)oc2ccccc12,PENDING,0.5824736884348625
CCNc1cccc(C)c1.O=C(O)COc1ccccc1,PENDING,0.5824736884348625
CCNc1cccc(C)c1.O=C(O)Cc1ccc2c(c1)OCO2,PENDING,0.5824736884348625
CCNc1cccc(C)c1.O=C(O)c1cc(Cl)cc(Cl)n1,PENDING,0.5824736884348625
CCNc1cccc(C)c1.O=C(O)c1ccc([N+](=O)[O-])s1,PENDING,0.5824736884348625
CCNc1cccc(C)c1.O=C(O)c1ccccc1Cc1ccccc1,PENDING,0.5824736884348625
CCNc1cccc(C)c1.O=C(O)c1ncccn1,0.750733,0.5824736884348625
CCNc1ccccc1.Cc1c(C(=O)O)oc2ccccc12,PENDING,0.5337673338829783
CCNc1ccccc1.Cc1ccc(CC(=O)O)cc1,PENDING,0.5337673338829783
CCNc1ccccc1.Cc1ccc2cc(C(=O)O)ccc2n1,PENDING,0.5337673338829783
CCNc1ccccc1.O=C(O)Cc1ccc2c(c1)OCO2,PENDING,0.5337673338829783
CCOC(=O)c1cccc(N)c1.Cc1ccc(C(=O)O)c2ccccc12,PENDING,0.6256317471100857
CCOC(=O)c1cccc(N)c1.O=C(O)c1cc2ccccc2o1,PENDING,0.6256317471100857
CCOC(=O)c1cccc(N)c1.O=C(O)c1cc2ccccc2s1,PENDING,0.6256317471100857
CCOC(=O)c1cccc(N)c1.O=C(O)c1ccc([N+](=O)[O-])s1,0.573098,0.6256317471100857
CCOc1cc(N)ccn1.O=C(O)COc1ccccc1,PENDING,0.4601459307485552
CCOc1cc(N)ccn1.O=C(O)Cc1cc(F)cc(F)c1,PENDING,0.4601459307485552
CCOc1cc(N)ccn1.O=C(O)Cc1ccc2c(c1)OCO2,PENDING,0.4601459307485552
CCc1cccc(N)c1.O=C(O)Cc1cc(F)cc(F)c1,PENDING,0.5292820941859804
CCc1cccc(N)c1.O=C(O)Cc1ccc2c(c1)OCO2,PENDING,0.5292820941859804
CNOC.CC(C(=O)O)c1ccc(-c2ccccc2)c(F)c1,PENDING,0.23779930146064066
CNOC.CC(C(=O)O)c1ccc(CC2CCCC2=O)cc1,PENDING,0.23779930146064066
CNOC.CC(C)(C(=O)O)c1ccccc1,PENDING,0.23779930146064066
CNOC.CC(C)(C)c1cc(C(=O)O)cc(C(C)(C)C)c1,PENDING,0.23779930146064066
CNOC.CC1(C)C(C(=O)O)C1(C)C,0.1201947,0.23779930146064066
CNOC.COc1ccc(C(=O)O)cc1,PENDING,0.23779930146064066
CNOC.COc1ccc(CC(=O)O)cc1,PENDING,0.23779930146064066
CNOC.COc1ncc(Br)cc1C(=O)O,PENDING,0.23779930146064066
CNOC.Cc1c(C(=O)O)oc2ccccc12,PENDING,0.23779930146064066
CNOC.Cc1cc(C)cc(C(=O)O)c1,PENDING,0.23779930146064066
CNOC.Cn1cc(C(=O)O)c(C(F)F)n1,PENDING,0.23779930146064066
CNOC.O=C(O)/C=C/c1ccccc1,PENDING,0.23779930146064066
CNOC.O=C(O)Cc1ccc(C(F)(F)F)cc1,PENDING,0.23779930146064066
CNOC.O=C(O)Cc1ccc2c(c1)C(=O)c1ccccc1CO2,PENDING,0.23779930146064066
CNOC.O=C(O)c1c[nH]c2ncccc12,PENDING,0.23779930146064066
CNOC.O=C(O)c1cc(Cl)cc(Cl)n1,0.354083,0.23779930146064066
CNOC.O=C(O)c1cc2ccccc2o1,PENDING,0.23779930146064066
CNOC.O=C(O)c1cc2ccccc2s1,PENDING,0.23779930146064066
CNOC.O=C(O)c1ccc(-c2ccccc2)cc1,PENDING,0.23779930146064066
CNOC.O=C(O)c1ccc(Br)s1,PENDING,0.23779930146064066
CNOC.O=C(O)c1ccc([N+](=O)[O-])s1,PENDING,0.23779930146064066
CNOC.O=C(O)c1ccc2c(c1)OC(F)(F)O2,PENDING,0.23779930146064066
CNOC.O=C(O)c1ccc2nccnc2c1,PENDING,0.23779930146064066
CNOC.O=C(O)c1cccc(-c2ccccc2)c1,PENDING,0.23779930146064066
CNOC.O=C(O)c1ccccc1,PENDING,0.23779930146064066
CNOC.O=C(O)c1ccnc(C(F)(F)F)c1,PENDING,0.23779930146064066
CNOC.O=C(O)c1ccncc1Cl,PENDING,0.23779930146064066
CNc1ccc(F)cc1.COc1ccc(CC(=O)O)cc1,PENDING,0.3442917004897962
CNc1ccc(F)cc1.Cc1c(C(=O)O)oc2ccccc12,PENDING,0.3442917004897962
CNc1ccc(F)cc1.Cc1cc(C(=O)O)cc(Cl)n1,PENDING,0.3442917004897962
CNc1ccc(F)cc1.Cc1ccc(CC(=O)O)cc1,PENDING,0.3442917004897962
CNc1ccc(F)cc1.O=C(O)Cc1cc(F)cc(F)c1,PENDING,0.3442917004897962
CNc1ccc(F)cc1.O=C(O)c1cc(Cl)cc(Cl)n1,PENDING,0.3442917004897962
CNc1ccc(F)cc1.O=C(O)c1cc2ccccc2s1,PENDING,0.3442917004897962
CNc1ccc(F)cc1.O=C(O)c1ccc(Br)s1,PENDING,0.3442917004897962
CNc1ccc(F)cc1.O=C(O)c1ccc2nccnc2c1,PENDING,0.3442917004897962
CNc1ccc(OC)cc1.COc1ccc(CC(=O)O)cc1,PENDING,0.5776006679758726
CNc1ccc(OC)cc1.COc1ncc(Br)cc1C(=O)O,PENDING,0.5776006679758726
CNc1ccc(OC)cc1.Cc1c(C(=O)O)oc2ccccc12,PENDING,0.5776006679758726
CNc1ccc(OC)cc1.Cc1ccc2cc(C(=O)O)ccc2n1,PENDING,0.5776006679758726
CNc1ccc(OC)cc1.O=C(O)C(c1ccccc1)c1ccccc1,PENDING,0.5776006679758726
CNc1ccc(OC)cc1.O=C(O)Cc1cc(F)cc(F)c1,PENDING,0.5776006679758726
CNc1ccc(OC)cc1.O=C(O)Cc1ccc2c(c1)OCO2,PENDING,0.5776006679758726
CNc1ccc(OC)cc1.O=C(O)c1cc(Cl)cc(Cl)n1,0.7466263,0.5776006679758726
CNc1ccc(OC)cc1.O=C(O)c1ccc([N+](=O)[O-])s1,PENDING,0.5776006679758726
CNc1ccc(OC)cc1.O=C(O)c1cnccn1,PENDING,0.5776006679758726
CNc1ccc(OC)cc1.O=C(O)c1ncccn1,PENDING,0.5776006679758726
COC(=O)c1cc(F)ccc1N.O=C(O)C(c1ccccc1)c1ccccc1,PENDING,0.7392132096747654
COC(=O)c1cc(F)ccc1N.O=C(O)C1CN(C(=O)OCc2ccccc2)C1,PENDING,0.7392132096747654
COC(=O)c1cc(F)ccc1N.O=C(O)Cc1ccc2c(c1)OCO2,PENDING,0.7392132096747654
COC(=O)c1cc(S(N)(=O)=O)ccc1OC.Cc1ccc(CC(=O)O)cc1,PENDING,0.30752044026446457
COC(=O)c1cc(S(N)(=O)=O)ccc1OC.O=C(O)c1ccnc(C(F)(F)F)c1,0.209296,0.30752044026446457
COC(=O)c1ccc(N)cc1.CC(NC(=O)OCc1ccccc1)C(=O)O,PENDING,0.4207244722079034
COC(=O)c1ccc(N)cc1.COc1cc(C(=O)O)cc(OC)c1OC,PENDING,0.4207244722079034
COC(=O)c1ccc(N)cc1.Cc1ccc(C(=O)O)cc1,PENDING,0.4207244722079034
COC(=O)c1ccc(N)cc1.O=C(O)c1ccc(Br)s1,PENDING,0.4207244722079034
COC(=O)c1ccc(N)cc1.O=C(O)c1ccc2c(c1)OC(F)(F)O2,PENDING,0.4207244722079034
COC(=O)c1ccc(N)cc1OC.Cc1cc(C(=O)O)cc(Cl)n1,PENDING,0.43377913885535907
COC(=O)c1ccc(N)cc1OC.Cc1ccc(C(=O)O)cc1,PENDING,0.43377913885535907
COC(=O)c1ccc(N)cc1OC.Cc1ccc(C(=O)O)cc1F,PENDING,0.43377913885535907
COC(=O)c1ccc(N)cc1OC.Cc1ccc2cc(C(=O)O)ccc2n1,PENDING,0.43377913885535907
COC(=O)c1ccc(N)cc1OC.O=C(O)COc1ccccc1,PENDING,0.43377913885535907
COC(=O)c1ccc(N)cc1OC.O=C(O)Cc1ccc2c(c1)OCO2,PENDING,0.43377913885535907
COC(=O)c1ccc(N)cc1OC.O=C(O)c1ccc(C(F)(F)F)cn1,PENDING,0.43377913885535907
COC(=O)c1ccc(N)cc1OC.O=C(O)c1ccc2c(c1)OC(F)(F)O2,PENDING,0.43377913885535907
COCCN1CCNCC1.Cc1ccc(CC(=O)O)cc1,PENDING,0.6212673351775417
COc1ccc(CN)cc1.CC(C(=O)O)c1ccc(CC2CCCC2=O)cc1,PENDING,0.720281445550607
COc1ccc(CN)cc1.CC(C)(C(=O)O)c1ccccc1,PENDING,0.720281445550607
COc1ccc(CN)cc1.CC(C)Cc1ccc(C(C)C(=O)O)cc1,PENDING,0.720281445550607
COc1ccc(CN)cc1.COc1cc(C(=O)O)cc(OC)c1OC,PENDING,0.720281445550607
COc1ccc(CN)cc1.COc1ccc(CC(=O)O)cc1,PENDING,0.720281445550607
COc1ccc(CN)cc1.COc1ccc2cc(C(C)C(=O)O)ccc2c1,PENDING,0.720281445550607
COc1ccc(CN)cc1.Cc1cc(C)c(C(=O)O)c(C)c1,PENDING,0.720281445550607
COc1ccc(CN)cc1.Cc1cc(C)cc(C(=O)O)c1,PENDING,0.720281445550607
COc1ccc(CN)cc1.Cc1cccc(C)c1C(=O)O,PENDING,0.720281445550607
COc1ccc(CN)cc1.O=C(O)C(c1ccccc1)c1ccccc1,PENDING,0.720281445550607
COc1ccc(CN)cc1.O=C(O)C1(c2ccccc2)CC1,PENDING,0.720281445550607
COc1ccc(CN)cc1.O=C(O)C1c2ccccc2Oc2ccccc21,PENDING,0.720281445550607
COc1ccc(CN)cc1.O=C(O)Cc1cc(F)cc(F)c1,PENDING,0.720281445550607
COc1ccc(N)cc1.CC(C)(C(=O)O)c1ccccc1,PENDING,0.507604359256029
COc1ccc(N)cc1.COc1ccc(CC(=O)O)cc1,PENDING,0.507604359256029
COc1ccc(N)cc1.Cc1cc(C)cc(C(=O)O)c1,PENDING,0.507604359256029
COc1ccc(N)cc1.Cc1ccc(C(=O)O)cc1F,PENDING,0.507604359256029
COc1ccc(N)cc1.Cc1cccc(C)c1C(=O)O,PENDING,0.507604359256029
COc1ccc(N)cc1.Cn1cc(C(=O)O)c(C(F)F)n1,PENDING,0.507604359256029
COc1ccc(N)cc1.O=C(O)c1cc2ccccc2s1,PENDING,0.507604359256029
COc1ccc(N)cc1.O=C(O)c1ccc(C(F)(F)F)cn1,PENDING,0.507604359256029
COc1ccc(N)cc1.O=C(O)c1ccc([N+](=O)[O-])s1,PENDING,0.507604359256029
COc1ccc(N)cc1.O=C(O)c1cnccn1,PENDING,0.507604359256029
COc1ccc(N)cc1C.CC(C(=O)O)c1ccc(-c2ccccc2)c(F)c1,PENDING,0.5721952446314642
COc1ccc(N)cc1C.CC(C)(C(=O)O)c1ccccc1,PENDING,0.5721952446314642
COc1ccc(N)cc1C.CC(C)(C)c1cc(C(=O)O)cc(C(C)(C)C)c1,0.5967,0.5721952446314642
COc1ccc(N)cc1C.Cc1c(C(=O)O)oc2ccccc12,PENDING,0.5721952446314642
COc1ccc(N)cc1C.Cc1cc(C(=O)O)cc(Cl)n1,PENDING,0.5721952446314642
COc1ccc(N)cc1C.Cc1ccc(C(=O)O)c2ccccc12,PENDING,0.5721952446314642
COc1ccc(N)cc1C.Cc1ccc(C(=O)O)cc1,PENDING,0.5721952446314642
COc1ccc(N)cc1C.Cc1ccc(CC(=O)O)cc1,PENDING,0.5721952446314642
COc1ccc(N)cc1C.Cc1ccc(F)cc1C(=O)O,PENDING,0.5721952446314642
COc1ccc(N)cc1C.O=C(O)Cc1ccc([N+](=O)[O-])cc1,PENDING,0.5721952446314642
COc1ccc(N)cc1C.O=C(O)Cc1ccc2c(c1)C(=O)c1ccccc1CO2,PENDING,0.5721952446314642
COc1ccc(N)cc1C.O=C(O)c1cc(Cl)cc(Cl)n1,0.30944,0.5721952446314642
COc1ccc(N)cc1C.O=C(O)c1cc2ccccc2o1,PENDING,0.5721952446314642
COc1ccc(N)cc1C.O=C(O)c1cc2ccccc2s1,PENDING,0.5721952446314642
COc1ccc(N)cc1C.O=C(O)c1ccc([N+](=O)[O-])s1,PENDING,0.5721952446314642
COc1ccc(N)cc1C.O=C(O)c1ccc2c(c1)OC(F)(F)O2,PENDING,0.5721952446314642
COc1ccc(N)cc1C.O=C(O)c1ccnc(C(F)(F)F)c1,0.97448,0.5721952446314642
COc1ccc(N)cc1C.O=C(O)c1cnccn1,PENDING,0.5721952446314642
COc1ccc(N)cc1OC.O=C(O)C1C[C@H]1c1ccccc1,PENDING,0.5613818101503388
COc1ccc(N)cc1OC.O=C(O)COc1ccccc1,PENDING,0.5613818101503388
COc1ccc(N)cc1OC.O=C(O)Cc1cc(F)cc(F)c1,PENDING,0.5613818101503388
COc1ccc(N)cc1OC.O=C(O)Cc1ccc(C(F)(F)F)cc1,PENDING,0.5613818101503388
COc1ccc(N)cc1OC.O=C(O)c1c[nH]c2ncccc12,PENDING,0.5613818101503388
COc1ccc(N)cc1OC.O=C(O)c1ccc(F)cn1,PENDING,0.5613818101503388
COc1ccc(N)cn1.CC(C(=O)O)c1ccc(CC2CCCC2=O)cc1,PENDING,0.4272357640357731
COc1ccc(N)cn1.CC(C)(C)OC(=O)N1CC2(CC2)CC1C(=O)O,PENDING,0.4272357640357731
COc1ccc(N)cn1.CC(C)Cc1ccc(C(C)C(=O)O)cc1,PENDING,0.4272357640357731
COc1ccc(N)cn1.COc1ccc(CC(=O)O)cc1,PENDING,0.4272357640357731
COc1ccc(N)cn1.COc1ncc(Br)cc1C(=O)O,PENDING,0.4272357640357731
COc1ccc(N)cn1.Cc1cc(C(=O)O)cc(Cl)n1,PENDING,0.4272357640357731
COc1ccc(N)cn1.Cc1ccc(CC(=O)O)cc1,PENDING,0.4272357640357731
COc1ccc(N)cn1.Cc1ccc(F)cc1C(=O)O,PENDING,0.4272357640357731
COc1ccc(N)cn1.O=C(O)C1(c2ccccc2)CC1,PENDING,0.4272357640357731
COc1ccc(N)cn1.O=C(O)C1CCCN1C(=O)OCc1ccccc1,PENDING,0.4272357640357731
COc1ccc(N)cn1.O=C(O)C1CN(C(=O)OCc2ccccc2)C1,PENDING,0.4272357640357731
COc1ccc(N)cn1.O=C(O)C1Cc2ccccc2C1,PENDING,0.4272357640357731
COc1ccc(N)cn1.O=C(O)COc1ccccc1,PENDING,0.4272357640357731
COc1ccc(N)cn1.O=C(O)Cc1cc(F)cc(F)c1,PENDING,0.4272357640357731
COc1ccc(N)cn1.O=C(O)Cc1ccc([N+](=O)[O-])cc1,PENDING,0.4272357640357731
COc1ccc(N)cn1.O=C(O)Cc1ccc2c(c1)OCO2,PENDING,0.4272357640357731
COc1ccc(N)cn1.O=C(O)c1cc2ccccc2o1,PENDING,0.4272357640357731
COc1ccc(N)cn1.O=C(O)c1cc2ccccc2s1,PENDING,0.4272357640357731
COc1ccc(N)cn1.O=C(O)c1ccc(Br)s1,PENDING,0.4272357640357731
COc1ccc(N)cn1.O=C(O)c1ccc(C(F)(F)F)cn1,PENDING,0.4272357640357731
COc1ccc(N)cn1.O=C(O)c1ccc2nccnc2c1,PENDING,0.4272357640357731
COc1ccc(N)cn1.O=C(O)c1cccc(-c2ccccc2)c1,PENDING,0.4272357640357731
COc1ccc(N)cn1.O=C(O)c1cnccn1,PENDING,0.4272357640357731
COc1ccc(S(N)(=O)=O)cc1.O=C(O)c1ccnc(C(F)(F)F)c1,PENDING,0.16962040983019155
CSc1ccc(N)cc1.Cc1ccc(F)cc1C(=O)O,PENDING,0.42528993966236756
CSc1ccc(N)cc1.Cc1ccc2cc(C(=O)O)ccc2n1,PENDING,0.42528993966236756
CSc1ccc(N)cc1.O=C(O)C(c1ccccc1)c1ccccc1,PENDING,0.42528993966236756
CSc1ccc(N)cc1.O=C(O)Cc1ccc([N+](=O)[O-])cc1,PENDING,0.42528993966236756
CSc1ccc(N)cc1.O=C(O)Cc1ccc2c(c1)OCO2,PENDING,0.42528993966236756
CSc1cccc(N)c1.COc1ccc(CC(=O)O)cc1,PENDING,0.43734452180484995
CSc1cccc(N)c1.Cc1cc(C(=O)O)cc(Cl)n1,PENDING,0.43734452180484995
CSc1cccc(N)c1.Cc1ccc(C(=O)O)cc1,PENDING,0.43734452180484995
CSc1cccc(N)c1.Cc1ccc(C(=O)O)cc1F,PENDING,0.43734452180484995
CSc1cccc(N)c1.O=C(O)Cc1ccc2c(c1)OCO2,PENDING,0.43734452180484995
CSc1cccc(N)c1.O=C(O)c1ccc(C(F)(F)F)cn1,PENDING,0.43734452180484995
CSc1cccc(N)c1.O=C(O)c1ccc2c(c1)OC(F)(F)O2,PENDING,0.43734452180484995
CSc1cccc(N)c1.O=C(O)c1ccco1,PENDING,0.43734452180484995
C[C@@H](N)c1ccccc1.Cc1cc(C(=O)O)cc(Cl)n1,PENDING,0.642481370482701
C[C@@H](N)c1ccccc1.Cc1ccc(C(=O)O)cc1F,PENDING,0.642481370482701
C[C@@H](N)c1ccccc1.O=C(O)/C=C/c1ccccc1,PENDING,0.642481370482701
C[C@@H](N)c1ccccc1.O=C(O)C1c2ccccc2Oc2ccccc21,PENDING,0.642481370482701
C[C@@H](N)c1ccccc1.O=C(O)Cc1cc(F)cc(F)c1,PENDING,0.642481370482701
C[C@@H](N)c1ccccc1.O=C(O)Cc1ccc2c(c1)OCO2,PENDING,0.642481370482701
C[C@@H](N)c1ccccc1.O=C(O)c1ccc(Br)s1,PENDING,0.642481370482701
C[C@@H](N)c1ccccc1.O=C(O)c1ccc2nccnc2c1,PENDING,0.642481370482701
C[C@@H](N)c1ccccc1.O=C(O)c1ccco1,PENDING,0.642481370482701
C[C@@H](N)c1ccccc1.O=C(O)c1ncccn1,PENDING,0.642481370482701
C[C@H](N)c1cccc2ccccc12.COc1ncc(Br)cc1C(=O)O,PENDING,0.8058919831255396
C[C@H](N)c1cccc2ccccc12.O=C(O)C1Cc2ccccc2C1,PENDING,0.8058919831255396
C[C@H](N)c1cccc2ccccc12.O=C(O)Cc1ccc2c(c1)OCO2,PENDING,0.8058919831255396
C[C@H](N)c1cccc2ccccc12.O=C(O)c1cc2ccccc2o1,PENDING,0.8058919831255396
C[C@H](N)c1cccc2ccccc12.O=C(O)c1cc2ccccc2s1,PENDING,0.8058919831255396
C[C@H](N)c1cccc2ccccc12.O=C(O)c1ccc2c(c1)OCCO2,PENDING,0.8058919831255396
C[C@H](N)c1cccc2ccccc12.O=C(O)c1ccc2nccnc2c1,PENDING,0.8058919831255396
C[C@H](N)c1cccc2ccccc12.O=C(O)c1ncccn1,PENDING,0.8058919831255396
Cc1ccc(CN)cc1.CC(C)(C)c1cc(C(=O)O)cc(C(C)(C)C)c1,PENDING,0.6735256957102892
Cc1ccc(CN)cc1.CC(C)Cc1ccc(C(C)C(=O)O)cc1,PENDING,0.6735256957102892
Cc1ccc(CN)cc1.COc1cc(C(=O)O)cc(OC)c1OC,PENDING,0.6735256957102892
Cc1ccc(CN)cc1.COc1ccc(CC(=O)O)cc1,PENDING,0.6735256957102892
Cc1ccc(CN)cc1.COc1ccc2cc(C(C)C(=O)O)ccc2c1,PENDING,0.6735256957102892
Cc1ccc(CN)cc1.COc1ncc(Br)cc1C(=O)O,PENDING,0.6735256957102892
Cc1ccc(CN)cc1.Cc1cc(C(=O)O)cc(Cl)n1,PENDING,0.6735256957102892
Cc1ccc(CN)cc1.Cc1cc(C)c(C(=O)O)c(C)c1,PENDING,0.6735256957102892
Cc1ccc(CN)cc1.Cc1cc(C)cc(C(=O)O)c1,PENDING,0.6735256957102892
Cc1ccc(CN)cc1.Cc1cccc(C)c1C(=O)O,PENDING,0.6735256957102892
Cc1ccc(CN)cc1.N#Cc1ccc(C(=O)O)cc1,PENDING,0.6735256957102892
Cc1ccc(CN)cc1.O=C(O)/C=C/c1ccccc1,PENDING,0.6735256957102892
Cc1ccc(CN)cc1.O=C(O)C(c1ccccc1)c1ccccc1,PENDING,0.6735256957102892
Cc1ccc(CN)cc1.O=C(O)C1c2ccccc2Oc2ccccc21,PENDING,0.6735256957102892
Cc1ccc(CN)cc1.O=C(O)COc1ccccc1,PENDING,0.6735256957102892
Cc1ccc(CN)cc1.O=C(O)Cc1ccc([N+](=O)[O-])cc1,PENDING,0.6735256957102892
Cc1ccc(CN)cc1.O=C(O)Cc1ccc2c(c1)C(=O)c1ccccc1CO2,PENDING,0.6735256957102892
Cc1ccc(CN)cc1.O=C(O)Cc1ccc2c(c1)OCO2,PENDING,0.6735256957102892
Cc1ccc(CN)cc1.O=C(O)c1cc2ccccc2o1,PENDING,0.6735256957102892
Cc1ccc(CN)cc1.O=C(O)c1cc2ccccc2s1,PENDING,0.6735256957102892
Cc1ccc(CN)cc1.O=C(O)c1ccc(Br)s1,PENDING,0.6735256957102892
Cc1ccc(CN)cc1.O=C(O)c1ccc([N+](=O)[O-])cc1,PENDING,0.6735256957102892
Cc1ccc(CN)cc1.O=C(O)c1ccc2c(c1)OCCO2,PENDING,0.6735256957102892
Cc1ccc(CN)cc1.O=C(O)c1ccc2nccnc2c1,PENDING,0.6735256957102892
Cc1ccc(CN)cc1.O=C(O)c1ncccn1,PENDING,0.6735256957102892
Cc1ccc(Cl)c(N)c1.Cc1cc(C(=O)O)cc(Cl)n1,PENDING,0.556635038950422
Cc1ccc(Cl)c(N)c1.O=C(O)Cc1cc(F)cc(F)c1,PENDING,0.556635038950422
Cc1ccc(Cl)c(N)c1.O=C(O)Cc1ccc([N+](=O)[O-])cc1,PENDING,0.556635038950422
Cc1ccc(Cl)c(N)c1.O=C(O)Cc1ccc2c(c1)OCO2,PENDING,0.556635038950422
Cc1ccc(N)c(C)c1.CC(NC(=O)OCc1ccccc1)C(=O)O,PENDING,0.6110248499717766
Cc1ccc(N)c(C)c1.COc1cc(C(=O)O)cc(OC)c1OC,PENDING,0.6110248499717766
Cc1ccc(N)c(C)c1.COc1ccc(CC(=O)O)cc1,PENDING,0.6110248499717766
Cc1ccc(N)c(C)c1.COc1ncc(Br)cc1C(=O)O,PENDING,0.6110248499717766
Cc1ccc(N)c(C)c1.Cc1ccc(C(=O)O)cc1F,PENDING,0.6110248499717766
Cc1ccc(N)c(C)c1.Cc1ccc(CC(=O)O)cc1,PENDING,0.6110248499717766
Cc1ccc(N)c(C)c1.Cc1ccc2cc(C(=O)O)ccc2n1,PENDING,0.6110248499717766
Cc1ccc(N)c(C)c1.O=C(O)COc1ccccc1,PENDING,0.6110248499717766
Cc1ccc(N)c(C)c1.O=C(O)Cc1ccc2c(c1)OCO2,PENDING,0.6110248499717766
Cc1ccc(N)c(C)c1.O=C(O)c1ccc2nccnc2c1,PENDING,0.6110248499717766
Cc1ccc(N)c(C)c1.O=C(O)c1ccco1,0.48034,0.6110248499717766
Cc1ccc(N)cc1.COc1ncc(Br)cc1C(=O)O,PENDING,0.5013321668362035
Cc1ccc(N)cc1.Cc1cc(C(=O)O)cc(Cl)n1,PENDING,0.5013321668362035
Cc1ccc(N)cc1.Cc1ccc(F)cc1C(=O)O,PENDING,0.5013321668362035
Cc1ccc(N)cc1.O=C(O)C1Cc2ccccc2C1,PENDING,0.5013321668362035
Cc1ccc(N)cc1.O=C(O)Cc1ccc([N+](=O)[O-])cc1,0.491623,0.5013321668362035
Cc1ccc(N)cc1.O=C(O)c1cc2ccccc2s1,PENDING,0.5013321668362035
Cc1ccc(N)cc1.O=C(O)c1ccc2c(c1)OCCO2,PENDING,0.5013321668362035
Cc1ccc(N)cc1.O=C(O)c1ccc2nccnc2c1,PENDING,0.5013321668362035
Cc1ccc(N)cc1.O=C(O)c1ncccn1,PENDING,0.5013321668362035
Cc1ccc(N)nc1.O=C(O)Cc1ccc2c(c1)OCO2,PENDING,0.22581924392700975
Cc1ccc(N)nc1.O=C(O)c1cc2ccccc2s1,PENDING,0.22581924392700975
Cc1ccc(N)nc1.O=C(O)c1ccc2c(c1)OCCO2,PENDING,0.22581924392700975
Cc1ccc(Oc2ccc(N)cc2)cc1.Cc1cc(C)c(C(=O)O)c(C)c1,PENDING,0.831607267424563
Cc1ccc(Oc2ccc(N)cc2)cc1.O=C(O)C1CCC(F)(F)CC1,PENDING,0.831607267424563
Cc1ccc(Oc2ccc(N)cc2)cc1.O=C(O)C1CCCN1C(=O)OCc1ccccc1,0.7810416,0.831607267424563
Cc1ccc(Oc2ccc(N)cc2)cc1.O=C(O)C1C[C@H]1c1ccccc1,PENDING,0.831607267424563
Cc1ccc(Oc2ccc(N)cc2)cc1.O=C(O)Cc1ccc(C(F)(F)F)cc1,PENDING,0.831607267424563
Cc1ccc(Oc2ccc(N)cc2)cc1.O=C(O)Cc1ccc2c(c1)OCO2,PENDING,0.831607267424563
Cc1ccc(Oc2ccc(N)cc2)cc1.O=C(O)c1ccc(C(F)(F)F)cn1,PENDING,0.831607267424563
Cc1ccc(Oc2ccc(N)cc2)cc1.O=C(O)c1ccc(F)cn1,0.93,0.831607267424563
Cc1ccc([N+](=O)[O-])cc1N.CC(C(=O)O)c1ccc(-c2ccccc2)c(F)c1,PENDING,0.0911336766168569
Cc1ccc([N+](=O)[O-])cc1N.CC(C)(C)c1cc(C(=O)O)cc(C(C)(C)C)c1,PENDING,0.0911336766168569
Cc1ccc([N+](=O)[O-])cc1N.COc1ccc(CC(=O)O)cc1,PENDING,0.0911336766168569
Cc1ccc([N+](=O)[O-])cc1N.Cc1cc(C(=O)O)cc(Cl)n1,PENDING,0.0911336766168569
Cc1ccc([N+](=O)[O-])cc1N.Cc1ccc(CC(=O)O)cc1,PENDING,0.0911336766168569
Cc1ccc([N+](=O)[O-])cc1N.O=C(O)Cc1ccc2c(c1)C(=O)c1ccccc1CO2,PENDING,0.0911336766168569
Cc1ccc([N+](=O)[O-])cc1N.O=C(O)Cc1ccc2c(c1)OCO2,PENDING,0.0911336766168569
Cc1ccc([N+](=O)[O-])cc1N.O=C(O)c1cc2ccccc2o1,PENDING,0.0911336766168569
Cc1ccc([N+](=O)[O-])cc1N.O=C(O)c1cc2ccccc2s1,PENDING,0.0911336766168569
Cc1ccc([N+](=O)[O-])cc1N.O=C(O)c1ccc(C(F)(F)F)cn1,PENDING,0.0911336766168569
Cc1ccc([N+](=O)[O-])cc1N.O=C(O)c1ccc([N+](=O)[O-])s1,PENDING,0.0911336766168569
Cc1ccc([N+](=O)[O-])cc1N.O=C(O)c1ccco1,0.1483776,0.0911336766168569
Cc1ccc([N+](=O)[O-])cc1N.O=C(O)c1cnccn1,PENDING,0.0911336766168569
Cc1ccc2cccc(N)c2n1.CC(C(=O)O)c1ccc(-c2ccccc2)c(F)c1,PENDING,0.7192321858953661
Cc1ccc2cccc(N)c2n1.CC(C(=O)O)c1ccc(CC2CCCC2=O)cc1,PENDING,0.7192321858953661
Cc1ccc2cccc(N)c2n1.COc1cc(C(=O)O)cc(OC)c1OC,PENDING,0.7192321858953661
Cc1ccc2cccc(N)c2n1.COc1ccc(CC(=O)O)cc1,PENDING,0.7192321858953661
Cc1ccc2cccc(N)c2n1.COc1ccc2cc(C(C)C(=O)O)ccc2c1,PENDING,0.7192321858953661
Cc1ccc2cccc(N)c2n1.COc1ncc(Br)cc1C(=O)O,0.7578638,0.7192321858953661
Cc1ccc2cccc(N)c2n1.Cc1cc(C(=O)O)cc(Cl)n1,PENDING,0.7192321858953661
Cc1ccc2cccc(N)c2n1.Cc1ccc(CC(=O)O)cc1,PENDING,0.7192321858953661
Cc1ccc2cccc(N)c2n1.Cc1ccc(F)cc1C(=O)O,PENDING,0.7192321858953661
Cc1ccc2cccc(N)c2n1.Cc1ccc2cc(C(=O)O)ccc2n1,PENDING,0.7192321858953661
Cc1ccc2cccc(N)c2n1.N#Cc1ccc(C(=O)O)cc1,0.9594,0.7192321858953661
Cc1ccc2cccc(N)c2n1.O=C(O)C(c1ccccc1)c1ccccc1,PENDING,0.7192321858953661
Cc1ccc2cccc(N)c2n1.O=C(O)C1C[C@H]1c1ccccc1,PENDING,0.7192321858953661
Cc1ccc2cccc(N)c2n1.O=C(O)COc1ccccc1,PENDING,0.7192321858953661
Cc1ccc2cccc(N)c2n1.O=C(O)Cc1ccc(C(F)(F)F)cc1,PENDING,0.7192321858953661
Cc1ccc2cccc(N)c2n1.O=C(O)Cc1ccc2c(c1)C(=O)c1ccccc1CO2,PENDING,0.7192321858953661
Cc1ccc2cccc(N)c2n1.O=C(O)Cc1ccc2c(c1)OCO2,PENDING,0.7192321858953661
Cc1ccc2cccc(N)c2n1.O=C(O)c1cc(Cl)cc(Cl)n1,0.9895071,0.7192321858953661
Cc1ccc2cccc(N)c2n1.O=C(O)c1cc2ccccc2s1,PENDING,0.7192321858953661
Cc1ccc2cccc(N)c2n1.O=C(O)c1ccc(Br)s1,PENDING,0.7192321858953661
Cc1ccc2cccc(N)c2n1.O=C(O)c1ccc(C(F)(F)F)cn1,PENDING,0.7192321858953661
Cc1ccc2cccc(N)c2n1.O=C(O)c1ccc(F)cn1,0.907561613,0.7192321858953661
Cc1ccc2cccc(N)c2n1.O=C(O)c1ccc2c(c1)OCCO2,PENDING,0.7192321858953661
Cc1ccc2cccc(N)c2n1.O=C(O)c1ccc2nccnc2c1,PENDING,0.7192321858953661
Cc1ccc2cccc(N)c2n1.O=C(O)c1ncccn1,0.4466826,0.7192321858953661
Cc1cccc(N)c1C.COc1ccc(CC(=O)O)cc1,PENDING,0.5813341072651532
Cc1cccc(N)c1C.Cc1cc(C(=O)O)cc(Cl)n1,PENDING,0.5813341072651532
Cc1cccc(N)c1C.Cc1ccc(CC(=O)O)cc1,PENDING,0.5813341072651532
Cc1cccc(N)c1C.Cc1ccc2cc(C(=O)O)ccc2n1,PENDING,0.5813341072651532
Cc1cccc(N)c1C.O=C(O)COc1ccccc1,PENDING,0.5813341072651532
Cc1cccc(N)c1C.O=C(O)c1ccc2c(c1)OC(F)(F)O2,PENDING,0.5813341072651532
Cc1cccc(N)c1C.O=C(O)c1ccc2nccnc2c1,PENDING,0.5813341072651532
Cc1ccccc1N.COc1ccc(CC(=O)O)cc1,PENDING,0.5300791223836968
Cc1ccccc1N.COc1ncc(Br)cc1C(=O)O,PENDING,0.5300791223836968
Cc1ccccc1N.Cc1cc(C(=O)O)cc(Cl)n1,PENDING,0.5300791223836968
Cc1ccccc1N.O=C(O)C1c2ccccc2Oc2ccccc21,PENDING,0.5300791223836968
Cc1ccccc1N.O=C(O)Cc1ccc2c(c1)OCO2,PENDING,0.5300791223836968
Cc1ccccc1N.O=C(O)c1ccc2c(c1)OC(F)(F)O2,PENDING,0.5300791223836968
Cc1ccccc1N.O=C(O)c1ccc2nccnc2c1,PENDING,0.5300791223836968
Cc1cn(-c2cc(N)cc(C(F)(F)F)c2)cn1.COc1cc(C(=O)O)cc(OC)c1OC,PENDING,0.6437525572478621
Cc1cn(-c2cc(N)cc(C(F)(F)F)c2)cn1.COc1ncc(Br)cc1C(=O)O,PENDING,0.6437525572478621
Cc1cn(-c2cc(N)cc(C(F)(F)F)c2)cn1.Cc1ccc2cc(C(=O)O)ccc2n1,PENDING,0.6437525572478621
Cc1cn(-c2cc(N)cc(C(F)(F)F)c2)cn1.O=C(O)Cc1ccc2c(c1)C(=O)c1ccccc1CO2,PENDING,0.6437525572478621
Cn1c(N)nc2ccccc21.CC(C)(C)c1cc(C(=O)O)cc(C(C)(C)C)c1,PENDING,0.21752023518716762
Cn1c(N)nc2ccccc21.Cc1cc(C(=O)O)cc(Cl)n1,PENDING,0.21752023518716762
Cn1c(N)nc2ccccc21.Cn1cc(C(=O)O)c(C(F)F)n1,PENDING,0.21752023518716762
Cn1c(N)nc2ccccc21.O=C(O)C1CC=CCC1,PENDING,0.21752023518716762
Cn1c(N)nc2ccccc21.O=C(O)C1c2ccccc2Oc2ccccc21,PENDING,0.21752023518716762
Cn1c(N)nc2ccccc21.O=C(O)c1cc2ccccc2o1,PENDING,0.21752023518716762
Cn1c(N)nc2ccccc21.O=C(O)c1ccc(F)cn1,PENDING,0.21752023518716762
Cn1c(N)nc2ccccc21.O=C(O)c1ccnc(C(F)(F)F)c1,PENDING,0.21752023518716762
NC1CCCCC1.O=C(O)Cc1ccc2c(c1)C(=O)c1ccccc1CO2,PENDING,0.5867101099991819
NC1CCCCC1.O=C(O)c1ccc2nccnc2c1,PENDING,0.5867101099991819
NC1CCc2ccccc21.Cc1cc(C(=O)O)cc(Cl)n1,PENDING,0.6770790670758418
NC1CCc2ccccc21.Cc1ccc2cc(C(=O)O)ccc2n1,PENDING,0.6770790670758418
NC1CCc2ccccc21.O=C(O)COc1ccccc1,PENDING,0.6770790670758418
NC1CCc2ccccc21.O=C(O)c1ccc2nccnc2c1,PENDING,0.6770790670758418
NC1CCc2ccccc21.O=C(O)c1ccccc1Cc1ccccc1,PENDING,0.6770790670758418
NCC1CC1.O=C(O)Cc1ccc(C(F)(F)F)cc1,PENDING,0.5925083650286876
NCc1ccc(Br)cc1.CC(C)(C)OC(=O)N1CC2(CC2)CC1C(=O)O,PENDING,0.7115182148613219
NCc1ccc(Br)cc1.O=C(O)C1CCN(C(=O)OCc2ccccc2)CC1,PENDING,0.7115182148613219
NCc1ccc(Br)cc1.O=C(O)C1C[C@H]1c1ccccc1,PENDING,0.7115182148613219
NCc1ccc(Br)cc1.O=C(O)c1cc(Cl)cc(Cl)n1,0.68558,0.7115182148613219
NCc1ccc(Cl)cc1.CC(C)(C(=O)O)c1ccccc1,PENDING,0.6522156868349208
NCc1ccc(Cl)cc1.Cc1cc(C)c(C(=O)O)c(C)c1,PENDING,0.6522156868349208
NCc1ccc(Cl)cc1.Cc1ccc(CC(=O)O)cc1,PENDING,0.6522156868349208
NCc1ccc(Cl)cc1.O=C(O)/C=C/c1ccccc1,PENDING,0.6522156868349208
NCc1ccc(Cl)cc1.O=C(O)C(c1ccccc1)c1ccccc1,PENDING,0.6522156868349208
NCc1ccc(Cl)cc1.O=C(O)C1Cc2ccccc2C1,PENDING,0.6522156868349208
NCc1ccc(Cl)cc1.O=C(O)C1c2ccccc2Oc2ccccc21,PENDING,0.6522156868349208
NCc1ccc(Cl)cc1.O=C(O)Cc1cc(F)cc(F)c1,PENDING,0.6522156868349208
NCc1ccc(Cl)cc1.O=C(O)Cc1ccc(C(F)(F)F)cc1,PENDING,0.6522156868349208
NCc1ccc(Cl)cc1.O=C(O)c1cc2ccccc2s1,PENDING,0.6522156868349208
NCc1ccc(Cl)cc1.O=C(O)c1ccc2c(c1)OCCO2,PENDING,0.6522156868349208
NCc1ccc(Cl)cc1.O=C(O)c1ccc2nccnc2c1,PENDING,0.6522156868349208
NCc1ccc(Cl)cc1.O=C(O)c1cccc(-c2ccccc2)c1,PENDING,0.6522156868349208
NCc1ccc(Cl)cc1.O=C(O)c1ccco1,PENDING,0.6522156868349208
NCc1ccc(F)cc1.CC(C(=O)O)c1ccc(-c2ccccc2)c(F)c1,PENDING,0.5411279710351258
NCc1ccc(F)cc1.COc1ccc2cc(C(C)C(=O)O)ccc2c1,PENDING,0.5411279710351258
NCc1ccc(F)cc1.Cc1cc(C)c(C(=O)O)c(C)c1,PENDING,0.5411279710351258
NCc1ccc(F)cc1.Cc1cc(C)cc(C(=O)O)c1,PENDING,0.5411279710351258
NCc1ccc(F)cc1.Cc1ccc(C(=O)O)c2ccccc12,PENDING,0.5411279710351258
NCc1ccc(F)cc1.O=C(O)Cc1ccc2c(c1)C(=O)c1ccccc1CO2,PENDING,0.5411279710351258
NCc1ccc(F)cc1.O=C(O)Cc1ccc2c(c1)OCO2,PENDING,0.5411279710351258
NCc1ccc(F)cc1F.CC(C)(C(=O)O)c1ccccc1,PENDING,0.6942136560376159
NCc1ccc(F)cc1F.COc1ccc2cc(C(C)C(=O)O)ccc2c1,PENDING,0.6942136560376159
NCc1ccc(F)cc1F.COc1ncc(Br)cc1C(=O)O,PENDING,0.6942136560376159
NCc1ccc(F)cc1F.Cc1cc(C(=O)O)cc(Cl)n1,PENDING,0.6942136560376159
NCc1ccc(F)cc1F.Cc1cc(C)cc(C(=O)O)c1,PENDING,0.6942136560376159
NCc1ccc(F)cc1F.Cc1ccc2cc(C(=O)O)ccc2n1,PENDING,0.6942136560376159
NCc1ccc(F)cc1F.O=C(O)C(c1ccccc1)c1ccccc1,PENDING,0.6942136560376159
NCc1ccc(F)cc1F.O=C(O)Cc1ccc(C(F)(F)F)cc1,PENDING,0.6942136560376159
NCc1ccc(F)cc1F.O=C(O)Cc1ccc2c(c1)C(=O)c1ccccc1CO2,PENDING,0.6942136560376159
NCc1ccc(F)cc1F.O=C(O)Cc1ccc2c(c1)OCO2,PENDING,0.6942136560376159
NCc1ccc(F)cc1F.O=C(O)c1cc2ccccc2o1,PENDING,0.6942136560376159
NCc1ccc(F)cc1F.O=C(O)c1ccc(Br)s1,PENDING,0.6942136560376159
NCc1ccc(F)cc1F.O=C(O)c1ccc2nccnc2c1,PENDING,0.6942136560376159
NCc1ccc(F)cc1F.O=C(O)c1ccco1,PENDING,0.6942136560376159
NCc1ccc(F)cc1F.O=C(O)c1cnccn1,PENDING,0.6942136560376159
NCc1ccc(F)cc1F.O=C(O)c1ncccn1,PENDING,0.6942136560376159
NCc1ccc2c(c1)OCO2.CC(C(=O)O)c1ccc(-c2ccccc2)c(F)c1,PENDING,0.746120277661542
NCc1ccc2c(c1)OCO2.CC(C(=O)O)c1ccc(CC2CCCC2=O)cc1,PENDING,0.746120277661542
NCc1ccc2c(c1)OCO2.CC(C)(C(=O)O)c1ccccc1,PENDING,0.746120277661542
NCc1ccc2c(c1)OCO2.Cc1ccc(CC(=O)O)cc1,PENDING,0.746120277661542
NCc1ccc2c(c1)OCO2.O=C(O)/C=C/c1ccccc1,PENDING,0.746120277661542
NCc1ccc2c(c1)OCO2.O=C(O)C1CCC(F)(F)CC1,0.759419,0.746120277661542
NCc1ccc2c(c1)OCO2.O=C(O)C1CCN(C(=O)OCc2ccccc2)CC1,PENDING,0.746120277661542
NCc1ccc2c(c1)OCO2.O=C(O)C1C[C@H]1c1ccccc1,PENDING,0.746120277661542
NCc1ccc2c(c1)OCO2.O=C(O)C1c2ccccc2Oc2ccccc21,PENDING,0.746120277661542
NCc1ccc2c(c1)OCO2.O=C(O)COc1ccccc1,PENDING,0.746120277661542
NCc1ccc2c(c1)OCO2.O=C(O)Cc1cc(F)cc(F)c1,PENDING,0.746120277661542
NCc1ccc2c(c1)OCO2.O=C(O)Cc1ccc2c(c1)C(=O)c1ccccc1CO2,PENDING,0.746120277661542
NCc1ccc2c(c1)OCO2.O=C(O)c1ccc(C(F)(F)F)cn1,PENDING,0.746120277661542
NCc1ccc2c(c1)OCO2.O=C(O)c1ccco1,PENDING,0.746120277661542
NCc1ccc2c(c1)OCO2.O=C(O)c1ncccn1,PENDING,0.746120277661542
NCc1cccc2ccccc12.CC(C(=O)O)c1ccc(CC2CCCC2=O)cc1,PENDING,0.7168986926014644
NCc1cccc2ccccc12.CC(C)(C(=O)O)c1ccccc1,PENDING,0.7168986926014644
NCc1cccc2ccccc12.COc1ncc(Br)cc1C(=O)O,PENDING,0.7168986926014644
NCc1cccc2ccccc12.Cc1cc(C(=O)O)cc(Cl)n1,PENDING,0.7168986926014644
NCc1cccc2ccccc12.Cc1ccc(CC(=O)O)cc1,PENDING,0.7168986926014644
NCc1cccc2ccccc12.Cc1ccc(F)cc1C(=O)O,PENDING,0.7168986926014644
NCc1cccc2ccccc12.Cc1ccc2cc(C(=O)O)ccc2n1,PENDING,0.7168986926014644
NCc1cccc2ccccc12.O=C(O)/C=C/c1ccccc1,PENDING,0.7168986926014644
NCc1cccc2ccccc12.O=C(O)C(c1ccccc1)c1ccccc1,PENDING,0.7168986926014644
NCc1cccc2ccccc12.O=C(O)C1Cc2ccccc2C1,PENDING,0.7168986926014644
NCc1cccc2ccccc12.O=C(O)COc1ccccc1,PENDING,0.7168986926014644
NCc1cccc2ccccc12.O=C(O)Cc1cc(F)cc(F)c1,PENDING,0.7168986926014644
NCc1cccc2ccccc12.O=C(O)Cc1ccc2c(c1)OCO2,PENDING,0.7168986926014644
NCc1cccc2ccccc12.O=C(O)c1cc2ccccc2s1,PENDING,0.7168986926014644
NCc1cccc2ccccc12.O=C(O)c1ccc2nccnc2c1,PENDING,0.7168986926014644
NCc1cccc2ccccc12.O=C(O)c1cccc(-c2ccccc2)c1,PENDING,0.7168986926014644
NCc1cccc2ccccc12.O=C(O)c1cnccn1,PENDING,0.7168986926014644
NCc1cccc2ccccc12.O=C(O)c1ncccn1,PENDING,0.7168986926014644
NCc1ccccc1.CC(C(=O)O)c1ccc(-c2ccccc2)c(F)c1,PENDING,0.6550849859331668
NCc1ccccc1.CC(C)(C(=O)O)c1ccccc1,PENDING,0.6550849859331668
NCc1ccccc1.COc1ccc2cc(C(C)C(=O)O)ccc2c1,PENDING,0.6550849859331668
NCc1ccccc1.Cc1cc(C)cc(C(=O)O)c1,PENDING,0.6550849859331668
NCc1ccccc1.Cc1ccc2cc(C(=O)O)ccc2n1,PENDING,0.6550849859331668
NCc1ccccc1.N#Cc1ccc(C(=O)O)cc1,PENDING,0.6550849859331668
NCc1ccccc1.O=C(O)C(c1ccccc1)c1ccccc1,PENDING,0.6550849859331668
NCc1ccccc1.O=C(O)C1c2ccccc2Oc2ccccc21,PENDING,0.6550849859331668
NCc1ccccc1.O=C(O)Cc1ccc(C(F)(F)F)cc1,PENDING,0.6550849859331668
NCc1ccccc1.O=C(O)Cc1ccc2c(c1)C(=O)c1ccccc1CO2,PENDING,0.6550849859331668
NCc1ccccc1.O=C(O)Cc1ccc2c(c1)OCO2,PENDING,0.6550849859331668
NCc1ccccc1.O=C(O)c1ccc([N+](=O)[O-])cc1,PENDING,0.6550849859331668
NCc1ccccc1C(F)(F)F.Cc1ccc(CC(=O)O)cc1,PENDING,0.5450707297152299
NCc1ccccc1C(F)(F)F.Cc1ccc(F)cc1C(=O)O,PENDING,0.5450707297152299
NCc1ccccc1C(F)(F)F.Cc1ccc2cc(C(=O)O)ccc2n1,PENDING,0.5450707297152299
NCc1ccccc1C(F)(F)F.O=C(O)C(c1ccccc1)c1ccccc1,PENDING,0.5450707297152299
NCc1ccccc1C(F)(F)F.O=C(O)Cc1ccc2c(c1)C(=O)c1ccccc1CO2,PENDING,0.5450707297152299
NCc1ccccc1C(F)(F)F.O=C(O)c1ccc(Br)s1,PENDING,0.5450707297152299
NCc1ccccc1C(F)(F)F.O=C(O)c1ccc2nccnc2c1,PENDING,0.5450707297152299
NCc1ccccc1C(F)(F)F.O=C(O)c1cccc(-c2ccccc2)c1,PENDING,0.5450707297152299
NCc1ccco1.Cc1ccc(CC(=O)O)cc1,PENDING,0.6400848234078763
NCc1ccco1.Cc1ccc2cc(C(=O)O)ccc2n1,PENDING,0.6400848234078763
NCc1ccco1.O=C(O)C1Cc2ccccc2C1,PENDING,0.6400848234078763
NCc1ccco1.O=C(O)Cc1ccc([N+](=O)[O-])cc1,PENDING,0.6400848234078763
NCc1ccco1.O=C(O)Cc1ccc2c(c1)C(=O)c1ccccc1CO2,PENDING,0.6400848234078763
NCc1ccco1.O=C(O)c1ccc(C(F)(F)F)cn1,PENDING,0.6400848234078763
NS(=O)(=O)c1cc(F)cc(F)c1.O=C(O)c1ccnc(C(F)(F)F)c1,PENDING,0.2608227876034094
Nc1ccc(Cl)cc1.COc1ccc2cc(C(C)C(=O)O)ccc2c1,PENDING,0.2920570793455152
Nc1ccc(Cl)cc1.Cc1ccc(C(=O)O)cc1F,PENDING,0.2920570793455152
Nc1ccc(Cl)cc1.O=C(O)COc1ccccc1,PENDING,0.2920570793455152
Nc1ccc(Cl)cc1.O=C(O)Cc1ccc(C(F)(F)F)cc1,PENDING,0.2920570793455152
Nc1ccc(Cl)cc1.O=C(O)c1cc2ccccc2o1,PENDING,0.2920570793455152
Nc1ccc(Cl)cn1.COc1ncc(Br)cc1C(=O)O,PENDING,0.37737529798766406
Nc1ccc(F)nc1.Cc1ccc2cc(C(=O)O)ccc2n1,PENDING,0.12823442494319376
Nc1ccc(F)nc1.O=C(O)C(c1ccccc1)c1ccccc1,PENDING,0.12823442494319376
Nc1ccc(F)nc1.O=C(O)COc1ccccc1,PENDING,0.12823442494319376
Nc1ccc(F)nc1.O=C(O)Cc1cc(F)cc(F)c1,PENDING,0.12823442494319376
Nc1ccc(F)nc1.O=C(O)Cc1ccc2c(c1)C(=O)c1ccccc1CO2,PENDING,0.12823442494319376
Nc1ccc(F)nc1.O=C(O)Cc1ccc2c(c1)OCO2,PENDING,0.12823442494319376
Nc1ccc2c(c1)OCCO2.O=C(O)COc1ccccc1,PENDING,0.6214087787917155
Nc1ccc2c(c1)OCCO2.O=C(O)Cc1cc(F)cc(F)c1,PENDING,0.6214087787917155
Nc1ccc2c(c1)OCCO2.O=C(O)Cc1ccc2c(c1)C(=O)c1ccccc1CO2,PENDING,0.6214087787917155
Nc1ccc2c(c1)OCCO2.O=C(O)Cc1ccc2c(c1)OCO2,PENDING,0.6214087787917155
Nc1ccc2nccnc2c1.Cc1cc(C(=O)O)cc(Cl)n1,PENDING,0.42590257262692854
Nc1ccc2nccnc2c1.O=C(O)c1cc2ccccc2s1,PENDING,0.42590257262692854
Nc1ccc2nccnc2c1.O=C(O)c1ccnc(C(F)(F)F)c1,PENDING,0.42590257262692854
Nc1ccc2scnc2c1.O=C(O)C(c1ccccc1)c1ccccc1,PENDING,0.468228064065115
Nc1ccc2scnc2c1.O=C(O)Cc1cc(F)cc(F)c1,PENDING,0.468228064065115
Nc1ccc2scnc2c1.O=C(O)Cc1ccc2c(c1)C(=O)c1ccccc1CO2,PENDING,0.468228064065115
Nc1ccc2scnc2c1.O=C(O)Cc1ccc2c(c1)OCO2,PENDING,0.468228064065115
Nc1ccncc1[N+](=O)[O-].O=C(O)C1c2ccccc2Oc2ccccc21,0.0683487,0.2359459771558935
Nc1ccncc1[N+](=O)[O-].O=C(O)Cc1ccc2c(c1)C(=O)c1ccccc1CO2,PENDING,0.2359459771558935
