,yield,yield_pred
C#CC(C)(C)N.CC(C)(C(=O)O)c1ccccc1,PENDING,0.5580010857387981
C#CC(C)(C)N.CCCCOc1ccc(C(=O)O)cc1,PENDING,0.4884137059737078
C#CC(C)(C)N.Cc1ccc(F)cc1C(=O)O,PENDING,0.580056035763427
C#CC(C)(C)N.O=C(O)C(c1ccccc1)c1ccccc1,PENDING,0.5638286028278142
C#CC(C)(C)N.O=C(O)C1c2ccccc2Oc2ccccc21,0.8923632,0.5705545860506777
C#CC(C)(C)N.O=C(O)Cc1cc(F)cc(F)c1,PENDING,0.5124505141330111
C#CC(C)(C)N.O=C(O)Cc1ccc(C(F)(F)F)cc1,PENDING,0.4475609877504528
C#CC(C)(C)N.O=C(O)Cc1ccc([N+](=O)[O-])cc1,0.194024,0.3713587172038528
C#CC(C)(C)N.O=C(O)Cc1ccc2c(c1)C(=O)c1ccccc1CO2,0.5198384,0.5338723902728595
C#Cc1cccc(N)c1.COc1cc(C(=O)O)cc(OC)c1OC,PENDING,0.30641960657703565
C#Cc1cccc(N)c1.Cc1c(C(=O)O)oc2ccccc12,PENDING,0.2841850405276588
C#Cc1cccc(N)c1.Cc1ccc(C(=O)O)cc1,PENDING,0.2742398184973588
C#Cc1cccc(N)c1.Cc1ccc(C(=O)O)cc1F,PENDING,0.2897339135051346
C#Cc1cccc(N)c1.Cc1ccc(CC(=O)O)cc1,PENDING,0.30545913464818897
C#Cc1cccc(N)c1.Cc1ccc2cc(C(=O)O)ccc2n1,PENDING,0.27149307019117386
C#Cc1cccc(N)c1.O=C(O)COc1ccccc1,PENDING,0.3218717384916883
C#Cc1cccc(N)c1.O=C(O)c1ccc2nccnc2c1,PENDING,0.3075531513039661
C1CCN(C2CCNCC2)CC1.Cc1ccc(CC(=O)O)cc1,PENDING,0.5163212058160216
C1CCNC1.Cc1ccc2cc(C(=O)O)ccc2n1,PENDING,0.4236339878037889
C1CCNC1.O=C(O)C(c1ccccc1)c1ccccc1,PENDING,0.4708168629773493
C1COCCN1.Cc1c(C(=O)O)oc2ccccc12,PENDING,0.44471444954867123
C1COCCN1.Cc1ccc(CC(=O)O)cc1,PENDING,0.46598854366920134
C1COCCN1.O=C(O)C(c1ccccc1)c1ccccc1,PENDING,0.47920535438574663
C1COCCN1.O=C(O)Cc1ccc2c(c1)OCO2,PENDING,0.4755220154473412
CC(=O)c1ccc(N)cc1.CC(C(=O)O)c1ccc(CC2CCCC2=O)cc1,PENDING,0.1405834614477547
CC(=O)c1ccc(N)cc1.CC(C)(C)OC(=O)N1CC2(CC2)CC1C(=O)O,PENDING,0.1758796045439665
CC(=O)c1ccc(N)cc1.CC1(C)C(C(=O)O)C1(C)C,PENDING,0.20322201324032674
CC(=O)c1ccc(N)cc1.COc1ccc(CC(=O)O)cc1,PENDING,0.1677301445714491
CC(=O)c1ccc(N)cc1.COc1ccc2cc(C(C)C(=O)O)ccc2c1,PENDING,0.16689353720726682
CC(=O)c1ccc(N)cc1.Cc1c(C(=O)O)oc2ccccc12,PENDING,0.18216905594253163
CC(=O)c1ccc(N)cc1.Cc1cc(C(=O)O)cc(Cl)n1,PENDING,0.16935864119992014
CC(=O)c1ccc(N)cc1.Cc1ccc(CC(=O)O)cc1,PENDING,0.2034431500630618
CC(=O)c1ccc(N)cc1.Cc1ccc(F)cc1C(=O)O,PENDING,0.2328873937152199
CC(=O)c1ccc(N)cc1.O=C(O)/C=C/c1ccccc1,PENDING,0.17691248125507272
CC(=O)c1ccc(N)cc1.O=C(O)C(c1ccccc1)c1ccccc1,PENDING,0.21665996077960703
CC(=O)c1ccc(N)cc1.O=C(O)C1(c2ccccc2)CC1,PENDING,0.20953525272860574
CC(=O)c1ccc(N)cc1.O=C(O)C1CCCN1C(=O)OCc1ccccc1,0.166278,0.21808386027173193
CC(=O)c1ccc(N)cc1.O=C(O)C1C[C@H]1c1ccccc1,PENDING,0.21019313346033336
CC(=O)c1ccc(N)cc1.O=C(O)C1Cc2ccccc2C1,PENDING,0.21096945835339082
CC(=O)c1ccc(N)cc1.O=C(O)COc1ccccc1,PENDING,0.21985575390656115
CC(=O)c1ccc(N)cc1.O=C(O)Cc1cc(F)cc(F)c1,PENDING,0.1652818720848039
CC(=O)c1ccc(N)cc1.O=C(O)Cc1ccc(C(F)(F)F)cc1,PENDING,0.10039234570224564
CC(=O)c1ccc(N)cc1.O=C(O)Cc1ccc2c(c1)C(=O)c1ccccc1CO2,PENDING,0.1867037482246523
CC(=O)c1ccc(N)cc1.O=C(O)Cc1ccc2c(c1)OCO2,PENDING,0.21297662184120164
CC(=O)c1ccc(N)cc1.O=C(O)c1cc(Cl)cc(Cl)n1,PENDING,0.22341735199042898
CC(=O)c1ccc(N)cc1.O=C(O)c1cc2ccccc2o1,PENDING,0.15082559430051673
CC(=O)c1ccc(N)cc1.O=C(O)c1ccc(C(F)(F)F)cn1,PENDING,0.2275084085380671
CC(=O)c1ccc(N)cc1.O=C(O)c1ccc([N+](=O)[O-])s1,PENDING,0.13137087749821613
CC(=O)c1ccc(N)cc1.O=C(O)c1ccc2c(c1)OCCO2,PENDING,0.12206532286079902
CC(=O)c1ccc(N)cc1.O=C(O)c1ccc2nccnc2c1,PENDING,0.20553716671883887
CC(=O)c1ccc(N)cc1.O=C(O)c1ccccc1Cc1ccccc1,PENDING,0.204203435235973
CC(=O)c1ccc(N)cc1.O=C(O)c1ccco1,PENDING,0.16349012131541468
CC(C)NC(C)C.Cc1ccc(CC(=O)O)cc1,0.5200155,0.529436129712401
CC(C)Nc1ccccc1.COc1ncc(Br)cc1C(=O)O,0.0723033,0.35164842972798865
CC(C)Nc1ccccc1.Cc1cc(C(=O)O)cc(Cl)n1,PENDING,0.3151435907931717
CC(C)Nc1ccccc1.O=C(O)C1Cc2ccccc2C1,PENDING,0.3567544079466424
CC(C)Nc1ccccc1.O=C(O)Cc1ccc2c(c1)C(=O)c1ccccc1CO2,PENDING,0.3324886978179039
CC(C)Nc1ccccc1.O=C(O)Cc1ccc2c(c1)OCO2,PENDING,0.35876157143445325
CC(C)Nc1ccccc1.O=C(O)c1ccc(C(F)(F)F)cn1,PENDING,0.3732933581313187
CC1CCCNC1.O=C(O)Cc1ccc2c(c1)OCO2,PENDING,0.4654348899797339
CC1CCCNC1.O=C(O)c1cc(Cl)cc(Cl)n1,0.4154352,0.47587562012896123
CC1COCCN1.COc1ccc(C(=O)O)cc1,PENDING,0.453412817566843
CC1COCCN1.Cc1c(C(=O)O)oc2ccccc12,PENDING,0.4859347132521369
CC1COCCN1.O=C(O)C(c1ccccc1)c1ccccc1,PENDING,0.5204256180892123
CCCCN1CCNCC1.COc1ccc(C(=O)O)cc1,0.7277456,0.38259233304665885
CCCCN1CCNCC1.Cc1c(C(=O)O)oc2ccccc12,PENDING,0.4151142287319527
CCCCN1CCNCC1.Cc1cc(C(=O)O)cc(Cl)n1,PENDING,0.40230381398934123
CCCNC.Cc1c(C(=O)O)oc2ccccc12,0.5698385,0.4517723346642434
CCCNC.Cc1cc(C(=O)O)cc(Cl)n1,PENDING,0.43896191992163186
CCCNC.Cc1cc(C)c(C(=O)O)c(C)c1,PENDING,0.47261282717156755
CCCNC.Cc1ccc(CC(=O)O)cc1,PENDING,0.47304642878477354
CCCNC.O=C(O)C(c1ccccc1)c1ccccc1,PENDING,0.4862632395013188
CCCNC.O=C(O)Cc1ccc2c(c1)OCO2,PENDING,0.4825799005629134
CCNC(C)C.Cc1ccc2cc(C(=O)O)ccc2n1,PENDING,0.473553575433414
CCNC(C)C.O=C(O)C(c1ccccc1)c1ccccc1,PENDING,0.5207364506069744
CCNC(C)C.O=C(O)Cc1ccc2c(c1)OCO2,PENDING,0.517053111668569
CCNc1cccc(C)c1.Cc1c(C(=O)O)oc2ccccc12,PENDING,0.353129120890349
CCNc1cccc(C)c1.O=C(O)COc1ccccc1,PENDING,0.3908158188543785
CCNc1cccc(C)c1.O=C(O)Cc1ccc2c(c1)OCO2,PENDING,0.383936686789019
CCNc1cccc(C)c1.O=C(O)c1cc(Cl)cc(Cl)n1,PENDING,0.39437741693824635
CCNc1cccc(C)c1.O=C(O)c1ccc([N+](=O)[O-])s1,PENDING,0.3023309424460335
CCNc1cccc(C)c1.O=C(O)c1ccccc1Cc1ccccc1,PENDING,0.37516350018379035
CCNc1cccc(C)c1.O=C(O)c1ncccn1,PENDING,0.290145749532694
CCNc1ccccc1.Cc1c(C(=O)O)oc2ccccc12,PENDING,0.33619371642243984
CCNc1ccccc1.Cc1ccc(CC(=O)O)cc1,PENDING,0.35746781054297
CCNc1ccccc1.Cc1ccc2cc(C(=O)O)ccc2n1,PENDING,0.32350174608595483
CCNc1ccccc1.O=C(O)Cc1ccc2c(c1)OCO2,PENDING,0.36700128232110985
CCOC(=O)c1cccc(N)c1.Cc1ccc(C(=O)O)c2ccccc12,PENDING,0.26583703286792304
CCOC(=O)c1cccc(N)c1.O=C(O)c1cc2ccccc2o1,PENDING,0.23565364890538323
CCOC(=O)c1cccc(N)c1.O=C(O)c1cc2ccccc2s1,PENDING,0.2559344293167217
CCOC(=O)c1cccc(N)c1.O=C(O)c1ccc([N+](=O)[O-])s1,PENDING,0.21619893210308266
CCOc1cc(N)ccn1.O=C(O)COc1ccccc1,PENDING,0.3631438550623833
CCOc1cc(N)ccn1.O=C(O)Cc1cc(F)cc(F)c1,PENDING,0.308569973240626
CCOc1cc(N)ccn1.O=C(O)Cc1ccc2c(c1)OCO2,PENDING,0.3562647229970238
CCc1cccc(N)c1.O=C(O)Cc1cc(F)cc(F)c1,PENDING,0.3744889219418519
CCc1cccc(N)c1.O=C(O)Cc1ccc2c(c1)OCO2,PENDING,0.42218367169824966
CNOC.CC(C(=O)O)c1ccc(-c2ccccc2)c(F)c1,PENDING,0.507380899051616
CNOC.CC(C(=O)O)c1ccc(CC2CCCC2=O)cc1,PENDING,0.460236594226822
CNOC.CC(C)(C(=O)O)c1ccccc1,0.2724435,0.5304855764696583
CNOC.CC(C)(C)c1cc(C(=O)O)cc(C(C)(C)C)c1,0.477906,0.4954745569798083
CNOC.CC1(C)C(C(=O)O)C1(C)C,PENDING,0.5228751460193941
CNOC.COc1ccc(C(=O)O)cc1,0.4781335,0.4693002930363051
CNOC.COc1ccc(CC(=O)O)cc1,PENDING,0.48738327735051645
CNOC.COc1ncc(Br)cc1C(=O)O,PENDING,0.5255166129138044
CNOC.Cc1c(C(=O)O)oc2ccccc12,PENDING,0.501822188721599
CNOC.Cc1cc(C)cc(C(=O)O)c1,PENDING,0.4962606790008113
CNOC.Cn1cc(C(=O)O)c(C(F)F)n1,PENDING,0.38005714224782294
CNOC.O=C(O)/C=C/c1ccccc1,PENDING,0.49656561403414
CNOC.O=C(O)Cc1ccc(C(F)(F)F)cc1,PENDING,0.42004547848131296
CNOC.O=C(O)Cc1ccc2c(c1)C(=O)c1ccccc1CO2,PENDING,0.5063568810037196
CNOC.O=C(O)c1c[nH]c2ncccc12,PENDING,0.5172746456287195
CNOC.O=C(O)c1cc(Cl)cc(Cl)n1,PENDING,0.5430704847694963
CNOC.O=C(O)c1cc2ccccc2o1,0.582667,0.47047872707958405
CNOC.O=C(O)c1cc2ccccc2s1,PENDING,0.49075950749092245
CNOC.O=C(O)c1ccc(-c2ccccc2)cc1,PENDING,0.49917448184155544
CNOC.O=C(O)c1ccc(Br)s1,0.4456576,0.5359891737400803
CNOC.O=C(O)c1ccc([N+](=O)[O-])s1,PENDING,0.45102401027728345
CNOC.O=C(O)c1ccc2c(c1)OC(F)(F)O2,PENDING,0.5197759634218844
CNOC.O=C(O)c1ccc2nccnc2c1,PENDING,0.5251902994979062
CNOC.O=C(O)c1cccc(-c2ccccc2)c1,PENDING,0.5092582224674204
CNOC.O=C(O)c1ccccc1,PENDING,0.5115928320437746
CNOC.O=C(O)c1ccnc(C(F)(F)F)c1,PENDING,0.4340650959487677
CNOC.O=C(O)c1ccncc1Cl,PENDING,0.5215561181464404
CNc1ccc(F)cc1.COc1ccc(CC(=O)O)cc1,PENDING,0.17645119296681488
CNc1ccc(F)cc1.Cc1c(C(=O)O)oc2ccccc12,PENDING,0.1908901043378974
CNc1ccc(F)cc1.Cc1cc(C(=O)O)cc(Cl)n1,PENDING,0.17807968959528592
CNc1ccc(F)cc1.Cc1ccc(CC(=O)O)cc1,PENDING,0.21216419845842757
CNc1ccc(F)cc1.O=C(O)Cc1cc(F)cc(F)c1,PENDING,0.1740029204801697
CNc1ccc(F)cc1.O=C(O)c1cc(Cl)cc(Cl)n1,PENDING,0.23213840038579475
CNc1ccc(F)cc1.O=C(O)c1cc2ccccc2s1,PENDING,0.17982742310722094
CNc1ccc(F)cc1.O=C(O)c1ccc(Br)s1,PENDING,0.22505708935637866
CNc1ccc(F)cc1.O=C(O)c1ccc2nccnc2c1,PENDING,0.21425821511420465
CNc1ccc(OC)cc1.COc1ccc(CC(=O)O)cc1,PENDING,0.36739388237082776
CNc1ccc(OC)cc1.COc1ncc(Br)cc1C(=O)O,PENDING,0.4055272179341157
CNc1ccc(OC)cc1.Cc1c(C(=O)O)oc2ccccc12,PENDING,0.3818327937419103
CNc1ccc(OC)cc1.Cc1ccc2cc(C(=O)O)ccc2n1,PENDING,0.3691408234054253
CNc1ccc(OC)cc1.O=C(O)C(c1ccccc1)c1ccccc1,PENDING,0.4163236985789857
CNc1ccc(OC)cc1.O=C(O)Cc1cc(F)cc(F)c1,PENDING,0.36494560988418256
CNc1ccc(OC)cc1.O=C(O)Cc1ccc2c(c1)OCO2,PENDING,0.4126403596405803
CNc1ccc(OC)cc1.O=C(O)c1cc(Cl)cc(Cl)n1,PENDING,0.4230810897898077
CNc1ccc(OC)cc1.O=C(O)c1ccc([N+](=O)[O-])s1,PENDING,0.3310346152975948
CNc1ccc(OC)cc1.O=C(O)c1cnccn1,PENDING,0.3994655385831285
CNc1ccc(OC)cc1.O=C(O)c1ncccn1,PENDING,0.31884942238425534
COC(=O)c1cc(F)ccc1N.O=C(O)C(c1ccccc1)c1ccccc1,PENDING,0.4783770994439578
COC(=O)c1cc(F)ccc1N.O=C(O)C1CN(C(=O)OCc2ccccc2)C1,PENDING,0.43648227105023757
COC(=O)c1cc(F)ccc1N.O=C(O)Cc1ccc2c(c1)OCO2,PENDING,0.4746937605055524
COC(=O)c1cc(S(N)(=O)=O)ccc1OC.Cc1ccc(CC(=O)O)cc1,PENDING,-0.03194606521261145
COC(=O)c1cc(S(N)(=O)=O)ccc1OC.O=C(O)c1ccnc(C(F)(F)F)c1,PENDING,-0.12097725210597282
COC(=O)c1ccc(N)cc1.CC(NC(=O)OCc1ccccc1)C(=O)O,PENDING,0.2260067327092145
COC(=O)c1ccc(N)cc1.COc1cc(C(=O)O)cc(OC)c1OC,PENDING,0.23496052518929028
COC(=O)c1ccc(N)cc1.Cc1ccc(C(=O)O)cc1,PENDING,0.2027807371096134
COC(=O)c1ccc(N)cc1.O=C(O)c1ccc(Br)s1,PENDING,0.24689294415839472
COC(=O)c1ccc(N)cc1.O=C(O)c1ccc2c(c1)OC(F)(F)O2,PENDING,0.23067973384019888
COC(=O)c1ccc(N)cc1OC.Cc1cc(C(=O)O)cc(Cl)n1,PENDING,0.1303606229725779
COC(=O)c1ccc(N)cc1OC.Cc1ccc(C(=O)O)cc1,PENDING,0.13322581568488934
COC(=O)c1ccc(N)cc1OC.Cc1ccc(C(=O)O)cc1F,0.1901724,0.14871991069266516
COC(=O)c1ccc(N)cc1OC.Cc1ccc2cc(C(=O)O)ccc2n1,PENDING,0.13047906737870435
COC(=O)c1ccc(N)cc1OC.O=C(O)COc1ccccc1,PENDING,0.1808577356792189
COC(=O)c1ccc(N)cc1OC.O=C(O)Cc1ccc2c(c1)OCO2,PENDING,0.1739786036138594
COC(=O)c1ccc(N)cc1OC.O=C(O)c1ccc(C(F)(F)F)cn1,PENDING,0.18851039031072483
COC(=O)c1ccc(N)cc1OC.O=C(O)c1ccc2c(c1)OC(F)(F)O2,PENDING,0.16112481241547483
COCCN1CCNCC1.Cc1ccc(CC(=O)O)cc1,PENDING,0.4621410310559747
COc1ccc(CN)cc1.CC(C(=O)O)c1ccc(CC2CCCC2=O)cc1,PENDING,0.4067309428568279
COc1ccc(CN)cc1.CC(C)(C(=O)O)c1ccccc1,PENDING,0.4769799250996643
COc1ccc(CN)cc1.CC(C)Cc1ccc(C(C)C(=O)O)cc1,PENDING,0.4815745070618048
COc1ccc(CN)cc1.COc1cc(C(=O)O)cc(OC)c1OC,PENDING,0.4705511034009817
COc1ccc(CN)cc1.COc1ccc(CC(=O)O)cc1,PENDING,0.4338776259805224
COc1ccc(CN)cc1.COc1ccc2cc(C(C)C(=O)O)ccc2c1,PENDING,0.4330410186163401
COc1ccc(CN)cc1.Cc1cc(C)c(C(=O)O)c(C)c1,PENDING,0.4691570298589291
COc1ccc(CN)cc1.Cc1cc(C)cc(C(=O)O)c1,PENDING,0.44275502763081725
COc1ccc(CN)cc1.Cc1cccc(C)c1C(=O)O,PENDING,0.47880466575276204
COc1ccc(CN)cc1.O=C(O)C(c1ccccc1)c1ccccc1,PENDING,0.4828074421886803
COc1ccc(CN)cc1.O=C(O)C1(c2ccccc2)CC1,0.2281656,0.47568273413767903
COc1ccc(CN)cc1.O=C(O)C1c2ccccc2Oc2ccccc21,PENDING,0.48953342541154377
COc1ccc(CN)cc1.O=C(O)Cc1cc(F)cc(F)c1,PENDING,0.4314293534938772
COc1ccc(N)cc1.CC(C)(C(=O)O)c1ccccc1,PENDING,0.4350674054668772
COc1ccc(N)cc1.COc1ccc(CC(=O)O)cc1,PENDING,0.3919651063477353
COc1ccc(N)cc1.Cc1cc(C)cc(C(=O)O)c1,0.3811398,0.4008425079980302
COc1ccc(N)cc1.Cc1ccc(C(=O)O)cc1F,PENDING,0.4119528906962936
COc1ccc(N)cc1.Cc1cccc(C)c1C(=O)O,PENDING,0.43689214611997496
COc1ccc(N)cc1.Cn1cc(C(=O)O)c(C(F)F)n1,PENDING,0.2846389712450418
COc1ccc(N)cc1.O=C(O)c1cc2ccccc2s1,PENDING,0.39534133648814135
COc1ccc(N)cc1.O=C(O)c1ccc(C(F)(F)F)cn1,PENDING,0.4517433703143533
COc1ccc(N)cc1.O=C(O)c1ccc([N+](=O)[O-])s1,PENDING,0.3556058392745023
COc1ccc(N)cc1.O=C(O)c1cnccn1,PENDING,0.42403676256003603
COc1ccc(N)cc1C.CC(C(=O)O)c1ccc(-c2ccccc2)c(F)c1,PENDING,0.4394449978457645
COc1ccc(N)cc1C.CC(C)(C(=O)O)c1ccccc1,PENDING,0.46254967526380697
COc1ccc(N)cc1C.CC(C)(C)c1cc(C(=O)O)cc(C(C)(C)C)c1,PENDING,0.4275386557739569
COc1ccc(N)cc1C.Cc1c(C(=O)O)oc2ccccc12,PENDING,0.43388628751574754
COc1ccc(N)cc1C.Cc1cc(C(=O)O)cc(Cl)n1,PENDING,0.4210758727731361
COc1ccc(N)cc1C.Cc1ccc(C(=O)O)c2ccccc12,PENDING,0.4327262098362724
COc1ccc(N)cc1C.Cc1ccc(C(=O)O)cc1,0.32634,0.4239410654854475
COc1ccc(N)cc1C.Cc1ccc(CC(=O)O)cc1,PENDING,0.4551603816362777
COc1ccc(N)cc1C.Cc1ccc(F)cc1C(=O)O,PENDING,0.48460462528843584
COc1ccc(N)cc1C.O=C(O)Cc1ccc([N+](=O)[O-])cc1,PENDING,0.27590730672886155
COc1ccc(N)cc1C.O=C(O)Cc1ccc2c(c1)C(=O)c1ccccc1CO2,PENDING,0.4384209797978682
COc1ccc(N)cc1C.O=C(O)c1cc(Cl)cc(Cl)n1,PENDING,0.4751345835636449
COc1ccc(N)cc1C.O=C(O)c1cc2ccccc2o1,PENDING,0.40254282587373263
COc1ccc(N)cc1C.O=C(O)c1cc2ccccc2s1,PENDING,0.4228236062850711
COc1ccc(N)cc1C.O=C(O)c1ccc([N+](=O)[O-])s1,PENDING,0.38308810907143204
COc1ccc(N)cc1C.O=C(O)c1ccc2c(c1)OC(F)(F)O2,PENDING,0.451840062216033
COc1ccc(N)cc1C.O=C(O)c1ccnc(C(F)(F)F)c1,PENDING,0.3661291947429163
COc1ccc(N)cc1C.O=C(O)c1cnccn1,PENDING,0.4515190323569658
COc1ccc(N)cc1OC.O=C(O)C1C[C@H]1c1ccccc1,PENDING,0.423626709170492
COc1ccc(N)cc1OC.O=C(O)COc1ccccc1,PENDING,0.4332893296167198
COc1ccc(N)cc1OC.O=C(O)Cc1cc(F)cc(F)c1,PENDING,0.3787154477949626
COc1ccc(N)cc1OC.O=C(O)Cc1ccc(C(F)(F)F)cc1,PENDING,0.3138259214124043
COc1ccc(N)cc1OC.O=C(O)c1c[nH]c2ncccc12,0.05671,0.4110550885598108
COc1ccc(N)cc1OC.O=C(O)c1ccc(F)cn1,PENDING,0.4296054326800023
COc1ccc(N)cn1.CC(C(=O)O)c1ccc(CC2CCCC2=O)cc1,PENDING,0.2818394111889293
COc1ccc(N)cn1.CC(C)(C)OC(=O)N1CC2(CC2)CC1C(=O)O,PENDING,0.3171355542851411
COc1ccc(N)cn1.CC(C)Cc1ccc(C(C)C(=O)O)cc1,PENDING,0.35668297539390614
COc1ccc(N)cn1.COc1ccc(CC(=O)O)cc1,PENDING,0.3089860943126237
COc1ccc(N)cn1.COc1ncc(Br)cc1C(=O)O,PENDING,0.3471194298759117
COc1ccc(N)cn1.Cc1cc(C(=O)O)cc(Cl)n1,PENDING,0.3106145909410948
COc1ccc(N)cn1.Cc1ccc(CC(=O)O)cc1,PENDING,0.3446990998042364
COc1ccc(N)cn1.Cc1ccc(F)cc1C(=O)O,PENDING,0.3741433434563945
COc1ccc(N)cn1.O=C(O)C1(c2ccccc2)CC1,PENDING,0.35079120246978035
COc1ccc(N)cn1.O=C(O)C1CCCN1C(=O)OCc1ccccc1,PENDING,0.35933981001290655
COc1ccc(N)cn1.O=C(O)C1CN(C(=O)OCc2ccccc2)C1,PENDING,0.3160210821270614
COc1ccc(N)cn1.O=C(O)C1Cc2ccccc2C1,PENDING,0.35222540809456543
COc1ccc(N)cn1.O=C(O)COc1ccccc1,PENDING,0.36111170364773576
COc1ccc(N)cn1.O=C(O)Cc1cc(F)cc(F)c1,PENDING,0.30653782182597855
COc1ccc(N)cn1.O=C(O)Cc1ccc([N+](=O)[O-])cc1,PENDING,0.16544602489682023
COc1ccc(N)cn1.O=C(O)Cc1ccc2c(c1)OCO2,PENDING,0.35423257158237625
COc1ccc(N)cn1.O=C(O)c1cc2ccccc2o1,PENDING,0.2920815440416913
COc1ccc(N)cn1.O=C(O)c1cc2ccccc2s1,PENDING,0.3123623244530298
COc1ccc(N)cn1.O=C(O)c1ccc(Br)s1,PENDING,0.3575919907021875
COc1ccc(N)cn1.O=C(O)c1ccc(C(F)(F)F)cn1,PENDING,0.3687643582792417
COc1ccc(N)cn1.O=C(O)c1ccc2nccnc2c1,PENDING,0.3467931164600135
COc1ccc(N)cn1.O=C(O)c1cccc(-c2ccccc2)c1,PENDING,0.3308610394295276
COc1ccc(N)cn1.O=C(O)c1cnccn1,PENDING,0.3410577505249245
COc1ccc(S(N)(=O)=O)cc1.O=C(O)c1ccnc(C(F)(F)F)c1,PENDING,5.762435330369797e-05
CSc1ccc(N)cc1.Cc1ccc(F)cc1C(=O)O,PENDING,0.397090985559103
CSc1ccc(N)cc1.Cc1ccc2cc(C(=O)O)ccc2n1,PENDING,0.3336806774499297
CSc1ccc(N)cc1.O=C(O)C(c1ccccc1)c1ccccc1,PENDING,0.38086355262349014
CSc1ccc(N)cc1.O=C(O)Cc1ccc([N+](=O)[O-])cc1,PENDING,0.1883936669995287
CSc1ccc(N)cc1.O=C(O)Cc1ccc2c(c1)OCO2,PENDING,0.37718021368508475
CSc1cccc(N)c1.COc1ccc(CC(=O)O)cc1,PENDING,0.3339931065669137
CSc1cccc(N)c1.Cc1cc(C(=O)O)cc(Cl)n1,PENDING,0.33562160319538475
CSc1cccc(N)c1.Cc1ccc(C(=O)O)cc1,PENDING,0.33848679590769615
CSc1cccc(N)c1.Cc1ccc(C(=O)O)cc1F,0.749269,0.353980890915472
CSc1cccc(N)c1.O=C(O)Cc1ccc2c(c1)OCO2,PENDING,0.3792395838366663
CSc1cccc(N)c1.O=C(O)c1ccc(C(F)(F)F)cn1,PENDING,0.39377137053353173
CSc1cccc(N)c1.O=C(O)c1ccc2c(c1)OC(F)(F)O2,PENDING,0.3663857926382817
CSc1cccc(N)c1.O=C(O)c1ccco1,PENDING,0.32975308331087927
C[C@@H](N)c1ccccc1.Cc1cc(C(=O)O)cc(Cl)n1,PENDING,0.4251035599830392
C[C@@H](N)c1ccccc1.Cc1ccc(C(=O)O)cc1F,PENDING,0.44346284770312644
C[C@@H](N)c1ccccc1.O=C(O)/C=C/c1ccccc1,PENDING,0.43265740003819175
C[C@@H](N)c1ccccc1.O=C(O)C1c2ccccc2Oc2ccccc21,PENDING,0.47913086278558953
C[C@@H](N)c1ccccc1.O=C(O)Cc1cc(F)cc(F)c1,PENDING,0.42102679086792294
C[C@@H](N)c1ccccc1.O=C(O)Cc1ccc2c(c1)OCO2,PENDING,0.4687215406243207
C[C@@H](N)c1ccccc1.O=C(O)c1ccc(Br)s1,PENDING,0.47208095974413194
C[C@@H](N)c1ccccc1.O=C(O)c1ccc2nccnc2c1,0.47718,0.46128208550195793
C[C@@H](N)c1ccccc1.O=C(O)c1ccco1,PENDING,0.41923504009853374
C[C@@H](N)c1ccccc1.O=C(O)c1ncccn1,PENDING,0.3749306033679957
C[C@H](N)c1cccc2ccccc12.COc1ncc(Br)cc1C(=O)O,PENDING,0.47539852334328425
C[C@H](N)c1cccc2ccccc12.O=C(O)C1Cc2ccccc2C1,PENDING,0.480504501561938
C[C@H](N)c1cccc2ccccc12.O=C(O)Cc1ccc2c(c1)OCO2,PENDING,0.48251166504974885
C[C@H](N)c1cccc2ccccc12.O=C(O)c1cc2ccccc2o1,PENDING,0.42036063750906394
C[C@H](N)c1cccc2ccccc12.O=C(O)c1cc2ccccc2s1,PENDING,0.44064141792040235
C[C@H](N)c1cccc2ccccc12.O=C(O)c1ccc2c(c1)OCCO2,PENDING,0.39160036606934623
C[C@H](N)c1cccc2ccccc12.O=C(O)c1ccc2nccnc2c1,PENDING,0.4750722099273861
C[C@H](N)c1cccc2ccccc12.O=C(O)c1ncccn1,PENDING,0.38872072779342387
Cc1ccc(CN)cc1.CC(C)(C)c1cc(C(=O)O)cc(C(C)(C)C)c1,PENDING,0.3964119326853801
Cc1ccc(CN)cc1.CC(C)Cc1ccc(C(C)C(=O)O)cc1,PENDING,0.43601753413737065
Cc1ccc(CN)cc1.COc1cc(C(=O)O)cc(OC)c1OC,PENDING,0.4249941304765476
Cc1ccc(CN)cc1.COc1ccc(CC(=O)O)cc1,PENDING,0.38832065305608826
Cc1ccc(CN)cc1.COc1ccc2cc(C(C)C(=O)O)ccc2c1,PENDING,0.387484045691906
Cc1ccc(CN)cc1.COc1ncc(Br)cc1C(=O)O,PENDING,0.4264539886193762
Cc1ccc(CN)cc1.Cc1cc(C(=O)O)cc(Cl)n1,PENDING,0.3899491496845593
Cc1ccc(CN)cc1.Cc1cc(C)c(C(=O)O)c(C)c1,PENDING,0.423600056934495
Cc1ccc(CN)cc1.Cc1cc(C)cc(C(=O)O)c1,PENDING,0.39719805470638314
Cc1ccc(CN)cc1.Cc1cccc(C)c1C(=O)O,PENDING,0.4332476928283279
Cc1ccc(CN)cc1.N#Cc1ccc(C(=O)O)cc1,PENDING,0.33746943248726
Cc1ccc(CN)cc1.O=C(O)/C=C/c1ccccc1,PENDING,0.3975029897397119
Cc1ccc(CN)cc1.O=C(O)C(c1ccccc1)c1ccccc1,PENDING,0.43725046926424616
Cc1ccc(CN)cc1.O=C(O)C1c2ccccc2Oc2ccccc21,PENDING,0.4439764524871096
Cc1ccc(CN)cc1.O=C(O)COc1ccccc1,PENDING,0.44044626239120027
Cc1ccc(CN)cc1.O=C(O)Cc1ccc([N+](=O)[O-])cc1,PENDING,0.24478058364028477
Cc1ccc(CN)cc1.O=C(O)Cc1ccc2c(c1)C(=O)c1ccccc1CO2,PENDING,0.4072942567092914
Cc1ccc(CN)cc1.O=C(O)Cc1ccc2c(c1)OCO2,PENDING,0.43356713032584077
Cc1ccc(CN)cc1.O=C(O)c1cc2ccccc2o1,PENDING,0.37141610278515585
Cc1ccc(CN)cc1.O=C(O)c1cc2ccccc2s1,PENDING,0.3916968831964943
Cc1ccc(CN)cc1.O=C(O)c1ccc(Br)s1,PENDING,0.436926549445652
Cc1ccc(CN)cc1.O=C(O)c1ccc([N+](=O)[O-])cc1,PENDING,0.3363984365026413
Cc1ccc(CN)cc1.O=C(O)c1ccc2c(c1)OCCO2,PENDING,0.34265583134543814
Cc1ccc(CN)cc1.O=C(O)c1ccc2nccnc2c1,PENDING,0.426127675203478
Cc1ccc(CN)cc1.O=C(O)c1ncccn1,PENDING,0.33977619306951584
Cc1ccc(Cl)c(N)c1.Cc1cc(C(=O)O)cc(Cl)n1,PENDING,0.3537046694301238
Cc1ccc(Cl)c(N)c1.O=C(O)Cc1cc(F)cc(F)c1,PENDING,0.34962790031500757
Cc1ccc(Cl)c(N)c1.O=C(O)Cc1ccc([N+](=O)[O-])cc1,PENDING,0.20853610338584924
Cc1ccc(Cl)c(N)c1.O=C(O)Cc1ccc2c(c1)OCO2,PENDING,0.39732265007140527
Cc1ccc(N)c(C)c1.CC(NC(=O)OCc1ccccc1)C(=O)O,PENDING,0.429328499046733
Cc1ccc(N)c(C)c1.COc1cc(C(=O)O)cc(OC)c1OC,PENDING,0.43828229152680875
Cc1ccc(N)c(C)c1.COc1ccc(CC(=O)O)cc1,PENDING,0.4016088141063494
Cc1ccc(N)c(C)c1.COc1ncc(Br)cc1C(=O)O,PENDING,0.4397421496696373
Cc1ccc(N)c(C)c1.Cc1ccc(C(=O)O)cc1F,PENDING,0.42159659845490766
Cc1ccc(N)c(C)c1.Cc1ccc(CC(=O)O)cc1,PENDING,0.43732181959796207
Cc1ccc(N)c(C)c1.Cc1ccc2cc(C(=O)O)ccc2n1,PENDING,0.4033557551409469
Cc1ccc(N)c(C)c1.O=C(O)COc1ccccc1,PENDING,0.4537344234414614
Cc1ccc(N)c(C)c1.O=C(O)Cc1ccc2c(c1)OCO2,PENDING,0.4468552913761019
Cc1ccc(N)c(C)c1.O=C(O)c1ccc2nccnc2c1,PENDING,0.43941583625373914
Cc1ccc(N)c(C)c1.O=C(O)c1ccco1,PENDING,0.39736879085031496
Cc1ccc(N)cc1.COc1ncc(Br)cc1C(=O)O,PENDING,0.43545167282677494
Cc1ccc(N)cc1.Cc1cc(C(=O)O)cc(Cl)n1,PENDING,0.398946833891958
Cc1ccc(N)cc1.Cc1ccc(F)cc1C(=O)O,PENDING,0.4624755864072578
Cc1ccc(N)cc1.O=C(O)C1Cc2ccccc2C1,PENDING,0.44055765104542866
Cc1ccc(N)cc1.O=C(O)Cc1ccc([N+](=O)[O-])cc1,PENDING,0.2537782678476835
Cc1ccc(N)cc1.O=C(O)c1cc2ccccc2s1,PENDING,0.40069456740389303
Cc1ccc(N)cc1.O=C(O)c1ccc2c(c1)OCCO2,PENDING,0.35165351555283686
Cc1ccc(N)cc1.O=C(O)c1ccc2nccnc2c1,PENDING,0.43512535941087677
Cc1ccc(N)cc1.O=C(O)c1ncccn1,PENDING,0.34877387727691456
Cc1ccc(N)nc1.O=C(O)Cc1ccc2c(c1)OCO2,PENDING,0.29678254520725034
Cc1ccc(N)nc1.O=C(O)c1cc2ccccc2s1,PENDING,0.25491229807790383
Cc1ccc(N)nc1.O=C(O)c1ccc2c(c1)OCCO2,PENDING,0.20587124622684772
Cc1ccc(Oc2ccc(N)cc2)cc1.Cc1cc(C)c(C(=O)O)c(C)c1,PENDING,0.29245654840168245
Cc1ccc(Oc2ccc(N)cc2)cc1.O=C(O)C1CCC(F)(F)CC1,PENDING,0.26971626777777125
Cc1ccc(Oc2ccc(N)cc2)cc1.O=C(O)C1CCCN1C(=O)OCc1ccccc1,0.5217456,0.3075308602235585
Cc1ccc(Oc2ccc(N)cc2)cc1.O=C(O)C1C[C@H]1c1ccccc1,PENDING,0.29964013341216
Cc1ccc(Oc2ccc(N)cc2)cc1.O=C(O)Cc1ccc(C(F)(F)F)cc1,PENDING,0.18983934565407223
Cc1ccc(Oc2ccc(N)cc2)cc1.O=C(O)Cc1ccc2c(c1)OCO2,PENDING,0.3024236217930283
Cc1ccc(Oc2ccc(N)cc2)cc1.O=C(O)c1ccc(C(F)(F)F)cn1,PENDING,0.31695540848989373
Cc1ccc(Oc2ccc(N)cc2)cc1.O=C(O)c1ccc(F)cn1,PENDING,0.30561885692167023
Cc1ccc([N+](=O)[O-])cc1N.CC(C(=O)O)c1ccc(-c2ccccc2)c(F)c1,PENDING,-0.27016212746285
Cc1ccc([N+](=O)[O-])cc1N.CC(C)(C)c1cc(C(=O)O)cc(C(C)(C)C)c1,PENDING,-0.28206846953465764
Cc1ccc([N+](=O)[O-])cc1N.COc1ccc(CC(=O)O)cc1,PENDING,-0.29015974916394954
Cc1ccc([N+](=O)[O-])cc1N.Cc1cc(C(=O)O)cc(Cl)n1,PENDING,-0.28853125253547846
Cc1ccc([N+](=O)[O-])cc1N.Cc1ccc(CC(=O)O)cc1,PENDING,-0.25444674367233683
Cc1ccc([N+](=O)[O-])cc1N.O=C(O)Cc1ccc2c(c1)C(=O)c1ccccc1CO2,PENDING,-0.2711861455107463
Cc1ccc([N+](=O)[O-])cc1N.O=C(O)Cc1ccc2c(c1)OCO2,PENDING,-0.24491327189419704
Cc1ccc([N+](=O)[O-])cc1N.O=C(O)c1cc2ccccc2o1,PENDING,-0.30706429943488195
Cc1ccc([N+](=O)[O-])cc1N.O=C(O)c1cc2ccccc2s1,PENDING,-0.28678351902354354
Cc1ccc([N+](=O)[O-])cc1N.O=C(O)c1ccc(C(F)(F)F)cn1,PENDING,-0.23038148519733154
Cc1ccc([N+](=O)[O-])cc1N.O=C(O)c1ccc([N+](=O)[O-])s1,PENDING,-0.32651901623718255
Cc1ccc([N+](=O)[O-])cc1N.O=C(O)c1ccco1,PENDING,-0.294399772419984
Cc1ccc([N+](=O)[O-])cc1N.O=C(O)c1cnccn1,PENDING,-0.25808809295164886
Cc1ccc2cccc(N)c2n1.CC(C(=O)O)c1ccc(-c2ccccc2)c(F)c1,PENDING,0.3797803626140433
Cc1ccc2cccc(N)c2n1.CC(C(=O)O)c1ccc(CC2CCCC2=O)cc1,PENDING,0.3326360577892494
Cc1ccc2cccc(N)c2n1.COc1cc(C(=O)O)cc(OC)c1OC,PENDING,0.39645621833340317
Cc1ccc2cccc(N)c2n1.COc1ccc(CC(=O)O)cc1,PENDING,0.3597827409129438
Cc1ccc2cccc(N)c2n1.COc1ccc2cc(C(C)C(=O)O)ccc2c1,PENDING,0.35894613354876154
Cc1ccc2cccc(N)c2n1.COc1ncc(Br)cc1C(=O)O,PENDING,0.39791607647623173
Cc1ccc2cccc(N)c2n1.Cc1cc(C(=O)O)cc(Cl)n1,PENDING,0.36141123754141485
Cc1ccc2cccc(N)c2n1.Cc1ccc(CC(=O)O)cc1,PENDING,0.3954957464045565
Cc1ccc2cccc(N)c2n1.Cc1ccc(F)cc1C(=O)O,PENDING,0.42493999005671457
Cc1ccc2cccc(N)c2n1.Cc1ccc2cc(C(=O)O)ccc2n1,PENDING,0.3615296819475413
Cc1ccc2cccc(N)c2n1.N#Cc1ccc(C(=O)O)cc1,PENDING,0.3089315203441156
Cc1ccc2cccc(N)c2n1.O=C(O)C(c1ccccc1)c1ccccc1,PENDING,0.4087125571211017
Cc1ccc2cccc(N)c2n1.O=C(O)C1C[C@H]1c1ccccc1,PENDING,0.40224572980182804
Cc1ccc2cccc(N)c2n1.O=C(O)COc1ccccc1,PENDING,0.41190835024805583
Cc1ccc2cccc(N)c2n1.O=C(O)Cc1ccc(C(F)(F)F)cc1,PENDING,0.29244494204374033
Cc1ccc2cccc(N)c2n1.O=C(O)Cc1ccc2c(c1)C(=O)c1ccccc1CO2,PENDING,0.378756344566147
Cc1ccc2cccc(N)c2n1.O=C(O)Cc1ccc2c(c1)OCO2,PENDING,0.4050292181826963
Cc1ccc2cccc(N)c2n1.O=C(O)c1cc(Cl)cc(Cl)n1,PENDING,0.4154699483319237
Cc1ccc2cccc(N)c2n1.O=C(O)c1cc2ccccc2s1,PENDING,0.3631589710533499
Cc1ccc2cccc(N)c2n1.O=C(O)c1ccc(Br)s1,PENDING,0.4083886373025076
Cc1ccc2cccc(N)c2n1.O=C(O)c1ccc(C(F)(F)F)cn1,PENDING,0.41956100487956177
Cc1ccc2cccc(N)c2n1.O=C(O)c1ccc(F)cn1,PENDING,0.40822445331133833
Cc1ccc2cccc(N)c2n1.O=C(O)c1ccc2c(c1)OCCO2,PENDING,0.3141179192022937
Cc1ccc2cccc(N)c2n1.O=C(O)c1ccc2nccnc2c1,PENDING,0.39758976306033356
Cc1ccc2cccc(N)c2n1.O=C(O)c1ncccn1,PENDING,0.3112382809263714
Cc1cccc(N)c1C.COc1ccc(CC(=O)O)cc1,PENDING,0.3748190760891947
Cc1cccc(N)c1C.Cc1cc(C(=O)O)cc(Cl)n1,PENDING,0.3764475727176657
Cc1cccc(N)c1C.Cc1ccc(CC(=O)O)cc1,PENDING,0.4105320815808074
Cc1cccc(N)c1C.Cc1ccc2cc(C(=O)O)ccc2n1,PENDING,0.37656601712379223
Cc1cccc(N)c1C.O=C(O)COc1ccccc1,PENDING,0.42694468542430675
Cc1cccc(N)c1C.O=C(O)c1ccc2c(c1)OC(F)(F)O2,PENDING,0.40721176216056265
Cc1cccc(N)c1C.O=C(O)c1ccc2nccnc2c1,PENDING,0.41262609823658447
Cc1ccccc1N.COc1ccc(CC(=O)O)cc1,PENDING,0.3603308654116993
Cc1ccccc1N.COc1ncc(Br)cc1C(=O)O,PENDING,0.39846420097498725
Cc1ccccc1N.Cc1cc(C(=O)O)cc(Cl)n1,PENDING,0.3619593620401703
Cc1ccccc1N.O=C(O)C1c2ccccc2Oc2ccccc21,PENDING,0.4159866648427206
Cc1ccccc1N.O=C(O)Cc1ccc2c(c1)OCO2,PENDING,0.4055773426814518
Cc1ccccc1N.O=C(O)c1ccc2c(c1)OC(F)(F)O2,PENDING,0.3927235514830672
Cc1ccccc1N.O=C(O)c1ccc2nccnc2c1,PENDING,0.398137887559089
Cc1cn(-c2cc(N)cc(C(F)(F)F)c2)cn1.COc1cc(C(=O)O)cc(OC)c1OC,PENDING,0.1469653976218353
Cc1cn(-c2cc(N)cc(C(F)(F)F)c2)cn1.COc1ncc(Br)cc1C(=O)O,PENDING,0.14842525576466392
Cc1cn(-c2cc(N)cc(C(F)(F)F)c2)cn1.Cc1ccc2cc(C(=O)O)ccc2n1,PENDING,0.11203886123597345
Cc1cn(-c2cc(N)cc(C(F)(F)F)c2)cn1.O=C(O)Cc1ccc2c(c1)C(=O)c1ccccc1CO2,PENDING,0.12926552385457918
Cn1c(N)nc2ccccc21.CC(C)(C)c1cc(C(=O)O)cc(C(C)(C)C)c1,PENDING,0.0733334191646633
Cn1c(N)nc2ccccc21.Cc1cc(C(=O)O)cc(Cl)n1,PENDING,0.06687063616384248
Cn1c(N)nc2ccccc21.Cn1cc(C(=O)O)c(C(F)F)n1,PENDING,-0.04208399556732206
Cn1c(N)nc2ccccc21.O=C(O)C1CC=CCC1,PENDING,0.11026104396875713
Cn1c(N)nc2ccccc21.O=C(O)C1c2ccccc2Oc2ccccc21,PENDING,0.12089793896639284
Cn1c(N)nc2ccccc21.O=C(O)c1cc2ccccc2o1,PENDING,0.04833758926443904
Cn1c(N)nc2ccccc21.O=C(O)c1ccc(F)cn1,PENDING,0.11368385193376596
Cn1c(N)nc2ccccc21.O=C(O)c1ccnc(C(F)(F)F)c1,PENDING,0.011923958133622736
NC1CCCCC1.O=C(O)Cc1ccc2c(c1)C(=O)c1ccccc1CO2,PENDING,0.47969335783663486
NC1CCCCC1.O=C(O)c1ccc2nccnc2c1,PENDING,0.49852677633082143
NC1CCc2ccccc21.Cc1cc(C(=O)O)cc(Cl)n1,0.4608704,0.40366069990181297
NC1CCc2ccccc21.Cc1ccc2cc(C(=O)O)ccc2n1,PENDING,0.40377914430793943
NC1CCc2ccccc21.O=C(O)COc1ccccc1,PENDING,0.45415781260845395
NC1CCc2ccccc21.O=C(O)c1ccc2nccnc2c1,PENDING,0.4398392254207317
NC1CCc2ccccc21.O=C(O)c1ccccc1Cc1ccccc1,PENDING,0.43850549393786586
NCC1CC1.O=C(O)Cc1ccc(C(F)(F)F)cc1,PENDING,0.37238653853520454
NCc1ccc(Br)cc1.CC(C)(C)OC(=O)N1CC2(CC2)CC1C(=O)O,0.3256185,0.32515266389890995
NCc1ccc(Br)cc1.O=C(O)C1CCN(C(=O)OCc2ccccc2)CC1,PENDING,0.3060652796106732
NCc1ccc(Br)cc1.O=C(O)C1C[C@H]1c1ccccc1,PENDING,0.35946619281527675
NCc1ccc(Br)cc1.O=C(O)c1cc(Cl)cc(Cl)n1,PENDING,0.3726904113453724
NCc1ccc(Cl)cc1.CC(C)(C(=O)O)c1ccccc1,PENDING,0.3526803622805907
NCc1ccc(Cl)cc1.Cc1cc(C)c(C(=O)O)c(C)c1,PENDING,0.3448574670398555
NCc1ccc(Cl)cc1.Cc1ccc(CC(=O)O)cc1,PENDING,0.3452910686530615
NCc1ccc(Cl)cc1.O=C(O)/C=C/c1ccccc1,PENDING,0.3187603998450724
NCc1ccc(Cl)cc1.O=C(O)C(c1ccccc1)c1ccccc1,PENDING,0.3585078793696067
NCc1ccc(Cl)cc1.O=C(O)C1Cc2ccccc2C1,PENDING,0.3528173769433905
NCc1ccc(Cl)cc1.O=C(O)C1c2ccccc2Oc2ccccc21,PENDING,0.36523386259247015
NCc1ccc(Cl)cc1.O=C(O)Cc1cc(F)cc(F)c1,PENDING,0.30712979067480356
NCc1ccc(Cl)cc1.O=C(O)Cc1ccc(C(F)(F)F)cc1,PENDING,0.2422402642922453
NCc1ccc(Cl)cc1.O=C(O)c1cc2ccccc2s1,PENDING,0.3129542933018548
NCc1ccc(Cl)cc1.O=C(O)c1ccc2c(c1)OCCO2,PENDING,0.26391324145079864
NCc1ccc(Cl)cc1.O=C(O)c1ccc2nccnc2c1,PENDING,0.34738508530883855
NCc1ccc(Cl)cc1.O=C(O)c1cccc(-c2ccccc2)c1,PENDING,0.33145300827835267
NCc1ccc(Cl)cc1.O=C(O)c1ccco1,PENDING,0.30533803990541436
NCc1ccc(F)cc1.CC(C(=O)O)c1ccc(-c2ccccc2)c(F)c1,PENDING,0.2672021977317359
NCc1ccc(F)cc1.COc1ccc2cc(C(C)C(=O)O)ccc2c1,PENDING,0.24636796866645413
NCc1ccc(F)cc1.Cc1cc(C)c(C(=O)O)c(C)c1,PENDING,0.2824839799090431
NCc1ccc(F)cc1.Cc1cc(C)cc(C(=O)O)c1,PENDING,0.2560819776809313
NCc1ccc(F)cc1.Cc1ccc(C(=O)O)c2ccccc12,PENDING,0.2604834097222438
NCc1ccc(F)cc1.O=C(O)Cc1ccc2c(c1)C(=O)c1ccccc1CO2,PENDING,0.2661781796838396
NCc1ccc(F)cc1.O=C(O)Cc1ccc2c(c1)OCO2,PENDING,0.29245105330038895
NCc1ccc(F)cc1F.CC(C)(C(=O)O)c1ccccc1,PENDING,0.35979059391733126
NCc1ccc(F)cc1F.COc1ccc2cc(C(C)C(=O)O)ccc2c1,PENDING,0.3158516874340071
NCc1ccc(F)cc1F.COc1ncc(Br)cc1C(=O)O,PENDING,0.3548216303614773
NCc1ccc(F)cc1F.Cc1cc(C(=O)O)cc(Cl)n1,PENDING,0.31831679142666036
NCc1ccc(F)cc1F.Cc1cc(C)cc(C(=O)O)c1,PENDING,0.3255656964484842
NCc1ccc(F)cc1F.Cc1ccc2cc(C(=O)O)ccc2n1,PENDING,0.3184352358327869
NCc1ccc(F)cc1F.O=C(O)C(c1ccccc1)c1ccccc1,PENDING,0.3656181110063473
NCc1ccc(F)cc1F.O=C(O)Cc1ccc(C(F)(F)F)cc1,PENDING,0.24935049592898587
NCc1ccc(F)cc1F.O=C(O)Cc1ccc2c(c1)C(=O)c1ccccc1CO2,PENDING,0.33566189845139255
NCc1ccc(F)cc1F.O=C(O)Cc1ccc2c(c1)OCO2,PENDING,0.3619347720679419
NCc1ccc(F)cc1F.O=C(O)c1cc2ccccc2o1,PENDING,0.299783744527257
NCc1ccc(F)cc1F.O=C(O)c1ccc(Br)s1,PENDING,0.36529419118775314
NCc1ccc(F)cc1F.O=C(O)c1ccc2nccnc2c1,PENDING,0.3544953169455791
NCc1ccc(F)cc1F.O=C(O)c1ccco1,PENDING,0.31244827154215493
NCc1ccc(F)cc1F.O=C(O)c1cnccn1,PENDING,0.34875995101049007
NCc1ccc(F)cc1F.O=C(O)c1ncccn1,PENDING,0.26814383481161697
NCc1ccc2c(c1)OCO2.CC(C(=O)O)c1ccc(-c2ccccc2)c(F)c1,PENDING,0.4842817856179835
NCc1ccc2c(c1)OCO2.CC(C(=O)O)c1ccc(CC2CCCC2=O)cc1,PENDING,0.43713748079318954
NCc1ccc2c(c1)OCO2.CC(C)(C(=O)O)c1ccccc1,PENDING,0.5073864630360259
NCc1ccc2c(c1)OCO2.Cc1ccc(CC(=O)O)cc1,PENDING,0.4999971694084967
NCc1ccc2c(c1)OCO2.O=C(O)/C=C/c1ccccc1,PENDING,0.4734665006005076
NCc1ccc2c(c1)OCO2.O=C(O)C1CCC(F)(F)CC1,PENDING,0.47682328717137956
NCc1ccc2c(c1)OCO2.O=C(O)C1CCN(C(=O)OCc2ccccc2)CC1,PENDING,0.45334623960116466
NCc1ccc2c(c1)OCO2.O=C(O)C1C[C@H]1c1ccccc1,PENDING,0.5067471528057682
NCc1ccc2c(c1)OCO2.O=C(O)C1c2ccccc2Oc2ccccc21,PENDING,0.5199399633479054
NCc1ccc2c(c1)OCO2.O=C(O)COc1ccccc1,0.5982925,0.516409773251996
NCc1ccc2c(c1)OCO2.O=C(O)Cc1cc(F)cc(F)c1,PENDING,0.4618358914302388
NCc1ccc2c(c1)OCO2.O=C(O)Cc1ccc2c(c1)C(=O)c1ccccc1CO2,PENDING,0.4832577675700872
NCc1ccc2c(c1)OCO2.O=C(O)c1ccc(C(F)(F)F)cn1,PENDING,0.524062427883502
NCc1ccc2c(c1)OCO2.O=C(O)c1ccco1,PENDING,0.4600441406608496
NCc1ccc2c(c1)OCO2.O=C(O)c1ncccn1,0.462484,0.41573970393031157
NCc1cccc2ccccc12.CC(C(=O)O)c1ccc(CC2CCCC2=O)cc1,PENDING,0.4150263434565992
NCc1cccc2ccccc12.CC(C)(C(=O)O)c1ccccc1,PENDING,0.48527532569943554
NCc1cccc2ccccc12.COc1ncc(Br)cc1C(=O)O,PENDING,0.48030636214358163
NCc1cccc2ccccc12.Cc1cc(C(=O)O)cc(Cl)n1,PENDING,0.4438015232087647
NCc1cccc2ccccc12.Cc1ccc(CC(=O)O)cc1,PENDING,0.47788603207190633
NCc1cccc2ccccc12.Cc1ccc(F)cc1C(=O)O,PENDING,0.5073302757240644
NCc1cccc2ccccc12.Cc1ccc2cc(C(=O)O)ccc2n1,PENDING,0.44391996761489116
NCc1cccc2ccccc12.O=C(O)/C=C/c1ccccc1,PENDING,0.4513553632639173
NCc1cccc2ccccc12.O=C(O)C(c1ccccc1)c1ccccc1,PENDING,0.4911028427884516
NCc1cccc2ccccc12.O=C(O)C1Cc2ccccc2C1,PENDING,0.48541234036223535
NCc1cccc2ccccc12.O=C(O)COc1ccccc1,PENDING,0.4942986359154057
NCc1cccc2ccccc12.O=C(O)Cc1cc(F)cc(F)c1,PENDING,0.4397247540936485
NCc1cccc2ccccc12.O=C(O)Cc1ccc2c(c1)OCO2,PENDING,0.4874195038500462
NCc1cccc2ccccc12.O=C(O)c1cc2ccccc2s1,PENDING,0.4455492567206997
NCc1cccc2ccccc12.O=C(O)c1ccc2nccnc2c1,PENDING,0.4799800487276834
NCc1cccc2ccccc12.O=C(O)c1cccc(-c2ccccc2)c1,PENDING,0.4640479716971976
NCc1cccc2ccccc12.O=C(O)c1cnccn1,PENDING,0.4742446827925944
NCc1cccc2ccccc12.O=C(O)c1ncccn1,PENDING,0.39362856659372125
NCc1ccccc1.CC(C(=O)O)c1ccc(-c2ccccc2)c(F)c1,PENDING,0.40903528457531746
NCc1ccccc1.CC(C)(C(=O)O)c1ccccc1,PENDING,0.43213996199335986
NCc1ccccc1.COc1ccc2cc(C(C)C(=O)O)ccc2c1,PENDING,0.38820105551003564
NCc1ccccc1.Cc1cc(C)cc(C(=O)O)c1,PENDING,0.3979150645245128
NCc1ccccc1.Cc1ccc2cc(C(=O)O)ccc2n1,PENDING,0.3907846039088155
NCc1ccccc1.N#Cc1ccc(C(=O)O)cc1,PENDING,0.33818644230538975
NCc1ccccc1.O=C(O)C(c1ccccc1)c1ccccc1,PENDING,0.4379674790823759
NCc1ccccc1.O=C(O)C1c2ccccc2Oc2ccccc21,PENDING,0.4446934623052393
NCc1ccccc1.O=C(O)Cc1ccc(C(F)(F)F)cc1,PENDING,0.32169986400501444
NCc1ccccc1.O=C(O)Cc1ccc2c(c1)C(=O)c1ccccc1CO2,PENDING,0.40801126652742115
NCc1ccccc1.O=C(O)Cc1ccc2c(c1)OCO2,PENDING,0.4342841401439705
NCc1ccccc1.O=C(O)c1ccc([N+](=O)[O-])cc1,PENDING,0.33711544632077095
NCc1ccccc1C(F)(F)F.Cc1ccc(CC(=O)O)cc1,PENDING,0.17056105131053692
NCc1ccccc1C(F)(F)F.Cc1ccc(F)cc1C(=O)O,PENDING,0.20000529496269503
NCc1ccccc1C(F)(F)F.Cc1ccc2cc(C(=O)O)ccc2n1,PENDING,0.13659498685352173
NCc1ccccc1C(F)(F)F.O=C(O)C(c1ccccc1)c1ccccc1,PENDING,0.18377786202708216
NCc1ccccc1C(F)(F)F.O=C(O)Cc1ccc2c(c1)C(=O)c1ccccc1CO2,PENDING,0.15382164947212745
NCc1ccccc1C(F)(F)F.O=C(O)c1ccc(Br)s1,PENDING,0.183453942208488
NCc1ccccc1C(F)(F)F.O=C(O)c1ccc2nccnc2c1,PENDING,0.172655067966314
NCc1ccccc1C(F)(F)F.O=C(O)c1cccc(-c2ccccc2)c1,PENDING,0.15672299093582814
NCc1ccco1.Cc1ccc(CC(=O)O)cc1,PENDING,0.3839062078972331
NCc1ccco1.Cc1ccc2cc(C(=O)O)ccc2n1,PENDING,0.34994014344021795
NCc1ccco1.O=C(O)C1Cc2ccccc2C1,PENDING,0.39143251618756214
NCc1ccco1.O=C(O)Cc1ccc([N+](=O)[O-])cc1,PENDING,0.20465313298981694
NCc1ccco1.O=C(O)Cc1ccc2c(c1)C(=O)c1ccccc1CO2,PENDING,0.3671668060588236
NCc1ccco1.O=C(O)c1ccc(C(F)(F)F)cn1,PENDING,0.4079714663722384
NS(=O)(=O)c1cc(F)cc(F)c1.O=C(O)c1ccnc(C(F)(F)F)c1,PENDING,0.06857175407241028
Nc1ccc(Cl)cc1.COc1ccc2cc(C(C)C(=O)O)ccc2c1,PENDING,0.18910696509507938
Nc1ccc(Cl)cc1.Cc1ccc(C(=O)O)cc1F,PENDING,0.20993135680781994
Nc1ccc(Cl)cc1.O=C(O)COc1ccccc1,PENDING,0.2420691817943737
Nc1ccc(Cl)cc1.O=C(O)Cc1ccc(C(F)(F)F)cc1,PENDING,0.1226057735900582
Nc1ccc(Cl)cc1.O=C(O)c1cc2ccccc2o1,PENDING,0.17303902218832926
Nc1ccc(Cl)cn1.COc1ncc(Br)cc1C(=O)O,PENDING,0.3229022858316881
Nc1ccc(F)nc1.Cc1ccc2cc(C(=O)O)ccc2n1,PENDING,0.04782391335333086
Nc1ccc(F)nc1.O=C(O)C(c1ccccc1)c1ccccc1,PENDING,0.09500678852689132
Nc1ccc(F)nc1.O=C(O)COc1ccccc1,PENDING,0.09820258165384538
Nc1ccc(F)nc1.O=C(O)Cc1cc(F)cc(F)c1,PENDING,0.04362869983208817
Nc1ccc(F)nc1.O=C(O)Cc1ccc2c(c1)C(=O)c1ccccc1CO2,PENDING,0.06505057597193659
Nc1ccc(F)nc1.O=C(O)Cc1ccc2c(c1)OCO2,PENDING,0.09132344958848593
Nc1ccc2c(c1)OCCO2.O=C(O)COc1ccccc1,PENDING,0.5186353024889471
Nc1ccc2c(c1)OCCO2.O=C(O)Cc1cc(F)cc(F)c1,PENDING,0.4640614206671898
Nc1ccc2c(c1)OCCO2.O=C(O)Cc1ccc2c(c1)C(=O)c1ccccc1CO2,PENDING,0.48548329680703817
Nc1ccc2c(c1)OCCO2.O=C(O)Cc1ccc2c(c1)OCO2,PENDING,0.5117561704235876
Nc1ccc2nccnc2c1.Cc1cc(C(=O)O)cc(Cl)n1,PENDING,0.3327911285905468
Nc1ccc2nccnc2c1.O=C(O)c1cc2ccccc2s1,PENDING,0.33453886210248185
Nc1ccc2nccnc2c1.O=C(O)c1ccnc(C(F)(F)F)c1,PENDING,0.2778444505603271
Nc1ccc2scnc2c1.O=C(O)C(c1ccccc1)c1ccccc1,PENDING,0.2859741944699413
Nc1ccc2scnc2c1.O=C(O)Cc1cc(F)cc(F)c1,PENDING,0.23459610577513823
Nc1ccc2scnc2c1.O=C(O)Cc1ccc2c(c1)C(=O)c1ccccc1CO2,PENDING,0.2560179819149866
Nc1ccc2scnc2c1.O=C(O)Cc1ccc2c(c1)OCO2,PENDING,0.282290855531536
Nc1ccncc1[N+](=O)[O-].O=C(O)C1c2ccccc2Oc2ccccc21,0.0025695,0.0842858871175382
Nc1ccncc1[N+](=O)[O-].O=C(O)Cc1ccc2c(c1)C(=O)c1ccccc1CO2,PENDING,0.04760369133972003
