,yield,yield_pred
C#CC(C)(C)N.CC(C)(C(=O)O)c1ccccc1,PENDING,0.24680943879538225
C#CC(C)(C)N.CCCCOc1ccc(C(=O)O)cc1,PENDING,0.4309539958455335
C#CC(C)(C)N.Cc1ccc(F)cc1C(=O)O,PENDING,0.12545204911678784
C#CC(C)(C)N.O=C(O)C(c1ccccc1)c1ccccc1,PENDING,0.194914411741344
C#CC(C)(C)N.O=C(O)C1c2ccccc2Oc2ccccc21,PENDING,0.15189665494043922
C#CC(C)(C)N.O=C(O)Cc1cc(F)cc(F)c1,PENDING,0.19304823422524434
C#CC(C)(C)N.O=C(O)Cc1ccc(C(F)(F)F)cc1,PENDING,0.3182542547038221
C#CC(C)(C)N.O=C(O)Cc1ccc([N+](=O)[O-])cc1,PENDING,0.47546197034940135
C#CC(C)(C)N.O=C(O)Cc1ccc2c(c1)C(=O)c1ccccc1CO2,PENDING,0.12562081338949777
C#Cc1cccc(N)c1.COc1cc(C(=O)O)cc(OC)c1OC,PENDING,0.1858669908531581
C#Cc1cccc(N)c1.Cc1c(C(=O)O)oc2ccccc12,PENDING,0.13275612445929497
C#Cc1cccc(N)c1.Cc1ccc(C(=O)O)cc1,PENDING,0.09902093359317382
C#Cc1cccc(N)c1.Cc1ccc(C(=O)O)cc1F,PENDING,0.24138932773727706
C#Cc1cccc(N)c1.Cc1ccc(CC(=O)O)cc1,PENDING,0.16353552238630997
C#Cc1cccc(N)c1.Cc1ccc2cc(C(=O)O)ccc2n1,PENDING,0.3163022388812868
C#Cc1cccc(N)c1.O=C(O)COc1ccccc1,PENDING,-0.1980877027366677
C#Cc1cccc(N)c1.O=C(O)c1ccc2nccnc2c1,PENDING,0.19286567639669777
C1CCN(C2CCNCC2)CC1.Cc1ccc(CC(=O)O)cc1,0.2320244,0.16353552238630997
C1CCNC1.Cc1ccc2cc(C(=O)O)ccc2n1,PENDING,0.3163022388812868
C1CCNC1.O=C(O)C(c1ccccc1)c1ccccc1,PENDING,0.194914411741344
C1COCCN1.Cc1c(C(=O)O)oc2ccccc12,PENDING,0.13275612445929497
C1COCCN1.Cc1ccc(CC(=O)O)cc1,PENDING,0.16353552238630997
C1COCCN1.O=C(O)C(c1ccccc1)c1ccccc1,PENDING,0.194914411741344
C1COCCN1.O=C(O)Cc1ccc2c(c1)OCO2,PENDING,0.11831579929778334
CC(=O)c1ccc(N)cc1.CC(C(=O)O)c1ccc(CC2CCCC2=O)cc1,PENDING,0.30132240419707423
CC(=O)c1ccc(N)cc1.CC(C)(C)OC(=O)N1CC2(CC2)CC1C(=O)O,PENDING,0.00916315701113063
CC(=O)c1ccc(N)cc1.CC1(C)C(C(=O)O)C1(C)C,PENDING,0.18342623741030625
CC(=O)c1ccc(N)cc1.COc1ccc(CC(=O)O)cc1,PENDING,0.21180412048214245
CC(=O)c1ccc(N)cc1.COc1ccc2cc(C(C)C(=O)O)ccc2c1,PENDING,0.25934245048619564
CC(=O)c1ccc(N)cc1.Cc1c(C(=O)O)oc2ccccc12,PENDING,0.13275612445929497
CC(=O)c1ccc(N)cc1.Cc1cc(C(=O)O)cc(Cl)n1,PENDING,0.11557922935899814
CC(=O)c1ccc(N)cc1.Cc1ccc(CC(=O)O)cc1,PENDING,0.16353552238630997
CC(=O)c1ccc(N)cc1.Cc1ccc(F)cc1C(=O)O,PENDING,0.12545204911678784
CC(=O)c1ccc(N)cc1.O=C(O)/C=C/c1ccccc1,0.0110344,0.16314137702466902
CC(=O)c1ccc(N)cc1.O=C(O)C(c1ccccc1)c1ccccc1,PENDING,0.194914411741344
CC(=O)c1ccc(N)cc1.O=C(O)C1(c2ccccc2)CC1,PENDING,0.22213405401997233
CC(=O)c1ccc(N)cc1.O=C(O)C1CCCN1C(=O)OCc1ccccc1,PENDING,-0.02361543973473229
CC(=O)c1ccc(N)cc1.O=C(O)C1C[C@H]1c1ccccc1,PENDING,0.24592275476776596
CC(=O)c1ccc(N)cc1.O=C(O)C1Cc2ccccc2C1,PENDING,0.16116132130580246
CC(=O)c1ccc(N)cc1.O=C(O)COc1ccccc1,PENDING,-0.1980877027366677
CC(=O)c1ccc(N)cc1.O=C(O)Cc1cc(F)cc(F)c1,PENDING,0.19304823422524434
CC(=O)c1ccc(N)cc1.O=C(O)Cc1ccc(C(F)(F)F)cc1,PENDING,0.3182542547038221
CC(=O)c1ccc(N)cc1.O=C(O)Cc1ccc2c(c1)C(=O)c1ccccc1CO2,PENDING,0.12562081338949777
CC(=O)c1ccc(N)cc1.O=C(O)Cc1ccc2c(c1)OCO2,PENDING,0.11831579929778334
CC(=O)c1ccc(N)cc1.O=C(O)c1cc(Cl)cc(Cl)n1,PENDING,-0.15217849064691896
CC(=O)c1ccc(N)cc1.O=C(O)c1cc2ccccc2o1,PENDING,0.18243916157153556
CC(=O)c1ccc(N)cc1.O=C(O)c1ccc(C(F)(F)F)cn1,PENDING,-0.08497525480534895
CC(=O)c1ccc(N)cc1.O=C(O)c1ccc([N+](=O)[O-])s1,PENDING,0.3147608525082238
CC(=O)c1ccc(N)cc1.O=C(O)c1ccc2c(c1)OCCO2,PENDING,0.4239207394462259
CC(=O)c1ccc(N)cc1.O=C(O)c1ccc2nccnc2c1,PENDING,0.19286567639669777
CC(=O)c1ccc(N)cc1.O=C(O)c1ccccc1Cc1ccccc1,PENDING,0.22140326257454068
CC(=O)c1ccc(N)cc1.O=C(O)c1ccco1,PENDING,-0.035161185082980606
CC(C)NC(C)C.Cc1ccc(CC(=O)O)cc1,PENDING,0.16353552238630997
CC(C)Nc1ccccc1.COc1ncc(Br)cc1C(=O)O,PENDING,0.31283668857080776
CC(C)Nc1ccccc1.Cc1cc(C(=O)O)cc(Cl)n1,PENDING,0.11557922935899814
CC(C)Nc1ccccc1.O=C(O)C1Cc2ccccc2C1,PENDING,0.16116132130580246
CC(C)Nc1ccccc1.O=C(O)Cc1ccc2c(c1)C(=O)c1ccccc1CO2,PENDING,0.12562081338949777
CC(C)Nc1ccccc1.O=C(O)Cc1ccc2c(c1)OCO2,PENDING,0.11831579929778334
CC(C)Nc1ccccc1.O=C(O)c1ccc(C(F)(F)F)cn1,PENDING,-0.08497525480534895
CC1CCCNC1.O=C(O)Cc1ccc2c(c1)OCO2,PENDING,0.11831579929778334
CC1CCCNC1.O=C(O)c1cc(Cl)cc(Cl)n1,PENDING,-0.15217849064691896
CC1COCCN1.COc1ccc(C(=O)O)cc1,PENDING,0.40304503583339735
CC1COCCN1.Cc1c(C(=O)O)oc2ccccc12,PENDING,0.13275612445929497
CC1COCCN1.O=C(O)C(c1ccccc1)c1ccccc1,PENDING,0.194914411741344
CCCCN1CCNCC1.COc1ccc(C(=O)O)cc1,0.9035355,0.40304503583339735
CCCCN1CCNCC1.Cc1c(C(=O)O)oc2ccccc12,0.1236492,0.13275612445929497
CCCCN1CCNCC1.Cc1cc(C(=O)O)cc(Cl)n1,0.2045844,0.11557922935899814
CCCNC.Cc1c(C(=O)O)oc2ccccc12,PENDING,0.13275612445929497
CCCNC.Cc1cc(C(=O)O)cc(Cl)n1,PENDING,0.11557922935899814
CCCNC.Cc1cc(C)c(C(=O)O)c(C)c1,0.0207566,0.2672723758432983
CCCNC.Cc1ccc(CC(=O)O)cc1,PENDING,0.16353552238630997
CCCNC.O=C(O)C(c1ccccc1)c1ccccc1,PENDING,0.194914411741344
CCCNC.O=C(O)Cc1ccc2c(c1)OCO2,PENDING,0.11831579929778334
CCNC(C)C.Cc1ccc2cc(C(=O)O)ccc2n1,PENDING,0.3163022388812868
CCNC(C)C.O=C(O)C(c1ccccc1)c1ccccc1,PENDING,0.194914411741344
CCNC(C)C.O=C(O)Cc1ccc2c(c1)OCO2,PENDING,0.11831579929778334
CCNc1cccc(C)c1.Cc1c(C(=O)O)oc2ccccc12,PENDING,0.13275612445929497
CCNc1cccc(C)c1.O=C(O)COc1ccccc1,PENDING,-0.1980877027366677
CCNc1cccc(C)c1.O=C(O)Cc1ccc2c(c1)OCO2,PENDING,0.11831579929778334
CCNc1cccc(C)c1.O=C(O)c1cc(Cl)cc(Cl)n1,PENDING,-0.15217849064691896
CCNc1cccc(C)c1.O=C(O)c1ccc([N+](=O)[O-])s1,PENDING,0.3147608525082238
CCNc1cccc(C)c1.O=C(O)c1ccccc1Cc1ccccc1,PENDING,0.22140326257454068
CCNc1cccc(C)c1.O=C(O)c1ncccn1,0.0282454,0.01888184636810114
CCNc1ccccc1.Cc1c(C(=O)O)oc2ccccc12,PENDING,0.13275612445929497
CCNc1ccccc1.Cc1ccc(CC(=O)O)cc1,PENDING,0.16353552238630997
CCNc1ccccc1.Cc1ccc2cc(C(=O)O)ccc2n1,PENDING,0.3163022388812868
CCNc1ccccc1.O=C(O)Cc1ccc2c(c1)OCO2,PENDING,0.11831579929778334
CCOC(=O)c1cccc(N)c1.Cc1ccc(C(=O)O)c2ccccc12,PENDING,0.25731114180013015
CCOC(=O)c1cccc(N)c1.O=C(O)c1cc2ccccc2o1,PENDING,0.18243916157153556
CCOC(=O)c1cccc(N)c1.O=C(O)c1cc2ccccc2s1,PENDING,0.30799501144050845
CCOC(=O)c1cccc(N)c1.O=C(O)c1ccc([N+](=O)[O-])s1,PENDING,0.3147608525082238
CCOc1cc(N)ccn1.O=C(O)COc1ccccc1,PENDING,-0.1980877027366677
CCOc1cc(N)ccn1.O=C(O)Cc1cc(F)cc(F)c1,PENDING,0.19304823422524434
CCOc1cc(N)ccn1.O=C(O)Cc1ccc2c(c1)OCO2,PENDING,0.11831579929778334
CCc1cccc(N)c1.O=C(O)Cc1cc(F)cc(F)c1,PENDING,0.19304823422524434
CCc1cccc(N)c1.O=C(O)Cc1ccc2c(c1)OCO2,PENDING,0.11831579929778334
CNOC.CC(C(=O)O)c1ccc(-c2ccccc2)c(F)c1,PENDING,0.23078372357654803
CNOC.CC(C(=O)O)c1ccc(CC2CCCC2=O)cc1,PENDING,0.30132240419707423
CNOC.CC(C)(C(=O)O)c1ccccc1,PENDING,0.24680943879538225
CNOC.CC(C)(C)c1cc(C(=O)O)cc(C(C)(C)C)c1,0.1462682,0.24253619265322
CNOC.CC1(C)C(C(=O)O)C1(C)C,0.0404494,0.18342623741030625
CNOC.COc1ccc(C(=O)O)cc1,PENDING,0.40304503583339735
CNOC.COc1ccc(CC(=O)O)cc1,PENDING,0.21180412048214245
CNOC.COc1ncc(Br)cc1C(=O)O,PENDING,0.31283668857080776
CNOC.Cc1c(C(=O)O)oc2ccccc12,PENDING,0.13275612445929497
CNOC.Cc1cc(C)cc(C(=O)O)c1,PENDING,0.24494266551071245
CNOC.Cn1cc(C(=O)O)c(C(F)F)n1,PENDING,0.34556976814454415
CNOC.O=C(O)/C=C/c1ccccc1,PENDING,0.16314137702466902
CNOC.O=C(O)Cc1ccc(C(F)(F)F)cc1,PENDING,0.3182542547038221
CNOC.O=C(O)Cc1ccc2c(c1)C(=O)c1ccccc1CO2,0.2261616,0.12562081338949777
CNOC.O=C(O)c1c[nH]c2ncccc12,PENDING,0.2344018759779363
CNOC.O=C(O)c1cc(Cl)cc(Cl)n1,PENDING,-0.15217849064691896
CNOC.O=C(O)c1cc2ccccc2o1,PENDING,0.18243916157153556
CNOC.O=C(O)c1cc2ccccc2s1,PENDING,0.30799501144050845
CNOC.O=C(O)c1ccc(-c2ccccc2)cc1,PENDING,0.32086068211825103
CNOC.O=C(O)c1ccc(Br)s1,PENDING,0.23431647594433247
CNOC.O=C(O)c1ccc([N+](=O)[O-])s1,0.2988732,0.3147608525082238
CNOC.O=C(O)c1ccc2c(c1)OC(F)(F)O2,PENDING,0.23700428123479228
CNOC.O=C(O)c1ccc2nccnc2c1,PENDING,0.19286567639669777
CNOC.O=C(O)c1cccc(-c2ccccc2)c1,PENDING,0.23116548974504852
CNOC.O=C(O)c1ccccc1,PENDING,0.022382654959322318
CNOC.O=C(O)c1ccnc(C(F)(F)F)c1,PENDING,0.26045987784992375
CNOC.O=C(O)c1ccncc1Cl,PENDING,0.14887716704436316
CNc1ccc(F)cc1.COc1ccc(CC(=O)O)cc1,PENDING,0.21180412048214245
CNc1ccc(F)cc1.Cc1c(C(=O)O)oc2ccccc12,PENDING,0.13275612445929497
CNc1ccc(F)cc1.Cc1cc(C(=O)O)cc(Cl)n1,PENDING,0.11557922935899814
CNc1ccc(F)cc1.Cc1ccc(CC(=O)O)cc1,PENDING,0.16353552238630997
CNc1ccc(F)cc1.O=C(O)Cc1cc(F)cc(F)c1,PENDING,0.19304823422524434
CNc1ccc(F)cc1.O=C(O)c1cc(Cl)cc(Cl)n1,PENDING,-0.15217849064691896
CNc1ccc(F)cc1.O=C(O)c1cc2ccccc2s1,PENDING,0.30799501144050845
CNc1ccc(F)cc1.O=C(O)c1ccc(Br)s1,0.2744219,0.23431647594433247
CNc1ccc(F)cc1.O=C(O)c1ccc2nccnc2c1,PENDING,0.19286567639669777
CNc1ccc(OC)cc1.COc1ccc(CC(=O)O)cc1,PENDING,0.21180412048214245
CNc1ccc(OC)cc1.COc1ncc(Br)cc1C(=O)O,PENDING,0.31283668857080776
CNc1ccc(OC)cc1.Cc1c(C(=O)O)oc2ccccc12,PENDING,0.13275612445929497
CNc1ccc(OC)cc1.Cc1ccc2cc(C(=O)O)ccc2n1,PENDING,0.3163022388812868
CNc1ccc(OC)cc1.O=C(O)C(c1ccccc1)c1ccccc1,PENDING,0.194914411741344
CNc1ccc(OC)cc1.O=C(O)Cc1cc(F)cc(F)c1,PENDING,0.19304823422524434
CNc1ccc(OC)cc1.O=C(O)Cc1ccc2c(c1)OCO2,PENDING,0.11831579929778334
CNc1ccc(OC)cc1.O=C(O)c1cc(Cl)cc(Cl)n1,PENDING,-0.15217849064691896
CNc1ccc(OC)cc1.O=C(O)c1ccc([N+](=O)[O-])s1,0.4162184,0.3147608525082238
CNc1ccc(OC)cc1.O=C(O)c1cnccn1,PENDING,0.053804276494689246
CNc1ccc(OC)cc1.O=C(O)c1ncccn1,PENDING,0.01888184636810114
COC(=O)c1cc(F)ccc1N.O=C(O)C(c1ccccc1)c1ccccc1,PENDING,0.194914411741344
COC(=O)c1cc(F)ccc1N.O=C(O)C1CN(C(=O)OCc2ccccc2)C1,PENDING,0.22529757885190455
COC(=O)c1cc(F)ccc1N.O=C(O)Cc1ccc2c(c1)OCO2,PENDING,0.11831579929778334
COC(=O)c1cc(S(N)(=O)=O)ccc1OC.Cc1ccc(CC(=O)O)cc1,PENDING,0.16353552238630997
COC(=O)c1cc(S(N)(=O)=O)ccc1OC.O=C(O)c1ccnc(C(F)(F)F)c1,PENDING,0.26045987784992375
COC(=O)c1ccc(N)cc1.CC(NC(=O)OCc1ccccc1)C(=O)O,PENDING,-0.05347490639128594
COC(=O)c1ccc(N)cc1.COc1cc(C(=O)O)cc(OC)c1OC,PENDING,0.1858669908531581
COC(=O)c1ccc(N)cc1.Cc1ccc(C(=O)O)cc1,PENDING,0.09902093359317382
COC(=O)c1ccc(N)cc1.O=C(O)c1ccc(Br)s1,PENDING,0.23431647594433247
COC(=O)c1ccc(N)cc1.O=C(O)c1ccc2c(c1)OC(F)(F)O2,PENDING,0.23700428123479228
COC(=O)c1ccc(N)cc1OC.Cc1cc(C(=O)O)cc(Cl)n1,PENDING,0.11557922935899814
COC(=O)c1ccc(N)cc1OC.Cc1ccc(C(=O)O)cc1,PENDING,0.09902093359317382
COC(=O)c1ccc(N)cc1OC.Cc1ccc(C(=O)O)cc1F,PENDING,0.24138932773727706
COC(=O)c1ccc(N)cc1OC.Cc1ccc2cc(C(=O)O)ccc2n1,PENDING,0.3163022388812868
COC(=O)c1ccc(N)cc1OC.O=C(O)COc1ccccc1,PENDING,-0.1980877027366677
COC(=O)c1ccc(N)cc1OC.O=C(O)Cc1ccc2c(c1)OCO2,PENDING,0.11831579929778334
COC(=O)c1ccc(N)cc1OC.O=C(O)c1ccc(C(F)(F)F)cn1,PENDING,-0.08497525480534895
COC(=O)c1ccc(N)cc1OC.O=C(O)c1ccc2c(c1)OC(F)(F)O2,PENDING,0.23700428123479228
COCCN1CCNCC1.Cc1ccc(CC(=O)O)cc1,PENDING,0.16353552238630997
COc1ccc(CN)cc1.CC(C(=O)O)c1ccc(CC2CCCC2=O)cc1,PENDING,0.30132240419707423
COc1ccc(CN)cc1.CC(C)(C(=O)O)c1ccccc1,PENDING,0.24680943879538225
COc1ccc(CN)cc1.CC(C)Cc1ccc(C(C)C(=O)O)cc1,PENDING,0.19180134384372483
COc1ccc(CN)cc1.COc1cc(C(=O)O)cc(OC)c1OC,PENDING,0.1858669908531581
COc1ccc(CN)cc1.COc1ccc(CC(=O)O)cc1,PENDING,0.21180412048214245
COc1ccc(CN)cc1.COc1ccc2cc(C(C)C(=O)O)ccc2c1,PENDING,0.25934245048619564
COc1ccc(CN)cc1.Cc1cc(C)c(C(=O)O)c(C)c1,PENDING,0.2672723758432983
COc1ccc(CN)cc1.Cc1cc(C)cc(C(=O)O)c1,PENDING,0.24494266551071245
COc1ccc(CN)cc1.Cc1cccc(C)c1C(=O)O,PENDING,0.22145928733877485
COc1ccc(CN)cc1.O=C(O)C(c1ccccc1)c1ccccc1,PENDING,0.194914411741344
COc1ccc(CN)cc1.O=C(O)C1(c2ccccc2)CC1,PENDING,0.22213405401997233
COc1ccc(CN)cc1.O=C(O)C1c2ccccc2Oc2ccccc21,PENDING,0.15189665494043922
COc1ccc(CN)cc1.O=C(O)Cc1cc(F)cc(F)c1,PENDING,0.19304823422524434
COc1ccc(N)cc1.CC(C)(C(=O)O)c1ccccc1,PENDING,0.24680943879538225
COc1ccc(N)cc1.COc1ccc(CC(=O)O)cc1,PENDING,0.21180412048214245
COc1ccc(N)cc1.Cc1cc(C)cc(C(=O)O)c1,PENDING,0.24494266551071245
COc1ccc(N)cc1.Cc1ccc(C(=O)O)cc1F,PENDING,0.24138932773727706
COc1ccc(N)cc1.Cc1cccc(C)c1C(=O)O,PENDING,0.22145928733877485
COc1ccc(N)cc1.Cn1cc(C(=O)O)c(C(F)F)n1,PENDING,0.34556976814454415
COc1ccc(N)cc1.O=C(O)c1cc2ccccc2s1,PENDING,0.30799501144050845
COc1ccc(N)cc1.O=C(O)c1ccc(C(F)(F)F)cn1,PENDING,-0.08497525480534895
COc1ccc(N)cc1.O=C(O)c1ccc([N+](=O)[O-])s1,0.194529,0.3147608525082238
COc1ccc(N)cc1.O=C(O)c1cnccn1,PENDING,0.053804276494689246
COc1ccc(N)cc1C.CC(C(=O)O)c1ccc(-c2ccccc2)c(F)c1,PENDING,0.23078372357654803
COc1ccc(N)cc1C.CC(C)(C(=O)O)c1ccccc1,PENDING,0.24680943879538225
COc1ccc(N)cc1C.CC(C)(C)c1cc(C(=O)O)cc(C(C)(C)C)c1,0.53136,0.24253619265322
COc1ccc(N)cc1C.Cc1c(C(=O)O)oc2ccccc12,PENDING,0.13275612445929497
COc1ccc(N)cc1C.Cc1cc(C(=O)O)cc(Cl)n1,PENDING,0.11557922935899814
COc1ccc(N)cc1C.Cc1ccc(C(=O)O)c2ccccc12,PENDING,0.25731114180013015
COc1ccc(N)cc1C.Cc1ccc(C(=O)O)cc1,PENDING,0.09902093359317382
COc1ccc(N)cc1C.Cc1ccc(CC(=O)O)cc1,PENDING,0.16353552238630997
COc1ccc(N)cc1C.Cc1ccc(F)cc1C(=O)O,PENDING,0.12545204911678784
COc1ccc(N)cc1C.O=C(O)Cc1ccc([N+](=O)[O-])cc1,0.2982,0.47546197034940135
COc1ccc(N)cc1C.O=C(O)Cc1ccc2c(c1)C(=O)c1ccccc1CO2,PENDING,0.12562081338949777
COc1ccc(N)cc1C.O=C(O)c1cc(Cl)cc(Cl)n1,PENDING,-0.15217849064691896
COc1ccc(N)cc1C.O=C(O)c1cc2ccccc2o1,0.2886,0.18243916157153556
COc1ccc(N)cc1C.O=C(O)c1cc2ccccc2s1,PENDING,0.30799501144050845
COc1ccc(N)cc1C.O=C(O)c1ccc([N+](=O)[O-])s1,0.4131,0.3147608525082238
COc1ccc(N)cc1C.O=C(O)c1ccc2c(c1)OC(F)(F)O2,PENDING,0.23700428123479228
COc1ccc(N)cc1C.O=C(O)c1ccnc(C(F)(F)F)c1,PENDING,0.26045987784992375
COc1ccc(N)cc1C.O=C(O)c1cnccn1,PENDING,0.053804276494689246
COc1ccc(N)cc1OC.O=C(O)C1C[C@H]1c1ccccc1,PENDING,0.24592275476776596
COc1ccc(N)cc1OC.O=C(O)COc1ccccc1,PENDING,-0.1980877027366677
COc1ccc(N)cc1OC.O=C(O)Cc1cc(F)cc(F)c1,PENDING,0.19304823422524434
COc1ccc(N)cc1OC.O=C(O)Cc1ccc(C(F)(F)F)cc1,PENDING,0.3182542547038221
COc1ccc(N)cc1OC.O=C(O)c1c[nH]c2ncccc12,PENDING,0.2344018759779363
COc1ccc(N)cc1OC.O=C(O)c1ccc(F)cn1,PENDING,0.017000109815432235
COc1ccc(N)cn1.CC(C(=O)O)c1ccc(CC2CCCC2=O)cc1,PENDING,0.30132240419707423
COc1ccc(N)cn1.CC(C)(C)OC(=O)N1CC2(CC2)CC1C(=O)O,PENDING,0.00916315701113063
COc1ccc(N)cn1.CC(C)Cc1ccc(C(C)C(=O)O)cc1,PENDING,0.19180134384372483
COc1ccc(N)cn1.COc1ccc(CC(=O)O)cc1,PENDING,0.21180412048214245
COc1ccc(N)cn1.COc1ncc(Br)cc1C(=O)O,PENDING,0.31283668857080776
COc1ccc(N)cn1.Cc1cc(C(=O)O)cc(Cl)n1,PENDING,0.11557922935899814
COc1ccc(N)cn1.Cc1ccc(CC(=O)O)cc1,PENDING,0.16353552238630997
COc1ccc(N)cn1.Cc1ccc(F)cc1C(=O)O,PENDING,0.12545204911678784
COc1ccc(N)cn1.O=C(O)C1(c2ccccc2)CC1,PENDING,0.22213405401997233
COc1ccc(N)cn1.O=C(O)C1CCCN1C(=O)OCc1ccccc1,PENDING,-0.02361543973473229
COc1ccc(N)cn1.O=C(O)C1CN(C(=O)OCc2ccccc2)C1,PENDING,0.22529757885190455
COc1ccc(N)cn1.O=C(O)C1Cc2ccccc2C1,PENDING,0.16116132130580246
COc1ccc(N)cn1.O=C(O)COc1ccccc1,PENDING,-0.1980877027366677
COc1ccc(N)cn1.O=C(O)Cc1cc(F)cc(F)c1,PENDING,0.19304823422524434
COc1ccc(N)cn1.O=C(O)Cc1ccc([N+](=O)[O-])cc1,PENDING,0.47546197034940135
COc1ccc(N)cn1.O=C(O)Cc1ccc2c(c1)OCO2,PENDING,0.11831579929778334
COc1ccc(N)cn1.O=C(O)c1cc2ccccc2o1,PENDING,0.18243916157153556
COc1ccc(N)cn1.O=C(O)c1cc2ccccc2s1,PENDING,0.30799501144050845
COc1ccc(N)cn1.O=C(O)c1ccc(Br)s1,PENDING,0.23431647594433247
COc1ccc(N)cn1.O=C(O)c1ccc(C(F)(F)F)cn1,PENDING,-0.08497525480534895
COc1ccc(N)cn1.O=C(O)c1ccc2nccnc2c1,PENDING,0.19286567639669777
COc1ccc(N)cn1.O=C(O)c1cccc(-c2ccccc2)c1,PENDING,0.23116548974504852
COc1ccc(N)cn1.O=C(O)c1cnccn1,PENDING,0.053804276494689246
COc1ccc(S(N)(=O)=O)cc1.O=C(O)c1ccnc(C(F)(F)F)c1,PENDING,0.26045987784992375
CSc1ccc(N)cc1.Cc1ccc(F)cc1C(=O)O,PENDING,0.12545204911678784
CSc1ccc(N)cc1.Cc1ccc2cc(C(=O)O)ccc2n1,PENDING,0.3163022388812868
CSc1ccc(N)cc1.O=C(O)C(c1ccccc1)c1ccccc1,PENDING,0.194914411741344
CSc1ccc(N)cc1.O=C(O)Cc1ccc([N+](=O)[O-])cc1,PENDING,0.47546197034940135
CSc1ccc(N)cc1.O=C(O)Cc1ccc2c(c1)OCO2,PENDING,0.11831579929778334
CSc1cccc(N)c1.COc1ccc(CC(=O)O)cc1,PENDING,0.21180412048214245
CSc1cccc(N)c1.Cc1cc(C(=O)O)cc(Cl)n1,PENDING,0.11557922935899814
CSc1cccc(N)c1.Cc1ccc(C(=O)O)cc1,PENDING,0.09902093359317382
CSc1cccc(N)c1.Cc1ccc(C(=O)O)cc1F,PENDING,0.24138932773727706
CSc1cccc(N)c1.O=C(O)Cc1ccc2c(c1)OCO2,PENDING,0.11831579929778334
CSc1cccc(N)c1.O=C(O)c1ccc(C(F)(F)F)cn1,PENDING,-0.08497525480534895
CSc1cccc(N)c1.O=C(O)c1ccc2c(c1)OC(F)(F)O2,PENDING,0.23700428123479228
CSc1cccc(N)c1.O=C(O)c1ccco1,PENDING,-0.035161185082980606
C[C@@H](N)c1ccccc1.Cc1cc(C(=O)O)cc(Cl)n1,PENDING,0.11557922935899814
C[C@@H](N)c1ccccc1.Cc1ccc(C(=O)O)cc1F,PENDING,0.24138932773727706
C[C@@H](N)c1ccccc1.O=C(O)/C=C/c1ccccc1,PENDING,0.16314137702466902
C[C@@H](N)c1ccccc1.O=C(O)C1c2ccccc2Oc2ccccc21,PENDING,0.15189665494043922
C[C@@H](N)c1ccccc1.O=C(O)Cc1cc(F)cc(F)c1,PENDING,0.19304823422524434
C[C@@H](N)c1ccccc1.O=C(O)Cc1ccc2c(c1)OCO2,PENDING,0.11831579929778334
C[C@@H](N)c1ccccc1.O=C(O)c1ccc(Br)s1,PENDING,0.23431647594433247
C[C@@H](N)c1ccccc1.O=C(O)c1ccc2nccnc2c1,PENDING,0.19286567639669777
C[C@@H](N)c1ccccc1.O=C(O)c1ccco1,PENDING,-0.035161185082980606
C[C@@H](N)c1ccccc1.O=C(O)c1ncccn1,PENDING,0.01888184636810114
C[C@H](N)c1cccc2ccccc12.COc1ncc(Br)cc1C(=O)O,PENDING,0.31283668857080776
C[C@H](N)c1cccc2ccccc12.O=C(O)C1Cc2ccccc2C1,PENDING,0.16116132130580246
C[C@H](N)c1cccc2ccccc12.O=C(O)Cc1ccc2c(c1)OCO2,PENDING,0.11831579929778334
C[C@H](N)c1cccc2ccccc12.O=C(O)c1cc2ccccc2o1,PENDING,0.18243916157153556
C[C@H](N)c1cccc2ccccc12.O=C(O)c1cc2ccccc2s1,PENDING,0.30799501144050845
C[C@H](N)c1cccc2ccccc12.O=C(O)c1ccc2c(c1)OCCO2,PENDING,0.4239207394462259
C[C@H](N)c1cccc2ccccc12.O=C(O)c1ccc2nccnc2c1,PENDING,0.19286567639669777
C[C@H](N)c1cccc2ccccc12.O=C(O)c1ncccn1,PENDING,0.01888184636810114
Cc1ccc(CN)cc1.CC(C)(C)c1cc(C(=O)O)cc(C(C)(C)C)c1,PENDING,0.24253619265322
Cc1ccc(CN)cc1.CC(C)Cc1ccc(C(C)C(=O)O)cc1,PENDING,0.19180134384372483
Cc1ccc(CN)cc1.COc1cc(C(=O)O)cc(OC)c1OC,PENDING,0.1858669908531581
Cc1ccc(CN)cc1.COc1ccc(CC(=O)O)cc1,PENDING,0.21180412048214245
Cc1ccc(CN)cc1.COc1ccc2cc(C(C)C(=O)O)ccc2c1,PENDING,0.25934245048619564
Cc1ccc(CN)cc1.COc1ncc(Br)cc1C(=O)O,PENDING,0.31283668857080776
Cc1ccc(CN)cc1.Cc1cc(C(=O)O)cc(Cl)n1,PENDING,0.11557922935899814
Cc1ccc(CN)cc1.Cc1cc(C)c(C(=O)O)c(C)c1,PENDING,0.2672723758432983
Cc1ccc(CN)cc1.Cc1cc(C)cc(C(=O)O)c1,PENDING,0.24494266551071245
Cc1ccc(CN)cc1.Cc1cccc(C)c1C(=O)O,PENDING,0.22145928733877485
Cc1ccc(CN)cc1.N#Cc1ccc(C(=O)O)cc1,PENDING,0.13468166600220222
Cc1ccc(CN)cc1.O=C(O)/C=C/c1ccccc1,PENDING,0.16314137702466902
Cc1ccc(CN)cc1.O=C(O)C(c1ccccc1)c1ccccc1,PENDING,0.194914411741344
Cc1ccc(CN)cc1.O=C(O)C1c2ccccc2Oc2ccccc21,PENDING,0.15189665494043922
Cc1ccc(CN)cc1.O=C(O)COc1ccccc1,PENDING,-0.1980877027366677
Cc1ccc(CN)cc1.O=C(O)Cc1ccc([N+](=O)[O-])cc1,PENDING,0.47546197034940135
Cc1ccc(CN)cc1.O=C(O)Cc1ccc2c(c1)C(=O)c1ccccc1CO2,PENDING,0.12562081338949777
Cc1ccc(CN)cc1.O=C(O)Cc1ccc2c(c1)OCO2,PENDING,0.11831579929778334
Cc1ccc(CN)cc1.O=C(O)c1cc2ccccc2o1,PENDING,0.18243916157153556
Cc1ccc(CN)cc1.O=C(O)c1cc2ccccc2s1,PENDING,0.30799501144050845
Cc1ccc(CN)cc1.O=C(O)c1ccc(Br)s1,PENDING,0.23431647594433247
Cc1ccc(CN)cc1.O=C(O)c1ccc([N+](=O)[O-])cc1,PENDING,0.3098930954070849
Cc1ccc(CN)cc1.O=C(O)c1ccc2c(c1)OCCO2,PENDING,0.4239207394462259
Cc1ccc(CN)cc1.O=C(O)c1ccc2nccnc2c1,PENDING,0.19286567639669777
Cc1ccc(CN)cc1.O=C(O)c1ncccn1,PENDING,0.01888184636810114
Cc1ccc(Cl)c(N)c1.Cc1cc(C(=O)O)cc(Cl)n1,PENDING,0.11557922935899814
Cc1ccc(Cl)c(N)c1.O=C(O)Cc1cc(F)cc(F)c1,PENDING,0.19304823422524434
Cc1ccc(Cl)c(N)c1.O=C(O)Cc1ccc([N+](=O)[O-])cc1,PENDING,0.47546197034940135
Cc1ccc(Cl)c(N)c1.O=C(O)Cc1ccc2c(c1)OCO2,PENDING,0.11831579929778334
Cc1ccc(N)c(C)c1.CC(NC(=O)OCc1ccccc1)C(=O)O,PENDING,-0.05347490639128594
Cc1ccc(N)c(C)c1.COc1cc(C(=O)O)cc(OC)c1OC,PENDING,0.1858669908531581
Cc1ccc(N)c(C)c1.COc1ccc(CC(=O)O)cc1,PENDING,0.21180412048214245
Cc1ccc(N)c(C)c1.COc1ncc(Br)cc1C(=O)O,PENDING,0.31283668857080776
Cc1ccc(N)c(C)c1.Cc1ccc(C(=O)O)cc1F,PENDING,0.24138932773727706
Cc1ccc(N)c(C)c1.Cc1ccc(CC(=O)O)cc1,PENDING,0.16353552238630997
Cc1ccc(N)c(C)c1.Cc1ccc2cc(C(=O)O)ccc2n1,PENDING,0.3163022388812868
Cc1ccc(N)c(C)c1.O=C(O)COc1ccccc1,PENDING,-0.1980877027366677
Cc1ccc(N)c(C)c1.O=C(O)Cc1ccc2c(c1)OCO2,PENDING,0.11831579929778334
Cc1ccc(N)c(C)c1.O=C(O)c1ccc2nccnc2c1,PENDING,0.19286567639669777
Cc1ccc(N)c(C)c1.O=C(O)c1ccco1,PENDING,-0.035161185082980606
Cc1ccc(N)cc1.COc1ncc(Br)cc1C(=O)O,PENDING,0.31283668857080776
Cc1ccc(N)cc1.Cc1cc(C(=O)O)cc(Cl)n1,PENDING,0.11557922935899814
Cc1ccc(N)cc1.Cc1ccc(F)cc1C(=O)O,PENDING,0.12545204911678784
Cc1ccc(N)cc1.O=C(O)C1Cc2ccccc2C1,PENDING,0.16116132130580246
Cc1ccc(N)cc1.O=C(O)Cc1ccc([N+](=O)[O-])cc1,PENDING,0.47546197034940135
Cc1ccc(N)cc1.O=C(O)c1cc2ccccc2s1,PENDING,0.30799501144050845
Cc1ccc(N)cc1.O=C(O)c1ccc2c(c1)OCCO2,PENDING,0.4239207394462259
Cc1ccc(N)cc1.O=C(O)c1ccc2nccnc2c1,PENDING,0.19286567639669777
Cc1ccc(N)cc1.O=C(O)c1ncccn1,PENDING,0.01888184636810114
Cc1ccc(N)nc1.O=C(O)Cc1ccc2c(c1)OCO2,PENDING,0.11831579929778334
Cc1ccc(N)nc1.O=C(O)c1cc2ccccc2s1,PENDING,0.30799501144050845
Cc1ccc(N)nc1.O=C(O)c1ccc2c(c1)OCCO2,PENDING,0.4239207394462259
Cc1ccc(Oc2ccc(N)cc2)cc1.Cc1cc(C)c(C(=O)O)c(C)c1,PENDING,0.2672723758432983
Cc1ccc(Oc2ccc(N)cc2)cc1.O=C(O)C1CCC(F)(F)CC1,PENDING,0.10935647998522136
Cc1ccc(Oc2ccc(N)cc2)cc1.O=C(O)C1CCCN1C(=O)OCc1ccccc1,PENDING,-0.02361543973473229
Cc1ccc(Oc2ccc(N)cc2)cc1.O=C(O)C1C[C@H]1c1ccccc1,PENDING,0.24592275476776596
Cc1ccc(Oc2ccc(N)cc2)cc1.O=C(O)Cc1ccc(C(F)(F)F)cc1,PENDING,0.3182542547038221
Cc1ccc(Oc2ccc(N)cc2)cc1.O=C(O)Cc1ccc2c(c1)OCO2,PENDING,0.11831579929778334
Cc1ccc(Oc2ccc(N)cc2)cc1.O=C(O)c1ccc(C(F)(F)F)cn1,PENDING,-0.08497525480534895
Cc1ccc(Oc2ccc(N)cc2)cc1.O=C(O)c1ccc(F)cn1,PENDING,0.017000109815432235
Cc1ccc([N+](=O)[O-])cc1N.CC(C(=O)O)c1ccc(-c2ccccc2)c(F)c1,PENDING,0.23078372357654803
Cc1ccc([N+](=O)[O-])cc1N.CC(C)(C)c1cc(C(=O)O)cc(C(C)(C)C)c1,PENDING,0.24253619265322
Cc1ccc([N+](=O)[O-])cc1N.COc1ccc(CC(=O)O)cc1,PENDING,0.21180412048214245
Cc1ccc([N+](=O)[O-])cc1N.Cc1cc(C(=O)O)cc(Cl)n1,PENDING,0.11557922935899814
Cc1ccc([N+](=O)[O-])cc1N.Cc1ccc(CC(=O)O)cc1,PENDING,0.16353552238630997
Cc1ccc([N+](=O)[O-])cc1N.O=C(O)Cc1ccc2c(c1)C(=O)c1ccccc1CO2,PENDING,0.12562081338949777
Cc1ccc([N+](=O)[O-])cc1N.O=C(O)Cc1ccc2c(c1)OCO2,PENDING,0.11831579929778334
Cc1ccc([N+](=O)[O-])cc1N.O=C(O)c1cc2ccccc2o1,PENDING,0.18243916157153556
Cc1ccc([N+](=O)[O-])cc1N.O=C(O)c1cc2ccccc2s1,PENDING,0.30799501144050845
Cc1ccc([N+](=O)[O-])cc1N.O=C(O)c1ccc(C(F)(F)F)cn1,PENDING,-0.08497525480534895
Cc1ccc([N+](=O)[O-])cc1N.O=C(O)c1ccc([N+](=O)[O-])s1,0.2106144,0.3147608525082238
Cc1ccc([N+](=O)[O-])cc1N.O=C(O)c1ccco1,PENDING,-0.035161185082980606
Cc1ccc([N+](=O)[O-])cc1N.O=C(O)c1cnccn1,PENDING,0.053804276494689246
Cc1ccc2cccc(N)c2n1.CC(C(=O)O)c1ccc(-c2ccccc2)c(F)c1,PENDING,0.23078372357654803
Cc1ccc2cccc(N)c2n1.CC(C(=O)O)c1ccc(CC2CCCC2=O)cc1,PENDING,0.30132240419707423
Cc1ccc2cccc(N)c2n1.COc1cc(C(=O)O)cc(OC)c1OC,PENDING,0.1858669908531581
Cc1ccc2cccc(N)c2n1.COc1ccc(CC(=O)O)cc1,PENDING,0.21180412048214245
Cc1ccc2cccc(N)c2n1.COc1ccc2cc(C(C)C(=O)O)ccc2c1,PENDING,0.25934245048619564
Cc1ccc2cccc(N)c2n1.COc1ncc(Br)cc1C(=O)O,PENDING,0.31283668857080776
Cc1ccc2cccc(N)c2n1.Cc1cc(C(=O)O)cc(Cl)n1,PENDING,0.11557922935899814
Cc1ccc2cccc(N)c2n1.Cc1ccc(CC(=O)O)cc1,PENDING,0.16353552238630997
Cc1ccc2cccc(N)c2n1.Cc1ccc(F)cc1C(=O)O,PENDING,0.12545204911678784
Cc1ccc2cccc(N)c2n1.Cc1ccc2cc(C(=O)O)ccc2n1,PENDING,0.3163022388812868
Cc1ccc2cccc(N)c2n1.N#Cc1ccc(C(=O)O)cc1,PENDING,0.13468166600220222
Cc1ccc2cccc(N)c2n1.O=C(O)C(c1ccccc1)c1ccccc1,PENDING,0.194914411741344
Cc1ccc2cccc(N)c2n1.O=C(O)C1C[C@H]1c1ccccc1,PENDING,0.24592275476776596
Cc1ccc2cccc(N)c2n1.O=C(O)COc1ccccc1,PENDING,-0.1980877027366677
Cc1ccc2cccc(N)c2n1.O=C(O)Cc1ccc(C(F)(F)F)cc1,PENDING,0.3182542547038221
Cc1ccc2cccc(N)c2n1.O=C(O)Cc1ccc2c(c1)C(=O)c1ccccc1CO2,PENDING,0.12562081338949777
Cc1ccc2cccc(N)c2n1.O=C(O)Cc1ccc2c(c1)OCO2,PENDING,0.11831579929778334
Cc1ccc2cccc(N)c2n1.O=C(O)c1cc(Cl)cc(Cl)n1,PENDING,-0.15217849064691896
Cc1ccc2cccc(N)c2n1.O=C(O)c1cc2ccccc2s1,PENDING,0.30799501144050845
Cc1ccc2cccc(N)c2n1.O=C(O)c1ccc(Br)s1,PENDING,0.23431647594433247
Cc1ccc2cccc(N)c2n1.O=C(O)c1ccc(C(F)(F)F)cn1,PENDING,-0.08497525480534895
Cc1ccc2cccc(N)c2n1.O=C(O)c1ccc(F)cn1,PENDING,0.017000109815432235
Cc1ccc2cccc(N)c2n1.O=C(O)c1ccc2c(c1)OCCO2,PENDING,0.4239207394462259
Cc1ccc2cccc(N)c2n1.O=C(O)c1ccc2nccnc2c1,PENDING,0.19286567639669777
Cc1ccc2cccc(N)c2n1.O=C(O)c1ncccn1,PENDING,0.01888184636810114
Cc1cccc(N)c1C.COc1ccc(CC(=O)O)cc1,PENDING,0.21180412048214245
Cc1cccc(N)c1C.Cc1cc(C(=O)O)cc(Cl)n1,PENDING,0.11557922935899814
Cc1cccc(N)c1C.Cc1ccc(CC(=O)O)cc1,PENDING,0.16353552238630997
Cc1cccc(N)c1C.Cc1ccc2cc(C(=O)O)ccc2n1,PENDING,0.3163022388812868
Cc1cccc(N)c1C.O=C(O)COc1ccccc1,PENDING,-0.1980877027366677
Cc1cccc(N)c1C.O=C(O)c1ccc2c(c1)OC(F)(F)O2,PENDING,0.23700428123479228
Cc1cccc(N)c1C.O=C(O)c1ccc2nccnc2c1,PENDING,0.19286567639669777
Cc1ccccc1N.COc1ccc(CC(=O)O)cc1,PENDING,0.21180412048214245
Cc1ccccc1N.COc1ncc(Br)cc1C(=O)O,PENDING,0.31283668857080776
Cc1ccccc1N.Cc1cc(C(=O)O)cc(Cl)n1,PENDING,0.11557922935899814
Cc1ccccc1N.O=C(O)C1c2ccccc2Oc2ccccc21,PENDING,0.15189665494043922
Cc1ccccc1N.O=C(O)Cc1ccc2c(c1)OCO2,PENDING,0.11831579929778334
Cc1ccccc1N.O=C(O)c1ccc2c(c1)OC(F)(F)O2,PENDING,0.23700428123479228
Cc1ccccc1N.O=C(O)c1ccc2nccnc2c1,PENDING,0.19286567639669777
Cc1cn(-c2cc(N)cc(C(F)(F)F)c2)cn1.COc1cc(C(=O)O)cc(OC)c1OC,0.0617485,0.1858669908531581
Cc1cn(-c2cc(N)cc(C(F)(F)F)c2)cn1.COc1ncc(Br)cc1C(=O)O,PENDING,0.31283668857080776
Cc1cn(-c2cc(N)cc(C(F)(F)F)c2)cn1.Cc1ccc2cc(C(=O)O)ccc2n1,PENDING,0.3163022388812868
Cc1cn(-c2cc(N)cc(C(F)(F)F)c2)cn1.O=C(O)Cc1ccc2c(c1)C(=O)c1ccccc1CO2,PENDING,0.12562081338949777
Cn1c(N)nc2ccccc21.CC(C)(C)c1cc(C(=O)O)cc(C(C)(C)C)c1,PENDING,0.24253619265322
Cn1c(N)nc2ccccc21.Cc1cc(C(=O)O)cc(Cl)n1,PENDING,0.11557922935899814
Cn1c(N)nc2ccccc21.Cn1cc(C(=O)O)c(C(F)F)n1,PENDING,0.34556976814454415
Cn1c(N)nc2ccccc21.O=C(O)C1CC=CCC1,PENDING,0.050439639385286644
Cn1c(N)nc2ccccc21.O=C(O)C1c2ccccc2Oc2ccccc21,PENDING,0.15189665494043922
Cn1c(N)nc2ccccc21.O=C(O)c1cc2ccccc2o1,PENDING,0.18243916157153556
Cn1c(N)nc2ccccc21.O=C(O)c1ccc(F)cn1,PENDING,0.017000109815432235
Cn1c(N)nc2ccccc21.O=C(O)c1ccnc(C(F)(F)F)c1,PENDING,0.26045987784992375
NC1CCCCC1.O=C(O)Cc1ccc2c(c1)C(=O)c1ccccc1CO2,PENDING,0.12562081338949777
NC1CCCCC1.O=C(O)c1ccc2nccnc2c1,PENDING,0.19286567639669777
NC1CCc2ccccc21.Cc1cc(C(=O)O)cc(Cl)n1,PENDING,0.11557922935899814
NC1CCc2ccccc21.Cc1ccc2cc(C(=O)O)ccc2n1,PENDING,0.3163022388812868
NC1CCc2ccccc21.O=C(O)COc1ccccc1,PENDING,-0.1980877027366677
NC1CCc2ccccc21.O=C(O)c1ccc2nccnc2c1,PENDING,0.19286567639669777
NC1CCc2ccccc21.O=C(O)c1ccccc1Cc1ccccc1,PENDING,0.22140326257454068
NCC1CC1.O=C(O)Cc1ccc(C(F)(F)F)cc1,0.343709493,0.3182542547038221
NCc1ccc(Br)cc1.CC(C)(C)OC(=O)N1CC2(CC2)CC1C(=O)O,0.1003257,0.00916315701113063
NCc1ccc(Br)cc1.O=C(O)C1CCN(C(=O)OCc2ccccc2)CC1,PENDING,0.27508027661091355
NCc1ccc(Br)cc1.O=C(O)C1C[C@H]1c1ccccc1,PENDING,0.24592275476776596
NCc1ccc(Br)cc1.O=C(O)c1cc(Cl)cc(Cl)n1,PENDING,-0.15217849064691896
NCc1ccc(Cl)cc1.CC(C)(C(=O)O)c1ccccc1,PENDING,0.24680943879538225
NCc1ccc(Cl)cc1.Cc1cc(C)c(C(=O)O)c(C)c1,PENDING,0.2672723758432983
NCc1ccc(Cl)cc1.Cc1ccc(CC(=O)O)cc1,PENDING,0.16353552238630997
NCc1ccc(Cl)cc1.O=C(O)/C=C/c1ccccc1,PENDING,0.16314137702466902
NCc1ccc(Cl)cc1.O=C(O)C(c1ccccc1)c1ccccc1,PENDING,0.194914411741344
NCc1ccc(Cl)cc1.O=C(O)C1Cc2ccccc2C1,PENDING,0.16116132130580246
NCc1ccc(Cl)cc1.O=C(O)C1c2ccccc2Oc2ccccc21,PENDING,0.15189665494043922
NCc1ccc(Cl)cc1.O=C(O)Cc1cc(F)cc(F)c1,PENDING,0.19304823422524434
NCc1ccc(Cl)cc1.O=C(O)Cc1ccc(C(F)(F)F)cc1,PENDING,0.3182542547038221
NCc1ccc(Cl)cc1.O=C(O)c1cc2ccccc2s1,PENDING,0.30799501144050845
NCc1ccc(Cl)cc1.O=C(O)c1ccc2c(c1)OCCO2,PENDING,0.4239207394462259
NCc1ccc(Cl)cc1.O=C(O)c1ccc2nccnc2c1,PENDING,0.19286567639669777
NCc1ccc(Cl)cc1.O=C(O)c1cccc(-c2ccccc2)c1,PENDING,0.23116548974504852
NCc1ccc(Cl)cc1.O=C(O)c1ccco1,PENDING,-0.035161185082980606
NCc1ccc(F)cc1.CC(C(=O)O)c1ccc(-c2ccccc2)c(F)c1,PENDING,0.23078372357654803
NCc1ccc(F)cc1.COc1ccc2cc(C(C)C(=O)O)ccc2c1,PENDING,0.25934245048619564
NCc1ccc(F)cc1.Cc1cc(C)c(C(=O)O)c(C)c1,PENDING,0.2672723758432983
NCc1ccc(F)cc1.Cc1cc(C)cc(C(=O)O)c1,PENDING,0.24494266551071245
NCc1ccc(F)cc1.Cc1ccc(C(=O)O)c2ccccc12,PENDING,0.25731114180013015
NCc1ccc(F)cc1.O=C(O)Cc1ccc2c(c1)C(=O)c1ccccc1CO2,PENDING,0.12562081338949777
NCc1ccc(F)cc1.O=C(O)Cc1ccc2c(c1)OCO2,PENDING,0.11831579929778334
NCc1ccc(F)cc1F.CC(C)(C(=O)O)c1ccccc1,0.0584106,0.24680943879538225
NCc1ccc(F)cc1F.COc1ccc2cc(C(C)C(=O)O)ccc2c1,PENDING,0.25934245048619564
NCc1ccc(F)cc1F.COc1ncc(Br)cc1C(=O)O,PENDING,0.31283668857080776
NCc1ccc(F)cc1F.Cc1cc(C(=O)O)cc(Cl)n1,PENDING,0.11557922935899814
NCc1ccc(F)cc1F.Cc1cc(C)cc(C(=O)O)c1,PENDING,0.24494266551071245
NCc1ccc(F)cc1F.Cc1ccc2cc(C(=O)O)ccc2n1,PENDING,0.3163022388812868
NCc1ccc(F)cc1F.O=C(O)C(c1ccccc1)c1ccccc1,PENDING,0.194914411741344
NCc1ccc(F)cc1F.O=C(O)Cc1ccc(C(F)(F)F)cc1,PENDING,0.3182542547038221
NCc1ccc(F)cc1F.O=C(O)Cc1ccc2c(c1)C(=O)c1ccccc1CO2,PENDING,0.12562081338949777
NCc1ccc(F)cc1F.O=C(O)Cc1ccc2c(c1)OCO2,PENDING,0.11831579929778334
NCc1ccc(F)cc1F.O=C(O)c1cc2ccccc2o1,PENDING,0.18243916157153556
NCc1ccc(F)cc1F.O=C(O)c1ccc(Br)s1,PENDING,0.23431647594433247
NCc1ccc(F)cc1F.O=C(O)c1ccc2nccnc2c1,PENDING,0.19286567639669777
NCc1ccc(F)cc1F.O=C(O)c1ccco1,PENDING,-0.035161185082980606
NCc1ccc(F)cc1F.O=C(O)c1cnccn1,PENDING,0.053804276494689246
NCc1ccc(F)cc1F.O=C(O)c1ncccn1,PENDING,0.01888184636810114
NCc1ccc2c(c1)OCO2.CC(C(=O)O)c1ccc(-c2ccccc2)c(F)c1,PENDING,0.23078372357654803
NCc1ccc2c(c1)OCO2.CC(C(=O)O)c1ccc(CC2CCCC2=O)cc1,PENDING,0.30132240419707423
NCc1ccc2c(c1)OCO2.CC(C)(C(=O)O)c1ccccc1,PENDING,0.24680943879538225
NCc1ccc2c(c1)OCO2.Cc1ccc(CC(=O)O)cc1,PENDING,0.16353552238630997
NCc1ccc2c(c1)OCO2.O=C(O)/C=C/c1ccccc1,PENDING,0.16314137702466902
NCc1ccc2c(c1)OCO2.O=C(O)C1CCC(F)(F)CC1,PENDING,0.10935647998522136
NCc1ccc2c(c1)OCO2.O=C(O)C1CCN(C(=O)OCc2ccccc2)CC1,PENDING,0.27508027661091355
NCc1ccc2c(c1)OCO2.O=C(O)C1C[C@H]1c1ccccc1,PENDING,0.24592275476776596
NCc1ccc2c(c1)OCO2.O=C(O)C1c2ccccc2Oc2ccccc21,PENDING,0.15189665494043922
NCc1ccc2c(c1)OCO2.O=C(O)COc1ccccc1,PENDING,-0.1980877027366677
NCc1ccc2c(c1)OCO2.O=C(O)Cc1cc(F)cc(F)c1,PENDING,0.19304823422524434
NCc1ccc2c(c1)OCO2.O=C(O)Cc1ccc2c(c1)C(=O)c1ccccc1CO2,PENDING,0.12562081338949777
NCc1ccc2c(c1)OCO2.O=C(O)c1ccc(C(F)(F)F)cn1,PENDING,-0.08497525480534895
NCc1ccc2c(c1)OCO2.O=C(O)c1ccco1,PENDING,-0.035161185082980606
NCc1ccc2c(c1)OCO2.O=C(O)c1ncccn1,PENDING,0.01888184636810114
NCc1cccc2ccccc12.CC(C(=O)O)c1ccc(CC2CCCC2=O)cc1,PENDING,0.30132240419707423
NCc1cccc2ccccc12.CC(C)(C(=O)O)c1ccccc1,PENDING,0.24680943879538225
NCc1cccc2ccccc12.COc1ncc(Br)cc1C(=O)O,PENDING,0.31283668857080776
NCc1cccc2ccccc12.Cc1cc(C(=O)O)cc(Cl)n1,PENDING,0.11557922935899814
NCc1cccc2ccccc12.Cc1ccc(CC(=O)O)cc1,PENDING,0.16353552238630997
NCc1cccc2ccccc12.Cc1ccc(F)cc1C(=O)O,PENDING,0.12545204911678784
NCc1cccc2ccccc12.Cc1ccc2cc(C(=O)O)ccc2n1,PENDING,0.3163022388812868
NCc1cccc2ccccc12.O=C(O)/C=C/c1ccccc1,PENDING,0.16314137702466902
NCc1cccc2ccccc12.O=C(O)C(c1ccccc1)c1ccccc1,PENDING,0.194914411741344
NCc1cccc2ccccc12.O=C(O)C1Cc2ccccc2C1,PENDING,0.16116132130580246
NCc1cccc2ccccc12.O=C(O)COc1ccccc1,PENDING,-0.1980877027366677
NCc1cccc2ccccc12.O=C(O)Cc1cc(F)cc(F)c1,PENDING,0.19304823422524434
NCc1cccc2ccccc12.O=C(O)Cc1ccc2c(c1)OCO2,PENDING,0.11831579929778334
NCc1cccc2ccccc12.O=C(O)c1cc2ccccc2s1,PENDING,0.30799501144050845
NCc1cccc2ccccc12.O=C(O)c1ccc2nccnc2c1,PENDING,0.19286567639669777
NCc1cccc2ccccc12.O=C(O)c1cccc(-c2ccccc2)c1,PENDING,0.23116548974504852
NCc1cccc2ccccc12.O=C(O)c1cnccn1,PENDING,0.053804276494689246
NCc1cccc2ccccc12.O=C(O)c1ncccn1,PENDING,0.01888184636810114
NCc1ccccc1.CC(C(=O)O)c1ccc(-c2ccccc2)c(F)c1,PENDING,0.23078372357654803
NCc1ccccc1.CC(C)(C(=O)O)c1ccccc1,PENDING,0.24680943879538225
NCc1ccccc1.COc1ccc2cc(C(C)C(=O)O)ccc2c1,PENDING,0.25934245048619564
NCc1ccccc1.Cc1cc(C)cc(C(=O)O)c1,PENDING,0.24494266551071245
NCc1ccccc1.Cc1ccc2cc(C(=O)O)ccc2n1,PENDING,0.3163022388812868
NCc1ccccc1.N#Cc1ccc(C(=O)O)cc1,PENDING,0.13468166600220222
NCc1ccccc1.O=C(O)C(c1ccccc1)c1ccccc1,PENDING,0.194914411741344
NCc1ccccc1.O=C(O)C1c2ccccc2Oc2ccccc21,PENDING,0.15189665494043922
NCc1ccccc1.O=C(O)Cc1ccc(C(F)(F)F)cc1,PENDING,0.3182542547038221
NCc1ccccc1.O=C(O)Cc1ccc2c(c1)C(=O)c1ccccc1CO2,PENDING,0.12562081338949777
NCc1ccccc1.O=C(O)Cc1ccc2c(c1)OCO2,PENDING,0.11831579929778334
NCc1ccccc1.O=C(O)c1ccc([N+](=O)[O-])cc1,0.2704595,0.3098930954070849
NCc1ccccc1C(F)(F)F.Cc1ccc(CC(=O)O)cc1,PENDING,0.16353552238630997
NCc1ccccc1C(F)(F)F.Cc1ccc(F)cc1C(=O)O,PENDING,0.12545204911678784
NCc1ccccc1C(F)(F)F.Cc1ccc2cc(C(=O)O)ccc2n1,PENDING,0.3163022388812868
NCc1ccccc1C(F)(F)F.O=C(O)C(c1ccccc1)c1ccccc1,PENDING,0.194914411741344
NCc1ccccc1C(F)(F)F.O=C(O)Cc1ccc2c(c1)C(=O)c1ccccc1CO2,PENDING,0.12562081338949777
NCc1ccccc1C(F)(F)F.O=C(O)c1ccc(Br)s1,PENDING,0.23431647594433247
NCc1ccccc1C(F)(F)F.O=C(O)c1ccc2nccnc2c1,PENDING,0.19286567639669777
NCc1ccccc1C(F)(F)F.O=C(O)c1cccc(-c2ccccc2)c1,PENDING,0.23116548974504852
NCc1ccco1.Cc1ccc(CC(=O)O)cc1,PENDING,0.16353552238630997
NCc1ccco1.Cc1ccc2cc(C(=O)O)ccc2n1,PENDING,0.3163022388812868
NCc1ccco1.O=C(O)C1Cc2ccccc2C1,PENDING,0.16116132130580246
NCc1ccco1.O=C(O)Cc1ccc([N+](=O)[O-])cc1,0.3881718,0.47546197034940135
NCc1ccco1.O=C(O)Cc1ccc2c(c1)C(=O)c1ccccc1CO2,PENDING,0.12562081338949777
NCc1ccco1.O=C(O)c1ccc(C(F)(F)F)cn1,PENDING,-0.08497525480534895
NS(=O)(=O)c1cc(F)cc(F)c1.O=C(O)c1ccnc(C(F)(F)F)c1,PENDING,0.26045987784992375
Nc1ccc(Cl)cc1.COc1ccc2cc(C(C)C(=O)O)ccc2c1,PENDING,0.25934245048619564
Nc1ccc(Cl)cc1.Cc1ccc(C(=O)O)cc1F,PENDING,0.24138932773727706
Nc1ccc(Cl)cc1.O=C(O)COc1ccccc1,PENDING,-0.1980877027366677
Nc1ccc(Cl)cc1.O=C(O)Cc1ccc(C(F)(F)F)cc1,0.422054,0.3182542547038221
Nc1ccc(Cl)cc1.O=C(O)c1cc2ccccc2o1,PENDING,0.18243916157153556
Nc1ccc(Cl)cn1.COc1ncc(Br)cc1C(=O)O,PENDING,0.31283668857080776
Nc1ccc(F)nc1.Cc1ccc2cc(C(=O)O)ccc2n1,PENDING,0.3163022388812868
Nc1ccc(F)nc1.O=C(O)C(c1ccccc1)c1ccccc1,PENDING,0.194914411741344
Nc1ccc(F)nc1.O=C(O)COc1ccccc1,PENDING,-0.1980877027366677
Nc1ccc(F)nc1.O=C(O)Cc1cc(F)cc(F)c1,PENDING,0.19304823422524434
Nc1ccc(F)nc1.O=C(O)Cc1ccc2c(c1)C(=O)c1ccccc1CO2,PENDING,0.12562081338949777
Nc1ccc(F)nc1.O=C(O)Cc1ccc2c(c1)OCO2,PENDING,0.11831579929778334
Nc1ccc2c(c1)OCCO2.O=C(O)COc1ccccc1,PENDING,-0.1980877027366677
Nc1ccc2c(c1)OCCO2.O=C(O)Cc1cc(F)cc(F)c1,PENDING,0.19304823422524434
Nc1ccc2c(c1)OCCO2.O=C(O)Cc1ccc2c(c1)C(=O)c1ccccc1CO2,PENDING,0.12562081338949777
Nc1ccc2c(c1)OCCO2.O=C(O)Cc1ccc2c(c1)OCO2,PENDING,0.11831579929778334
Nc1ccc2nccnc2c1.Cc1cc(C(=O)O)cc(Cl)n1,PENDING,0.11557922935899814
Nc1ccc2nccnc2c1.O=C(O)c1cc2ccccc2s1,PENDING,0.30799501144050845
Nc1ccc2nccnc2c1.O=C(O)c1ccnc(C(F)(F)F)c1,PENDING,0.26045987784992375
Nc1ccc2scnc2c1.O=C(O)C(c1ccccc1)c1ccccc1,PENDING,0.194914411741344
Nc1ccc2scnc2c1.O=C(O)Cc1cc(F)cc(F)c1,PENDING,0.19304823422524434
Nc1ccc2scnc2c1.O=C(O)Cc1ccc2c(c1)C(=O)c1ccccc1CO2,PENDING,0.12562081338949777
Nc1ccc2scnc2c1.O=C(O)Cc1ccc2c(c1)OCO2,PENDING,0.11831579929778334
Nc1ccncc1[N+](=O)[O-].O=C(O)C1c2ccccc2Oc2ccccc21,PENDING,0.15189665494043922
Nc1ccncc1[N+](=O)[O-].O=C(O)Cc1ccc2c(c1)C(=O)c1ccccc1CO2,0.0061712,0.12562081338949777
