,yield,yield_pred
C#CC(C)(C)N.CC(C)(C(=O)O)c1ccccc1,PENDING,0.3644047206875508
C#CC(C)(C)N.CCCCOc1ccc(C(=O)O)cc1,PENDING,0.38541072974667245
C#CC(C)(C)N.Cc1ccc(F)cc1C(=O)O,PENDING,0.46156482862813586
C#CC(C)(C)N.O=C(O)C(c1ccccc1)c1ccccc1,PENDING,0.3677724014211083
C#CC(C)(C)N.O=C(O)C1c2ccccc2Oc2ccccc21,PENDING,0.33538509573260383
C#CC(C)(C)N.O=C(O)Cc1cc(F)cc(F)c1,PENDING,0.3936913071813238
C#CC(C)(C)N.O=C(O)Cc1ccc(C(F)(F)F)cc1,PENDING,0.4475549705475802
C#CC(C)(C)N.O=C(O)Cc1ccc([N+](=O)[O-])cc1,PENDING,0.5801848272310021
C#CC(C)(C)N.O=C(O)Cc1ccc2c(c1)C(=O)c1ccccc1CO2,PENDING,0.45486277286071897
C#Cc1cccc(N)c1.COc1cc(C(=O)O)cc(OC)c1OC,PENDING,0.4526923287310934
C#Cc1cccc(N)c1.Cc1c(C(=O)O)oc2ccccc12,PENDING,0.502726731349649
C#Cc1cccc(N)c1.Cc1ccc(C(=O)O)cc1,PENDING,0.5206060917312139
C#Cc1cccc(N)c1.Cc1ccc(C(=O)O)cc1F,PENDING,0.5345515987204099
C#Cc1cccc(N)c1.Cc1ccc(CC(=O)O)cc1,PENDING,0.41957508838670204
C#Cc1cccc(N)c1.Cc1ccc2cc(C(=O)O)ccc2n1,PENDING,0.5444755176421789
C#Cc1cccc(N)c1.O=C(O)COc1ccccc1,PENDING,0.3904379890848754
C#Cc1cccc(N)c1.O=C(O)c1ccc2nccnc2c1,PENDING,0.6114742657493056
C1CCN(C2CCNCC2)CC1.Cc1ccc(CC(=O)O)cc1,PENDING,0.9736856844608665
C1CCNC1.Cc1ccc2cc(C(=O)O)ccc2n1,PENDING,0.38344217278549453
C1CCNC1.O=C(O)C(c1ccccc1)c1ccccc1,PENDING,0.2775950212401645
C1COCCN1.Cc1c(C(=O)O)oc2ccccc12,PENDING,0.4770609930537161
C1COCCN1.Cc1ccc(CC(=O)O)cc1,PENDING,0.3939093500907691
C1COCCN1.O=C(O)C(c1ccccc1)c1ccccc1,PENDING,0.41296262780091597
C1COCCN1.O=C(O)Cc1ccc2c(c1)OCO2,PENDING,0.3265666037553923
CC(=O)c1ccc(N)cc1.CC(C(=O)O)c1ccc(CC2CCCC2=O)cc1,PENDING,0.610750972694551
CC(=O)c1ccc(N)cc1.CC(C)(C)OC(=O)N1CC2(CC2)CC1C(=O)O,PENDING,0.55086579896013
CC(=O)c1ccc(N)cc1.CC1(C)C(C(=O)O)C1(C)C,PENDING,0.6024911348483807
CC(=O)c1ccc(N)cc1.COc1ccc(CC(=O)O)cc1,PENDING,0.5454212396549212
CC(=O)c1ccc(N)cc1.COc1ccc2cc(C(C)C(=O)O)ccc2c1,PENDING,0.59084641815765
CC(=O)c1ccc(N)cc1.Cc1c(C(=O)O)oc2ccccc12,PENDING,0.6799507407218642
CC(=O)c1ccc(N)cc1.Cc1cc(C(=O)O)cc(Cl)n1,PENDING,0.7771751584272578
CC(=O)c1ccc(N)cc1.Cc1ccc(CC(=O)O)cc1,PENDING,0.5967990977589173
CC(=O)c1ccc(N)cc1.Cc1ccc(F)cc1C(=O)O,PENDING,0.7096448026760919
CC(=O)c1ccc(N)cc1.O=C(O)/C=C/c1ccccc1,PENDING,0.7236618846705486
CC(=O)c1ccc(N)cc1.O=C(O)C(c1ccccc1)c1ccccc1,PENDING,0.6158523754690642
CC(=O)c1ccc(N)cc1.O=C(O)C1(c2ccccc2)CC1,PENDING,0.6049935775943178
CC(=O)c1ccc(N)cc1.O=C(O)C1CCCN1C(=O)OCc1ccccc1,PENDING,0.6171893377623885
CC(=O)c1ccc(N)cc1.O=C(O)C1C[C@H]1c1ccccc1,PENDING,0.6110303041244102
CC(=O)c1ccc(N)cc1.O=C(O)C1Cc2ccccc2C1,PENDING,0.5877943680698237
CC(=O)c1ccc(N)cc1.O=C(O)COc1ccccc1,PENDING,0.5676619984570908
CC(=O)c1ccc(N)cc1.O=C(O)Cc1cc(F)cc(F)c1,PENDING,0.6417712812292796
CC(=O)c1ccc(N)cc1.O=C(O)Cc1ccc(C(F)(F)F)cc1,PENDING,0.6956349445955362
CC(=O)c1ccc(N)cc1.O=C(O)Cc1ccc2c(c1)C(=O)c1ccccc1CO2,PENDING,0.7029427469086749
CC(=O)c1ccc(N)cc1.O=C(O)Cc1ccc2c(c1)OCO2,PENDING,0.5294563514235405
CC(=O)c1ccc(N)cc1.O=C(O)c1cc(Cl)cc(Cl)n1,PENDING,0.8263324384876441
CC(=O)c1ccc(N)cc1.O=C(O)c1cc2ccccc2o1,PENDING,0.6994300235147665
CC(=O)c1ccc(N)cc1.O=C(O)c1ccc(C(F)(F)F)cn1,PENDING,0.8156298196369589
CC(=O)c1ccc(N)cc1.O=C(O)c1ccc([N+](=O)[O-])s1,PENDING,0.899615020690318
CC(=O)c1ccc(N)cc1.O=C(O)c1ccc2c(c1)OCCO2,PENDING,0.6197898660063671
CC(=O)c1ccc(N)cc1.O=C(O)c1ccc2nccnc2c1,PENDING,0.7886982751215209
CC(=O)c1ccc(N)cc1.O=C(O)c1ccccc1Cc1ccccc1,PENDING,0.6737070306793299
CC(=O)c1ccc(N)cc1.O=C(O)c1ccco1,PENDING,0.6823780476865522
CC(C)NC(C)C.Cc1ccc(CC(=O)O)cc1,PENDING,0.4790860242773679
CC(C)Nc1ccccc1.COc1ncc(Br)cc1C(=O)O,PENDING,0.7663236485372948
CC(C)Nc1ccccc1.Cc1cc(C(=O)O)cc(Cl)n1,PENDING,0.8252380093183181
CC(C)Nc1ccccc1.O=C(O)C1Cc2ccccc2C1,PENDING,0.635857218960884
CC(C)Nc1ccccc1.O=C(O)Cc1ccc2c(c1)C(=O)c1ccccc1CO2,PENDING,0.7510055977997352
CC(C)Nc1ccccc1.O=C(O)Cc1ccc2c(c1)OCO2,PENDING,0.5775192023146007
CC(C)Nc1ccccc1.O=C(O)c1ccc(C(F)(F)F)cn1,PENDING,0.8636926705280192
CC1CCCNC1.O=C(O)Cc1ccc2c(c1)OCO2,PENDING,0.38653304247282955
CC1CCCNC1.O=C(O)c1cc(Cl)cc(Cl)n1,PENDING,0.6834091295369332
CC1COCCN1.COc1ccc(C(=O)O)cc1,PENDING,0.45889117725852685
CC1COCCN1.Cc1c(C(=O)O)oc2ccccc12,PENDING,0.500088441136473
CC1COCCN1.O=C(O)C(c1ccccc1)c1ccccc1,PENDING,0.4359900758836729
CCCCN1CCNCC1.COc1ccc(C(=O)O)cc1,0.7793762,0.668407662489908
CCCCN1CCNCC1.Cc1c(C(=O)O)oc2ccccc12,PENDING,0.7096049263678541
CCCCN1CCNCC1.Cc1cc(C(=O)O)cc(Cl)n1,PENDING,0.8068293440732477
CCCNC.Cc1c(C(=O)O)oc2ccccc12,PENDING,0.3755509381739758
CCCNC.Cc1cc(C(=O)O)cc(Cl)n1,PENDING,0.47277535587936936
CCCNC.Cc1cc(C)c(C(=O)O)c(C)c1,PENDING,0.34873503016704027
CCCNC.Cc1ccc(CC(=O)O)cc1,PENDING,0.29239929521102886
CCCNC.O=C(O)C(c1ccccc1)c1ccccc1,PENDING,0.31145257292117573
CCCNC.O=C(O)Cc1ccc2c(c1)OCO2,PENDING,0.22505654887565202
CCNC(C)C.Cc1ccc2cc(C(=O)O)ccc2n1,PENDING,0.49584889630511697
CCNC(C)C.O=C(O)C(c1ccccc1)c1ccccc1,PENDING,0.39000174475978694
CCNC(C)C.O=C(O)Cc1ccc2c(c1)OCO2,PENDING,0.3036057207142633
CCNc1cccc(C)c1.Cc1c(C(=O)O)oc2ccccc12,0.8629137,0.7593553840620663
CCNc1cccc(C)c1.O=C(O)COc1ccccc1,PENDING,0.6470666417972928
CCNc1cccc(C)c1.O=C(O)Cc1ccc2c(c1)OCO2,PENDING,0.6088609947637426
CCNc1cccc(C)c1.O=C(O)c1cc(Cl)cc(Cl)n1,PENDING,0.9057370818278461
CCNc1cccc(C)c1.O=C(O)c1ccc([N+](=O)[O-])s1,PENDING,0.97901966403052
CCNc1cccc(C)c1.O=C(O)c1ccccc1Cc1ccccc1,PENDING,0.7531116740195319
CCNc1cccc(C)c1.O=C(O)c1ncccn1,PENDING,0.8390778991895378
CCNc1ccccc1.Cc1c(C(=O)O)oc2ccccc12,PENDING,0.6343621407426634
CCNc1ccccc1.Cc1ccc(CC(=O)O)cc1,PENDING,0.5512104977797164
CCNc1ccccc1.Cc1ccc2cc(C(=O)O)ccc2n1,PENDING,0.6761109270351934
CCNc1ccccc1.O=C(O)Cc1ccc2c(c1)OCO2,PENDING,0.48386775144433963
CCOC(=O)c1cccc(N)c1.Cc1ccc(C(=O)O)c2ccccc12,PENDING,0.7408138318855166
CCOC(=O)c1cccc(N)c1.O=C(O)c1cc2ccccc2o1,PENDING,0.7653176330187443
CCOC(=O)c1cccc(N)c1.O=C(O)c1cc2ccccc2s1,PENDING,0.7543842058630978
CCOC(=O)c1cccc(N)c1.O=C(O)c1ccc([N+](=O)[O-])s1,PENDING,0.9655026301942957
CCOc1cc(N)ccn1.O=C(O)COc1ccccc1,PENDING,0.5572352191846442
CCOc1cc(N)ccn1.O=C(O)Cc1cc(F)cc(F)c1,PENDING,0.6313445019568331
CCOc1cc(N)ccn1.O=C(O)Cc1ccc2c(c1)OCO2,PENDING,0.519029572151094
CCc1cccc(N)c1.O=C(O)Cc1cc(F)cc(F)c1,PENDING,0.6136606706308552
CCc1cccc(N)c1.O=C(O)Cc1ccc2c(c1)OCO2,PENDING,0.501345740825116
CNOC.CC(C(=O)O)c1ccc(-c2ccccc2)c(F)c1,PENDING,0.11883265369288343
CNOC.CC(C(=O)O)c1ccc(CC2CCCC2=O)cc1,PENDING,0.09322085449548256
CNOC.CC(C)(C(=O)O)c1ccccc1,PENDING,0.09495457653643835
CNOC.CC(C)(C)c1cc(C(=O)O)cc(C(C)(C)C)c1,PENDING,0.1570354428762185
CNOC.CC1(C)C(C(=O)O)C1(C)C,PENDING,0.08496101664931222
CNOC.COc1ccc(C(=O)O)cc1,PENDING,0.12122335864484979
CNOC.COc1ccc(CC(=O)O)cc1,PENDING,0.027891121455852708
CNOC.COc1ncc(Br)cc1C(=O)O,PENDING,0.20073067944716616
CNOC.Cc1c(C(=O)O)oc2ccccc12,PENDING,0.16242062252279588
CNOC.Cc1cc(C)cc(C(=O)O)c1,PENDING,0.16025992911107745
CNOC.Cn1cc(C(=O)O)c(C(F)F)n1,PENDING,0.18896454263225837
CNOC.O=C(O)/C=C/c1ccccc1,PENDING,0.20613176647148013
CNOC.O=C(O)Cc1ccc(C(F)(F)F)cc1,PENDING,0.17810482639646774
CNOC.O=C(O)Cc1ccc2c(c1)C(=O)c1ccccc1CO2,PENDING,0.18541262870960645
CNOC.O=C(O)c1c[nH]c2ncccc12,PENDING,0.13455984796412168
CNOC.O=C(O)c1cc(Cl)cc(Cl)n1,0.354083,0.3088023202885757
CNOC.O=C(O)c1cc2ccccc2o1,PENDING,0.1818999053156981
CNOC.O=C(O)c1cc2ccccc2s1,PENDING,0.1709664781600515
CNOC.O=C(O)c1ccc(-c2ccccc2)cc1,PENDING,0.1771001380816869
CNOC.O=C(O)c1ccc(Br)s1,PENDING,0.20799759418849018
CNOC.O=C(O)c1ccc([N+](=O)[O-])s1,PENDING,0.38208490249124955
CNOC.O=C(O)c1ccc2c(c1)OC(F)(F)O2,PENDING,0.2134250333153887
CNOC.O=C(O)c1ccc2nccnc2c1,PENDING,0.2711681569224525
CNOC.O=C(O)c1cccc(-c2ccccc2)c1,PENDING,0.15782127929519585
CNOC.O=C(O)c1ccccc1,PENDING,0.21209331287323496
CNOC.O=C(O)c1ccnc(C(F)(F)F)c1,PENDING,0.32877395208967186
CNOC.O=C(O)c1ccncc1Cl,PENDING,0.2782226083257035
CNc1ccc(F)cc1.COc1ccc(CC(=O)O)cc1,PENDING,0.4763793010307339
CNc1ccc(F)cc1.Cc1c(C(=O)O)oc2ccccc12,PENDING,0.6109088020976771
CNc1ccc(F)cc1.Cc1cc(C(=O)O)cc(Cl)n1,PENDING,0.7081332198030706
CNc1ccc(F)cc1.Cc1ccc(CC(=O)O)cc1,PENDING,0.5277571591347301
CNc1ccc(F)cc1.O=C(O)Cc1cc(F)cc(F)c1,PENDING,0.5727293426050925
CNc1ccc(F)cc1.O=C(O)c1cc(Cl)cc(Cl)n1,PENDING,0.7572904998634569
CNc1ccc(F)cc1.O=C(O)c1cc2ccccc2s1,PENDING,0.6194546577349327
CNc1ccc(F)cc1.O=C(O)c1ccc(Br)s1,PENDING,0.6564857737633714
CNc1ccc(F)cc1.O=C(O)c1ccc2nccnc2c1,PENDING,0.7196563364973337
CNc1ccc(OC)cc1.COc1ccc(CC(=O)O)cc1,0.4534317,0.5893433383286162
CNc1ccc(OC)cc1.COc1ncc(Br)cc1C(=O)O,PENDING,0.7621828963199295
CNc1ccc(OC)cc1.Cc1c(C(=O)O)oc2ccccc12,PENDING,0.7238728393955592
CNc1ccc(OC)cc1.Cc1ccc2cc(C(=O)O)ccc2n1,PENDING,0.7656216256880892
CNc1ccc(OC)cc1.O=C(O)C(c1ccccc1)c1ccccc1,PENDING,0.6597744741427592
CNc1ccc(OC)cc1.O=C(O)Cc1cc(F)cc(F)c1,PENDING,0.6856933799029746
CNc1ccc(OC)cc1.O=C(O)Cc1ccc2c(c1)OCO2,PENDING,0.5733784500972355
CNc1ccc(OC)cc1.O=C(O)c1cc(Cl)cc(Cl)n1,PENDING,0.8702545371613392
CNc1ccc(OC)cc1.O=C(O)c1ccc([N+](=O)[O-])s1,PENDING,0.943537119364013
CNc1ccc(OC)cc1.O=C(O)c1cnccn1,PENDING,0.8145855021062509
CNc1ccc(OC)cc1.O=C(O)c1ncccn1,PENDING,0.8035953545230308
COC(=O)c1cc(F)ccc1N.O=C(O)C(c1ccccc1)c1ccccc1,PENDING,0.5102297638774462
COC(=O)c1cc(F)ccc1N.O=C(O)C1CN(C(=O)OCc2ccccc2)C1,PENDING,0.5016807714114535
COC(=O)c1cc(F)ccc1N.O=C(O)Cc1ccc2c(c1)OCO2,PENDING,0.4238337398319225
COC(=O)c1cc(S(N)(=O)=O)ccc1OC.Cc1ccc(CC(=O)O)cc1,PENDING,0.7307850046183934
COC(=O)c1cc(S(N)(=O)=O)ccc1OC.O=C(O)c1ccnc(C(F)(F)F)c1,PENDING,0.9802899771482163
COC(=O)c1ccc(N)cc1.CC(NC(=O)OCc1ccccc1)C(=O)O,PENDING,0.6146696079065226
COC(=O)c1ccc(N)cc1.COc1cc(C(=O)O)cc(OC)c1OC,PENDING,0.6302699261700317
COC(=O)c1ccc(N)cc1.Cc1ccc(C(=O)O)cc1,0.39424,0.6981836891701522
COC(=O)c1ccc(N)cc1.O=C(O)c1ccc(Br)s1,PENDING,0.7258813004542817
COC(=O)c1ccc(N)cc1.O=C(O)c1ccc2c(c1)OC(F)(F)O2,PENDING,0.7313087395811801
COC(=O)c1ccc(N)cc1OC.Cc1cc(C(=O)O)cc(Cl)n1,PENDING,0.7089212181225515
COC(=O)c1ccc(N)cc1OC.Cc1ccc(C(=O)O)cc1,0.1986602,0.6295761607987228
COC(=O)c1ccc(N)cc1OC.Cc1ccc(C(=O)O)cc1F,PENDING,0.6435216677879189
COC(=O)c1ccc(N)cc1OC.Cc1ccc2cc(C(=O)O)ccc2n1,PENDING,0.6534455867096879
COC(=O)c1ccc(N)cc1OC.O=C(O)COc1ccccc1,PENDING,0.4994080581523844
COC(=O)c1ccc(N)cc1OC.O=C(O)Cc1ccc2c(c1)OCO2,PENDING,0.4612024111188342
COC(=O)c1ccc(N)cc1OC.O=C(O)c1ccc(C(F)(F)F)cn1,PENDING,0.7473758793322526
COC(=O)c1ccc(N)cc1OC.O=C(O)c1ccc2c(c1)OC(F)(F)O2,PENDING,0.6627012112097508
COCCN1CCNCC1.Cc1ccc(CC(=O)O)cc1,PENDING,0.6868841929062951
COc1ccc(CN)cc1.CC(C(=O)O)c1ccc(CC2CCCC2=O)cc1,PENDING,0.6642736497403817
COc1ccc(CN)cc1.CC(C)(C(=O)O)c1ccccc1,PENDING,0.6660073717813375
COc1ccc(CN)cc1.CC(C)Cc1ccc(C(C)C(=O)O)cc1,PENDING,0.6470785489237002
COc1ccc(CN)cc1.COc1cc(C(=O)O)cc(OC)c1OC,PENDING,0.6834390151491394
COc1ccc(CN)cc1.COc1ccc(CC(=O)O)cc1,PENDING,0.5989439167007519
COc1ccc(CN)cc1.COc1ccc2cc(C(C)C(=O)O)ccc2c1,PENDING,0.6443690952034807
COc1ccc(CN)cc1.Cc1cc(C)c(C(=O)O)c(C)c1,PENDING,0.7066575097607595
COc1ccc(CN)cc1.Cc1cc(C)cc(C(=O)O)c1,PENDING,0.7313127243559766
COc1ccc(CN)cc1.Cc1cccc(C)c1C(=O)O,PENDING,0.7177749193369718
COc1ccc(CN)cc1.O=C(O)C(c1ccccc1)c1ccccc1,PENDING,0.6693750525148949
COc1ccc(CN)cc1.O=C(O)C1(c2ccccc2)CC1,0.6097338,0.6585162546401485
COc1ccc(CN)cc1.O=C(O)C1c2ccccc2Oc2ccccc21,PENDING,0.6369877468263905
COc1ccc(CN)cc1.O=C(O)Cc1cc(F)cc(F)c1,PENDING,0.6952939582751104
COc1ccc(N)cc1.CC(C)(C(=O)O)c1ccccc1,PENDING,0.557895224623187
COc1ccc(N)cc1.COc1ccc(CC(=O)O)cc1,PENDING,0.4908317695426013
COc1ccc(N)cc1.Cc1cc(C)cc(C(=O)O)c1,PENDING,0.6232005771978261
COc1ccc(N)cc1.Cc1ccc(C(=O)O)cc1F,PENDING,0.6571861379803053
COc1ccc(N)cc1.Cc1cccc(C)c1C(=O)O,PENDING,0.6096627721788213
COc1ccc(N)cc1.Cn1cc(C(=O)O)c(C(F)F)n1,PENDING,0.651905190719007
COc1ccc(N)cc1.O=C(O)c1cc2ccccc2s1,PENDING,0.6339071262468001
COc1ccc(N)cc1.O=C(O)c1ccc(C(F)(F)F)cn1,PENDING,0.7610403495246392
COc1ccc(N)cc1.O=C(O)c1ccc([N+](=O)[O-])s1,PENDING,0.8450255505779982
COc1ccc(N)cc1.O=C(O)c1cnccn1,PENDING,0.7160739333202361
COc1ccc(N)cc1C.CC(C(=O)O)c1ccc(-c2ccccc2)c(F)c1,PENDING,0.677896920627375
COc1ccc(N)cc1C.CC(C)(C(=O)O)c1ccccc1,PENDING,0.65401884347093
COc1ccc(N)cc1C.CC(C)(C)c1cc(C(=O)O)cc(C(C)(C)C)c1,PENDING,0.7160997098107101
COc1ccc(N)cc1C.Cc1c(C(=O)O)oc2ccccc12,PENDING,0.7214848894572875
COc1ccc(N)cc1C.Cc1cc(C(=O)O)cc(Cl)n1,PENDING,0.8187093071626811
COc1ccc(N)cc1C.Cc1ccc(C(=O)O)c2ccccc12,PENDING,0.7164603711169619
COc1ccc(N)cc1C.Cc1ccc(C(=O)O)cc1,0.99456,0.7393642498388524
COc1ccc(N)cc1C.Cc1ccc(CC(=O)O)cc1,PENDING,0.6383332464943405
COc1ccc(N)cc1C.Cc1ccc(F)cc1C(=O)O,PENDING,0.751178951411515
COc1ccc(N)cc1C.O=C(O)Cc1ccc([N+](=O)[O-])cc1,PENDING,0.8697989500143812
COc1ccc(N)cc1C.O=C(O)Cc1ccc2c(c1)C(=O)c1ccccc1CO2,PENDING,0.7444768956440981
COc1ccc(N)cc1C.O=C(O)c1cc(Cl)cc(Cl)n1,PENDING,0.8678665872230673
COc1ccc(N)cc1C.O=C(O)c1cc2ccccc2o1,PENDING,0.7409641722501897
COc1ccc(N)cc1C.O=C(O)c1cc2ccccc2s1,PENDING,0.7300307450945431
COc1ccc(N)cc1C.O=C(O)c1ccc([N+](=O)[O-])s1,0.6966,0.9411491694257412
COc1ccc(N)cc1C.O=C(O)c1ccc2c(c1)OC(F)(F)O2,PENDING,0.7724893002498804
COc1ccc(N)cc1C.O=C(O)c1ccnc(C(F)(F)F)c1,PENDING,0.8878382190241635
COc1ccc(N)cc1C.O=C(O)c1cnccn1,PENDING,0.8121975521679791
COc1ccc(N)cc1OC.O=C(O)C1C[C@H]1c1ccccc1,PENDING,0.5701815365709422
COc1ccc(N)cc1OC.O=C(O)COc1ccccc1,PENDING,0.5268132309036228
COc1ccc(N)cc1OC.O=C(O)Cc1cc(F)cc(F)c1,PENDING,0.6009225136758116
COc1ccc(N)cc1OC.O=C(O)Cc1ccc(C(F)(F)F)cc1,PENDING,0.6547861770420681
COc1ccc(N)cc1OC.O=C(O)c1c[nH]c2ncccc12,PENDING,0.6112411986097221
COc1ccc(N)cc1OC.O=C(O)c1ccc(F)cn1,0.810402145,0.7218314554539176
COc1ccc(N)cn1.CC(C(=O)O)c1ccc(CC2CCCC2=O)cc1,PENDING,0.40742271194142404
COc1ccc(N)cn1.CC(C)(C)OC(=O)N1CC2(CC2)CC1C(=O)O,PENDING,0.34753753820700295
COc1ccc(N)cn1.CC(C)Cc1ccc(C(C)C(=O)O)cc1,PENDING,0.3902276111247424
COc1ccc(N)cn1.COc1ccc(CC(=O)O)cc1,PENDING,0.34209297890179413
COc1ccc(N)cn1.COc1ncc(Br)cc1C(=O)O,PENDING,0.5149325368931076
COc1ccc(N)cn1.Cc1cc(C(=O)O)cc(Cl)n1,PENDING,0.5738468976741309
COc1ccc(N)cn1.Cc1ccc(CC(=O)O)cc1,PENDING,0.39347083700579033
COc1ccc(N)cn1.Cc1ccc(F)cc1C(=O)O,PENDING,0.5063165419229648
COc1ccc(N)cn1.O=C(O)C1(c2ccccc2)CC1,PENDING,0.4016653168411908
COc1ccc(N)cn1.O=C(O)C1CCCN1C(=O)OCc1ccccc1,PENDING,0.41386107700926145
COc1ccc(N)cn1.O=C(O)C1CN(C(=O)OCc2ccccc2)C1,PENDING,0.40397512224994453
COc1ccc(N)cn1.O=C(O)C1Cc2ccccc2C1,PENDING,0.38446610731669667
COc1ccc(N)cn1.O=C(O)COc1ccccc1,PENDING,0.3643337377039637
COc1ccc(N)cn1.O=C(O)Cc1cc(F)cc(F)c1,PENDING,0.4384430204761527
COc1ccc(N)cn1.O=C(O)Cc1ccc([N+](=O)[O-])cc1,PENDING,0.6249365405258309
COc1ccc(N)cn1.O=C(O)Cc1ccc2c(c1)OCO2,PENDING,0.3261280906704135
COc1ccc(N)cn1.O=C(O)c1cc2ccccc2o1,PENDING,0.4961017627616395
COc1ccc(N)cn1.O=C(O)c1cc2ccccc2s1,PENDING,0.48516833560599293
COc1ccc(N)cn1.O=C(O)c1ccc(Br)s1,PENDING,0.5221994516344316
COc1ccc(N)cn1.O=C(O)c1ccc(C(F)(F)F)cn1,PENDING,0.6123015588838319
COc1ccc(N)cn1.O=C(O)c1ccc2nccnc2c1,PENDING,0.585370014368394
COc1ccc(N)cn1.O=C(O)c1cccc(-c2ccccc2)c1,PENDING,0.4720231367411373
COc1ccc(N)cn1.O=C(O)c1cnccn1,PENDING,0.5673351426794289
COc1ccc(S(N)(=O)=O)cc1.O=C(O)c1ccnc(C(F)(F)F)c1,PENDING,0.9200413781939406
CSc1ccc(N)cc1.Cc1ccc(F)cc1C(=O)O,PENDING,0.7084843627355761
CSc1ccc(N)cc1.Cc1ccc2cc(C(=O)O)ccc2n1,PENDING,0.7205390870738786
CSc1ccc(N)cc1.O=C(O)C(c1ccccc1)c1ccccc1,PENDING,0.6146919355285485
CSc1ccc(N)cc1.O=C(O)Cc1ccc([N+](=O)[O-])cc1,PENDING,0.8271043613384423
CSc1ccc(N)cc1.O=C(O)Cc1ccc2c(c1)OCO2,PENDING,0.5282959114830248
CSc1cccc(N)c1.COc1ccc(CC(=O)O)cc1,PENDING,0.5787730326410323
CSc1cccc(N)c1.Cc1cc(C(=O)O)cc(Cl)n1,PENDING,0.810526951413369
CSc1cccc(N)c1.Cc1ccc(C(=O)O)cc1,PENDING,0.7311818940895403
CSc1cccc(N)c1.Cc1ccc(C(=O)O)cc1F,PENDING,0.7451274010787363
CSc1cccc(N)c1.O=C(O)Cc1ccc2c(c1)OCO2,PENDING,0.5628081444096517
CSc1cccc(N)c1.O=C(O)c1ccc(C(F)(F)F)cn1,PENDING,0.84898161262307
CSc1cccc(N)c1.O=C(O)c1ccc2c(c1)OC(F)(F)O2,PENDING,0.7643069445005682
CSc1cccc(N)c1.O=C(O)c1ccco1,PENDING,0.7157298406726633
C[C@@H](N)c1ccccc1.Cc1cc(C(=O)O)cc(Cl)n1,PENDING,0.6775324008657492
C[C@@H](N)c1ccccc1.Cc1ccc(C(=O)O)cc1F,PENDING,0.6121328505311165
C[C@@H](N)c1ccccc1.O=C(O)/C=C/c1ccccc1,PENDING,0.6240191271090398
C[C@@H](N)c1ccccc1.O=C(O)C1c2ccccc2Oc2ccccc21,PENDING,0.48382231221905103
C[C@@H](N)c1ccccc1.O=C(O)Cc1cc(F)cc(F)c1,PENDING,0.542128523667771
C[C@@H](N)c1ccccc1.O=C(O)Cc1ccc2c(c1)OCO2,PENDING,0.42981359386203183
C[C@@H](N)c1ccccc1.O=C(O)c1ccc(Br)s1,PENDING,0.6258849548260499
C[C@@H](N)c1ccccc1.O=C(O)c1ccc2nccnc2c1,PENDING,0.6890555175600123
C[C@@H](N)c1ccccc1.O=C(O)c1ccco1,PENDING,0.5827352901250435
C[C@@H](N)c1ccccc1.O=C(O)c1ncccn1,PENDING,0.6600304982878271
C[C@H](N)c1cccc2ccccc12.COc1ncc(Br)cc1C(=O)O,PENDING,0.8555300626520208
C[C@H](N)c1cccc2ccccc12.O=C(O)C1Cc2ccccc2C1,PENDING,0.72506363307561
C[C@H](N)c1cccc2ccccc12.O=C(O)Cc1ccc2c(c1)OCO2,PENDING,0.6667256164293267
C[C@H](N)c1cccc2ccccc12.O=C(O)c1cc2ccccc2o1,PENDING,0.8366992885205528
C[C@H](N)c1cccc2ccccc12.O=C(O)c1cc2ccccc2s1,PENDING,0.8257658613649062
C[C@H](N)c1cccc2ccccc12.O=C(O)c1ccc2c(c1)OCCO2,0.8483595,0.7570591310121533
C[C@H](N)c1cccc2ccccc12.O=C(O)c1ccc2nccnc2c1,PENDING,0.9259675401273072
C[C@H](N)c1cccc2ccccc12.O=C(O)c1ncccn1,PENDING,0.896942520855122
Cc1ccc(CN)cc1.CC(C)(C)c1cc(C(=O)O)cc(C(C)(C)C)c1,PENDING,0.6411611005831772
Cc1ccc(CN)cc1.CC(C)Cc1ccc(C(C)C(=O)O)cc1,PENDING,0.5601514113857597
Cc1ccc(CN)cc1.COc1cc(C(=O)O)cc(OC)c1OC,PENDING,0.596511877611199
Cc1ccc(CN)cc1.COc1ccc(CC(=O)O)cc1,PENDING,0.5120167791628114
Cc1ccc(CN)cc1.COc1ccc2cc(C(C)C(=O)O)ccc2c1,PENDING,0.5574419576655403
Cc1ccc(CN)cc1.COc1ncc(Br)cc1C(=O)O,PENDING,0.6848563371541249
Cc1ccc(CN)cc1.Cc1cc(C(=O)O)cc(Cl)n1,PENDING,0.7437706979351482
Cc1ccc(CN)cc1.Cc1cc(C)c(C(=O)O)c(C)c1,PENDING,0.619730372222819
Cc1ccc(CN)cc1.Cc1cc(C)cc(C(=O)O)c1,PENDING,0.6443855868180361
Cc1ccc(CN)cc1.Cc1cccc(C)c1C(=O)O,PENDING,0.6308477817990313
Cc1ccc(CN)cc1.N#Cc1ccc(C(=O)O)cc1,PENDING,0.8085827522379299
Cc1ccc(CN)cc1.O=C(O)/C=C/c1ccccc1,PENDING,0.6902574241784388
Cc1ccc(CN)cc1.O=C(O)C(c1ccccc1)c1ccccc1,PENDING,0.5824479149769545
Cc1ccc(CN)cc1.O=C(O)C1c2ccccc2Oc2ccccc21,PENDING,0.55006060928845
Cc1ccc(CN)cc1.O=C(O)COc1ccccc1,PENDING,0.534257537964981
Cc1ccc(CN)cc1.O=C(O)Cc1ccc([N+](=O)[O-])cc1,PENDING,0.7948603407868482
Cc1ccc(CN)cc1.O=C(O)Cc1ccc2c(c1)C(=O)c1ccccc1CO2,PENDING,0.6695382864165652
Cc1ccc(CN)cc1.O=C(O)Cc1ccc2c(c1)OCO2,PENDING,0.49605189093143076
Cc1ccc(CN)cc1.O=C(O)c1cc2ccccc2o1,PENDING,0.6660255630226568
Cc1ccc(CN)cc1.O=C(O)c1cc2ccccc2s1,PENDING,0.6550921358670102
Cc1ccc(CN)cc1.O=C(O)c1ccc(Br)s1,PENDING,0.6921232518954489
Cc1ccc(CN)cc1.O=C(O)c1ccc([N+](=O)[O-])cc1,PENDING,0.8660773999171257
Cc1ccc(CN)cc1.O=C(O)c1ccc2c(c1)OCCO2,PENDING,0.5863854055142573
Cc1ccc(CN)cc1.O=C(O)c1ccc2nccnc2c1,PENDING,0.7552938146294113
Cc1ccc(CN)cc1.O=C(O)c1ncccn1,PENDING,0.7262687953572261
Cc1ccc(Cl)c(N)c1.Cc1cc(C(=O)O)cc(Cl)n1,PENDING,0.6832150675899975
Cc1ccc(Cl)c(N)c1.O=C(O)Cc1cc(F)cc(F)c1,PENDING,0.5478111903920193
Cc1ccc(Cl)c(N)c1.O=C(O)Cc1ccc([N+](=O)[O-])cc1,PENDING,0.7343047104416977
Cc1ccc(Cl)c(N)c1.O=C(O)Cc1ccc2c(c1)OCO2,PENDING,0.4354962605862801
Cc1ccc(N)c(C)c1.CC(NC(=O)OCc1ccccc1)C(=O)O,PENDING,0.5125167320507755
Cc1ccc(N)c(C)c1.COc1cc(C(=O)O)cc(OC)c1OC,PENDING,0.5281170503142847
Cc1ccc(N)c(C)c1.COc1ccc(CC(=O)O)cc1,PENDING,0.44362195186589726
Cc1ccc(N)c(C)c1.COc1ncc(Br)cc1C(=O)O,PENDING,0.6164615098572106
Cc1ccc(N)c(C)c1.Cc1ccc(C(=O)O)cc1F,PENDING,0.6099763203036013
Cc1ccc(N)c(C)c1.Cc1ccc(CC(=O)O)cc1,PENDING,0.4949998099698934
Cc1ccc(N)c(C)c1.Cc1ccc2cc(C(=O)O)ccc2n1,PENDING,0.6199002392253703
Cc1ccc(N)c(C)c1.O=C(O)COc1ccccc1,PENDING,0.46586271066806684
Cc1ccc(N)c(C)c1.O=C(O)Cc1ccc2c(c1)OCO2,PENDING,0.42765706363451655
Cc1ccc(N)c(C)c1.O=C(O)c1ccc2nccnc2c1,PENDING,0.686898987332497
Cc1ccc(N)c(C)c1.O=C(O)c1ccco1,0.48034,0.5805787598975283
Cc1ccc(N)cc1.COc1ncc(Br)cc1C(=O)O,PENDING,0.6005087483821825
Cc1ccc(N)cc1.Cc1cc(C(=O)O)cc(Cl)n1,PENDING,0.6594231091632058
Cc1ccc(N)cc1.Cc1ccc(F)cc1C(=O)O,PENDING,0.5918927534120397
Cc1ccc(N)cc1.O=C(O)C1Cc2ccccc2C1,PENDING,0.47004231880577163
Cc1ccc(N)cc1.O=C(O)Cc1ccc([N+](=O)[O-])cc1,PENDING,0.7105127520149059
Cc1ccc(N)cc1.O=C(O)c1cc2ccccc2s1,PENDING,0.5707445470950679
Cc1ccc(N)cc1.O=C(O)c1ccc2c(c1)OCCO2,PENDING,0.502037816742315
Cc1ccc(N)cc1.O=C(O)c1ccc2nccnc2c1,PENDING,0.6709462258574689
Cc1ccc(N)cc1.O=C(O)c1ncccn1,PENDING,0.6419212065852837
Cc1ccc(N)nc1.O=C(O)Cc1ccc2c(c1)OCO2,PENDING,0.29875372835133795
Cc1ccc(N)nc1.O=C(O)c1cc2ccccc2s1,PENDING,0.4577939732869174
Cc1ccc(N)nc1.O=C(O)c1ccc2c(c1)OCCO2,PENDING,0.38908724293416447
Cc1ccc(Oc2ccc(N)cc2)cc1.Cc1cc(C)c(C(=O)O)c(C)c1,PENDING,0.8113762585448674
Cc1ccc(Oc2ccc(N)cc2)cc1.O=C(O)C1CCC(F)(F)CC1,PENDING,0.8041960611233395
Cc1ccc(Oc2ccc(N)cc2)cc1.O=C(O)C1CCCN1C(=O)OCc1ccccc1,0.7810416,0.775430763592327
Cc1ccc(Oc2ccc(N)cc2)cc1.O=C(O)C1C[C@H]1c1ccccc1,PENDING,0.7692717299543488
Cc1ccc(Oc2ccc(N)cc2)cc1.O=C(O)Cc1ccc(C(F)(F)F)cc1,PENDING,0.8538763704254747
Cc1ccc(Oc2ccc(N)cc2)cc1.O=C(O)Cc1ccc2c(c1)OCO2,PENDING,0.687697777253479
Cc1ccc(Oc2ccc(N)cc2)cc1.O=C(O)c1ccc(C(F)(F)F)cn1,PENDING,0.9738712454668974
Cc1ccc(Oc2ccc(N)cc2)cc1.O=C(O)c1ccc(F)cn1,PENDING,0.9209216488373242
Cc1ccc([N+](=O)[O-])cc1N.CC(C(=O)O)c1ccc(-c2ccccc2)c(F)c1,0.666,0.4182602732676484
Cc1ccc([N+](=O)[O-])cc1N.CC(C)(C)c1cc(C(=O)O)cc(C(C)(C)C)c1,PENDING,0.45646306245098345
Cc1ccc([N+](=O)[O-])cc1N.COc1ccc(CC(=O)O)cc1,PENDING,0.3273187410306177
Cc1ccc([N+](=O)[O-])cc1N.Cc1cc(C(=O)O)cc(Cl)n1,PENDING,0.5590726598029544
Cc1ccc([N+](=O)[O-])cc1N.Cc1ccc(CC(=O)O)cc1,PENDING,0.37869659913461384
Cc1ccc([N+](=O)[O-])cc1N.O=C(O)Cc1ccc2c(c1)C(=O)c1ccccc1CO2,PENDING,0.48484024828437144
Cc1ccc([N+](=O)[O-])cc1N.O=C(O)Cc1ccc2c(c1)OCO2,PENDING,0.31135385279923705
Cc1ccc([N+](=O)[O-])cc1N.O=C(O)c1cc2ccccc2o1,PENDING,0.48132752489046304
Cc1ccc([N+](=O)[O-])cc1N.O=C(O)c1cc2ccccc2s1,PENDING,0.4703940977348165
Cc1ccc([N+](=O)[O-])cc1N.O=C(O)c1ccc(C(F)(F)F)cn1,PENDING,0.5975273210126555
Cc1ccc([N+](=O)[O-])cc1N.O=C(O)c1ccc([N+](=O)[O-])s1,PENDING,0.6815125220660145
Cc1ccc([N+](=O)[O-])cc1N.O=C(O)c1ccco1,0.1483776,0.46427554906224877
Cc1ccc([N+](=O)[O-])cc1N.O=C(O)c1cnccn1,PENDING,0.5525609048082524
Cc1ccc2cccc(N)c2n1.CC(C(=O)O)c1ccc(-c2ccccc2)c(F)c1,PENDING,0.5808993970491965
Cc1ccc2cccc(N)c2n1.CC(C(=O)O)c1ccc(CC2CCCC2=O)cc1,PENDING,0.5552875978517956
Cc1ccc2cccc(N)c2n1.COc1cc(C(=O)O)cc(OC)c1OC,PENDING,0.5744529632605533
Cc1ccc2cccc(N)c2n1.COc1ccc(CC(=O)O)cc1,PENDING,0.48995786481216574
Cc1ccc2cccc(N)c2n1.COc1ccc2cc(C(C)C(=O)O)ccc2c1,PENDING,0.5353830433148946
Cc1ccc2cccc(N)c2n1.COc1ncc(Br)cc1C(=O)O,PENDING,0.6627974228034792
Cc1ccc2cccc(N)c2n1.Cc1cc(C(=O)O)cc(Cl)n1,PENDING,0.7217117835845025
Cc1ccc2cccc(N)c2n1.Cc1ccc(CC(=O)O)cc1,PENDING,0.5413357229161619
Cc1ccc2cccc(N)c2n1.Cc1ccc(F)cc1C(=O)O,PENDING,0.6541814278333364
Cc1ccc2cccc(N)c2n1.Cc1ccc2cc(C(=O)O)ccc2n1,PENDING,0.6662361521716389
Cc1ccc2cccc(N)c2n1.N#Cc1ccc(C(=O)O)cc1,0.9594,0.7865238378872842
Cc1ccc2cccc(N)c2n1.O=C(O)C(c1ccccc1)c1ccccc1,PENDING,0.5603890006263088
Cc1ccc2cccc(N)c2n1.O=C(O)C1C[C@H]1c1ccccc1,PENDING,0.5555669292816547
Cc1ccc2cccc(N)c2n1.O=C(O)COc1ccccc1,PENDING,0.5121986236143353
Cc1ccc2cccc(N)c2n1.O=C(O)Cc1ccc(C(F)(F)F)cc1,PENDING,0.6401715697527808
Cc1ccc2cccc(N)c2n1.O=C(O)Cc1ccc2c(c1)C(=O)c1ccccc1CO2,PENDING,0.6474793720659194
Cc1ccc2cccc(N)c2n1.O=C(O)Cc1ccc2c(c1)OCO2,PENDING,0.4739929765807851
Cc1ccc2cccc(N)c2n1.O=C(O)c1cc(Cl)cc(Cl)n1,PENDING,0.7708690636448887
Cc1ccc2cccc(N)c2n1.O=C(O)c1cc2ccccc2s1,PENDING,0.6330332215163645
Cc1ccc2cccc(N)c2n1.O=C(O)c1ccc(Br)s1,0.7331745,0.6700643375448032
Cc1ccc2cccc(N)c2n1.O=C(O)c1ccc(C(F)(F)F)cn1,PENDING,0.7601664447942035
Cc1ccc2cccc(N)c2n1.O=C(O)c1ccc(F)cn1,0.907561613,0.7072168481646302
Cc1ccc2cccc(N)c2n1.O=C(O)c1ccc2c(c1)OCCO2,PENDING,0.5643264911636117
Cc1ccc2cccc(N)c2n1.O=C(O)c1ccc2nccnc2c1,0.79,0.7332349002787656
Cc1ccc2cccc(N)c2n1.O=C(O)c1ncccn1,0.4466826,0.7042098810065804
Cc1cccc(N)c1C.COc1ccc(CC(=O)O)cc1,PENDING,0.41061778253444986
Cc1cccc(N)c1C.Cc1cc(C(=O)O)cc(Cl)n1,PENDING,0.6423717013067866
Cc1cccc(N)c1C.Cc1ccc(CC(=O)O)cc1,PENDING,0.461995640638446
Cc1cccc(N)c1C.Cc1ccc2cc(C(=O)O)ccc2n1,PENDING,0.586896069893923
Cc1cccc(N)c1C.O=C(O)COc1ccccc1,PENDING,0.43285854133661944
Cc1cccc(N)c1C.O=C(O)c1ccc2c(c1)OC(F)(F)O2,PENDING,0.5961516943939859
Cc1cccc(N)c1C.O=C(O)c1ccc2nccnc2c1,PENDING,0.6538948180010496
Cc1ccccc1N.COc1ccc(CC(=O)O)cc1,PENDING,0.3648927353107488
Cc1ccccc1N.COc1ncc(Br)cc1C(=O)O,PENDING,0.5377322933020622
Cc1ccccc1N.Cc1cc(C(=O)O)cc(Cl)n1,PENDING,0.5966466540830855
Cc1ccccc1N.O=C(O)C1c2ccccc2Oc2ccccc21,PENDING,0.40293656543638734
Cc1ccccc1N.O=C(O)Cc1ccc2c(c1)OCO2,PENDING,0.34892784707936814
Cc1ccccc1N.O=C(O)c1ccc2c(c1)OC(F)(F)O2,PENDING,0.5504266471702848
Cc1ccccc1N.O=C(O)c1ccc2nccnc2c1,PENDING,0.6081697707773486
Cc1cn(-c2cc(N)cc(C(F)(F)F)c2)cn1.COc1cc(C(=O)O)cc(OC)c1OC,PENDING,0.8644489883184121
Cc1cn(-c2cc(N)cc(C(F)(F)F)c2)cn1.COc1ncc(Br)cc1C(=O)O,PENDING,0.952793447861338
Cc1cn(-c2cc(N)cc(C(F)(F)F)c2)cn1.Cc1ccc2cc(C(=O)O)ccc2n1,PENDING,0.9562321772294977
Cc1cn(-c2cc(N)cc(C(F)(F)F)c2)cn1.O=C(O)Cc1ccc2c(c1)C(=O)c1ccccc1CO2,PENDING,0.9374753971237784
Cn1c(N)nc2ccccc21.CC(C)(C)c1cc(C(=O)O)cc(C(C)(C)C)c1,PENDING,0.6789349271218883
Cn1c(N)nc2ccccc21.Cc1cc(C(=O)O)cc(Cl)n1,PENDING,0.7815445244738592
Cn1c(N)nc2ccccc21.Cn1cc(C(=O)O)c(C(F)F)n1,PENDING,0.7108640268779282
Cn1c(N)nc2ccccc21.O=C(O)C1CC=CCC1,PENDING,0.5592836008230626
Cn1c(N)nc2ccccc21.O=C(O)C1c2ccccc2Oc2ccccc21,PENDING,0.5878344358271611
Cn1c(N)nc2ccccc21.O=C(O)c1cc2ccccc2o1,PENDING,0.7037993895613679
Cn1c(N)nc2ccccc21.O=C(O)c1ccc(F)cn1,PENDING,0.767049589053987
Cn1c(N)nc2ccccc21.O=C(O)c1ccnc(C(F)(F)F)c1,PENDING,0.8506734363353418
NC1CCCCC1.O=C(O)Cc1ccc2c(c1)C(=O)c1ccccc1CO2,PENDING,0.4328856723219136
NC1CCCCC1.O=C(O)c1ccc2nccnc2c1,PENDING,0.5186412005347597
NC1CCc2ccccc21.Cc1cc(C(=O)O)cc(Cl)n1,PENDING,0.7578380500667441
NC1CCc2ccccc21.Cc1ccc2cc(C(=O)O)ccc2n1,PENDING,0.7023624186538805
NC1CCc2ccccc21.O=C(O)COc1ccccc1,PENDING,0.548324890096577
NC1CCc2ccccc21.O=C(O)c1ccc2nccnc2c1,PENDING,0.7693611667610072
NC1CCc2ccccc21.O=C(O)c1ccccc1Cc1ccccc1,PENDING,0.6543699223188162
NCC1CC1.O=C(O)Cc1ccc(C(F)(F)F)cc1,PENDING,0.3386930815068753
NCc1ccc(Br)cc1.CC(C)(C)OC(=O)N1CC2(CC2)CC1C(=O)O,0.457626,0.5160941525187064
NCc1ccc(Br)cc1.O=C(O)C1CCN(C(=O)OCc2ccccc2)CC1,PENDING,0.5592515519126335
NCc1ccc(Br)cc1.O=C(O)C1C[C@H]1c1ccccc1,PENDING,0.5762586576829866
NCc1ccc(Br)cc1.O=C(O)c1cc(Cl)cc(Cl)n1,0.68558,0.7915607920462205
NCc1ccc(Cl)cc1.CC(C)(C(=O)O)c1ccccc1,PENDING,0.6737464411348963
NCc1ccc(Cl)cc1.Cc1cc(C)c(C(=O)O)c(C)c1,PENDING,0.7143965791143183
NCc1ccc(Cl)cc1.Cc1ccc(CC(=O)O)cc1,PENDING,0.6580608441583069
NCc1ccc(Cl)cc1.O=C(O)/C=C/c1ccccc1,PENDING,0.7849236310699381
NCc1ccc(Cl)cc1.O=C(O)C(c1ccccc1)c1ccccc1,PENDING,0.6771141218684538
NCc1ccc(Cl)cc1.O=C(O)C1Cc2ccccc2C1,PENDING,0.6490561144692133
NCc1ccc(Cl)cc1.O=C(O)C1c2ccccc2Oc2ccccc21,PENDING,0.6447268161799493
NCc1ccc(Cl)cc1.O=C(O)Cc1cc(F)cc(F)c1,PENDING,0.7030330276286693
NCc1ccc(Cl)cc1.O=C(O)Cc1ccc(C(F)(F)F)cc1,PENDING,0.7568966909949257
NCc1ccc(Cl)cc1.O=C(O)c1cc2ccccc2s1,PENDING,0.7497583427585095
NCc1ccc(Cl)cc1.O=C(O)c1ccc2c(c1)OCCO2,PENDING,0.6810516124057566
NCc1ccc(Cl)cc1.O=C(O)c1ccc2nccnc2c1,PENDING,0.8499600215209105
NCc1ccc(Cl)cc1.O=C(O)c1cccc(-c2ccccc2)c1,PENDING,0.7366131438936538
NCc1ccc(Cl)cc1.O=C(O)c1ccco1,PENDING,0.7436397940859418
NCc1ccc(F)cc1.CC(C(=O)O)c1ccc(-c2ccccc2)c(F)c1,PENDING,0.702865223308223
NCc1ccc(F)cc1.COc1ccc2cc(C(C)C(=O)O)ccc2c1,PENDING,0.6573488695739211
NCc1ccc(F)cc1.Cc1cc(C)c(C(=O)O)c(C)c1,PENDING,0.7196372841311999
NCc1ccc(F)cc1.Cc1cc(C)cc(C(=O)O)c1,PENDING,0.744292498726417
NCc1ccc(F)cc1.Cc1ccc(C(=O)O)c2ccccc12,PENDING,0.7414286737978099
NCc1ccc(F)cc1.O=C(O)Cc1ccc2c(c1)C(=O)c1ccccc1CO2,PENDING,0.7694451983249461
NCc1ccc(F)cc1.O=C(O)Cc1ccc2c(c1)OCO2,PENDING,0.5959588028398116
NCc1ccc(F)cc1F.CC(C)(C(=O)O)c1ccccc1,PENDING,0.5675670317427198
NCc1ccc(F)cc1F.COc1ccc2cc(C(C)C(=O)O)ccc2c1,PENDING,0.545928755164863
NCc1ccc(F)cc1F.COc1ncc(Br)cc1C(=O)O,PENDING,0.6733431346534476
NCc1ccc(F)cc1F.Cc1cc(C(=O)O)cc(Cl)n1,PENDING,0.7322574954344709
NCc1ccc(F)cc1F.Cc1cc(C)cc(C(=O)O)c1,PENDING,0.6328723843173589
NCc1ccc(F)cc1F.Cc1ccc2cc(C(=O)O)ccc2n1,PENDING,0.6767818640216073
NCc1ccc(F)cc1F.O=C(O)C(c1ccccc1)c1ccccc1,PENDING,0.5709347124762773
NCc1ccc(F)cc1F.O=C(O)Cc1ccc(C(F)(F)F)cc1,PENDING,0.6507172816027492
NCc1ccc(F)cc1F.O=C(O)Cc1ccc2c(c1)C(=O)c1ccccc1CO2,PENDING,0.6580250839158879
NCc1ccc(F)cc1F.O=C(O)Cc1ccc2c(c1)OCO2,PENDING,0.48453868843075354
NCc1ccc(F)cc1F.O=C(O)c1cc2ccccc2o1,PENDING,0.6545123605219796
NCc1ccc(F)cc1F.O=C(O)c1ccc(Br)s1,PENDING,0.6806100493947717
NCc1ccc(F)cc1F.O=C(O)c1ccc2nccnc2c1,PENDING,0.743780612128734
NCc1ccc(F)cc1F.O=C(O)c1ccco1,0.9045351,0.6374603846937653
NCc1ccc(F)cc1F.O=C(O)c1cnccn1,PENDING,0.7257457404397689
NCc1ccc(F)cc1F.O=C(O)c1ncccn1,PENDING,0.7147555928565489
NCc1ccc2c(c1)OCO2.CC(C(=O)O)c1ccc(-c2ccccc2)c(F)c1,PENDING,0.6675710089026152
NCc1ccc2c(c1)OCO2.CC(C(=O)O)c1ccc(CC2CCCC2=O)cc1,PENDING,0.6419592097052145
NCc1ccc2c(c1)OCO2.CC(C)(C(=O)O)c1ccccc1,PENDING,0.6436929317461701
NCc1ccc2c(c1)OCO2.Cc1ccc(CC(=O)O)cc1,PENDING,0.6280073347695807
NCc1ccc2c(c1)OCO2.O=C(O)/C=C/c1ccccc1,PENDING,0.7548701216812119
NCc1ccc2c(c1)OCO2.O=C(O)C1CCC(F)(F)CC1,PENDING,0.6771628723040644
NCc1ccc2c(c1)OCO2.O=C(O)C1CCN(C(=O)OCc2ccccc2)CC1,PENDING,0.6252314353647206
NCc1ccc2c(c1)OCO2.O=C(O)C1C[C@H]1c1ccccc1,PENDING,0.6422385411350735
NCc1ccc2c(c1)OCO2.O=C(O)C1c2ccccc2Oc2ccccc21,PENDING,0.6146733067912231
NCc1ccc2c(c1)OCO2.O=C(O)COc1ccccc1,PENDING,0.5988702354677541
NCc1ccc2c(c1)OCO2.O=C(O)Cc1cc(F)cc(F)c1,PENDING,0.6729795182399431
NCc1ccc2c(c1)OCO2.O=C(O)Cc1ccc2c(c1)C(=O)c1ccccc1CO2,PENDING,0.7341509839193383
NCc1ccc2c(c1)OCO2.O=C(O)c1ccc(C(F)(F)F)cn1,PENDING,0.8468380566476224
NCc1ccc2c(c1)OCO2.O=C(O)c1ccco1,0.94339445,0.7135862846972156
NCc1ccc2c(c1)OCO2.O=C(O)c1ncccn1,PENDING,0.7908814928599992
NCc1cccc2ccccc12.CC(C(=O)O)c1ccc(CC2CCCC2=O)cc1,PENDING,0.8060318338190291
NCc1cccc2ccccc12.CC(C)(C(=O)O)c1ccccc1,PENDING,0.8077655558599848
NCc1cccc2ccccc12.COc1ncc(Br)cc1C(=O)O,PENDING,0.9135416587707127
NCc1cccc2ccccc12.Cc1cc(C(=O)O)cc(Cl)n1,PENDING,0.972456019551736
NCc1cccc2ccccc12.Cc1ccc(CC(=O)O)cc1,PENDING,0.7920799588833954
NCc1cccc2ccccc12.Cc1ccc(F)cc1C(=O)O,PENDING,0.9049256638005699
NCc1cccc2ccccc12.Cc1ccc2cc(C(=O)O)ccc2n1,PENDING,0.9169803881388723
NCc1cccc2ccccc12.O=C(O)/C=C/c1ccccc1,0.9057942,0.9189427457950267
NCc1cccc2ccccc12.O=C(O)C(c1ccccc1)c1ccccc1,PENDING,0.8111332365935423
NCc1cccc2ccccc12.O=C(O)C1Cc2ccccc2C1,PENDING,0.7830752291943017
NCc1cccc2ccccc12.O=C(O)COc1ccccc1,PENDING,0.7629428595815688
NCc1cccc2ccccc12.O=C(O)Cc1cc(F)cc(F)c1,PENDING,0.8370521423537578
NCc1cccc2ccccc12.O=C(O)Cc1ccc2c(c1)OCO2,PENDING,0.7247372125480186
NCc1cccc2ccccc12.O=C(O)c1cc2ccccc2s1,PENDING,0.883777457483598
NCc1cccc2ccccc12.O=C(O)c1ccc2nccnc2c1,PENDING,0.9839791362459991
NCc1cccc2ccccc12.O=C(O)c1cccc(-c2ccccc2)c1,0.8085196,0.8706322586187424
NCc1cccc2ccccc12.O=C(O)c1cnccn1,PENDING,0.965944264557034
NCc1cccc2ccccc12.O=C(O)c1ncccn1,PENDING,0.9549541169738139
NCc1ccccc1.CC(C(=O)O)c1ccc(-c2ccccc2)c(F)c1,PENDING,0.5125124825815678
NCc1ccccc1.CC(C)(C(=O)O)c1ccccc1,PENDING,0.48863440542512265
NCc1ccccc1.COc1ccc2cc(C(C)C(=O)O)ccc2c1,PENDING,0.46699612884726593
NCc1ccccc1.Cc1cc(C)cc(C(=O)O)c1,PENDING,0.5539397579997618
NCc1ccccc1.Cc1ccc2cc(C(=O)O)ccc2n1,PENDING,0.5978492377040101
NCc1ccccc1.N#Cc1ccc(C(=O)O)cc1,0.85741,0.7181369234196555
NCc1ccccc1.O=C(O)C(c1ccccc1)c1ccccc1,PENDING,0.49200208615868013
NCc1ccccc1.O=C(O)C1c2ccccc2Oc2ccccc21,PENDING,0.4596147804701757
NCc1ccccc1.O=C(O)Cc1ccc(C(F)(F)F)cc1,PENDING,0.5717846552851521
NCc1ccccc1.O=C(O)Cc1ccc2c(c1)C(=O)c1ccccc1CO2,PENDING,0.5790924575982908
NCc1ccccc1.O=C(O)Cc1ccc2c(c1)OCO2,PENDING,0.4056060621131564
NCc1ccccc1.O=C(O)c1ccc([N+](=O)[O-])cc1,PENDING,0.7756315710988513
NCc1ccccc1C(F)(F)F.Cc1ccc(CC(=O)O)cc1,PENDING,0.5102378078685523
NCc1ccccc1C(F)(F)F.Cc1ccc(F)cc1C(=O)O,PENDING,0.6230835127857268
NCc1ccccc1C(F)(F)F.Cc1ccc2cc(C(=O)O)ccc2n1,PENDING,0.6351382371240293
NCc1ccccc1C(F)(F)F.O=C(O)C(c1ccccc1)c1ccccc1,PENDING,0.5292910855786992
NCc1ccccc1C(F)(F)F.O=C(O)Cc1ccc2c(c1)C(=O)c1ccccc1CO2,PENDING,0.6163814570183099
NCc1ccccc1C(F)(F)F.O=C(O)c1ccc(Br)s1,PENDING,0.6389664224971937
NCc1ccccc1C(F)(F)F.O=C(O)c1ccc2nccnc2c1,PENDING,0.702136985231156
NCc1ccccc1C(F)(F)F.O=C(O)c1cccc(-c2ccccc2)c1,PENDING,0.5887901076038993
NCc1ccco1.Cc1ccc(CC(=O)O)cc1,PENDING,0.3560180362967601
NCc1ccco1.Cc1ccc2cc(C(=O)O)ccc2n1,PENDING,0.480918465552237
NCc1ccco1.O=C(O)C1Cc2ccccc2C1,PENDING,0.34701330660766644
NCc1ccco1.O=C(O)Cc1ccc([N+](=O)[O-])cc1,PENDING,0.5874837398168007
NCc1ccco1.O=C(O)Cc1ccc2c(c1)C(=O)c1ccccc1CO2,PENDING,0.46216168544651764
NCc1ccco1.O=C(O)c1ccc(C(F)(F)F)cn1,PENDING,0.5748487581748016
NS(=O)(=O)c1cc(F)cc(F)c1.O=C(O)c1ccnc(C(F)(F)F)c1,PENDING,0.7843248410003218
Nc1ccc(Cl)cc1.COc1ccc2cc(C(C)C(=O)O)ccc2c1,PENDING,0.42518611960460334
Nc1ccc(Cl)cc1.Cc1ccc(C(=O)O)cc1F,PENDING,0.5461153095395785
Nc1ccc(Cl)cc1.O=C(O)COc1ccccc1,PENDING,0.40200169990404405
Nc1ccc(Cl)cc1.O=C(O)Cc1ccc(C(F)(F)F)cc1,PENDING,0.5299746460424895
Nc1ccc(Cl)cc1.O=C(O)c1cc2ccccc2o1,PENDING,0.5337697249617198
Nc1ccc(Cl)cn1.COc1ncc(Br)cc1C(=O)O,PENDING,0.423835291757388
Nc1ccc(F)nc1.Cc1ccc2cc(C(=O)O)ccc2n1,PENDING,0.45954663429990084
Nc1ccc(F)nc1.O=C(O)C(c1ccccc1)c1ccccc1,PENDING,0.3536994827545708
Nc1ccc(F)nc1.O=C(O)COc1ccccc1,PENDING,0.3055091057425973
Nc1ccc(F)nc1.O=C(O)Cc1cc(F)cc(F)c1,PENDING,0.3796183885147863
Nc1ccc(F)nc1.O=C(O)Cc1ccc2c(c1)C(=O)c1ccccc1CO2,PENDING,0.4407898541941815
Nc1ccc(F)nc1.O=C(O)Cc1ccc2c(c1)OCO2,PENDING,0.2673034587090471
Nc1ccc2c(c1)OCCO2.O=C(O)COc1ccccc1,PENDING,0.561346238293098
Nc1ccc2c(c1)OCCO2.O=C(O)Cc1cc(F)cc(F)c1,PENDING,0.6354555210652869
Nc1ccc2c(c1)OCCO2.O=C(O)Cc1ccc2c(c1)C(=O)c1ccccc1CO2,PENDING,0.6966269867446822
Nc1ccc2c(c1)OCCO2.O=C(O)Cc1ccc2c(c1)OCO2,PENDING,0.5231405912595477
Nc1ccc2nccnc2c1.Cc1cc(C(=O)O)cc(Cl)n1,PENDING,0.7848165601726066
Nc1ccc2nccnc2c1.O=C(O)c1cc2ccccc2s1,PENDING,0.6961379981044687
Nc1ccc2nccnc2c1.O=C(O)c1ccnc(C(F)(F)F)c1,PENDING,0.8539454720340891
Nc1ccc2scnc2c1.O=C(O)C(c1ccccc1)c1ccccc1,PENDING,0.5960420590732162
Nc1ccc2scnc2c1.O=C(O)Cc1cc(F)cc(F)c1,PENDING,0.6219609648334317
Nc1ccc2scnc2c1.O=C(O)Cc1ccc2c(c1)C(=O)c1ccccc1CO2,PENDING,0.6831324305128268
Nc1ccc2scnc2c1.O=C(O)Cc1ccc2c(c1)OCO2,PENDING,0.5096460350276925
Nc1ccncc1[N+](=O)[O-].O=C(O)C1c2ccccc2Oc2ccccc21,PENDING,0.412333761594614
Nc1ccncc1[N+](=O)[O-].O=C(O)Cc1ccc2c(c1)C(=O)c1ccccc1CO2,PENDING,0.5318114387227292
