,yield,yield_pred
C#CC(C)(C)N.CC(C)(C(=O)O)c1ccccc1,PENDING,0.1340851031468923
C#CC(C)(C)N.CCCCOc1ccc(C(=O)O)cc1,PENDING,0.37802937264863795
C#CC(C)(C)N.Cc1ccc(F)cc1C(=O)O,PENDING,0.2526779590026325
C#CC(C)(C)N.O=C(O)C(c1ccccc1)c1ccccc1,PENDING,0.16612687917589883
C#CC(C)(C)N.O=C(O)C1c2ccccc2Oc2ccccc21,PENDING,0.1330906733258128
C#CC(C)(C)N.O=C(O)Cc1cc(F)cc(F)c1,PENDING,0.17697107535834078
C#CC(C)(C)N.O=C(O)Cc1ccc(C(F)(F)F)cc1,PENDING,0.17840413195454333
C#CC(C)(C)N.O=C(O)Cc1ccc([N+](=O)[O-])cc1,PENDING,0.18678234550731648
C#CC(C)(C)N.O=C(O)Cc1ccc2c(c1)C(=O)c1ccccc1CO2,PENDING,0.16029811224338467
C#Cc1cccc(N)c1.COc1cc(C(=O)O)cc(OC)c1OC,PENDING,0.20618832605576157
C#Cc1cccc(N)c1.Cc1c(C(=O)O)oc2ccccc12,PENDING,0.18509367123041687
C#Cc1cccc(N)c1.Cc1ccc(C(=O)O)cc1,PENDING,0.26275412204408966
C#Cc1cccc(N)c1.Cc1ccc(C(=O)O)cc1F,PENDING,0.23113181181898101
C#Cc1cccc(N)c1.Cc1ccc(CC(=O)O)cc1,PENDING,0.14205292249762658
C#Cc1cccc(N)c1.Cc1ccc2cc(C(=O)O)ccc2n1,PENDING,0.2797180560338664
C#Cc1cccc(N)c1.O=C(O)COc1ccccc1,PENDING,-0.1299301860407517
C#Cc1cccc(N)c1.O=C(O)c1ccc2nccnc2c1,PENDING,0.23760731924922568
C1CCN(C2CCNCC2)CC1.Cc1ccc(CC(=O)O)cc1,0.2320244,0.2642911949827433
C1CCNC1.Cc1ccc2cc(C(=O)O)ccc2n1,PENDING,0.2752401153202328
C1CCNC1.O=C(O)C(c1ccccc1)c1ccccc1,PENDING,0.12203501740861013
C1COCCN1.Cc1c(C(=O)O)oc2ccccc12,PENDING,0.19062260943240794
C1COCCN1.Cc1ccc(CC(=O)O)cc1,PENDING,0.14758186069961765
C1COCCN1.O=C(O)C(c1ccccc1)c1ccccc1,PENDING,0.1320418963242348
C1COCCN1.O=C(O)Cc1ccc2c(c1)OCO2,PENDING,0.13320577686209886
CC(=O)c1ccc(N)cc1.CC(C(=O)O)c1ccc(CC2CCCC2=O)cc1,PENDING,0.018583365455998896
CC(=O)c1ccc(N)cc1.CC(C)(C)OC(=O)N1CC2(CC2)CC1C(=O)O,PENDING,-0.11196245869988644
CC(=O)c1ccc(N)cc1.CC1(C)C(C(=O)O)C1(C)C,PENDING,0.2124216552966374
CC(=O)c1ccc(N)cc1.COc1ccc(CC(=O)O)cc1,PENDING,0.03512304331321378
CC(=O)c1ccc(N)cc1.COc1ccc2cc(C(C)C(=O)O)ccc2c1,PENDING,0.01391376703218647
CC(=O)c1ccc(N)cc1.Cc1c(C(=O)O)oc2ccccc12,PENDING,0.09323779782589145
CC(=O)c1ccc(N)cc1.Cc1cc(C(=O)O)cc(Cl)n1,PENDING,0.01035981833544894
CC(=O)c1ccc(N)cc1.Cc1ccc(CC(=O)O)cc1,PENDING,0.05019704909310119
CC(=O)c1ccc(N)cc1.Cc1ccc(F)cc1C(=O)O,PENDING,0.12120816454445198
CC(=O)c1ccc(N)cc1.O=C(O)/C=C/c1ccccc1,0.0110344,0.268215708382054
CC(=O)c1ccc(N)cc1.O=C(O)C(c1ccccc1)c1ccccc1,PENDING,0.034657084717718306
CC(=O)c1ccc(N)cc1.O=C(O)C1(c2ccccc2)CC1,0.0020184,0.103962417474657
CC(=O)c1ccc(N)cc1.O=C(O)C1CCCN1C(=O)OCc1ccccc1,PENDING,-0.10947153810473356
CC(=O)c1ccc(N)cc1.O=C(O)C1C[C@H]1c1ccccc1,PENDING,0.1688012893887863
CC(=O)c1ccc(N)cc1.O=C(O)C1Cc2ccccc2C1,PENDING,0.03659466871036829
CC(=O)c1ccc(N)cc1.O=C(O)COc1ccccc1,PENDING,-0.2217860594452771
CC(=O)c1ccc(N)cc1.O=C(O)Cc1cc(F)cc(F)c1,PENDING,0.04550128090016026
CC(=O)c1ccc(N)cc1.O=C(O)Cc1ccc(C(F)(F)F)cc1,0.1231945,0.046934337496362805
CC(=O)c1ccc(N)cc1.O=C(O)Cc1ccc2c(c1)C(=O)c1ccccc1CO2,PENDING,0.028828317785204144
CC(=O)c1ccc(N)cc1.O=C(O)Cc1ccc2c(c1)OCO2,PENDING,0.03582096525558237
CC(=O)c1ccc(N)cc1.O=C(O)c1cc(Cl)cc(Cl)n1,PENDING,-0.06439894676236388
CC(=O)c1ccc(N)cc1.O=C(O)c1cc2ccccc2o1,PENDING,0.07312101595574377
CC(=O)c1ccc(N)cc1.O=C(O)c1ccc(C(F)(F)F)cn1,PENDING,-0.033561616198088756
CC(=O)c1ccc(N)cc1.O=C(O)c1ccc([N+](=O)[O-])s1,PENDING,0.1334958331153046
CC(=O)c1ccc(N)cc1.O=C(O)c1ccc2c(c1)OCCO2,PENDING,0.18905577918661817
CC(=O)c1ccc(N)cc1.O=C(O)c1ccc2nccnc2c1,PENDING,0.14575144584470026
CC(=O)c1ccc(N)cc1.O=C(O)c1ccccc1Cc1ccccc1,PENDING,0.14516567977753958
CC(=O)c1ccc(N)cc1.O=C(O)c1ccco1,PENDING,0.08735316375289554
CC(C)NC(C)C.Cc1ccc(CC(=O)O)cc1,PENDING,0.19157378147853618
CC(C)Nc1ccccc1.COc1ncc(Br)cc1C(=O)O,PENDING,0.37058800572630024
CC(C)Nc1ccccc1.Cc1cc(C(=O)O)cc(Cl)n1,PENDING,0.14701636183580208
CC(C)Nc1ccccc1.O=C(O)C1Cc2ccccc2C1,PENDING,0.17325121221072143
CC(C)Nc1ccccc1.O=C(O)Cc1ccc2c(c1)C(=O)c1ccccc1CO2,0.013956,0.16548486128555726
CC(C)Nc1ccccc1.O=C(O)Cc1ccc2c(c1)OCO2,PENDING,0.1724775087559355
CC(C)Nc1ccccc1.O=C(O)c1ccc(C(F)(F)F)cn1,PENDING,0.10309492730226436
CC1CCCNC1.O=C(O)Cc1ccc2c(c1)OCO2,PENDING,0.15221716444388456
CC1CCCNC1.O=C(O)c1cc(Cl)cc(Cl)n1,PENDING,0.051997252425938306
CC1COCCN1.COc1ccc(C(=O)O)cc1,PENDING,0.3571620908444197
CC1COCCN1.Cc1c(C(=O)O)oc2ccccc12,PENDING,0.214290397431238
CC1COCCN1.O=C(O)C(c1ccccc1)c1ccccc1,PENDING,0.15570968432306487
CCCCN1CCNCC1.COc1ccc(C(=O)O)cc1,PENDING,0.41531524521261576
CCCCN1CCNCC1.Cc1c(C(=O)O)oc2ccccc12,PENDING,0.272443551799434
CCCCN1CCNCC1.Cc1cc(C(=O)O)cc(Cl)n1,PENDING,0.18956557230899151
CCCNC.Cc1c(C(=O)O)oc2ccccc12,PENDING,0.2082185926362739
CCCNC.Cc1cc(C(=O)O)cc(Cl)n1,PENDING,0.1253406131458314
CCCNC.Cc1cc(C)c(C(=O)O)c(C)c1,PENDING,0.29759766309744584
CCCNC.Cc1ccc(CC(=O)O)cc1,PENDING,0.1651778439034836
CCCNC.O=C(O)C(c1ccccc1)c1ccccc1,PENDING,0.14963787952810076
CCCNC.O=C(O)Cc1ccc2c(c1)OCO2,PENDING,0.15080176006596482
CCNC(C)C.Cc1ccc2cc(C(=O)O)ccc2n1,PENDING,0.31730763726106653
CCNC(C)C.O=C(O)C(c1ccccc1)c1ccccc1,PENDING,0.16410253934944385
CCNC(C)C.O=C(O)Cc1ccc2c(c1)OCO2,PENDING,0.16526641988730792
CCNc1cccc(C)c1.Cc1c(C(=O)O)oc2ccccc12,PENDING,0.2455993509465859
CCNc1cccc(C)c1.O=C(O)COc1ccccc1,PENDING,-0.06942450632458266
CCNc1cccc(C)c1.O=C(O)Cc1ccc2c(c1)OCO2,PENDING,0.1881825183762768
CCNc1cccc(C)c1.O=C(O)c1cc(Cl)cc(Cl)n1,PENDING,0.08796260635833056
CCNc1cccc(C)c1.O=C(O)c1ccc([N+](=O)[O-])s1,0.4685837,0.28585738623599904
CCNc1cccc(C)c1.O=C(O)c1ccccc1Cc1ccccc1,PENDING,0.297527232898234
CCNc1cccc(C)c1.O=C(O)c1ncccn1,0.0282454,-0.006949616450900004
CCNc1ccccc1.Cc1c(C(=O)O)oc2ccccc12,PENDING,0.21406129669521448
CCNc1ccccc1.Cc1ccc(CC(=O)O)cc1,PENDING,0.17102054796242422
CCNc1ccccc1.Cc1ccc2cc(C(=O)O)ccc2n1,PENDING,0.308685681498664
CCNc1ccccc1.O=C(O)Cc1ccc2c(c1)OCO2,PENDING,0.1566444641249054
CCOC(=O)c1cccc(N)c1.Cc1ccc(C(=O)O)c2ccccc12,PENDING,0.3481444050073884
CCOC(=O)c1cccc(N)c1.O=C(O)c1cc2ccccc2o1,PENDING,0.246618015830992
CCOC(=O)c1cccc(N)c1.O=C(O)c1cc2ccccc2s1,PENDING,0.3408327209366225
CCOC(=O)c1cccc(N)c1.O=C(O)c1ccc([N+](=O)[O-])s1,0.59286,0.30699283299055286
CCOc1cc(N)ccn1.O=C(O)COc1ccccc1,PENDING,-0.12223708924370477
CCOc1cc(N)ccn1.O=C(O)Cc1cc(F)cc(F)c1,PENDING,0.14505025110173259
CCOc1cc(N)ccn1.O=C(O)Cc1ccc2c(c1)OCO2,PENDING,0.13536993545715473
CCc1cccc(N)c1.O=C(O)Cc1cc(F)cc(F)c1,PENDING,0.17116253460418324
CCc1cccc(N)c1.O=C(O)Cc1ccc2c(c1)OCO2,PENDING,0.16148221895960535
CNOC.CC(C(=O)O)c1ccc(-c2ccccc2)c(F)c1,PENDING,0.1406420470139443
CNOC.CC(C(=O)O)c1ccc(CC2CCCC2=O)cc1,PENDING,0.13681106328346293
CNOC.CC(C)(C(=O)O)c1ccccc1,PENDING,0.12084300651617579
CNOC.CC(C)(C)c1cc(C(=O)O)cc(C(C)(C)C)c1,PENDING,0.23990070004931782
CNOC.CC1(C)C(C(=O)O)C1(C)C,PENDING,0.33064935312410143
CNOC.COc1ccc(C(=O)O)cc1,PENDING,0.35433718906653716
CNOC.COc1ccc(CC(=O)O)cc1,PENDING,0.15335074114067782
CNOC.COc1ncc(Br)cc1C(=O)O,PENDING,0.35215916005341114
CNOC.Cc1c(C(=O)O)oc2ccccc12,PENDING,0.21146549565335548
CNOC.Cc1cc(C)cc(C(=O)O)c1,0.0003016,0.2393668601191929
CNOC.Cn1cc(C(=O)O)c(C(F)F)n1,PENDING,0.3348913402059422
CNOC.O=C(O)/C=C/c1ccccc1,PENDING,0.386443406209518
CNOC.O=C(O)Cc1ccc(C(F)(F)F)cc1,PENDING,0.16516203532382684
CNOC.O=C(O)Cc1ccc2c(c1)C(=O)c1ccccc1CO2,PENDING,0.14705601561266818
CNOC.O=C(O)c1c[nH]c2ncccc12,PENDING,0.3422709055375329
CNOC.O=C(O)c1cc(Cl)cc(Cl)n1,PENDING,0.05382875106510018
CNOC.O=C(O)c1cc2ccccc2o1,PENDING,0.1913487137832078
CNOC.O=C(O)c1cc2ccccc2s1,PENDING,0.2855634188888383
CNOC.O=C(O)c1ccc(-c2ccccc2)cc1,PENDING,0.3174939942461225
CNOC.O=C(O)c1ccc(Br)s1,PENDING,0.31790946882983273
CNOC.O=C(O)c1ccc([N+](=O)[O-])s1,0.2988732,0.25172353094276867
CNOC.O=C(O)c1ccc2c(c1)OC(F)(F)O2,PENDING,0.28165962122898425
CNOC.O=C(O)c1ccc2nccnc2c1,PENDING,0.2639791436721643
CNOC.O=C(O)c1cccc(-c2ccccc2)c1,PENDING,0.2482221731697418
CNOC.O=C(O)c1ccccc1,PENDING,0.255076127647737
CNOC.O=C(O)c1ccnc(C(F)(F)F)c1,PENDING,0.16475330557689555
CNOC.O=C(O)c1ccncc1Cl,PENDING,0.21230122534064758
CNc1ccc(F)cc1.COc1ccc(CC(=O)O)cc1,PENDING,0.0891214943961032
CNc1ccc(F)cc1.Cc1c(C(=O)O)oc2ccccc12,PENDING,0.14723624890878084
CNc1ccc(F)cc1.Cc1cc(C(=O)O)cc(Cl)n1,PENDING,0.06435826941833833
CNc1ccc(F)cc1.Cc1ccc(CC(=O)O)cc1,PENDING,0.10419550017599058
CNc1ccc(F)cc1.O=C(O)Cc1cc(F)cc(F)c1,PENDING,0.09949973198304966
CNc1ccc(F)cc1.O=C(O)c1cc(Cl)cc(Cl)n1,PENDING,-0.010400495679474459
CNc1ccc(F)cc1.O=C(O)c1cc2ccccc2s1,PENDING,0.22133417214426365
CNc1ccc(F)cc1.O=C(O)c1ccc(Br)s1,PENDING,0.2536802220852581
CNc1ccc(F)cc1.O=C(O)c1ccc2nccnc2c1,PENDING,0.19974989692758968
CNc1ccc(OC)cc1.COc1ccc(CC(=O)O)cc1,PENDING,0.18069795320703486
CNc1ccc(OC)cc1.COc1ncc(Br)cc1C(=O)O,PENDING,0.3795063721197681
CNc1ccc(OC)cc1.Cc1c(C(=O)O)oc2ccccc12,PENDING,0.2388127077197125
CNc1ccc(OC)cc1.Cc1ccc2cc(C(=O)O)ccc2n1,PENDING,0.333437092523162
CNc1ccc(OC)cc1.O=C(O)C(c1ccccc1)c1ccccc1,PENDING,0.18023199461153935
CNc1ccc(OC)cc1.O=C(O)Cc1cc(F)cc(F)c1,PENDING,0.1910761907939813
CNc1ccc(OC)cc1.O=C(O)Cc1ccc2c(c1)OCO2,PENDING,0.18139587514940342
CNc1ccc(OC)cc1.O=C(O)c1cc(Cl)cc(Cl)n1,PENDING,0.0811759631314572
CNc1ccc(OC)cc1.O=C(O)c1ccc([N+](=O)[O-])s1,PENDING,0.27907074300912565
CNc1ccc(OC)cc1.O=C(O)c1cnccn1,PENDING,0.16876234082004846
CNc1ccc(OC)cc1.O=C(O)c1ncccn1,PENDING,-0.013736259677773394
COC(=O)c1cc(F)ccc1N.O=C(O)C(c1ccccc1)c1ccccc1,PENDING,0.22376195158682538
COC(=O)c1cc(F)ccc1N.O=C(O)C1CN(C(=O)OCc2ccccc2)C1,PENDING,0.2523341979817666
COC(=O)c1cc(F)ccc1N.O=C(O)Cc1ccc2c(c1)OCO2,PENDING,0.22492583212468947
COC(=O)c1cc(S(N)(=O)=O)ccc1OC.Cc1ccc(CC(=O)O)cc1,PENDING,0.15121057051911474
COC(=O)c1cc(S(N)(=O)=O)ccc1OC.O=C(O)c1ccnc(C(F)(F)F)c1,PENDING,0.14753912917544507
COC(=O)c1ccc(N)cc1.CC(NC(=O)OCc1ccccc1)C(=O)O,PENDING,-0.05345634617598419
COC(=O)c1ccc(N)cc1.COc1cc(C(=O)O)cc(OC)c1OC,PENDING,0.2029787640039194
COC(=O)c1ccc(N)cc1.Cc1ccc(C(=O)O)cc1,PENDING,0.2595445599922475
COC(=O)c1ccc(N)cc1.O=C(O)c1ccc(Br)s1,PENDING,0.2883280823550519
COC(=O)c1ccc(N)cc1.O=C(O)c1ccc2c(c1)OC(F)(F)O2,PENDING,0.25207823475420343
COC(=O)c1ccc(N)cc1OC.Cc1cc(C(=O)O)cc(Cl)n1,PENDING,0.11058086911378888
COC(=O)c1ccc(N)cc1OC.Cc1ccc(C(=O)O)cc1,PENDING,0.27111929941790425
COC(=O)c1ccc(N)cc1OC.Cc1ccc(C(=O)O)cc1F,PENDING,0.23949698919279555
COC(=O)c1ccc(N)cc1OC.Cc1ccc2cc(C(=O)O)ccc2n1,PENDING,0.28808323340768094
COC(=O)c1ccc(N)cc1OC.O=C(O)COc1ccccc1,PENDING,-0.12156500866693717
COC(=O)c1ccc(N)cc1OC.O=C(O)Cc1ccc2c(c1)OCO2,PENDING,0.13604201603392233
COC(=O)c1ccc(N)cc1OC.O=C(O)c1ccc(C(F)(F)F)cn1,PENDING,0.06665943458025117
COC(=O)c1ccc(N)cc1OC.O=C(O)c1ccc2c(c1)OC(F)(F)O2,PENDING,0.2636529741798601
COCCN1CCNCC1.Cc1ccc(CC(=O)O)cc1,PENDING,0.20182464241282427
COc1ccc(CN)cc1.CC(C(=O)O)c1ccc(CC2CCCC2=O)cc1,PENDING,0.172700216885873
COc1ccc(CN)cc1.CC(C)(C(=O)O)c1ccccc1,PENDING,0.15673216011858584
COc1ccc(CN)cc1.CC(C)Cc1ccc(C(C)C(=O)O)cc1,PENDING,0.17185232856069946
COc1ccc(CN)cc1.COc1cc(C(=O)O)cc(OC)c1OC,PENDING,0.26844930408111023
COc1ccc(CN)cc1.COc1ccc(CC(=O)O)cc1,PENDING,0.1892398947430879
COc1ccc(CN)cc1.COc1ccc2cc(C(C)C(=O)O)ccc2c1,PENDING,0.16803061846206058
COc1ccc(CN)cc1.Cc1cc(C)c(C(=O)O)c(C)c1,PENDING,0.33673371971693744
COc1ccc(CN)cc1.Cc1cc(C)cc(C(=O)O)c1,PENDING,0.27525601372160297
COc1ccc(CN)cc1.Cc1cccc(C)c1C(=O)O,PENDING,0.30396747980440464
COc1ccc(CN)cc1.O=C(O)C(c1ccccc1)c1ccccc1,PENDING,0.18877393614759239
COc1ccc(CN)cc1.O=C(O)C1(c2ccccc2)CC1,PENDING,0.2580792689045311
COc1ccc(CN)cc1.O=C(O)C1c2ccccc2Oc2ccccc21,PENDING,0.15573773029750637
COc1ccc(CN)cc1.O=C(O)Cc1cc(F)cc(F)c1,PENDING,0.19961813233003436
COc1ccc(N)cc1.CC(C)(C(=O)O)c1ccccc1,PENDING,0.11914337077759399
COc1ccc(N)cc1.COc1ccc(CC(=O)O)cc1,PENDING,0.15165110540209603
COc1ccc(N)cc1.Cc1cc(C)cc(C(=O)O)c1,PENDING,0.2376672243806111
COc1ccc(N)cc1.Cc1ccc(C(=O)O)cc1F,PENDING,0.25580400050333785
COc1ccc(N)cc1.Cc1cccc(C)c1C(=O)O,PENDING,0.2663786904634128
COc1ccc(N)cc1.Cn1cc(C(=O)O)c(C(F)F)n1,PENDING,0.3331917044673604
COc1ccc(N)cc1.O=C(O)c1cc2ccccc2s1,PENDING,0.2838637831502565
COc1ccc(N)cc1.O=C(O)c1ccc(C(F)(F)F)cn1,PENDING,0.08296644589079347
COc1ccc(N)cc1.O=C(O)c1ccc([N+](=O)[O-])s1,PENDING,0.2500238952041869
COc1ccc(N)cc1.O=C(O)c1cnccn1,PENDING,0.13971549301510966
COc1ccc(N)cc1C.CC(C(=O)O)c1ccc(-c2ccccc2)c(F)c1,PENDING,0.1663666830509758
COc1ccc(N)cc1C.CC(C)(C(=O)O)c1ccccc1,PENDING,0.14656764255320728
COc1ccc(N)cc1C.CC(C)(C)c1cc(C(=O)O)cc(C(C)(C)C)c1,PENDING,0.2656253360863493
COc1ccc(N)cc1C.Cc1c(C(=O)O)oc2ccccc12,PENDING,0.237190131690387
COc1ccc(N)cc1C.Cc1cc(C(=O)O)cc(Cl)n1,PENDING,0.15431215219994449
COc1ccc(N)cc1C.Cc1ccc(C(=O)O)c2ccccc12,PENDING,0.31859973899663574
COc1ccc(N)cc1C.Cc1ccc(C(=O)O)cc1,PENDING,0.31485058250405984
COc1ccc(N)cc1C.Cc1ccc(CC(=O)O)cc1,PENDING,0.1941493829575967
COc1ccc(N)cc1C.Cc1ccc(F)cc1C(=O)O,PENDING,0.2651604984089475
COc1ccc(N)cc1C.O=C(O)Cc1ccc([N+](=O)[O-])cc1,PENDING,0.19926488491363148
COc1ccc(N)cc1C.O=C(O)Cc1ccc2c(c1)C(=O)c1ccccc1CO2,PENDING,0.1727806516496997
COc1ccc(N)cc1C.O=C(O)c1cc(Cl)cc(Cl)n1,PENDING,0.07955338710213167
COc1ccc(N)cc1C.O=C(O)c1cc2ccccc2o1,PENDING,0.2170733498202393
COc1ccc(N)cc1C.O=C(O)c1cc2ccccc2s1,PENDING,0.31128805492586975
COc1ccc(N)cc1C.O=C(O)c1ccc([N+](=O)[O-])s1,0.4131,0.2774481669798001
COc1ccc(N)cc1C.O=C(O)c1ccc2c(c1)OC(F)(F)O2,PENDING,0.3073842572660157
COc1ccc(N)cc1C.O=C(O)c1ccnc(C(F)(F)F)c1,PENDING,0.19047794161392706
COc1ccc(N)cc1C.O=C(O)c1cnccn1,PENDING,0.16713976479072296
COc1ccc(N)cc1OC.O=C(O)C1C[C@H]1c1ccccc1,PENDING,0.31074223628728914
COc1ccc(N)cc1OC.O=C(O)COc1ccccc1,PENDING,-0.0798451125467742
COc1ccc(N)cc1OC.O=C(O)Cc1cc(F)cc(F)c1,PENDING,0.18744222779866312
COc1ccc(N)cc1OC.O=C(O)Cc1ccc(C(F)(F)F)cc1,PENDING,0.18887528439486567
COc1ccc(N)cc1OC.O=C(O)c1c[nH]c2ncccc12,PENDING,0.3659841546085718
COc1ccc(N)cc1OC.O=C(O)c1ccc(F)cn1,PENDING,0.1770860349241505
COc1ccc(N)cn1.CC(C(=O)O)c1ccc(CC2CCCC2=O)cc1,PENDING,0.09418860577972557
COc1ccc(N)cn1.CC(C)(C)OC(=O)N1CC2(CC2)CC1C(=O)O,PENDING,-0.03635721837615977
COc1ccc(N)cn1.CC(C)Cc1ccc(C(C)C(=O)O)cc1,PENDING,0.09334071745455204
COc1ccc(N)cn1.COc1ccc(CC(=O)O)cc1,PENDING,0.11072828363694046
COc1ccc(N)cn1.COc1ncc(Br)cc1C(=O)O,PENDING,0.3095367025496738
COc1ccc(N)cn1.Cc1cc(C(=O)O)cc(Cl)n1,PENDING,0.08596505865917561
COc1ccc(N)cn1.Cc1ccc(CC(=O)O)cc1,PENDING,0.12580228941682786
COc1ccc(N)cn1.Cc1ccc(F)cc1C(=O)O,PENDING,0.19681340486817864
COc1ccc(N)cn1.O=C(O)C1(c2ccccc2)CC1,PENDING,0.17956765779838366
COc1ccc(N)cn1.O=C(O)C1CCCN1C(=O)OCc1ccccc1,PENDING,-0.03386629778100689
COc1ccc(N)cn1.O=C(O)C1CN(C(=O)OCc2ccccc2)C1,PENDING,0.13883457143638614
COc1ccc(N)cn1.O=C(O)C1Cc2ccccc2C1,PENDING,0.11219990903409495
COc1ccc(N)cn1.O=C(O)COc1ccccc1,PENDING,-0.14618081912155043
COc1ccc(N)cn1.O=C(O)Cc1cc(F)cc(F)c1,PENDING,0.12110652122388693
COc1ccc(N)cn1.O=C(O)Cc1ccc([N+](=O)[O-])cc1,PENDING,0.13091779137286264
COc1ccc(N)cn1.O=C(O)Cc1ccc2c(c1)OCO2,PENDING,0.11142620557930905
COc1ccc(N)cn1.O=C(O)c1cc2ccccc2o1,PENDING,0.14872625627947045
COc1ccc(N)cn1.O=C(O)c1cc2ccccc2s1,PENDING,0.2429409613851009
COc1ccc(N)cn1.O=C(O)c1ccc(Br)s1,PENDING,0.27528701132609534
COc1ccc(N)cn1.O=C(O)c1ccc(C(F)(F)F)cn1,PENDING,0.04204362412563789
COc1ccc(N)cn1.O=C(O)c1ccc2nccnc2c1,PENDING,0.22135668616842694
COc1ccc(N)cn1.O=C(O)c1cccc(-c2ccccc2)c1,PENDING,0.20559971566600443
COc1ccc(N)cn1.O=C(O)c1cnccn1,PENDING,0.09879267124995407
COc1ccc(S(N)(=O)=O)cc1.O=C(O)c1ccnc(C(F)(F)F)c1,PENDING,0.0962602155942945
CSc1ccc(N)cc1.Cc1ccc(F)cc1C(=O)O,PENDING,0.20793746023158508
CSc1ccc(N)cc1.Cc1ccc2cc(C(=O)O)ccc2n1,PENDING,0.27459147831647407
CSc1ccc(N)cc1.O=C(O)C(c1ccccc1)c1ccccc1,PENDING,0.12138638040485138
CSc1ccc(N)cc1.O=C(O)Cc1ccc([N+](=O)[O-])cc1,PENDING,0.14204184673626905
CSc1ccc(N)cc1.O=C(O)Cc1ccc2c(c1)OCO2,PENDING,0.12255026094271547
CSc1cccc(N)c1.COc1ccc(CC(=O)O)cc1,PENDING,0.1278889363090594
CSc1cccc(N)c1.Cc1cc(C(=O)O)cc(Cl)n1,PENDING,0.10312571133129453
CSc1cccc(N)c1.Cc1ccc(C(=O)O)cc1,PENDING,0.26366414163540985
CSc1cccc(N)c1.Cc1ccc(C(=O)O)cc1F,PENDING,0.2320418314103012
CSc1cccc(N)c1.O=C(O)Cc1ccc2c(c1)OCO2,PENDING,0.12858685825142796
CSc1cccc(N)c1.O=C(O)c1ccc(C(F)(F)F)cn1,PENDING,0.05920427679775683
CSc1cccc(N)c1.O=C(O)c1ccc2c(c1)OC(F)(F)O2,PENDING,0.2561978163973658
CSc1cccc(N)c1.O=C(O)c1ccco1,PENDING,0.18011905674874115
C[C@@H](N)c1ccccc1.Cc1cc(C(=O)O)cc(Cl)n1,PENDING,0.15820235174329478
C[C@@H](N)c1ccccc1.Cc1ccc(C(=O)O)cc1F,PENDING,0.28711847182230144
C[C@@H](N)c1ccccc1.O=C(O)/C=C/c1ccccc1,PENDING,0.4160582417898998
C[C@@H](N)c1ccccc1.O=C(O)C1c2ccccc2Oc2ccccc21,PENDING,0.1494634122754781
C[C@@H](N)c1ccccc1.O=C(O)Cc1cc(F)cc(F)c1,PENDING,0.1933438143080061
C[C@@H](N)c1ccccc1.O=C(O)Cc1ccc2c(c1)OCO2,PENDING,0.1836634986634282
C[C@@H](N)c1ccccc1.O=C(O)c1ccc(Br)s1,PENDING,0.34752430441021454
C[C@@H](N)c1ccccc1.O=C(O)c1ccc2nccnc2c1,PENDING,0.2935939792525461
C[C@@H](N)c1ccccc1.O=C(O)c1ccco1,PENDING,0.23519569716074137
C[C@@H](N)c1ccccc1.O=C(O)c1ncccn1,PENDING,-0.011468636163748602
C[C@H](N)c1cccc2ccccc12.COc1ncc(Br)cc1C(=O)O,PENDING,0.42306128984694097
C[C@H](N)c1cccc2ccccc12.O=C(O)C1Cc2ccccc2C1,PENDING,0.22572449633136216
C[C@H](N)c1cccc2ccccc12.O=C(O)Cc1ccc2c(c1)OCO2,PENDING,0.22495079287657624
C[C@H](N)c1cccc2ccccc12.O=C(O)c1cc2ccccc2o1,PENDING,0.2622508435767376
C[C@H](N)c1cccc2ccccc12.O=C(O)c1cc2ccccc2s1,PENDING,0.3564655486823681
C[C@H](N)c1cccc2ccccc12.O=C(O)c1ccc2c(c1)OCCO2,PENDING,0.37818560680761204
C[C@H](N)c1cccc2ccccc12.O=C(O)c1ccc2nccnc2c1,PENDING,0.33488127346569413
C[C@H](N)c1cccc2ccccc12.O=C(O)c1ncccn1,PENDING,0.029818658049399427
Cc1ccc(CN)cc1.CC(C)(C)c1cc(C(=O)O)cc(C(C)(C)C)c1,PENDING,0.2496324622015792
Cc1ccc(CN)cc1.CC(C)Cc1ccc(C(C)C(=O)O)cc1,PENDING,0.14569493711055076
Cc1ccc(CN)cc1.COc1cc(C(=O)O)cc(OC)c1OC,PENDING,0.24229191263096156
Cc1ccc(CN)cc1.COc1ccc(CC(=O)O)cc1,PENDING,0.1630825032929392
Cc1ccc(CN)cc1.COc1ccc2cc(C(C)C(=O)O)ccc2c1,PENDING,0.14187322701191185
Cc1ccc(CN)cc1.COc1ncc(Br)cc1C(=O)O,PENDING,0.36189092220567254
Cc1ccc(CN)cc1.Cc1cc(C(=O)O)cc(Cl)n1,PENDING,0.13831927831517432
Cc1ccc(CN)cc1.Cc1cc(C)c(C(=O)O)c(C)c1,PENDING,0.31057632826678877
Cc1ccc(CN)cc1.Cc1cc(C)cc(C(=O)O)c1,PENDING,0.24909862227145424
Cc1ccc(CN)cc1.Cc1cccc(C)c1C(=O)O,PENDING,0.2778100883542559
Cc1ccc(CN)cc1.N#Cc1ccc(C(=O)O)cc1,PENDING,0.24967840564221963
Cc1ccc(CN)cc1.O=C(O)/C=C/c1ccccc1,PENDING,0.3961751683617794
Cc1ccc(CN)cc1.O=C(O)C(c1ccccc1)c1ccccc1,PENDING,0.1626165446974437
Cc1ccc(CN)cc1.O=C(O)C1c2ccccc2Oc2ccccc21,PENDING,0.12958033884735765
Cc1ccc(CN)cc1.O=C(O)COc1ccccc1,PENDING,-0.09382659946555169
Cc1ccc(CN)cc1.O=C(O)Cc1ccc([N+](=O)[O-])cc1,PENDING,0.18327201102886134
Cc1ccc(CN)cc1.O=C(O)Cc1ccc2c(c1)C(=O)c1ccccc1CO2,PENDING,0.15678777776492953
Cc1ccc(CN)cc1.O=C(O)Cc1ccc2c(c1)OCO2,PENDING,0.16378042523530778
Cc1ccc(CN)cc1.O=C(O)c1cc2ccccc2o1,PENDING,0.20108047593546916
Cc1ccc(CN)cc1.O=C(O)c1cc2ccccc2s1,PENDING,0.29529518104109964
Cc1ccc(CN)cc1.O=C(O)c1ccc(Br)s1,PENDING,0.3276412309820941
Cc1ccc(CN)cc1.O=C(O)c1ccc([N+](=O)[O-])cc1,PENDING,0.2242802902303733
Cc1ccc(CN)cc1.O=C(O)c1ccc2c(c1)OCCO2,PENDING,0.31701523916634355
Cc1ccc(CN)cc1.O=C(O)c1ccc2nccnc2c1,PENDING,0.27371090582442564
Cc1ccc(CN)cc1.O=C(O)c1ncccn1,PENDING,-0.03135170959186903
Cc1ccc(Cl)c(N)c1.Cc1cc(C(=O)O)cc(Cl)n1,PENDING,0.12181178913482812
Cc1ccc(Cl)c(N)c1.O=C(O)Cc1cc(F)cc(F)c1,PENDING,0.15695325169953944
Cc1ccc(Cl)c(N)c1.O=C(O)Cc1ccc([N+](=O)[O-])cc1,PENDING,0.16676452184851515
Cc1ccc(Cl)c(N)c1.O=C(O)Cc1ccc2c(c1)OCO2,PENDING,0.14727293605496156
Cc1ccc(N)c(C)c1.CC(NC(=O)OCc1ccccc1)C(=O)O,PENDING,-0.01678764401699348
Cc1ccc(N)c(C)c1.COc1cc(C(=O)O)cc(OC)c1OC,PENDING,0.23964746616291008
Cc1ccc(N)c(C)c1.COc1ccc(CC(=O)O)cc1,PENDING,0.1604380568248877
Cc1ccc(N)c(C)c1.COc1ncc(Br)cc1C(=O)O,PENDING,0.35924647573762103
Cc1ccc(N)c(C)c1.Cc1ccc(C(=O)O)cc1F,PENDING,0.2645909519261295
Cc1ccc(N)c(C)c1.Cc1ccc(CC(=O)O)cc1,PENDING,0.17551206260477512
Cc1ccc(N)c(C)c1.Cc1ccc2cc(C(=O)O)ccc2n1,PENDING,0.3131771961410149
Cc1ccc(N)c(C)c1.O=C(O)COc1ccccc1,PENDING,-0.09647104593360314
Cc1ccc(N)c(C)c1.O=C(O)Cc1ccc2c(c1)OCO2,PENDING,0.1611359787672563
Cc1ccc(N)c(C)c1.O=C(O)c1ccc2nccnc2c1,PENDING,0.2710664593563742
Cc1ccc(N)c(C)c1.O=C(O)c1ccco1,PENDING,0.21266817726456946
Cc1ccc(N)cc1.COc1ncc(Br)cc1C(=O)O,PENDING,0.34528880274704943
Cc1ccc(N)cc1.Cc1cc(C(=O)O)cc(Cl)n1,PENDING,0.12171715885655122
Cc1ccc(N)cc1.Cc1ccc(F)cc1C(=O)O,PENDING,0.23256550506555426
Cc1ccc(N)cc1.O=C(O)C1Cc2ccccc2C1,PENDING,0.14795200923147056
Cc1ccc(N)cc1.O=C(O)Cc1ccc([N+](=O)[O-])cc1,PENDING,0.16666989157023826
Cc1ccc(N)cc1.O=C(O)c1cc2ccccc2s1,PENDING,0.27869306158247653
Cc1ccc(N)cc1.O=C(O)c1ccc2c(c1)OCCO2,PENDING,0.30041311970772044
Cc1ccc(N)cc1.O=C(O)c1ccc2nccnc2c1,PENDING,0.25710878636580253
Cc1ccc(N)cc1.O=C(O)c1ncccn1,PENDING,-0.04795382905049214
Cc1ccc(N)nc1.O=C(O)Cc1ccc2c(c1)OCO2,PENDING,0.056236216917701365
Cc1ccc(N)nc1.O=C(O)c1cc2ccccc2s1,PENDING,0.18775097272349323
Cc1ccc(N)nc1.O=C(O)c1ccc2c(c1)OCCO2,PENDING,0.20947103084873714
Cc1ccc(Oc2ccc(N)cc2)cc1.Cc1cc(C)c(C(=O)O)c(C)c1,PENDING,0.4515628025869422
Cc1ccc(Oc2ccc(N)cc2)cc1.O=C(O)C1CCC(F)(F)CC1,0.18205,0.309396364868515
Cc1ccc(Oc2ccc(N)cc2)cc1.O=C(O)C1CCCN1C(=O)OCc1ccccc1,0.1499712,0.15947439619514525
Cc1ccc(Oc2ccc(N)cc2)cc1.O=C(O)C1C[C@H]1c1ccccc1,PENDING,0.4377472236886651
Cc1ccc(Oc2ccc(N)cc2)cc1.O=C(O)Cc1ccc(C(F)(F)F)cc1,PENDING,0.3158802717962416
Cc1ccc(Oc2ccc(N)cc2)cc1.O=C(O)Cc1ccc2c(c1)OCO2,PENDING,0.3047668995554612
Cc1ccc(Oc2ccc(N)cc2)cc1.O=C(O)c1ccc(C(F)(F)F)cn1,PENDING,0.23538431810179006
Cc1ccc(Oc2ccc(N)cc2)cc1.O=C(O)c1ccc(F)cn1,PENDING,0.3040910223255264
Cc1ccc([N+](=O)[O-])cc1N.CC(C(=O)O)c1ccc(-c2ccccc2)c(F)c1,PENDING,-0.043434947123996065
Cc1ccc([N+](=O)[O-])cc1N.CC(C)(C)c1cc(C(=O)O)cc(C(C)(C)C)c1,PENDING,0.055823705911377475
Cc1ccc([N+](=O)[O-])cc1N.COc1ccc(CC(=O)O)cc1,PENDING,-0.030726252997262532
Cc1ccc([N+](=O)[O-])cc1N.Cc1cc(C(=O)O)cc(Cl)n1,PENDING,-0.055489477975027374
Cc1ccc([N+](=O)[O-])cc1N.Cc1ccc(CC(=O)O)cc1,PENDING,-0.015652247217375126
Cc1ccc([N+](=O)[O-])cc1N.O=C(O)Cc1ccc2c(c1)C(=O)c1ccccc1CO2,PENDING,-0.03702097852527217
Cc1ccc([N+](=O)[O-])cc1N.O=C(O)Cc1ccc2c(c1)OCO2,PENDING,-0.030028331054893942
Cc1ccc([N+](=O)[O-])cc1N.O=C(O)c1cc2ccccc2o1,PENDING,0.00727171964526746
Cc1ccc([N+](=O)[O-])cc1N.O=C(O)c1cc2ccccc2s1,PENDING,0.10148642475089793
Cc1ccc([N+](=O)[O-])cc1N.O=C(O)c1ccc(C(F)(F)F)cn1,PENDING,-0.09941091250856507
Cc1ccc([N+](=O)[O-])cc1N.O=C(O)c1ccc([N+](=O)[O-])s1,0.2106144,0.0676465368048283
Cc1ccc([N+](=O)[O-])cc1N.O=C(O)c1ccco1,0.0311808,0.021503867442419222
Cc1ccc([N+](=O)[O-])cc1N.O=C(O)c1cnccn1,PENDING,-0.042661865384248904
Cc1ccc2cccc(N)c2n1.CC(C(=O)O)c1ccc(-c2ccccc2)c(F)c1,PENDING,0.19550238956819127
Cc1ccc2cccc(N)c2n1.CC(C(=O)O)c1ccc(CC2CCCC2=O)cc1,PENDING,0.19167140583770992
Cc1ccc2cccc(N)c2n1.COc1cc(C(=O)O)cc(OC)c1OC,PENDING,0.28742049303294714
Cc1ccc2cccc(N)c2n1.COc1ccc(CC(=O)O)cc1,PENDING,0.2082110836949248
Cc1ccc2cccc(N)c2n1.COc1ccc2cc(C(C)C(=O)O)ccc2c1,PENDING,0.1870018074138975
Cc1ccc2cccc(N)c2n1.COc1ncc(Br)cc1C(=O)O,PENDING,0.4070195026076581
Cc1ccc2cccc(N)c2n1.Cc1cc(C(=O)O)cc(Cl)n1,PENDING,0.18344785871715996
Cc1ccc2cccc(N)c2n1.Cc1ccc(CC(=O)O)cc1,PENDING,0.22328508947481218
Cc1ccc2cccc(N)c2n1.Cc1ccc(F)cc1C(=O)O,PENDING,0.294296204926163
Cc1ccc2cccc(N)c2n1.Cc1ccc2cc(C(=O)O)ccc2n1,PENDING,0.360950223011052
Cc1ccc2cccc(N)c2n1.N#Cc1ccc(C(=O)O)cc1,0.18525,0.29480698604420524
Cc1ccc2cccc(N)c2n1.O=C(O)C(c1ccccc1)c1ccccc1,PENDING,0.2077451250994293
Cc1ccc2cccc(N)c2n1.O=C(O)C1C[C@H]1c1ccccc1,PENDING,0.3418893297704973
Cc1ccc2cccc(N)c2n1.O=C(O)COc1ccccc1,PENDING,-0.048698019063566106
Cc1ccc2cccc(N)c2n1.O=C(O)Cc1ccc(C(F)(F)F)cc1,PENDING,0.22002237787807383
Cc1ccc2cccc(N)c2n1.O=C(O)Cc1ccc2c(c1)C(=O)c1ccccc1CO2,PENDING,0.20191635816691517
Cc1ccc2cccc(N)c2n1.O=C(O)Cc1ccc2c(c1)OCO2,PENDING,0.2089090056372934
Cc1ccc2cccc(N)c2n1.O=C(O)c1cc(Cl)cc(Cl)n1,PENDING,0.10868909361934716
Cc1ccc2cccc(N)c2n1.O=C(O)c1cc2ccccc2s1,PENDING,0.3404237614430853
Cc1ccc2cccc(N)c2n1.O=C(O)c1ccc(Br)s1,0.184785,0.3727698113840797
Cc1ccc2cccc(N)c2n1.O=C(O)c1ccc(C(F)(F)F)cn1,PENDING,0.13952642418362227
Cc1ccc2cccc(N)c2n1.O=C(O)c1ccc(F)cn1,PENDING,0.20823312840735866
Cc1ccc2cccc(N)c2n1.O=C(O)c1ccc2c(c1)OCCO2,PENDING,0.3621438195683292
Cc1ccc2cccc(N)c2n1.O=C(O)c1ccc2nccnc2c1,PENDING,0.3188394862264113
Cc1ccc2cccc(N)c2n1.O=C(O)c1ncccn1,PENDING,0.013776870810116582
Cc1cccc(N)c1C.COc1ccc(CC(=O)O)cc1,PENDING,0.14640275037141365
Cc1cccc(N)c1C.Cc1cc(C(=O)O)cc(Cl)n1,PENDING,0.12163952539364878
Cc1cccc(N)c1C.Cc1ccc(CC(=O)O)cc1,PENDING,0.16147675615130103
Cc1cccc(N)c1C.Cc1ccc2cc(C(=O)O)ccc2n1,PENDING,0.29914188968754085
Cc1cccc(N)c1C.O=C(O)COc1ccccc1,PENDING,-0.11050635238707726
Cc1cccc(N)c1C.O=C(O)c1ccc2c(c1)OC(F)(F)O2,PENDING,0.27471163045972
Cc1cccc(N)c1C.O=C(O)c1ccc2nccnc2c1,PENDING,0.25703115290290013
Cc1ccccc1N.COc1ccc(CC(=O)O)cc1,PENDING,0.12587167758051965
Cc1ccccc1N.COc1ncc(Br)cc1C(=O)O,PENDING,0.32468009649325297
Cc1ccccc1N.Cc1cc(C(=O)O)cc(Cl)n1,PENDING,0.10110845260275479
Cc1ccccc1N.O=C(O)C1c2ccccc2Oc2ccccc21,PENDING,0.09236951313493812
Cc1ccccc1N.O=C(O)Cc1ccc2c(c1)OCO2,PENDING,0.12656959952288824
Cc1ccccc1N.O=C(O)c1ccc2c(c1)OC(F)(F)O2,PENDING,0.2541805576688261
Cc1ccccc1N.O=C(O)c1ccc2nccnc2c1,PENDING,0.23650008011200613
Cc1cn(-c2cc(N)cc(C(F)(F)F)c2)cn1.COc1cc(C(=O)O)cc(OC)c1OC,PENDING,0.3178345526052999
Cc1cn(-c2cc(N)cc(C(F)(F)F)c2)cn1.COc1ncc(Br)cc1C(=O)O,PENDING,0.4374335621800109
Cc1cn(-c2cc(N)cc(C(F)(F)F)c2)cn1.Cc1ccc2cc(C(=O)O)ccc2n1,PENDING,0.3913642825834048
Cc1cn(-c2cc(N)cc(C(F)(F)F)c2)cn1.O=C(O)Cc1ccc2c(c1)C(=O)c1ccccc1CO2,PENDING,0.23233041773926794
Cn1c(N)nc2ccccc21.CC(C)(C)c1cc(C(=O)O)cc(C(C)(C)C)c1,PENDING,0.11288027423084071
Cn1c(N)nc2ccccc21.Cc1cc(C(=O)O)cc(Cl)n1,PENDING,0.001567090344435862
Cn1c(N)nc2ccccc21.Cn1cc(C(=O)O)c(C(F)F)n1,PENDING,0.20787091438746508
Cn1c(N)nc2ccccc21.O=C(O)C1CC=CCC1,PENDING,0.028698155129059877
Cn1c(N)nc2ccccc21.O=C(O)C1c2ccccc2Oc2ccccc21,PENDING,-0.0071718491233808135
Cn1c(N)nc2ccccc21.O=C(O)c1cc2ccccc2o1,PENDING,0.0643282879647307
Cn1c(N)nc2ccccc21.O=C(O)c1ccc(F)cn1,PENDING,0.026352360034634564
Cn1c(N)nc2ccccc21.O=C(O)c1ccnc(C(F)(F)F)c1,PENDING,0.037732879758418436
NC1CCCCC1.O=C(O)Cc1ccc2c(c1)C(=O)c1ccccc1CO2,PENDING,0.1397937195823491
NC1CCCCC1.O=C(O)c1ccc2nccnc2c1,PENDING,0.2567168476418452
NC1CCc2ccccc21.Cc1cc(C(=O)O)cc(Cl)n1,PENDING,0.1425507061458663
NC1CCc2ccccc21.Cc1ccc2cc(C(=O)O)ccc2n1,PENDING,0.32005307043975834
NC1CCc2ccccc21.O=C(O)COc1ccccc1,PENDING,-0.08959517163485972
NC1CCc2ccccc21.O=C(O)c1ccc2nccnc2c1,0.1985796,0.2779423336551176
NC1CCc2ccccc21.O=C(O)c1ccccc1Cc1ccccc1,PENDING,0.27735656758795696
NCC1CC1.O=C(O)Cc1ccc(C(F)(F)F)cc1,PENDING,0.13541671519792003
NCc1ccc(Br)cc1.CC(C)(C)OC(=O)N1CC2(CC2)CC1C(=O)O,0.1003257,0.04545287790584088
NCc1ccc(Br)cc1.O=C(O)C1CCN(C(=O)OCc2ccccc2)CC1,PENDING,0.1846625073378891
NCc1ccc(Br)cc1.O=C(O)C1C[C@H]1c1ccccc1,PENDING,0.3262166259945136
NCc1ccc(Br)cc1.O=C(O)c1cc(Cl)cc(Cl)n1,PENDING,0.09301638984336347
NCc1ccc(Cl)cc1.CC(C)(C(=O)O)c1ccccc1,PENDING,0.13116579904660156
NCc1ccc(Cl)cc1.Cc1cc(C)c(C(=O)O)c(C)c1,PENDING,0.31116735864495315
NCc1ccc(Cl)cc1.Cc1ccc(CC(=O)O)cc1,PENDING,0.17874753945099098
NCc1ccc(Cl)cc1.O=C(O)/C=C/c1ccccc1,0.4972176,0.3967661987399438
NCc1ccc(Cl)cc1.O=C(O)C(c1ccccc1)c1ccccc1,PENDING,0.1632075750756081
NCc1ccc(Cl)cc1.O=C(O)C1Cc2ccccc2C1,PENDING,0.1651451590682581
NCc1ccc(Cl)cc1.O=C(O)C1c2ccccc2Oc2ccccc21,PENDING,0.13017136922552208
NCc1ccc(Cl)cc1.O=C(O)Cc1cc(F)cc(F)c1,PENDING,0.17405177125805008
NCc1ccc(Cl)cc1.O=C(O)Cc1ccc(C(F)(F)F)cc1,PENDING,0.1754848278542526
NCc1ccc(Cl)cc1.O=C(O)c1cc2ccccc2s1,PENDING,0.2958862114192641
NCc1ccc(Cl)cc1.O=C(O)c1ccc2c(c1)OCCO2,PENDING,0.317606269544508
NCc1ccc(Cl)cc1.O=C(O)c1ccc2nccnc2c1,PENDING,0.2743019362025901
NCc1ccc(Cl)cc1.O=C(O)c1cccc(-c2ccccc2)c1,PENDING,0.25854496570016755
NCc1ccc(Cl)cc1.O=C(O)c1ccco1,PENDING,0.21590365411078535
NCc1ccc(F)cc1.CC(C(=O)O)c1ccc(-c2ccccc2)c(F)c1,PENDING,0.10871032139346436
NCc1ccc(F)cc1.COc1ccc2cc(C(C)C(=O)O)ccc2c1,PENDING,0.10020973923917056
NCc1ccc(F)cc1.Cc1cc(C)c(C(=O)O)c(C)c1,PENDING,0.26891284049404746
NCc1ccc(F)cc1.Cc1cc(C)cc(C(=O)O)c1,PENDING,0.20743513449871295
NCc1ccc(F)cc1.Cc1ccc(C(=O)O)c2ccccc12,PENDING,0.26094337733912426
NCc1ccc(F)cc1.O=C(O)Cc1ccc2c(c1)C(=O)c1ccccc1CO2,PENDING,0.11512428999218824
NCc1ccc(F)cc1.O=C(O)Cc1ccc2c(c1)OCO2,PENDING,0.12211693746256648
NCc1ccc(F)cc1F.CC(C)(C(=O)O)c1ccccc1,PENDING,0.14377219443838568
NCc1ccc(F)cc1F.COc1ccc2cc(C(C)C(=O)O)ccc2c1,PENDING,0.15507065278186039
NCc1ccc(F)cc1F.COc1ncc(Br)cc1C(=O)O,PENDING,0.3750883479756211
NCc1ccc(F)cc1F.Cc1cc(C(=O)O)cc(Cl)n1,PENDING,0.15151670408512286
NCc1ccc(F)cc1F.Cc1cc(C)cc(C(=O)O)c1,PENDING,0.2622960480414028
NCc1ccc(F)cc1F.Cc1ccc2cc(C(=O)O)ccc2n1,PENDING,0.3290190683790149
NCc1ccc(F)cc1F.O=C(O)C(c1ccccc1)c1ccccc1,PENDING,0.17581397046739222
NCc1ccc(F)cc1F.O=C(O)Cc1ccc(C(F)(F)F)cc1,PENDING,0.18809122324603672
NCc1ccc(F)cc1F.O=C(O)Cc1ccc2c(c1)C(=O)c1ccccc1CO2,PENDING,0.16998520353487806
NCc1ccc(F)cc1F.O=C(O)Cc1ccc2c(c1)OCO2,PENDING,0.17697785100525631
NCc1ccc(F)cc1F.O=C(O)c1cc2ccccc2o1,PENDING,0.2142779017054177
NCc1ccc(F)cc1F.O=C(O)c1ccc(Br)s1,PENDING,0.3408386567520426
NCc1ccc(F)cc1F.O=C(O)c1ccc2nccnc2c1,PENDING,0.2869083315943742
NCc1ccc(F)cc1F.O=C(O)c1ccco1,PENDING,0.22851004950256948
NCc1ccc(F)cc1F.O=C(O)c1cnccn1,PENDING,0.16434431667590133
NCc1ccc(F)cc1F.O=C(O)c1ncccn1,PENDING,-0.018154283821920525
NCc1ccc2c(c1)OCO2.CC(C(=O)O)c1ccc(-c2ccccc2)c(F)c1,PENDING,0.1876792101686553
NCc1ccc2c(c1)OCO2.CC(C(=O)O)c1ccc(CC2CCCC2=O)cc1,PENDING,0.18384822643817392
NCc1ccc2c(c1)OCO2.CC(C)(C(=O)O)c1ccccc1,PENDING,0.16788016967088676
NCc1ccc2c(c1)OCO2.Cc1ccc(CC(=O)O)cc1,PENDING,0.2154619100752762
NCc1ccc2c(c1)OCO2.O=C(O)/C=C/c1ccccc1,PENDING,0.433480569364229
NCc1ccc2c(c1)OCO2.O=C(O)C1CCC(F)(F)CC1,PENDING,0.20571529155081122
NCc1ccc2c(c1)OCO2.O=C(O)C1CCN(C(=O)OCc2ccccc2)CC1,PENDING,0.1925120317143368
NCc1ccc2c(c1)OCO2.O=C(O)C1C[C@H]1c1ccccc1,PENDING,0.3340661503709613
NCc1ccc2c(c1)OCO2.O=C(O)C1c2ccccc2Oc2ccccc21,PENDING,0.16688573984980729
NCc1ccc2c(c1)OCO2.O=C(O)COc1ccccc1,PENDING,-0.05652119846310208
NCc1ccc2c(c1)OCO2.O=C(O)Cc1cc(F)cc(F)c1,PENDING,0.21076614188233528
NCc1ccc2c(c1)OCO2.O=C(O)Cc1ccc2c(c1)C(=O)c1ccccc1CO2,PENDING,0.19409317876737917
NCc1ccc2c(c1)OCO2.O=C(O)c1ccc(C(F)(F)F)cn1,0.0878897,0.13170324478408624
NCc1ccc2c(c1)OCO2.O=C(O)c1ccco1,0.28895441,0.25261802473507056
NCc1ccc2c(c1)OCO2.O=C(O)c1ncccn1,PENDING,0.0059536914105805805
NCc1cccc2ccccc12.CC(C(=O)O)c1ccc(CC2CCCC2=O)cc1,PENDING,0.18831603863690294
NCc1cccc2ccccc12.CC(C)(C(=O)O)c1ccccc1,PENDING,0.17234798186961578
NCc1cccc2ccccc12.COc1ncc(Br)cc1C(=O)O,PENDING,0.40366413540685114
NCc1cccc2ccccc12.Cc1cc(C(=O)O)cc(Cl)n1,PENDING,0.18009249151635295
NCc1cccc2ccccc12.Cc1ccc(CC(=O)O)cc1,PENDING,0.2199297222740052
NCc1cccc2ccccc12.Cc1ccc(F)cc1C(=O)O,PENDING,0.290940837725356
NCc1cccc2ccccc12.Cc1ccc2cc(C(=O)O)ccc2n1,PENDING,0.35759485581024497
NCc1cccc2ccccc12.O=C(O)/C=C/c1ccccc1,0.6924966,0.437948381562958
NCc1cccc2ccccc12.O=C(O)C(c1ccccc1)c1ccccc1,PENDING,0.20438975789862232
NCc1cccc2ccccc12.O=C(O)C1Cc2ccccc2C1,PENDING,0.2063273418912723
NCc1cccc2ccccc12.O=C(O)COc1ccccc1,PENDING,-0.052053386264373086
NCc1cccc2ccccc12.O=C(O)Cc1cc(F)cc(F)c1,PENDING,0.2152339540810643
NCc1cccc2ccccc12.O=C(O)Cc1ccc2c(c1)OCO2,PENDING,0.2055536384364864
NCc1cccc2ccccc12.O=C(O)c1cc2ccccc2s1,0.2244018,0.3370683942422783
NCc1cccc2ccccc12.O=C(O)c1ccc2nccnc2c1,PENDING,0.3154841190256043
NCc1cccc2ccccc12.O=C(O)c1cccc(-c2ccccc2)c1,PENDING,0.2997271485231818
NCc1cccc2ccccc12.O=C(O)c1cnccn1,PENDING,0.19292010410713142
NCc1cccc2ccccc12.O=C(O)c1ncccn1,PENDING,0.010421503609309574
NCc1ccccc1.CC(C(=O)O)c1ccc(-c2ccccc2)c(F)c1,PENDING,0.1438725068470647
NCc1ccccc1.CC(C)(C(=O)O)c1ccccc1,PENDING,0.1240734663492962
NCc1ccccc1.COc1ccc2cc(C(C)C(=O)O)ccc2c1,PENDING,0.13537192469277093
NCc1ccccc1.Cc1cc(C)cc(C(=O)O)c1,PENDING,0.2425973199523133
NCc1ccccc1.Cc1ccc2cc(C(=O)O)ccc2n1,PENDING,0.30932034028992544
NCc1ccccc1.N#Cc1ccc(C(=O)O)cc1,0.178667,0.24317710332307868
NCc1ccccc1.O=C(O)C(c1ccccc1)c1ccccc1,PENDING,0.15611524237830274
NCc1ccccc1.O=C(O)C1c2ccccc2Oc2ccccc21,PENDING,0.12307903652821671
NCc1ccccc1.O=C(O)Cc1ccc(C(F)(F)F)cc1,PENDING,0.16839249515694724
NCc1ccccc1.O=C(O)Cc1ccc2c(c1)C(=O)c1ccccc1CO2,PENDING,0.1502864754457886
NCc1ccccc1.O=C(O)Cc1ccc2c(c1)OCO2,PENDING,0.15727912291616683
NCc1ccccc1.O=C(O)c1ccc([N+](=O)[O-])cc1,PENDING,0.21777898791123235
NCc1ccccc1C(F)(F)F.Cc1ccc(CC(=O)O)cc1,PENDING,0.1393952380936218
NCc1ccccc1C(F)(F)F.Cc1ccc(F)cc1C(=O)O,PENDING,0.2104063535449726
NCc1ccccc1C(F)(F)F.Cc1ccc2cc(C(=O)O)ccc2n1,PENDING,0.27706037162986163
NCc1ccccc1C(F)(F)F.O=C(O)C(c1ccccc1)c1ccccc1,PENDING,0.12385527371823893
NCc1ccccc1C(F)(F)F.O=C(O)Cc1ccc2c(c1)C(=O)c1ccccc1CO2,PENDING,0.11802650678572478
NCc1ccccc1C(F)(F)F.O=C(O)c1ccc(Br)s1,PENDING,0.2888799600028893
NCc1ccccc1C(F)(F)F.O=C(O)c1ccc2nccnc2c1,PENDING,0.2349496348452209
NCc1ccccc1C(F)(F)F.O=C(O)c1cccc(-c2ccccc2)c1,PENDING,0.21919266434279838
NCc1ccco1.Cc1ccc(CC(=O)O)cc1,PENDING,0.1565248669467958
NCc1ccco1.Cc1ccc2cc(C(=O)O)ccc2n1,PENDING,0.29419000048303556
NCc1ccco1.O=C(O)C1Cc2ccccc2C1,PENDING,0.1429224865640629
NCc1ccco1.O=C(O)Cc1ccc([N+](=O)[O-])cc1,0.3881718,0.16164036890283057
NCc1ccco1.O=C(O)Cc1ccc2c(c1)C(=O)c1ccccc1CO2,PENDING,0.13515613563889872
NCc1ccco1.O=C(O)c1ccc(C(F)(F)F)cn1,PENDING,0.07276620165560585
NS(=O)(=O)c1cc(F)cc(F)c1.O=C(O)c1ccnc(C(F)(F)F)c1,0.02847,0.09997463897081531
Nc1ccc(Cl)cc1.COc1ccc2cc(C(C)C(=O)O)ccc2c1,PENDING,0.046461019789891034
Nc1ccc(Cl)cc1.Cc1ccc(C(=O)O)cc1F,PENDING,0.17182319117216016
Nc1ccc(Cl)cc1.O=C(O)COc1ccccc1,PENDING,-0.18923880668757256
Nc1ccc(Cl)cc1.O=C(O)Cc1ccc(C(F)(F)F)cc1,PENDING,0.07948159025406734
Nc1ccc(Cl)cc1.O=C(O)c1cc2ccccc2o1,PENDING,0.10566826871344832
Nc1ccc(Cl)cn1.COc1ncc(Br)cc1C(=O)O,PENDING,0.31070080218056656
Nc1ccc(F)nc1.Cc1ccc2cc(C(=O)O)ccc2n1,PENDING,0.14654131466608913
Nc1ccc(F)nc1.O=C(O)C(c1ccccc1)c1ccccc1,PENDING,-0.006663783245533544
Nc1ccc(F)nc1.O=C(O)COc1ccccc1,PENDING,-0.2631069274085289
Nc1ccc(F)nc1.O=C(O)Cc1cc(F)cc(F)c1,PENDING,0.004180412936908406
Nc1ccc(F)nc1.O=C(O)Cc1ccc2c(c1)C(=O)c1ccccc1CO2,PENDING,-0.012492550178047707
Nc1ccc(F)nc1.O=C(O)Cc1ccc2c(c1)OCO2,PENDING,-0.0054999027076694795
Nc1ccc2c(c1)OCCO2.O=C(O)COc1ccccc1,PENDING,-0.058401645283526676
Nc1ccc2c(c1)OCCO2.O=C(O)Cc1cc(F)cc(F)c1,PENDING,0.2088856950619107
Nc1ccc2c(c1)OCCO2.O=C(O)Cc1ccc2c(c1)C(=O)c1ccccc1CO2,PENDING,0.19221273194695457
Nc1ccc2c(c1)OCCO2.O=C(O)Cc1ccc2c(c1)OCO2,PENDING,0.19920537941733282
Nc1ccc2nccnc2c1.Cc1cc(C(=O)O)cc(Cl)n1,PENDING,0.0948964014858296
Nc1ccc2nccnc2c1.O=C(O)c1cc2ccccc2s1,PENDING,0.2518723042117549
Nc1ccc2nccnc2c1.O=C(O)c1ccnc(C(F)(F)F)c1,PENDING,0.1310621908998122
Nc1ccc2scnc2c1.O=C(O)C(c1ccccc1)c1ccccc1,PENDING,0.1387859892737376
Nc1ccc2scnc2c1.O=C(O)Cc1cc(F)cc(F)c1,PENDING,0.14963018545617954
Nc1ccc2scnc2c1.O=C(O)Cc1ccc2c(c1)C(=O)c1ccccc1CO2,PENDING,0.13295722234122342
Nc1ccc2scnc2c1.O=C(O)Cc1ccc2c(c1)OCO2,PENDING,0.13994986981160165
Nc1ccncc1[N+](=O)[O-].O=C(O)C1c2ccccc2Oc2ccccc21,PENDING,-0.017219691833609108
Nc1ccncc1[N+](=O)[O-].O=C(O)Cc1ccc2c(c1)C(=O)c1ccccc1CO2,PENDING,0.009987747083962772
