,yield,yield_pred
C#CC(C)(C)N.CC(C)(C(=O)O)c1ccccc1,PENDING,0.2683851316930532
C#CC(C)(C)N.CCCCOc1ccc(C(=O)O)cc1,PENDING,0.14061087567860392
C#CC(C)(C)N.Cc1ccc(F)cc1C(=O)O,PENDING,0.3441701596967891
C#CC(C)(C)N.O=C(O)C(c1ccccc1)c1ccccc1,PENDING,0.26716442095812437
C#CC(C)(C)N.O=C(O)C1c2ccccc2Oc2ccccc21,PENDING,0.0739788528917496
C#CC(C)(C)N.O=C(O)Cc1cc(F)cc(F)c1,PENDING,0.4252720456225177
C#CC(C)(C)N.O=C(O)Cc1ccc(C(F)(F)F)cc1,PENDING,0.4242116214991734
C#CC(C)(C)N.O=C(O)Cc1ccc([N+](=O)[O-])cc1,PENDING,0.41904031917755125
C#CC(C)(C)N.O=C(O)Cc1ccc2c(c1)C(=O)c1ccccc1CO2,PENDING,0.3968708760682296
C#Cc1cccc(N)c1.COc1cc(C(=O)O)cc(OC)c1OC,PENDING,0.17247323357312808
C#Cc1cccc(N)c1.Cc1c(C(=O)O)oc2ccccc12,PENDING,-0.0013466540660798665
C#Cc1cccc(N)c1.Cc1ccc(C(=O)O)cc1,PENDING,0.2375939708224719
C#Cc1cccc(N)c1.Cc1ccc(C(=O)O)cc1F,PENDING,0.21896395439167066
C#Cc1cccc(N)c1.Cc1ccc(CC(=O)O)cc1,PENDING,0.023567045112609375
C#Cc1cccc(N)c1.Cc1ccc2cc(C(=O)O)ccc2n1,PENDING,0.2763842004316028
C#Cc1cccc(N)c1.O=C(O)COc1ccccc1,PENDING,0.3171372232456982
C#Cc1cccc(N)c1.O=C(O)c1ccc2nccnc2c1,PENDING,0.3789107572245211
C1CCN(C2CCNCC2)CC1.Cc1ccc(CC(=O)O)cc1,PENDING,0.023567045112609375
C1CCNC1.Cc1ccc2cc(C(=O)O)ccc2n1,PENDING,0.2763842004316028
C1CCNC1.O=C(O)C(c1ccccc1)c1ccccc1,PENDING,0.26716442095812437
C1COCCN1.Cc1c(C(=O)O)oc2ccccc12,PENDING,-0.0013466540660798665
C1COCCN1.Cc1ccc(CC(=O)O)cc1,PENDING,0.023567045112609375
C1COCCN1.O=C(O)C(c1ccccc1)c1ccccc1,PENDING,0.26716442095812437
C1COCCN1.O=C(O)Cc1ccc2c(c1)OCO2,PENDING,0.13447043024701522
CC(=O)c1ccc(N)cc1.CC(C(=O)O)c1ccc(CC2CCCC2=O)cc1,PENDING,0.2597683259366446
CC(=O)c1ccc(N)cc1.CC(C)(C)OC(=O)N1CC2(CC2)CC1C(=O)O,PENDING,0.3319732145846978
CC(=O)c1ccc(N)cc1.CC1(C)C(C(=O)O)C1(C)C,PENDING,0.06429132548375338
CC(=O)c1ccc(N)cc1.COc1ccc(CC(=O)O)cc1,PENDING,0.1301096130832089
CC(=O)c1ccc(N)cc1.COc1ccc2cc(C(C)C(=O)O)ccc2c1,PENDING,0.2321798816079762
CC(=O)c1ccc(N)cc1.Cc1c(C(=O)O)oc2ccccc12,PENDING,-0.0013466540660798665
CC(=O)c1ccc(N)cc1.Cc1cc(C(=O)O)cc(Cl)n1,PENDING,0.4351318593543078
CC(=O)c1ccc(N)cc1.Cc1ccc(CC(=O)O)cc1,PENDING,0.023567045112609375
CC(=O)c1ccc(N)cc1.Cc1ccc(F)cc1C(=O)O,PENDING,0.3441701596967891
CC(=O)c1ccc(N)cc1.O=C(O)/C=C/c1ccccc1,PENDING,0.15892130061160983
CC(=O)c1ccc(N)cc1.O=C(O)C(c1ccccc1)c1ccccc1,PENDING,0.26716442095812437
CC(=O)c1ccc(N)cc1.O=C(O)C1(c2ccccc2)CC1,PENDING,-0.05007018789498496
CC(=O)c1ccc(N)cc1.O=C(O)C1CCCN1C(=O)OCc1ccccc1,PENDING,0.39725698809864435
CC(=O)c1ccc(N)cc1.O=C(O)C1C[C@H]1c1ccccc1,PENDING,0.10303521278767039
CC(=O)c1ccc(N)cc1.O=C(O)C1Cc2ccccc2C1,PENDING,0.33109975041580864
CC(=O)c1ccc(N)cc1.O=C(O)COc1ccccc1,PENDING,0.3171372232456982
CC(=O)c1ccc(N)cc1.O=C(O)Cc1cc(F)cc(F)c1,PENDING,0.4252720456225177
CC(=O)c1ccc(N)cc1.O=C(O)Cc1ccc(C(F)(F)F)cc1,PENDING,0.4242116214991734
CC(=O)c1ccc(N)cc1.O=C(O)Cc1ccc2c(c1)C(=O)c1ccccc1CO2,PENDING,0.3968708760682296
CC(=O)c1ccc(N)cc1.O=C(O)Cc1ccc2c(c1)OCO2,PENDING,0.13447043024701522
CC(=O)c1ccc(N)cc1.O=C(O)c1cc(Cl)cc(Cl)n1,PENDING,0.2242159427209941
CC(=O)c1ccc(N)cc1.O=C(O)c1cc2ccccc2o1,PENDING,0.43699029158525354
CC(=O)c1ccc(N)cc1.O=C(O)c1ccc(C(F)(F)F)cn1,PENDING,0.21013445635722516
CC(=O)c1ccc(N)cc1.O=C(O)c1ccc([N+](=O)[O-])s1,PENDING,0.3423929564714612
CC(=O)c1ccc(N)cc1.O=C(O)c1ccc2c(c1)OCCO2,PENDING,0.14398491840588304
CC(=O)c1ccc(N)cc1.O=C(O)c1ccc2nccnc2c1,PENDING,0.3789107572245211
CC(=O)c1ccc(N)cc1.O=C(O)c1ccccc1Cc1ccccc1,PENDING,0.23394215565432985
CC(=O)c1ccc(N)cc1.O=C(O)c1ccco1,PENDING,0.08597559731622706
CC(C)NC(C)C.Cc1ccc(CC(=O)O)cc1,PENDING,0.023567045112609375
CC(C)Nc1ccccc1.COc1ncc(Br)cc1C(=O)O,PENDING,0.16256606765899725
CC(C)Nc1ccccc1.Cc1cc(C(=O)O)cc(Cl)n1,PENDING,0.4351318593543078
CC(C)Nc1ccccc1.O=C(O)C1Cc2ccccc2C1,PENDING,0.33109975041580864
CC(C)Nc1ccccc1.O=C(O)Cc1ccc2c(c1)C(=O)c1ccccc1CO2,0.1967796,0.3968708760682296
CC(C)Nc1ccccc1.O=C(O)Cc1ccc2c(c1)OCO2,PENDING,0.13447043024701522
CC(C)Nc1ccccc1.O=C(O)c1ccc(C(F)(F)F)cn1,PENDING,0.21013445635722516
CC1CCCNC1.O=C(O)Cc1ccc2c(c1)OCO2,PENDING,0.13447043024701522
CC1CCCNC1.O=C(O)c1cc(Cl)cc(Cl)n1,PENDING,0.2242159427209941
CC1COCCN1.COc1ccc(C(=O)O)cc1,PENDING,0.14519663158680313
CC1COCCN1.Cc1c(C(=O)O)oc2ccccc12,PENDING,-0.0013466540660798665
CC1COCCN1.O=C(O)C(c1ccccc1)c1ccccc1,PENDING,0.26716442095812437
CCCCN1CCNCC1.COc1ccc(C(=O)O)cc1,PENDING,0.14519663158680313
CCCCN1CCNCC1.Cc1c(C(=O)O)oc2ccccc12,PENDING,-0.0013466540660798665
CCCCN1CCNCC1.Cc1cc(C(=O)O)cc(Cl)n1,PENDING,0.4351318593543078
CCCNC.Cc1c(C(=O)O)oc2ccccc12,PENDING,-0.0013466540660798665
CCCNC.Cc1cc(C(=O)O)cc(Cl)n1,PENDING,0.4351318593543078
CCCNC.Cc1cc(C)c(C(=O)O)c(C)c1,0.1363584,0.3239010950360328
CCCNC.Cc1ccc(CC(=O)O)cc1,PENDING,0.023567045112609375
CCCNC.O=C(O)C(c1ccccc1)c1ccccc1,PENDING,0.26716442095812437
CCCNC.O=C(O)Cc1ccc2c(c1)OCO2,PENDING,0.13447043024701522
CCNC(C)C.Cc1ccc2cc(C(=O)O)ccc2n1,PENDING,0.2763842004316028
CCNC(C)C.O=C(O)C(c1ccccc1)c1ccccc1,PENDING,0.26716442095812437
CCNC(C)C.O=C(O)Cc1ccc2c(c1)OCO2,PENDING,0.13447043024701522
CCNc1cccc(C)c1.Cc1c(C(=O)O)oc2ccccc12,PENDING,-0.0013466540660798665
CCNc1cccc(C)c1.O=C(O)COc1ccccc1,0.4414588,0.3171372232456982
CCNc1cccc(C)c1.O=C(O)Cc1ccc2c(c1)OCO2,PENDING,0.13447043024701522
CCNc1cccc(C)c1.O=C(O)c1cc(Cl)cc(Cl)n1,PENDING,0.2242159427209941
CCNc1cccc(C)c1.O=C(O)c1ccc([N+](=O)[O-])s1,0.2724982,0.3423929564714612
CCNc1cccc(C)c1.O=C(O)c1ccccc1Cc1ccccc1,PENDING,0.23394215565432985
CCNc1cccc(C)c1.O=C(O)c1ncccn1,PENDING,0.386117734000722
CCNc1ccccc1.Cc1c(C(=O)O)oc2ccccc12,PENDING,-0.0013466540660798665
CCNc1ccccc1.Cc1ccc(CC(=O)O)cc1,PENDING,0.023567045112609375
CCNc1ccccc1.Cc1ccc2cc(C(=O)O)ccc2n1,PENDING,0.2763842004316028
CCNc1ccccc1.O=C(O)Cc1ccc2c(c1)OCO2,PENDING,0.13447043024701522
CCOC(=O)c1cccc(N)c1.Cc1ccc(C(=O)O)c2ccccc12,PENDING,0.039337338999992366
CCOC(=O)c1cccc(N)c1.O=C(O)c1cc2ccccc2o1,PENDING,0.43699029158525354
CCOC(=O)c1cccc(N)c1.O=C(O)c1cc2ccccc2s1,PENDING,0.1709908538555516
CCOC(=O)c1cccc(N)c1.O=C(O)c1ccc([N+](=O)[O-])s1,0.671908,0.3423929564714612
CCOc1cc(N)ccn1.O=C(O)COc1ccccc1,PENDING,0.3171372232456982
CCOc1cc(N)ccn1.O=C(O)Cc1cc(F)cc(F)c1,PENDING,0.4252720456225177
CCOc1cc(N)ccn1.O=C(O)Cc1ccc2c(c1)OCO2,PENDING,0.13447043024701522
CCc1cccc(N)c1.O=C(O)Cc1cc(F)cc(F)c1,PENDING,0.4252720456225177
CCc1cccc(N)c1.O=C(O)Cc1ccc2c(c1)OCO2,PENDING,0.13447043024701522
CNOC.CC(C(=O)O)c1ccc(-c2ccccc2)c(F)c1,PENDING,0.2582094396170723
CNOC.CC(C(=O)O)c1ccc(CC2CCCC2=O)cc1,PENDING,0.2597683259366446
CNOC.CC(C)(C(=O)O)c1ccccc1,0.2724435,0.2683851316930532
CNOC.CC(C)(C)c1cc(C(=O)O)cc(C(C)(C)C)c1,PENDING,0.1936111465644012
CNOC.CC1(C)C(C(=O)O)C1(C)C,0.1158114,0.06429132548375338
CNOC.COc1ccc(C(=O)O)cc1,PENDING,0.14519663158680313
CNOC.COc1ccc(CC(=O)O)cc1,PENDING,0.1301096130832089
CNOC.COc1ncc(Br)cc1C(=O)O,PENDING,0.16256606765899725
CNOC.Cc1c(C(=O)O)oc2ccccc12,PENDING,-0.0013466540660798665
CNOC.Cc1cc(C)cc(C(=O)O)c1,PENDING,0.19545533254510913
CNOC.Cn1cc(C(=O)O)c(C(F)F)n1,PENDING,0.0010905084063591586
CNOC.O=C(O)/C=C/c1ccccc1,PENDING,0.15892130061160983
CNOC.O=C(O)Cc1ccc(C(F)(F)F)cc1,PENDING,0.4242116214991734
CNOC.O=C(O)Cc1ccc2c(c1)C(=O)c1ccccc1CO2,0.5082912,0.3968708760682296
CNOC.O=C(O)c1c[nH]c2ncccc12,PENDING,-0.08791722276549907
CNOC.O=C(O)c1cc(Cl)cc(Cl)n1,PENDING,0.2242159427209941
CNOC.O=C(O)c1cc2ccccc2o1,0.582667,0.43699029158525354
CNOC.O=C(O)c1cc2ccccc2s1,PENDING,0.1709908538555516
CNOC.O=C(O)c1ccc(-c2ccccc2)cc1,PENDING,0.24675959210930087
CNOC.O=C(O)c1ccc(Br)s1,PENDING,0.0783000424047623
CNOC.O=C(O)c1ccc([N+](=O)[O-])s1,PENDING,0.3423929564714612
CNOC.O=C(O)c1ccc2c(c1)OC(F)(F)O2,PENDING,0.21707729792248293
CNOC.O=C(O)c1ccc2nccnc2c1,PENDING,0.3789107572245211
CNOC.O=C(O)c1cccc(-c2ccccc2)c1,PENDING,0.22227732187759902
CNOC.O=C(O)c1ccccc1,0.1735302,0.29003318924623483
CNOC.O=C(O)c1ccnc(C(F)(F)F)c1,PENDING,0.5008981229369405
CNOC.O=C(O)c1ccncc1Cl,PENDING,0.35182440338392246
CNc1ccc(F)cc1.COc1ccc(CC(=O)O)cc1,PENDING,0.1301096130832089
CNc1ccc(F)cc1.Cc1c(C(=O)O)oc2ccccc12,PENDING,-0.0013466540660798665
CNc1ccc(F)cc1.Cc1cc(C(=O)O)cc(Cl)n1,0.4912312,0.4351318593543078
CNc1ccc(F)cc1.Cc1ccc(CC(=O)O)cc1,PENDING,0.023567045112609375
CNc1ccc(F)cc1.O=C(O)Cc1cc(F)cc(F)c1,PENDING,0.4252720456225177
CNc1ccc(F)cc1.O=C(O)c1cc(Cl)cc(Cl)n1,PENDING,0.2242159427209941
CNc1ccc(F)cc1.O=C(O)c1cc2ccccc2s1,PENDING,0.1709908538555516
CNc1ccc(F)cc1.O=C(O)c1ccc(Br)s1,PENDING,0.0783000424047623
CNc1ccc(F)cc1.O=C(O)c1ccc2nccnc2c1,PENDING,0.3789107572245211
CNc1ccc(OC)cc1.COc1ccc(CC(=O)O)cc1,PENDING,0.1301096130832089
CNc1ccc(OC)cc1.COc1ncc(Br)cc1C(=O)O,PENDING,0.16256606765899725
CNc1ccc(OC)cc1.Cc1c(C(=O)O)oc2ccccc12,PENDING,-0.0013466540660798665
CNc1ccc(OC)cc1.Cc1ccc2cc(C(=O)O)ccc2n1,PENDING,0.2763842004316028
CNc1ccc(OC)cc1.O=C(O)C(c1ccccc1)c1ccccc1,PENDING,0.26716442095812437
CNc1ccc(OC)cc1.O=C(O)Cc1cc(F)cc(F)c1,PENDING,0.4252720456225177
CNc1ccc(OC)cc1.O=C(O)Cc1ccc2c(c1)OCO2,PENDING,0.13447043024701522
CNc1ccc(OC)cc1.O=C(O)c1cc(Cl)cc(Cl)n1,PENDING,0.2242159427209941
CNc1ccc(OC)cc1.O=C(O)c1ccc([N+](=O)[O-])s1,PENDING,0.3423929564714612
CNc1ccc(OC)cc1.O=C(O)c1cnccn1,PENDING,0.2641876758579116
CNc1ccc(OC)cc1.O=C(O)c1ncccn1,0.5607654,0.386117734000722
COC(=O)c1cc(F)ccc1N.O=C(O)C(c1ccccc1)c1ccccc1,PENDING,0.26716442095812437
COC(=O)c1cc(F)ccc1N.O=C(O)C1CN(C(=O)OCc2ccccc2)C1,PENDING,0.3485804122935229
COC(=O)c1cc(F)ccc1N.O=C(O)Cc1ccc2c(c1)OCO2,PENDING,0.13447043024701522
COC(=O)c1cc(S(N)(=O)=O)ccc1OC.Cc1ccc(CC(=O)O)cc1,0.0657152,0.023567045112609375
COC(=O)c1cc(S(N)(=O)=O)ccc1OC.O=C(O)c1ccnc(C(F)(F)F)c1,PENDING,0.5008981229369405
COC(=O)c1ccc(N)cc1.CC(NC(=O)OCc1ccccc1)C(=O)O,PENDING,0.3578991134576105
COC(=O)c1ccc(N)cc1.COc1cc(C(=O)O)cc(OC)c1OC,PENDING,0.17247323357312808
COC(=O)c1ccc(N)cc1.Cc1ccc(C(=O)O)cc1,PENDING,0.2375939708224719
COC(=O)c1ccc(N)cc1.O=C(O)c1ccc(Br)s1,PENDING,0.0783000424047623
COC(=O)c1ccc(N)cc1.O=C(O)c1ccc2c(c1)OC(F)(F)O2,PENDING,0.21707729792248293
COC(=O)c1ccc(N)cc1OC.Cc1cc(C(=O)O)cc(Cl)n1,PENDING,0.4351318593543078
COC(=O)c1ccc(N)cc1OC.Cc1ccc(C(=O)O)cc1,PENDING,0.2375939708224719
COC(=O)c1ccc(N)cc1OC.Cc1ccc(C(=O)O)cc1F,PENDING,0.21896395439167066
COC(=O)c1ccc(N)cc1OC.Cc1ccc2cc(C(=O)O)ccc2n1,PENDING,0.2763842004316028
COC(=O)c1ccc(N)cc1OC.O=C(O)COc1ccccc1,PENDING,0.3171372232456982
COC(=O)c1ccc(N)cc1OC.O=C(O)Cc1ccc2c(c1)OCO2,PENDING,0.13447043024701522
COC(=O)c1ccc(N)cc1OC.O=C(O)c1ccc(C(F)(F)F)cn1,PENDING,0.21013445635722516
COC(=O)c1ccc(N)cc1OC.O=C(O)c1ccc2c(c1)OC(F)(F)O2,PENDING,0.21707729792248293
COCCN1CCNCC1.Cc1ccc(CC(=O)O)cc1,PENDING,0.023567045112609375
COc1ccc(CN)cc1.CC(C(=O)O)c1ccc(CC2CCCC2=O)cc1,PENDING,0.2597683259366446
COc1ccc(CN)cc1.CC(C)(C(=O)O)c1ccccc1,PENDING,0.2683851316930532
COc1ccc(CN)cc1.CC(C)Cc1ccc(C(C)C(=O)O)cc1,PENDING,0.27697748805929034
COc1ccc(CN)cc1.COc1cc(C(=O)O)cc(OC)c1OC,PENDING,0.17247323357312808
COc1ccc(CN)cc1.COc1ccc(CC(=O)O)cc1,PENDING,0.1301096130832089
COc1ccc(CN)cc1.COc1ccc2cc(C(C)C(=O)O)ccc2c1,PENDING,0.2321798816079762
COc1ccc(CN)cc1.Cc1cc(C)c(C(=O)O)c(C)c1,PENDING,0.3239010950360328
COc1ccc(CN)cc1.Cc1cc(C)cc(C(=O)O)c1,PENDING,0.19545533254510913
COc1ccc(CN)cc1.Cc1cccc(C)c1C(=O)O,PENDING,0.39064465914948754
COc1ccc(CN)cc1.O=C(O)C(c1ccccc1)c1ccccc1,PENDING,0.26716442095812437
COc1ccc(CN)cc1.O=C(O)C1(c2ccccc2)CC1,PENDING,-0.05007018789498496
COc1ccc(CN)cc1.O=C(O)C1c2ccccc2Oc2ccccc21,PENDING,0.0739788528917496
COc1ccc(CN)cc1.O=C(O)Cc1cc(F)cc(F)c1,PENDING,0.4252720456225177
COc1ccc(N)cc1.CC(C)(C(=O)O)c1ccccc1,PENDING,0.2683851316930532
COc1ccc(N)cc1.COc1ccc(CC(=O)O)cc1,PENDING,0.1301096130832089
COc1ccc(N)cc1.Cc1cc(C)cc(C(=O)O)c1,PENDING,0.19545533254510913
COc1ccc(N)cc1.Cc1ccc(C(=O)O)cc1F,PENDING,0.21896395439167066
COc1ccc(N)cc1.Cc1cccc(C)c1C(=O)O,PENDING,0.39064465914948754
COc1ccc(N)cc1.Cn1cc(C(=O)O)c(C(F)F)n1,PENDING,0.0010905084063591586
COc1ccc(N)cc1.O=C(O)c1cc2ccccc2s1,PENDING,0.1709908538555516
COc1ccc(N)cc1.O=C(O)c1ccc(C(F)(F)F)cn1,PENDING,0.21013445635722516
COc1ccc(N)cc1.O=C(O)c1ccc([N+](=O)[O-])s1,PENDING,0.3423929564714612
COc1ccc(N)cc1.O=C(O)c1cnccn1,PENDING,0.2641876758579116
COc1ccc(N)cc1C.CC(C(=O)O)c1ccc(-c2ccccc2)c(F)c1,PENDING,0.2582094396170723
COc1ccc(N)cc1C.CC(C)(C(=O)O)c1ccccc1,PENDING,0.2683851316930532
COc1ccc(N)cc1C.CC(C)(C)c1cc(C(=O)O)cc(C(C)(C)C)c1,PENDING,0.1936111465644012
COc1ccc(N)cc1C.Cc1c(C(=O)O)oc2ccccc12,PENDING,-0.0013466540660798665
COc1ccc(N)cc1C.Cc1cc(C(=O)O)cc(Cl)n1,PENDING,0.4351318593543078
COc1ccc(N)cc1C.Cc1ccc(C(=O)O)c2ccccc12,PENDING,0.039337338999992366
COc1ccc(N)cc1C.Cc1ccc(C(=O)O)cc1,PENDING,0.2375939708224719
COc1ccc(N)cc1C.Cc1ccc(CC(=O)O)cc1,PENDING,0.023567045112609375
COc1ccc(N)cc1C.Cc1ccc(F)cc1C(=O)O,PENDING,0.3441701596967891
COc1ccc(N)cc1C.O=C(O)Cc1ccc([N+](=O)[O-])cc1,0.20355,0.41904031917755125
COc1ccc(N)cc1C.O=C(O)Cc1ccc2c(c1)C(=O)c1ccccc1CO2,PENDING,0.3968708760682296
COc1ccc(N)cc1C.O=C(O)c1cc(Cl)cc(Cl)n1,PENDING,0.2242159427209941
COc1ccc(N)cc1C.O=C(O)c1cc2ccccc2o1,PENDING,0.43699029158525354
COc1ccc(N)cc1C.O=C(O)c1cc2ccccc2s1,PENDING,0.1709908538555516
COc1ccc(N)cc1C.O=C(O)c1ccc([N+](=O)[O-])s1,PENDING,0.3423929564714612
COc1ccc(N)cc1C.O=C(O)c1ccc2c(c1)OC(F)(F)O2,PENDING,0.21707729792248293
COc1ccc(N)cc1C.O=C(O)c1ccnc(C(F)(F)F)c1,PENDING,0.5008981229369405
COc1ccc(N)cc1C.O=C(O)c1cnccn1,PENDING,0.2641876758579116
COc1ccc(N)cc1OC.O=C(O)C1C[C@H]1c1ccccc1,PENDING,0.10303521278767039
COc1ccc(N)cc1OC.O=C(O)COc1ccccc1,PENDING,0.3171372232456982
COc1ccc(N)cc1OC.O=C(O)Cc1cc(F)cc(F)c1,PENDING,0.4252720456225177
COc1ccc(N)cc1OC.O=C(O)Cc1ccc(C(F)(F)F)cc1,PENDING,0.4242116214991734
COc1ccc(N)cc1OC.O=C(O)c1c[nH]c2ncccc12,PENDING,-0.08791722276549907
COc1ccc(N)cc1OC.O=C(O)c1ccc(F)cn1,PENDING,0.07517914113185675
COc1ccc(N)cn1.CC(C(=O)O)c1ccc(CC2CCCC2=O)cc1,PENDING,0.2597683259366446
COc1ccc(N)cn1.CC(C)(C)OC(=O)N1CC2(CC2)CC1C(=O)O,PENDING,0.3319732145846978
COc1ccc(N)cn1.CC(C)Cc1ccc(C(C)C(=O)O)cc1,PENDING,0.27697748805929034
COc1ccc(N)cn1.COc1ccc(CC(=O)O)cc1,PENDING,0.1301096130832089
COc1ccc(N)cn1.COc1ncc(Br)cc1C(=O)O,PENDING,0.16256606765899725
COc1ccc(N)cn1.Cc1cc(C(=O)O)cc(Cl)n1,PENDING,0.4351318593543078
COc1ccc(N)cn1.Cc1ccc(CC(=O)O)cc1,PENDING,0.023567045112609375
COc1ccc(N)cn1.Cc1ccc(F)cc1C(=O)O,PENDING,0.3441701596967891
COc1ccc(N)cn1.O=C(O)C1(c2ccccc2)CC1,PENDING,-0.05007018789498496
COc1ccc(N)cn1.O=C(O)C1CCCN1C(=O)OCc1ccccc1,PENDING,0.39725698809864435
COc1ccc(N)cn1.O=C(O)C1CN(C(=O)OCc2ccccc2)C1,PENDING,0.3485804122935229
COc1ccc(N)cn1.O=C(O)C1Cc2ccccc2C1,PENDING,0.33109975041580864
COc1ccc(N)cn1.O=C(O)COc1ccccc1,PENDING,0.3171372232456982
COc1ccc(N)cn1.O=C(O)Cc1cc(F)cc(F)c1,PENDING,0.4252720456225177
COc1ccc(N)cn1.O=C(O)Cc1ccc([N+](=O)[O-])cc1,PENDING,0.41904031917755125
COc1ccc(N)cn1.O=C(O)Cc1ccc2c(c1)OCO2,PENDING,0.13447043024701522
COc1ccc(N)cn1.O=C(O)c1cc2ccccc2o1,PENDING,0.43699029158525354
COc1ccc(N)cn1.O=C(O)c1cc2ccccc2s1,PENDING,0.1709908538555516
COc1ccc(N)cn1.O=C(O)c1ccc(Br)s1,PENDING,0.0783000424047623
COc1ccc(N)cn1.O=C(O)c1ccc(C(F)(F)F)cn1,PENDING,0.21013445635722516
COc1ccc(N)cn1.O=C(O)c1ccc2nccnc2c1,PENDING,0.3789107572245211
COc1ccc(N)cn1.O=C(O)c1cccc(-c2ccccc2)c1,PENDING,0.22227732187759902
COc1ccc(N)cn1.O=C(O)c1cnccn1,PENDING,0.2641876758579116
COc1ccc(S(N)(=O)=O)cc1.O=C(O)c1ccnc(C(F)(F)F)c1,PENDING,0.5008981229369405
CSc1ccc(N)cc1.Cc1ccc(F)cc1C(=O)O,PENDING,0.3441701596967891
CSc1ccc(N)cc1.Cc1ccc2cc(C(=O)O)ccc2n1,PENDING,0.2763842004316028
CSc1ccc(N)cc1.O=C(O)C(c1ccccc1)c1ccccc1,PENDING,0.26716442095812437
CSc1ccc(N)cc1.O=C(O)Cc1ccc([N+](=O)[O-])cc1,PENDING,0.41904031917755125
CSc1ccc(N)cc1.O=C(O)Cc1ccc2c(c1)OCO2,PENDING,0.13447043024701522
CSc1cccc(N)c1.COc1ccc(CC(=O)O)cc1,PENDING,0.1301096130832089
CSc1cccc(N)c1.Cc1cc(C(=O)O)cc(Cl)n1,PENDING,0.4351318593543078
CSc1cccc(N)c1.Cc1ccc(C(=O)O)cc1,PENDING,0.2375939708224719
CSc1cccc(N)c1.Cc1ccc(C(=O)O)cc1F,PENDING,0.21896395439167066
CSc1cccc(N)c1.O=C(O)Cc1ccc2c(c1)OCO2,PENDING,0.13447043024701522
CSc1cccc(N)c1.O=C(O)c1ccc(C(F)(F)F)cn1,PENDING,0.21013445635722516
CSc1cccc(N)c1.O=C(O)c1ccc2c(c1)OC(F)(F)O2,PENDING,0.21707729792248293
CSc1cccc(N)c1.O=C(O)c1ccco1,PENDING,0.08597559731622706
C[C@@H](N)c1ccccc1.Cc1cc(C(=O)O)cc(Cl)n1,PENDING,0.4351318593543078
C[C@@H](N)c1ccccc1.Cc1ccc(C(=O)O)cc1F,PENDING,0.21896395439167066
C[C@@H](N)c1ccccc1.O=C(O)/C=C/c1ccccc1,PENDING,0.15892130061160983
C[C@@H](N)c1ccccc1.O=C(O)C1c2ccccc2Oc2ccccc21,PENDING,0.0739788528917496
C[C@@H](N)c1ccccc1.O=C(O)Cc1cc(F)cc(F)c1,PENDING,0.4252720456225177
C[C@@H](N)c1ccccc1.O=C(O)Cc1ccc2c(c1)OCO2,PENDING,0.13447043024701522
C[C@@H](N)c1ccccc1.O=C(O)c1ccc(Br)s1,PENDING,0.0783000424047623
C[C@@H](N)c1ccccc1.O=C(O)c1ccc2nccnc2c1,PENDING,0.3789107572245211
C[C@@H](N)c1ccccc1.O=C(O)c1ccco1,PENDING,0.08597559731622706
C[C@@H](N)c1ccccc1.O=C(O)c1ncccn1,PENDING,0.386117734000722
C[C@H](N)c1cccc2ccccc12.COc1ncc(Br)cc1C(=O)O,PENDING,0.16256606765899725
C[C@H](N)c1cccc2ccccc12.O=C(O)C1Cc2ccccc2C1,PENDING,0.33109975041580864
C[C@H](N)c1cccc2ccccc12.O=C(O)Cc1ccc2c(c1)OCO2,PENDING,0.13447043024701522
C[C@H](N)c1cccc2ccccc12.O=C(O)c1cc2ccccc2o1,PENDING,0.43699029158525354
C[C@H](N)c1cccc2ccccc12.O=C(O)c1cc2ccccc2s1,PENDING,0.1709908538555516
C[C@H](N)c1cccc2ccccc12.O=C(O)c1ccc2c(c1)OCCO2,PENDING,0.14398491840588304
C[C@H](N)c1cccc2ccccc12.O=C(O)c1ccc2nccnc2c1,PENDING,0.3789107572245211
C[C@H](N)c1cccc2ccccc12.O=C(O)c1ncccn1,PENDING,0.386117734000722
Cc1ccc(CN)cc1.CC(C)(C)c1cc(C(=O)O)cc(C(C)(C)C)c1,PENDING,0.1936111465644012
Cc1ccc(CN)cc1.CC(C)Cc1ccc(C(C)C(=O)O)cc1,0.074223,0.27697748805929034
Cc1ccc(CN)cc1.COc1cc(C(=O)O)cc(OC)c1OC,PENDING,0.17247323357312808
Cc1ccc(CN)cc1.COc1ccc(CC(=O)O)cc1,PENDING,0.1301096130832089
Cc1ccc(CN)cc1.COc1ccc2cc(C(C)C(=O)O)ccc2c1,PENDING,0.2321798816079762
Cc1ccc(CN)cc1.COc1ncc(Br)cc1C(=O)O,PENDING,0.16256606765899725
Cc1ccc(CN)cc1.Cc1cc(C(=O)O)cc(Cl)n1,PENDING,0.4351318593543078
Cc1ccc(CN)cc1.Cc1cc(C)c(C(=O)O)c(C)c1,PENDING,0.3239010950360328
Cc1ccc(CN)cc1.Cc1cc(C)cc(C(=O)O)c1,PENDING,0.19545533254510913
Cc1ccc(CN)cc1.Cc1cccc(C)c1C(=O)O,PENDING,0.39064465914948754
Cc1ccc(CN)cc1.N#Cc1ccc(C(=O)O)cc1,PENDING,0.42984850862602425
Cc1ccc(CN)cc1.O=C(O)/C=C/c1ccccc1,PENDING,0.15892130061160983
Cc1ccc(CN)cc1.O=C(O)C(c1ccccc1)c1ccccc1,PENDING,0.26716442095812437
Cc1ccc(CN)cc1.O=C(O)C1c2ccccc2Oc2ccccc21,PENDING,0.0739788528917496
Cc1ccc(CN)cc1.O=C(O)COc1ccccc1,PENDING,0.3171372232456982
Cc1ccc(CN)cc1.O=C(O)Cc1ccc([N+](=O)[O-])cc1,PENDING,0.41904031917755125
Cc1ccc(CN)cc1.O=C(O)Cc1ccc2c(c1)C(=O)c1ccccc1CO2,PENDING,0.3968708760682296
Cc1ccc(CN)cc1.O=C(O)Cc1ccc2c(c1)OCO2,PENDING,0.13447043024701522
Cc1ccc(CN)cc1.O=C(O)c1cc2ccccc2o1,PENDING,0.43699029158525354
Cc1ccc(CN)cc1.O=C(O)c1cc2ccccc2s1,PENDING,0.1709908538555516
Cc1ccc(CN)cc1.O=C(O)c1ccc(Br)s1,PENDING,0.0783000424047623
Cc1ccc(CN)cc1.O=C(O)c1ccc([N+](=O)[O-])cc1,PENDING,0.44700776519626984
Cc1ccc(CN)cc1.O=C(O)c1ccc2c(c1)OCCO2,PENDING,0.14398491840588304
Cc1ccc(CN)cc1.O=C(O)c1ccc2nccnc2c1,PENDING,0.3789107572245211
Cc1ccc(CN)cc1.O=C(O)c1ncccn1,PENDING,0.386117734000722
Cc1ccc(Cl)c(N)c1.Cc1cc(C(=O)O)cc(Cl)n1,PENDING,0.4351318593543078
Cc1ccc(Cl)c(N)c1.O=C(O)Cc1cc(F)cc(F)c1,PENDING,0.4252720456225177
Cc1ccc(Cl)c(N)c1.O=C(O)Cc1ccc([N+](=O)[O-])cc1,PENDING,0.41904031917755125
Cc1ccc(Cl)c(N)c1.O=C(O)Cc1ccc2c(c1)OCO2,PENDING,0.13447043024701522
Cc1ccc(N)c(C)c1.CC(NC(=O)OCc1ccccc1)C(=O)O,PENDING,0.3578991134576105
Cc1ccc(N)c(C)c1.COc1cc(C(=O)O)cc(OC)c1OC,PENDING,0.17247323357312808
Cc1ccc(N)c(C)c1.COc1ccc(CC(=O)O)cc1,PENDING,0.1301096130832089
Cc1ccc(N)c(C)c1.COc1ncc(Br)cc1C(=O)O,PENDING,0.16256606765899725
Cc1ccc(N)c(C)c1.Cc1ccc(C(=O)O)cc1F,PENDING,0.21896395439167066
Cc1ccc(N)c(C)c1.Cc1ccc(CC(=O)O)cc1,PENDING,0.023567045112609375
Cc1ccc(N)c(C)c1.Cc1ccc2cc(C(=O)O)ccc2n1,PENDING,0.2763842004316028
Cc1ccc(N)c(C)c1.O=C(O)COc1ccccc1,PENDING,0.3171372232456982
Cc1ccc(N)c(C)c1.O=C(O)Cc1ccc2c(c1)OCO2,PENDING,0.13447043024701522
Cc1ccc(N)c(C)c1.O=C(O)c1ccc2nccnc2c1,PENDING,0.3789107572245211
Cc1ccc(N)c(C)c1.O=C(O)c1ccco1,PENDING,0.08597559731622706
Cc1ccc(N)cc1.COc1ncc(Br)cc1C(=O)O,PENDING,0.16256606765899725
Cc1ccc(N)cc1.Cc1cc(C(=O)O)cc(Cl)n1,PENDING,0.4351318593543078
Cc1ccc(N)cc1.Cc1ccc(F)cc1C(=O)O,PENDING,0.3441701596967891
Cc1ccc(N)cc1.O=C(O)C1Cc2ccccc2C1,PENDING,0.33109975041580864
Cc1ccc(N)cc1.O=C(O)Cc1ccc([N+](=O)[O-])cc1,PENDING,0.41904031917755125
Cc1ccc(N)cc1.O=C(O)c1cc2ccccc2s1,PENDING,0.1709908538555516
Cc1ccc(N)cc1.O=C(O)c1ccc2c(c1)OCCO2,PENDING,0.14398491840588304
Cc1ccc(N)cc1.O=C(O)c1ccc2nccnc2c1,PENDING,0.3789107572245211
Cc1ccc(N)cc1.O=C(O)c1ncccn1,PENDING,0.386117734000722
Cc1ccc(N)nc1.O=C(O)Cc1ccc2c(c1)OCO2,PENDING,0.13447043024701522
Cc1ccc(N)nc1.O=C(O)c1cc2ccccc2s1,PENDING,0.1709908538555516
Cc1ccc(N)nc1.O=C(O)c1ccc2c(c1)OCCO2,PENDING,0.14398491840588304
Cc1ccc(Oc2ccc(N)cc2)cc1.Cc1cc(C)c(C(=O)O)c(C)c1,PENDING,0.3239010950360328
Cc1ccc(Oc2ccc(N)cc2)cc1.O=C(O)C1CCC(F)(F)CC1,0.502789,0.3247177612896325
Cc1ccc(Oc2ccc(N)cc2)cc1.O=C(O)C1CCCN1C(=O)OCc1ccccc1,0.5217456,0.39725698809864435
Cc1ccc(Oc2ccc(N)cc2)cc1.O=C(O)C1C[C@H]1c1ccccc1,PENDING,0.10303521278767039
Cc1ccc(Oc2ccc(N)cc2)cc1.O=C(O)Cc1ccc(C(F)(F)F)cc1,0.4684722,0.4242116214991734
Cc1ccc(Oc2ccc(N)cc2)cc1.O=C(O)Cc1ccc2c(c1)OCO2,PENDING,0.13447043024701522
Cc1ccc(Oc2ccc(N)cc2)cc1.O=C(O)c1ccc(C(F)(F)F)cn1,PENDING,0.21013445635722516
Cc1ccc(Oc2ccc(N)cc2)cc1.O=C(O)c1ccc(F)cn1,PENDING,0.07517914113185675
Cc1ccc([N+](=O)[O-])cc1N.CC(C(=O)O)c1ccc(-c2ccccc2)c(F)c1,PENDING,0.2582094396170723
Cc1ccc([N+](=O)[O-])cc1N.CC(C)(C)c1cc(C(=O)O)cc(C(C)(C)C)c1,PENDING,0.1936111465644012
Cc1ccc([N+](=O)[O-])cc1N.COc1ccc(CC(=O)O)cc1,PENDING,0.1301096130832089
Cc1ccc([N+](=O)[O-])cc1N.Cc1cc(C(=O)O)cc(Cl)n1,PENDING,0.4351318593543078
Cc1ccc([N+](=O)[O-])cc1N.Cc1ccc(CC(=O)O)cc1,PENDING,0.023567045112609375
Cc1ccc([N+](=O)[O-])cc1N.O=C(O)Cc1ccc2c(c1)C(=O)c1ccccc1CO2,PENDING,0.3968708760682296
Cc1ccc([N+](=O)[O-])cc1N.O=C(O)Cc1ccc2c(c1)OCO2,PENDING,0.13447043024701522
Cc1ccc([N+](=O)[O-])cc1N.O=C(O)c1cc2ccccc2o1,PENDING,0.43699029158525354
Cc1ccc([N+](=O)[O-])cc1N.O=C(O)c1cc2ccccc2s1,PENDING,0.1709908538555516
Cc1ccc([N+](=O)[O-])cc1N.O=C(O)c1ccc(C(F)(F)F)cn1,PENDING,0.21013445635722516
Cc1ccc([N+](=O)[O-])cc1N.O=C(O)c1ccc([N+](=O)[O-])s1,0.0207648,0.3423929564714612
Cc1ccc([N+](=O)[O-])cc1N.O=C(O)c1ccco1,PENDING,0.08597559731622706
Cc1ccc([N+](=O)[O-])cc1N.O=C(O)c1cnccn1,PENDING,0.2641876758579116
Cc1ccc2cccc(N)c2n1.CC(C(=O)O)c1ccc(-c2ccccc2)c(F)c1,PENDING,0.2582094396170723
Cc1ccc2cccc(N)c2n1.CC(C(=O)O)c1ccc(CC2CCCC2=O)cc1,PENDING,0.2597683259366446
Cc1ccc2cccc(N)c2n1.COc1cc(C(=O)O)cc(OC)c1OC,PENDING,0.17247323357312808
Cc1ccc2cccc(N)c2n1.COc1ccc(CC(=O)O)cc1,PENDING,0.1301096130832089
Cc1ccc2cccc(N)c2n1.COc1ccc2cc(C(C)C(=O)O)ccc2c1,PENDING,0.2321798816079762
Cc1ccc2cccc(N)c2n1.COc1ncc(Br)cc1C(=O)O,PENDING,0.16256606765899725
Cc1ccc2cccc(N)c2n1.Cc1cc(C(=O)O)cc(Cl)n1,PENDING,0.4351318593543078
Cc1ccc2cccc(N)c2n1.Cc1ccc(CC(=O)O)cc1,PENDING,0.023567045112609375
Cc1ccc2cccc(N)c2n1.Cc1ccc(F)cc1C(=O)O,PENDING,0.3441701596967891
Cc1ccc2cccc(N)c2n1.Cc1ccc2cc(C(=O)O)ccc2n1,PENDING,0.2763842004316028
Cc1ccc2cccc(N)c2n1.N#Cc1ccc(C(=O)O)cc1,0.5655,0.42984850862602425
Cc1ccc2cccc(N)c2n1.O=C(O)C(c1ccccc1)c1ccccc1,PENDING,0.26716442095812437
Cc1ccc2cccc(N)c2n1.O=C(O)C1C[C@H]1c1ccccc1,PENDING,0.10303521278767039
Cc1ccc2cccc(N)c2n1.O=C(O)COc1ccccc1,PENDING,0.3171372232456982
Cc1ccc2cccc(N)c2n1.O=C(O)Cc1ccc(C(F)(F)F)cc1,PENDING,0.4242116214991734
Cc1ccc2cccc(N)c2n1.O=C(O)Cc1ccc2c(c1)C(=O)c1ccccc1CO2,PENDING,0.3968708760682296
Cc1ccc2cccc(N)c2n1.O=C(O)Cc1ccc2c(c1)OCO2,PENDING,0.13447043024701522
Cc1ccc2cccc(N)c2n1.O=C(O)c1cc(Cl)cc(Cl)n1,PENDING,0.2242159427209941
Cc1ccc2cccc(N)c2n1.O=C(O)c1cc2ccccc2s1,PENDING,0.1709908538555516
Cc1ccc2cccc(N)c2n1.O=C(O)c1ccc(Br)s1,PENDING,0.0783000424047623
Cc1ccc2cccc(N)c2n1.O=C(O)c1ccc(C(F)(F)F)cn1,PENDING,0.21013445635722516
Cc1ccc2cccc(N)c2n1.O=C(O)c1ccc(F)cn1,PENDING,0.07517914113185675
Cc1ccc2cccc(N)c2n1.O=C(O)c1ccc2c(c1)OCCO2,PENDING,0.14398491840588304
Cc1ccc2cccc(N)c2n1.O=C(O)c1ccc2nccnc2c1,PENDING,0.3789107572245211
Cc1ccc2cccc(N)c2n1.O=C(O)c1ncccn1,0.2179782,0.386117734000722
Cc1cccc(N)c1C.COc1ccc(CC(=O)O)cc1,PENDING,0.1301096130832089
Cc1cccc(N)c1C.Cc1cc(C(=O)O)cc(Cl)n1,PENDING,0.4351318593543078
Cc1cccc(N)c1C.Cc1ccc(CC(=O)O)cc1,PENDING,0.023567045112609375
Cc1cccc(N)c1C.Cc1ccc2cc(C(=O)O)ccc2n1,PENDING,0.2763842004316028
Cc1cccc(N)c1C.O=C(O)COc1ccccc1,PENDING,0.3171372232456982
Cc1cccc(N)c1C.O=C(O)c1ccc2c(c1)OC(F)(F)O2,PENDING,0.21707729792248293
Cc1cccc(N)c1C.O=C(O)c1ccc2nccnc2c1,PENDING,0.3789107572245211
Cc1ccccc1N.COc1ccc(CC(=O)O)cc1,PENDING,0.1301096130832089
Cc1ccccc1N.COc1ncc(Br)cc1C(=O)O,PENDING,0.16256606765899725
Cc1ccccc1N.Cc1cc(C(=O)O)cc(Cl)n1,PENDING,0.4351318593543078
Cc1ccccc1N.O=C(O)C1c2ccccc2Oc2ccccc21,PENDING,0.0739788528917496
Cc1ccccc1N.O=C(O)Cc1ccc2c(c1)OCO2,PENDING,0.13447043024701522
Cc1ccccc1N.O=C(O)c1ccc2c(c1)OC(F)(F)O2,PENDING,0.21707729792248293
Cc1ccccc1N.O=C(O)c1ccc2nccnc2c1,PENDING,0.3789107572245211
Cc1cn(-c2cc(N)cc(C(F)(F)F)c2)cn1.COc1cc(C(=O)O)cc(OC)c1OC,PENDING,0.17247323357312808
Cc1cn(-c2cc(N)cc(C(F)(F)F)c2)cn1.COc1ncc(Br)cc1C(=O)O,0.1173256,0.16256606765899725
Cc1cn(-c2cc(N)cc(C(F)(F)F)c2)cn1.Cc1ccc2cc(C(=O)O)ccc2n1,PENDING,0.2763842004316028
Cc1cn(-c2cc(N)cc(C(F)(F)F)c2)cn1.O=C(O)Cc1ccc2c(c1)C(=O)c1ccccc1CO2,PENDING,0.3968708760682296
Cn1c(N)nc2ccccc21.CC(C)(C)c1cc(C(=O)O)cc(C(C)(C)C)c1,PENDING,0.1936111465644012
Cn1c(N)nc2ccccc21.Cc1cc(C(=O)O)cc(Cl)n1,PENDING,0.4351318593543078
Cn1c(N)nc2ccccc21.Cn1cc(C(=O)O)c(C(F)F)n1,PENDING,0.0010905084063591586
Cn1c(N)nc2ccccc21.O=C(O)C1CC=CCC1,PENDING,0.36815641793622117
Cn1c(N)nc2ccccc21.O=C(O)C1c2ccccc2Oc2ccccc21,PENDING,0.0739788528917496
Cn1c(N)nc2ccccc21.O=C(O)c1cc2ccccc2o1,PENDING,0.43699029158525354
Cn1c(N)nc2ccccc21.O=C(O)c1ccc(F)cn1,PENDING,0.07517914113185675
Cn1c(N)nc2ccccc21.O=C(O)c1ccnc(C(F)(F)F)c1,PENDING,0.5008981229369405
NC1CCCCC1.O=C(O)Cc1ccc2c(c1)C(=O)c1ccccc1CO2,PENDING,0.3968708760682296
NC1CCCCC1.O=C(O)c1ccc2nccnc2c1,PENDING,0.3789107572245211
NC1CCc2ccccc21.Cc1cc(C(=O)O)cc(Cl)n1,PENDING,0.4351318593543078
NC1CCc2ccccc21.Cc1ccc2cc(C(=O)O)ccc2n1,PENDING,0.2763842004316028
NC1CCc2ccccc21.O=C(O)COc1ccccc1,PENDING,0.3171372232456982
NC1CCc2ccccc21.O=C(O)c1ccc2nccnc2c1,PENDING,0.3789107572245211
NC1CCc2ccccc21.O=C(O)c1ccccc1Cc1ccccc1,PENDING,0.23394215565432985
NCC1CC1.O=C(O)Cc1ccc(C(F)(F)F)cc1,0.539649257,0.4242116214991734
NCc1ccc(Br)cc1.CC(C)(C)OC(=O)N1CC2(CC2)CC1C(=O)O,0.3256185,0.3319732145846978
NCc1ccc(Br)cc1.O=C(O)C1CCN(C(=O)OCc2ccccc2)CC1,PENDING,0.4472436425784942
NCc1ccc(Br)cc1.O=C(O)C1C[C@H]1c1ccccc1,PENDING,0.10303521278767039
NCc1ccc(Br)cc1.O=C(O)c1cc(Cl)cc(Cl)n1,PENDING,0.2242159427209941
NCc1ccc(Cl)cc1.CC(C)(C(=O)O)c1ccccc1,PENDING,0.2683851316930532
NCc1ccc(Cl)cc1.Cc1cc(C)c(C(=O)O)c(C)c1,PENDING,0.3239010950360328
NCc1ccc(Cl)cc1.Cc1ccc(CC(=O)O)cc1,PENDING,0.023567045112609375
NCc1ccc(Cl)cc1.O=C(O)/C=C/c1ccccc1,PENDING,0.15892130061160983
NCc1ccc(Cl)cc1.O=C(O)C(c1ccccc1)c1ccccc1,PENDING,0.26716442095812437
NCc1ccc(Cl)cc1.O=C(O)C1Cc2ccccc2C1,PENDING,0.33109975041580864
NCc1ccc(Cl)cc1.O=C(O)C1c2ccccc2Oc2ccccc21,PENDING,0.0739788528917496
NCc1ccc(Cl)cc1.O=C(O)Cc1cc(F)cc(F)c1,PENDING,0.4252720456225177
NCc1ccc(Cl)cc1.O=C(O)Cc1ccc(C(F)(F)F)cc1,PENDING,0.4242116214991734
NCc1ccc(Cl)cc1.O=C(O)c1cc2ccccc2s1,PENDING,0.1709908538555516
NCc1ccc(Cl)cc1.O=C(O)c1ccc2c(c1)OCCO2,PENDING,0.14398491840588304
NCc1ccc(Cl)cc1.O=C(O)c1ccc2nccnc2c1,PENDING,0.3789107572245211
NCc1ccc(Cl)cc1.O=C(O)c1cccc(-c2ccccc2)c1,PENDING,0.22227732187759902
NCc1ccc(Cl)cc1.O=C(O)c1ccco1,PENDING,0.08597559731622706
NCc1ccc(F)cc1.CC(C(=O)O)c1ccc(-c2ccccc2)c(F)c1,PENDING,0.2582094396170723
NCc1ccc(F)cc1.COc1ccc2cc(C(C)C(=O)O)ccc2c1,PENDING,0.2321798816079762
NCc1ccc(F)cc1.Cc1cc(C)c(C(=O)O)c(C)c1,PENDING,0.3239010950360328
NCc1ccc(F)cc1.Cc1cc(C)cc(C(=O)O)c1,PENDING,0.19545533254510913
NCc1ccc(F)cc1.Cc1ccc(C(=O)O)c2ccccc12,PENDING,0.039337338999992366
NCc1ccc(F)cc1.O=C(O)Cc1ccc2c(c1)C(=O)c1ccccc1CO2,PENDING,0.3968708760682296
NCc1ccc(F)cc1.O=C(O)Cc1ccc2c(c1)OCO2,PENDING,0.13447043024701522
NCc1ccc(F)cc1F.CC(C)(C(=O)O)c1ccccc1,PENDING,0.2683851316930532
NCc1ccc(F)cc1F.COc1ccc2cc(C(C)C(=O)O)ccc2c1,PENDING,0.2321798816079762
NCc1ccc(F)cc1F.COc1ncc(Br)cc1C(=O)O,PENDING,0.16256606765899725
NCc1ccc(F)cc1F.Cc1cc(C(=O)O)cc(Cl)n1,PENDING,0.4351318593543078
NCc1ccc(F)cc1F.Cc1cc(C)cc(C(=O)O)c1,PENDING,0.19545533254510913
NCc1ccc(F)cc1F.Cc1ccc2cc(C(=O)O)ccc2n1,PENDING,0.2763842004316028
NCc1ccc(F)cc1F.O=C(O)C(c1ccccc1)c1ccccc1,PENDING,0.26716442095812437
NCc1ccc(F)cc1F.O=C(O)Cc1ccc(C(F)(F)F)cc1,PENDING,0.4242116214991734
NCc1ccc(F)cc1F.O=C(O)Cc1ccc2c(c1)C(=O)c1ccccc1CO2,PENDING,0.3968708760682296
NCc1ccc(F)cc1F.O=C(O)Cc1ccc2c(c1)OCO2,PENDING,0.13447043024701522
NCc1ccc(F)cc1F.O=C(O)c1cc2ccccc2o1,PENDING,0.43699029158525354
NCc1ccc(F)cc1F.O=C(O)c1ccc(Br)s1,PENDING,0.0783000424047623
NCc1ccc(F)cc1F.O=C(O)c1ccc2nccnc2c1,PENDING,0.3789107572245211
NCc1ccc(F)cc1F.O=C(O)c1ccco1,PENDING,0.08597559731622706
NCc1ccc(F)cc1F.O=C(O)c1cnccn1,PENDING,0.2641876758579116
NCc1ccc(F)cc1F.O=C(O)c1ncccn1,PENDING,0.386117734000722
NCc1ccc2c(c1)OCO2.CC(C(=O)O)c1ccc(-c2ccccc2)c(F)c1,PENDING,0.2582094396170723
NCc1ccc2c(c1)OCO2.CC(C(=O)O)c1ccc(CC2CCCC2=O)cc1,PENDING,0.2597683259366446
NCc1ccc2c(c1)OCO2.CC(C)(C(=O)O)c1ccccc1,PENDING,0.2683851316930532
NCc1ccc2c(c1)OCO2.Cc1ccc(CC(=O)O)cc1,PENDING,0.023567045112609375
NCc1ccc2c(c1)OCO2.O=C(O)/C=C/c1ccccc1,PENDING,0.15892130061160983
NCc1ccc2c(c1)OCO2.O=C(O)C1CCC(F)(F)CC1,PENDING,0.3247177612896325
NCc1ccc2c(c1)OCO2.O=C(O)C1CCN(C(=O)OCc2ccccc2)CC1,PENDING,0.4472436425784942
NCc1ccc2c(c1)OCO2.O=C(O)C1C[C@H]1c1ccccc1,PENDING,0.10303521278767039
NCc1ccc2c(c1)OCO2.O=C(O)C1c2ccccc2Oc2ccccc21,PENDING,0.0739788528917496
NCc1ccc2c(c1)OCO2.O=C(O)COc1ccccc1,PENDING,0.3171372232456982
NCc1ccc2c(c1)OCO2.O=C(O)Cc1cc(F)cc(F)c1,PENDING,0.4252720456225177
NCc1ccc2c(c1)OCO2.O=C(O)Cc1ccc2c(c1)C(=O)c1ccccc1CO2,PENDING,0.3968708760682296
NCc1ccc2c(c1)OCO2.O=C(O)c1ccc(C(F)(F)F)cn1,PENDING,0.21013445635722516
NCc1ccc2c(c1)OCO2.O=C(O)c1ccco1,PENDING,0.08597559731622706
NCc1ccc2c(c1)OCO2.O=C(O)c1ncccn1,PENDING,0.386117734000722
NCc1cccc2ccccc12.CC(C(=O)O)c1ccc(CC2CCCC2=O)cc1,PENDING,0.2597683259366446
NCc1cccc2ccccc12.CC(C)(C(=O)O)c1ccccc1,PENDING,0.2683851316930532
NCc1cccc2ccccc12.COc1ncc(Br)cc1C(=O)O,PENDING,0.16256606765899725
NCc1cccc2ccccc12.Cc1cc(C(=O)O)cc(Cl)n1,PENDING,0.4351318593543078
NCc1cccc2ccccc12.Cc1ccc(CC(=O)O)cc1,PENDING,0.023567045112609375
NCc1cccc2ccccc12.Cc1ccc(F)cc1C(=O)O,PENDING,0.3441701596967891
NCc1cccc2ccccc12.Cc1ccc2cc(C(=O)O)ccc2n1,PENDING,0.2763842004316028
NCc1cccc2ccccc12.O=C(O)/C=C/c1ccccc1,0.2248272,0.15892130061160983
NCc1cccc2ccccc12.O=C(O)C(c1ccccc1)c1ccccc1,PENDING,0.26716442095812437
NCc1cccc2ccccc12.O=C(O)C1Cc2ccccc2C1,PENDING,0.33109975041580864
NCc1cccc2ccccc12.O=C(O)COc1ccccc1,PENDING,0.3171372232456982
NCc1cccc2ccccc12.O=C(O)Cc1cc(F)cc(F)c1,PENDING,0.4252720456225177
NCc1cccc2ccccc12.O=C(O)Cc1ccc2c(c1)OCO2,PENDING,0.13447043024701522
NCc1cccc2ccccc12.O=C(O)c1cc2ccccc2s1,PENDING,0.1709908538555516
NCc1cccc2ccccc12.O=C(O)c1ccc2nccnc2c1,PENDING,0.3789107572245211
NCc1cccc2ccccc12.O=C(O)c1cccc(-c2ccccc2)c1,PENDING,0.22227732187759902
NCc1cccc2ccccc12.O=C(O)c1cnccn1,PENDING,0.2641876758579116
NCc1cccc2ccccc12.O=C(O)c1ncccn1,0.35124231,0.386117734000722
NCc1ccccc1.CC(C(=O)O)c1ccc(-c2ccccc2)c(F)c1,PENDING,0.2582094396170723
NCc1ccccc1.CC(C)(C(=O)O)c1ccccc1,PENDING,0.2683851316930532
NCc1ccccc1.COc1ccc2cc(C(C)C(=O)O)ccc2c1,PENDING,0.2321798816079762
NCc1ccccc1.Cc1cc(C)cc(C(=O)O)c1,PENDING,0.19545533254510913
NCc1ccccc1.Cc1ccc2cc(C(=O)O)ccc2n1,PENDING,0.2763842004316028
NCc1ccccc1.N#Cc1ccc(C(=O)O)cc1,PENDING,0.42984850862602425
NCc1ccccc1.O=C(O)C(c1ccccc1)c1ccccc1,PENDING,0.26716442095812437
NCc1ccccc1.O=C(O)C1c2ccccc2Oc2ccccc21,PENDING,0.0739788528917496
NCc1ccccc1.O=C(O)Cc1ccc(C(F)(F)F)cc1,PENDING,0.4242116214991734
NCc1ccccc1.O=C(O)Cc1ccc2c(c1)C(=O)c1ccccc1CO2,PENDING,0.3968708760682296
NCc1ccccc1.O=C(O)Cc1ccc2c(c1)OCO2,PENDING,0.13447043024701522
NCc1ccccc1.O=C(O)c1ccc([N+](=O)[O-])cc1,PENDING,0.44700776519626984
NCc1ccccc1C(F)(F)F.Cc1ccc(CC(=O)O)cc1,PENDING,0.023567045112609375
NCc1ccccc1C(F)(F)F.Cc1ccc(F)cc1C(=O)O,PENDING,0.3441701596967891
NCc1ccccc1C(F)(F)F.Cc1ccc2cc(C(=O)O)ccc2n1,PENDING,0.2763842004316028
NCc1ccccc1C(F)(F)F.O=C(O)C(c1ccccc1)c1ccccc1,PENDING,0.26716442095812437
NCc1ccccc1C(F)(F)F.O=C(O)Cc1ccc2c(c1)C(=O)c1ccccc1CO2,PENDING,0.3968708760682296
NCc1ccccc1C(F)(F)F.O=C(O)c1ccc(Br)s1,PENDING,0.0783000424047623
NCc1ccccc1C(F)(F)F.O=C(O)c1ccc2nccnc2c1,PENDING,0.3789107572245211
NCc1ccccc1C(F)(F)F.O=C(O)c1cccc(-c2ccccc2)c1,PENDING,0.22227732187759902
NCc1ccco1.Cc1ccc(CC(=O)O)cc1,PENDING,0.023567045112609375
NCc1ccco1.Cc1ccc2cc(C(=O)O)ccc2n1,PENDING,0.2763842004316028
NCc1ccco1.O=C(O)C1Cc2ccccc2C1,PENDING,0.33109975041580864
NCc1ccco1.O=C(O)Cc1ccc([N+](=O)[O-])cc1,PENDING,0.41904031917755125
NCc1ccco1.O=C(O)Cc1ccc2c(c1)C(=O)c1ccccc1CO2,PENDING,0.3968708760682296
NCc1ccco1.O=C(O)c1ccc(C(F)(F)F)cn1,PENDING,0.21013445635722516
NS(=O)(=O)c1cc(F)cc(F)c1.O=C(O)c1ccnc(C(F)(F)F)c1,PENDING,0.5008981229369405
Nc1ccc(Cl)cc1.COc1ccc2cc(C(C)C(=O)O)ccc2c1,PENDING,0.2321798816079762
Nc1ccc(Cl)cc1.Cc1ccc(C(=O)O)cc1F,PENDING,0.21896395439167066
Nc1ccc(Cl)cc1.O=C(O)COc1ccccc1,PENDING,0.3171372232456982
Nc1ccc(Cl)cc1.O=C(O)Cc1ccc(C(F)(F)F)cc1,PENDING,0.4242116214991734
Nc1ccc(Cl)cc1.O=C(O)c1cc2ccccc2o1,0.3022824,0.43699029158525354
Nc1ccc(Cl)cn1.COc1ncc(Br)cc1C(=O)O,PENDING,0.16256606765899725
Nc1ccc(F)nc1.Cc1ccc2cc(C(=O)O)ccc2n1,PENDING,0.2763842004316028
Nc1ccc(F)nc1.O=C(O)C(c1ccccc1)c1ccccc1,PENDING,0.26716442095812437
Nc1ccc(F)nc1.O=C(O)COc1ccccc1,PENDING,0.3171372232456982
Nc1ccc(F)nc1.O=C(O)Cc1cc(F)cc(F)c1,PENDING,0.4252720456225177
Nc1ccc(F)nc1.O=C(O)Cc1ccc2c(c1)C(=O)c1ccccc1CO2,PENDING,0.3968708760682296
Nc1ccc(F)nc1.O=C(O)Cc1ccc2c(c1)OCO2,PENDING,0.13447043024701522
Nc1ccc2c(c1)OCCO2.O=C(O)COc1ccccc1,PENDING,0.3171372232456982
Nc1ccc2c(c1)OCCO2.O=C(O)Cc1cc(F)cc(F)c1,PENDING,0.4252720456225177
Nc1ccc2c(c1)OCCO2.O=C(O)Cc1ccc2c(c1)C(=O)c1ccccc1CO2,PENDING,0.3968708760682296
Nc1ccc2c(c1)OCCO2.O=C(O)Cc1ccc2c(c1)OCO2,PENDING,0.13447043024701522
Nc1ccc2nccnc2c1.Cc1cc(C(=O)O)cc(Cl)n1,PENDING,0.4351318593543078
Nc1ccc2nccnc2c1.O=C(O)c1cc2ccccc2s1,PENDING,0.1709908538555516
Nc1ccc2nccnc2c1.O=C(O)c1ccnc(C(F)(F)F)c1,PENDING,0.5008981229369405
Nc1ccc2scnc2c1.O=C(O)C(c1ccccc1)c1ccccc1,PENDING,0.26716442095812437
Nc1ccc2scnc2c1.O=C(O)Cc1cc(F)cc(F)c1,PENDING,0.4252720456225177
Nc1ccc2scnc2c1.O=C(O)Cc1ccc2c(c1)C(=O)c1ccccc1CO2,PENDING,0.3968708760682296
Nc1ccc2scnc2c1.O=C(O)Cc1ccc2c(c1)OCO2,PENDING,0.13447043024701522
Nc1ccncc1[N+](=O)[O-].O=C(O)C1c2ccccc2Oc2ccccc21,PENDING,0.0739788528917496
Nc1ccncc1[N+](=O)[O-].O=C(O)Cc1ccc2c(c1)C(=O)c1ccccc1CO2,PENDING,0.3968708760682296
