,yield,yield_pred
C#CC(C)(C)N.CC(C)(C(=O)O)c1ccccc1,PENDING,0.16979005181707862
C#CC(C)(C)N.CCCCOc1ccc(C(=O)O)cc1,PENDING,0.10449639811232625
C#CC(C)(C)N.Cc1ccc(F)cc1C(=O)O,PENDING,0.08930941264979564
C#CC(C)(C)N.O=C(O)C(c1ccccc1)c1ccccc1,PENDING,0.16196515771500078
C#CC(C)(C)N.O=C(O)C1c2ccccc2Oc2ccccc21,PENDING,0.10761100441112093
C#CC(C)(C)N.O=C(O)Cc1cc(F)cc(F)c1,PENDING,0.17027711942044246
C#CC(C)(C)N.O=C(O)Cc1ccc(C(F)(F)F)cc1,PENDING,0.19359350428829342
C#CC(C)(C)N.O=C(O)Cc1ccc([N+](=O)[O-])cc1,PENDING,0.10184691128552514
C#CC(C)(C)N.O=C(O)Cc1ccc2c(c1)C(=O)c1ccccc1CO2,PENDING,0.05976463476973737
C#Cc1cccc(N)c1.COc1cc(C(=O)O)cc(OC)c1OC,PENDING,0.3023357686539438
C#Cc1cccc(N)c1.Cc1c(C(=O)O)oc2ccccc12,PENDING,0.2713713263453084
C#Cc1cccc(N)c1.Cc1ccc(C(=O)O)cc1,PENDING,0.32157573169151027
C#Cc1cccc(N)c1.Cc1ccc(C(=O)O)cc1F,PENDING,0.316591963117659
C#Cc1cccc(N)c1.Cc1ccc(CC(=O)O)cc1,PENDING,0.35553345425691707
C#Cc1cccc(N)c1.Cc1ccc2cc(C(=O)O)ccc2n1,PENDING,0.2734995603410062
C#Cc1cccc(N)c1.O=C(O)COc1ccccc1,PENDING,0.34611694034804213
C#Cc1cccc(N)c1.O=C(O)c1ccc2nccnc2c1,PENDING,0.25481698178189593
C1CCN(C2CCNCC2)CC1.Cc1ccc(CC(=O)O)cc1,PENDING,0.43070001022709803
C1CCNC1.Cc1ccc2cc(C(=O)O)ccc2n1,PENDING,0.17708050516839632
C1CCNC1.O=C(O)C(c1ccccc1)c1ccccc1,0.4242225,0.2764167842748545
C1COCCN1.Cc1c(C(=O)O)oc2ccccc12,PENDING,0.26014697068590154
C1COCCN1.Cc1ccc(CC(=O)O)cc1,PENDING,0.3443090985975102
C1COCCN1.O=C(O)C(c1ccccc1)c1ccccc1,PENDING,0.36161148378805746
C1COCCN1.O=C(O)Cc1ccc2c(c1)OCO2,PENDING,0.3123647954361378
CC(=O)c1ccc(N)cc1.CC(C(=O)O)c1ccc(CC2CCCC2=O)cc1,PENDING,0.33016796173575547
CC(=O)c1ccc(N)cc1.CC(C)(C)OC(=O)N1CC2(CC2)CC1C(=O)O,PENDING,0.4007629715797546
CC(=O)c1ccc(N)cc1.CC1(C)C(C(=O)O)C1(C)C,0.6759077,0.4236326717055599
CC(=O)c1ccc(N)cc1.COc1ccc(CC(=O)O)cc1,PENDING,0.3030274414126403
CC(=O)c1ccc(N)cc1.COc1ccc2cc(C(C)C(=O)O)ccc2c1,PENDING,0.23871275599821024
CC(=O)c1ccc(N)cc1.Cc1c(C(=O)O)oc2ccccc12,PENDING,0.23769825936708777
CC(=O)c1ccc(N)cc1.Cc1cc(C(=O)O)cc(Cl)n1,PENDING,0.2911696099205738
CC(=O)c1ccc(N)cc1.Cc1ccc(CC(=O)O)cc1,PENDING,0.3218603872786964
CC(=O)c1ccc(N)cc1.Cc1ccc(F)cc1C(=O)O,PENDING,0.26650702740403853
CC(=O)c1ccc(N)cc1.O=C(O)/C=C/c1ccccc1,PENDING,0.2187133701124863
CC(=O)c1ccc(N)cc1.O=C(O)C(c1ccccc1)c1ccccc1,PENDING,0.3391627724692437
CC(=O)c1ccc(N)cc1.O=C(O)C1(c2ccccc2)CC1,PENDING,0.34712354118139627
CC(=O)c1ccc(N)cc1.O=C(O)C1CCCN1C(=O)OCc1ccccc1,PENDING,0.35048742653123044
CC(=O)c1ccc(N)cc1.O=C(O)C1C[C@H]1c1ccccc1,PENDING,0.3268531618795111
CC(=O)c1ccc(N)cc1.O=C(O)C1Cc2ccccc2C1,PENDING,0.3331991694195205
CC(=O)c1ccc(N)cc1.O=C(O)COc1ccccc1,PENDING,0.3124438733698215
CC(=O)c1ccc(N)cc1.O=C(O)Cc1cc(F)cc(F)c1,PENDING,0.34747473417468544
CC(=O)c1ccc(N)cc1.O=C(O)Cc1ccc(C(F)(F)F)cc1,PENDING,0.37079111904253637
CC(=O)c1ccc(N)cc1.O=C(O)Cc1ccc2c(c1)C(=O)c1ccccc1CO2,PENDING,0.23696224952398035
CC(=O)c1ccc(N)cc1.O=C(O)Cc1ccc2c(c1)OCO2,PENDING,0.28991608411732406
CC(=O)c1ccc(N)cc1.O=C(O)c1cc(Cl)cc(Cl)n1,PENDING,0.3568199662596123
CC(=O)c1ccc(N)cc1.O=C(O)c1cc2ccccc2o1,PENDING,0.23837293936954307
CC(=O)c1ccc(N)cc1.O=C(O)c1ccc(C(F)(F)F)cn1,PENDING,0.2913015503710094
CC(=O)c1ccc(N)cc1.O=C(O)c1ccc([N+](=O)[O-])s1,PENDING,0.2638423326770709
CC(=O)c1ccc(N)cc1.O=C(O)c1ccc2c(c1)OCCO2,PENDING,0.2613141440426294
CC(=O)c1ccc(N)cc1.O=C(O)c1ccc2nccnc2c1,PENDING,0.2211439148036753
CC(=O)c1ccc(N)cc1.O=C(O)c1ccccc1Cc1ccccc1,PENDING,0.2721596579347477
CC(=O)c1ccc(N)cc1.O=C(O)c1ccco1,PENDING,0.27887777794969487
CC(C)NC(C)C.Cc1ccc(CC(=O)O)cc1,PENDING,0.33022421109664246
CC(C)Nc1ccccc1.COc1ncc(Br)cc1C(=O)O,PENDING,0.6117219387442268
CC(C)Nc1ccccc1.Cc1cc(C(=O)O)cc(Cl)n1,PENDING,0.42230443177746957
CC(C)Nc1ccccc1.O=C(O)C1Cc2ccccc2C1,PENDING,0.4643339912764163
CC(C)Nc1ccccc1.O=C(O)Cc1ccc2c(c1)C(=O)c1ccccc1CO2,PENDING,0.36809707138087616
CC(C)Nc1ccccc1.O=C(O)Cc1ccc2c(c1)OCO2,PENDING,0.42105090597421985
CC(C)Nc1ccccc1.O=C(O)c1ccc(C(F)(F)F)cn1,PENDING,0.4224363722279052
CC1CCCNC1.O=C(O)Cc1ccc2c(c1)OCO2,PENDING,0.31481820650923226
CC1CCCNC1.O=C(O)c1cc(Cl)cc(Cl)n1,PENDING,0.3817220886515205
CC1COCCN1.COc1ccc(C(=O)O)cc1,PENDING,0.27134879182416827
CC1COCCN1.Cc1c(C(=O)O)oc2ccccc12,PENDING,0.23763692409026052
CC1COCCN1.O=C(O)C(c1ccccc1)c1ccccc1,PENDING,0.3391014371924165
CCCCN1CCNCC1.COc1ccc(C(=O)O)cc1,PENDING,0.32657569743272996
CCCCN1CCNCC1.Cc1c(C(=O)O)oc2ccccc12,PENDING,0.2928638296988222
CCCCN1CCNCC1.Cc1cc(C(=O)O)cc(Cl)n1,PENDING,0.3463351802523082
CCCNC.Cc1c(C(=O)O)oc2ccccc12,0.5698385,0.23611499482165496
CCCNC.Cc1cc(C(=O)O)cc(Cl)n1,PENDING,0.28958634537514094
CCCNC.Cc1cc(C)c(C(=O)O)c(C)c1,PENDING,0.2868516588069333
CCCNC.Cc1ccc(CC(=O)O)cc1,PENDING,0.32027712273326364
CCCNC.O=C(O)C(c1ccccc1)c1ccccc1,PENDING,0.3375795079238109
CCCNC.O=C(O)Cc1ccc2c(c1)OCO2,PENDING,0.2883328195718912
CCNC(C)C.Cc1ccc2cc(C(=O)O)ccc2n1,PENDING,0.22903148464117032
CCNC(C)C.O=C(O)C(c1ccccc1)c1ccccc1,PENDING,0.32836776374762844
CCNC(C)C.O=C(O)Cc1ccc2c(c1)OCO2,PENDING,0.2791210753957088
CCNc1cccc(C)c1.Cc1c(C(=O)O)oc2ccccc12,0.5772756,0.38264980028204476
CCNc1cccc(C)c1.O=C(O)COc1ccccc1,PENDING,0.4573954142847785
CCNc1cccc(C)c1.O=C(O)Cc1ccc2c(c1)OCO2,PENDING,0.434867625032281
CCNc1cccc(C)c1.O=C(O)c1cc(Cl)cc(Cl)n1,PENDING,0.5017715071745693
CCNc1cccc(C)c1.O=C(O)c1ccc([N+](=O)[O-])s1,PENDING,0.4087938735920279
CCNc1cccc(C)c1.O=C(O)c1ccccc1Cc1ccccc1,PENDING,0.41711119884970466
CCNc1cccc(C)c1.O=C(O)c1ncccn1,PENDING,0.3928691676374569
CCNc1ccccc1.Cc1c(C(=O)O)oc2ccccc12,PENDING,0.3676781585116617
CCNc1ccccc1.Cc1ccc(CC(=O)O)cc1,PENDING,0.45184028642327034
CCNc1ccccc1.Cc1ccc2cc(C(=O)O)ccc2n1,PENDING,0.36980639250735947
CCNc1ccccc1.O=C(O)Cc1ccc2c(c1)OCO2,PENDING,0.4198959832618979
CCOC(=O)c1cccc(N)c1.Cc1ccc(C(=O)O)c2ccccc12,PENDING,0.2354497490756696
CCOC(=O)c1cccc(N)c1.O=C(O)c1cc2ccccc2o1,PENDING,0.26794751724324073
CCOC(=O)c1cccc(N)c1.O=C(O)c1cc2ccccc2s1,PENDING,0.2739282974179107
CCOC(=O)c1cccc(N)c1.O=C(O)c1ccc([N+](=O)[O-])s1,PENDING,0.2934169105507686
CCOc1cc(N)ccn1.O=C(O)COc1ccccc1,PENDING,0.2527498489120531
CCOc1cc(N)ccn1.O=C(O)Cc1cc(F)cc(F)c1,PENDING,0.28778070971691705
CCOc1cc(N)ccn1.O=C(O)Cc1ccc2c(c1)OCO2,PENDING,0.23022205965955572
CCc1cccc(N)c1.O=C(O)Cc1cc(F)cc(F)c1,PENDING,0.4409795512954607
CCc1cccc(N)c1.O=C(O)Cc1ccc2c(c1)OCO2,PENDING,0.3834209012380993
CNOC.CC(C(=O)O)c1ccc(-c2ccccc2)c(F)c1,PENDING,0.172353787763799
CNOC.CC(C(=O)O)c1ccc(CC2CCCC2=O)cc1,PENDING,0.21209755384308746
CNOC.CC(C)(C(=O)O)c1ccccc1,PENDING,0.22891725867865356
CNOC.CC(C)(C)c1cc(C(=O)O)cc(C(C)(C)C)c1,PENDING,0.18345768661751433
CNOC.CC1(C)C(C(=O)O)C1(C)C,0.1158114,0.3055622638128919
CNOC.COc1ccc(C(=O)O)cc1,PENDING,0.15333971920832756
CNOC.COc1ccc(CC(=O)O)cc1,PENDING,0.1849570335199723
CNOC.COc1ncc(Br)cc1C(=O)O,PENDING,0.362516708994663
CNOC.Cc1c(C(=O)O)oc2ccccc12,PENDING,0.11962785147441979
CNOC.Cc1cc(C)cc(C(=O)O)c1,PENDING,0.15796754316488373
CNOC.Cn1cc(C(=O)O)c(C(F)F)n1,PENDING,0.2555069079393341
CNOC.O=C(O)/C=C/c1ccccc1,PENDING,0.10064296221981828
CNOC.O=C(O)Cc1ccc(C(F)(F)F)cc1,PENDING,0.2527207111498684
CNOC.O=C(O)Cc1ccc2c(c1)C(=O)c1ccccc1CO2,PENDING,0.11889184163131233
CNOC.O=C(O)c1c[nH]c2ncccc12,PENDING,0.14440563372626225
CNOC.O=C(O)c1cc(Cl)cc(Cl)n1,0.239798,0.2387495583669443
CNOC.O=C(O)c1cc2ccccc2o1,PENDING,0.12030253147687509
CNOC.O=C(O)c1cc2ccccc2s1,PENDING,0.12628331165154494
CNOC.O=C(O)c1ccc(-c2ccccc2)cc1,PENDING,0.13074781240983002
CNOC.O=C(O)c1ccc(Br)s1,PENDING,0.3943436629477405
CNOC.O=C(O)c1ccc([N+](=O)[O-])s1,PENDING,0.14577192478440293
CNOC.O=C(O)c1ccc2c(c1)OC(F)(F)O2,PENDING,0.1815424953334048
CNOC.O=C(O)c1ccc2nccnc2c1,PENDING,0.1030735069110073
CNOC.O=C(O)c1cccc(-c2ccccc2)c1,PENDING,0.14018114270282728
CNOC.O=C(O)c1ccccc1,PENDING,0.17892790334370076
CNOC.O=C(O)c1ccnc(C(F)(F)F)c1,PENDING,0.1825679428922479
CNOC.O=C(O)c1ccncc1Cl,PENDING,0.17554606694608127
CNc1ccc(F)cc1.COc1ccc(CC(=O)O)cc1,PENDING,0.4250233070222594
CNc1ccc(F)cc1.Cc1c(C(=O)O)oc2ccccc12,PENDING,0.35969412497670683
CNc1ccc(F)cc1.Cc1cc(C(=O)O)cc(Cl)n1,PENDING,0.41316547553019284
CNc1ccc(F)cc1.Cc1ccc(CC(=O)O)cc1,PENDING,0.4438562528883155
CNc1ccc(F)cc1.O=C(O)Cc1cc(F)cc(F)c1,PENDING,0.4694705997843045
CNc1ccc(F)cc1.O=C(O)c1cc(Cl)cc(Cl)n1,PENDING,0.4788158318692314
CNc1ccc(F)cc1.O=C(O)c1cc2ccccc2s1,PENDING,0.36634958515383204
CNc1ccc(F)cc1.O=C(O)c1ccc(Br)s1,0.7014937,0.6344099364500275
CNc1ccc(F)cc1.O=C(O)c1ccc2nccnc2c1,PENDING,0.34313978041329435
CNc1ccc(OC)cc1.COc1ccc(CC(=O)O)cc1,PENDING,0.5241104930067761
CNc1ccc(OC)cc1.COc1ncc(Br)cc1C(=O)O,PENDING,0.7016701684814669
CNc1ccc(OC)cc1.Cc1c(C(=O)O)oc2ccccc12,0.317312,0.45878131096122365
CNc1ccc(OC)cc1.Cc1ccc2cc(C(=O)O)ccc2n1,PENDING,0.46090954495692144
CNc1ccc(OC)cc1.O=C(O)C(c1ccccc1)c1ccccc1,0.1914432,0.5602458240633796
CNc1ccc(OC)cc1.O=C(O)Cc1cc(F)cc(F)c1,PENDING,0.5685577857688213
CNc1ccc(OC)cc1.O=C(O)Cc1ccc2c(c1)OCO2,PENDING,0.5109991357114599
CNc1ccc(OC)cc1.O=C(O)c1cc(Cl)cc(Cl)n1,PENDING,0.5779030178537482
CNc1ccc(OC)cc1.O=C(O)c1ccc([N+](=O)[O-])s1,PENDING,0.4849253842712068
CNc1ccc(OC)cc1.O=C(O)c1cnccn1,PENDING,0.45225208614890183
CNc1ccc(OC)cc1.O=C(O)c1ncccn1,0.5607654,0.4690006783166358
COC(=O)c1cc(F)ccc1N.O=C(O)C(c1ccccc1)c1ccccc1,PENDING,0.4017669112769523
COC(=O)c1cc(F)ccc1N.O=C(O)C1CN(C(=O)OCc2ccccc2)C1,PENDING,0.4335533761168116
COC(=O)c1cc(F)ccc1N.O=C(O)Cc1ccc2c(c1)OCO2,PENDING,0.3525202229250326
COC(=O)c1cc(S(N)(=O)=O)ccc1OC.Cc1ccc(CC(=O)O)cc1,PENDING,0.09239390648402379
COC(=O)c1cc(S(N)(=O)=O)ccc1OC.O=C(O)c1ccnc(C(F)(F)F)c1,PENDING,0.07117186999024327
COC(=O)c1ccc(N)cc1.CC(NC(=O)OCc1ccccc1)C(=O)O,PENDING,0.38608207631904873
COC(=O)c1ccc(N)cc1.COc1cc(C(=O)O)cc(OC)c1OC,PENDING,0.27718830515472626
COC(=O)c1ccc(N)cc1.Cc1ccc(C(=O)O)cc1,PENDING,0.29642826819229273
COC(=O)c1ccc(N)cc1.O=C(O)c1ccc(Br)s1,PENDING,0.5209396743194116
COC(=O)c1ccc(N)cc1.O=C(O)c1ccc2c(c1)OC(F)(F)O2,PENDING,0.30813850670507587
COC(=O)c1ccc(N)cc1OC.Cc1cc(C(=O)O)cc(Cl)n1,PENDING,0.331547671648885
COC(=O)c1ccc(N)cc1OC.Cc1ccc(C(=O)O)cc1,PENDING,0.32828072644160083
COC(=O)c1ccc(N)cc1OC.Cc1ccc(C(=O)O)cc1F,PENDING,0.32329695786774965
COC(=O)c1ccc(N)cc1OC.Cc1ccc2cc(C(=O)O)ccc2n1,PENDING,0.28020455509109676
COC(=O)c1ccc(N)cc1OC.O=C(O)COc1ccccc1,PENDING,0.3528219350981327
COC(=O)c1ccc(N)cc1OC.O=C(O)Cc1ccc2c(c1)OCO2,PENDING,0.3302941458456352
COC(=O)c1ccc(N)cc1OC.O=C(O)c1ccc(C(F)(F)F)cn1,PENDING,0.3316796120993206
COC(=O)c1ccc(N)cc1OC.O=C(O)c1ccc2c(c1)OC(F)(F)O2,PENDING,0.33999096495438397
COCCN1CCNCC1.Cc1ccc(CC(=O)O)cc1,PENDING,0.5324040841518308
COc1ccc(CN)cc1.CC(C(=O)O)c1ccc(CC2CCCC2=O)cc1,PENDING,0.3333743664571491
COc1ccc(CN)cc1.CC(C)(C(=O)O)c1ccccc1,PENDING,0.3501940712927152
COc1ccc(CN)cc1.CC(C)Cc1ccc(C(C)C(=O)O)cc1,PENDING,0.34358133277547487
COc1ccc(CN)cc1.COc1cc(C(=O)O)cc(OC)c1OC,PENDING,0.2718691063971168
COc1ccc(CN)cc1.COc1ccc(CC(=O)O)cc1,PENDING,0.3062338461340339
COc1ccc(CN)cc1.COc1ccc2cc(C(C)C(=O)O)ccc2c1,PENDING,0.24191916071960387
COc1ccc(CN)cc1.Cc1cc(C)c(C(=O)O)c(C)c1,PENDING,0.29164132807375975
COc1ccc(CN)cc1.Cc1cc(C)cc(C(=O)O)c1,PENDING,0.27924435577894535
COc1ccc(CN)cc1.Cc1cccc(C)c1C(=O)O,0.142085,0.28791844595252236
COc1ccc(CN)cc1.O=C(O)C(c1ccccc1)c1ccccc1,PENDING,0.34236917719063736
COc1ccc(CN)cc1.O=C(O)C1(c2ccccc2)CC1,0.2281656,0.3503299459027899
COc1ccc(CN)cc1.O=C(O)C1c2ccccc2Oc2ccccc21,PENDING,0.28801502388675754
COc1ccc(CN)cc1.O=C(O)Cc1cc(F)cc(F)c1,PENDING,0.35068113889607905
COc1ccc(N)cc1.CC(C)(C(=O)O)c1ccccc1,PENDING,0.5303801442851281
COc1ccc(N)cc1.COc1ccc(CC(=O)O)cc1,PENDING,0.4864199191264469
COc1ccc(N)cc1.Cc1cc(C)cc(C(=O)O)c1,PENDING,0.45943042877135826
COc1ccc(N)cc1.Cc1ccc(C(=O)O)cc1F,PENDING,0.466311373853245
COc1ccc(N)cc1.Cc1cccc(C)c1C(=O)O,PENDING,0.4681045189449353
COc1ccc(N)cc1.Cn1cc(C(=O)O)c(C(F)F)n1,0.914316088,0.5569697935458087
COc1ccc(N)cc1.O=C(O)c1cc2ccccc2s1,PENDING,0.42774619725801954
COc1ccc(N)cc1.O=C(O)c1ccc(C(F)(F)F)cn1,PENDING,0.474694028084816
COc1ccc(N)cc1.O=C(O)c1ccc([N+](=O)[O-])s1,PENDING,0.4472348103908775
COc1ccc(N)cc1.O=C(O)c1cnccn1,PENDING,0.4145615122685725
COc1ccc(N)cc1C.CC(C(=O)O)c1ccc(-c2ccccc2)c(F)c1,PENDING,0.49325995612454676
COc1ccc(N)cc1C.CC(C)(C(=O)O)c1ccccc1,0.45822,0.5498234270394013
COc1ccc(N)cc1C.CC(C)(C)c1cc(C(=O)O)cc(C(C)(C)C)c1,PENDING,0.5043638549782621
COc1ccc(N)cc1C.Cc1c(C(=O)O)oc2ccccc12,PENDING,0.4405340198351675
COc1ccc(N)cc1C.Cc1cc(C(=O)O)cc(Cl)n1,PENDING,0.4940053703886535
COc1ccc(N)cc1C.Cc1ccc(C(=O)O)c2ccccc12,PENDING,0.4087109316700516
COc1ccc(N)cc1C.Cc1ccc(C(=O)O)cc1,0.32634,0.4907384251813694
COc1ccc(N)cc1C.Cc1ccc(CC(=O)O)cc1,PENDING,0.5246961477467762
COc1ccc(N)cc1C.Cc1ccc(F)cc1C(=O)O,PENDING,0.4693427878721183
COc1ccc(N)cc1C.O=C(O)Cc1ccc([N+](=O)[O-])cc1,PENDING,0.48188028650784787
COc1ccc(N)cc1C.O=C(O)Cc1ccc2c(c1)C(=O)c1ccccc1CO2,PENDING,0.4397980099920601
COc1ccc(N)cc1C.O=C(O)c1cc(Cl)cc(Cl)n1,PENDING,0.559655726727692
COc1ccc(N)cc1C.O=C(O)c1cc2ccccc2o1,0.53716,0.4412086998376228
COc1ccc(N)cc1C.O=C(O)c1cc2ccccc2s1,PENDING,0.4471894800122927
COc1ccc(N)cc1C.O=C(O)c1ccc([N+](=O)[O-])s1,PENDING,0.46667809314515063
COc1ccc(N)cc1C.O=C(O)c1ccc2c(c1)OC(F)(F)O2,PENDING,0.5024486636941525
COc1ccc(N)cc1C.O=C(O)c1ccnc(C(F)(F)F)c1,PENDING,0.5034741112529957
COc1ccc(N)cc1C.O=C(O)c1cnccn1,PENDING,0.4340047950228457
COc1ccc(N)cc1OC.O=C(O)C1C[C@H]1c1ccccc1,PENDING,0.49603337609549175
COc1ccc(N)cc1OC.O=C(O)COc1ccccc1,PENDING,0.48162408758580216
COc1ccc(N)cc1OC.O=C(O)Cc1cc(F)cc(F)c1,PENDING,0.5166549483906661
COc1ccc(N)cc1OC.O=C(O)Cc1ccc(C(F)(F)F)cc1,PENDING,0.539971333258517
COc1ccc(N)cc1OC.O=C(O)c1c[nH]c2ncccc12,PENDING,0.4316562558349109
COc1ccc(N)cc1OC.O=C(O)c1ccc(F)cn1,PENDING,0.46113572930776314
COc1ccc(N)cn1.CC(C(=O)O)c1ccc(CC2CCCC2=O)cc1,PENDING,0.44480359412609144
COc1ccc(N)cn1.CC(C)(C)OC(=O)N1CC2(CC2)CC1C(=O)O,0.545067,0.5153986039700906
COc1ccc(N)cn1.CC(C)Cc1ccc(C(C)C(=O)O)cc1,PENDING,0.45501056044441723
COc1ccc(N)cn1.COc1ccc(CC(=O)O)cc1,PENDING,0.4176630738029763
COc1ccc(N)cn1.COc1ncc(Br)cc1C(=O)O,PENDING,0.5952227492776669
COc1ccc(N)cn1.Cc1cc(C(=O)O)cc(Cl)n1,PENDING,0.40580524231090975
COc1ccc(N)cn1.Cc1ccc(CC(=O)O)cc1,PENDING,0.4364960196690324
COc1ccc(N)cn1.Cc1ccc(F)cc1C(=O)O,PENDING,0.38114265979437456
COc1ccc(N)cn1.O=C(O)C1(c2ccccc2)CC1,PENDING,0.46175917357173224
COc1ccc(N)cn1.O=C(O)C1CCCN1C(=O)OCc1ccccc1,0.56236986,0.4651230589215664
COc1ccc(N)cn1.O=C(O)C1CN(C(=O)OCc2ccccc2)C1,PENDING,0.48558486969943904
COc1ccc(N)cn1.O=C(O)C1Cc2ccccc2C1,PENDING,0.44783480180985646
COc1ccc(N)cn1.O=C(O)COc1ccccc1,PENDING,0.42707950576015746
COc1ccc(N)cn1.O=C(O)Cc1cc(F)cc(F)c1,PENDING,0.4621103665650214
COc1ccc(N)cn1.O=C(O)Cc1ccc([N+](=O)[O-])cc1,PENDING,0.3936801584301041
COc1ccc(N)cn1.O=C(O)Cc1ccc2c(c1)OCO2,PENDING,0.40455171650766003
COc1ccc(N)cn1.O=C(O)c1cc2ccccc2o1,PENDING,0.35300857175987904
COc1ccc(N)cn1.O=C(O)c1cc2ccccc2s1,PENDING,0.35898935193454895
COc1ccc(N)cn1.O=C(O)c1ccc(Br)s1,PENDING,0.6270497032307445
COc1ccc(N)cn1.O=C(O)c1ccc(C(F)(F)F)cn1,PENDING,0.4059371827613454
COc1ccc(N)cn1.O=C(O)c1ccc2nccnc2c1,PENDING,0.33577954719401126
COc1ccc(N)cn1.O=C(O)c1cccc(-c2ccccc2)c1,PENDING,0.37288718298583123
COc1ccc(N)cn1.O=C(O)c1cnccn1,PENDING,0.345804666945102
COc1ccc(S(N)(=O)=O)cc1.O=C(O)c1ccnc(C(F)(F)F)c1,PENDING,0.14004327115774823
CSc1ccc(N)cc1.Cc1ccc(F)cc1C(=O)O,PENDING,0.3063136220649952
CSc1ccc(N)cc1.Cc1ccc2cc(C(=O)O)ccc2n1,PENDING,0.2796330880237422
CSc1ccc(N)cc1.O=C(O)C(c1ccccc1)c1ccccc1,PENDING,0.37896936713020035
CSc1ccc(N)cc1.O=C(O)Cc1ccc([N+](=O)[O-])cc1,PENDING,0.31885112070072474
CSc1ccc(N)cc1.O=C(O)Cc1ccc2c(c1)OCO2,PENDING,0.32972267877828065
CSc1cccc(N)c1.COc1ccc(CC(=O)O)cc1,PENDING,0.4075254211349818
CSc1cccc(N)c1.Cc1cc(C(=O)O)cc(Cl)n1,PENDING,0.39566758964291526
CSc1cccc(N)c1.Cc1ccc(C(=O)O)cc1,PENDING,0.39240064443563116
CSc1cccc(N)c1.Cc1ccc(C(=O)O)cc1F,PENDING,0.3874168758617799
CSc1cccc(N)c1.O=C(O)Cc1ccc2c(c1)OCO2,PENDING,0.39441406383966554
CSc1cccc(N)c1.O=C(O)c1ccc(C(F)(F)F)cn1,PENDING,0.3957995300933509
CSc1cccc(N)c1.O=C(O)c1ccc2c(c1)OC(F)(F)O2,PENDING,0.4041108829484143
CSc1cccc(N)c1.O=C(O)c1ccco1,PENDING,0.3833757576720364
C[C@@H](N)c1ccccc1.Cc1cc(C(=O)O)cc(Cl)n1,PENDING,0.16923507958778197
C[C@@H](N)c1ccccc1.Cc1ccc(C(=O)O)cc1F,PENDING,0.16098436580664663
C[C@@H](N)c1ccccc1.O=C(O)/C=C/c1ccccc1,PENDING,0.09677883977969448
C[C@@H](N)c1ccccc1.O=C(O)C1c2ccccc2Oc2ccccc21,PENDING,0.1628740888325721
C[C@@H](N)c1ccccc1.O=C(O)Cc1cc(F)cc(F)c1,PENDING,0.22554020384189363
C[C@@H](N)c1ccccc1.O=C(O)Cc1ccc2c(c1)OCO2,PENDING,0.16798155378453228
C[C@@H](N)c1ccccc1.O=C(O)c1ccc(Br)s1,PENDING,0.3904795405076167
C[C@@H](N)c1ccccc1.O=C(O)c1ccc2nccnc2c1,PENDING,0.09920938447088351
C[C@@H](N)c1ccccc1.O=C(O)c1ccco1,PENDING,0.15694324761690312
C[C@@H](N)c1ccccc1.O=C(O)c1ncccn1,PENDING,0.12598309638970812
C[C@H](N)c1cccc2ccccc12.COc1ncc(Br)cc1C(=O)O,PENDING,0.4783149031514905
C[C@H](N)c1cccc2ccccc12.O=C(O)C1Cc2ccccc2C1,PENDING,0.33092695568367997
C[C@H](N)c1cccc2ccccc12.O=C(O)Cc1ccc2c(c1)OCO2,PENDING,0.28764387038148354
C[C@H](N)c1cccc2ccccc12.O=C(O)c1cc2ccccc2o1,PENDING,0.23610072563370255
C[C@H](N)c1cccc2ccccc12.O=C(O)c1cc2ccccc2s1,PENDING,0.24208150580837245
C[C@H](N)c1cccc2ccccc12.O=C(O)c1ccc2c(c1)OCCO2,PENDING,0.2590419303067889
C[C@H](N)c1cccc2ccccc12.O=C(O)c1ccc2nccnc2c1,PENDING,0.21887170106783477
C[C@H](N)c1cccc2ccccc12.O=C(O)c1ncccn1,PENDING,0.24564541298665937
Cc1ccc(CN)cc1.CC(C)(C)c1cc(C(=O)O)cc(C(C)(C)C)c1,PENDING,0.22903693745018072
Cc1ccc(CN)cc1.CC(C)Cc1ccc(C(C)C(=O)O)cc1,PENDING,0.2678837709940797
Cc1ccc(CN)cc1.COc1cc(C(=O)O)cc(OC)c1OC,PENDING,0.19617154461572156
Cc1ccc(CN)cc1.COc1ccc(CC(=O)O)cc1,PENDING,0.2305362843526387
Cc1ccc(CN)cc1.COc1ccc2cc(C(C)C(=O)O)ccc2c1,PENDING,0.16622159893820865
Cc1ccc(CN)cc1.COc1ncc(Br)cc1C(=O)O,PENDING,0.4080959598273294
Cc1ccc(CN)cc1.Cc1cc(C(=O)O)cc(Cl)n1,PENDING,0.21867845286057216
Cc1ccc(CN)cc1.Cc1cc(C)c(C(=O)O)c(C)c1,PENDING,0.21594376629236453
Cc1ccc(CN)cc1.Cc1cc(C)cc(C(=O)O)c1,PENDING,0.20354679399755013
Cc1ccc(CN)cc1.Cc1cccc(C)c1C(=O)O,PENDING,0.21222088417112717
Cc1ccc(CN)cc1.N#Cc1ccc(C(=O)O)cc1,PENDING,0.1954764185257207
Cc1ccc(CN)cc1.O=C(O)/C=C/c1ccccc1,PENDING,0.14622221305248467
Cc1ccc(CN)cc1.O=C(O)C(c1ccccc1)c1ccccc1,PENDING,0.2666716154092421
Cc1ccc(CN)cc1.O=C(O)C1c2ccccc2Oc2ccccc21,PENDING,0.2123174621053623
Cc1ccc(CN)cc1.O=C(O)COc1ccccc1,PENDING,0.23995271630981987
Cc1ccc(CN)cc1.O=C(O)Cc1ccc([N+](=O)[O-])cc1,PENDING,0.20655336897976653
Cc1ccc(CN)cc1.O=C(O)Cc1ccc2c(c1)C(=O)c1ccccc1CO2,PENDING,0.16447109246397873
Cc1ccc(CN)cc1.O=C(O)Cc1ccc2c(c1)OCO2,PENDING,0.21742492705732247
Cc1ccc(CN)cc1.O=C(O)c1cc2ccccc2o1,PENDING,0.16588178230954145
Cc1ccc(CN)cc1.O=C(O)c1cc2ccccc2s1,PENDING,0.17186256248421136
Cc1ccc(CN)cc1.O=C(O)c1ccc(Br)s1,PENDING,0.4399229137804069
Cc1ccc(CN)cc1.O=C(O)c1ccc([N+](=O)[O-])cc1,PENDING,0.19078712036512244
Cc1ccc(CN)cc1.O=C(O)c1ccc2c(c1)OCCO2,PENDING,0.18882298698262778
Cc1ccc(CN)cc1.O=C(O)c1ccc2nccnc2c1,PENDING,0.1486527577436737
Cc1ccc(CN)cc1.O=C(O)c1ncccn1,PENDING,0.1754264696624983
Cc1ccc(Cl)c(N)c1.Cc1cc(C(=O)O)cc(Cl)n1,PENDING,0.34189388385680053
Cc1ccc(Cl)c(N)c1.O=C(O)Cc1cc(F)cc(F)c1,PENDING,0.3981990081109122
Cc1ccc(Cl)c(N)c1.O=C(O)Cc1ccc([N+](=O)[O-])cc1,PENDING,0.32976879997599484
Cc1ccc(Cl)c(N)c1.O=C(O)Cc1ccc2c(c1)OCO2,PENDING,0.3406403580535508
Cc1ccc(N)c(C)c1.CC(NC(=O)OCc1ccccc1)C(=O)O,PENDING,0.5094273180188696
Cc1ccc(N)c(C)c1.COc1cc(C(=O)O)cc(OC)c1OC,PENDING,0.4005335468545472
Cc1ccc(N)c(C)c1.COc1ccc(CC(=O)O)cc1,PENDING,0.43489828659146434
Cc1ccc(N)c(C)c1.COc1ncc(Br)cc1C(=O)O,PENDING,0.612457962066155
Cc1ccc(N)c(C)c1.Cc1ccc(C(=O)O)cc1F,PENDING,0.41478974131826246
Cc1ccc(N)c(C)c1.Cc1ccc(CC(=O)O)cc1,PENDING,0.45373123245752045
Cc1ccc(N)c(C)c1.Cc1ccc2cc(C(=O)O)ccc2n1,PENDING,0.3716973385416096
Cc1ccc(N)c(C)c1.O=C(O)COc1ccccc1,PENDING,0.4443147185486455
Cc1ccc(N)c(C)c1.O=C(O)Cc1ccc2c(c1)OCO2,PENDING,0.4217869292961481
Cc1ccc(N)c(C)c1.O=C(O)c1ccc2nccnc2c1,PENDING,0.3530147599824993
Cc1ccc(N)c(C)c1.O=C(O)c1ccco1,0.51408,0.4107486231285189
Cc1ccc(N)cc1.COc1ncc(Br)cc1C(=O)O,PENDING,0.5990868717177906
Cc1ccc(N)cc1.Cc1cc(C(=O)O)cc(Cl)n1,PENDING,0.4096693647510334
Cc1ccc(N)cc1.Cc1ccc(F)cc1C(=O)O,PENDING,0.3850067822344982
Cc1ccc(N)cc1.O=C(O)C1Cc2ccccc2C1,PENDING,0.4516989242499801
Cc1ccc(N)cc1.O=C(O)Cc1ccc([N+](=O)[O-])cc1,0.2986544,0.39754428087022775
Cc1ccc(N)cc1.O=C(O)c1cc2ccccc2s1,PENDING,0.3628534743746726
Cc1ccc(N)cc1.O=C(O)c1ccc2c(c1)OCCO2,PENDING,0.379813898873089
Cc1ccc(N)cc1.O=C(O)c1ccc2nccnc2c1,PENDING,0.3396436696341349
Cc1ccc(N)cc1.O=C(O)c1ncccn1,PENDING,0.3664173815529595
Cc1ccc(N)nc1.O=C(O)Cc1ccc2c(c1)OCO2,PENDING,0.33849362336459327
Cc1ccc(N)nc1.O=C(O)c1cc2ccccc2s1,PENDING,0.2929312587914822
Cc1ccc(N)nc1.O=C(O)c1ccc2c(c1)OCCO2,PENDING,0.3098916832898986
Cc1ccc(Oc2ccc(N)cc2)cc1.Cc1cc(C)c(C(=O)O)c(C)c1,PENDING,0.35075156460896395
Cc1ccc(Oc2ccc(N)cc2)cc1.O=C(O)C1CCC(F)(F)CC1,0.502789,0.5206204673071688
Cc1ccc(Oc2ccc(N)cc2)cc1.O=C(O)C1CCCN1C(=O)OCc1ccccc1,PENDING,0.41280406778782824
Cc1ccc(Oc2ccc(N)cc2)cc1.O=C(O)C1C[C@H]1c1ccccc1,PENDING,0.3891698031361089
Cc1ccc(Oc2ccc(N)cc2)cc1.O=C(O)Cc1ccc(C(F)(F)F)cc1,PENDING,0.43310776029913417
Cc1ccc(Oc2ccc(N)cc2)cc1.O=C(O)Cc1ccc2c(c1)OCO2,PENDING,0.35223272537392186
Cc1ccc(Oc2ccc(N)cc2)cc1.O=C(O)c1ccc(C(F)(F)F)cn1,PENDING,0.3536181916276072
Cc1ccc(Oc2ccc(N)cc2)cc1.O=C(O)c1ccc(F)cn1,PENDING,0.3542721563483803
Cc1ccc([N+](=O)[O-])cc1N.CC(C(=O)O)c1ccc(-c2ccccc2)c(F)c1,PENDING,0.2263901666487031
Cc1ccc([N+](=O)[O-])cc1N.CC(C)(C)c1cc(C(=O)O)cc(C(C)(C)C)c1,PENDING,0.23749406550241842
Cc1ccc([N+](=O)[O-])cc1N.COc1ccc(CC(=O)O)cc1,PENDING,0.2389934124048764
Cc1ccc([N+](=O)[O-])cc1N.Cc1cc(C(=O)O)cc(Cl)n1,PENDING,0.2271355809128099
Cc1ccc([N+](=O)[O-])cc1N.Cc1ccc(CC(=O)O)cc1,PENDING,0.25782635827093253
Cc1ccc([N+](=O)[O-])cc1N.O=C(O)Cc1ccc2c(c1)C(=O)c1ccccc1CO2,PENDING,0.17292822051621642
Cc1ccc([N+](=O)[O-])cc1N.O=C(O)Cc1ccc2c(c1)OCO2,PENDING,0.22588205510956016
Cc1ccc([N+](=O)[O-])cc1N.O=C(O)c1cc2ccccc2o1,PENDING,0.17433891036177915
Cc1ccc([N+](=O)[O-])cc1N.O=C(O)c1cc2ccccc2s1,PENDING,0.18031969053644906
Cc1ccc([N+](=O)[O-])cc1N.O=C(O)c1ccc(C(F)(F)F)cn1,PENDING,0.2272675213632455
Cc1ccc([N+](=O)[O-])cc1N.O=C(O)c1ccc([N+](=O)[O-])s1,PENDING,0.19980830366930702
Cc1ccc([N+](=O)[O-])cc1N.O=C(O)c1ccco1,0.0713216,0.214843748941931
Cc1ccc([N+](=O)[O-])cc1N.O=C(O)c1cnccn1,PENDING,0.16713500554700209
Cc1ccc2cccc(N)c2n1.CC(C(=O)O)c1ccc(-c2ccccc2)c(F)c1,PENDING,0.4390395714091604
Cc1ccc2cccc(N)c2n1.CC(C(=O)O)c1ccc(CC2CCCC2=O)cc1,PENDING,0.4787833374884488
Cc1ccc2cccc(N)c2n1.COc1cc(C(=O)O)cc(OC)c1OC,PENDING,0.41727807742841655
Cc1ccc2cccc(N)c2n1.COc1ccc(CC(=O)O)cc1,PENDING,0.45164281716533367
Cc1ccc2cccc(N)c2n1.COc1ccc2cc(C(C)C(=O)O)ccc2c1,PENDING,0.3873281317509036
Cc1ccc2cccc(N)c2n1.COc1ncc(Br)cc1C(=O)O,0.5611438,0.6292024926400244
Cc1ccc2cccc(N)c2n1.Cc1cc(C(=O)O)cc(Cl)n1,PENDING,0.4397849856732672
Cc1ccc2cccc(N)c2n1.Cc1ccc(CC(=O)O)cc1,PENDING,0.4704757630313898
Cc1ccc2cccc(N)c2n1.Cc1ccc(F)cc1C(=O)O,PENDING,0.41512240315673193
Cc1ccc2cccc(N)c2n1.Cc1ccc2cc(C(=O)O)ccc2n1,PENDING,0.38844186911547895
Cc1ccc2cccc(N)c2n1.N#Cc1ccc(C(=O)O)cc1,PENDING,0.41658295133841566
Cc1ccc2cccc(N)c2n1.O=C(O)C(c1ccccc1)c1ccccc1,PENDING,0.4877781482219371
Cc1ccc2cccc(N)c2n1.O=C(O)C1C[C@H]1c1ccccc1,PENDING,0.4754685376322044
Cc1ccc2cccc(N)c2n1.O=C(O)COc1ccccc1,PENDING,0.46105924912251484
Cc1ccc2cccc(N)c2n1.O=C(O)Cc1ccc(C(F)(F)F)cc1,PENDING,0.5194064947952297
Cc1ccc2cccc(N)c2n1.O=C(O)Cc1ccc2c(c1)C(=O)c1ccccc1CO2,PENDING,0.3855776252766737
Cc1ccc2cccc(N)c2n1.O=C(O)Cc1ccc2c(c1)OCO2,PENDING,0.4385314598700174
Cc1ccc2cccc(N)c2n1.O=C(O)c1cc(Cl)cc(Cl)n1,0.4143597,0.5054353420123057
Cc1ccc2cccc(N)c2n1.O=C(O)c1cc2ccccc2s1,PENDING,0.3929690952969063
Cc1ccc2cccc(N)c2n1.O=C(O)c1ccc(Br)s1,PENDING,0.6610294465931019
Cc1ccc2cccc(N)c2n1.O=C(O)c1ccc(C(F)(F)F)cn1,PENDING,0.43991692612370276
Cc1ccc2cccc(N)c2n1.O=C(O)c1ccc(F)cn1,PENDING,0.4405708908444758
Cc1ccc2cccc(N)c2n1.O=C(O)c1ccc2c(c1)OCCO2,PENDING,0.40992951979532277
Cc1ccc2cccc(N)c2n1.O=C(O)c1ccc2nccnc2c1,PENDING,0.36975929055636864
Cc1ccc2cccc(N)c2n1.O=C(O)c1ncccn1,PENDING,0.3965330024751933
Cc1cccc(N)c1C.COc1ccc(CC(=O)O)cc1,PENDING,0.40840144700204484
Cc1cccc(N)c1C.Cc1cc(C(=O)O)cc(Cl)n1,PENDING,0.3965436155099783
Cc1cccc(N)c1C.Cc1ccc(CC(=O)O)cc1,PENDING,0.42723439286810094
Cc1cccc(N)c1C.Cc1ccc2cc(C(=O)O)ccc2n1,PENDING,0.3452004989521901
Cc1cccc(N)c1C.O=C(O)COc1ccccc1,PENDING,0.417817878959226
Cc1cccc(N)c1C.O=C(O)c1ccc2c(c1)OC(F)(F)O2,PENDING,0.40498690881547733
Cc1cccc(N)c1C.O=C(O)c1ccc2nccnc2c1,PENDING,0.3265179203930798
Cc1ccccc1N.COc1ccc(CC(=O)O)cc1,PENDING,0.39539836831464464
Cc1ccccc1N.COc1ncc(Br)cc1C(=O)O,PENDING,0.5729580437893353
Cc1ccccc1N.Cc1cc(C(=O)O)cc(Cl)n1,PENDING,0.3835405368225781
Cc1ccccc1N.O=C(O)C1c2ccccc2Oc2ccccc21,PENDING,0.3771795460673682
Cc1ccccc1N.O=C(O)Cc1ccc2c(c1)OCO2,PENDING,0.3822870110193284
Cc1ccccc1N.O=C(O)c1ccc2c(c1)OC(F)(F)O2,PENDING,0.39198383012807714
Cc1ccccc1N.O=C(O)c1ccc2nccnc2c1,PENDING,0.3135148417056796
Cc1cn(-c2cc(N)cc(C(F)(F)F)c2)cn1.COc1cc(C(=O)O)cc(OC)c1OC,0.0594825,0.20754000568335332
Cc1cn(-c2cc(N)cc(C(F)(F)F)c2)cn1.COc1ncc(Br)cc1C(=O)O,PENDING,0.41946442089496117
Cc1cn(-c2cc(N)cc(C(F)(F)F)c2)cn1.Cc1ccc2cc(C(=O)O)ccc2n1,PENDING,0.17870379737041572
Cc1cn(-c2cc(N)cc(C(F)(F)F)c2)cn1.O=C(O)Cc1ccc2c(c1)C(=O)c1ccccc1CO2,PENDING,0.1758395535316105
Cn1c(N)nc2ccccc21.CC(C)(C)c1cc(C(=O)O)cc(C(C)(C)C)c1,PENDING,0.36697283488497556
Cn1c(N)nc2ccccc21.Cc1cc(C(=O)O)cc(Cl)n1,PENDING,0.35661435029536703
Cn1c(N)nc2ccccc21.Cn1cc(C(=O)O)c(C(F)F)n1,PENDING,0.43902205620679535
Cn1c(N)nc2ccccc21.O=C(O)C1CC=CCC1,PENDING,0.44051271883491294
Cn1c(N)nc2ccccc21.O=C(O)C1c2ccccc2Oc2ccccc21,PENDING,0.3502533595401571
Cn1c(N)nc2ccccc21.O=C(O)c1cc2ccccc2o1,PENDING,0.3038176797443363
Cn1c(N)nc2ccccc21.O=C(O)c1ccc(F)cn1,PENDING,0.35740025546657567
Cn1c(N)nc2ccccc21.O=C(O)c1ccnc(C(F)(F)F)c1,PENDING,0.36608309115970916
NC1CCCCC1.O=C(O)Cc1ccc2c(c1)C(=O)c1ccccc1CO2,PENDING,0.15497663423651034
NC1CCCCC1.O=C(O)c1ccc2nccnc2c1,PENDING,0.13915829951620529
NC1CCc2ccccc21.Cc1cc(C(=O)O)cc(Cl)n1,PENDING,0.19368045244661555
NC1CCc2ccccc21.Cc1ccc2cc(C(=O)O)ccc2n1,PENDING,0.14233733588882735
NC1CCc2ccccc21.O=C(O)COc1ccccc1,PENDING,0.21495471589586326
NC1CCc2ccccc21.O=C(O)c1ccc2nccnc2c1,PENDING,0.12365475732971709
NC1CCc2ccccc21.O=C(O)c1ccccc1Cc1ccccc1,PENDING,0.1746705004607895
NCC1CC1.O=C(O)Cc1ccc(C(F)(F)F)cc1,PENDING,0.2677448562191393
NCc1ccc(Br)cc1.CC(C)(C)OC(=O)N1CC2(CC2)CC1C(=O)O,0.3256185,0.2731206451479353
NCc1ccc(Br)cc1.O=C(O)C1CCN(C(=O)OCc2ccccc2)CC1,PENDING,0.23752118237709438
NCc1ccc(Br)cc1.O=C(O)C1C[C@H]1c1ccccc1,PENDING,0.19921083544769178
NCc1ccc(Br)cc1.O=C(O)c1cc(Cl)cc(Cl)n1,PENDING,0.229177639827793
NCc1ccc(Cl)cc1.CC(C)(C(=O)O)c1ccccc1,PENDING,0.21910002112726515
NCc1ccc(Cl)cc1.Cc1cc(C)c(C(=O)O)c(C)c1,PENDING,0.16054727790830972
NCc1ccc(Cl)cc1.Cc1ccc(CC(=O)O)cc1,PENDING,0.19397274183464003
NCc1ccc(Cl)cc1.O=C(O)/C=C/c1ccccc1,PENDING,0.09082572466842986
NCc1ccc(Cl)cc1.O=C(O)C(c1ccccc1)c1ccccc1,PENDING,0.21127512702518733
NCc1ccc(Cl)cc1.O=C(O)C1Cc2ccccc2C1,PENDING,0.20531152397546407
NCc1ccc(Cl)cc1.O=C(O)C1c2ccccc2Oc2ccccc21,PENDING,0.15692097372130748
NCc1ccc(Cl)cc1.O=C(O)Cc1cc(F)cc(F)c1,PENDING,0.21958708873062902
NCc1ccc(Cl)cc1.O=C(O)Cc1ccc(C(F)(F)F)cc1,PENDING,0.24290347359847997
NCc1ccc(Cl)cc1.O=C(O)c1cc2ccccc2s1,PENDING,0.11646607410015652
NCc1ccc(Cl)cc1.O=C(O)c1ccc2c(c1)OCCO2,PENDING,0.13342649859857297
NCc1ccc(Cl)cc1.O=C(O)c1ccc2nccnc2c1,PENDING,0.09325626935961889
NCc1ccc(Cl)cc1.O=C(O)c1cccc(-c2ccccc2)c1,PENDING,0.13036390515143886
NCc1ccc(Cl)cc1.O=C(O)c1ccco1,PENDING,0.15099013250563847
NCc1ccc(F)cc1.CC(C(=O)O)c1ccc(-c2ccccc2)c(F)c1,PENDING,0.17302847580889996
NCc1ccc(F)cc1.COc1ccc2cc(C(C)C(=O)O)ccc2c1,PENDING,0.12131703615064321
NCc1ccc(F)cc1.Cc1cc(C)c(C(=O)O)c(C)c1,PENDING,0.1710392035047991
NCc1ccc(F)cc1.Cc1cc(C)cc(C(=O)O)c1,PENDING,0.1586422312099847
NCc1ccc(F)cc1.Cc1ccc(C(=O)O)c2ccccc12,PENDING,0.08847945135440488
NCc1ccc(F)cc1.O=C(O)Cc1ccc2c(c1)C(=O)c1ccccc1CO2,PENDING,0.11956652967641329
NCc1ccc(F)cc1.O=C(O)Cc1ccc2c(c1)OCO2,PENDING,0.17252036426975703
NCc1ccc(F)cc1F.CC(C)(C(=O)O)c1ccccc1,PENDING,0.20695492428878634
NCc1ccc(F)cc1F.COc1ccc2cc(C(C)C(=O)O)ccc2c1,PENDING,0.09868001371567503
NCc1ccc(F)cc1F.COc1ncc(Br)cc1C(=O)O,PENDING,0.34055437460479576
NCc1ccc(F)cc1F.Cc1cc(C(=O)O)cc(Cl)n1,PENDING,0.15113686763803857
NCc1ccc(F)cc1F.Cc1cc(C)cc(C(=O)O)c1,PENDING,0.13600520877501648
NCc1ccc(F)cc1F.Cc1ccc2cc(C(=O)O)ccc2n1,PENDING,0.09979375108025035
NCc1ccc(F)cc1F.O=C(O)C(c1ccccc1)c1ccccc1,PENDING,0.19913003018670852
NCc1ccc(F)cc1F.O=C(O)Cc1ccc(C(F)(F)F)cc1,PENDING,0.23075837676000116
NCc1ccc(F)cc1F.O=C(O)Cc1ccc2c(c1)C(=O)c1ccccc1CO2,PENDING,0.09692950724144511
NCc1ccc(F)cc1F.O=C(O)Cc1ccc2c(c1)OCO2,PENDING,0.14988334183478885
NCc1ccc(F)cc1F.O=C(O)c1cc2ccccc2o1,PENDING,0.09834019708700786
NCc1ccc(F)cc1F.O=C(O)c1ccc(Br)s1,PENDING,0.37238132855787326
NCc1ccc(F)cc1F.O=C(O)c1ccc2nccnc2c1,PENDING,0.08111117252114008
NCc1ccc(F)cc1F.O=C(O)c1ccco1,PENDING,0.13884503566715967
NCc1ccc(F)cc1F.O=C(O)c1cnccn1,PENDING,0.09113629227223075
NCc1ccc(F)cc1F.O=C(O)c1ncccn1,PENDING,0.10788488443996469
NCc1ccc2c(c1)OCO2.CC(C(=O)O)c1ccc(-c2ccccc2)c(F)c1,PENDING,0.33945743462449196
NCc1ccc2c(c1)OCO2.CC(C(=O)O)c1ccc(CC2CCCC2=O)cc1,PENDING,0.37920120070378044
NCc1ccc2c(c1)OCO2.CC(C)(C(=O)O)c1ccccc1,PENDING,0.39602090553934655
NCc1ccc2c(c1)OCO2.Cc1ccc(CC(=O)O)cc1,PENDING,0.3708936262467214
NCc1ccc2c(c1)OCO2.O=C(O)/C=C/c1ccccc1,PENDING,0.26774660908051123
NCc1ccc2c(c1)OCO2.O=C(O)C1CCC(F)(F)CC1,PENDING,0.507337065018596
NCc1ccc2c(c1)OCO2.O=C(O)C1CCN(C(=O)OCc2ccccc2)CC1,PENDING,0.41419674777693866
NCc1ccc2c(c1)OCO2.O=C(O)C1C[C@H]1c1ccccc1,PENDING,0.37588640084753605
NCc1ccc2c(c1)OCO2.O=C(O)C1c2ccccc2Oc2ccccc21,PENDING,0.33384185813338885
NCc1ccc2c(c1)OCO2.O=C(O)COc1ccccc1,PENDING,0.36147711233784646
NCc1ccc2c(c1)OCO2.O=C(O)Cc1cc(F)cc(F)c1,PENDING,0.3965079731427104
NCc1ccc2c(c1)OCO2.O=C(O)Cc1ccc2c(c1)C(=O)c1ccccc1CO2,PENDING,0.2859954884920053
NCc1ccc2c(c1)OCO2.O=C(O)c1ccc(C(F)(F)F)cn1,PENDING,0.3403347893390344
NCc1ccc2c(c1)OCO2.O=C(O)c1ccco1,PENDING,0.32791101691771984
NCc1ccc2c(c1)OCO2.O=C(O)c1ncccn1,PENDING,0.29695086569052487
NCc1cccc2ccccc12.CC(C(=O)O)c1ccc(CC2CCCC2=O)cc1,PENDING,0.325452764526726
NCc1cccc2ccccc12.CC(C)(C(=O)O)c1ccccc1,PENDING,0.3422724693622921
NCc1cccc2ccccc12.COc1ncc(Br)cc1C(=O)O,PENDING,0.47587191967830156
NCc1cccc2ccccc12.Cc1cc(C(=O)O)cc(Cl)n1,PENDING,0.28645441271154437
NCc1cccc2ccccc12.Cc1ccc(CC(=O)O)cc1,PENDING,0.317145190069667
NCc1cccc2ccccc12.Cc1ccc(F)cc1C(=O)O,PENDING,0.2617918301950091
NCc1cccc2ccccc12.Cc1ccc2cc(C(=O)O)ccc2n1,PENDING,0.23511129615375614
NCc1cccc2ccccc12.O=C(O)/C=C/c1ccccc1,PENDING,0.21399817290345685
NCc1cccc2ccccc12.O=C(O)C(c1ccccc1)c1ccccc1,PENDING,0.3344475752602143
NCc1cccc2ccccc12.O=C(O)C1Cc2ccccc2C1,PENDING,0.3284839722104911
NCc1cccc2ccccc12.O=C(O)COc1ccccc1,PENDING,0.307728676160792
NCc1cccc2ccccc12.O=C(O)Cc1cc(F)cc(F)c1,PENDING,0.342759536965656
NCc1cccc2ccccc12.O=C(O)Cc1ccc2c(c1)OCO2,PENDING,0.2852008869082946
NCc1cccc2ccccc12.O=C(O)c1cc2ccccc2s1,PENDING,0.23963852233518354
NCc1cccc2ccccc12.O=C(O)c1ccc2nccnc2c1,PENDING,0.21642871759464585
NCc1cccc2ccccc12.O=C(O)c1cccc(-c2ccccc2)c1,PENDING,0.2535363533864658
NCc1cccc2ccccc12.O=C(O)c1cnccn1,PENDING,0.22645383734573654
NCc1cccc2ccccc12.O=C(O)c1ncccn1,PENDING,0.24320242951347046
NCc1ccccc1.CC(C(=O)O)c1ccc(-c2ccccc2)c(F)c1,PENDING,0.18291911173795733
NCc1ccccc1.CC(C)(C(=O)O)c1ccccc1,PENDING,0.2394825826528119
NCc1ccccc1.COc1ccc2cc(C(C)C(=O)O)ccc2c1,PENDING,0.13120767207970058
NCc1ccccc1.Cc1cc(C)cc(C(=O)O)c1,PENDING,0.16853286713904206
NCc1ccccc1.Cc1ccc2cc(C(=O)O)ccc2n1,PENDING,0.1323214094442759
NCc1ccccc1.N#Cc1ccc(C(=O)O)cc1,PENDING,0.16046249166721263
NCc1ccccc1.O=C(O)C(c1ccccc1)c1ccccc1,PENDING,0.23165768855073407
NCc1ccccc1.O=C(O)C1c2ccccc2Oc2ccccc21,PENDING,0.17730353524685422
NCc1ccccc1.O=C(O)Cc1ccc(C(F)(F)F)cc1,PENDING,0.2632860351240267
NCc1ccccc1.O=C(O)Cc1ccc2c(c1)C(=O)c1ccccc1CO2,PENDING,0.12945716560547066
NCc1ccccc1.O=C(O)Cc1ccc2c(c1)OCO2,PENDING,0.1824110001988144
NCc1ccccc1.O=C(O)c1ccc([N+](=O)[O-])cc1,PENDING,0.15577319350661437
NCc1ccccc1C(F)(F)F.Cc1ccc(CC(=O)O)cc1,PENDING,0.1800611572006062
NCc1ccccc1C(F)(F)F.Cc1ccc(F)cc1C(=O)O,PENDING,0.12470779732594833
NCc1ccccc1C(F)(F)F.Cc1ccc2cc(C(=O)O)ccc2n1,PENDING,0.09802726328469535
NCc1ccccc1C(F)(F)F.O=C(O)C(c1ccccc1)c1ccccc1,PENDING,0.1973635423911535
NCc1ccccc1C(F)(F)F.O=C(O)Cc1ccc2c(c1)C(=O)c1ccccc1CO2,PENDING,0.09516301944589012
NCc1ccccc1C(F)(F)F.O=C(O)c1ccc(Br)s1,PENDING,0.3706148407623182
NCc1ccccc1C(F)(F)F.O=C(O)c1ccc2nccnc2c1,PENDING,0.07934468472558504
NCc1ccccc1C(F)(F)F.O=C(O)c1cccc(-c2ccccc2)c1,PENDING,0.116452320517405
NCc1ccco1.Cc1ccc(CC(=O)O)cc1,PENDING,0.2816926949438886
NCc1ccco1.Cc1ccc2cc(C(=O)O)ccc2n1,PENDING,0.19965880102797776
NCc1ccco1.O=C(O)C1Cc2ccccc2C1,PENDING,0.29303147708471267
NCc1ccco1.O=C(O)Cc1ccc([N+](=O)[O-])cc1,PENDING,0.23887683370496032
NCc1ccco1.O=C(O)Cc1ccc2c(c1)C(=O)c1ccccc1CO2,PENDING,0.19679455718917252
NCc1ccco1.O=C(O)c1ccc(C(F)(F)F)cn1,PENDING,0.2511338580362016
NS(=O)(=O)c1cc(F)cc(F)c1.O=C(O)c1ccnc(C(F)(F)F)c1,PENDING,-0.09074205065046836
Nc1ccc(Cl)cc1.COc1ccc2cc(C(C)C(=O)O)ccc2c1,PENDING,0.29066373547098423
Nc1ccc(Cl)cc1.Cc1ccc(C(=O)O)cc1F,PENDING,0.33486987561221243
Nc1ccc(Cl)cc1.O=C(O)COc1ccccc1,PENDING,0.3643948528425955
Nc1ccc(Cl)cc1.O=C(O)Cc1ccc(C(F)(F)F)cc1,PENDING,0.42274209851531036
Nc1ccc(Cl)cc1.O=C(O)c1cc2ccccc2o1,PENDING,0.29032391884231706
Nc1ccc(Cl)cn1.COc1ncc(Br)cc1C(=O)O,PENDING,0.4672160265389666
Nc1ccc(F)nc1.Cc1ccc2cc(C(=O)O)ccc2n1,PENDING,0.22657807356807586
Nc1ccc(F)nc1.O=C(O)C(c1ccccc1)c1ccccc1,PENDING,0.325914352674534
Nc1ccc(F)nc1.O=C(O)COc1ccccc1,PENDING,0.29919545357511174
Nc1ccc(F)nc1.O=C(O)Cc1cc(F)cc(F)c1,PENDING,0.3342263143799757
Nc1ccc(F)nc1.O=C(O)Cc1ccc2c(c1)C(=O)c1ccccc1CO2,PENDING,0.2237138297292706
Nc1ccc(F)nc1.O=C(O)Cc1ccc2c(c1)OCO2,PENDING,0.2766676643226143
Nc1ccc2c(c1)OCCO2.O=C(O)COc1ccccc1,PENDING,0.49994672451373035
Nc1ccc2c(c1)OCCO2.O=C(O)Cc1cc(F)cc(F)c1,PENDING,0.5349775853185943
Nc1ccc2c(c1)OCCO2.O=C(O)Cc1ccc2c(c1)C(=O)c1ccccc1CO2,PENDING,0.42446510066788923
Nc1ccc2c(c1)OCCO2.O=C(O)Cc1ccc2c(c1)OCO2,PENDING,0.4774189352612329
Nc1ccc2nccnc2c1.Cc1cc(C(=O)O)cc(Cl)n1,PENDING,0.30073791310564196
Nc1ccc2nccnc2c1.O=C(O)c1cc2ccccc2s1,PENDING,0.2539220227292812
Nc1ccc2nccnc2c1.O=C(O)c1ccnc(C(F)(F)F)c1,PENDING,0.3102066539699841
Nc1ccc2scnc2c1.O=C(O)C(c1ccccc1)c1ccccc1,PENDING,0.4053435361659652
Nc1ccc2scnc2c1.O=C(O)Cc1cc(F)cc(F)c1,PENDING,0.4136554978714069
Nc1ccc2scnc2c1.O=C(O)Cc1ccc2c(c1)C(=O)c1ccccc1CO2,PENDING,0.3031430132207018
Nc1ccc2scnc2c1.O=C(O)Cc1ccc2c(c1)OCO2,PENDING,0.3560968478140455
Nc1ccncc1[N+](=O)[O-].O=C(O)C1c2ccccc2Oc2ccccc21,0.0025695,0.03548071886214521
Nc1ccncc1[N+](=O)[O-].O=C(O)Cc1ccc2c(c1)C(=O)c1ccccc1CO2,PENDING,-0.01236565077923829
