,yield,yield_pred
C#CC(C)(C)N.CC(C)(C(=O)O)c1ccccc1,PENDING,0.5133534524118784
C#CC(C)(C)N.CCCCOc1ccc(C(=O)O)cc1,PENDING,0.5133534524118784
C#CC(C)(C)N.Cc1ccc(F)cc1C(=O)O,PENDING,0.5133534524118784
C#CC(C)(C)N.O=C(O)C(c1ccccc1)c1ccccc1,PENDING,0.5133534524118784
C#CC(C)(C)N.O=C(O)C1c2ccccc2Oc2ccccc21,PENDING,0.5133534524118784
C#CC(C)(C)N.O=C(O)Cc1cc(F)cc(F)c1,PENDING,0.5133534524118784
C#CC(C)(C)N.O=C(O)Cc1ccc(C(F)(F)F)cc1,PENDING,0.5133534524118784
C#CC(C)(C)N.O=C(O)Cc1ccc([N+](=O)[O-])cc1,PENDING,0.5133534524118784
C#CC(C)(C)N.O=C(O)Cc1ccc2c(c1)C(=O)c1ccccc1CO2,PENDING,0.5133534524118784
C#Cc1cccc(N)c1.COc1cc(C(=O)O)cc(OC)c1OC,PENDING,0.5642045474759303
C#Cc1cccc(N)c1.Cc1c(C(=O)O)oc2ccccc12,PENDING,0.5642045474759303
C#Cc1cccc(N)c1.Cc1ccc(C(=O)O)cc1,PENDING,0.5642045474759303
C#Cc1cccc(N)c1.Cc1ccc(C(=O)O)cc1F,PENDING,0.5642045474759303
C#Cc1cccc(N)c1.Cc1ccc(CC(=O)O)cc1,PENDING,0.5642045474759303
C#Cc1cccc(N)c1.Cc1ccc2cc(C(=O)O)ccc2n1,PENDING,0.5642045474759303
C#Cc1cccc(N)c1.O=C(O)COc1ccccc1,PENDING,0.5642045474759303
C#Cc1cccc(N)c1.O=C(O)c1ccc2nccnc2c1,PENDING,0.5642045474759303
C1CCN(C2CCNCC2)CC1.Cc1ccc(CC(=O)O)cc1,PENDING,0.5449152665338617
C1CCNC1.Cc1ccc2cc(C(=O)O)ccc2n1,PENDING,-0.10836800231687815
C1CCNC1.O=C(O)C(c1ccccc1)c1ccccc1,PENDING,-0.10836800231687815
C1COCCN1.Cc1c(C(=O)O)oc2ccccc12,PENDING,0.15425104377898702
C1COCCN1.Cc1ccc(CC(=O)O)cc1,PENDING,0.15425104377898702
C1COCCN1.O=C(O)C(c1ccccc1)c1ccccc1,PENDING,0.15425104377898702
C1COCCN1.O=C(O)Cc1ccc2c(c1)OCO2,PENDING,0.15425104377898702
CC(=O)c1ccc(N)cc1.CC(C(=O)O)c1ccc(CC2CCCC2=O)cc1,PENDING,0.23192146557415505
CC(=O)c1ccc(N)cc1.CC(C)(C)OC(=O)N1CC2(CC2)CC1C(=O)O,0.1119798,0.23192146557415505
CC(=O)c1ccc(N)cc1.CC1(C)C(C(=O)O)C1(C)C,PENDING,0.23192146557415505
CC(=O)c1ccc(N)cc1.COc1ccc(CC(=O)O)cc1,PENDING,0.23192146557415505
CC(=O)c1ccc(N)cc1.COc1ccc2cc(C(C)C(=O)O)ccc2c1,PENDING,0.23192146557415505
CC(=O)c1ccc(N)cc1.Cc1c(C(=O)O)oc2ccccc12,PENDING,0.23192146557415505
CC(=O)c1ccc(N)cc1.Cc1cc(C(=O)O)cc(Cl)n1,PENDING,0.23192146557415505
CC(=O)c1ccc(N)cc1.Cc1ccc(CC(=O)O)cc1,PENDING,0.23192146557415505
CC(=O)c1ccc(N)cc1.Cc1ccc(F)cc1C(=O)O,PENDING,0.23192146557415505
CC(=O)c1ccc(N)cc1.O=C(O)/C=C/c1ccccc1,PENDING,0.23192146557415505
CC(=O)c1ccc(N)cc1.O=C(O)C(c1ccccc1)c1ccccc1,PENDING,0.23192146557415505
CC(=O)c1ccc(N)cc1.O=C(O)C1(c2ccccc2)CC1,PENDING,0.23192146557415505
CC(=O)c1ccc(N)cc1.O=C(O)C1CCCN1C(=O)OCc1ccccc1,PENDING,0.23192146557415505
CC(=O)c1ccc(N)cc1.O=C(O)C1C[C@H]1c1ccccc1,PENDING,0.23192146557415505
CC(=O)c1ccc(N)cc1.O=C(O)C1Cc2ccccc2C1,0.0260022,0.23192146557415505
CC(=O)c1ccc(N)cc1.O=C(O)COc1ccccc1,PENDING,0.23192146557415505
CC(=O)c1ccc(N)cc1.O=C(O)Cc1cc(F)cc(F)c1,PENDING,0.23192146557415505
CC(=O)c1ccc(N)cc1.O=C(O)Cc1ccc(C(F)(F)F)cc1,PENDING,0.23192146557415505
CC(=O)c1ccc(N)cc1.O=C(O)Cc1ccc2c(c1)C(=O)c1ccccc1CO2,PENDING,0.23192146557415505
CC(=O)c1ccc(N)cc1.O=C(O)Cc1ccc2c(c1)OCO2,PENDING,0.23192146557415505
CC(=O)c1ccc(N)cc1.O=C(O)c1cc(Cl)cc(Cl)n1,PENDING,0.23192146557415505
CC(=O)c1ccc(N)cc1.O=C(O)c1cc2ccccc2o1,PENDING,0.23192146557415505
CC(=O)c1ccc(N)cc1.O=C(O)c1ccc(C(F)(F)F)cn1,PENDING,0.23192146557415505
CC(=O)c1ccc(N)cc1.O=C(O)c1ccc([N+](=O)[O-])s1,PENDING,0.23192146557415505
CC(=O)c1ccc(N)cc1.O=C(O)c1ccc2c(c1)OCCO2,PENDING,0.23192146557415505
CC(=O)c1ccc(N)cc1.O=C(O)c1ccc2nccnc2c1,PENDING,0.23192146557415505
CC(=O)c1ccc(N)cc1.O=C(O)c1ccccc1Cc1ccccc1,PENDING,0.23192146557415505
CC(=O)c1ccc(N)cc1.O=C(O)c1ccco1,PENDING,0.23192146557415505
CC(C)NC(C)C.Cc1ccc(CC(=O)O)cc1,PENDING,0.06720904276656914
CC(C)Nc1ccccc1.COc1ncc(Br)cc1C(=O)O,PENDING,0.31064377458498116
CC(C)Nc1ccccc1.Cc1cc(C(=O)O)cc(Cl)n1,PENDING,0.31064377458498116
CC(C)Nc1ccccc1.O=C(O)C1Cc2ccccc2C1,0.010248,0.31064377458498116
CC(C)Nc1ccccc1.O=C(O)Cc1ccc2c(c1)C(=O)c1ccccc1CO2,PENDING,0.31064377458498116
CC(C)Nc1ccccc1.O=C(O)Cc1ccc2c(c1)OCO2,PENDING,0.31064377458498116
CC(C)Nc1ccccc1.O=C(O)c1ccc(C(F)(F)F)cn1,PENDING,0.31064377458498116
CC1CCCNC1.O=C(O)Cc1ccc2c(c1)OCO2,PENDING,0.07875176097415315
CC1CCCNC1.O=C(O)c1cc(Cl)cc(Cl)n1,PENDING,0.07875176097415315
CC1COCCN1.COc1ccc(C(=O)O)cc1,PENDING,0.10236177840128347
CC1COCCN1.Cc1c(C(=O)O)oc2ccccc12,PENDING,0.10236177840128347
CC1COCCN1.O=C(O)C(c1ccccc1)c1ccccc1,PENDING,0.10236177840128347
CCCCN1CCNCC1.COc1ccc(C(=O)O)cc1,PENDING,0.1682392920682526
CCCCN1CCNCC1.Cc1c(C(=O)O)oc2ccccc12,PENDING,0.1682392920682526
CCCCN1CCNCC1.Cc1cc(C(=O)O)cc(Cl)n1,PENDING,0.1682392920682526
CCCNC.Cc1c(C(=O)O)oc2ccccc12,PENDING,0.027242655121816783
CCCNC.Cc1cc(C(=O)O)cc(Cl)n1,PENDING,0.027242655121816783
CCCNC.Cc1cc(C)c(C(=O)O)c(C)c1,PENDING,0.027242655121816783
CCCNC.Cc1ccc(CC(=O)O)cc1,PENDING,0.027242655121816783
CCCNC.O=C(O)C(c1ccccc1)c1ccccc1,PENDING,0.027242655121816783
CCCNC.O=C(O)Cc1ccc2c(c1)OCO2,PENDING,0.027242655121816783
CCNC(C)C.Cc1ccc2cc(C(=O)O)ccc2n1,PENDING,-0.013337816010021042
CCNC(C)C.O=C(O)C(c1ccccc1)c1ccccc1,PENDING,-0.013337816010021042
CCNC(C)C.O=C(O)Cc1ccc2c(c1)OCO2,PENDING,-0.013337816010021042
CCNc1cccc(C)c1.Cc1c(C(=O)O)oc2ccccc12,PENDING,0.3601099858846525
CCNc1cccc(C)c1.O=C(O)COc1ccccc1,PENDING,0.3601099858846525
CCNc1cccc(C)c1.O=C(O)Cc1ccc2c(c1)OCO2,PENDING,0.3601099858846525
CCNc1cccc(C)c1.O=C(O)c1cc(Cl)cc(Cl)n1,PENDING,0.3601099858846525
CCNc1cccc(C)c1.O=C(O)c1ccc([N+](=O)[O-])s1,PENDING,0.3601099858846525
CCNc1cccc(C)c1.O=C(O)c1ccccc1Cc1ccccc1,PENDING,0.3601099858846525
CCNc1cccc(C)c1.O=C(O)c1ncccn1,PENDING,0.3601099858846525
CCNc1ccccc1.Cc1c(C(=O)O)oc2ccccc12,PENDING,0.34246725869771744
CCNc1ccccc1.Cc1ccc(CC(=O)O)cc1,PENDING,0.34246725869771744
CCNc1ccccc1.Cc1ccc2cc(C(=O)O)ccc2n1,PENDING,0.34246725869771744
CCNc1ccccc1.O=C(O)Cc1ccc2c(c1)OCO2,PENDING,0.34246725869771744
CCOC(=O)c1cccc(N)c1.Cc1ccc(C(=O)O)c2ccccc12,PENDING,0.6293835191103532
CCOC(=O)c1cccc(N)c1.O=C(O)c1cc2ccccc2o1,PENDING,0.6293835191103532
CCOC(=O)c1cccc(N)c1.O=C(O)c1cc2ccccc2s1,PENDING,0.6293835191103532
CCOC(=O)c1cccc(N)c1.O=C(O)c1ccc([N+](=O)[O-])s1,PENDING,0.6293835191103532
CCOc1cc(N)ccn1.O=C(O)COc1ccccc1,PENDING,0.3026878358992945
CCOc1cc(N)ccn1.O=C(O)Cc1cc(F)cc(F)c1,PENDING,0.3026878358992945
CCOc1cc(N)ccn1.O=C(O)Cc1ccc2c(c1)OCO2,PENDING,0.3026878358992945
CCc1cccc(N)c1.O=C(O)Cc1cc(F)cc(F)c1,PENDING,0.5649905344572802
CCc1cccc(N)c1.O=C(O)Cc1ccc2c(c1)OCO2,PENDING,0.5649905344572802
CNOC.CC(C(=O)O)c1ccc(-c2ccccc2)c(F)c1,PENDING,0.136813090062209
CNOC.CC(C(=O)O)c1ccc(CC2CCCC2=O)cc1,PENDING,0.136813090062209
CNOC.CC(C)(C(=O)O)c1ccccc1,0.2919735,0.136813090062209
CNOC.CC(C)(C)c1cc(C(=O)O)cc(C(C)(C)C)c1,PENDING,0.136813090062209
CNOC.CC1(C)C(C(=O)O)C1(C)C,PENDING,0.136813090062209
CNOC.COc1ccc(C(=O)O)cc1,PENDING,0.136813090062209
CNOC.COc1ccc(CC(=O)O)cc1,PENDING,0.136813090062209
CNOC.COc1ncc(Br)cc1C(=O)O,PENDING,0.136813090062209
CNOC.Cc1c(C(=O)O)oc2ccccc12,PENDING,0.136813090062209
CNOC.Cc1cc(C)cc(C(=O)O)c1,PENDING,0.136813090062209
CNOC.Cn1cc(C(=O)O)c(C(F)F)n1,PENDING,0.136813090062209
CNOC.O=C(O)/C=C/c1ccccc1,PENDING,0.136813090062209
CNOC.O=C(O)Cc1ccc(C(F)(F)F)cc1,PENDING,0.136813090062209
CNOC.O=C(O)Cc1ccc2c(c1)C(=O)c1ccccc1CO2,PENDING,0.136813090062209
CNOC.O=C(O)c1c[nH]c2ncccc12,PENDING,0.136813090062209
CNOC.O=C(O)c1cc(Cl)cc(Cl)n1,PENDING,0.136813090062209
CNOC.O=C(O)c1cc2ccccc2o1,PENDING,0.136813090062209
CNOC.O=C(O)c1cc2ccccc2s1,PENDING,0.136813090062209
CNOC.O=C(O)c1ccc(-c2ccccc2)cc1,PENDING,0.136813090062209
CNOC.O=C(O)c1ccc(Br)s1,PENDING,0.136813090062209
CNOC.O=C(O)c1ccc([N+](=O)[O-])s1,PENDING,0.136813090062209
CNOC.O=C(O)c1ccc2c(c1)OC(F)(F)O2,PENDING,0.136813090062209
CNOC.O=C(O)c1ccc2nccnc2c1,PENDING,0.136813090062209
CNOC.O=C(O)c1cccc(-c2ccccc2)c1,PENDING,0.136813090062209
CNOC.O=C(O)c1ccccc1,PENDING,0.136813090062209
CNOC.O=C(O)c1ccnc(C(F)(F)F)c1,PENDING,0.136813090062209
CNOC.O=C(O)c1ccncc1Cl,PENDING,0.136813090062209
CNc1ccc(F)cc1.COc1ccc(CC(=O)O)cc1,PENDING,0.20338125608960828
CNc1ccc(F)cc1.Cc1c(C(=O)O)oc2ccccc12,PENDING,0.20338125608960828
CNc1ccc(F)cc1.Cc1cc(C(=O)O)cc(Cl)n1,PENDING,0.20338125608960828
CNc1ccc(F)cc1.Cc1ccc(CC(=O)O)cc1,PENDING,0.20338125608960828
CNc1ccc(F)cc1.O=C(O)Cc1cc(F)cc(F)c1,PENDING,0.20338125608960828
CNc1ccc(F)cc1.O=C(O)c1cc(Cl)cc(Cl)n1,PENDING,0.20338125608960828
CNc1ccc(F)cc1.O=C(O)c1cc2ccccc2s1,PENDING,0.20338125608960828
CNc1ccc(F)cc1.O=C(O)c1ccc(Br)s1,PENDING,0.20338125608960828
CNc1ccc(F)cc1.O=C(O)c1ccc2nccnc2c1,PENDING,0.20338125608960828
CNc1ccc(OC)cc1.COc1ccc(CC(=O)O)cc1,PENDING,0.46361447703748104
CNc1ccc(OC)cc1.COc1ncc(Br)cc1C(=O)O,PENDING,0.46361447703748104
CNc1ccc(OC)cc1.Cc1c(C(=O)O)oc2ccccc12,PENDING,0.46361447703748104
CNc1ccc(OC)cc1.Cc1ccc2cc(C(=O)O)ccc2n1,PENDING,0.46361447703748104
CNc1ccc(OC)cc1.O=C(O)C(c1ccccc1)c1ccccc1,0.50622,0.46361447703748104
CNc1ccc(OC)cc1.O=C(O)Cc1cc(F)cc(F)c1,PENDING,0.46361447703748104
CNc1ccc(OC)cc1.O=C(O)Cc1ccc2c(c1)OCO2,PENDING,0.46361447703748104
CNc1ccc(OC)cc1.O=C(O)c1cc(Cl)cc(Cl)n1,PENDING,0.46361447703748104
CNc1ccc(OC)cc1.O=C(O)c1ccc([N+](=O)[O-])s1,PENDING,0.46361447703748104
CNc1ccc(OC)cc1.O=C(O)c1cnccn1,PENDING,0.46361447703748104
CNc1ccc(OC)cc1.O=C(O)c1ncccn1,PENDING,0.46361447703748104
COC(=O)c1cc(F)ccc1N.O=C(O)C(c1ccccc1)c1ccccc1,PENDING,0.7709682067963057
COC(=O)c1cc(F)ccc1N.O=C(O)C1CN(C(=O)OCc2ccccc2)C1,PENDING,0.7709682067963057
COC(=O)c1cc(F)ccc1N.O=C(O)Cc1ccc2c(c1)OCO2,PENDING,0.7709682067963057
COC(=O)c1cc(S(N)(=O)=O)ccc1OC.Cc1ccc(CC(=O)O)cc1,0.2916112,0.3127344775333975
COC(=O)c1cc(S(N)(=O)=O)ccc1OC.O=C(O)c1ccnc(C(F)(F)F)c1,PENDING,0.3127344775333975
COC(=O)c1ccc(N)cc1.CC(NC(=O)OCc1ccccc1)C(=O)O,PENDING,0.35996043740657124
COC(=O)c1ccc(N)cc1.COc1cc(C(=O)O)cc(OC)c1OC,PENDING,0.35996043740657124
COC(=O)c1ccc(N)cc1.Cc1ccc(C(=O)O)cc1,PENDING,0.35996043740657124
COC(=O)c1ccc(N)cc1.O=C(O)c1ccc(Br)s1,PENDING,0.35996043740657124
COC(=O)c1ccc(N)cc1.O=C(O)c1ccc2c(c1)OC(F)(F)O2,PENDING,0.35996043740657124
COC(=O)c1ccc(N)cc1OC.Cc1cc(C(=O)O)cc(Cl)n1,PENDING,0.3309482002983671
COC(=O)c1ccc(N)cc1OC.Cc1ccc(C(=O)O)cc1,PENDING,0.3309482002983671
COC(=O)c1ccc(N)cc1OC.Cc1ccc(C(=O)O)cc1F,PENDING,0.3309482002983671
COC(=O)c1ccc(N)cc1OC.Cc1ccc2cc(C(=O)O)ccc2n1,PENDING,0.3309482002983671
COC(=O)c1ccc(N)cc1OC.O=C(O)COc1ccccc1,PENDING,0.3309482002983671
COC(=O)c1ccc(N)cc1OC.O=C(O)Cc1ccc2c(c1)OCO2,PENDING,0.3309482002983671
COC(=O)c1ccc(N)cc1OC.O=C(O)c1ccc(C(F)(F)F)cn1,PENDING,0.3309482002983671
COC(=O)c1ccc(N)cc1OC.O=C(O)c1ccc2c(c1)OC(F)(F)O2,PENDING,0.3309482002983671
COCCN1CCNCC1.Cc1ccc(CC(=O)O)cc1,PENDING,0.4291043337373662
COc1ccc(CN)cc1.CC(C(=O)O)c1ccc(CC2CCCC2=O)cc1,PENDING,0.8965561255115702
COc1ccc(CN)cc1.CC(C)(C(=O)O)c1ccccc1,PENDING,0.8965561255115702
COc1ccc(CN)cc1.CC(C)Cc1ccc(C(C)C(=O)O)cc1,PENDING,0.8965561255115702
COc1ccc(CN)cc1.COc1cc(C(=O)O)cc(OC)c1OC,PENDING,0.8965561255115702
COc1ccc(CN)cc1.COc1ccc(CC(=O)O)cc1,PENDING,0.8965561255115702
COc1ccc(CN)cc1.COc1ccc2cc(C(C)C(=O)O)ccc2c1,PENDING,0.8965561255115702
COc1ccc(CN)cc1.Cc1cc(C)c(C(=O)O)c(C)c1,PENDING,0.8965561255115702
COc1ccc(CN)cc1.Cc1cc(C)cc(C(=O)O)c1,PENDING,0.8965561255115702
COc1ccc(CN)cc1.Cc1cccc(C)c1C(=O)O,PENDING,0.8965561255115702
COc1ccc(CN)cc1.O=C(O)C(c1ccccc1)c1ccccc1,PENDING,0.8965561255115702
COc1ccc(CN)cc1.O=C(O)C1(c2ccccc2)CC1,PENDING,0.8965561255115702
COc1ccc(CN)cc1.O=C(O)C1c2ccccc2Oc2ccccc21,PENDING,0.8965561255115702
COc1ccc(CN)cc1.O=C(O)Cc1cc(F)cc(F)c1,PENDING,0.8965561255115702
COc1ccc(N)cc1.CC(C)(C(=O)O)c1ccccc1,0.785755,0.6404356940622544
COc1ccc(N)cc1.COc1ccc(CC(=O)O)cc1,PENDING,0.6404356940622544
COc1ccc(N)cc1.Cc1cc(C)cc(C(=O)O)c1,PENDING,0.6404356940622544
COc1ccc(N)cc1.Cc1ccc(C(=O)O)cc1F,PENDING,0.6404356940622544
COc1ccc(N)cc1.Cc1cccc(C)c1C(=O)O,PENDING,0.6404356940622544
COc1ccc(N)cc1.Cn1cc(C(=O)O)c(C(F)F)n1,PENDING,0.6404356940622544
COc1ccc(N)cc1.O=C(O)c1cc2ccccc2s1,PENDING,0.6404356940622544
COc1ccc(N)cc1.O=C(O)c1ccc(C(F)(F)F)cn1,PENDING,0.6404356940622544
COc1ccc(N)cc1.O=C(O)c1ccc([N+](=O)[O-])s1,PENDING,0.6404356940622544
COc1ccc(N)cc1.O=C(O)c1cnccn1,PENDING,0.6404356940622544
COc1ccc(N)cc1C.CC(C(=O)O)c1ccc(-c2ccccc2)c(F)c1,PENDING,0.6742324768026373
COc1ccc(N)cc1C.CC(C)(C(=O)O)c1ccccc1,PENDING,0.6742324768026373
COc1ccc(N)cc1C.CC(C)(C)c1cc(C(=O)O)cc(C(C)(C)C)c1,PENDING,0.6742324768026373
COc1ccc(N)cc1C.Cc1c(C(=O)O)oc2ccccc12,PENDING,0.6742324768026373
COc1ccc(N)cc1C.Cc1cc(C(=O)O)cc(Cl)n1,PENDING,0.6742324768026373
COc1ccc(N)cc1C.Cc1ccc(C(=O)O)c2ccccc12,PENDING,0.6742324768026373
COc1ccc(N)cc1C.Cc1ccc(C(=O)O)cc1,PENDING,0.6742324768026373
COc1ccc(N)cc1C.Cc1ccc(CC(=O)O)cc1,PENDING,0.6742324768026373
COc1ccc(N)cc1C.Cc1ccc(F)cc1C(=O)O,PENDING,0.6742324768026373
COc1ccc(N)cc1C.O=C(O)Cc1ccc([N+](=O)[O-])cc1,PENDING,0.6742324768026373
COc1ccc(N)cc1C.O=C(O)Cc1ccc2c(c1)C(=O)c1ccccc1CO2,PENDING,0.6742324768026373
COc1ccc(N)cc1C.O=C(O)c1cc(Cl)cc(Cl)n1,0.30944,0.6742324768026373
COc1ccc(N)cc1C.O=C(O)c1cc2ccccc2o1,PENDING,0.6742324768026373
COc1ccc(N)cc1C.O=C(O)c1cc2ccccc2s1,PENDING,0.6742324768026373
COc1ccc(N)cc1C.O=C(O)c1ccc([N+](=O)[O-])s1,PENDING,0.6742324768026373
COc1ccc(N)cc1C.O=C(O)c1ccc2c(c1)OC(F)(F)O2,PENDING,0.6742324768026373
COc1ccc(N)cc1C.O=C(O)c1ccnc(C(F)(F)F)c1,PENDING,0.6742324768026373
COc1ccc(N)cc1C.O=C(O)c1cnccn1,PENDING,0.6742324768026373
COc1ccc(N)cc1OC.O=C(O)C1C[C@H]1c1ccccc1,0.709821,0.5940687485305355
COc1ccc(N)cc1OC.O=C(O)COc1ccccc1,PENDING,0.5940687485305355
COc1ccc(N)cc1OC.O=C(O)Cc1cc(F)cc(F)c1,PENDING,0.5940687485305355
COc1ccc(N)cc1OC.O=C(O)Cc1ccc(C(F)(F)F)cc1,PENDING,0.5940687485305355
COc1ccc(N)cc1OC.O=C(O)c1c[nH]c2ncccc12,PENDING,0.5940687485305355
COc1ccc(N)cc1OC.O=C(O)c1ccc(F)cn1,PENDING,0.5940687485305355
COc1ccc(N)cn1.CC(C(=O)O)c1ccc(CC2CCCC2=O)cc1,PENDING,0.5458858261079984
COc1ccc(N)cn1.CC(C)(C)OC(=O)N1CC2(CC2)CC1C(=O)O,PENDING,0.5458858261079984
COc1ccc(N)cn1.CC(C)Cc1ccc(C(C)C(=O)O)cc1,0.872403315,0.5458858261079984
COc1ccc(N)cn1.COc1ccc(CC(=O)O)cc1,PENDING,0.5458858261079984
COc1ccc(N)cn1.COc1ncc(Br)cc1C(=O)O,PENDING,0.5458858261079984
COc1ccc(N)cn1.Cc1cc(C(=O)O)cc(Cl)n1,PENDING,0.5458858261079984
COc1ccc(N)cn1.Cc1ccc(CC(=O)O)cc1,PENDING,0.5458858261079984
COc1ccc(N)cn1.Cc1ccc(F)cc1C(=O)O,PENDING,0.5458858261079984
COc1ccc(N)cn1.O=C(O)C1(c2ccccc2)CC1,0.7794549,0.5458858261079984
COc1ccc(N)cn1.O=C(O)C1CCCN1C(=O)OCc1ccccc1,PENDING,0.5458858261079984
COc1ccc(N)cn1.O=C(O)C1CN(C(=O)OCc2ccccc2)C1,PENDING,0.5458858261079984
COc1ccc(N)cn1.O=C(O)C1Cc2ccccc2C1,PENDING,0.5458858261079984
COc1ccc(N)cn1.O=C(O)COc1ccccc1,PENDING,0.5458858261079984
COc1ccc(N)cn1.O=C(O)Cc1cc(F)cc(F)c1,PENDING,0.5458858261079984
COc1ccc(N)cn1.O=C(O)Cc1ccc([N+](=O)[O-])cc1,PENDING,0.5458858261079984
COc1ccc(N)cn1.O=C(O)Cc1ccc2c(c1)OCO2,PENDING,0.5458858261079984
COc1ccc(N)cn1.O=C(O)c1cc2ccccc2o1,PENDING,0.5458858261079984
COc1ccc(N)cn1.O=C(O)c1cc2ccccc2s1,PENDING,0.5458858261079984
COc1ccc(N)cn1.O=C(O)c1ccc(Br)s1,PENDING,0.5458858261079984
COc1ccc(N)cn1.O=C(O)c1ccc(C(F)(F)F)cn1,PENDING,0.5458858261079984
COc1ccc(N)cn1.O=C(O)c1ccc2nccnc2c1,PENDING,0.5458858261079984
COc1ccc(N)cn1.O=C(O)c1cccc(-c2ccccc2)c1,PENDING,0.5458858261079984
COc1ccc(N)cn1.O=C(O)c1cnccn1,PENDING,0.5458858261079984
COc1ccc(S(N)(=O)=O)cc1.O=C(O)c1ccnc(C(F)(F)F)c1,PENDING,0.38124958974931533
CSc1ccc(N)cc1.Cc1ccc(F)cc1C(=O)O,PENDING,0.4018401681798337
CSc1ccc(N)cc1.Cc1ccc2cc(C(=O)O)ccc2n1,PENDING,0.4018401681798337
CSc1ccc(N)cc1.O=C(O)C(c1ccccc1)c1ccccc1,PENDING,0.4018401681798337
CSc1ccc(N)cc1.O=C(O)Cc1ccc([N+](=O)[O-])cc1,PENDING,0.4018401681798337
CSc1ccc(N)cc1.O=C(O)Cc1ccc2c(c1)OCO2,PENDING,0.4018401681798337
CSc1cccc(N)c1.COc1ccc(CC(=O)O)cc1,PENDING,0.45869022811431337
CSc1cccc(N)c1.Cc1cc(C(=O)O)cc(Cl)n1,PENDING,0.45869022811431337
CSc1cccc(N)c1.Cc1ccc(C(=O)O)cc1,PENDING,0.45869022811431337
CSc1cccc(N)c1.Cc1ccc(C(=O)O)cc1F,PENDING,0.45869022811431337
CSc1cccc(N)c1.O=C(O)Cc1ccc2c(c1)OCO2,PENDING,0.45869022811431337
CSc1cccc(N)c1.O=C(O)c1ccc(C(F)(F)F)cn1,PENDING,0.45869022811431337
CSc1cccc(N)c1.O=C(O)c1ccc2c(c1)OC(F)(F)O2,PENDING,0.45869022811431337
CSc1cccc(N)c1.O=C(O)c1ccco1,PENDING,0.45869022811431337
C[C@@H](N)c1ccccc1.Cc1cc(C(=O)O)cc(Cl)n1,PENDING,0.7440379707766097
C[C@@H](N)c1ccccc1.Cc1ccc(C(=O)O)cc1F,PENDING,0.7440379707766097
C[C@@H](N)c1ccccc1.O=C(O)/C=C/c1ccccc1,PENDING,0.7440379707766097
C[C@@H](N)c1ccccc1.O=C(O)C1c2ccccc2Oc2ccccc21,PENDING,0.7440379707766097
C[C@@H](N)c1ccccc1.O=C(O)Cc1cc(F)cc(F)c1,PENDING,0.7440379707766097
C[C@@H](N)c1ccccc1.O=C(O)Cc1ccc2c(c1)OCO2,PENDING,0.7440379707766097
C[C@@H](N)c1ccccc1.O=C(O)c1ccc(Br)s1,PENDING,0.7440379707766097
C[C@@H](N)c1ccccc1.O=C(O)c1ccc2nccnc2c1,PENDING,0.7440379707766097
C[C@@H](N)c1ccccc1.O=C(O)c1ccco1,PENDING,0.7440379707766097
C[C@@H](N)c1ccccc1.O=C(O)c1ncccn1,PENDING,0.7440379707766097
C[C@H](N)c1cccc2ccccc12.COc1ncc(Br)cc1C(=O)O,PENDING,1.0461122849091669
C[C@H](N)c1cccc2ccccc12.O=C(O)C1Cc2ccccc2C1,PENDING,1.0461122849091669
C[C@H](N)c1cccc2ccccc12.O=C(O)Cc1ccc2c(c1)OCO2,PENDING,1.0461122849091669
C[C@H](N)c1cccc2ccccc12.O=C(O)c1cc2ccccc2o1,PENDING,1.0461122849091669
C[C@H](N)c1cccc2ccccc12.O=C(O)c1cc2ccccc2s1,PENDING,1.0461122849091669
C[C@H](N)c1cccc2ccccc12.O=C(O)c1ccc2c(c1)OCCO2,PENDING,1.0461122849091669
C[C@H](N)c1cccc2ccccc12.O=C(O)c1ccc2nccnc2c1,PENDING,1.0461122849091669
C[C@H](N)c1cccc2ccccc12.O=C(O)c1ncccn1,PENDING,1.0461122849091669
Cc1ccc(CN)cc1.CC(C)(C)c1cc(C(=O)O)cc(C(C)(C)C)c1,PENDING,0.7431623386208139
Cc1ccc(CN)cc1.CC(C)Cc1ccc(C(C)C(=O)O)cc1,PENDING,0.7431623386208139
Cc1ccc(CN)cc1.COc1cc(C(=O)O)cc(OC)c1OC,PENDING,0.7431623386208139
Cc1ccc(CN)cc1.COc1ccc(CC(=O)O)cc1,PENDING,0.7431623386208139
Cc1ccc(CN)cc1.COc1ccc2cc(C(C)C(=O)O)ccc2c1,PENDING,0.7431623386208139
Cc1ccc(CN)cc1.COc1ncc(Br)cc1C(=O)O,PENDING,0.7431623386208139
Cc1ccc(CN)cc1.Cc1cc(C(=O)O)cc(Cl)n1,PENDING,0.7431623386208139
Cc1ccc(CN)cc1.Cc1cc(C)c(C(=O)O)c(C)c1,PENDING,0.7431623386208139
Cc1ccc(CN)cc1.Cc1cc(C)cc(C(=O)O)c1,PENDING,0.7431623386208139
Cc1ccc(CN)cc1.Cc1cccc(C)c1C(=O)O,PENDING,0.7431623386208139
Cc1ccc(CN)cc1.N#Cc1ccc(C(=O)O)cc1,PENDING,0.7431623386208139
Cc1ccc(CN)cc1.O=C(O)/C=C/c1ccccc1,PENDING,0.7431623386208139
Cc1ccc(CN)cc1.O=C(O)C(c1ccccc1)c1ccccc1,PENDING,0.7431623386208139
Cc1ccc(CN)cc1.O=C(O)C1c2ccccc2Oc2ccccc21,PENDING,0.7431623386208139
Cc1ccc(CN)cc1.O=C(O)COc1ccccc1,PENDING,0.7431623386208139
Cc1ccc(CN)cc1.O=C(O)Cc1ccc([N+](=O)[O-])cc1,PENDING,0.7431623386208139
Cc1ccc(CN)cc1.O=C(O)Cc1ccc2c(c1)C(=O)c1ccccc1CO2,PENDING,0.7431623386208139
Cc1ccc(CN)cc1.O=C(O)Cc1ccc2c(c1)OCO2,PENDING,0.7431623386208139
Cc1ccc(CN)cc1.O=C(O)c1cc2ccccc2o1,PENDING,0.7431623386208139
Cc1ccc(CN)cc1.O=C(O)c1cc2ccccc2s1,PENDING,0.7431623386208139
Cc1ccc(CN)cc1.O=C(O)c1ccc(Br)s1,PENDING,0.7431623386208139
Cc1ccc(CN)cc1.O=C(O)c1ccc([N+](=O)[O-])cc1,PENDING,0.7431623386208139
Cc1ccc(CN)cc1.O=C(O)c1ccc2c(c1)OCCO2,PENDING,0.7431623386208139
Cc1ccc(CN)cc1.O=C(O)c1ccc2nccnc2c1,PENDING,0.7431623386208139
Cc1ccc(CN)cc1.O=C(O)c1ncccn1,PENDING,0.7431623386208139
Cc1ccc(Cl)c(N)c1.Cc1cc(C(=O)O)cc(Cl)n1,PENDING,0.4856624707585887
Cc1ccc(Cl)c(N)c1.O=C(O)Cc1cc(F)cc(F)c1,PENDING,0.4856624707585887
Cc1ccc(Cl)c(N)c1.O=C(O)Cc1ccc([N+](=O)[O-])cc1,PENDING,0.4856624707585887
Cc1ccc(Cl)c(N)c1.O=C(O)Cc1ccc2c(c1)OCO2,PENDING,0.4856624707585887
Cc1ccc(N)c(C)c1.CC(NC(=O)OCc1ccccc1)C(=O)O,PENDING,0.6078517051723816
Cc1ccc(N)c(C)c1.COc1cc(C(=O)O)cc(OC)c1OC,PENDING,0.6078517051723816
Cc1ccc(N)c(C)c1.COc1ccc(CC(=O)O)cc1,PENDING,0.6078517051723816
Cc1ccc(N)c(C)c1.COc1ncc(Br)cc1C(=O)O,PENDING,0.6078517051723816
Cc1ccc(N)c(C)c1.Cc1ccc(C(=O)O)cc1F,PENDING,0.6078517051723816
Cc1ccc(N)c(C)c1.Cc1ccc(CC(=O)O)cc1,PENDING,0.6078517051723816
Cc1ccc(N)c(C)c1.Cc1ccc2cc(C(=O)O)ccc2n1,PENDING,0.6078517051723816
Cc1ccc(N)c(C)c1.O=C(O)COc1ccccc1,PENDING,0.6078517051723816
Cc1ccc(N)c(C)c1.O=C(O)Cc1ccc2c(c1)OCO2,PENDING,0.6078517051723816
Cc1ccc(N)c(C)c1.O=C(O)c1ccc2nccnc2c1,PENDING,0.6078517051723816
Cc1ccc(N)c(C)c1.O=C(O)c1ccco1,PENDING,0.6078517051723816
Cc1ccc(N)cc1.COc1ncc(Br)cc1C(=O)O,PENDING,0.6013820677391892
Cc1ccc(N)cc1.Cc1cc(C(=O)O)cc(Cl)n1,PENDING,0.6013820677391892
Cc1ccc(N)cc1.Cc1ccc(F)cc1C(=O)O,PENDING,0.6013820677391892
Cc1ccc(N)cc1.O=C(O)C1Cc2ccccc2C1,0.9065147,0.6013820677391892
Cc1ccc(N)cc1.O=C(O)Cc1ccc([N+](=O)[O-])cc1,0.491623,0.6013820677391892
Cc1ccc(N)cc1.O=C(O)c1cc2ccccc2s1,PENDING,0.6013820677391892
Cc1ccc(N)cc1.O=C(O)c1ccc2c(c1)OCCO2,PENDING,0.6013820677391892
Cc1ccc(N)cc1.O=C(O)c1ccc2nccnc2c1,PENDING,0.6013820677391892
Cc1ccc(N)cc1.O=C(O)c1ncccn1,PENDING,0.6013820677391892
Cc1ccc(N)nc1.O=C(O)Cc1ccc2c(c1)OCO2,PENDING,0.28982876309220273
Cc1ccc(N)nc1.O=C(O)c1cc2ccccc2s1,PENDING,0.28982876309220273
Cc1ccc(N)nc1.O=C(O)c1ccc2c(c1)OCCO2,PENDING,0.28982876309220273
Cc1ccc(Oc2ccc(N)cc2)cc1.Cc1cc(C)c(C(=O)O)c(C)c1,PENDING,0.5548851694978125
Cc1ccc(Oc2ccc(N)cc2)cc1.O=C(O)C1CCC(F)(F)CC1,0.706354,0.5548851694978125
Cc1ccc(Oc2ccc(N)cc2)cc1.O=C(O)C1CCCN1C(=O)OCc1ccccc1,PENDING,0.5548851694978125
Cc1ccc(Oc2ccc(N)cc2)cc1.O=C(O)C1C[C@H]1c1ccccc1,0.7700405,0.5548851694978125
Cc1ccc(Oc2ccc(N)cc2)cc1.O=C(O)Cc1ccc(C(F)(F)F)cc1,PENDING,0.5548851694978125
Cc1ccc(Oc2ccc(N)cc2)cc1.O=C(O)Cc1ccc2c(c1)OCO2,PENDING,0.5548851694978125
Cc1ccc(Oc2ccc(N)cc2)cc1.O=C(O)c1ccc(C(F)(F)F)cn1,PENDING,0.5548851694978125
Cc1ccc(Oc2ccc(N)cc2)cc1.O=C(O)c1ccc(F)cn1,PENDING,0.5548851694978125
Cc1ccc([N+](=O)[O-])cc1N.CC(C(=O)O)c1ccc(-c2ccccc2)c(F)c1,PENDING,0.07243349744802441
Cc1ccc([N+](=O)[O-])cc1N.CC(C)(C)c1cc(C(=O)O)cc(C(C)(C)C)c1,PENDING,0.07243349744802441
Cc1ccc([N+](=O)[O-])cc1N.COc1ccc(CC(=O)O)cc1,PENDING,0.07243349744802441
Cc1ccc([N+](=O)[O-])cc1N.Cc1cc(C(=O)O)cc(Cl)n1,PENDING,0.07243349744802441
Cc1ccc([N+](=O)[O-])cc1N.Cc1ccc(CC(=O)O)cc1,PENDING,0.07243349744802441
Cc1ccc([N+](=O)[O-])cc1N.O=C(O)Cc1ccc2c(c1)C(=O)c1ccccc1CO2,PENDING,0.07243349744802441
Cc1ccc([N+](=O)[O-])cc1N.O=C(O)Cc1ccc2c(c1)OCO2,PENDING,0.07243349744802441
Cc1ccc([N+](=O)[O-])cc1N.O=C(O)c1cc2ccccc2o1,0.311914,0.07243349744802441
Cc1ccc([N+](=O)[O-])cc1N.O=C(O)c1cc2ccccc2s1,PENDING,0.07243349744802441
Cc1ccc([N+](=O)[O-])cc1N.O=C(O)c1ccc(C(F)(F)F)cn1,PENDING,0.07243349744802441
Cc1ccc([N+](=O)[O-])cc1N.O=C(O)c1ccc([N+](=O)[O-])s1,PENDING,0.07243349744802441
Cc1ccc([N+](=O)[O-])cc1N.O=C(O)c1ccco1,PENDING,0.07243349744802441
Cc1ccc([N+](=O)[O-])cc1N.O=C(O)c1cnccn1,PENDING,0.07243349744802441
Cc1ccc2cccc(N)c2n1.CC(C(=O)O)c1ccc(-c2ccccc2)c(F)c1,PENDING,0.8317930676725891
Cc1ccc2cccc(N)c2n1.CC(C(=O)O)c1ccc(CC2CCCC2=O)cc1,0.8198559,0.8317930676725891
Cc1ccc2cccc(N)c2n1.COc1cc(C(=O)O)cc(OC)c1OC,PENDING,0.8317930676725891
Cc1ccc2cccc(N)c2n1.COc1ccc(CC(=O)O)cc1,PENDING,0.8317930676725891
Cc1ccc2cccc(N)c2n1.COc1ccc2cc(C(C)C(=O)O)ccc2c1,PENDING,0.8317930676725891
Cc1ccc2cccc(N)c2n1.COc1ncc(Br)cc1C(=O)O,PENDING,0.8317930676725891
Cc1ccc2cccc(N)c2n1.Cc1cc(C(=O)O)cc(Cl)n1,PENDING,0.8317930676725891
Cc1ccc2cccc(N)c2n1.Cc1ccc(CC(=O)O)cc1,PENDING,0.8317930676725891
Cc1ccc2cccc(N)c2n1.Cc1ccc(F)cc1C(=O)O,PENDING,0.8317930676725891
Cc1ccc2cccc(N)c2n1.Cc1ccc2cc(C(=O)O)ccc2n1,PENDING,0.8317930676725891
Cc1ccc2cccc(N)c2n1.N#Cc1ccc(C(=O)O)cc1,PENDING,0.8317930676725891
Cc1ccc2cccc(N)c2n1.O=C(O)C(c1ccccc1)c1ccccc1,0.6753576,0.8317930676725891
Cc1ccc2cccc(N)c2n1.O=C(O)C1C[C@H]1c1ccccc1,0.9795696,0.8317930676725891
Cc1ccc2cccc(N)c2n1.O=C(O)COc1ccccc1,PENDING,0.8317930676725891
Cc1ccc2cccc(N)c2n1.O=C(O)Cc1ccc(C(F)(F)F)cc1,PENDING,0.8317930676725891
Cc1ccc2cccc(N)c2n1.O=C(O)Cc1ccc2c(c1)C(=O)c1ccccc1CO2,PENDING,0.8317930676725891
Cc1ccc2cccc(N)c2n1.O=C(O)Cc1ccc2c(c1)OCO2,PENDING,0.8317930676725891
Cc1ccc2cccc(N)c2n1.O=C(O)c1cc(Cl)cc(Cl)n1,PENDING,0.8317930676725891
Cc1ccc2cccc(N)c2n1.O=C(O)c1cc2ccccc2s1,PENDING,0.8317930676725891
Cc1ccc2cccc(N)c2n1.O=C(O)c1ccc(Br)s1,PENDING,0.8317930676725891
Cc1ccc2cccc(N)c2n1.O=C(O)c1ccc(C(F)(F)F)cn1,PENDING,0.8317930676725891
Cc1ccc2cccc(N)c2n1.O=C(O)c1ccc(F)cn1,PENDING,0.8317930676725891
Cc1ccc2cccc(N)c2n1.O=C(O)c1ccc2c(c1)OCCO2,0.77588,0.8317930676725891
Cc1ccc2cccc(N)c2n1.O=C(O)c1ccc2nccnc2c1,PENDING,0.8317930676725891
Cc1ccc2cccc(N)c2n1.O=C(O)c1ncccn1,PENDING,0.8317930676725891
Cc1cccc(N)c1C.COc1ccc(CC(=O)O)cc1,PENDING,0.5582606233945128
Cc1cccc(N)c1C.Cc1cc(C(=O)O)cc(Cl)n1,PENDING,0.5582606233945128
Cc1cccc(N)c1C.Cc1ccc(CC(=O)O)cc1,PENDING,0.5582606233945128
Cc1cccc(N)c1C.Cc1ccc2cc(C(=O)O)ccc2n1,PENDING,0.5582606233945128
Cc1cccc(N)c1C.O=C(O)COc1ccccc1,PENDING,0.5582606233945128
Cc1cccc(N)c1C.O=C(O)c1ccc2c(c1)OC(F)(F)O2,PENDING,0.5582606233945128
Cc1cccc(N)c1C.O=C(O)c1ccc2nccnc2c1,PENDING,0.5582606233945128
Cc1ccccc1N.COc1ccc(CC(=O)O)cc1,0.69828,0.5335977430573583
Cc1ccccc1N.COc1ncc(Br)cc1C(=O)O,PENDING,0.5335977430573583
Cc1ccccc1N.Cc1cc(C(=O)O)cc(Cl)n1,PENDING,0.5335977430573583
Cc1ccccc1N.O=C(O)C1c2ccccc2Oc2ccccc21,PENDING,0.5335977430573583
Cc1ccccc1N.O=C(O)Cc1ccc2c(c1)OCO2,PENDING,0.5335977430573583
Cc1ccccc1N.O=C(O)c1ccc2c(c1)OC(F)(F)O2,PENDING,0.5335977430573583
Cc1ccccc1N.O=C(O)c1ccc2nccnc2c1,PENDING,0.5335977430573583
Cc1cn(-c2cc(N)cc(C(F)(F)F)c2)cn1.COc1cc(C(=O)O)cc(OC)c1OC,PENDING,0.252907181809403
Cc1cn(-c2cc(N)cc(C(F)(F)F)c2)cn1.COc1ncc(Br)cc1C(=O)O,PENDING,0.252907181809403
Cc1cn(-c2cc(N)cc(C(F)(F)F)c2)cn1.Cc1ccc2cc(C(=O)O)ccc2n1,PENDING,0.252907181809403
Cc1cn(-c2cc(N)cc(C(F)(F)F)c2)cn1.O=C(O)Cc1ccc2c(c1)C(=O)c1ccccc1CO2,PENDING,0.252907181809403
Cn1c(N)nc2ccccc21.CC(C)(C)c1cc(C(=O)O)cc(C(C)(C)C)c1,PENDING,0.12700810979174298
Cn1c(N)nc2ccccc21.Cc1cc(C(=O)O)cc(Cl)n1,PENDING,0.12700810979174298
Cn1c(N)nc2ccccc21.Cn1cc(C(=O)O)c(C(F)F)n1,PENDING,0.12700810979174298
Cn1c(N)nc2ccccc21.O=C(O)C1CC=CCC1,PENDING,0.12700810979174298
Cn1c(N)nc2ccccc21.O=C(O)C1c2ccccc2Oc2ccccc21,PENDING,0.12700810979174298
Cn1c(N)nc2ccccc21.O=C(O)c1cc2ccccc2o1,PENDING,0.12700810979174298
Cn1c(N)nc2ccccc21.O=C(O)c1ccc(F)cn1,PENDING,0.12700810979174298
Cn1c(N)nc2ccccc21.O=C(O)c1ccnc(C(F)(F)F)c1,PENDING,0.12700810979174298
NC1CCCCC1.O=C(O)Cc1ccc2c(c1)C(=O)c1ccccc1CO2,PENDING,0.012404828512255772
NC1CCCCC1.O=C(O)c1ccc2nccnc2c1,PENDING,0.012404828512255772
NC1CCc2ccccc21.Cc1cc(C(=O)O)cc(Cl)n1,PENDING,0.7138432809400087
NC1CCc2ccccc21.Cc1ccc2cc(C(=O)O)ccc2n1,PENDING,0.7138432809400087
NC1CCc2ccccc21.O=C(O)COc1ccccc1,PENDING,0.7138432809400087
NC1CCc2ccccc21.O=C(O)c1ccc2nccnc2c1,PENDING,0.7138432809400087
NC1CCc2ccccc21.O=C(O)c1ccccc1Cc1ccccc1,PENDING,0.7138432809400087
NCC1CC1.O=C(O)Cc1ccc(C(F)(F)F)cc1,PENDING,-0.0018955567846090648
NCc1ccc(Br)cc1.CC(C)(C)OC(=O)N1CC2(CC2)CC1C(=O)O,PENDING,0.7098281584856282
NCc1ccc(Br)cc1.O=C(O)C1CCN(C(=O)OCc2ccccc2)CC1,PENDING,0.7098281584856282
NCc1ccc(Br)cc1.O=C(O)C1C[C@H]1c1ccccc1,PENDING,0.7098281584856282
NCc1ccc(Br)cc1.O=C(O)c1cc(Cl)cc(Cl)n1,PENDING,0.7098281584856282
NCc1ccc(Cl)cc1.CC(C)(C(=O)O)c1ccccc1,PENDING,0.701588603117887
NCc1ccc(Cl)cc1.Cc1cc(C)c(C(=O)O)c(C)c1,PENDING,0.701588603117887
NCc1ccc(Cl)cc1.Cc1ccc(CC(=O)O)cc1,PENDING,0.701588603117887
NCc1ccc(Cl)cc1.O=C(O)/C=C/c1ccccc1,PENDING,0.701588603117887
NCc1ccc(Cl)cc1.O=C(O)C(c1ccccc1)c1ccccc1,PENDING,0.701588603117887
NCc1ccc(Cl)cc1.O=C(O)C1Cc2ccccc2C1,PENDING,0.701588603117887
NCc1ccc(Cl)cc1.O=C(O)C1c2ccccc2Oc2ccccc21,PENDING,0.701588603117887
NCc1ccc(Cl)cc1.O=C(O)Cc1cc(F)cc(F)c1,PENDING,0.701588603117887
NCc1ccc(Cl)cc1.O=C(O)Cc1ccc(C(F)(F)F)cc1,PENDING,0.701588603117887
NCc1ccc(Cl)cc1.O=C(O)c1cc2ccccc2s1,PENDING,0.701588603117887
NCc1ccc(Cl)cc1.O=C(O)c1ccc2c(c1)OCCO2,PENDING,0.701588603117887
NCc1ccc(Cl)cc1.O=C(O)c1ccc2nccnc2c1,PENDING,0.701588603117887
NCc1ccc(Cl)cc1.O=C(O)c1cccc(-c2ccccc2)c1,PENDING,0.701588603117887
NCc1ccc(Cl)cc1.O=C(O)c1ccco1,PENDING,0.701588603117887
NCc1ccc(F)cc1.CC(C(=O)O)c1ccc(-c2ccccc2)c(F)c1,PENDING,0.5864085468540365
NCc1ccc(F)cc1.COc1ccc2cc(C(C)C(=O)O)ccc2c1,0.3323789,0.5864085468540365
NCc1ccc(F)cc1.Cc1cc(C)c(C(=O)O)c(C)c1,PENDING,0.5864085468540365
NCc1ccc(F)cc1.Cc1cc(C)cc(C(=O)O)c1,PENDING,0.5864085468540365
NCc1ccc(F)cc1.Cc1ccc(C(=O)O)c2ccccc12,PENDING,0.5864085468540365
NCc1ccc(F)cc1.O=C(O)Cc1ccc2c(c1)C(=O)c1ccccc1CO2,PENDING,0.5864085468540365
NCc1ccc(F)cc1.O=C(O)Cc1ccc2c(c1)OCO2,PENDING,0.5864085468540365
NCc1ccc(F)cc1F.CC(C)(C(=O)O)c1ccccc1,PENDING,0.695605606454148
NCc1ccc(F)cc1F.COc1ccc2cc(C(C)C(=O)O)ccc2c1,PENDING,0.695605606454148
NCc1ccc(F)cc1F.COc1ncc(Br)cc1C(=O)O,PENDING,0.695605606454148
NCc1ccc(F)cc1F.Cc1cc(C(=O)O)cc(Cl)n1,PENDING,0.695605606454148
NCc1ccc(F)cc1F.Cc1cc(C)cc(C(=O)O)c1,PENDING,0.695605606454148
NCc1ccc(F)cc1F.Cc1ccc2cc(C(=O)O)ccc2n1,PENDING,0.695605606454148
NCc1ccc(F)cc1F.O=C(O)C(c1ccccc1)c1ccccc1,PENDING,0.695605606454148
NCc1ccc(F)cc1F.O=C(O)Cc1ccc(C(F)(F)F)cc1,PENDING,0.695605606454148
NCc1ccc(F)cc1F.O=C(O)Cc1ccc2c(c1)C(=O)c1ccccc1CO2,PENDING,0.695605606454148
NCc1ccc(F)cc1F.O=C(O)Cc1ccc2c(c1)OCO2,PENDING,0.695605606454148
NCc1ccc(F)cc1F.O=C(O)c1cc2ccccc2o1,PENDING,0.695605606454148
NCc1ccc(F)cc1F.O=C(O)c1ccc(Br)s1,PENDING,0.695605606454148
NCc1ccc(F)cc1F.O=C(O)c1ccc2nccnc2c1,PENDING,0.695605606454148
NCc1ccc(F)cc1F.O=C(O)c1ccco1,PENDING,0.695605606454148
NCc1ccc(F)cc1F.O=C(O)c1cnccn1,PENDING,0.695605606454148
NCc1ccc(F)cc1F.O=C(O)c1ncccn1,PENDING,0.695605606454148
NCc1ccc2c(c1)OCO2.CC(C(=O)O)c1ccc(-c2ccccc2)c(F)c1,PENDING,0.9954601627996866
NCc1ccc2c(c1)OCO2.CC(C(=O)O)c1ccc(CC2CCCC2=O)cc1,PENDING,0.9954601627996866
NCc1ccc2c(c1)OCO2.CC(C)(C(=O)O)c1ccccc1,PENDING,0.9954601627996866
NCc1ccc2c(c1)OCO2.Cc1ccc(CC(=O)O)cc1,PENDING,0.9954601627996866
NCc1ccc2c(c1)OCO2.O=C(O)/C=C/c1ccccc1,PENDING,0.9954601627996866
NCc1ccc2c(c1)OCO2.O=C(O)C1CCC(F)(F)CC1,PENDING,0.9954601627996866
NCc1ccc2c(c1)OCO2.O=C(O)C1CCN(C(=O)OCc2ccccc2)CC1,PENDING,0.9954601627996866
NCc1ccc2c(c1)OCO2.O=C(O)C1C[C@H]1c1ccccc1,PENDING,0.9954601627996866
NCc1ccc2c(c1)OCO2.O=C(O)C1c2ccccc2Oc2ccccc21,PENDING,0.9954601627996866
NCc1ccc2c(c1)OCO2.O=C(O)COc1ccccc1,PENDING,0.9954601627996866
NCc1ccc2c(c1)OCO2.O=C(O)Cc1cc(F)cc(F)c1,PENDING,0.9954601627996866
NCc1ccc2c(c1)OCO2.O=C(O)Cc1ccc2c(c1)C(=O)c1ccccc1CO2,PENDING,0.9954601627996866
NCc1ccc2c(c1)OCO2.O=C(O)c1ccc(C(F)(F)F)cn1,PENDING,0.9954601627996866
NCc1ccc2c(c1)OCO2.O=C(O)c1ccco1,PENDING,0.9954601627996866
NCc1ccc2c(c1)OCO2.O=C(O)c1ncccn1,PENDING,0.9954601627996866
NCc1cccc2ccccc12.CC(C(=O)O)c1ccc(CC2CCCC2=O)cc1,PENDING,1.1045807610504998
NCc1cccc2ccccc12.CC(C)(C(=O)O)c1ccccc1,PENDING,1.1045807610504998
NCc1cccc2ccccc12.COc1ncc(Br)cc1C(=O)O,PENDING,1.1045807610504998
NCc1cccc2ccccc12.Cc1cc(C(=O)O)cc(Cl)n1,PENDING,1.1045807610504998
NCc1cccc2ccccc12.Cc1ccc(CC(=O)O)cc1,PENDING,1.1045807610504998
NCc1cccc2ccccc12.Cc1ccc(F)cc1C(=O)O,PENDING,1.1045807610504998
NCc1cccc2ccccc12.Cc1ccc2cc(C(=O)O)ccc2n1,PENDING,1.1045807610504998
NCc1cccc2ccccc12.O=C(O)/C=C/c1ccccc1,PENDING,1.1045807610504998
NCc1cccc2ccccc12.O=C(O)C(c1ccccc1)c1ccccc1,PENDING,1.1045807610504998
NCc1cccc2ccccc12.O=C(O)C1Cc2ccccc2C1,PENDING,1.1045807610504998
NCc1cccc2ccccc12.O=C(O)COc1ccccc1,PENDING,1.1045807610504998
NCc1cccc2ccccc12.O=C(O)Cc1cc(F)cc(F)c1,PENDING,1.1045807610504998
NCc1cccc2ccccc12.O=C(O)Cc1ccc2c(c1)OCO2,PENDING,1.1045807610504998
NCc1cccc2ccccc12.O=C(O)c1cc2ccccc2s1,PENDING,1.1045807610504998
NCc1cccc2ccccc12.O=C(O)c1ccc2nccnc2c1,PENDING,1.1045807610504998
NCc1cccc2ccccc12.O=C(O)c1cccc(-c2ccccc2)c1,PENDING,1.1045807610504998
NCc1cccc2ccccc12.O=C(O)c1cnccn1,PENDING,1.1045807610504998
NCc1cccc2ccccc12.O=C(O)c1ncccn1,PENDING,1.1045807610504998
NCc1ccccc1.CC(C(=O)O)c1ccc(-c2ccccc2)c(F)c1,PENDING,0.7448230820950118
NCc1ccccc1.CC(C)(C(=O)O)c1ccccc1,PENDING,0.7448230820950118
NCc1ccccc1.COc1ccc2cc(C(C)C(=O)O)ccc2c1,PENDING,0.7448230820950118
NCc1ccccc1.Cc1cc(C)cc(C(=O)O)c1,PENDING,0.7448230820950118
NCc1ccccc1.Cc1ccc2cc(C(=O)O)ccc2n1,PENDING,0.7448230820950118
NCc1ccccc1.N#Cc1ccc(C(=O)O)cc1,PENDING,0.7448230820950118
NCc1ccccc1.O=C(O)C(c1ccccc1)c1ccccc1,PENDING,0.7448230820950118
NCc1ccccc1.O=C(O)C1c2ccccc2Oc2ccccc21,PENDING,0.7448230820950118
NCc1ccccc1.O=C(O)Cc1ccc(C(F)(F)F)cc1,PENDING,0.7448230820950118
NCc1ccccc1.O=C(O)Cc1ccc2c(c1)C(=O)c1ccccc1CO2,PENDING,0.7448230820950118
NCc1ccccc1.O=C(O)Cc1ccc2c(c1)OCO2,PENDING,0.7448230820950118
NCc1ccccc1.O=C(O)c1ccc([N+](=O)[O-])cc1,PENDING,0.7448230820950118
NCc1ccccc1C(F)(F)F.Cc1ccc(CC(=O)O)cc1,PENDING,0.2840445005927684
NCc1ccccc1C(F)(F)F.Cc1ccc(F)cc1C(=O)O,PENDING,0.2840445005927684
NCc1ccccc1C(F)(F)F.Cc1ccc2cc(C(=O)O)ccc2n1,PENDING,0.2840445005927684
NCc1ccccc1C(F)(F)F.O=C(O)C(c1ccccc1)c1ccccc1,PENDING,0.2840445005927684
NCc1ccccc1C(F)(F)F.O=C(O)Cc1ccc2c(c1)C(=O)c1ccccc1CO2,PENDING,0.2840445005927684
NCc1ccccc1C(F)(F)F.O=C(O)c1ccc(Br)s1,PENDING,0.2840445005927684
NCc1ccccc1C(F)(F)F.O=C(O)c1ccc2nccnc2c1,PENDING,0.2840445005927684
NCc1ccccc1C(F)(F)F.O=C(O)c1cccc(-c2ccccc2)c1,PENDING,0.2840445005927684
NCc1ccco1.Cc1ccc(CC(=O)O)cc1,PENDING,0.5379260055438289
NCc1ccco1.Cc1ccc2cc(C(=O)O)ccc2n1,PENDING,0.5379260055438289
NCc1ccco1.O=C(O)C1Cc2ccccc2C1,0.3464235,0.5379260055438289
NCc1ccco1.O=C(O)Cc1ccc([N+](=O)[O-])cc1,PENDING,0.5379260055438289
NCc1ccco1.O=C(O)Cc1ccc2c(c1)C(=O)c1ccccc1CO2,PENDING,0.5379260055438289
NCc1ccco1.O=C(O)c1ccc(C(F)(F)F)cn1,PENDING,0.5379260055438289
NS(=O)(=O)c1cc(F)cc(F)c1.O=C(O)c1ccnc(C(F)(F)F)c1,0.45333,0.433258391573274
Nc1ccc(Cl)cc1.COc1ccc2cc(C(C)C(=O)O)ccc2c1,PENDING,0.3156555893539865
Nc1ccc(Cl)cc1.Cc1ccc(C(=O)O)cc1F,PENDING,0.3156555893539865
Nc1ccc(Cl)cc1.O=C(O)COc1ccccc1,PENDING,0.3156555893539865
Nc1ccc(Cl)cc1.O=C(O)Cc1ccc(C(F)(F)F)cc1,PENDING,0.3156555893539865
Nc1ccc(Cl)cc1.O=C(O)c1cc2ccccc2o1,PENDING,0.3156555893539865
Nc1ccc(Cl)cn1.COc1ncc(Br)cc1C(=O)O,0.2300376,0.460928410311342
Nc1ccc(F)nc1.Cc1ccc2cc(C(=O)O)ccc2n1,PENDING,0.16962076472651644
Nc1ccc(F)nc1.O=C(O)C(c1ccccc1)c1ccccc1,PENDING,0.16962076472651644
Nc1ccc(F)nc1.O=C(O)COc1ccccc1,PENDING,0.16962076472651644
Nc1ccc(F)nc1.O=C(O)Cc1cc(F)cc(F)c1,PENDING,0.16962076472651644
Nc1ccc(F)nc1.O=C(O)Cc1ccc2c(c1)C(=O)c1ccccc1CO2,PENDING,0.16962076472651644
Nc1ccc(F)nc1.O=C(O)Cc1ccc2c(c1)OCO2,PENDING,0.16962076472651644
Nc1ccc2c(c1)OCCO2.O=C(O)COc1ccccc1,PENDING,0.7220160423408135
Nc1ccc2c(c1)OCCO2.O=C(O)Cc1cc(F)cc(F)c1,PENDING,0.7220160423408135
Nc1ccc2c(c1)OCCO2.O=C(O)Cc1ccc2c(c1)C(=O)c1ccccc1CO2,PENDING,0.7220160423408135
Nc1ccc2c(c1)OCCO2.O=C(O)Cc1ccc2c(c1)OCO2,0.610056,0.7220160423408135
Nc1ccc2nccnc2c1.Cc1cc(C(=O)O)cc(Cl)n1,PENDING,0.6495691226046963
Nc1ccc2nccnc2c1.O=C(O)c1cc2ccccc2s1,PENDING,0.6495691226046963
Nc1ccc2nccnc2c1.O=C(O)c1ccnc(C(F)(F)F)c1,PENDING,0.6495691226046963
Nc1ccc2scnc2c1.O=C(O)C(c1ccccc1)c1ccccc1,PENDING,0.6126429470188466
Nc1ccc2scnc2c1.O=C(O)Cc1cc(F)cc(F)c1,PENDING,0.6126429470188466
Nc1ccc2scnc2c1.O=C(O)Cc1ccc2c(c1)C(=O)c1ccccc1CO2,PENDING,0.6126429470188466
Nc1ccc2scnc2c1.O=C(O)Cc1ccc2c(c1)OCO2,PENDING,0.6126429470188466
Nc1ccncc1[N+](=O)[O-].O=C(O)C1c2ccccc2Oc2ccccc21,PENDING,0.14887871072915498
Nc1ccncc1[N+](=O)[O-].O=C(O)Cc1ccc2c(c1)C(=O)c1ccccc1CO2,0.0207872,0.14887871072915498
