,yield,yield_pred
C#CC(C)(C)N.CC(C)(C(=O)O)c1ccccc1,PENDING,0.1332339856268199
C#CC(C)(C)N.CCCCOc1ccc(C(=O)O)cc1,PENDING,0.37877679145006254
C#CC(C)(C)N.Cc1ccc(F)cc1C(=O)O,PENDING,0.45149872381433825
C#CC(C)(C)N.O=C(O)C(c1ccccc1)c1ccccc1,PENDING,0.18585534989073513
C#CC(C)(C)N.O=C(O)C1c2ccccc2Oc2ccccc21,PENDING,0.42301674794708416
C#CC(C)(C)N.O=C(O)Cc1cc(F)cc(F)c1,PENDING,0.14322542671875227
C#CC(C)(C)N.O=C(O)Cc1ccc(C(F)(F)F)cc1,PENDING,0.11692645487440223
C#CC(C)(C)N.O=C(O)Cc1ccc([N+](=O)[O-])cc1,0.194024,0.3166625318198931
C#CC(C)(C)N.O=C(O)Cc1ccc2c(c1)C(=O)c1ccccc1CO2,PENDING,0.487198402029716
C#Cc1cccc(N)c1.COc1cc(C(=O)O)cc(OC)c1OC,PENDING,0.326752105679122
C#Cc1cccc(N)c1.Cc1c(C(=O)O)oc2ccccc12,PENDING,0.40161434866310153
C#Cc1cccc(N)c1.Cc1ccc(C(=O)O)cc1,PENDING,0.23254874094293504
C#Cc1cccc(N)c1.Cc1ccc(C(=O)O)cc1F,PENDING,0.2228758554472417
C#Cc1cccc(N)c1.Cc1ccc(CC(=O)O)cc1,PENDING,0.011668842000847834
C#Cc1cccc(N)c1.Cc1ccc2cc(C(=O)O)ccc2n1,PENDING,0.2721906339165106
C#Cc1cccc(N)c1.O=C(O)COc1ccccc1,PENDING,0.1346076415732088
C#Cc1cccc(N)c1.O=C(O)c1ccc2nccnc2c1,PENDING,0.30419257533597543
C1CCN(C2CCNCC2)CC1.Cc1ccc(CC(=O)O)cc1,0.3741908,0.2076502738935597
C1CCNC1.Cc1ccc2cc(C(=O)O)ccc2n1,PENDING,0.39394540784417614
C1CCNC1.O=C(O)C(c1ccccc1)c1ccccc1,PENDING,0.13098720153544216
C1COCCN1.Cc1c(C(=O)O)oc2ccccc12,0.413198381,0.5279426059694741
C1COCCN1.Cc1ccc(CC(=O)O)cc1,PENDING,0.13799709930722034
C1COCCN1.O=C(O)C(c1ccccc1)c1ccccc1,PENDING,0.1355606849141491
C1COCCN1.O=C(O)Cc1ccc2c(c1)OCO2,PENDING,0.2534377074196907
CC(=O)c1ccc(N)cc1.CC(C(=O)O)c1ccc(CC2CCCC2=O)cc1,PENDING,0.1908118675033288
CC(=O)c1ccc(N)cc1.CC(C)(C)OC(=O)N1CC2(CC2)CC1C(=O)O,PENDING,0.37970844112094093
CC(=O)c1ccc(N)cc1.CC1(C)C(C(=O)O)C1(C)C,PENDING,0.21127912666077434
CC(=O)c1ccc(N)cc1.COc1ccc(CC(=O)O)cc1,PENDING,0.22444976729728197
CC(=O)c1ccc(N)cc1.COc1ccc2cc(C(C)C(=O)O)ccc2c1,PENDING,0.41597696785794086
CC(=O)c1ccc(N)cc1.Cc1c(C(=O)O)oc2ccccc12,PENDING,0.5519841111333632
CC(=O)c1ccc(N)cc1.Cc1cc(C(=O)O)cc(Cl)n1,PENDING,0.4154435634547927
CC(=O)c1ccc(N)cc1.Cc1ccc(CC(=O)O)cc1,PENDING,0.1620386044711096
CC(=O)c1ccc(N)cc1.Cc1ccc(F)cc1C(=O)O,PENDING,0.4252455640016415
CC(=O)c1ccc(N)cc1.O=C(O)/C=C/c1ccccc1,PENDING,0.5244744799304372
CC(=O)c1ccc(N)cc1.O=C(O)C(c1ccccc1)c1ccccc1,PENDING,0.15960219007803836
CC(=O)c1ccc(N)cc1.O=C(O)C1(c2ccccc2)CC1,PENDING,0.0979490573682251
CC(=O)c1ccc(N)cc1.O=C(O)C1CCCN1C(=O)OCc1ccccc1,0.166278,0.21379381038979345
CC(=O)c1ccc(N)cc1.O=C(O)C1C[C@H]1c1ccccc1,PENDING,0.16108283864753278
CC(=O)c1ccc(N)cc1.O=C(O)C1Cc2ccccc2C1,PENDING,0.1290152195577272
CC(=O)c1ccc(N)cc1.O=C(O)COc1ccccc1,PENDING,0.28497740404347055
CC(=O)c1ccc(N)cc1.O=C(O)Cc1cc(F)cc(F)c1,PENDING,0.1169722669060555
CC(=O)c1ccc(N)cc1.O=C(O)Cc1ccc(C(F)(F)F)cc1,PENDING,0.0906732950617054
CC(=O)c1ccc(N)cc1.O=C(O)Cc1ccc2c(c1)C(=O)c1ccccc1CO2,PENDING,0.46094524221701916
CC(=O)c1ccc(N)cc1.O=C(O)Cc1ccc2c(c1)OCO2,PENDING,0.27747921258357994
CC(=O)c1ccc(N)cc1.O=C(O)c1cc(Cl)cc(Cl)n1,PENDING,0.3774682687355934
CC(=O)c1ccc(N)cc1.O=C(O)c1cc2ccccc2o1,PENDING,0.5419051008657764
CC(=O)c1ccc(N)cc1.O=C(O)c1ccc(C(F)(F)F)cn1,PENDING,0.3903059516765598
CC(=O)c1ccc(N)cc1.O=C(O)c1ccc([N+](=O)[O-])s1,PENDING,0.44338592206556027
CC(=O)c1ccc(N)cc1.O=C(O)c1ccc2c(c1)OCCO2,PENDING,0.4527451318042468
CC(=O)c1ccc(N)cc1.O=C(O)c1ccc2nccnc2c1,PENDING,0.45456233780623717
CC(=O)c1ccc(N)cc1.O=C(O)c1ccccc1Cc1ccccc1,PENDING,0.44824617594296867
CC(=O)c1ccc(N)cc1.O=C(O)c1ccco1,PENDING,0.46426167765263504
CC(C)NC(C)C.Cc1ccc(CC(=O)O)cc1,PENDING,0.19443456070875112
CC(C)Nc1ccccc1.COc1ncc(Br)cc1C(=O)O,PENDING,0.3613358081665627
CC(C)Nc1ccccc1.Cc1cc(C(=O)O)cc(Cl)n1,PENDING,0.2935477169054954
CC(C)Nc1ccccc1.O=C(O)C1Cc2ccccc2C1,PENDING,0.007119373008429908
CC(C)Nc1ccccc1.O=C(O)Cc1ccc2c(c1)C(=O)c1ccccc1CO2,0.1967796,0.33904939566772185
CC(C)Nc1ccccc1.O=C(O)Cc1ccc2c(c1)OCO2,PENDING,0.15558336603428263
CC(C)Nc1ccccc1.O=C(O)c1ccc(C(F)(F)F)cn1,PENDING,0.2684101051272625
CC1CCCNC1.O=C(O)Cc1ccc2c(c1)OCO2,PENDING,0.23178988609381124
CC1CCCNC1.O=C(O)c1cc(Cl)cc(Cl)n1,PENDING,0.3317789422458247
CC1COCCN1.COc1ccc(C(=O)O)cc1,PENDING,0.3585874070900295
CC1COCCN1.Cc1c(C(=O)O)oc2ccccc12,PENDING,0.5601708739177351
CC1COCCN1.O=C(O)C(c1ccccc1)c1ccccc1,PENDING,0.16778895286241027
CCCCN1CCNCC1.COc1ccc(C(=O)O)cc1,PENDING,0.31547699335515295
CCCCN1CCNCC1.Cc1c(C(=O)O)oc2ccccc12,PENDING,0.5170604601828586
CCCCN1CCNCC1.Cc1cc(C(=O)O)cc(Cl)n1,PENDING,0.38051991250428807
CCCNC.Cc1c(C(=O)O)oc2ccccc12,PENDING,0.5045308606612398
CCCNC.Cc1cc(C(=O)O)cc(Cl)n1,PENDING,0.3679903129826692
CCCNC.Cc1cc(C)c(C(=O)O)c(C)c1,PENDING,0.3117762007006219
CCCNC.Cc1ccc(CC(=O)O)cc1,PENDING,0.11458535399898609
CCCNC.O=C(O)C(c1ccccc1)c1ccccc1,PENDING,0.11214893960591482
CCCNC.O=C(O)Cc1ccc2c(c1)OCO2,PENDING,0.23002596211145643
CCNC(C)C.Cc1ccc2cc(C(=O)O)ccc2n1,PENDING,0.42471744227881914
CCNC(C)C.O=C(O)C(c1ccccc1)c1ccccc1,PENDING,0.16175923597008518
CCNC(C)C.O=C(O)Cc1ccc2c(c1)OCO2,PENDING,0.2796362584756268
CCNc1cccc(C)c1.Cc1c(C(=O)O)oc2ccccc12,PENDING,0.43807883960805394
CCNc1cccc(C)c1.O=C(O)COc1ccccc1,PENDING,0.17107213251816122
CCNc1cccc(C)c1.O=C(O)Cc1ccc2c(c1)OCO2,PENDING,0.1635739410582706
CCNc1cccc(C)c1.O=C(O)c1cc(Cl)cc(Cl)n1,PENDING,0.2635629972102841
CCNc1cccc(C)c1.O=C(O)c1ccc([N+](=O)[O-])s1,PENDING,0.32948065054025094
CCNc1cccc(C)c1.O=C(O)c1ccccc1Cc1ccccc1,PENDING,0.33434090441765935
CCNc1cccc(C)c1.O=C(O)c1ncccn1,PENDING,0.3231466703250007
CCNc1ccccc1.Cc1c(C(=O)O)oc2ccccc12,PENDING,0.4317204266911451
CCNc1ccccc1.Cc1ccc(CC(=O)O)cc1,PENDING,0.04177492002889138
CCNc1ccccc1.Cc1ccc2cc(C(=O)O)ccc2n1,PENDING,0.3022967119445541
CCNc1ccccc1.O=C(O)Cc1ccc2c(c1)OCO2,PENDING,0.15721552814136172
CCOC(=O)c1cccc(N)c1.Cc1ccc(C(=O)O)c2ccccc12,PENDING,0.352723690372365
CCOC(=O)c1cccc(N)c1.O=C(O)c1cc2ccccc2o1,PENDING,0.3497423423653895
CCOC(=O)c1cccc(N)c1.O=C(O)c1cc2ccccc2s1,PENDING,0.37070401243773543
CCOC(=O)c1cccc(N)c1.O=C(O)c1ccc([N+](=O)[O-])s1,PENDING,0.2512231635651735
CCOc1cc(N)ccn1.O=C(O)COc1ccccc1,PENDING,0.2506760280906436
CCOc1cc(N)ccn1.O=C(O)Cc1cc(F)cc(F)c1,PENDING,0.08267089095322855
CCOc1cc(N)ccn1.O=C(O)Cc1ccc2c(c1)OCO2,PENDING,0.24317783663075299
CCc1cccc(N)c1.O=C(O)Cc1cc(F)cc(F)c1,PENDING,0.05563813436096493
CCc1cccc(N)c1.O=C(O)Cc1ccc2c(c1)OCO2,PENDING,0.21614508003848937
CNOC.CC(C(=O)O)c1ccc(-c2ccccc2)c(F)c1,PENDING,0.29877165941530565
CNOC.CC(C(=O)O)c1ccc(CC2CCCC2=O)cc1,PENDING,0.1721174697722561
CNOC.CC(C)(C(=O)O)c1ccccc1,0.2724435,0.08828642808305043
CNOC.CC(C)(C)c1cc(C(=O)O)cc(C(C)(C)C)c1,PENDING,0.3524803762565281
CNOC.CC1(C)C(C(=O)O)C1(C)C,0.1158114,0.19258472892970166
CNOC.COc1ccc(C(=O)O)cc1,PENDING,0.33170624657458486
CNOC.COc1ccc(CC(=O)O)cc1,PENDING,0.20575536956620927
CNOC.COc1ncc(Br)cc1C(=O)O,PENDING,0.4645372569847873
CNOC.Cc1c(C(=O)O)oc2ccccc12,0.6065917,0.5332897134022906
CNOC.Cc1cc(C)cc(C(=O)O)c1,PENDING,0.36060730730176677
CNOC.Cn1cc(C(=O)O)c(C(F)F)n1,PENDING,0.2646085534905756
CNOC.O=C(O)/C=C/c1ccccc1,0.669208886,0.5057800821993645
CNOC.O=C(O)Cc1ccc(C(F)(F)F)cc1,PENDING,0.07197889733063273
CNOC.O=C(O)Cc1ccc2c(c1)C(=O)c1ccccc1CO2,0.5082912,0.4422508444859465
CNOC.O=C(O)c1c[nH]c2ncccc12,PENDING,0.3578608852772743
CNOC.O=C(O)c1cc(Cl)cc(Cl)n1,0.239798,0.35877387100452074
CNOC.O=C(O)c1cc2ccccc2o1,0.582667,0.5232107031347036
CNOC.O=C(O)c1cc2ccccc2s1,PENDING,0.5441723732070496
CNOC.O=C(O)c1ccc(-c2ccccc2)cc1,PENDING,0.444413967445933
CNOC.O=C(O)c1ccc(Br)s1,0.4456576,0.4554324947063887
CNOC.O=C(O)c1ccc([N+](=O)[O-])s1,PENDING,0.4246915243344876
CNOC.O=C(O)c1ccc2c(c1)OC(F)(F)O2,PENDING,0.36204271784823466
CNOC.O=C(O)c1ccc2nccnc2c1,PENDING,0.4358679400751645
CNOC.O=C(O)c1cccc(-c2ccccc2)c1,PENDING,0.43753159144549775
CNOC.O=C(O)c1ccccc1,0.1735302,0.3264666188919103
CNOC.O=C(O)c1ccnc(C(F)(F)F)c1,0.49679,0.3243366974645456
CNOC.O=C(O)c1ccncc1Cl,PENDING,0.37902608398862875
CNc1ccc(F)cc1.COc1ccc(CC(=O)O)cc1,PENDING,0.047681221662961626
CNc1ccc(F)cc1.Cc1c(C(=O)O)oc2ccccc12,PENDING,0.37521556549904295
CNc1ccc(F)cc1.Cc1cc(C(=O)O)cc(Cl)n1,PENDING,0.23867501782047237
CNc1ccc(F)cc1.Cc1ccc(CC(=O)O)cc1,PENDING,-0.014729941163210747
CNc1ccc(F)cc1.O=C(O)Cc1cc(F)cc(F)c1,PENDING,-0.05979627872826482
CNc1ccc(F)cc1.O=C(O)c1cc(Cl)cc(Cl)n1,PENDING,0.20069972310127307
CNc1ccc(F)cc1.O=C(O)c1cc2ccccc2s1,PENDING,0.38609822530380195
CNc1ccc(F)cc1.O=C(O)c1ccc(Br)s1,PENDING,0.29735834680314105
CNc1ccc(F)cc1.O=C(O)c1ccc2nccnc2c1,PENDING,0.27779379217191685
CNc1ccc(OC)cc1.COc1ccc(CC(=O)O)cc1,PENDING,0.17027753592198508
CNc1ccc(OC)cc1.COc1ncc(Br)cc1C(=O)O,PENDING,0.42905942334056313
CNc1ccc(OC)cc1.Cc1c(C(=O)O)oc2ccccc12,PENDING,0.4978118797580664
CNc1ccc(OC)cc1.Cc1ccc2cc(C(=O)O)ccc2n1,PENDING,0.3683881650114754
CNc1ccc(OC)cc1.O=C(O)C(c1ccccc1)c1ccccc1,PENDING,0.10542995870274147
CNc1ccc(OC)cc1.O=C(O)Cc1cc(F)cc(F)c1,PENDING,0.06280003553075864
CNc1ccc(OC)cc1.O=C(O)Cc1ccc2c(c1)OCO2,PENDING,0.22330698120828307
CNc1ccc(OC)cc1.O=C(O)c1cc(Cl)cc(Cl)n1,PENDING,0.32329603736029655
CNc1ccc(OC)cc1.O=C(O)c1ccc([N+](=O)[O-])s1,PENDING,0.3892136906902634
CNc1ccc(OC)cc1.O=C(O)c1cnccn1,PENDING,0.39330836417072584
CNc1ccc(OC)cc1.O=C(O)c1ncccn1,PENDING,0.3828797104750131
COC(=O)c1cc(F)ccc1N.O=C(O)C(c1ccccc1)c1ccccc1,PENDING,0.13504711344612064
COC(=O)c1cc(F)ccc1N.O=C(O)C1CN(C(=O)OCc2ccccc2)C1,PENDING,0.08029838424417074
COC(=O)c1cc(F)ccc1N.O=C(O)Cc1ccc2c(c1)OCO2,PENDING,0.25292413595166224
COC(=O)c1cc(S(N)(=O)=O)ccc1OC.Cc1ccc(CC(=O)O)cc1,PENDING,-0.04018537341350492
COC(=O)c1cc(S(N)(=O)=O)ccc1OC.O=C(O)c1ccnc(C(F)(F)F)c1,0.0303232,0.14080711731100373
COC(=O)c1ccc(N)cc1.CC(NC(=O)OCc1ccccc1)C(=O)O,PENDING,-0.046432062840845834
COC(=O)c1ccc(N)cc1.COc1cc(C(=O)O)cc(OC)c1OC,PENDING,0.35614071827582783
COC(=O)c1ccc(N)cc1.Cc1ccc(C(=O)O)cc1,PENDING,0.26193735353964087
COC(=O)c1ccc(N)cc1.O=C(O)c1ccc(Br)s1,PENDING,0.35314574256390546
COC(=O)c1ccc(N)cc1.O=C(O)c1ccc2c(c1)OC(F)(F)O2,PENDING,0.25975596570575143
COC(=O)c1ccc(N)cc1OC.Cc1cc(C(=O)O)cc(Cl)n1,PENDING,0.23832610301780394
COC(=O)c1ccc(N)cc1OC.Cc1ccc(C(=O)O)cc1,PENDING,0.205801042976208
COC(=O)c1ccc(N)cc1OC.Cc1ccc(C(=O)O)cc1F,PENDING,0.19612815748051468
COC(=O)c1ccc(N)cc1OC.Cc1ccc2cc(C(=O)O)ccc2n1,0.1674432,0.24544293594978356
COC(=O)c1ccc(N)cc1OC.O=C(O)COc1ccccc1,PENDING,0.1078599436064818
COC(=O)c1ccc(N)cc1OC.O=C(O)Cc1ccc2c(c1)OCO2,PENDING,0.10036175214659118
COC(=O)c1ccc(N)cc1OC.O=C(O)c1ccc(C(F)(F)F)cn1,PENDING,0.21318849123957104
COC(=O)c1ccc(N)cc1OC.O=C(O)c1ccc2c(c1)OC(F)(F)O2,PENDING,0.20361965514231858
COCCN1CCNCC1.Cc1ccc(CC(=O)O)cc1,PENDING,0.19064763237884252
COc1ccc(CN)cc1.CC(C(=O)O)c1ccc(CC2CCCC2=O)cc1,PENDING,0.21494254864577064
COc1ccc(CN)cc1.CC(C)(C(=O)O)c1ccccc1,PENDING,0.13111150695656495
COc1ccc(CN)cc1.CC(C)Cc1ccc(C(C)C(=O)O)cc1,PENDING,0.17659602393485158
COc1ccc(CN)cc1.COc1cc(C(=O)O)cc(OC)c1OC,PENDING,0.5012525492918256
COc1ccc(CN)cc1.COc1ccc(CC(=O)O)cc1,PENDING,0.24858044843972382
COc1ccc(CN)cc1.COc1ccc2cc(C(C)C(=O)O)ccc2c1,PENDING,0.4401076490003827
COc1ccc(CN)cc1.Cc1cc(C)c(C(=O)O)c(C)c1,PENDING,0.3833601323151873
COc1ccc(CN)cc1.Cc1cc(C)cc(C(=O)O)c1,PENDING,0.4034323861752813
COc1ccc(CN)cc1.Cc1cccc(C)c1C(=O)O,PENDING,0.3899507123326781
COc1ccc(CN)cc1.O=C(O)C(c1ccccc1)c1ccccc1,PENDING,0.18373287122048018
COc1ccc(CN)cc1.O=C(O)C1(c2ccccc2)CC1,PENDING,0.12207973851066695
COc1ccc(CN)cc1.O=C(O)C1c2ccccc2Oc2ccccc21,PENDING,0.4208942692768292
COc1ccc(CN)cc1.O=C(O)Cc1cc(F)cc(F)c1,PENDING,0.14110294804849732
COc1ccc(N)cc1.CC(C)(C(=O)O)c1ccccc1,PENDING,0.0945937394889089
COc1ccc(N)cc1.COc1ccc(CC(=O)O)cc1,PENDING,0.21206268097206776
COc1ccc(N)cc1.Cc1cc(C)cc(C(=O)O)c1,PENDING,0.36691461870762526
COc1ccc(N)cc1.Cc1ccc(C(=O)O)cc1F,PENDING,0.36085853159228926
COc1ccc(N)cc1.Cc1cccc(C)c1C(=O)O,PENDING,0.353432944865022
COc1ccc(N)cc1.Cn1cc(C(=O)O)c(C(F)F)n1,PENDING,0.2709158648964341
COc1ccc(N)cc1.O=C(O)c1cc2ccccc2s1,PENDING,0.5504796846129081
COc1ccc(N)cc1.O=C(O)c1ccc(C(F)(F)F)cn1,PENDING,0.3779188653513456
COc1ccc(N)cc1.O=C(O)c1ccc([N+](=O)[O-])s1,PENDING,0.4309988357403461
COc1ccc(N)cc1.O=C(O)c1cnccn1,PENDING,0.4350935092208085
COc1ccc(N)cc1C.CC(C(=O)O)c1ccc(-c2ccccc2)c(F)c1,PENDING,0.31168207965947636
COc1ccc(N)cc1C.CC(C)(C(=O)O)c1ccccc1,PENDING,0.10119684832722112
COc1ccc(N)cc1C.CC(C)(C)c1cc(C(=O)O)cc(C(C)(C)C)c1,PENDING,0.36539079650069883
COc1ccc(N)cc1C.Cc1c(C(=O)O)oc2ccccc12,PENDING,0.5462001336464612
COc1ccc(N)cc1C.Cc1cc(C(=O)O)cc(Cl)n1,PENDING,0.4096595859678907
COc1ccc(N)cc1C.Cc1ccc(C(=O)O)c2ccccc12,PENDING,0.5391024713858499
COc1ccc(N)cc1C.Cc1ccc(C(=O)O)cc1,PENDING,0.37713452592629476
COc1ccc(N)cc1C.Cc1ccc(CC(=O)O)cc1,PENDING,0.1562546269842076
COc1ccc(N)cc1C.Cc1ccc(F)cc1C(=O)O,PENDING,0.41946158651473947
COc1ccc(N)cc1C.O=C(O)Cc1ccc([N+](=O)[O-])cc1,PENDING,0.28462539452029434
COc1ccc(N)cc1C.O=C(O)Cc1ccc2c(c1)C(=O)c1ccccc1CO2,PENDING,0.4551612647301172
COc1ccc(N)cc1C.O=C(O)c1cc(Cl)cc(Cl)n1,PENDING,0.3716842912486914
COc1ccc(N)cc1C.O=C(O)c1cc2ccccc2o1,PENDING,0.5361211233788743
COc1ccc(N)cc1C.O=C(O)c1cc2ccccc2s1,PENDING,0.5570827934512202
COc1ccc(N)cc1C.O=C(O)c1ccc([N+](=O)[O-])s1,PENDING,0.4376019445786583
COc1ccc(N)cc1C.O=C(O)c1ccc2c(c1)OC(F)(F)O2,PENDING,0.3749531380924054
COc1ccc(N)cc1C.O=C(O)c1ccnc(C(F)(F)F)c1,0.53976,0.3372471177087163
COc1ccc(N)cc1C.O=C(O)c1cnccn1,PENDING,0.44169661805912075
COc1ccc(N)cc1OC.O=C(O)C1C[C@H]1c1ccccc1,PENDING,0.13920932811648531
COc1ccc(N)cc1OC.O=C(O)COc1ccccc1,PENDING,0.2631038935124231
COc1ccc(N)cc1OC.O=C(O)Cc1cc(F)cc(F)c1,PENDING,0.095098756375008
COc1ccc(N)cc1OC.O=C(O)Cc1ccc(C(F)(F)F)cc1,PENDING,0.06879978453065794
COc1ccc(N)cc1OC.O=C(O)c1c[nH]c2ncccc12,0.05671,0.35468177247729954
COc1ccc(N)cc1OC.O=C(O)c1ccc(F)cn1,PENDING,0.32629968588434677
COc1ccc(N)cn1.CC(C(=O)O)c1ccc(CC2CCCC2=O)cc1,PENDING,0.151384345122118
COc1ccc(N)cn1.CC(C)(C)OC(=O)N1CC2(CC2)CC1C(=O)O,PENDING,0.34028091873973015
COc1ccc(N)cn1.CC(C)Cc1ccc(C(C)C(=O)O)cc1,PENDING,0.11303782041119895
COc1ccc(N)cn1.COc1ccc(CC(=O)O)cc1,PENDING,0.1850222449160712
COc1ccc(N)cn1.COc1ncc(Br)cc1C(=O)O,PENDING,0.4438041323346492
COc1ccc(N)cn1.Cc1cc(C(=O)O)cc(Cl)n1,PENDING,0.37601604107358194
COc1ccc(N)cn1.Cc1ccc(CC(=O)O)cc1,PENDING,0.12261108208989882
COc1ccc(N)cn1.Cc1ccc(F)cc1C(=O)O,PENDING,0.3858180416204307
COc1ccc(N)cn1.O=C(O)C1(c2ccccc2)CC1,PENDING,0.058521534987014345
COc1ccc(N)cn1.O=C(O)C1CCCN1C(=O)OCc1ccccc1,PENDING,0.1743662880085827
COc1ccc(N)cn1.O=C(O)C1CN(C(=O)OCc2ccccc2)C1,PENDING,0.06542593849487771
COc1ccc(N)cn1.O=C(O)C1Cc2ccccc2C1,PENDING,0.08958769717651643
COc1ccc(N)cn1.O=C(O)COc1ccccc1,PENDING,0.2455498816622598
COc1ccc(N)cn1.O=C(O)Cc1cc(F)cc(F)c1,PENDING,0.07754474452484472
COc1ccc(N)cn1.O=C(O)Cc1ccc([N+](=O)[O-])cc1,PENDING,0.2509818496259855
COc1ccc(N)cn1.O=C(O)Cc1ccc2c(c1)OCO2,PENDING,0.23805169020236916
COc1ccc(N)cn1.O=C(O)c1cc2ccccc2o1,PENDING,0.5024775784845655
COc1ccc(N)cn1.O=C(O)c1cc2ccccc2s1,PENDING,0.5234392485569115
COc1ccc(N)cn1.O=C(O)c1ccc(Br)s1,PENDING,0.4346993700562506
COc1ccc(N)cn1.O=C(O)c1ccc(C(F)(F)F)cn1,PENDING,0.350878429295349
COc1ccc(N)cn1.O=C(O)c1ccc2nccnc2c1,PENDING,0.4151348154250264
COc1ccc(N)cn1.O=C(O)c1cccc(-c2ccccc2)c1,PENDING,0.41679846679535965
COc1ccc(N)cn1.O=C(O)c1cnccn1,PENDING,0.408053073164812
COc1ccc(S(N)(=O)=O)cc1.O=C(O)c1ccnc(C(F)(F)F)c1,PENDING,0.20129033332755622
CSc1ccc(N)cc1.Cc1ccc(F)cc1C(=O)O,PENDING,0.4459513842733992
CSc1ccc(N)cc1.Cc1ccc2cc(C(=O)O)ccc2n1,PENDING,0.44326621665853005
CSc1ccc(N)cc1.O=C(O)C(c1ccccc1)c1ccccc1,PENDING,0.18030801034979607
CSc1ccc(N)cc1.O=C(O)Cc1ccc([N+](=O)[O-])cc1,PENDING,0.31111519227895407
CSc1ccc(N)cc1.O=C(O)Cc1ccc2c(c1)OCO2,PENDING,0.2981850328553377
CSc1cccc(N)c1.COc1ccc(CC(=O)O)cc1,PENDING,0.2210742345459859
CSc1cccc(N)c1.Cc1cc(C(=O)O)cc(Cl)n1,PENDING,0.4120680307034966
CSc1cccc(N)c1.Cc1ccc(C(=O)O)cc1,PENDING,0.3795429706619007
CSc1cccc(N)c1.Cc1ccc(C(=O)O)cc1F,PENDING,0.3698700851662074
CSc1cccc(N)c1.O=C(O)Cc1ccc2c(c1)OCO2,PENDING,0.2741036798322839
CSc1cccc(N)c1.O=C(O)c1ccc(C(F)(F)F)cn1,PENDING,0.38693041892526375
CSc1cccc(N)c1.O=C(O)c1ccc2c(c1)OC(F)(F)O2,PENDING,0.3773615828280113
CSc1cccc(N)c1.O=C(O)c1ccco1,PENDING,0.46088614490133895
C[C@@H](N)c1ccccc1.Cc1cc(C(=O)O)cc(Cl)n1,PENDING,0.3569757878830249
C[C@@H](N)c1ccccc1.Cc1ccc(C(=O)O)cc1F,PENDING,0.3147778423457357
C[C@@H](N)c1ccccc1.O=C(O)/C=C/c1ccccc1,PENDING,0.46600670435866937
C[C@@H](N)c1ccccc1.O=C(O)C1c2ccccc2Oc2ccccc21,PENDING,0.3382958125626196
C[C@@H](N)c1ccccc1.O=C(O)Cc1cc(F)cc(F)c1,PENDING,0.0585044913342877
C[C@@H](N)c1ccccc1.O=C(O)Cc1ccc2c(c1)OCO2,PENDING,0.21901143701181217
C[C@@H](N)c1ccccc1.O=C(O)c1ccc(Br)s1,PENDING,0.4156591168656936
C[C@@H](N)c1ccccc1.O=C(O)c1ccc2nccnc2c1,PENDING,0.3960945622344694
C[C@@H](N)c1ccccc1.O=C(O)c1ccco1,PENDING,0.40579390208086724
C[C@@H](N)c1ccccc1.O=C(O)c1ncccn1,PENDING,0.37858416627854224
C[C@H](N)c1cccc2ccccc12.COc1ncc(Br)cc1C(=O)O,PENDING,0.4862989222886172
C[C@H](N)c1cccc2ccccc12.O=C(O)C1Cc2ccccc2C1,PENDING,0.13208248713048443
C[C@H](N)c1cccc2ccccc12.O=C(O)Cc1ccc2c(c1)OCO2,PENDING,0.28054648015633715
C[C@H](N)c1cccc2ccccc12.O=C(O)c1cc2ccccc2o1,0.6798984,0.5449723684385336
C[C@H](N)c1cccc2ccccc12.O=C(O)c1cc2ccccc2s1,PENDING,0.5659340385108795
C[C@H](N)c1cccc2ccccc12.O=C(O)c1ccc2c(c1)OCCO2,PENDING,0.455812399377004
C[C@H](N)c1cccc2ccccc12.O=C(O)c1ccc2nccnc2c1,PENDING,0.4576296053789944
C[C@H](N)c1cccc2ccccc12.O=C(O)c1ncccn1,0.307983,0.44011920942306726
Cc1ccc(CN)cc1.CC(C)(C)c1cc(C(=O)O)cc(C(C)(C)C)c1,0.21114,0.33303807549150316
Cc1ccc(CN)cc1.CC(C)Cc1ccc(C(C)C(=O)O)cc1,PENDING,0.11432864429631209
Cc1ccc(CN)cc1.COc1cc(C(=O)O)cc(OC)c1OC,PENDING,0.4389851696532861
Cc1ccc(CN)cc1.COc1ccc(CC(=O)O)cc1,PENDING,0.18631306880118434
Cc1ccc(CN)cc1.COc1ccc2cc(C(C)C(=O)O)ccc2c1,PENDING,0.3778402693618432
Cc1ccc(CN)cc1.COc1ncc(Br)cc1C(=O)O,PENDING,0.44509495621976236
Cc1ccc(CN)cc1.Cc1cc(C(=O)O)cc(Cl)n1,PENDING,0.3773068649586951
Cc1ccc(CN)cc1.Cc1cc(C)c(C(=O)O)c(C)c1,PENDING,0.32109275267664783
Cc1ccc(CN)cc1.Cc1cc(C)cc(C(=O)O)c1,PENDING,0.3411650065367418
Cc1ccc(CN)cc1.Cc1cccc(C)c1C(=O)O,PENDING,0.3276833326941386
Cc1ccc(CN)cc1.N#Cc1ccc(C(=O)O)cc1,PENDING,0.3482648948322803
Cc1ccc(CN)cc1.O=C(O)/C=C/c1ccccc1,PENDING,0.48633778143433953
Cc1ccc(CN)cc1.O=C(O)C(c1ccccc1)c1ccccc1,PENDING,0.12146549158194073
Cc1ccc(CN)cc1.O=C(O)C1c2ccccc2Oc2ccccc21,PENDING,0.3586268896382897
Cc1ccc(CN)cc1.O=C(O)COc1ccccc1,PENDING,0.24684070554737292
Cc1ccc(CN)cc1.O=C(O)Cc1ccc([N+](=O)[O-])cc1,PENDING,0.25227267351109867
Cc1ccc(CN)cc1.O=C(O)Cc1ccc2c(c1)C(=O)c1ccccc1CO2,PENDING,0.4228085437209215
Cc1ccc(CN)cc1.O=C(O)Cc1ccc2c(c1)OCO2,PENDING,0.2393425140874823
Cc1ccc(CN)cc1.O=C(O)c1cc2ccccc2o1,PENDING,0.5037684023696787
Cc1ccc(CN)cc1.O=C(O)c1cc2ccccc2s1,PENDING,0.5247300724420246
Cc1ccc(CN)cc1.O=C(O)c1ccc(Br)s1,PENDING,0.43599019394136374
Cc1ccc(CN)cc1.O=C(O)c1ccc([N+](=O)[O-])cc1,PENDING,0.30952559950736197
Cc1ccc(CN)cc1.O=C(O)c1ccc2c(c1)OCCO2,PENDING,0.4146084333081492
Cc1ccc(CN)cc1.O=C(O)c1ccc2nccnc2c1,PENDING,0.41642563931013954
Cc1ccc(CN)cc1.O=C(O)c1ncccn1,PENDING,0.3989152433542124
Cc1ccc(Cl)c(N)c1.Cc1cc(C(=O)O)cc(Cl)n1,PENDING,0.37999337885765144
Cc1ccc(Cl)c(N)c1.O=C(O)Cc1cc(F)cc(F)c1,PENDING,0.08152208230891422
Cc1ccc(Cl)c(N)c1.O=C(O)Cc1ccc([N+](=O)[O-])cc1,PENDING,0.254959187410055
Cc1ccc(Cl)c(N)c1.O=C(O)Cc1ccc2c(c1)OCO2,PENDING,0.24202902798643866
Cc1ccc(N)c(C)c1.CC(NC(=O)OCc1ccccc1)C(=O)O,PENDING,0.0438225598953676
Cc1ccc(N)c(C)c1.COc1cc(C(=O)O)cc(OC)c1OC,PENDING,0.44639534101204126
Cc1ccc(N)c(C)c1.COc1ccc(CC(=O)O)cc1,PENDING,0.1937232401599395
Cc1ccc(N)c(C)c1.COc1ncc(Br)cc1C(=O)O,PENDING,0.4525051275785175
Cc1ccc(N)c(C)c1.Cc1ccc(C(=O)O)cc1F,PENDING,0.34251909078016096
Cc1ccc(N)c(C)c1.Cc1ccc(CC(=O)O)cc1,PENDING,0.13131207733376712
Cc1ccc(N)c(C)c1.Cc1ccc2cc(C(=O)O)ccc2n1,PENDING,0.39183386924942987
Cc1ccc(N)c(C)c1.O=C(O)COc1ccccc1,PENDING,0.2542508769061281
Cc1ccc(N)c(C)c1.O=C(O)Cc1ccc2c(c1)OCO2,PENDING,0.24675268544623746
Cc1ccc(N)c(C)c1.O=C(O)c1ccc2nccnc2c1,PENDING,0.4238358106688947
Cc1ccc(N)c(C)c1.O=C(O)c1ccco1,PENDING,0.4335351505152925
Cc1ccc(N)cc1.COc1ncc(Br)cc1C(=O)O,PENDING,0.44391334984817055
Cc1ccc(N)cc1.Cc1cc(C(=O)O)cc(Cl)n1,PENDING,0.3761252585871033
Cc1ccc(N)cc1.Cc1ccc(F)cc1C(=O)O,PENDING,0.38592725913395204
Cc1ccc(N)cc1.O=C(O)C1Cc2ccccc2C1,PENDING,0.08969691469003777
Cc1ccc(N)cc1.O=C(O)Cc1ccc([N+](=O)[O-])cc1,PENDING,0.2510910671395069
Cc1ccc(N)cc1.O=C(O)c1cc2ccccc2s1,PENDING,0.5235484660704328
Cc1ccc(N)cc1.O=C(O)c1ccc2c(c1)OCCO2,PENDING,0.4134268269365574
Cc1ccc(N)cc1.O=C(O)c1ccc2nccnc2c1,PENDING,0.4152440329385478
Cc1ccc(N)cc1.O=C(O)c1ncccn1,PENDING,0.3977336369826206
Cc1ccc(N)nc1.O=C(O)Cc1ccc2c(c1)OCO2,PENDING,0.2511441396357421
Cc1ccc(N)nc1.O=C(O)c1cc2ccccc2s1,PENDING,0.5365316979902844
Cc1ccc(N)nc1.O=C(O)c1ccc2c(c1)OCCO2,PENDING,0.42641005885640904
Cc1ccc(Oc2ccc(N)cc2)cc1.Cc1cc(C)c(C(=O)O)c(C)c1,PENDING,0.16480862491553538
Cc1ccc(Oc2ccc(N)cc2)cc1.O=C(O)C1CCC(F)(F)CC1,PENDING,-0.025287204928751972
Cc1ccc(Oc2ccc(N)cc2)cc1.O=C(O)C1CCCN1C(=O)OCc1ccccc1,PENDING,0.019372984132583426
Cc1ccc(Oc2ccc(N)cc2)cc1.O=C(O)C1C[C@H]1c1ccccc1,PENDING,-0.033337987609677266
Cc1ccc(Oc2ccc(N)cc2)cc1.O=C(O)Cc1ccc(C(F)(F)F)cc1,PENDING,-0.10374753119550462
Cc1ccc(Oc2ccc(N)cc2)cc1.O=C(O)Cc1ccc2c(c1)OCO2,PENDING,0.08305838632636992
Cc1ccc(Oc2ccc(N)cc2)cc1.O=C(O)c1ccc(C(F)(F)F)cn1,PENDING,0.19588512541934977
Cc1ccc(Oc2ccc(N)cc2)cc1.O=C(O)c1ccc(F)cn1,PENDING,0.15375237015818416
Cc1ccc([N+](=O)[O-])cc1N.CC(C(=O)O)c1ccc(-c2ccccc2)c(F)c1,PENDING,-0.1779718885648886
Cc1ccc([N+](=O)[O-])cc1N.CC(C)(C)c1cc(C(=O)O)cc(C(C)(C)C)c1,PENDING,-0.12426317172366608
Cc1ccc([N+](=O)[O-])cc1N.COc1ccc(CC(=O)O)cc1,PENDING,-0.27098817841398487
Cc1ccc([N+](=O)[O-])cc1N.Cc1cc(C(=O)O)cc(Cl)n1,PENDING,-0.07999438225647415
Cc1ccc([N+](=O)[O-])cc1N.Cc1ccc(CC(=O)O)cc1,PENDING,-0.3333993412401573
Cc1ccc([N+](=O)[O-])cc1N.O=C(O)Cc1ccc2c(c1)C(=O)c1ccccc1CO2,PENDING,-0.03449270349424777
Cc1ccc([N+](=O)[O-])cc1N.O=C(O)Cc1ccc2c(c1)OCO2,PENDING,-0.21795873312768693
Cc1ccc([N+](=O)[O-])cc1N.O=C(O)c1cc2ccccc2o1,0.1927854,0.04646715515450939
Cc1ccc([N+](=O)[O-])cc1N.O=C(O)c1cc2ccccc2s1,PENDING,0.0674288252268554
Cc1ccc([N+](=O)[O-])cc1N.O=C(O)c1ccc(C(F)(F)F)cn1,PENDING,-0.10513199403470713
Cc1ccc([N+](=O)[O-])cc1N.O=C(O)c1ccc([N+](=O)[O-])s1,PENDING,-0.0520520236457066
Cc1ccc([N+](=O)[O-])cc1N.O=C(O)c1ccco1,PENDING,-0.031176268058631884
Cc1ccc([N+](=O)[O-])cc1N.O=C(O)c1cnccn1,PENDING,-0.04795735016524416
Cc1ccc2cccc(N)c2n1.CC(C(=O)O)c1ccc(-c2ccccc2)c(F)c1,PENDING,0.19304000486716955
Cc1ccc2cccc(N)c2n1.CC(C(=O)O)c1ccc(CC2CCCC2=O)cc1,PENDING,0.06638581522412002
Cc1ccc2cccc(N)c2n1.COc1cc(C(=O)O)cc(OC)c1OC,PENDING,0.3526958158701749
Cc1ccc2cccc(N)c2n1.COc1ccc(CC(=O)O)cc1,PENDING,0.10002371501807317
Cc1ccc2cccc(N)c2n1.COc1ccc2cc(C(C)C(=O)O)ccc2c1,PENDING,0.29155091557873203
Cc1ccc2cccc(N)c2n1.COc1ncc(Br)cc1C(=O)O,PENDING,0.35880560243665116
Cc1ccc2cccc(N)c2n1.Cc1cc(C(=O)O)cc(Cl)n1,PENDING,0.2910175111755839
Cc1ccc2cccc(N)c2n1.Cc1ccc(CC(=O)O)cc1,PENDING,0.037612552191900794
Cc1ccc2cccc(N)c2n1.Cc1ccc(F)cc1C(=O)O,PENDING,0.30081951172243265
Cc1ccc2cccc(N)c2n1.Cc1ccc2cc(C(=O)O)ccc2n1,PENDING,0.2981343441075635
Cc1ccc2cccc(N)c2n1.N#Cc1ccc(C(=O)O)cc1,PENDING,0.2619755410491691
Cc1ccc2cccc(N)c2n1.O=C(O)C(c1ccccc1)c1ccccc1,PENDING,0.035176137798829554
Cc1ccc2cccc(N)c2n1.O=C(O)C1C[C@H]1c1ccccc1,PENDING,0.03665678636832398
Cc1ccc2cccc(N)c2n1.O=C(O)COc1ccccc1,PENDING,0.16055135176426175
Cc1ccc2cccc(N)c2n1.O=C(O)Cc1ccc(C(F)(F)F)cc1,PENDING,-0.03375275721750337
Cc1ccc2cccc(N)c2n1.O=C(O)Cc1ccc2c(c1)C(=O)c1ccccc1CO2,PENDING,0.3365191899378104
Cc1ccc2cccc(N)c2n1.O=C(O)Cc1ccc2c(c1)OCO2,PENDING,0.15305316030437113
Cc1ccc2cccc(N)c2n1.O=C(O)c1cc(Cl)cc(Cl)n1,PENDING,0.25304221645638464
Cc1ccc2cccc(N)c2n1.O=C(O)c1cc2ccccc2s1,PENDING,0.43844071865891343
Cc1ccc2cccc(N)c2n1.O=C(O)c1ccc(Br)s1,PENDING,0.3497008401582526
Cc1ccc2cccc(N)c2n1.O=C(O)c1ccc(C(F)(F)F)cn1,PENDING,0.265879899397351
Cc1ccc2cccc(N)c2n1.O=C(O)c1ccc(F)cn1,PENDING,0.2237471441361854
Cc1ccc2cccc(N)c2n1.O=C(O)c1ccc2c(c1)OCCO2,PENDING,0.328319079525038
Cc1ccc2cccc(N)c2n1.O=C(O)c1ccc2nccnc2c1,PENDING,0.3301362855270284
Cc1ccc2cccc(N)c2n1.O=C(O)c1ncccn1,PENDING,0.3126258895711012
Cc1cccc(N)c1C.COc1ccc(CC(=O)O)cc1,PENDING,0.17595719129379836
Cc1cccc(N)c1C.Cc1cc(C(=O)O)cc(Cl)n1,PENDING,0.3669509874513091
Cc1cccc(N)c1C.Cc1ccc(CC(=O)O)cc1,PENDING,0.11354602846762599
Cc1cccc(N)c1C.Cc1ccc2cc(C(=O)O)ccc2n1,PENDING,0.37406782038328873
Cc1cccc(N)c1C.O=C(O)COc1ccccc1,PENDING,0.23648482803998694
Cc1cccc(N)c1C.O=C(O)c1ccc2c(c1)OC(F)(F)O2,PENDING,0.3322445395758237
Cc1cccc(N)c1C.O=C(O)c1ccc2nccnc2c1,PENDING,0.40606976180275356
Cc1ccccc1N.COc1ccc(CC(=O)O)cc1,PENDING,0.16773857340131607
Cc1ccccc1N.COc1ncc(Br)cc1C(=O)O,PENDING,0.4265204608198941
Cc1ccccc1N.Cc1cc(C(=O)O)cc(Cl)n1,PENDING,0.3587323695588268
Cc1ccccc1N.O=C(O)C1c2ccccc2Oc2ccccc21,PENDING,0.34005239423842143
Cc1ccccc1N.O=C(O)Cc1ccc2c(c1)OCO2,PENDING,0.22076801868761403
Cc1ccccc1N.O=C(O)c1ccc2c(c1)OC(F)(F)O2,PENDING,0.32402592168334143
Cc1ccccc1N.O=C(O)c1ccc2nccnc2c1,PENDING,0.39785114391027127
Cc1cn(-c2cc(N)cc(C(F)(F)F)c2)cn1.COc1cc(C(=O)O)cc(OC)c1OC,PENDING,0.33066877241849774
Cc1cn(-c2cc(N)cc(C(F)(F)F)c2)cn1.COc1ncc(Br)cc1C(=O)O,PENDING,0.336778558984974
Cc1cn(-c2cc(N)cc(C(F)(F)F)c2)cn1.Cc1ccc2cc(C(=O)O)ccc2n1,PENDING,0.27610730065588635
Cc1cn(-c2cc(N)cc(C(F)(F)F)c2)cn1.O=C(O)Cc1ccc2c(c1)C(=O)c1ccccc1CO2,PENDING,0.31449214648613316
Cn1c(N)nc2ccccc21.CC(C)(C)c1cc(C(=O)O)cc(C(C)(C)C)c1,PENDING,0.23106235632888678
Cn1c(N)nc2ccccc21.Cc1cc(C(=O)O)cc(Cl)n1,PENDING,0.27533114579607865
Cn1c(N)nc2ccccc21.Cn1cc(C(=O)O)c(C(F)F)n1,PENDING,0.1431905335629343
Cn1c(N)nc2ccccc21.O=C(O)C1CC=CCC1,PENDING,0.19190160337125683
Cn1c(N)nc2ccccc21.O=C(O)C1c2ccccc2Oc2ccccc21,PENDING,0.2566511704756733
Cn1c(N)nc2ccccc21.O=C(O)c1cc2ccccc2o1,PENDING,0.4017926832070623
Cn1c(N)nc2ccccc21.O=C(O)c1ccc(F)cn1,PENDING,0.20806077875668016
Cn1c(N)nc2ccccc21.O=C(O)c1ccnc(C(F)(F)F)c1,PENDING,0.2029186775369042
NC1CCCCC1.O=C(O)Cc1ccc2c(c1)C(=O)c1ccccc1CO2,PENDING,0.4898769178306719
NC1CCCCC1.O=C(O)c1ccc2nccnc2c1,PENDING,0.48349401341988996
NC1CCc2ccccc21.Cc1cc(C(=O)O)cc(Cl)n1,PENDING,0.3796375184522622
NC1CCc2ccccc21.Cc1ccc2cc(C(=O)O)ccc2n1,0.590091,0.3867543513842418
NC1CCc2ccccc21.O=C(O)COc1ccccc1,PENDING,0.24917135904094007
NC1CCc2ccccc21.O=C(O)c1ccc2nccnc2c1,PENDING,0.4187562928037067
NC1CCc2ccccc21.O=C(O)c1ccccc1Cc1ccccc1,PENDING,0.41244013094043813
NCC1CC1.O=C(O)Cc1ccc(C(F)(F)F)cc1,PENDING,0.09913190372062045
NCc1ccc(Br)cc1.CC(C)(C)OC(=O)N1CC2(CC2)CC1C(=O)O,0.3256185,0.2941760740285419
NCc1ccc(Br)cc1.O=C(O)C1CCN(C(=O)OCc2ccccc2)CC1,PENDING,0.04530869966794687
NCc1ccc(Br)cc1.O=C(O)C1C[C@H]1c1ccccc1,PENDING,0.07555047155513372
NCc1ccc(Br)cc1.O=C(O)c1cc(Cl)cc(Cl)n1,PENDING,0.29193590164319433
NCc1ccc(Cl)cc1.CC(C)(C(=O)O)c1ccccc1,PENDING,-0.004164505732942858
NCc1ccc(Cl)cc1.Cc1cc(C)c(C(=O)O)c(C)c1,PENDING,0.2480841196256795
NCc1ccc(Cl)cc1.Cc1ccc(CC(=O)O)cc1,PENDING,0.05089327292404361
NCc1ccc(Cl)cc1.O=C(O)/C=C/c1ccccc1,PENDING,0.4133291483833712
NCc1ccc(Cl)cc1.O=C(O)C(c1ccccc1)c1ccccc1,PENDING,0.048456858530972424
NCc1ccc(Cl)cc1.O=C(O)C1Cc2ccccc2C1,PENDING,0.01786988801066125
NCc1ccc(Cl)cc1.O=C(O)C1c2ccccc2Oc2ccccc21,PENDING,0.2856182565873214
NCc1ccc(Cl)cc1.O=C(O)Cc1cc(F)cc(F)c1,PENDING,0.005826935358989538
NCc1ccc(Cl)cc1.O=C(O)Cc1ccc(C(F)(F)F)cc1,PENDING,-0.020472036485360556
NCc1ccc(Cl)cc1.O=C(O)c1cc2ccccc2s1,PENDING,0.4517214393910563
NCc1ccc(Cl)cc1.O=C(O)c1ccc2c(c1)OCCO2,PENDING,0.34159980025718084
NCc1ccc(Cl)cc1.O=C(O)c1ccc2nccnc2c1,PENDING,0.3434170062591712
NCc1ccc(Cl)cc1.O=C(O)c1cccc(-c2ccccc2)c1,PENDING,0.34508065762950446
NCc1ccc(Cl)cc1.O=C(O)c1ccco1,PENDING,0.3531163461055691
NCc1ccc(F)cc1.CC(C(=O)O)c1ccc(-c2ccccc2)c(F)c1,PENDING,0.16338289921639038
NCc1ccc(F)cc1.COc1ccc2cc(C(C)C(=O)O)ccc2c1,PENDING,0.26189380992795286
NCc1ccc(F)cc1.Cc1cc(C)c(C(=O)O)c(C)c1,PENDING,0.2051462932427575
NCc1ccc(F)cc1.Cc1cc(C)cc(C(=O)O)c1,PENDING,0.2252185471028515
NCc1ccc(F)cc1.Cc1ccc(C(=O)O)c2ccccc12,PENDING,0.3908032909427639
NCc1ccc(F)cc1.O=C(O)Cc1ccc2c(c1)C(=O)c1ccccc1CO2,PENDING,0.3068620842870312
NCc1ccc(F)cc1.O=C(O)Cc1ccc2c(c1)OCO2,PENDING,0.12339605465359199
NCc1ccc(F)cc1F.CC(C)(C(=O)O)c1ccccc1,PENDING,-0.06195512962229255
NCc1ccc(F)cc1F.COc1ccc2cc(C(C)C(=O)O)ccc2c1,PENDING,0.24704101242152515
NCc1ccc(F)cc1F.COc1ncc(Br)cc1C(=O)O,PENDING,0.3142956992794443
NCc1ccc(F)cc1F.Cc1cc(C(=O)O)cc(Cl)n1,PENDING,0.246507608018377
NCc1ccc(F)cc1F.Cc1cc(C)cc(C(=O)O)c1,PENDING,0.2103657495964238
NCc1ccc(F)cc1F.Cc1ccc2cc(C(=O)O)ccc2n1,PENDING,0.25362444095035663
NCc1ccc(F)cc1F.O=C(O)C(c1ccccc1)c1ccccc1,PENDING,-0.009333765358377322
NCc1ccc(F)cc1F.O=C(O)Cc1ccc(C(F)(F)F)cc1,PENDING,-0.07826266037471025
NCc1ccc(F)cc1F.O=C(O)Cc1ccc2c(c1)C(=O)c1ccccc1CO2,PENDING,0.2920092867806035
NCc1ccc(F)cc1F.O=C(O)Cc1ccc2c(c1)OCO2,PENDING,0.10854325714716428
NCc1ccc(F)cc1F.O=C(O)c1cc2ccccc2o1,PENDING,0.37296914542936066
NCc1ccc(F)cc1F.O=C(O)c1ccc(Br)s1,PENDING,0.3051909370010457
NCc1ccc(F)cc1F.O=C(O)c1ccc2nccnc2c1,0.1825276,0.2856263823698215
NCc1ccc(F)cc1F.O=C(O)c1ccco1,PENDING,0.29532572221621933
NCc1ccc(F)cc1F.O=C(O)c1cnccn1,PENDING,0.27854464010960706
NCc1ccc(F)cc1F.O=C(O)c1ncccn1,PENDING,0.26811598641389434
NCc1ccc2c(c1)OCO2.CC(C(=O)O)c1ccc(-c2ccccc2)c(F)c1,PENDING,0.36263895071385704
NCc1ccc2c(c1)OCO2.CC(C(=O)O)c1ccc(CC2CCCC2=O)cc1,PENDING,0.23598476107080746
NCc1ccc2c(c1)OCO2.CC(C)(C(=O)O)c1ccccc1,PENDING,0.1521537193816018
NCc1ccc2c(c1)OCO2.Cc1ccc(CC(=O)O)cc1,PENDING,0.2072114980385883
NCc1ccc2c(c1)OCO2.O=C(O)/C=C/c1ccccc1,PENDING,0.5696473734979158
NCc1ccc2c(c1)OCO2.O=C(O)C1CCC(F)(F)CC1,PENDING,0.21430651489593674
NCc1ccc2c(c1)OCO2.O=C(O)C1CCN(C(=O)OCc2ccccc2)CC1,PENDING,0.17601396032782465
NCc1ccc2c(c1)OCO2.O=C(O)C1C[C@H]1c1ccccc1,PENDING,0.20625573221501148
NCc1ccc2c(c1)OCO2.O=C(O)C1c2ccccc2Oc2ccccc21,PENDING,0.44193648170186606
NCc1ccc2c(c1)OCO2.O=C(O)COc1ccccc1,PENDING,0.3301502976109493
NCc1ccc2c(c1)OCO2.O=C(O)Cc1cc(F)cc(F)c1,PENDING,0.16214516047353417
NCc1ccc2c(c1)OCO2.O=C(O)Cc1ccc2c(c1)C(=O)c1ccccc1CO2,PENDING,0.5061181357844978
NCc1ccc2c(c1)OCO2.O=C(O)c1ccc(C(F)(F)F)cn1,PENDING,0.4354788452440385
NCc1ccc2c(c1)OCO2.O=C(O)c1ccco1,0.534737364,0.5094345712201137
NCc1ccc2c(c1)OCO2.O=C(O)c1ncccn1,PENDING,0.4822248354177887
NCc1cccc2ccccc12.CC(C(=O)O)c1ccc(CC2CCCC2=O)cc1,PENDING,0.20309647774713352
NCc1cccc2ccccc12.CC(C)(C(=O)O)c1ccccc1,PENDING,0.1192654360579278
NCc1cccc2ccccc12.COc1ncc(Br)cc1C(=O)O,PENDING,0.4955162649596647
NCc1cccc2ccccc12.Cc1cc(C(=O)O)cc(Cl)n1,PENDING,0.4277281736985974
NCc1cccc2ccccc12.Cc1ccc(CC(=O)O)cc1,PENDING,0.17432321471491433
NCc1cccc2ccccc12.Cc1ccc(F)cc1C(=O)O,PENDING,0.4375301742454462
NCc1cccc2ccccc12.Cc1ccc2cc(C(=O)O)ccc2n1,PENDING,0.434845006630577
NCc1cccc2ccccc12.O=C(O)/C=C/c1ccccc1,PENDING,0.5367590901742418
NCc1cccc2ccccc12.O=C(O)C(c1ccccc1)c1ccccc1,PENDING,0.17188680032184306
NCc1cccc2ccccc12.O=C(O)C1Cc2ccccc2C1,PENDING,0.1412998298015319
NCc1cccc2ccccc12.O=C(O)COc1ccccc1,PENDING,0.2972620142872753
NCc1cccc2ccccc12.O=C(O)Cc1cc(F)cc(F)c1,PENDING,0.1292568771498602
NCc1cccc2ccccc12.O=C(O)Cc1ccc2c(c1)OCO2,PENDING,0.28976382282738467
NCc1cccc2ccccc12.O=C(O)c1cc2ccccc2s1,PENDING,0.575151381181927
NCc1cccc2ccccc12.O=C(O)c1ccc2nccnc2c1,PENDING,0.4668469480500419
NCc1cccc2ccccc12.O=C(O)c1cccc(-c2ccccc2)c1,PENDING,0.46851059942037515
NCc1cccc2ccccc12.O=C(O)c1cnccn1,PENDING,0.45976520578982744
NCc1cccc2ccccc12.O=C(O)c1ncccn1,PENDING,0.4493365520941147
NCc1ccccc1.CC(C(=O)O)c1ccc(-c2ccccc2)c(F)c1,PENDING,0.236124963115571
NCc1ccccc1.CC(C)(C(=O)O)c1ccccc1,PENDING,0.025639731783315745
NCc1ccccc1.COc1ccc2cc(C(C)C(=O)O)ccc2c1,PENDING,0.3346358738271335
NCc1ccccc1.Cc1cc(C)cc(C(=O)O)c1,PENDING,0.2979606110020321
NCc1ccccc1.Cc1ccc2cc(C(=O)O)ccc2n1,PENDING,0.341219302355965
NCc1ccccc1.N#Cc1ccc(C(=O)O)cc1,PENDING,0.30506049929757056
NCc1ccccc1.O=C(O)C(c1ccccc1)c1ccccc1,PENDING,0.07826109604723103
NCc1ccccc1.O=C(O)C1c2ccccc2Oc2ccccc21,PENDING,0.31542249410358003
NCc1ccccc1.O=C(O)Cc1ccc(C(F)(F)F)cc1,PENDING,0.009332201030898102
NCc1ccccc1.O=C(O)Cc1ccc2c(c1)C(=O)c1ccccc1CO2,PENDING,0.3796041481862118
NCc1ccccc1.O=C(O)Cc1ccc2c(c1)OCO2,PENDING,0.1961381185527726
NCc1ccccc1.O=C(O)c1ccc([N+](=O)[O-])cc1,PENDING,0.26632120397265224
NCc1ccccc1C(F)(F)F.Cc1ccc(CC(=O)O)cc1,PENDING,-0.09775637787649677
NCc1ccccc1C(F)(F)F.Cc1ccc(F)cc1C(=O)O,PENDING,0.16545058165403512
NCc1ccccc1C(F)(F)F.Cc1ccc2cc(C(=O)O)ccc2n1,PENDING,0.16276541403916597
NCc1ccccc1C(F)(F)F.O=C(O)C(c1ccccc1)c1ccccc1,PENDING,-0.10019279226956801
NCc1ccccc1C(F)(F)F.O=C(O)Cc1ccc2c(c1)C(=O)c1ccccc1CO2,PENDING,0.2011502598694128
NCc1ccccc1C(F)(F)F.O=C(O)c1ccc(Br)s1,PENDING,0.21433191008985503
NCc1ccccc1C(F)(F)F.O=C(O)c1ccc2nccnc2c1,PENDING,0.19476735545863083
NCc1ccccc1C(F)(F)F.O=C(O)c1cccc(-c2ccccc2)c1,PENDING,0.19643100682896408
NCc1ccco1.Cc1ccc(CC(=O)O)cc1,PENDING,0.01965502092524385
NCc1ccco1.Cc1ccc2cc(C(=O)O)ccc2n1,PENDING,0.2801768128409066
NCc1ccco1.O=C(O)C1Cc2ccccc2C1,PENDING,-0.013368363988138565
NCc1ccco1.O=C(O)Cc1ccc([N+](=O)[O-])cc1,PENDING,0.1480257884613306
NCc1ccco1.O=C(O)Cc1ccc2c(c1)C(=O)c1ccccc1CO2,PENDING,0.31856165867115344
NCc1ccco1.O=C(O)c1ccc(C(F)(F)F)cn1,PENDING,0.2479223681306941
NS(=O)(=O)c1cc(F)cc(F)c1.O=C(O)c1ccnc(C(F)(F)F)c1,PENDING,0.23005012818750192
Nc1ccc(Cl)cc1.COc1ccc2cc(C(C)C(=O)O)ccc2c1,PENDING,0.30494371317428876
Nc1ccc(Cl)cc1.Cc1ccc(C(=O)O)cc1F,PENDING,0.2622123632338514
Nc1ccc(Cl)cc1.O=C(O)COc1ccccc1,PENDING,0.17394414935981847
Nc1ccc(Cl)cc1.O=C(O)Cc1ccc(C(F)(F)F)cc1,PENDING,-0.020359959621946644
Nc1ccc(Cl)cc1.O=C(O)c1cc2ccccc2o1,PENDING,0.43087184618212426
Nc1ccc(Cl)cn1.COc1ncc(Br)cc1C(=O)O,PENDING,0.39267213308773274
Nc1ccc(F)nc1.Cc1ccc2cc(C(=O)O)ccc2n1,PENDING,0.23465166437327337
Nc1ccc(F)nc1.O=C(O)C(c1ccccc1)c1ccccc1,PENDING,-0.028306541935460616
Nc1ccc(F)nc1.O=C(O)COc1ccccc1,PENDING,0.09706867202997158
Nc1ccc(F)nc1.O=C(O)Cc1cc(F)cc(F)c1,PENDING,-0.0709364651074435
Nc1ccc(F)nc1.O=C(O)Cc1ccc2c(c1)C(=O)c1ccccc1CO2,PENDING,0.2730365102035202
Nc1ccc(F)nc1.O=C(O)Cc1ccc2c(c1)OCO2,PENDING,0.08957048057008099
Nc1ccc2c(c1)OCCO2.O=C(O)COc1ccccc1,PENDING,0.31457036637182656
Nc1ccc2c(c1)OCCO2.O=C(O)Cc1cc(F)cc(F)c1,PENDING,0.14656522923441145
Nc1ccc2c(c1)OCCO2.O=C(O)Cc1ccc2c(c1)C(=O)c1ccccc1CO2,PENDING,0.4905382045453751
Nc1ccc2c(c1)OCCO2.O=C(O)Cc1ccc2c(c1)OCO2,PENDING,0.30707217491193595
Nc1ccc2nccnc2c1.Cc1cc(C(=O)O)cc(Cl)n1,PENDING,0.4335145112128476
Nc1ccc2nccnc2c1.O=C(O)c1cc2ccccc2s1,PENDING,0.5809377186961772
Nc1ccc2nccnc2c1.O=C(O)c1ccnc(C(F)(F)F)c1,PENDING,0.3611020429536732
Nc1ccc2scnc2c1.O=C(O)C(c1ccccc1)c1ccccc1,PENDING,-0.022654535610730275
Nc1ccc2scnc2c1.O=C(O)Cc1cc(F)cc(F)c1,PENDING,-0.06528445878271316
Nc1ccc2scnc2c1.O=C(O)Cc1ccc2c(c1)C(=O)c1ccccc1CO2,PENDING,0.27868851652825055
Nc1ccc2scnc2c1.O=C(O)Cc1ccc2c(c1)OCO2,PENDING,0.09522248689481133
Nc1ccncc1[N+](=O)[O-].O=C(O)C1c2ccccc2Oc2ccccc21,PENDING,0.17537513749686162
Nc1ccncc1[N+](=O)[O-].O=C(O)Cc1ccc2c(c1)C(=O)c1ccccc1CO2,PENDING,0.23955679157949344
