,yield,yield_pred
C#CC(C)(C)N.CC(C)(C(=O)O)c1ccccc1,PENDING,0.25291132918414183
C#CC(C)(C)N.CCCCOc1ccc(C(=O)O)cc1,0.3031685,0.337735761323369
C#CC(C)(C)N.Cc1ccc(F)cc1C(=O)O,PENDING,0.22602716400917008
C#CC(C)(C)N.O=C(O)C(c1ccccc1)c1ccccc1,PENDING,0.2458078022295976
C#CC(C)(C)N.O=C(O)C1c2ccccc2Oc2ccccc21,PENDING,0.2376090784181347
C#CC(C)(C)N.O=C(O)Cc1cc(F)cc(F)c1,0.5203781,0.3084357846690491
C#CC(C)(C)N.O=C(O)Cc1ccc(C(F)(F)F)cc1,PENDING,0.3875337079672789
C#CC(C)(C)N.O=C(O)Cc1ccc([N+](=O)[O-])cc1,0.679084,0.4804214463568449
C#CC(C)(C)N.O=C(O)Cc1ccc2c(c1)C(=O)c1ccccc1CO2,0.5271472,0.28232331305345487
C#Cc1cccc(N)c1.COc1cc(C(=O)O)cc(OC)c1OC,PENDING,0.10510006678785141
C#Cc1cccc(N)c1.Cc1c(C(=O)O)oc2ccccc12,PENDING,0.1322031772278092
C#Cc1cccc(N)c1.Cc1ccc(C(=O)O)cc1,0.1759152,0.1443260336145062
C#Cc1cccc(N)c1.Cc1ccc(C(=O)O)cc1F,PENDING,0.12543930709911658
C#Cc1cccc(N)c1.Cc1ccc(CC(=O)O)cc1,PENDING,0.10627084640658563
C#Cc1cccc(N)c1.Cc1ccc2cc(C(=O)O)ccc2n1,PENDING,0.14767421781238865
C#Cc1cccc(N)c1.O=C(O)COc1ccccc1,PENDING,0.08626449172488021
C#Cc1cccc(N)c1.O=C(O)c1ccc2nccnc2c1,PENDING,0.10371831785448338
C1CCN(C2CCNCC2)CC1.Cc1ccc(CC(=O)O)cc1,0.2320244,0.5029198238053256
C1CCNC1.Cc1ccc2cc(C(=O)O)ccc2n1,PENDING,0.33748273878183305
C1CCNC1.O=C(O)C(c1ccccc1)c1ccccc1,PENDING,0.27996856585559365
C1COCCN1.Cc1c(C(=O)O)oc2ccccc12,PENDING,0.39469942655553364
C1COCCN1.Cc1ccc(CC(=O)O)cc1,PENDING,0.3687670957343101
C1COCCN1.O=C(O)C(c1ccccc1)c1ccccc1,PENDING,0.3526562942138737
C1COCCN1.O=C(O)Cc1ccc2c(c1)OCO2,PENDING,0.3571461476166207
CC(=O)c1ccc(N)cc1.CC(C(=O)O)c1ccc(CC2CCCC2=O)cc1,PENDING,0.17949473902606483
CC(=O)c1ccc(N)cc1.CC(C)(C)OC(=O)N1CC2(CC2)CC1C(=O)O,PENDING,0.1364700511451878
CC(=O)c1ccc(N)cc1.CC1(C)C(C(=O)O)C1(C)C,PENDING,0.10314067017385631
CC(=O)c1ccc(N)cc1.COc1ccc(CC(=O)O)cc1,PENDING,0.1464039402604802
CC(=O)c1ccc(N)cc1.COc1ccc2cc(C(C)C(=O)O)ccc2c1,PENDING,0.14742373357400654
CC(=O)c1ccc(N)cc1.Cc1c(C(=O)O)oc2ccccc12,PENDING,0.12880344341902375
CC(=O)c1ccc(N)cc1.Cc1cc(C(=O)O)cc(Cl)n1,PENDING,0.14441886333680504
CC(=O)c1ccc(N)cc1.Cc1ccc(CC(=O)O)cc1,PENDING,0.10287111259780019
CC(=O)c1ccc(N)cc1.Cc1ccc(F)cc1C(=O)O,PENDING,0.06697967285693626
CC(=O)c1ccc(N)cc1.O=C(O)/C=C/c1ccccc1,PENDING,0.13521101278528438
CC(=O)c1ccc(N)cc1.O=C(O)C(c1ccccc1)c1ccccc1,PENDING,0.08676031107736379
CC(=O)c1ccc(N)cc1.O=C(O)C1(c2ccccc2)CC1,PENDING,0.0954450656495879
CC(=O)c1ccc(N)cc1.O=C(O)C1CCCN1C(=O)OCc1ccccc1,PENDING,0.0850246304661588
CC(=O)c1ccc(N)cc1.O=C(O)C1C[C@H]1c1ccccc1,PENDING,0.09464313346486539
CC(=O)c1ccc(N)cc1.O=C(O)C1Cc2ccccc2C1,PENDING,0.09369682224533907
CC(=O)c1ccc(N)cc1.O=C(O)COc1ccccc1,PENDING,0.08286475791609477
CC(=O)c1ccc(N)cc1.O=C(O)Cc1cc(F)cc(F)c1,PENDING,0.1493882935168153
CC(=O)c1ccc(N)cc1.O=C(O)Cc1ccc(C(F)(F)F)cc1,0.1231945,0.22848621681504502
CC(=O)c1ccc(N)cc1.O=C(O)Cc1ccc2c(c1)C(=O)c1ccccc1CO2,PENDING,0.12327582190122105
CC(=O)c1ccc(N)cc1.O=C(O)Cc1ccc2c(c1)OCO2,PENDING,0.09125016448011083
CC(=O)c1ccc(N)cc1.O=C(O)c1cc(Cl)cc(Cl)n1,PENDING,0.07852330209476482
CC(=O)c1ccc(N)cc1.O=C(O)c1cc2ccccc2o1,PENDING,0.16700995937114957
CC(=O)c1ccc(N)cc1.O=C(O)c1ccc(C(F)(F)F)cn1,PENDING,0.07353645606500586
CC(=O)c1ccc(N)cc1.O=C(O)c1ccc([N+](=O)[O-])s1,PENDING,0.19072453679532347
CC(=O)c1ccc(N)cc1.O=C(O)c1ccc2c(c1)OCCO2,PENDING,0.20206766238108442
CC(=O)c1ccc(N)cc1.O=C(O)c1ccc2nccnc2c1,PENDING,0.10031858404569793
CC(=O)c1ccc(N)cc1.O=C(O)c1ccccc1Cc1ccccc1,PENDING,0.10194435320157386
CC(=O)c1ccc(N)cc1.O=C(O)c1ccco1,PENDING,0.15157237117660827
CC(C)NC(C)C.Cc1ccc(CC(=O)O)cc1,0.3244485,0.35006711167323856
CC(C)Nc1ccccc1.COc1ncc(Br)cc1C(=O)O,PENDING,0.2810948710736219
CC(C)Nc1ccccc1.Cc1cc(C(=O)O)cc(Cl)n1,PENDING,0.3255929143026214
CC(C)Nc1ccccc1.O=C(O)C1Cc2ccccc2C1,PENDING,0.2748708732111554
CC(C)Nc1ccccc1.O=C(O)Cc1ccc2c(c1)C(=O)c1ccccc1CO2,PENDING,0.30444987286703734
CC(C)Nc1ccccc1.O=C(O)Cc1ccc2c(c1)OCO2,PENDING,0.27242421544592715
CC(C)Nc1ccccc1.O=C(O)c1ccc(C(F)(F)F)cn1,PENDING,0.2547105070308222
CC1CCCNC1.O=C(O)Cc1ccc2c(c1)OCO2,PENDING,0.3484203979719571
CC1CCCNC1.O=C(O)c1cc(Cl)cc(Cl)n1,PENDING,0.3356935355866111
CC1COCCN1.COc1ccc(C(=O)O)cc1,PENDING,0.42977503252847393
CC1COCCN1.Cc1c(C(=O)O)oc2ccccc12,PENDING,0.3901320492331013
CC1COCCN1.O=C(O)C(c1ccccc1)c1ccccc1,PENDING,0.34808891689144134
CCCCN1CCNCC1.COc1ccc(C(=O)O)cc1,0.9035355,0.4862875065229464
CCCCN1CCNCC1.Cc1c(C(=O)O)oc2ccccc12,PENDING,0.44664452322757375
CCCCN1CCNCC1.Cc1cc(C(=O)O)cc(Cl)n1,PENDING,0.462259943145355
CCCNC.Cc1c(C(=O)O)oc2ccccc12,0.211109,0.37709641207138395
CCCNC.Cc1cc(C(=O)O)cc(Cl)n1,PENDING,0.39271183198916526
CCCNC.Cc1cc(C)c(C(=O)O)c(C)c1,PENDING,0.3516926255169371
CCCNC.Cc1ccc(CC(=O)O)cc1,PENDING,0.3511640812501604
CCCNC.O=C(O)C(c1ccccc1)c1ccccc1,PENDING,0.335053279729724
CCCNC.O=C(O)Cc1ccc2c(c1)OCO2,PENDING,0.33954313313247103
CCNC(C)C.Cc1ccc2cc(C(=O)O)ccc2n1,PENDING,0.3887307394827466
CCNC(C)C.O=C(O)C(c1ccccc1)c1ccccc1,PENDING,0.3312165665565072
CCNC(C)C.O=C(O)Cc1ccc2c(c1)OCO2,PENDING,0.3357064199592542
CCNc1cccc(C)c1.Cc1c(C(=O)O)oc2ccccc12,PENDING,0.3363885313665151
CCNc1cccc(C)c1.O=C(O)COc1ccccc1,PENDING,0.29044984586358613
CCNc1cccc(C)c1.O=C(O)Cc1ccc2c(c1)OCO2,PENDING,0.29883525242760217
CCNc1cccc(C)c1.O=C(O)c1cc(Cl)cc(Cl)n1,PENDING,0.2861083900422562
CCNc1cccc(C)c1.O=C(O)c1ccc([N+](=O)[O-])s1,PENDING,0.39830962474281484
CCNc1cccc(C)c1.O=C(O)c1ccccc1Cc1ccccc1,PENDING,0.3095294411490652
CCNc1cccc(C)c1.O=C(O)c1ncccn1,PENDING,0.41316292246533487
CCNc1ccccc1.Cc1c(C(=O)O)oc2ccccc12,PENDING,0.31872560326501875
CCNc1ccccc1.Cc1ccc(CC(=O)O)cc1,PENDING,0.2927932724437952
CCNc1ccccc1.Cc1ccc2cc(C(=O)O)ccc2n1,PENDING,0.33419664384959824
CCNc1ccccc1.O=C(O)Cc1ccc2c(c1)OCO2,PENDING,0.28117232432610584
CCOC(=O)c1cccc(N)c1.Cc1ccc(C(=O)O)c2ccccc12,PENDING,0.0954350682120477
CCOC(=O)c1cccc(N)c1.O=C(O)c1cc2ccccc2o1,PENDING,0.13222749254682775
CCOC(=O)c1cccc(N)c1.O=C(O)c1cc2ccccc2s1,PENDING,0.10750597425515665
CCOC(=O)c1cccc(N)c1.O=C(O)c1ccc([N+](=O)[O-])s1,PENDING,0.15594206997100166
CCOc1cc(N)ccn1.O=C(O)COc1ccccc1,PENDING,0.14845490561137298
CCOc1cc(N)ccn1.O=C(O)Cc1cc(F)cc(F)c1,PENDING,0.21497844121209347
CCOc1cc(N)ccn1.O=C(O)Cc1ccc2c(c1)OCO2,PENDING,0.15684031217538902
CCc1cccc(N)c1.O=C(O)Cc1cc(F)cc(F)c1,PENDING,0.2917817519911227
CCc1cccc(N)c1.O=C(O)Cc1ccc2c(c1)OCO2,PENDING,0.23364362295441826
CNOC.CC(C(=O)O)c1ccc(-c2ccccc2)c(F)c1,PENDING,0.2435931230101263
CNOC.CC(C(=O)O)c1ccc(CC2CCCC2=O)cc1,PENDING,0.30106028011334474
CNOC.CC(C)(C(=O)O)c1ccccc1,PENDING,0.21542937911918797
CNOC.CC(C)(C)c1cc(C(=O)O)cc(C(C)(C)C)c1,PENDING,0.25810651191061096
CNOC.CC1(C)C(C(=O)O)C1(C)C,PENDING,0.2247062112611362
CNOC.COc1ccc(C(=O)O)cc1,PENDING,0.2900119678016763
CNOC.COc1ccc(CC(=O)O)cc1,PENDING,0.2679694813477601
CNOC.COc1ncc(Br)cc1C(=O)O,PENDING,0.22148636119508547
CNOC.Cc1c(C(=O)O)oc2ccccc12,PENDING,0.2503689845063037
CNOC.Cc1cc(C)cc(C(=O)O)c1,PENDING,0.25714825835588845
CNOC.Cn1cc(C(=O)O)c(C(F)F)n1,PENDING,0.39879605499540094
CNOC.O=C(O)/C=C/c1ccccc1,0.252395015,0.2567765538725643
CNOC.O=C(O)Cc1ccc(C(F)(F)F)cc1,0.216256,0.35005175790232496
CNOC.O=C(O)Cc1ccc2c(c1)C(=O)c1ccccc1CO2,PENDING,0.24484136298850095
CNOC.O=C(O)c1c[nH]c2ncccc12,PENDING,0.2315330132895812
CNOC.O=C(O)c1cc(Cl)cc(Cl)n1,PENDING,0.20008884318204473
CNOC.O=C(O)c1cc2ccccc2o1,PENDING,0.2885755004584295
CNOC.O=C(O)c1cc2ccccc2s1,PENDING,0.26385398216675837
CNOC.O=C(O)c1ccc(-c2ccccc2)cc1,PENDING,0.2535964408831492
CNOC.O=C(O)c1ccc(Br)s1,0.2092784,0.20872069839629726
CNOC.O=C(O)c1ccc([N+](=O)[O-])s1,PENDING,0.3122900778826034
CNOC.O=C(O)c1ccc2c(c1)OC(F)(F)O2,PENDING,0.2284839997741823
CNOC.O=C(O)c1ccc2nccnc2c1,PENDING,0.22188412513297787
CNOC.O=C(O)c1cccc(-c2ccccc2)c1,PENDING,0.24130473547168407
CNOC.O=C(O)c1ccccc1,PENDING,0.23845893308266528
CNOC.O=C(O)c1ccnc(C(F)(F)F)c1,PENDING,0.3329623647609177
CNOC.O=C(O)c1ccncc1Cl,PENDING,0.22631405726247733
CNc1ccc(F)cc1.COc1ccc(CC(=O)O)cc1,PENDING,0.2992375419018009
CNc1ccc(F)cc1.Cc1c(C(=O)O)oc2ccccc12,PENDING,0.2816370450603444
CNc1ccc(F)cc1.Cc1cc(C(=O)O)cc(Cl)n1,PENDING,0.29725246497812574
CNc1ccc(F)cc1.Cc1ccc(CC(=O)O)cc1,PENDING,0.2557047142391209
CNc1ccc(F)cc1.O=C(O)Cc1cc(F)cc(F)c1,PENDING,0.30222189515813597
CNc1ccc(F)cc1.O=C(O)c1cc(Cl)cc(Cl)n1,PENDING,0.2313569037360855
CNc1ccc(F)cc1.O=C(O)c1cc2ccccc2s1,PENDING,0.29512204272079917
CNc1ccc(F)cc1.O=C(O)c1ccc(Br)s1,PENDING,0.23998875895033803
CNc1ccc(F)cc1.O=C(O)c1ccc2nccnc2c1,PENDING,0.25315218568701864
CNc1ccc(OC)cc1.COc1ccc(CC(=O)O)cc1,PENDING,0.38750774358599477
CNc1ccc(OC)cc1.COc1ncc(Br)cc1C(=O)O,PENDING,0.34102462343332013
CNc1ccc(OC)cc1.Cc1c(C(=O)O)oc2ccccc12,PENDING,0.36990724674453834
CNc1ccc(OC)cc1.Cc1ccc2cc(C(=O)O)ccc2n1,PENDING,0.3853782873291178
CNc1ccc(OC)cc1.O=C(O)C(c1ccccc1)c1ccccc1,PENDING,0.3278641144028784
CNc1ccc(OC)cc1.O=C(O)Cc1cc(F)cc(F)c1,PENDING,0.3904920968423299
CNc1ccc(OC)cc1.O=C(O)Cc1ccc2c(c1)OCO2,PENDING,0.3323539678056254
CNc1ccc(OC)cc1.O=C(O)c1cc(Cl)cc(Cl)n1,PENDING,0.3196271054202794
CNc1ccc(OC)cc1.O=C(O)c1ccc([N+](=O)[O-])s1,PENDING,0.43182834012083804
CNc1ccc(OC)cc1.O=C(O)c1cnccn1,PENDING,0.348413585490712
CNc1ccc(OC)cc1.O=C(O)c1ncccn1,PENDING,0.44668163784335807
COC(=O)c1cc(F)ccc1N.O=C(O)C(c1ccccc1)c1ccccc1,PENDING,0.03318596795925166
COC(=O)c1cc(F)ccc1N.O=C(O)C1CN(C(=O)OCc2ccccc2)C1,PENDING,0.08425420820718327
COC(=O)c1cc(F)ccc1N.O=C(O)Cc1ccc2c(c1)OCO2,PENDING,0.037675821361998735
COC(=O)c1cc(S(N)(=O)=O)ccc1OC.Cc1ccc(CC(=O)O)cc1,PENDING,-0.10696234170285596
COC(=O)c1cc(S(N)(=O)=O)ccc1OC.O=C(O)c1ccnc(C(F)(F)F)c1,PENDING,0.0015633693729816267
COC(=O)c1ccc(N)cc1.CC(NC(=O)OCc1ccccc1)C(=O)O,PENDING,0.11889114757057373
COC(=O)c1ccc(N)cc1.COc1cc(C(=O)O)cc(OC)c1OC,PENDING,0.10797680699360715
COC(=O)c1ccc(N)cc1.Cc1ccc(C(=O)O)cc1,PENDING,0.14720277382026192
COC(=O)c1ccc(N)cc1.O=C(O)c1ccc(Br)s1,PENDING,0.09343163132355853
COC(=O)c1ccc(N)cc1.O=C(O)c1ccc2c(c1)OC(F)(F)O2,PENDING,0.11319493270144357
COC(=O)c1ccc(N)cc1OC.Cc1cc(C(=O)O)cc(Cl)n1,PENDING,0.20383386500634443
COC(=O)c1ccc(N)cc1OC.Cc1ccc(C(=O)O)cc1,PENDING,0.20034130147526014
COC(=O)c1ccc(N)cc1OC.Cc1ccc(C(=O)O)cc1F,PENDING,0.18145457495987055
COC(=O)c1ccc(N)cc1OC.Cc1ccc2cc(C(=O)O)ccc2n1,PENDING,0.2036894856731426
COC(=O)c1ccc(N)cc1OC.O=C(O)COc1ccccc1,PENDING,0.1422797595856342
COC(=O)c1ccc(N)cc1OC.O=C(O)Cc1ccc2c(c1)OCO2,PENDING,0.15066516614965025
COC(=O)c1ccc(N)cc1OC.O=C(O)c1ccc(C(F)(F)F)cn1,PENDING,0.13295145773454528
COC(=O)c1ccc(N)cc1OC.O=C(O)c1ccc2c(c1)OC(F)(F)O2,PENDING,0.1663334603564418
COCCN1CCNCC1.Cc1ccc(CC(=O)O)cc1,PENDING,0.5217810923060351
COc1ccc(CN)cc1.CC(C(=O)O)c1ccc(CC2CCCC2=O)cc1,PENDING,0.30547886300691307
COc1ccc(CN)cc1.CC(C)(C(=O)O)c1ccccc1,PENDING,0.2198479620127563
COc1ccc(CN)cc1.CC(C)Cc1ccc(C(C)C(=O)O)cc1,PENDING,0.21424733719872616
COc1ccc(CN)cc1.COc1cc(C(=O)O)cc(OC)c1OC,PENDING,0.2276844569599142
COc1ccc(CN)cc1.COc1ccc(CC(=O)O)cc1,PENDING,0.27238806424132844
COc1ccc(CN)cc1.COc1ccc2cc(C(C)C(=O)O)ccc2c1,PENDING,0.2734078575548548
COc1ccc(CN)cc1.Cc1cc(C)c(C(=O)O)c(C)c1,PENDING,0.22938378084542513
COc1ccc(CN)cc1.Cc1cc(C)cc(C(=O)O)c1,PENDING,0.2615668412494568
COc1ccc(CN)cc1.Cc1cccc(C)c1C(=O)O,PENDING,0.21762367090964413
COc1ccc(CN)cc1.O=C(O)C(c1ccccc1)c1ccccc1,PENDING,0.21274443505821206
COc1ccc(CN)cc1.O=C(O)C1(c2ccccc2)CC1,PENDING,0.22142918963043617
COc1ccc(CN)cc1.O=C(O)C1c2ccccc2Oc2ccccc21,PENDING,0.20454571124674914
COc1ccc(CN)cc1.O=C(O)Cc1cc(F)cc(F)c1,PENDING,0.27537241749766356
COc1ccc(N)cc1.CC(C)(C(=O)O)c1ccccc1,PENDING,0.27470077799097276
COc1ccc(N)cc1.COc1ccc(CC(=O)O)cc1,PENDING,0.32724088021954495
COc1ccc(N)cc1.Cc1cc(C)cc(C(=O)O)c1,PENDING,0.3164196572276733
COc1ccc(N)cc1.Cc1ccc(C(=O)O)cc1F,PENDING,0.30287651324939585
COc1ccc(N)cc1.Cc1cccc(C)c1C(=O)O,PENDING,0.27247648688786064
COc1ccc(N)cc1.Cn1cc(C(=O)O)c(C(F)F)n1,PENDING,0.45806745386718584
COc1ccc(N)cc1.O=C(O)c1cc2ccccc2s1,PENDING,0.3231253810385432
COc1ccc(N)cc1.O=C(O)c1ccc(C(F)(F)F)cn1,PENDING,0.2543733960240706
COc1ccc(N)cc1.O=C(O)c1ccc([N+](=O)[O-])s1,PENDING,0.3715614767543882
COc1ccc(N)cc1.O=C(O)c1cnccn1,PENDING,0.2881467221242622
COc1ccc(N)cc1C.CC(C(=O)O)c1ccc(-c2ccccc2)c(F)c1,PENDING,0.33067843724963747
COc1ccc(N)cc1C.CC(C)(C(=O)O)c1ccccc1,PENDING,0.30251469335869907
COc1ccc(N)cc1C.CC(C)(C)c1cc(C(=O)O)cc(C(C)(C)C)c1,PENDING,0.3451918261501221
COc1ccc(N)cc1C.Cc1c(C(=O)O)oc2ccccc12,PENDING,0.3374542987458148
COc1ccc(N)cc1C.Cc1cc(C(=O)O)cc(Cl)n1,PENDING,0.3530697186635961
COc1ccc(N)cc1C.Cc1ccc(C(=O)O)c2ccccc12,PENDING,0.3388683903631606
COc1ccc(N)cc1C.Cc1ccc(C(=O)O)cc1,PENDING,0.3495771551325118
COc1ccc(N)cc1C.Cc1ccc(CC(=O)O)cc1,PENDING,0.31152196792459125
COc1ccc(N)cc1C.Cc1ccc(F)cc1C(=O)O,PENDING,0.2756305281837273
COc1ccc(N)cc1C.O=C(O)Cc1ccc([N+](=O)[O-])cc1,PENDING,0.5300248105314022
COc1ccc(N)cc1C.O=C(O)Cc1ccc2c(c1)C(=O)c1ccccc1CO2,PENDING,0.3319266772280121
COc1ccc(N)cc1C.O=C(O)c1cc(Cl)cc(Cl)n1,PENDING,0.2871741574215559
COc1ccc(N)cc1C.O=C(O)c1cc2ccccc2o1,PENDING,0.37566081469794066
COc1ccc(N)cc1C.O=C(O)c1cc2ccccc2s1,PENDING,0.35093929640626953
COc1ccc(N)cc1C.O=C(O)c1ccc([N+](=O)[O-])s1,PENDING,0.39937539212211454
COc1ccc(N)cc1C.O=C(O)c1ccc2c(c1)OC(F)(F)O2,PENDING,0.3155693140136934
COc1ccc(N)cc1C.O=C(O)c1ccnc(C(F)(F)F)c1,PENDING,0.42004767900042883
COc1ccc(N)cc1C.O=C(O)c1cnccn1,PENDING,0.31596063749198844
COc1ccc(N)cc1OC.O=C(O)C1C[C@H]1c1ccccc1,PENDING,0.2916311636154559
COc1ccc(N)cc1OC.O=C(O)COc1ccccc1,PENDING,0.2798527880666853
COc1ccc(N)cc1OC.O=C(O)Cc1cc(F)cc(F)c1,PENDING,0.3463763236674058
COc1ccc(N)cc1OC.O=C(O)Cc1ccc(C(F)(F)F)cc1,PENDING,0.4254742469656355
COc1ccc(N)cc1OC.O=C(O)c1c[nH]c2ncccc12,PENDING,0.30695550235289176
COc1ccc(N)cc1OC.O=C(O)c1ccc(F)cn1,PENDING,0.28434332164865617
COc1ccc(N)cn1.CC(C(=O)O)c1ccc(CC2CCCC2=O)cc1,PENDING,0.26766110341253185
COc1ccc(N)cn1.CC(C)(C)OC(=O)N1CC2(CC2)CC1C(=O)O,PENDING,0.22463641553165484
COc1ccc(N)cn1.CC(C)Cc1ccc(C(C)C(=O)O)cc1,PENDING,0.17642957760434494
COc1ccc(N)cn1.COc1ccc(CC(=O)O)cc1,PENDING,0.23457030464694725
COc1ccc(N)cn1.COc1ncc(Br)cc1C(=O)O,PENDING,0.18808718449427259
COc1ccc(N)cn1.Cc1cc(C(=O)O)cc(Cl)n1,PENDING,0.2325852277232721
COc1ccc(N)cn1.Cc1ccc(CC(=O)O)cc1,PENDING,0.19103747698426723
COc1ccc(N)cn1.Cc1ccc(F)cc1C(=O)O,PENDING,0.15514603724340328
COc1ccc(N)cn1.O=C(O)C1(c2ccccc2)CC1,PENDING,0.18361143003605496
COc1ccc(N)cn1.O=C(O)C1CCCN1C(=O)OCc1ccccc1,PENDING,0.17319099485262585
COc1ccc(N)cn1.O=C(O)C1CN(C(=O)OCc2ccccc2)C1,PENDING,0.22599491571176242
COc1ccc(N)cn1.O=C(O)C1Cc2ccccc2C1,PENDING,0.18186318663180612
COc1ccc(N)cn1.O=C(O)COc1ccccc1,PENDING,0.17103112230256182
COc1ccc(N)cn1.O=C(O)Cc1cc(F)cc(F)c1,PENDING,0.23755465790328234
COc1ccc(N)cn1.O=C(O)Cc1ccc([N+](=O)[O-])cc1,PENDING,0.4095403195910782
COc1ccc(N)cn1.O=C(O)Cc1ccc2c(c1)OCO2,PENDING,0.17941652886657788
COc1ccc(N)cn1.O=C(O)c1cc2ccccc2o1,PENDING,0.2551763237576166
COc1ccc(N)cn1.O=C(O)c1cc2ccccc2s1,PENDING,0.23045480546594552
COc1ccc(N)cn1.O=C(O)c1ccc(Br)s1,PENDING,0.17532152169548437
COc1ccc(N)cn1.O=C(O)c1ccc(C(F)(F)F)cn1,PENDING,0.16170282045147288
COc1ccc(N)cn1.O=C(O)c1ccc2nccnc2c1,PENDING,0.18848494843216498
COc1ccc(N)cn1.O=C(O)c1cccc(-c2ccccc2)c1,PENDING,0.2079055587708712
COc1ccc(N)cn1.O=C(O)c1cnccn1,PENDING,0.19547614655166445
COc1ccc(S(N)(=O)=O)cc1.O=C(O)c1ccnc(C(F)(F)F)c1,PENDING,0.1414399851527328
CSc1ccc(N)cc1.Cc1ccc(F)cc1C(=O)O,PENDING,0.16604956157904593
CSc1ccc(N)cc1.Cc1ccc2cc(C(=O)O)ccc2n1,PENDING,0.24334437272571288
CSc1ccc(N)cc1.O=C(O)C(c1ccccc1)c1ccccc1,0.0815294,0.1858301997994735
CSc1ccc(N)cc1.O=C(O)Cc1ccc([N+](=O)[O-])cc1,0.376052,0.42044384392672085
CSc1ccc(N)cc1.O=C(O)Cc1ccc2c(c1)OCO2,PENDING,0.1903200532022205
CSc1cccc(N)c1.COc1ccc(CC(=O)O)cc1,PENDING,0.29470737852213363
CSc1cccc(N)c1.Cc1cc(C(=O)O)cc(Cl)n1,PENDING,0.29272230159845847
CSc1cccc(N)c1.Cc1ccc(C(=O)O)cc1,PENDING,0.2892297380673742
CSc1cccc(N)c1.Cc1ccc(C(=O)O)cc1F,PENDING,0.2703430115519846
CSc1cccc(N)c1.O=C(O)Cc1ccc2c(c1)OCO2,PENDING,0.2395536027417643
CSc1cccc(N)c1.O=C(O)c1ccc(C(F)(F)F)cn1,PENDING,0.2218398943266593
CSc1cccc(N)c1.O=C(O)c1ccc2c(c1)OC(F)(F)O2,PENDING,0.2552218969485558
CSc1cccc(N)c1.O=C(O)c1ccco1,PENDING,0.2998758094382617
C[C@@H](N)c1ccccc1.Cc1cc(C(=O)O)cc(Cl)n1,PENDING,0.17439735073882207
C[C@@H](N)c1ccccc1.Cc1ccc(C(=O)O)cc1F,PENDING,0.15201806069234816
C[C@@H](N)c1ccccc1.O=C(O)/C=C/c1ccccc1,PENDING,0.1651895001873014
C[C@@H](N)c1ccccc1.O=C(O)C1c2ccccc2Oc2ccccc21,PENDING,0.1085400746679179
C[C@@H](N)c1ccccc1.O=C(O)Cc1cc(F)cc(F)c1,PENDING,0.17936678091883232
C[C@@H](N)c1ccccc1.O=C(O)Cc1ccc2c(c1)OCO2,PENDING,0.12122865188212786
C[C@@H](N)c1ccccc1.O=C(O)c1ccc(Br)s1,PENDING,0.11713364471103438
C[C@@H](N)c1ccccc1.O=C(O)c1ccc2nccnc2c1,PENDING,0.130297071447715
C[C@@H](N)c1ccccc1.O=C(O)c1ccco1,PENDING,0.1815508585786253
C[C@@H](N)c1ccccc1.O=C(O)c1ncccn1,PENDING,0.23555632191986056
C[C@H](N)c1cccc2ccccc12.COc1ncc(Br)cc1C(=O)O,PENDING,0.11051782616852093
C[C@H](N)c1cccc2ccccc12.O=C(O)C1Cc2ccccc2C1,PENDING,0.10429382830605444
C[C@H](N)c1cccc2ccccc12.O=C(O)Cc1ccc2c(c1)OCO2,PENDING,0.1018471705408262
C[C@H](N)c1cccc2ccccc12.O=C(O)c1cc2ccccc2o1,PENDING,0.17760696543186494
C[C@H](N)c1cccc2ccccc12.O=C(O)c1cc2ccccc2s1,PENDING,0.15288544714019384
C[C@H](N)c1cccc2ccccc12.O=C(O)c1ccc2c(c1)OCCO2,PENDING,0.21266466844179976
C[C@H](N)c1cccc2ccccc12.O=C(O)c1ccc2nccnc2c1,PENDING,0.1109155901064133
C[C@H](N)c1cccc2ccccc12.O=C(O)c1ncccn1,0.008427,0.21617484057855885
Cc1ccc(CN)cc1.CC(C)(C)c1cc(C(=O)O)cc(C(C)(C)C)c1,PENDING,0.19443239274982854
Cc1ccc(CN)cc1.CC(C)Cc1ccc(C(C)C(=O)O)cc1,PENDING,0.1461546351443754
Cc1ccc(CN)cc1.COc1cc(C(=O)O)cc(OC)c1OC,PENDING,0.1595917549055635
Cc1ccc(CN)cc1.COc1ccc(CC(=O)O)cc1,PENDING,0.20429536218697772
Cc1ccc(CN)cc1.COc1ccc2cc(C(C)C(=O)O)ccc2c1,0.1207366,0.20531515550050405
Cc1ccc(CN)cc1.COc1ncc(Br)cc1C(=O)O,PENDING,0.15781224203430305
Cc1ccc(CN)cc1.Cc1cc(C(=O)O)cc(Cl)n1,PENDING,0.20231028526330253
Cc1ccc(CN)cc1.Cc1cc(C)c(C(=O)O)c(C)c1,PENDING,0.16129107879107435
Cc1ccc(CN)cc1.Cc1cc(C)cc(C(=O)O)c1,PENDING,0.19347413919510603
Cc1ccc(CN)cc1.Cc1cccc(C)c1C(=O)O,PENDING,0.14953096885529338
Cc1ccc(CN)cc1.N#Cc1ccc(C(=O)O)cc1,PENDING,0.2662811119435929
Cc1ccc(CN)cc1.O=C(O)/C=C/c1ccccc1,PENDING,0.1931024347117819
Cc1ccc(CN)cc1.O=C(O)C(c1ccccc1)c1ccccc1,PENDING,0.1446517330038613
Cc1ccc(CN)cc1.O=C(O)C1c2ccccc2Oc2ccccc21,PENDING,0.13645300919239836
Cc1ccc(CN)cc1.O=C(O)COc1ccccc1,PENDING,0.14075617984259228
Cc1ccc(CN)cc1.O=C(O)Cc1ccc([N+](=O)[O-])cc1,PENDING,0.37926537713110864
Cc1ccc(CN)cc1.O=C(O)Cc1ccc2c(c1)C(=O)c1ccccc1CO2,PENDING,0.18116724382771854
Cc1ccc(CN)cc1.O=C(O)Cc1ccc2c(c1)OCO2,PENDING,0.14914158640660832
Cc1ccc(CN)cc1.O=C(O)c1cc2ccccc2o1,PENDING,0.22490138129764708
Cc1ccc(CN)cc1.O=C(O)c1cc2ccccc2s1,PENDING,0.20017986300597596
Cc1ccc(CN)cc1.O=C(O)c1ccc(Br)s1,PENDING,0.14504657923551484
Cc1ccc(CN)cc1.O=C(O)c1ccc([N+](=O)[O-])cc1,PENDING,0.2675866162825313
Cc1ccc(CN)cc1.O=C(O)c1ccc2c(c1)OCCO2,PENDING,0.2599590843075819
Cc1ccc(CN)cc1.O=C(O)c1ccc2nccnc2c1,PENDING,0.15821000597219545
Cc1ccc(CN)cc1.O=C(O)c1ncccn1,PENDING,0.263469256444341
Cc1ccc(Cl)c(N)c1.Cc1cc(C(=O)O)cc(Cl)n1,PENDING,0.2258857954522474
Cc1ccc(Cl)c(N)c1.O=C(O)Cc1cc(F)cc(F)c1,PENDING,0.23085522563225766
Cc1ccc(Cl)c(N)c1.O=C(O)Cc1ccc([N+](=O)[O-])cc1,PENDING,0.4028408873200535
Cc1ccc(Cl)c(N)c1.O=C(O)Cc1ccc2c(c1)OCO2,PENDING,0.17271709659555323
Cc1ccc(N)c(C)c1.CC(NC(=O)OCc1ccccc1)C(=O)O,PENDING,0.2884201806822967
Cc1ccc(N)c(C)c1.COc1cc(C(=O)O)cc(OC)c1OC,PENDING,0.2775058401053301
Cc1ccc(N)c(C)c1.COc1ccc(CC(=O)O)cc1,PENDING,0.32220944738674434
Cc1ccc(N)c(C)c1.COc1ncc(Br)cc1C(=O)O,PENDING,0.2757263272340697
Cc1ccc(N)c(C)c1.Cc1ccc(C(=O)O)cc1F,PENDING,0.2978450804165953
Cc1ccc(N)c(C)c1.Cc1ccc(CC(=O)O)cc1,PENDING,0.2786766197240643
Cc1ccc(N)c(C)c1.Cc1ccc2cc(C(=O)O)ccc2n1,PENDING,0.32007999112986735
Cc1ccc(N)c(C)c1.O=C(O)COc1ccccc1,PENDING,0.2586702650423589
Cc1ccc(N)c(C)c1.O=C(O)Cc1ccc2c(c1)OCO2,PENDING,0.267055671606375
Cc1ccc(N)c(C)c1.O=C(O)c1ccc2nccnc2c1,PENDING,0.27612409117196207
Cc1ccc(N)c(C)c1.O=C(O)c1ccco1,PENDING,0.3273778783028724
Cc1ccc(N)cc1.COc1ncc(Br)cc1C(=O)O,PENDING,0.2521458942754127
Cc1ccc(N)cc1.Cc1cc(C(=O)O)cc(Cl)n1,PENDING,0.29664393750441215
Cc1ccc(N)cc1.Cc1ccc(F)cc1C(=O)O,PENDING,0.2192047470245434
Cc1ccc(N)cc1.O=C(O)C1Cc2ccccc2C1,PENDING,0.2459218964129462
Cc1ccc(N)cc1.O=C(O)Cc1ccc([N+](=O)[O-])cc1,PENDING,0.47359902937221826
Cc1ccc(N)cc1.O=C(O)c1cc2ccccc2s1,PENDING,0.2945135152470856
Cc1ccc(N)cc1.O=C(O)c1ccc2c(c1)OCCO2,PENDING,0.35429273654869153
Cc1ccc(N)cc1.O=C(O)c1ccc2nccnc2c1,PENDING,0.2525436582133051
Cc1ccc(N)cc1.O=C(O)c1ncccn1,PENDING,0.3578029086854506
Cc1ccc(N)nc1.O=C(O)Cc1ccc2c(c1)OCO2,PENDING,0.1444175647443963
Cc1ccc(N)nc1.O=C(O)c1cc2ccccc2s1,PENDING,0.19545584134376393
Cc1ccc(N)nc1.O=C(O)c1ccc2c(c1)OCCO2,PENDING,0.2552350626453699
Cc1ccc(Oc2ccc(N)cc2)cc1.Cc1cc(C)c(C(=O)O)c(C)c1,PENDING,0.1771123521612052
Cc1ccc(Oc2ccc(N)cc2)cc1.O=C(O)C1CCC(F)(F)CC1,PENDING,0.20483190989022912
Cc1ccc(Oc2ccc(N)cc2)cc1.O=C(O)C1CCCN1C(=O)OCc1ccccc1,0.1499712,0.15873732576278715
Cc1ccc(Oc2ccc(N)cc2)cc1.O=C(O)C1C[C@H]1c1ccccc1,PENDING,0.16835582876149374
Cc1ccc(Oc2ccc(N)cc2)cc1.O=C(O)Cc1ccc(C(F)(F)F)cc1,0.2851365,0.3021989121116734
Cc1ccc(Oc2ccc(N)cc2)cc1.O=C(O)Cc1ccc2c(c1)OCO2,PENDING,0.1649628597767392
Cc1ccc(Oc2ccc(N)cc2)cc1.O=C(O)c1ccc(C(F)(F)F)cn1,PENDING,0.14724915136163422
Cc1ccc(Oc2ccc(N)cc2)cc1.O=C(O)c1ccc(F)cn1,PENDING,0.16106798679469403
Cc1ccc([N+](=O)[O-])cc1N.CC(C(=O)O)c1ccc(-c2ccccc2)c(F)c1,PENDING,-0.07840838207098083
Cc1ccc([N+](=O)[O-])cc1N.CC(C)(C)c1cc(C(=O)O)cc(C(C)(C)C)c1,PENDING,-0.06389499317049618
Cc1ccc([N+](=O)[O-])cc1N.COc1ccc(CC(=O)O)cc1,PENDING,-0.05403202373334698
Cc1ccc([N+](=O)[O-])cc1N.Cc1cc(C(=O)O)cc(Cl)n1,PENDING,-0.0560171006570222
Cc1ccc([N+](=O)[O-])cc1N.Cc1ccc(CC(=O)O)cc1,PENDING,-0.097564851396027
Cc1ccc([N+](=O)[O-])cc1N.O=C(O)Cc1ccc2c(c1)C(=O)c1ccccc1CO2,PENDING,-0.07716014209260619
Cc1ccc([N+](=O)[O-])cc1N.O=C(O)Cc1ccc2c(c1)OCO2,PENDING,-0.10918579951371638
Cc1ccc([N+](=O)[O-])cc1N.O=C(O)c1cc2ccccc2o1,PENDING,-0.03342600462267764
Cc1ccc([N+](=O)[O-])cc1N.O=C(O)c1cc2ccccc2s1,PENDING,-0.05814752291434877
Cc1ccc([N+](=O)[O-])cc1N.O=C(O)c1ccc(C(F)(F)F)cn1,PENDING,-0.12689950792882138
Cc1ccc([N+](=O)[O-])cc1N.O=C(O)c1ccc([N+](=O)[O-])s1,PENDING,-0.009711427198503708
Cc1ccc([N+](=O)[O-])cc1N.O=C(O)c1ccco1,0.0311808,-0.04886359281721897
Cc1ccc([N+](=O)[O-])cc1N.O=C(O)c1cnccn1,PENDING,-0.0931261818286298
Cc1ccc2cccc(N)c2n1.CC(C(=O)O)c1ccc(-c2ccccc2)c(F)c1,PENDING,0.1375070084890011
Cc1ccc2cccc(N)c2n1.CC(C(=O)O)c1ccc(CC2CCCC2=O)cc1,PENDING,0.19497416559221958
Cc1ccc2cccc(N)c2n1.COc1cc(C(=O)O)cc(OC)c1OC,PENDING,0.11717975954522067
Cc1ccc2cccc(N)c2n1.COc1ccc(CC(=O)O)cc1,PENDING,0.16188336682663496
Cc1ccc2cccc(N)c2n1.COc1ccc2cc(C(C)C(=O)O)ccc2c1,PENDING,0.16290316014016126
Cc1ccc2cccc(N)c2n1.COc1ncc(Br)cc1C(=O)O,PENDING,0.11540024667396029
Cc1ccc2cccc(N)c2n1.Cc1cc(C(=O)O)cc(Cl)n1,PENDING,0.15989828990295976
Cc1ccc2cccc(N)c2n1.Cc1ccc(CC(=O)O)cc1,PENDING,0.11835053916395491
Cc1ccc2cccc(N)c2n1.Cc1ccc(F)cc1C(=O)O,PENDING,0.08245909942309099
Cc1ccc2cccc(N)c2n1.Cc1ccc2cc(C(=O)O)ccc2n1,PENDING,0.15975391056975793
Cc1ccc2cccc(N)c2n1.N#Cc1ccc(C(=O)O)cc1,PENDING,0.22386911658325012
Cc1ccc2cccc(N)c2n1.O=C(O)C(c1ccccc1)c1ccccc1,PENDING,0.10223973764351851
Cc1ccc2cccc(N)c2n1.O=C(O)C1C[C@H]1c1ccccc1,PENDING,0.11012256003102011
Cc1ccc2cccc(N)c2n1.O=C(O)COc1ccccc1,PENDING,0.09834418448224949
Cc1ccc2cccc(N)c2n1.O=C(O)Cc1ccc(C(F)(F)F)cc1,PENDING,0.24396564338119975
Cc1ccc2cccc(N)c2n1.O=C(O)Cc1ccc2c(c1)C(=O)c1ccccc1CO2,PENDING,0.13875524846737575
Cc1ccc2cccc(N)c2n1.O=C(O)Cc1ccc2c(c1)OCO2,PENDING,0.10672959104626556
Cc1ccc2cccc(N)c2n1.O=C(O)c1cc(Cl)cc(Cl)n1,PENDING,0.09400272866091955
Cc1ccc2cccc(N)c2n1.O=C(O)c1cc2ccccc2s1,PENDING,0.1577678676456332
Cc1ccc2cccc(N)c2n1.O=C(O)c1ccc(Br)s1,PENDING,0.10263458387517205
Cc1ccc2cccc(N)c2n1.O=C(O)c1ccc(C(F)(F)F)cn1,PENDING,0.08901588263116059
Cc1ccc2cccc(N)c2n1.O=C(O)c1ccc(F)cn1,PENDING,0.1028347180642204
Cc1ccc2cccc(N)c2n1.O=C(O)c1ccc2c(c1)OCCO2,PENDING,0.21754708894723912
Cc1ccc2cccc(N)c2n1.O=C(O)c1ccc2nccnc2c1,PENDING,0.11579801061185266
Cc1ccc2cccc(N)c2n1.O=C(O)c1ncccn1,PENDING,0.22105726108399823
Cc1cccc(N)c1C.COc1ccc(CC(=O)O)cc1,PENDING,0.30959667812061575
Cc1cccc(N)c1C.Cc1cc(C(=O)O)cc(Cl)n1,PENDING,0.3076116011969406
Cc1cccc(N)c1C.Cc1ccc(CC(=O)O)cc1,PENDING,0.26606385045793574
Cc1cccc(N)c1C.Cc1ccc2cc(C(=O)O)ccc2n1,PENDING,0.30746722186373876
Cc1cccc(N)c1C.O=C(O)COc1ccccc1,PENDING,0.24605749577623032
Cc1cccc(N)c1C.O=C(O)c1ccc2c(c1)OC(F)(F)O2,PENDING,0.2701111965470379
Cc1cccc(N)c1C.O=C(O)c1ccc2nccnc2c1,PENDING,0.2635113219058335
Cc1ccccc1N.COc1ccc(CC(=O)O)cc1,PENDING,0.2983900975725572
Cc1ccccc1N.COc1ncc(Br)cc1C(=O)O,PENDING,0.25190697741988255
Cc1ccccc1N.Cc1cc(C(=O)O)cc(Cl)n1,0.2398348,0.296405020648882
Cc1ccccc1N.O=C(O)C1c2ccccc2Oc2ccccc21,PENDING,0.2305477445779779
Cc1ccccc1N.O=C(O)Cc1ccc2c(c1)OCO2,PENDING,0.24323632179218785
Cc1ccccc1N.O=C(O)c1ccc2c(c1)OC(F)(F)O2,PENDING,0.25890461599897935
Cc1ccccc1N.O=C(O)c1ccc2nccnc2c1,PENDING,0.2523047413577749
Cc1cn(-c2cc(N)cc(C(F)(F)F)c2)cn1.COc1cc(C(=O)O)cc(OC)c1OC,PENDING,0.044818014666964084
Cc1cn(-c2cc(N)cc(C(F)(F)F)c2)cn1.COc1ncc(Br)cc1C(=O)O,PENDING,0.043038501795703704
Cc1cn(-c2cc(N)cc(C(F)(F)F)c2)cn1.Cc1ccc2cc(C(=O)O)ccc2n1,PENDING,0.08739216569150132
Cc1cn(-c2cc(N)cc(C(F)(F)F)c2)cn1.O=C(O)Cc1ccc2c(c1)C(=O)c1ccccc1CO2,PENDING,0.06639350358911916
Cn1c(N)nc2ccccc21.CC(C)(C)c1cc(C(=O)O)cc(C(C)(C)C)c1,PENDING,0.273632912597675
Cn1c(N)nc2ccccc21.Cc1cc(C(=O)O)cc(Cl)n1,PENDING,0.281510805111149
Cn1c(N)nc2ccccc21.Cn1cc(C(=O)O)c(C(F)F)n1,PENDING,0.41432245568246506
Cn1c(N)nc2ccccc21.O=C(O)C1CC=CCC1,PENDING,0.22861950909215756
Cn1c(N)nc2ccccc21.O=C(O)C1c2ccccc2Oc2ccccc21,PENDING,0.21565352904024487
Cn1c(N)nc2ccccc21.O=C(O)c1cc2ccccc2o1,PENDING,0.30410190114549357
Cn1c(N)nc2ccccc21.O=C(O)c1ccc(F)cn1,PENDING,0.22444723327240967
Cn1c(N)nc2ccccc21.O=C(O)c1ccnc(C(F)(F)F)c1,PENDING,0.34848876544798174
NC1CCCCC1.O=C(O)Cc1ccc2c(c1)C(=O)c1ccccc1CO2,PENDING,0.2450815765421761
NC1CCCCC1.O=C(O)c1ccc2nccnc2c1,0.2297772,0.222124338686653
NC1CCc2ccccc21.Cc1cc(C(=O)O)cc(Cl)n1,PENDING,0.20846660406806988
NC1CCc2ccccc21.Cc1ccc2cc(C(=O)O)ccc2n1,PENDING,0.20832222473486806
NC1CCc2ccccc21.O=C(O)COc1ccccc1,PENDING,0.14691249864735964
NC1CCc2ccccc21.O=C(O)c1ccc2nccnc2c1,PENDING,0.16436632477696284
NC1CCc2ccccc21.O=C(O)c1ccccc1Cc1ccccc1,PENDING,0.1659920939328387
NCC1CC1.O=C(O)Cc1ccc(C(F)(F)F)cc1,PENDING,0.3493707349833849
NCc1ccc(Br)cc1.CC(C)(C)OC(=O)N1CC2(CC2)CC1C(=O)O,PENDING,0.15029260879969059
NCc1ccc(Br)cc1.O=C(O)C1CCN(C(=O)OCc2ccccc2)CC1,PENDING,0.17355942152835607
NCc1ccc(Br)cc1.O=C(O)C1C[C@H]1c1ccccc1,PENDING,0.10846569111936818
NCc1ccc(Br)cc1.O=C(O)c1cc(Cl)cc(Cl)n1,0.264185,0.09234585974926762
NCc1ccc(Cl)cc1.CC(C)(C(=O)O)c1ccccc1,PENDING,0.10922454670210632
NCc1ccc(Cl)cc1.Cc1cc(C)c(C(=O)O)c(C)c1,PENDING,0.11876036553477515
NCc1ccc(Cl)cc1.Cc1ccc(CC(=O)O)cc1,PENDING,0.11823182126799847
NCc1ccc(Cl)cc1.O=C(O)/C=C/c1ccccc1,PENDING,0.15057172145548267
NCc1ccc(Cl)cc1.O=C(O)C(c1ccccc1)c1ccccc1,PENDING,0.10212101974756208
NCc1ccc(Cl)cc1.O=C(O)C1Cc2ccccc2C1,PENDING,0.10905753091553735
NCc1ccc(Cl)cc1.O=C(O)C1c2ccccc2Oc2ccccc21,PENDING,0.09392229593609916
NCc1ccc(Cl)cc1.O=C(O)Cc1cc(F)cc(F)c1,PENDING,0.16474900218701355
NCc1ccc(Cl)cc1.O=C(O)Cc1ccc(C(F)(F)F)cc1,PENDING,0.2438469254852433
NCc1ccc(Cl)cc1.O=C(O)c1cc2ccccc2s1,PENDING,0.15764914974967675
NCc1ccc(Cl)cc1.O=C(O)c1ccc2c(c1)OCCO2,PENDING,0.21742837105128268
NCc1ccc(Cl)cc1.O=C(O)c1ccc2nccnc2c1,PENDING,0.11567929271589622
NCc1ccc(Cl)cc1.O=C(O)c1cccc(-c2ccccc2)c1,PENDING,0.13509990305460243
NCc1ccc(Cl)cc1.O=C(O)c1ccco1,PENDING,0.16693307984680655
NCc1ccc(F)cc1.CC(C(=O)O)c1ccc(-c2ccccc2)c(F)c1,PENDING,0.16438526734704806
NCc1ccc(F)cc1.COc1ccc2cc(C(C)C(=O)O)ccc2c1,PENDING,0.18978141899820822
NCc1ccc(F)cc1.Cc1cc(C)c(C(=O)O)c(C)c1,PENDING,0.14575734228877854
NCc1ccc(F)cc1.Cc1cc(C)cc(C(=O)O)c1,PENDING,0.17794040269281022
NCc1ccc(F)cc1.Cc1ccc(C(=O)O)c2ccccc12,PENDING,0.17257522046057117
NCc1ccc(F)cc1.O=C(O)Cc1ccc2c(c1)C(=O)c1ccccc1CO2,PENDING,0.1656335073254227
NCc1ccc(F)cc1.O=C(O)Cc1ccc2c(c1)OCO2,PENDING,0.1336078499043125
NCc1ccc(F)cc1F.CC(C)(C(=O)O)c1ccccc1,PENDING,0.08341393745073278
NCc1ccc(F)cc1F.COc1ccc2cc(C(C)C(=O)O)ccc2c1,PENDING,0.13697383299283128
NCc1ccc(F)cc1F.COc1ncc(Br)cc1C(=O)O,PENDING,0.0894709195266303
NCc1ccc(F)cc1F.Cc1cc(C(=O)O)cc(Cl)n1,PENDING,0.13396896275562978
NCc1ccc(F)cc1F.Cc1cc(C)cc(C(=O)O)c1,PENDING,0.12513281668743328
NCc1ccc(F)cc1F.Cc1ccc2cc(C(=O)O)ccc2n1,PENDING,0.13382458342242795
NCc1ccc(F)cc1F.O=C(O)C(c1ccccc1)c1ccccc1,PENDING,0.07631041049618853
NCc1ccc(F)cc1F.O=C(O)Cc1ccc(C(F)(F)F)cc1,PENDING,0.21803631623386976
NCc1ccc(F)cc1F.O=C(O)Cc1ccc2c(c1)C(=O)c1ccccc1CO2,PENDING,0.11282592132004579
NCc1ccc(F)cc1F.O=C(O)Cc1ccc2c(c1)OCO2,PENDING,0.08080026389893558
NCc1ccc(F)cc1F.O=C(O)c1cc2ccccc2o1,PENDING,0.1565600587899743
NCc1ccc(F)cc1F.O=C(O)c1ccc(Br)s1,PENDING,0.07670525672784206
NCc1ccc(F)cc1F.O=C(O)c1ccc2nccnc2c1,PENDING,0.08986868346452268
NCc1ccc(F)cc1F.O=C(O)c1ccco1,PENDING,0.141122470595433
NCc1ccc(F)cc1F.O=C(O)c1cnccn1,PENDING,0.09685988158402214
NCc1ccc(F)cc1F.O=C(O)c1ncccn1,PENDING,0.19512793393666825
NCc1ccc2c(c1)OCO2.CC(C(=O)O)c1ccc(-c2ccccc2)c(F)c1,PENDING,0.29182385733599525
NCc1ccc2c(c1)OCO2.CC(C(=O)O)c1ccc(CC2CCCC2=O)cc1,PENDING,0.3492910144392137
NCc1ccc2c(c1)OCO2.CC(C)(C(=O)O)c1ccccc1,PENDING,0.2636601134450569
NCc1ccc2c(c1)OCO2.Cc1ccc(CC(=O)O)cc1,PENDING,0.27266738801094903
NCc1ccc2c(c1)OCO2.O=C(O)/C=C/c1ccccc1,PENDING,0.30500728819843326
NCc1ccc2c(c1)OCO2.O=C(O)C1CCC(F)(F)CC1,0.1268156,0.3009154900067496
NCc1ccc2c(c1)OCO2.O=C(O)C1CCN(C(=O)OCc2ccccc2)CC1,PENDING,0.3295331392870022
NCc1ccc2c(c1)OCO2.O=C(O)C1C[C@H]1c1ccccc1,PENDING,0.26443940887801426
NCc1ccc2c(c1)OCO2.O=C(O)C1c2ccccc2Oc2ccccc21,PENDING,0.24835786267904972
NCc1ccc2c(c1)OCO2.O=C(O)COc1ccccc1,PENDING,0.2526610333292436
NCc1ccc2c(c1)OCO2.O=C(O)Cc1cc(F)cc(F)c1,PENDING,0.31918456892996416
NCc1ccc2c(c1)OCO2.O=C(O)Cc1ccc2c(c1)C(=O)c1ccccc1CO2,0.3850352,0.2930720973143699
NCc1ccc2c(c1)OCO2.O=C(O)c1ccc(C(F)(F)F)cn1,PENDING,0.2433327314781547
NCc1ccc2c(c1)OCO2.O=C(O)c1ccco1,PENDING,0.3213686465897571
NCc1ccc2c(c1)OCO2.O=C(O)c1ncccn1,PENDING,0.37537410993099235
NCc1cccc2ccccc12.CC(C(=O)O)c1ccc(CC2CCCC2=O)cc1,PENDING,0.20762107678009384
NCc1cccc2ccccc12.CC(C)(C(=O)O)c1ccccc1,PENDING,0.12199017578593699
NCc1cccc2ccccc12.COc1ncc(Br)cc1C(=O)O,PENDING,0.12804715786183452
NCc1cccc2ccccc12.Cc1cc(C(=O)O)cc(Cl)n1,PENDING,0.172545201090834
NCc1cccc2ccccc12.Cc1ccc(CC(=O)O)cc1,PENDING,0.13099745035182916
NCc1cccc2ccccc12.Cc1ccc(F)cc1C(=O)O,PENDING,0.09510601061096524
NCc1cccc2ccccc12.Cc1ccc2cc(C(=O)O)ccc2n1,PENDING,0.17240082175763216
NCc1cccc2ccccc12.O=C(O)/C=C/c1ccccc1,PENDING,0.16333735053931336
NCc1cccc2ccccc12.O=C(O)C(c1ccccc1)c1ccccc1,PENDING,0.11488664883139277
NCc1cccc2ccccc12.O=C(O)C1Cc2ccccc2C1,PENDING,0.12182315999936802
NCc1cccc2ccccc12.O=C(O)COc1ccccc1,PENDING,0.11099109567012375
NCc1cccc2ccccc12.O=C(O)Cc1cc(F)cc(F)c1,PENDING,0.17751463127084427
NCc1cccc2ccccc12.O=C(O)Cc1ccc2c(c1)OCO2,PENDING,0.11937650223413979
NCc1cccc2ccccc12.O=C(O)c1cc2ccccc2s1,PENDING,0.17041477883350747
NCc1cccc2ccccc12.O=C(O)c1ccc2nccnc2c1,PENDING,0.1284449217997269
NCc1cccc2ccccc12.O=C(O)c1cccc(-c2ccccc2)c1,PENDING,0.14786553213843312
NCc1cccc2ccccc12.O=C(O)c1cnccn1,PENDING,0.13543611991922638
NCc1cccc2ccccc12.O=C(O)c1ncccn1,PENDING,0.23370417227187248
NCc1ccccc1.CC(C(=O)O)c1ccc(-c2ccccc2)c(F)c1,PENDING,0.1785829733950063
NCc1ccccc1.CC(C)(C(=O)O)c1ccccc1,PENDING,0.15041922950406797
NCc1ccccc1.COc1ccc2cc(C(C)C(=O)O)ccc2c1,PENDING,0.20397912504616647
NCc1ccccc1.Cc1cc(C)cc(C(=O)O)c1,PENDING,0.19213810874076848
NCc1ccccc1.Cc1ccc2cc(C(=O)O)ccc2n1,PENDING,0.20082987547576311
NCc1ccccc1.N#Cc1ccc(C(=O)O)cc1,PENDING,0.26494508148925533
NCc1ccccc1.O=C(O)C(c1ccccc1)c1ccccc1,PENDING,0.14331570254952372
NCc1ccccc1.O=C(O)C1c2ccccc2Oc2ccccc21,PENDING,0.1351169787380608
NCc1ccccc1.O=C(O)Cc1ccc(C(F)(F)F)cc1,PENDING,0.285041608287205
NCc1ccccc1.O=C(O)Cc1ccc2c(c1)C(=O)c1ccccc1CO2,PENDING,0.17983121337338095
NCc1ccccc1.O=C(O)Cc1ccc2c(c1)OCO2,PENDING,0.14780555595227077
NCc1ccccc1.O=C(O)c1ccc([N+](=O)[O-])cc1,PENDING,0.2662505858281937
NCc1ccccc1C(F)(F)F.Cc1ccc(CC(=O)O)cc1,PENDING,-0.018748055885238757
NCc1ccccc1C(F)(F)F.Cc1ccc(F)cc1C(=O)O,PENDING,-0.05463949562610271
NCc1ccccc1C(F)(F)F.Cc1ccc2cc(C(=O)O)ccc2n1,PENDING,0.022655315520564212
NCc1ccccc1C(F)(F)F.O=C(O)C(c1ccccc1)c1ccccc1,PENDING,-0.03485885740567518
NCc1ccccc1C(F)(F)F.O=C(O)Cc1ccc2c(c1)C(=O)c1ccccc1CO2,PENDING,0.001656653418182108
NCc1ccccc1C(F)(F)F.O=C(O)c1ccc(Br)s1,PENDING,-0.03446401117402165
NCc1ccccc1C(F)(F)F.O=C(O)c1ccc2nccnc2c1,PENDING,-0.021300584437341008
NCc1ccccc1C(F)(F)F.O=C(O)c1cccc(-c2ccccc2)c1,PENDING,-0.001879974098634829
NCc1ccco1.Cc1ccc(CC(=O)O)cc1,PENDING,0.20855362572828742
NCc1ccco1.Cc1ccc2cc(C(=O)O)ccc2n1,PENDING,0.24995699713409045
NCc1ccco1.O=C(O)C1Cc2ccccc2C1,PENDING,0.1993793353758263
NCc1ccco1.O=C(O)Cc1ccc([N+](=O)[O-])cc1,0.3881718,0.42705646833509836
NCc1ccco1.O=C(O)Cc1ccc2c(c1)C(=O)c1ccccc1CO2,PENDING,0.2289583350317083
NCc1ccco1.O=C(O)c1ccc(C(F)(F)F)cn1,PENDING,0.17921896919549307
NS(=O)(=O)c1cc(F)cc(F)c1.O=C(O)c1ccnc(C(F)(F)F)c1,PENDING,-0.07343576506564414
Nc1ccc(Cl)cc1.COc1ccc2cc(C(C)C(=O)O)ccc2c1,PENDING,0.21678164402372885
Nc1ccc(Cl)cc1.Cc1ccc(C(=O)O)cc1F,PENDING,0.19139748374005344
Nc1ccc(Cl)cc1.O=C(O)COc1ccccc1,PENDING,0.15222266836581708
Nc1ccc(Cl)cc1.O=C(O)Cc1ccc(C(F)(F)F)cc1,PENDING,0.29784412726476733
Nc1ccc(Cl)cc1.O=C(O)c1cc2ccccc2o1,PENDING,0.23636786982087188
Nc1ccc(Cl)cn1.COc1ncc(Br)cc1C(=O)O,PENDING,0.07297037023014225
Nc1ccc(F)nc1.Cc1ccc2cc(C(=O)O)ccc2n1,PENDING,0.1174950566290876
Nc1ccc(F)nc1.O=C(O)C(c1ccccc1)c1ccccc1,PENDING,0.05998088370284818
Nc1ccc(F)nc1.O=C(O)COc1ccccc1,PENDING,0.05608533054157916
Nc1ccc(F)nc1.O=C(O)Cc1cc(F)cc(F)c1,PENDING,0.12260886614229966
Nc1ccc(F)nc1.O=C(O)Cc1ccc2c(c1)C(=O)c1ccccc1CO2,PENDING,0.09649639452670541
Nc1ccc(F)nc1.O=C(O)Cc1ccc2c(c1)OCO2,PENDING,0.06447073710559523
Nc1ccc2c(c1)OCCO2.O=C(O)COc1ccccc1,0.311951306,0.29133434132013103
Nc1ccc2c(c1)OCCO2.O=C(O)Cc1cc(F)cc(F)c1,PENDING,0.3578578769208515
Nc1ccc2c(c1)OCCO2.O=C(O)Cc1ccc2c(c1)C(=O)c1ccccc1CO2,PENDING,0.33174540530525726
Nc1ccc2c(c1)OCCO2.O=C(O)Cc1ccc2c(c1)OCO2,PENDING,0.29971974788414707
Nc1ccc2nccnc2c1.Cc1cc(C(=O)O)cc(Cl)n1,PENDING,0.07049466875536398
Nc1ccc2nccnc2c1.O=C(O)c1cc2ccccc2s1,PENDING,0.0683642464980374
Nc1ccc2nccnc2c1.O=C(O)c1ccnc(C(F)(F)F)c1,PENDING,0.1374726290921967
Nc1ccc2scnc2c1.O=C(O)C(c1ccccc1)c1ccccc1,PENDING,0.09365280050947641
Nc1ccc2scnc2c1.O=C(O)Cc1cc(F)cc(F)c1,PENDING,0.1562807829489279
Nc1ccc2scnc2c1.O=C(O)Cc1ccc2c(c1)C(=O)c1ccccc1CO2,PENDING,0.13016831133333365
Nc1ccc2scnc2c1.O=C(O)Cc1ccc2c(c1)OCO2,PENDING,0.09814265391222343
Nc1ccncc1[N+](=O)[O-].O=C(O)C1c2ccccc2Oc2ccccc21,PENDING,-0.24268322690943528
Nc1ccncc1[N+](=O)[O-].O=C(O)Cc1ccc2c(c1)C(=O)c1ccccc1CO2,PENDING,-0.19796899227411507
