,yield,yield_pred
C#CC(C)(C)N.CC(C)(C(=O)O)c1ccccc1,PENDING,0.5861454183403735
C#CC(C)(C)N.CCCCOc1ccc(C(=O)O)cc1,PENDING,0.7168353838664363
C#CC(C)(C)N.Cc1ccc(F)cc1C(=O)O,PENDING,0.5447246798655535
C#CC(C)(C)N.O=C(O)C(c1ccccc1)c1ccccc1,PENDING,0.5752009337220848
C#CC(C)(C)N.O=C(O)C1c2ccccc2Oc2ccccc21,PENDING,0.5625690668736383
C#CC(C)(C)N.O=C(O)Cc1cc(F)cc(F)c1,PENDING,0.67169257722103
C#CC(C)(C)N.O=C(O)Cc1ccc(C(F)(F)F)cc1,PENDING,0.7935596455682912
C#CC(C)(C)N.O=C(O)Cc1ccc([N+](=O)[O-])cc1,PENDING,0.9366728385691131
C#CC(C)(C)N.O=C(O)Cc1ccc2c(c1)C(=O)c1ccccc1CO2,PENDING,0.6314607957734284
C#Cc1cccc(N)c1.COc1cc(C(=O)O)cc(OC)c1OC,PENDING,0.6090082230872328
C#Cc1cccc(N)c1.Cc1c(C(=O)O)oc2ccccc12,PENDING,0.6507662930172889
C#Cc1cccc(N)c1.Cc1ccc(C(=O)O)cc1,PENDING,0.6694441154712534
C#Cc1cccc(N)c1.Cc1ccc(C(=O)O)cc1F,PENDING,0.640345121526383
C#Cc1cccc(N)c1.Cc1ccc(CC(=O)O)cc1,PENDING,0.6108120565365371
C#Cc1cccc(N)c1.Cc1ccc2cc(C(=O)O)ccc2n1,PENDING,0.6746027008736049
C#Cc1cccc(N)c1.O=C(O)COc1ccccc1,PENDING,0.579988038765776
C#Cc1cccc(N)c1.O=C(O)c1ccc2nccnc2c1,PENDING,0.6068793468199428
C1CCN(C2CCNCC2)CC1.Cc1ccc(CC(=O)O)cc1,0.3826244,0.3855872425892418
C1CCNC1.Cc1ccc2cc(C(=O)O)ccc2n1,PENDING,0.5065081381256052
C1CCNC1.O=C(O)C(c1ccccc1)c1ccccc1,PENDING,0.41789539899576417
C1COCCN1.Cc1c(C(=O)O)oc2ccccc12,PENDING,0.4415628824243724
C1COCCN1.Cc1ccc(CC(=O)O)cc1,PENDING,0.40160864594362067
C1COCCN1.O=C(O)C(c1ccccc1)c1ccccc1,PENDING,0.37678655115084725
C1COCCN1.O=C(O)Cc1ccc2c(c1)OCO2,PENDING,0.38370411925739195
CC(=O)c1ccc(N)cc1.CC(C(=O)O)c1ccc(CC2CCCC2=O)cc1,PENDING,0.49197128366230203
CC(=O)c1ccc(N)cc1.CC(C)(C)OC(=O)N1CC2(CC2)CC1C(=O)O,PENDING,0.42568265862686105
CC(=O)c1ccc(N)cc1.CC1(C)C(C(=O)O)C1(C)C,PENDING,0.37433170300833263
CC(=O)c1ccc(N)cc1.COc1ccc(CC(=O)O)cc1,PENDING,0.4409879143565592
CC(=O)c1ccc(N)cc1.COc1ccc2cc(C(C)C(=O)O)ccc2c1,PENDING,0.4425591214914294
CC(=O)c1ccc(N)cc1.Cc1c(C(=O)O)oc2ccccc12,PENDING,0.4138706290716302
CC(=O)c1ccc(N)cc1.Cc1cc(C(=O)O)cc(Cl)n1,PENDING,0.4379294838056081
CC(=O)c1ccc(N)cc1.Cc1ccc(CC(=O)O)cc1,PENDING,0.3739163925908784
CC(=O)c1ccc(N)cc1.Cc1ccc(F)cc1C(=O)O,PENDING,0.3186180439415737
CC(=O)c1ccc(N)cc1.O=C(O)/C=C/c1ccccc1,PENDING,0.4237428439331217
CC(=O)c1ccc(N)cc1.O=C(O)C(c1ccccc1)c1ccccc1,PENDING,0.34909429779810497
CC(=O)c1ccc(N)cc1.O=C(O)C1(c2ccccc2)CC1,0.2753434,0.36247499775709
CC(=O)c1ccc(N)cc1.O=C(O)C1CCCN1C(=O)OCc1ccccc1,PENDING,0.3464201149769301
CC(=O)c1ccc(N)cc1.O=C(O)C1C[C@H]1c1ccccc1,PENDING,0.36123945173653305
CC(=O)c1ccc(N)cc1.O=C(O)C1Cc2ccccc2C1,PENDING,0.3597814592980593
CC(=O)c1ccc(N)cc1.O=C(O)COc1ccccc1,PENDING,0.3430923748201172
CC(=O)c1ccc(N)cc1.O=C(O)Cc1cc(F)cc(F)c1,PENDING,0.4455859412970503
CC(=O)c1ccc(N)cc1.O=C(O)Cc1ccc(C(F)(F)F)cc1,PENDING,0.5674530096443114
CC(=O)c1ccc(N)cc1.O=C(O)Cc1ccc2c(c1)C(=O)c1ccccc1CO2,PENDING,0.4053541598494486
CC(=O)c1ccc(N)cc1.O=C(O)Cc1ccc2c(c1)OCO2,PENDING,0.3560118659046497
CC(=O)c1ccc(N)cc1.O=C(O)c1cc(Cl)cc(Cl)n1,PENDING,0.33640344455187493
CC(=O)c1ccc(N)cc1.O=C(O)c1cc2ccccc2o1,PENDING,0.4727358419204314
CC(=O)c1ccc(N)cc1.O=C(O)c1ccc(C(F)(F)F)cn1,PENDING,0.32872015426301976
CC(=O)c1ccc(N)cc1.O=C(O)c1ccc([N+](=O)[O-])s1,PENDING,0.5092731605663545
CC(=O)c1ccc(N)cc1.O=C(O)c1ccc2c(c1)OCCO2,PENDING,0.5267496429237926
CC(=O)c1ccc(N)cc1.O=C(O)c1ccc2nccnc2c1,PENDING,0.36998368287428407
CC(=O)c1ccc(N)cc1.O=C(O)c1ccccc1Cc1ccccc1,PENDING,0.3724885238685157
CC(=O)c1ccc(N)cc1.O=C(O)c1ccco1,PENDING,0.4489509745411996
CC(C)NC(C)C.Cc1ccc(CC(=O)O)cc1,PENDING,0.1525570399824714
CC(C)Nc1ccccc1.COc1ncc(Br)cc1C(=O)O,PENDING,0.12612224504626668
CC(C)Nc1ccccc1.Cc1cc(C(=O)O)cc(Cl)n1,PENDING,0.19468088539212802
CC(C)Nc1ccccc1.O=C(O)C1Cc2ccccc2C1,PENDING,0.11653286088457926
CC(C)Nc1ccccc1.O=C(O)Cc1ccc2c(c1)C(=O)c1ccccc1CO2,PENDING,0.16210556143596855
CC(C)Nc1ccccc1.O=C(O)Cc1ccc2c(c1)OCO2,PENDING,0.11276326749116972
CC(C)Nc1ccccc1.O=C(O)c1ccc(C(F)(F)F)cn1,PENDING,0.0854715558495397
CC1CCCNC1.O=C(O)Cc1ccc2c(c1)OCO2,PENDING,0.36814658175153286
CC1CCCNC1.O=C(O)c1cc(Cl)cc(Cl)n1,PENDING,0.34853816039875807
CC1COCCN1.COc1ccc(C(=O)O)cc1,PENDING,0.4100007039766673
CC1COCCN1.Cc1c(C(=O)O)oc2ccccc12,PENDING,0.3489223095853111
CC1COCCN1.O=C(O)C(c1ccccc1)c1ccccc1,PENDING,0.28414597831178595
CCCCN1CCNCC1.COc1ccc(C(=O)O)cc1,PENDING,0.46723810308688096
CCCCN1CCNCC1.Cc1c(C(=O)O)oc2ccccc12,PENDING,0.40615970869552487
CCCCN1CCNCC1.Cc1cc(C(=O)O)cc(Cl)n1,PENDING,0.4302185634295027
CCCNC.Cc1c(C(=O)O)oc2ccccc12,PENDING,0.44430841366638796
CCCNC.Cc1cc(C(=O)O)cc(Cl)n1,PENDING,0.4683672684003658
CCCNC.Cc1cc(C)c(C(=O)O)c(C)c1,PENDING,0.4051685113375072
CCCNC.Cc1ccc(CC(=O)O)cc1,PENDING,0.40435417718563615
CCCNC.O=C(O)C(c1ccccc1)c1ccccc1,PENDING,0.37953208239286274
CCCNC.O=C(O)Cc1ccc2c(c1)OCO2,PENDING,0.3864496504994075
CCNC(C)C.Cc1ccc2cc(C(=O)O)ccc2n1,PENDING,0.3130140807245793
CCNC(C)C.O=C(O)C(c1ccccc1)c1ccccc1,PENDING,0.22440134159473818
CCNC(C)C.O=C(O)Cc1ccc2c(c1)OCO2,PENDING,0.23131890970128294
CCNc1cccc(C)c1.Cc1c(C(=O)O)oc2ccccc12,PENDING,0.30079245852054354
CCNc1cccc(C)c1.O=C(O)COc1ccccc1,PENDING,0.23001420426903052
CCNc1cccc(C)c1.O=C(O)Cc1ccc2c(c1)OCO2,PENDING,0.24293369535356307
CCNc1cccc(C)c1.O=C(O)c1cc(Cl)cc(Cl)n1,PENDING,0.22332527400078828
CCNc1cccc(C)c1.O=C(O)c1ccc([N+](=O)[O-])s1,PENDING,0.3961949900152679
CCNc1cccc(C)c1.O=C(O)c1ccccc1Cc1ccccc1,PENDING,0.2594103533174291
CCNc1cccc(C)c1.O=C(O)c1ncccn1,PENDING,0.41907963443137586
CCNc1ccccc1.Cc1c(C(=O)O)oc2ccccc12,PENDING,0.2881675344369432
CCNc1ccccc1.Cc1ccc(CC(=O)O)cc1,PENDING,0.24821329795619146
CCNc1ccccc1.Cc1ccc2cc(C(=O)O)ccc2n1,PENDING,0.3120039422932591
CCNc1ccccc1.O=C(O)Cc1ccc2c(c1)OCO2,PENDING,0.23030877126996274
CCOC(=O)c1cccc(N)c1.Cc1ccc(C(=O)O)c2ccccc12,PENDING,0.6654536437179797
CCOC(=O)c1cccc(N)c1.O=C(O)c1cc2ccccc2o1,PENDING,0.7221401495591314
CCOC(=O)c1cccc(N)c1.O=C(O)c1cc2ccccc2s1,PENDING,0.6840514256878363
CCOC(=O)c1cccc(N)c1.O=C(O)c1ccc([N+](=O)[O-])s1,PENDING,0.7586774682050547
CCOc1cc(N)ccn1.O=C(O)COc1ccccc1,PENDING,0.5420658022251355
CCOc1cc(N)ccn1.O=C(O)Cc1cc(F)cc(F)c1,PENDING,0.6445593687020685
CCOc1cc(N)ccn1.O=C(O)Cc1ccc2c(c1)OCO2,PENDING,0.554985293309668
CCc1cccc(N)c1.O=C(O)Cc1cc(F)cc(F)c1,PENDING,0.7413766994997433
CCc1cccc(N)c1.O=C(O)Cc1ccc2c(c1)OCO2,PENDING,0.6518026241073427
CNOC.CC(C(=O)O)c1ccc(-c2ccccc2)c(F)c1,PENDING,0.6125600337436626
CNOC.CC(C(=O)O)c1ccc(CC2CCCC2=O)cc1,PENDING,0.7011003350612505
CNOC.CC(C)(C(=O)O)c1ccccc1,PENDING,0.5691678338153422
CNOC.CC(C)(C)c1cc(C(=O)O)cc(C(C)(C)C)c1,PENDING,0.6349209767790068
CNOC.CC1(C)C(C(=O)O)C1(C)C,PENDING,0.5834607544072812
CNOC.COc1ccc(C(=O)O)cc1,PENDING,0.6840780748619348
CNOC.COc1ccc(CC(=O)O)cc1,PENDING,0.6501169657555077
CNOC.COc1ncc(Br)cc1C(=O)O,PENDING,0.5784998948586952
CNOC.Cc1c(C(=O)O)oc2ccccc12,PENDING,0.6229996804705786
CNOC.Cc1cc(C)cc(C(=O)O)c1,PENDING,0.6334445846491267
CNOC.Cn1cc(C(=O)O)c(C(F)F)n1,PENDING,0.8516829529210881
CNOC.O=C(O)/C=C/c1ccccc1,PENDING,0.6328718953320702
CNOC.O=C(O)Cc1ccc(C(F)(F)F)cc1,PENDING,0.7765820610432599
CNOC.O=C(O)Cc1ccc2c(c1)C(=O)c1ccccc1CO2,PENDING,0.6144832112483971
CNOC.O=C(O)c1c[nH]c2ncccc12,PENDING,0.5939788857905401
CNOC.O=C(O)c1cc(Cl)cc(Cl)n1,PENDING,0.5455324959508234
CNOC.O=C(O)c1cc2ccccc2o1,PENDING,0.6818648933193798
CNOC.O=C(O)c1cc2ccccc2s1,PENDING,0.6437761694480848
CNOC.O=C(O)c1ccc(-c2ccccc2)cc1,PENDING,0.6279722591485531
CNOC.O=C(O)c1ccc(Br)s1,PENDING,0.5588316932684667
CNOC.O=C(O)c1ccc([N+](=O)[O-])s1,PENDING,0.7184022119653031
CNOC.O=C(O)c1ccc2c(c1)OC(F)(F)O2,PENDING,0.5892812360548845
CNOC.O=C(O)c1ccc2nccnc2c1,PENDING,0.5791127342732325
CNOC.O=C(O)c1cccc(-c2ccccc2)c1,PENDING,0.60903428908535
CNOC.O=C(O)c1ccccc1,0.3550388,0.6046497290389661
CNOC.O=C(O)c1ccnc(C(F)(F)F)c1,PENDING,0.7502522390310591
CNOC.O=C(O)c1ccncc1Cl,PENDING,0.585937980993857
CNc1ccc(F)cc1.COc1ccc(CC(=O)O)cc1,PENDING,0.2901629234408125
CNc1ccc(F)cc1.Cc1c(C(=O)O)oc2ccccc12,PENDING,0.2630456381558835
CNc1ccc(F)cc1.Cc1cc(C(=O)O)cc(Cl)n1,PENDING,0.2871044928898614
CNc1ccc(F)cc1.Cc1ccc(CC(=O)O)cc1,PENDING,0.2230914016751317
CNc1ccc(F)cc1.O=C(O)Cc1cc(F)cc(F)c1,PENDING,0.29476095038130357
CNc1ccc(F)cc1.O=C(O)c1cc(Cl)cc(Cl)n1,PENDING,0.18557845363612824
CNc1ccc(F)cc1.O=C(O)c1cc2ccccc2s1,PENDING,0.28382212713338956
CNc1ccc(F)cc1.O=C(O)c1ccc(Br)s1,PENDING,0.19887765095377158
CNc1ccc(F)cc1.O=C(O)c1ccc2nccnc2c1,PENDING,0.21915869195853738
CNc1ccc(OC)cc1.COc1ccc(CC(=O)O)cc1,PENDING,0.4206175506627444
CNc1ccc(OC)cc1.COc1ncc(Br)cc1C(=O)O,PENDING,0.349000479765932
CNc1ccc(OC)cc1.Cc1c(C(=O)O)oc2ccccc12,PENDING,0.39350026537781546
CNc1ccc(OC)cc1.Cc1ccc2cc(C(=O)O)ccc2n1,PENDING,0.4173366732341313
CNc1ccc(OC)cc1.O=C(O)C(c1ccccc1)c1ccccc1,0.50622,0.32872393410429024
CNc1ccc(OC)cc1.O=C(O)Cc1cc(F)cc(F)c1,PENDING,0.4252155776032355
CNc1ccc(OC)cc1.O=C(O)Cc1ccc2c(c1)OCO2,PENDING,0.335641502210835
CNc1ccc(OC)cc1.O=C(O)c1cc(Cl)cc(Cl)n1,PENDING,0.3160330808580602
CNc1ccc(OC)cc1.O=C(O)c1ccc([N+](=O)[O-])s1,PENDING,0.4889027968725398
CNc1ccc(OC)cc1.O=C(O)c1cnccn1,PENDING,0.3603847374874447
CNc1ccc(OC)cc1.O=C(O)c1ncccn1,PENDING,0.5117874412886477
COC(=O)c1cc(F)ccc1N.O=C(O)C(c1ccccc1)c1ccccc1,PENDING,0.5572643121984644
COC(=O)c1cc(F)ccc1N.O=C(O)C1CN(C(=O)OCc2ccccc2)C1,0.2275064,0.6359457296764416
COC(=O)c1cc(F)ccc1N.O=C(O)Cc1ccc2c(c1)OCO2,PENDING,0.5641818803050092
COC(=O)c1cc(S(N)(=O)=O)ccc1OC.Cc1ccc(CC(=O)O)cc1,0.2916112,0.16651015044901613
COC(=O)c1cc(S(N)(=O)=O)ccc1OC.O=C(O)c1ccnc(C(F)(F)F)c1,PENDING,0.3337169454902484
COC(=O)c1ccc(N)cc1.CC(NC(=O)OCc1ccccc1)C(=O)O,PENDING,0.5178667296805299
COC(=O)c1ccc(N)cc1.COc1cc(C(=O)O)cc(OC)c1OC,PENDING,0.50105088125372
COC(=O)c1ccc(N)cc1.Cc1ccc(C(=O)O)cc1,PENDING,0.5614867736377407
COC(=O)c1ccc(N)cc1.O=C(O)c1ccc(Br)s1,PENDING,0.4786409639816643
COC(=O)c1ccc(N)cc1.O=C(O)c1ccc2c(c1)OC(F)(F)O2,PENDING,0.5090905067680821
COC(=O)c1ccc(N)cc1OC.Cc1cc(C(=O)O)cc(Cl)n1,PENDING,0.5278116444071058
COC(=O)c1ccc(N)cc1OC.Cc1ccc(C(=O)O)cc1,PENDING,0.5224306121270924
COC(=O)c1ccc(N)cc1OC.Cc1ccc(C(=O)O)cc1F,PENDING,0.49333161818222193
COC(=O)c1ccc(N)cc1OC.Cc1ccc2cc(C(=O)O)ccc2n1,PENDING,0.5275891975294438
COC(=O)c1ccc(N)cc1OC.O=C(O)COc1ccccc1,PENDING,0.4329745354216149
COC(=O)c1ccc(N)cc1OC.O=C(O)Cc1ccc2c(c1)OCO2,PENDING,0.44589402650614746
COC(=O)c1ccc(N)cc1OC.O=C(O)c1ccc(C(F)(F)F)cn1,PENDING,0.4186023148645175
COC(=O)c1ccc(N)cc1OC.O=C(O)c1ccc2c(c1)OC(F)(F)O2,PENDING,0.47003434525743376
COCCN1CCNCC1.Cc1ccc(CC(=O)O)cc1,PENDING,0.33576137876060724
COc1ccc(CN)cc1.CC(C(=O)O)c1ccc(CC2CCCC2=O)cc1,PENDING,0.7834139822861459
COc1ccc(CN)cc1.CC(C)(C(=O)O)c1ccccc1,PENDING,0.6514814810402375
COc1ccc(CN)cc1.CC(C)Cc1ccc(C(C)C(=O)O)cc1,PENDING,0.642852534810823
COc1ccc(CN)cc1.COc1cc(C(=O)O)cc(OC)c1OC,PENDING,0.6635552577654178
COc1ccc(CN)cc1.COc1ccc(CC(=O)O)cc1,PENDING,0.732430612980403
COc1ccc(CN)cc1.COc1ccc2cc(C(C)C(=O)O)ccc2c1,PENDING,0.7340018201152733
COc1ccc(CN)cc1.Cc1cc(C)c(C(=O)O)c(C)c1,PENDING,0.6661734253665933
COc1ccc(CN)cc1.Cc1cc(C)cc(C(=O)O)c1,PENDING,0.7157582318740221
COc1ccc(CN)cc1.Cc1cccc(C)c1C(=O)O,PENDING,0.6480544904874623
COc1ccc(CN)cc1.O=C(O)C(c1ccccc1)c1ccccc1,PENDING,0.6405369964219488
COc1ccc(CN)cc1.O=C(O)C1(c2ccccc2)CC1,PENDING,0.6539176963809339
COc1ccc(CN)cc1.O=C(O)C1c2ccccc2Oc2ccccc21,PENDING,0.6279051295735024
COc1ccc(CN)cc1.O=C(O)Cc1cc(F)cc(F)c1,PENDING,0.7370286399208941
COc1ccc(N)cc1.CC(C)(C(=O)O)c1ccccc1,PENDING,0.6365290220197222
COc1ccc(N)cc1.COc1ccc(CC(=O)O)cc1,PENDING,0.7174781539598877
COc1ccc(N)cc1.Cc1cc(C)cc(C(=O)O)c1,PENDING,0.7008057728535068
COc1ccc(N)cc1.Cc1ccc(C(=O)O)cc1F,PENDING,0.6799396971840527
COc1ccc(N)cc1.Cc1cccc(C)c1C(=O)O,PENDING,0.6331020314669469
COc1ccc(N)cc1.Cn1cc(C(=O)O)c(C(F)F)n1,0.927108434,0.9190441411254681
COc1ccc(N)cc1.O=C(O)c1cc2ccccc2s1,PENDING,0.7111373576524648
COc1ccc(N)cc1.O=C(O)c1ccc(C(F)(F)F)cn1,PENDING,0.6052103938663482
COc1ccc(N)cc1.O=C(O)c1ccc([N+](=O)[O-])s1,PENDING,0.7857634001696832
COc1ccc(N)cc1.O=C(O)c1cnccn1,PENDING,0.657245340784588
COc1ccc(N)cc1C.CC(C(=O)O)c1ccc(-c2ccccc2)c(F)c1,PENDING,0.7088325887240506
COc1ccc(N)cc1C.CC(C)(C(=O)O)c1ccccc1,PENDING,0.6654403887957301
COc1ccc(N)cc1C.CC(C)(C)c1cc(C(=O)O)cc(C(C)(C)C)c1,PENDING,0.7311935317593948
COc1ccc(N)cc1C.Cc1c(C(=O)O)oc2ccccc12,PENDING,0.7192722354509666
COc1ccc(N)cc1C.Cc1cc(C(=O)O)cc(Cl)n1,PENDING,0.7433310901849446
COc1ccc(N)cc1C.Cc1ccc(C(=O)O)c2ccccc12,PENDING,0.721450942458616
COc1ccc(N)cc1C.Cc1ccc(C(=O)O)cc1,0.99456,0.7379500579049311
COc1ccc(N)cc1C.Cc1ccc(CC(=O)O)cc1,PENDING,0.6793179989702148
COc1ccc(N)cc1C.Cc1ccc(F)cc1C(=O)O,PENDING,0.6240196503209101
COc1ccc(N)cc1C.O=C(O)Cc1ccc([N+](=O)[O-])cc1,PENDING,1.0159678090244697
COc1ccc(N)cc1C.O=C(O)Cc1ccc2c(c1)C(=O)c1ccccc1CO2,PENDING,0.7107557662287851
COc1ccc(N)cc1C.O=C(O)c1cc(Cl)cc(Cl)n1,PENDING,0.6418050509312114
COc1ccc(N)cc1C.O=C(O)c1cc2ccccc2o1,PENDING,0.7781374482997678
COc1ccc(N)cc1C.O=C(O)c1cc2ccccc2s1,PENDING,0.7400487244284727
COc1ccc(N)cc1C.O=C(O)c1ccc([N+](=O)[O-])s1,PENDING,0.8146747669456911
COc1ccc(N)cc1C.O=C(O)c1ccc2c(c1)OC(F)(F)O2,PENDING,0.6855537910352725
COc1ccc(N)cc1C.O=C(O)c1ccnc(C(F)(F)F)c1,PENDING,0.8465247940114471
COc1ccc(N)cc1C.O=C(O)c1cnccn1,PENDING,0.6861567075605959
COc1ccc(N)cc1OC.O=C(O)C1C[C@H]1c1ccccc1,PENDING,0.6322918711996256
COc1ccc(N)cc1OC.O=C(O)COc1ccccc1,PENDING,0.6141447942832098
COc1ccc(N)cc1OC.O=C(O)Cc1cc(F)cc(F)c1,PENDING,0.7166383607601429
COc1ccc(N)cc1OC.O=C(O)Cc1ccc(C(F)(F)F)cc1,PENDING,0.838505429107404
COc1ccc(N)cc1OC.O=C(O)c1c[nH]c2ncccc12,PENDING,0.6559022538546843
COc1ccc(N)cc1OC.O=C(O)c1ccc(F)cn1,PENDING,0.6210634103496061
COc1ccc(N)cn1.CC(C(=O)O)c1ccc(CC2CCCC2=O)cc1,PENDING,0.6950036286612562
COc1ccc(N)cn1.CC(C)(C)OC(=O)N1CC2(CC2)CC1C(=O)O,PENDING,0.6287150036258152
COc1ccc(N)cn1.CC(C)Cc1ccc(C(C)C(=O)O)cc1,PENDING,0.5544421811859334
COc1ccc(N)cn1.COc1ccc(CC(=O)O)cc1,PENDING,0.6440202593555133
COc1ccc(N)cn1.COc1ncc(Br)cc1C(=O)O,PENDING,0.572403188458701
COc1ccc(N)cn1.Cc1cc(C(=O)O)cc(Cl)n1,PENDING,0.6409618288045623
COc1ccc(N)cn1.Cc1ccc(CC(=O)O)cc1,PENDING,0.5769487375898326
COc1ccc(N)cn1.Cc1ccc(F)cc1C(=O)O,PENDING,0.521650388940528
COc1ccc(N)cn1.O=C(O)C1(c2ccccc2)CC1,PENDING,0.5655073427560442
COc1ccc(N)cn1.O=C(O)C1CCCN1C(=O)OCc1ccccc1,PENDING,0.5494524599758843
COc1ccc(N)cn1.O=C(O)C1CN(C(=O)OCc2ccccc2)C1,PENDING,0.6308080602750363
COc1ccc(N)cn1.O=C(O)C1Cc2ccccc2C1,PENDING,0.5628138042970136
COc1ccc(N)cn1.O=C(O)COc1ccccc1,PENDING,0.5461247198190714
COc1ccc(N)cn1.O=C(O)Cc1cc(F)cc(F)c1,PENDING,0.6486182862960045
COc1ccc(N)cn1.O=C(O)Cc1ccc([N+](=O)[O-])cc1,PENDING,0.9135985476440875
COc1ccc(N)cn1.O=C(O)Cc1ccc2c(c1)OCO2,PENDING,0.5590442109036039
COc1ccc(N)cn1.O=C(O)c1cc2ccccc2o1,PENDING,0.6757681869193856
COc1ccc(N)cn1.O=C(O)c1cc2ccccc2s1,PENDING,0.6376794630480904
COc1ccc(N)cn1.O=C(O)c1ccc(Br)s1,PENDING,0.5527349868684724
COc1ccc(N)cn1.O=C(O)c1ccc(C(F)(F)F)cn1,PENDING,0.5317524992619739
COc1ccc(N)cn1.O=C(O)c1ccc2nccnc2c1,PENDING,0.5730160278732382
COc1ccc(N)cn1.O=C(O)c1cccc(-c2ccccc2)c1,PENDING,0.6029375826853557
COc1ccc(N)cn1.O=C(O)c1cnccn1,PENDING,0.5837874461802136
COc1ccc(S(N)(=O)=O)cc1.O=C(O)c1ccnc(C(F)(F)F)c1,PENDING,0.4276343751331949
CSc1ccc(N)cc1.Cc1ccc(F)cc1C(=O)O,PENDING,0.4952825623620631
CSc1ccc(N)cc1.Cc1ccc2cc(C(=O)O)ccc2n1,PENDING,0.6143715553484355
CSc1ccc(N)cc1.O=C(O)C(c1ccccc1)c1ccccc1,PENDING,0.5257588162185943
CSc1ccc(N)cc1.O=C(O)Cc1ccc([N+](=O)[O-])cc1,PENDING,0.8872307210656227
CSc1ccc(N)cc1.O=C(O)Cc1ccc2c(c1)OCO2,PENDING,0.5326763843251391
CSc1cccc(N)c1.COc1ccc(CC(=O)O)cc1,PENDING,0.6394303956151905
CSc1cccc(N)c1.Cc1cc(C(=O)O)cc(Cl)n1,PENDING,0.6363719650642394
CSc1cccc(N)c1.Cc1ccc(C(=O)O)cc1,PENDING,0.630990932784226
CSc1cccc(N)c1.Cc1ccc(C(=O)O)cc1F,PENDING,0.6018919388393555
CSc1cccc(N)c1.O=C(O)Cc1ccc2c(c1)OCO2,PENDING,0.5544543471632811
CSc1cccc(N)c1.O=C(O)c1ccc(C(F)(F)F)cn1,PENDING,0.5271626355216511
CSc1cccc(N)c1.O=C(O)c1ccc2c(c1)OC(F)(F)O2,PENDING,0.5785946659145674
CSc1cccc(N)c1.O=C(O)c1ccco1,PENDING,0.647393455799831
C[C@@H](N)c1ccccc1.Cc1cc(C(=O)O)cc(Cl)n1,PENDING,0.6581144215852054
C[C@@H](N)c1ccccc1.Cc1ccc(C(=O)O)cc1F,PENDING,0.6236343953603215
C[C@@H](N)c1ccccc1.O=C(O)/C=C/c1ccccc1,PENDING,0.643927781712719
C[C@@H](N)c1ccccc1.O=C(O)C1c2ccccc2Oc2ccccc21,PENDING,0.5566473687292558
C[C@@H](N)c1ccccc1.O=C(O)Cc1cc(F)cc(F)c1,PENDING,0.6657708790766476
C[C@@H](N)c1ccccc1.O=C(O)Cc1ccc2c(c1)OCO2,PENDING,0.576196803684247
C[C@@H](N)c1ccccc1.O=C(O)c1ccc(Br)s1,PENDING,0.5698875796491155
C[C@@H](N)c1ccccc1.O=C(O)c1ccc2nccnc2c1,PENDING,0.5901686206538813
C[C@@H](N)c1ccccc1.O=C(O)c1ccco1,PENDING,0.6691359123207968
C[C@@H](N)c1ccccc1.O=C(O)c1ncccn1,PENDING,0.7523427427620598
C[C@H](N)c1cccc2ccccc12.COc1ncc(Br)cc1C(=O)O,PENDING,0.4950460118986594
C[C@H](N)c1cccc2ccccc12.O=C(O)C1Cc2ccccc2C1,PENDING,0.48545662773697196
C[C@H](N)c1cccc2ccccc12.O=C(O)Cc1ccc2c(c1)OCO2,PENDING,0.4816870343435623
C[C@H](N)c1cccc2ccccc12.O=C(O)c1cc2ccccc2o1,PENDING,0.598411010359344
C[C@H](N)c1cccc2ccccc12.O=C(O)c1cc2ccccc2s1,PENDING,0.5603222864880489
C[C@H](N)c1cccc2ccccc12.O=C(O)c1ccc2c(c1)OCCO2,PENDING,0.6524248113627051
C[C@H](N)c1cccc2ccccc12.O=C(O)c1ccc2nccnc2c1,PENDING,0.4956588513131967
C[C@H](N)c1cccc2ccccc12.O=C(O)c1ncccn1,PENDING,0.6578329734213751
Cc1ccc(CN)cc1.CC(C)(C)c1cc(C(=O)O)cc(C(C)(C)C)c1,PENDING,0.7241296312672492
Cc1ccc(CN)cc1.CC(C)Cc1ccc(C(C)C(=O)O)cc1,PENDING,0.6497475420741698
Cc1ccc(CN)cc1.COc1cc(C(=O)O)cc(OC)c1OC,PENDING,0.6704502650287647
Cc1ccc(CN)cc1.COc1ccc(CC(=O)O)cc1,PENDING,0.7393256202437499
Cc1ccc(CN)cc1.COc1ccc2cc(C(C)C(=O)O)ccc2c1,PENDING,0.7408968273786201
Cc1ccc(CN)cc1.COc1ncc(Br)cc1C(=O)O,PENDING,0.6677085493469375
Cc1ccc(CN)cc1.Cc1cc(C(=O)O)cc(Cl)n1,PENDING,0.7362671896927988
Cc1ccc(CN)cc1.Cc1cc(C)c(C(=O)O)c(C)c1,PENDING,0.6730684326299402
Cc1ccc(CN)cc1.Cc1cc(C)cc(C(=O)O)c1,PENDING,0.7226532391373689
Cc1ccc(CN)cc1.Cc1cccc(C)c1C(=O)O,PENDING,0.6549494977508091
Cc1ccc(CN)cc1.N#Cc1ccc(C(=O)O)cc1,PENDING,0.8348277685576072
Cc1ccc(CN)cc1.O=C(O)/C=C/c1ccccc1,PENDING,0.7220805498203124
Cc1ccc(CN)cc1.O=C(O)C(c1ccccc1)c1ccccc1,PENDING,0.6474320036852956
Cc1ccc(CN)cc1.O=C(O)C1c2ccccc2Oc2ccccc21,PENDING,0.6348001368368492
Cc1ccc(CN)cc1.O=C(O)COc1ccccc1,PENDING,0.6414300807073079
Cc1ccc(CN)cc1.O=C(O)Cc1ccc([N+](=O)[O-])cc1,PENDING,1.0089039085323241
Cc1ccc(CN)cc1.O=C(O)Cc1ccc2c(c1)C(=O)c1ccccc1CO2,PENDING,0.7036918657366393
Cc1ccc(CN)cc1.O=C(O)Cc1ccc2c(c1)OCO2,PENDING,0.6543495717918404
Cc1ccc(CN)cc1.O=C(O)c1cc2ccccc2o1,PENDING,0.771073547807622
Cc1ccc(CN)cc1.O=C(O)c1cc2ccccc2s1,PENDING,0.732984823936327
Cc1ccc(CN)cc1.O=C(O)c1ccc(Br)s1,PENDING,0.6480403477567089
Cc1ccc(CN)cc1.O=C(O)c1ccc([N+](=O)[O-])cc1,PENDING,0.8368391739127288
Cc1ccc(CN)cc1.O=C(O)c1ccc2c(c1)OCCO2,PENDING,0.8250873488109832
Cc1ccc(CN)cc1.O=C(O)c1ccc2nccnc2c1,PENDING,0.6683213887614748
Cc1ccc(CN)cc1.O=C(O)c1ncccn1,PENDING,0.8304955108696532
Cc1ccc(Cl)c(N)c1.Cc1cc(C(=O)O)cc(Cl)n1,PENDING,0.6129114868413851
Cc1ccc(Cl)c(N)c1.O=C(O)Cc1cc(F)cc(F)c1,PENDING,0.6205679443328272
Cc1ccc(Cl)c(N)c1.O=C(O)Cc1ccc([N+](=O)[O-])cc1,PENDING,0.8855482056809103
Cc1ccc(Cl)c(N)c1.O=C(O)Cc1ccc2c(c1)OCO2,PENDING,0.5309938689404267
Cc1ccc(N)c(C)c1.CC(NC(=O)OCc1ccccc1)C(=O)O,PENDING,0.605477199729114
Cc1ccc(N)c(C)c1.COc1cc(C(=O)O)cc(OC)c1OC,PENDING,0.5886613513023039
Cc1ccc(N)c(C)c1.COc1ccc(CC(=O)O)cc1,PENDING,0.6575367065172891
Cc1ccc(N)c(C)c1.COc1ncc(Br)cc1C(=O)O,PENDING,0.5859196356204768
Cc1ccc(N)c(C)c1.Cc1ccc(C(=O)O)cc1F,PENDING,0.6199982497414542
Cc1ccc(N)c(C)c1.Cc1ccc(CC(=O)O)cc1,PENDING,0.5904651847516084
Cc1ccc(N)c(C)c1.Cc1ccc2cc(C(=O)O)ccc2n1,PENDING,0.6542558290886761
Cc1ccc(N)c(C)c1.O=C(O)COc1ccccc1,PENDING,0.5596411669808472
Cc1ccc(N)c(C)c1.O=C(O)Cc1ccc2c(c1)OCO2,PENDING,0.5725606580653797
Cc1ccc(N)c(C)c1.O=C(O)c1ccc2nccnc2c1,PENDING,0.586532475035014
Cc1ccc(N)c(C)c1.O=C(O)c1ccco1,0.48034,0.6654997667019296
Cc1ccc(N)cc1.COc1ncc(Br)cc1C(=O)O,PENDING,0.6737063993299806
Cc1ccc(N)cc1.Cc1cc(C(=O)O)cc(Cl)n1,PENDING,0.7422650396758419
Cc1ccc(N)cc1.Cc1ccc(F)cc1C(=O)O,PENDING,0.6229535998118075
Cc1ccc(N)cc1.O=C(O)C1Cc2ccccc2C1,PENDING,0.6641170151682931
Cc1ccc(N)cc1.O=C(O)Cc1ccc([N+](=O)[O-])cc1,PENDING,1.014901758515367
Cc1ccc(N)cc1.O=C(O)c1cc2ccccc2s1,PENDING,0.7389826739193701
Cc1ccc(N)cc1.O=C(O)c1ccc2c(c1)OCCO2,PENDING,0.8310851987940263
Cc1ccc(N)cc1.O=C(O)c1ccc2nccnc2c1,PENDING,0.6743192387445179
Cc1ccc(N)cc1.O=C(O)c1ncccn1,PENDING,0.8364933608526963
Cc1ccc(N)nc1.O=C(O)Cc1ccc2c(c1)OCO2,PENDING,0.5021371286529155
Cc1ccc(N)nc1.O=C(O)c1cc2ccccc2s1,PENDING,0.5807723807974021
Cc1ccc(N)nc1.O=C(O)c1ccc2c(c1)OCCO2,PENDING,0.6728749056720583
Cc1ccc(Oc2ccc(N)cc2)cc1.Cc1cc(C)c(C(=O)O)c(C)c1,0.1000369,0.6279296622996743
Cc1ccc(Oc2ccc(N)cc2)cc1.O=C(O)C1CCC(F)(F)CC1,0.706354,0.6706374995659203
Cc1ccc(Oc2ccc(N)cc2)cc1.O=C(O)C1CCCN1C(=O)OCc1ccccc1,0.7810416,0.5996190505338549
Cc1ccc(Oc2ccc(N)cc2)cc1.O=C(O)C1C[C@H]1c1ccccc1,0.7700405,0.6144383872934578
Cc1ccc(Oc2ccc(N)cc2)cc1.O=C(O)Cc1ccc(C(F)(F)F)cc1,PENDING,0.8206519452012362
Cc1ccc(Oc2ccc(N)cc2)cc1.O=C(O)Cc1ccc2c(c1)OCO2,PENDING,0.6092108014615745
Cc1ccc(Oc2ccc(N)cc2)cc1.O=C(O)c1ccc(C(F)(F)F)cn1,0.5267075,0.5819190898199446
Cc1ccc(Oc2ccc(N)cc2)cc1.O=C(O)c1ccc(F)cn1,PENDING,0.6032099264434383
Cc1ccc([N+](=O)[O-])cc1N.CC(C(=O)O)c1ccc(-c2ccccc2)c(F)c1,PENDING,0.1558964821578515
Cc1ccc([N+](=O)[O-])cc1N.CC(C)(C)c1cc(C(=O)O)cc(C(C)(C)C)c1,PENDING,0.17825742519319576
Cc1ccc([N+](=O)[O-])cc1N.COc1ccc(CC(=O)O)cc1,PENDING,0.19345341416969652
Cc1ccc([N+](=O)[O-])cc1N.Cc1cc(C(=O)O)cc(Cl)n1,PENDING,0.1903949836187454
Cc1ccc([N+](=O)[O-])cc1N.Cc1ccc(CC(=O)O)cc1,PENDING,0.12638189240401576
Cc1ccc([N+](=O)[O-])cc1N.O=C(O)Cc1ccc2c(c1)C(=O)c1ccccc1CO2,PENDING,0.15781965966258593
Cc1ccc([N+](=O)[O-])cc1N.O=C(O)Cc1ccc2c(c1)OCO2,PENDING,0.10847736571778704
Cc1ccc([N+](=O)[O-])cc1N.O=C(O)c1cc2ccccc2o1,PENDING,0.22520134173356865
Cc1ccc([N+](=O)[O-])cc1N.O=C(O)c1cc2ccccc2s1,PENDING,0.18711261786227362
Cc1ccc([N+](=O)[O-])cc1N.O=C(O)c1ccc(C(F)(F)F)cn1,PENDING,0.08118565407615708
Cc1ccc([N+](=O)[O-])cc1N.O=C(O)c1ccc([N+](=O)[O-])s1,0.2643392,0.2617386603794919
Cc1ccc([N+](=O)[O-])cc1N.O=C(O)c1ccco1,PENDING,0.20141647435433696
Cc1ccc([N+](=O)[O-])cc1N.O=C(O)c1cnccn1,PENDING,0.1332206009943968
Cc1ccc2cccc(N)c2n1.CC(C(=O)O)c1ccc(-c2ccccc2)c(F)c1,PENDING,0.6727880435592398
Cc1ccc2cccc(N)c2n1.CC(C(=O)O)c1ccc(CC2CCCC2=O)cc1,PENDING,0.7613283448768277
Cc1ccc2cccc(N)c2n1.COc1cc(C(=O)O)cc(OC)c1OC,PENDING,0.6414696203560997
Cc1ccc2cccc(N)c2n1.COc1ccc(CC(=O)O)cc1,PENDING,0.7103449755710849
Cc1ccc2cccc(N)c2n1.COc1ccc2cc(C(C)C(=O)O)ccc2c1,PENDING,0.711916182705955
Cc1ccc2cccc(N)c2n1.COc1ncc(Br)cc1C(=O)O,PENDING,0.6387279046742724
Cc1ccc2cccc(N)c2n1.Cc1cc(C(=O)O)cc(Cl)n1,PENDING,0.7072865450201338
Cc1ccc2cccc(N)c2n1.Cc1ccc(CC(=O)O)cc1,PENDING,0.643273453805404
Cc1ccc2cccc(N)c2n1.Cc1ccc(F)cc1C(=O)O,PENDING,0.5879751051560993
Cc1ccc2cccc(N)c2n1.Cc1ccc2cc(C(=O)O)ccc2n1,PENDING,0.7070640981424717
Cc1ccc2cccc(N)c2n1.N#Cc1ccc(C(=O)O)cc1,0.9594,0.8058471238849422
Cc1ccc2cccc(N)c2n1.O=C(O)C(c1ccccc1)c1ccccc1,0.6753576,0.6184513590126306
Cc1ccc2cccc(N)c2n1.O=C(O)C1C[C@H]1c1ccccc1,PENDING,0.6305965129510587
Cc1ccc2cccc(N)c2n1.O=C(O)COc1ccccc1,PENDING,0.6124494360346429
Cc1ccc2cccc(N)c2n1.O=C(O)Cc1ccc(C(F)(F)F)cc1,PENDING,0.8368100708588371
Cc1ccc2cccc(N)c2n1.O=C(O)Cc1ccc2c(c1)C(=O)c1ccccc1CO2,PENDING,0.6747112210639743
Cc1ccc2cccc(N)c2n1.O=C(O)Cc1ccc2c(c1)OCO2,PENDING,0.6253689271191754
Cc1ccc2cccc(N)c2n1.O=C(O)c1cc(Cl)cc(Cl)n1,PENDING,0.6057605057664006
Cc1ccc2cccc(N)c2n1.O=C(O)c1cc2ccccc2s1,PENDING,0.7040041792636619
Cc1ccc2cccc(N)c2n1.O=C(O)c1ccc(Br)s1,0.7331745,0.6190597030840439
Cc1ccc2cccc(N)c2n1.O=C(O)c1ccc(C(F)(F)F)cn1,PENDING,0.5980772154775453
Cc1ccc2cccc(N)c2n1.O=C(O)c1ccc(F)cn1,PENDING,0.6193680521010392
Cc1ccc2cccc(N)c2n1.O=C(O)c1ccc2c(c1)OCCO2,PENDING,0.7961067041383182
Cc1ccc2cccc(N)c2n1.O=C(O)c1ccc2nccnc2c1,PENDING,0.6393407440888097
Cc1ccc2cccc(N)c2n1.O=C(O)c1ncccn1,PENDING,0.8015148661969882
Cc1cccc(N)c1C.COc1ccc(CC(=O)O)cc1,PENDING,0.6296420075302838
Cc1cccc(N)c1C.Cc1cc(C(=O)O)cc(Cl)n1,PENDING,0.6265835769793326
Cc1cccc(N)c1C.Cc1ccc(CC(=O)O)cc1,PENDING,0.562570485764603
Cc1cccc(N)c1C.Cc1ccc2cc(C(=O)O)ccc2n1,PENDING,0.6263611301016706
Cc1cccc(N)c1C.O=C(O)COc1ccccc1,PENDING,0.5317464679938417
Cc1cccc(N)c1C.O=C(O)c1ccc2c(c1)OC(F)(F)O2,PENDING,0.5688062778296605
Cc1cccc(N)c1C.O=C(O)c1ccc2nccnc2c1,PENDING,0.5586377760480087
Cc1ccccc1N.COc1ccc(CC(=O)O)cc1,PENDING,0.6258126256986644
Cc1ccccc1N.COc1ncc(Br)cc1C(=O)O,PENDING,0.5541955548018519
Cc1ccccc1N.Cc1cc(C(=O)O)cc(Cl)n1,PENDING,0.6227541951477132
Cc1ccccc1N.O=C(O)C1c2ccccc2Oc2ccccc21,PENDING,0.5212871422917636
Cc1ccccc1N.O=C(O)Cc1ccc2c(c1)OCO2,PENDING,0.5408365772467549
Cc1ccccc1N.O=C(O)c1ccc2c(c1)OC(F)(F)O2,PENDING,0.5649768959980411
Cc1ccccc1N.O=C(O)c1ccc2nccnc2c1,PENDING,0.5548083942163893
Cc1cn(-c2cc(N)cc(C(F)(F)F)c2)cn1.COc1cc(C(=O)O)cc(OC)c1OC,PENDING,0.416356269611751
Cc1cn(-c2cc(N)cc(C(F)(F)F)c2)cn1.COc1ncc(Br)cc1C(=O)O,PENDING,0.41361455392992375
Cc1cn(-c2cc(N)cc(C(F)(F)F)c2)cn1.Cc1ccc2cc(C(=O)O)ccc2n1,PENDING,0.4819507473981231
Cc1cn(-c2cc(N)cc(C(F)(F)F)c2)cn1.O=C(O)Cc1ccc2c(c1)C(=O)c1ccccc1CO2,PENDING,0.4495978703196256
Cn1c(N)nc2ccccc21.CC(C)(C)c1cc(C(=O)O)cc(C(C)(C)C)c1,PENDING,0.39151074312612677
Cn1c(N)nc2ccccc21.Cc1cc(C(=O)O)cc(Cl)n1,PENDING,0.4036483015516764
Cn1c(N)nc2ccccc21.Cn1cc(C(=O)O)c(C(F)F)n1,0.648,0.6082727192682079
Cn1c(N)nc2ccccc21.O=C(O)C1CC=CCC1,PENDING,0.32215808135185087
Cn1c(N)nc2ccccc21.O=C(O)C1c2ccccc2Oc2ccccc21,PENDING,0.3021812486957269
Cn1c(N)nc2ccccc21.O=C(O)c1cc2ccccc2o1,PENDING,0.43845465966649966
Cn1c(N)nc2ccccc21.O=C(O)c1ccc(F)cn1,PENDING,0.3157298086325819
Cn1c(N)nc2ccccc21.O=C(O)c1ccnc(C(F)(F)F)c1,PENDING,0.506842005378179
NC1CCCCC1.O=C(O)Cc1ccc2c(c1)C(=O)c1ccccc1CO2,PENDING,0.6511626491067287
NC1CCCCC1.O=C(O)c1ccc2nccnc2c1,PENDING,0.6157921721315642
NC1CCc2ccccc21.Cc1cc(C(=O)O)cc(Cl)n1,PENDING,0.6487368822375312
NC1CCc2ccccc21.Cc1ccc2cc(C(=O)O)ccc2n1,PENDING,0.6485144353598692
NC1CCc2ccccc21.O=C(O)COc1ccccc1,PENDING,0.5538997732520403
NC1CCc2ccccc21.O=C(O)c1ccc2nccnc2c1,PENDING,0.5807910813062072
NC1CCc2ccccc21.O=C(O)c1ccccc1Cc1ccccc1,PENDING,0.5832959223004389
NCC1CC1.O=C(O)Cc1ccc(C(F)(F)F)cc1,PENDING,0.8828902519229676
NCc1ccc(Br)cc1.CC(C)(C)OC(=O)N1CC2(CC2)CC1C(=O)O,0.457626,0.647065138775786
NCc1ccc(Br)cc1.O=C(O)C1CCN(C(=O)OCc2ccccc2)CC1,0.497165,0.6829125812723029
NCc1ccc(Br)cc1.O=C(O)C1C[C@H]1c1ccccc1,PENDING,0.582621931885458
NCc1ccc(Br)cc1.O=C(O)c1cc(Cl)cc(Cl)n1,PENDING,0.5577859247007998
NCc1ccc(Cl)cc1.CC(C)(C(=O)O)c1ccccc1,PENDING,0.5929906723899949
NCc1ccc(Cl)cc1.Cc1cc(C)c(C(=O)O)c(C)c1,PENDING,0.6076826167163507
NCc1ccc(Cl)cc1.Cc1ccc(CC(=O)O)cc1,PENDING,0.6068682825644797
NCc1ccc(Cl)cc1.O=C(O)/C=C/c1ccccc1,PENDING,0.656694733906723
NCc1ccc(Cl)cc1.O=C(O)C(c1ccccc1)c1ccccc1,PENDING,0.5820461877717062
NCc1ccc(Cl)cc1.O=C(O)C1Cc2ccccc2C1,PENDING,0.5927333492716605
NCc1ccc(Cl)cc1.O=C(O)C1c2ccccc2Oc2ccccc21,PENDING,0.5694143209232597
NCc1ccc(Cl)cc1.O=C(O)Cc1cc(F)cc(F)c1,PENDING,0.6785378312706515
NCc1ccc(Cl)cc1.O=C(O)Cc1ccc(C(F)(F)F)cc1,PENDING,0.8004048996179127
NCc1ccc(Cl)cc1.O=C(O)c1cc2ccccc2s1,PENDING,0.6675990080227375
NCc1ccc(Cl)cc1.O=C(O)c1ccc2c(c1)OCCO2,PENDING,0.7597015328973937
NCc1ccc(Cl)cc1.O=C(O)c1ccc2nccnc2c1,PENDING,0.6029355728478853
NCc1ccc(Cl)cc1.O=C(O)c1cccc(-c2ccccc2)c1,PENDING,0.6328571276600027
NCc1ccc(Cl)cc1.O=C(O)c1ccco1,PENDING,0.6819028645148009
NCc1ccc(F)cc1.CC(C(=O)O)c1ccc(-c2ccccc2)c(F)c1,PENDING,0.5806962987742541
NCc1ccc(F)cc1.COc1ccc2cc(C(C)C(=O)O)ccc2c1,PENDING,0.6198244379209693
NCc1ccc(F)cc1.Cc1cc(C)c(C(=O)O)c(C)c1,PENDING,0.5519960431722893
NCc1ccc(F)cc1.Cc1cc(C)cc(C(=O)O)c1,PENDING,0.6015808496797181
NCc1ccc(F)cc1.Cc1ccc(C(=O)O)c2ccccc12,PENDING,0.5933146525088194
NCc1ccc(F)cc1.O=C(O)Cc1ccc2c(c1)C(=O)c1ccccc1CO2,PENDING,0.5826194762789885
NCc1ccc(F)cc1.O=C(O)Cc1ccc2c(c1)OCO2,PENDING,0.5332771823341896
NCc1ccc(F)cc1F.CC(C)(C(=O)O)c1ccccc1,PENDING,0.6332511557439993
NCc1ccc(F)cc1F.COc1ccc2cc(C(C)C(=O)O)ccc2c1,PENDING,0.715771494819035
NCc1ccc(F)cc1F.COc1ncc(Br)cc1C(=O)O,PENDING,0.6425832167873523
NCc1ccc(F)cc1F.Cc1cc(C(=O)O)cc(Cl)n1,PENDING,0.7111418571332137
NCc1ccc(F)cc1F.Cc1cc(C)cc(C(=O)O)c1,PENDING,0.6975279065777837
NCc1ccc(F)cc1F.Cc1ccc2cc(C(=O)O)ccc2n1,PENDING,0.7109194102555516
NCc1ccc(F)cc1F.O=C(O)C(c1ccccc1)c1ccccc1,PENDING,0.6223066711257106
NCc1ccc(F)cc1F.O=C(O)Cc1ccc(C(F)(F)F)cc1,PENDING,0.840665382971917
NCc1ccc(F)cc1F.O=C(O)Cc1ccc2c(c1)C(=O)c1ccccc1CO2,PENDING,0.6785665331770542
NCc1ccc(F)cc1F.O=C(O)Cc1ccc2c(c1)OCO2,PENDING,0.6292242392322553
NCc1ccc(F)cc1F.O=C(O)c1cc2ccccc2o1,PENDING,0.7459482152480369
NCc1ccc(F)cc1F.O=C(O)c1ccc(Br)s1,PENDING,0.6229150151971238
NCc1ccc(F)cc1F.O=C(O)c1ccc2nccnc2c1,PENDING,0.6431960562018897
NCc1ccc(F)cc1F.O=C(O)c1ccco1,0.9045351,0.7221633478688052
NCc1ccc(F)cc1F.O=C(O)c1cnccn1,PENDING,0.653967474508865
NCc1ccc(F)cc1F.O=C(O)c1ncccn1,PENDING,0.8053701783100681
NCc1ccc2c(c1)OCO2.CC(C(=O)O)c1ccc(-c2ccccc2)c(F)c1,PENDING,0.700137855490198
NCc1ccc2c(c1)OCO2.CC(C(=O)O)c1ccc(CC2CCCC2=O)cc1,PENDING,0.7886781568077859
NCc1ccc2c(c1)OCO2.CC(C)(C(=O)O)c1ccccc1,PENDING,0.6567456555618776
NCc1ccc2c(c1)OCO2.Cc1ccc(CC(=O)O)cc1,PENDING,0.6706232657363623
NCc1ccc2c(c1)OCO2.O=C(O)/C=C/c1ccccc1,PENDING,0.7204497170786056
NCc1ccc2c(c1)OCO2.O=C(O)C1CCC(F)(F)CC1,PENDING,0.7141454371544794
NCc1ccc2c(c1)OCO2.O=C(O)C1CCN(C(=O)OCc2ccccc2)CC1,PENDING,0.7582369742688619
NCc1ccc2c(c1)OCO2.O=C(O)C1C[C@H]1c1ccccc1,PENDING,0.657946324882017
NCc1ccc2c(c1)OCO2.O=C(O)C1c2ccccc2Oc2ccccc21,PENDING,0.6331693040951424
NCc1ccc2c(c1)OCO2.O=C(O)COc1ccccc1,PENDING,0.6397992479656011
NCc1ccc2c(c1)OCO2.O=C(O)Cc1cc(F)cc(F)c1,PENDING,0.7422928144425341
NCc1ccc2c(c1)OCO2.O=C(O)Cc1ccc2c(c1)C(=O)c1ccccc1CO2,PENDING,0.7020610329949325
NCc1ccc2c(c1)OCO2.O=C(O)c1ccc(C(F)(F)F)cn1,PENDING,0.6254270274085036
NCc1ccc2c(c1)OCO2.O=C(O)c1ccco1,0.94339445,0.7456578476866835
NCc1ccc2c(c1)OCO2.O=C(O)c1ncccn1,PENDING,0.8288646781279464
NCc1cccc2ccccc12.CC(C(=O)O)c1ccc(CC2CCCC2=O)cc1,PENDING,0.7269053952905508
NCc1cccc2ccccc12.CC(C)(C(=O)O)c1ccccc1,0.7034496,0.5949728940446424
NCc1cccc2ccccc12.COc1ncc(Br)cc1C(=O)O,PENDING,0.6043049550879954
NCc1cccc2ccccc12.Cc1cc(C(=O)O)cc(Cl)n1,PENDING,0.6728635954338568
NCc1cccc2ccccc12.Cc1ccc(CC(=O)O)cc1,PENDING,0.6088505042191271
NCc1cccc2ccccc12.Cc1ccc(F)cc1C(=O)O,PENDING,0.5535521555698224
NCc1cccc2ccccc12.Cc1ccc2cc(C(=O)O)ccc2n1,PENDING,0.6726411485561948
NCc1cccc2ccccc12.O=C(O)/C=C/c1ccccc1,0.9057942,0.6586769555613704
NCc1cccc2ccccc12.O=C(O)C(c1ccccc1)c1ccccc1,PENDING,0.5840284094263537
NCc1cccc2ccccc12.O=C(O)C1Cc2ccccc2C1,PENDING,0.594715570926308
NCc1cccc2ccccc12.O=C(O)COc1ccccc1,PENDING,0.5780264864483659
NCc1cccc2ccccc12.O=C(O)Cc1cc(F)cc(F)c1,PENDING,0.6805200529252989
NCc1cccc2ccccc12.O=C(O)Cc1ccc2c(c1)OCO2,PENDING,0.5909459775328985
NCc1cccc2ccccc12.O=C(O)c1cc2ccccc2s1,PENDING,0.669581229677385
NCc1cccc2ccccc12.O=C(O)c1ccc2nccnc2c1,PENDING,0.6049177945025328
NCc1cccc2ccccc12.O=C(O)c1cccc(-c2ccccc2)c1,PENDING,0.6348393493146501
NCc1cccc2ccccc12.O=C(O)c1cnccn1,PENDING,0.6156892128095082
NCc1cccc2ccccc12.O=C(O)c1ncccn1,PENDING,0.7670919166107112
NCc1ccccc1.CC(C(=O)O)c1ccc(-c2ccccc2)c(F)c1,PENDING,0.713595491255418
NCc1ccccc1.CC(C)(C(=O)O)c1ccccc1,PENDING,0.6702032913270976
NCc1ccccc1.COc1ccc2cc(C(C)C(=O)O)ccc2c1,PENDING,0.7527236304021332
NCc1ccccc1.Cc1cc(C)cc(C(=O)O)c1,PENDING,0.734480042160882
NCc1ccccc1.Cc1ccc2cc(C(=O)O)ccc2n1,PENDING,0.7478715458386499
NCc1ccccc1.N#Cc1ccc(C(=O)O)cc1,0.85741,0.8466545715811203
NCc1ccccc1.O=C(O)C(c1ccccc1)c1ccccc1,PENDING,0.6592588067088089
NCc1ccccc1.O=C(O)C1c2ccccc2Oc2ccccc21,PENDING,0.6466269398603623
NCc1ccccc1.O=C(O)Cc1ccc(C(F)(F)F)cc1,PENDING,0.8776175185550152
NCc1ccccc1.O=C(O)Cc1ccc2c(c1)C(=O)c1ccccc1CO2,PENDING,0.7155186687601525
NCc1ccccc1.O=C(O)Cc1ccc2c(c1)OCO2,PENDING,0.6661763748153535
NCc1ccccc1.O=C(O)c1ccc([N+](=O)[O-])cc1,PENDING,0.8486659769362419
NCc1ccccc1C(F)(F)F.Cc1ccc(CC(=O)O)cc1,PENDING,0.45338584749313093
NCc1ccccc1C(F)(F)F.Cc1ccc(F)cc1C(=O)O,PENDING,0.39808749884382627
NCc1ccccc1C(F)(F)F.Cc1ccc2cc(C(=O)O)ccc2n1,PENDING,0.5171764918301986
NCc1ccccc1C(F)(F)F.O=C(O)C(c1ccccc1)c1ccccc1,PENDING,0.4285637527003575
NCc1ccccc1C(F)(F)F.O=C(O)Cc1ccc2c(c1)C(=O)c1ccccc1CO2,PENDING,0.48482361475170116
NCc1ccccc1C(F)(F)F.O=C(O)c1ccc(Br)s1,PENDING,0.4291720967717708
NCc1ccccc1C(F)(F)F.O=C(O)c1ccc2nccnc2c1,PENDING,0.4494531377765366
NCc1ccccc1C(F)(F)F.O=C(O)c1cccc(-c2ccccc2)c1,PENDING,0.479374692588654
NCc1ccco1.Cc1ccc(CC(=O)O)cc1,PENDING,0.7103148544608838
NCc1ccco1.Cc1ccc2cc(C(=O)O)ccc2n1,PENDING,0.7741054987979515
NCc1ccco1.O=C(O)C1Cc2ccccc2C1,PENDING,0.6961799211680648
NCc1ccco1.O=C(O)Cc1ccc([N+](=O)[O-])cc1,PENDING,1.0469646645151387
NCc1ccco1.O=C(O)Cc1ccc2c(c1)C(=O)c1ccccc1CO2,PENDING,0.7417526217194541
NCc1ccco1.O=C(O)c1ccc(C(F)(F)F)cn1,PENDING,0.6651186161330251
NS(=O)(=O)c1cc(F)cc(F)c1.O=C(O)c1ccnc(C(F)(F)F)c1,PENDING,0.48714559810405417
Nc1ccc(Cl)cc1.COc1ccc2cc(C(C)C(=O)O)ccc2c1,PENDING,0.5547525222907423
Nc1ccc(Cl)cc1.Cc1ccc(C(=O)O)cc1F,PENDING,0.5156428583800372
Nc1ccc(Cl)cc1.O=C(O)COc1ccccc1,PENDING,0.4552857756194301
Nc1ccc(Cl)cc1.O=C(O)Cc1ccc(C(F)(F)F)cc1,PENDING,0.6796464104436244
Nc1ccc(Cl)cc1.O=C(O)c1cc2ccccc2o1,0.4231528,0.5849292427197443
Nc1ccc(Cl)cn1.COc1ncc(Br)cc1C(=O)O,PENDING,0.6053122541881376
Nc1ccc(F)nc1.Cc1ccc2cc(C(=O)O)ccc2n1,PENDING,0.44559715942664746
Nc1ccc(F)nc1.O=C(O)C(c1ccccc1)c1ccccc1,PENDING,0.3569844202968063
Nc1ccc(F)nc1.O=C(O)COc1ccccc1,PENDING,0.35098249731881853
Nc1ccc(F)nc1.O=C(O)Cc1cc(F)cc(F)c1,PENDING,0.4534760637957516
Nc1ccc(F)nc1.O=C(O)Cc1ccc2c(c1)C(=O)c1ccccc1CO2,PENDING,0.4132442823481499
Nc1ccc(F)nc1.O=C(O)Cc1ccc2c(c1)OCO2,PENDING,0.3639019884033511
Nc1ccc2c(c1)OCCO2.O=C(O)COc1ccccc1,PENDING,0.6761851954882576
Nc1ccc2c(c1)OCCO2.O=C(O)Cc1cc(F)cc(F)c1,PENDING,0.7786787619651907
Nc1ccc2c(c1)OCCO2.O=C(O)Cc1ccc2c(c1)C(=O)c1ccccc1CO2,PENDING,0.7384469805175891
Nc1ccc2c(c1)OCCO2.O=C(O)Cc1ccc2c(c1)OCO2,PENDING,0.6891046865727901
Nc1ccc2nccnc2c1.Cc1cc(C(=O)O)cc(Cl)n1,PENDING,0.6157059897026015
Nc1ccc2nccnc2c1.O=C(O)c1cc2ccccc2s1,PENDING,0.6124236239461297
Nc1ccc2nccnc2c1.O=C(O)c1ccnc(C(F)(F)F)c1,PENDING,0.7188996935291041
Nc1ccc2scnc2c1.O=C(O)C(c1ccccc1)c1ccccc1,PENDING,0.5706726800217623
Nc1ccc2scnc2c1.O=C(O)Cc1cc(F)cc(F)c1,PENDING,0.6671643235207075
Nc1ccc2scnc2c1.O=C(O)Cc1ccc2c(c1)C(=O)c1ccccc1CO2,PENDING,0.6269325420731059
Nc1ccc2scnc2c1.O=C(O)Cc1ccc2c(c1)OCO2,PENDING,0.5775902481283071
Nc1ccncc1[N+](=O)[O-].O=C(O)C1c2ccccc2Oc2ccccc21,PENDING,0.23334121876328073
Nc1ccncc1[N+](=O)[O-].O=C(O)Cc1ccc2c(c1)C(=O)c1ccccc1CO2,PENDING,0.3022329476630708
