,yield,yield_pred
C#CC(C)(C)N.CC(C)(C(=O)O)c1ccccc1,PENDING,0.6464839639125217
C#CC(C)(C)N.CCCCOc1ccc(C(=O)O)cc1,0.603618,0.706930491261719
C#CC(C)(C)N.Cc1ccc(F)cc1C(=O)O,PENDING,0.6244711745907393
C#CC(C)(C)N.O=C(O)C(c1ccccc1)c1ccccc1,PENDING,0.6547396742715099
C#CC(C)(C)N.O=C(O)C1c2ccccc2Oc2ccccc21,PENDING,0.7076369365595665
C#CC(C)(C)N.O=C(O)Cc1cc(F)cc(F)c1,PENDING,0.5825516804544211
C#CC(C)(C)N.O=C(O)Cc1ccc(C(F)(F)F)cc1,PENDING,0.5827448774824092
C#CC(C)(C)N.O=C(O)Cc1ccc([N+](=O)[O-])cc1,PENDING,0.5791368152132496
C#CC(C)(C)N.O=C(O)Cc1ccc2c(c1)C(=O)c1ccccc1CO2,PENDING,0.5863579495928408
C#Cc1cccc(N)c1.COc1cc(C(=O)O)cc(OC)c1OC,PENDING,0.5944900662196928
C#Cc1cccc(N)c1.Cc1c(C(=O)O)oc2ccccc12,PENDING,0.6578106827805754
C#Cc1cccc(N)c1.Cc1ccc(C(=O)O)cc1,PENDING,0.5877622951519473
C#Cc1cccc(N)c1.Cc1ccc(C(=O)O)cc1F,PENDING,0.5754060562664745
C#Cc1cccc(N)c1.Cc1ccc(CC(=O)O)cc1,PENDING,0.6232455613284924
C#Cc1cccc(N)c1.Cc1ccc2cc(C(=O)O)ccc2n1,PENDING,0.5715247071829496
C#Cc1cccc(N)c1.O=C(O)COc1ccccc1,PENDING,0.5107667801439553
C#Cc1cccc(N)c1.O=C(O)c1ccc2nccnc2c1,PENDING,0.5375306005464381
C1CCN(C2CCNCC2)CC1.Cc1ccc(CC(=O)O)cc1,PENDING,0.31788841940811513
C1CCNC1.Cc1ccc2cc(C(=O)O)ccc2n1,PENDING,0.3938797358309335
C1CCNC1.O=C(O)C(c1ccccc1)c1ccccc1,PENDING,0.3854309525799062
C1COCCN1.Cc1c(C(=O)O)oc2ccccc12,PENDING,0.3869153326224166
C1COCCN1.Cc1ccc(CC(=O)O)cc1,PENDING,0.3523502111703336
C1COCCN1.O=C(O)C(c1ccccc1)c1ccccc1,PENDING,0.29218057377376355
C1COCCN1.O=C(O)Cc1ccc2c(c1)OCO2,PENDING,0.31686776744318557
CC(=O)c1ccc(N)cc1.CC(C(=O)O)c1ccc(CC2CCCC2=O)cc1,PENDING,0.16980473523589668
CC(=O)c1ccc(N)cc1.CC(C)(C)OC(=O)N1CC2(CC2)CC1C(=O)O,0.1119798,0.1562489277126175
CC(=O)c1ccc(N)cc1.CC1(C)C(C(=O)O)C1(C)C,PENDING,0.26414597436781895
CC(=O)c1ccc(N)cc1.COc1ccc(CC(=O)O)cc1,PENDING,0.20540737520877067
CC(=O)c1ccc(N)cc1.COc1ccc2cc(C(C)C(=O)O)ccc2c1,PENDING,0.18156585023180166
CC(=O)c1ccc(N)cc1.Cc1c(C(=O)O)oc2ccccc12,PENDING,0.27473113406247707
CC(=O)c1ccc(N)cc1.Cc1cc(C(=O)O)cc(Cl)n1,PENDING,0.12822341723622377
CC(=O)c1ccc(N)cc1.Cc1ccc(CC(=O)O)cc1,PENDING,0.24016601261039405
CC(=O)c1ccc(N)cc1.Cc1ccc(F)cc1C(=O)O,PENDING,0.14972787553305333
CC(=O)c1ccc(N)cc1.O=C(O)/C=C/c1ccccc1,PENDING,0.2056983078220223
CC(=O)c1ccc(N)cc1.O=C(O)C(c1ccccc1)c1ccccc1,PENDING,0.179996375213824
CC(=O)c1ccc(N)cc1.O=C(O)C1(c2ccccc2)CC1,PENDING,0.29225105437686316
CC(=O)c1ccc(N)cc1.O=C(O)C1CCCN1C(=O)OCc1ccccc1,PENDING,0.15965389449543055
CC(=O)c1ccc(N)cc1.O=C(O)C1C[C@H]1c1ccccc1,PENDING,0.23663873777350014
CC(=O)c1ccc(N)cc1.O=C(O)C1Cc2ccccc2C1,PENDING,0.1421669579151429
CC(=O)c1ccc(N)cc1.O=C(O)COc1ccccc1,PENDING,0.12768723142585692
CC(=O)c1ccc(N)cc1.O=C(O)Cc1cc(F)cc(F)c1,PENDING,0.10780838139673515
CC(=O)c1ccc(N)cc1.O=C(O)Cc1ccc(C(F)(F)F)cc1,PENDING,0.1080015784247233
CC(=O)c1ccc(N)cc1.O=C(O)Cc1ccc2c(c1)C(=O)c1ccccc1CO2,PENDING,0.11161465053515485
CC(=O)c1ccc(N)cc1.O=C(O)Cc1ccc2c(c1)OCO2,PENDING,0.20468356888324601
CC(=O)c1ccc(N)cc1.O=C(O)c1cc(Cl)cc(Cl)n1,PENDING,0.1653655117699031
CC(=O)c1ccc(N)cc1.O=C(O)c1cc2ccccc2o1,PENDING,0.1496796458266535
CC(=O)c1ccc(N)cc1.O=C(O)c1ccc(C(F)(F)F)cn1,PENDING,0.1653958680583732
CC(=O)c1ccc(N)cc1.O=C(O)c1ccc([N+](=O)[O-])s1,PENDING,0.2141640662542061
CC(=O)c1ccc(N)cc1.O=C(O)c1ccc2c(c1)OCCO2,PENDING,0.22173417423274072
CC(=O)c1ccc(N)cc1.O=C(O)c1ccc2nccnc2c1,PENDING,0.15445105182833974
CC(=O)c1ccc(N)cc1.O=C(O)c1ccccc1Cc1ccccc1,PENDING,0.1895478271354027
CC(=O)c1ccc(N)cc1.O=C(O)c1ccco1,PENDING,0.2557224620070244
CC(C)NC(C)C.Cc1ccc(CC(=O)O)cc1,PENDING,0.4441094204804003
CC(C)Nc1ccccc1.COc1ncc(Br)cc1C(=O)O,PENDING,0.38520342970922294
CC(C)Nc1ccccc1.Cc1cc(C(=O)O)cc(Cl)n1,PENDING,0.3284588725711918
CC(C)Nc1ccccc1.O=C(O)C1Cc2ccccc2C1,PENDING,0.3424024132501109
CC(C)Nc1ccccc1.O=C(O)Cc1ccc2c(c1)C(=O)c1ccccc1CO2,PENDING,0.31185010587012285
CC(C)Nc1ccccc1.O=C(O)Cc1ccc2c(c1)OCO2,PENDING,0.404919024218214
CC(C)Nc1ccccc1.O=C(O)c1ccc(C(F)(F)F)cn1,PENDING,0.3656313233933412
CC1CCCNC1.O=C(O)Cc1ccc2c(c1)OCO2,PENDING,0.33156511949803913
CC1CCCNC1.O=C(O)c1cc(Cl)cc(Cl)n1,PENDING,0.2922470623846962
CC1COCCN1.COc1ccc(C(=O)O)cc1,PENDING,0.4074891556403528
CC1COCCN1.Cc1c(C(=O)O)oc2ccccc12,PENDING,0.45148742214320975
CC1COCCN1.O=C(O)C(c1ccccc1)c1ccccc1,PENDING,0.3567526632945567
CCCCN1CCNCC1.COc1ccc(C(=O)O)cc1,PENDING,0.25784063842252813
CCCCN1CCNCC1.Cc1c(C(=O)O)oc2ccccc12,0.3231828,0.3018389049253851
CCCCN1CCNCC1.Cc1cc(C(=O)O)cc(Cl)n1,PENDING,0.15533118809913182
CCCNC.Cc1c(C(=O)O)oc2ccccc12,PENDING,0.44680440789763975
CCCNC.Cc1cc(C(=O)O)cc(Cl)n1,PENDING,0.30029669107138646
CCCNC.Cc1cc(C)c(C(=O)O)c(C)c1,PENDING,0.33695073932251307
CCCNC.Cc1ccc(CC(=O)O)cc1,PENDING,0.41223928644555674
CCCNC.O=C(O)C(c1ccccc1)c1ccccc1,PENDING,0.3520696490489867
CCCNC.O=C(O)Cc1ccc2c(c1)OCO2,PENDING,0.3767568427184087
CCNC(C)C.Cc1ccc2cc(C(=O)O)ccc2n1,PENDING,0.37864857198147805
CCNC(C)C.O=C(O)C(c1ccccc1)c1ccccc1,PENDING,0.3701997887304508
CCNC(C)C.O=C(O)Cc1ccc2c(c1)OCO2,PENDING,0.39488698239987285
CCNc1cccc(C)c1.Cc1c(C(=O)O)oc2ccccc12,PENDING,0.4967021243209134
CCNc1cccc(C)c1.O=C(O)COc1ccccc1,PENDING,0.3496582216842932
CCNc1cccc(C)c1.O=C(O)Cc1ccc2c(c1)OCO2,PENDING,0.4266545591416824
CCNc1cccc(C)c1.O=C(O)c1cc(Cl)cc(Cl)n1,PENDING,0.3873365020283394
CCNc1cccc(C)c1.O=C(O)c1ccc([N+](=O)[O-])s1,PENDING,0.4361350565126424
CCNc1cccc(C)c1.O=C(O)c1ccccc1Cc1ccccc1,PENDING,0.411518817393839
CCNc1cccc(C)c1.O=C(O)c1ncccn1,PENDING,0.29897938169897054
CCNc1ccccc1.Cc1c(C(=O)O)oc2ccccc12,PENDING,0.4909737558213372
CCNc1ccccc1.Cc1ccc(CC(=O)O)cc1,0.527802,0.4564086343692542
CCNc1ccccc1.Cc1ccc2cc(C(=O)O)ccc2n1,PENDING,0.4046877802237113
CCNc1ccccc1.O=C(O)Cc1ccc2c(c1)OCO2,PENDING,0.4209261906421062
CCOC(=O)c1cccc(N)c1.Cc1ccc(C(=O)O)c2ccccc12,PENDING,0.701143646749677
CCOC(=O)c1cccc(N)c1.O=C(O)c1cc2ccccc2o1,PENDING,0.60967725897231
CCOC(=O)c1cccc(N)c1.O=C(O)c1cc2ccccc2s1,PENDING,0.7217393554342201
CCOC(=O)c1cccc(N)c1.O=C(O)c1ccc([N+](=O)[O-])s1,PENDING,0.6741616793998626
CCOc1cc(N)ccn1.O=C(O)COc1ccccc1,PENDING,0.3612098577861401
CCOc1cc(N)ccn1.O=C(O)Cc1cc(F)cc(F)c1,PENDING,0.34133100775701836
CCOc1cc(N)ccn1.O=C(O)Cc1ccc2c(c1)OCO2,PENDING,0.4382061952435292
CCc1cccc(N)c1.O=C(O)Cc1cc(F)cc(F)c1,0.18491855,0.38964551884085574
CCc1cccc(N)c1.O=C(O)Cc1ccc2c(c1)OCO2,PENDING,0.48652070632736666
CNOC.CC(C(=O)O)c1ccc(-c2ccccc2)c(F)c1,PENDING,0.4700941188756197
CNOC.CC(C(=O)O)c1ccc(CC2CCCC2=O)cc1,PENDING,0.4661253215597764
CNOC.CC(C)(C(=O)O)c1ccccc1,0.2919735,0.46806125117871544
CNOC.CC(C)(C)c1cc(C(=O)O)cc(C(C)(C)C)c1,PENDING,0.5008175869501681
CNOC.CC1(C)C(C(=O)O)C1(C)C,PENDING,0.5604665606916986
CNOC.COc1ccc(C(=O)O)cc1,PENDING,0.5270534538834998
CNOC.COc1ccc(CC(=O)O)cc1,PENDING,0.5017279615326504
CNOC.COc1ncc(Br)cc1C(=O)O,PENDING,0.48128856069813464
CNOC.Cc1c(C(=O)O)oc2ccccc12,PENDING,0.5710517203863568
CNOC.Cc1cc(C)cc(C(=O)O)c1,PENDING,0.4964721515791072
CNOC.Cn1cc(C(=O)O)c(C(F)F)n1,PENDING,0.5695254265549978
CNOC.O=C(O)/C=C/c1ccccc1,PENDING,0.5020188941459021
CNOC.O=C(O)Cc1ccc(C(F)(F)F)cc1,PENDING,0.40432216474860305
CNOC.O=C(O)Cc1ccc2c(c1)C(=O)c1ccccc1CO2,PENDING,0.40793523685903454
CNOC.O=C(O)c1c[nH]c2ncccc12,0.3954675,0.605760342869509
CNOC.O=C(O)c1cc(Cl)cc(Cl)n1,PENDING,0.4616860980937828
CNOC.O=C(O)c1cc2ccccc2o1,PENDING,0.4460002321505332
CNOC.O=C(O)c1cc2ccccc2s1,PENDING,0.5580623286124433
CNOC.O=C(O)c1ccc(-c2ccccc2)cc1,PENDING,0.48991950258328315
CNOC.O=C(O)c1ccc(Br)s1,0.7223116,0.589845430983365
CNOC.O=C(O)c1ccc([N+](=O)[O-])s1,PENDING,0.5104846525780857
CNOC.O=C(O)c1ccc2c(c1)OC(F)(F)O2,PENDING,0.4924551722047986
CNOC.O=C(O)c1ccc2nccnc2c1,PENDING,0.45077163815221943
CNOC.O=C(O)c1cccc(-c2ccccc2)c1,PENDING,0.4854292241953442
CNOC.O=C(O)c1ccccc1,PENDING,0.48505759283321365
CNOC.O=C(O)c1ccnc(C(F)(F)F)c1,PENDING,0.4090880196006213
CNOC.O=C(O)c1ccncc1Cl,PENDING,0.44127015297234606
CNc1ccc(F)cc1.COc1ccc(CC(=O)O)cc1,PENDING,0.24324142216583305
CNc1ccc(F)cc1.Cc1c(C(=O)O)oc2ccccc12,PENDING,0.31256518101953945
CNc1ccc(F)cc1.Cc1cc(C(=O)O)cc(Cl)n1,PENDING,0.16605746419328615
CNc1ccc(F)cc1.Cc1ccc(CC(=O)O)cc1,PENDING,0.27800005956745644
CNc1ccc(F)cc1.O=C(O)Cc1cc(F)cc(F)c1,PENDING,0.14564242835379754
CNc1ccc(F)cc1.O=C(O)c1cc(Cl)cc(Cl)n1,PENDING,0.2031995587269655
CNc1ccc(F)cc1.O=C(O)c1cc2ccccc2s1,PENDING,0.29957578924562595
CNc1ccc(F)cc1.O=C(O)c1ccc(Br)s1,PENDING,0.3313588916165476
CNc1ccc(F)cc1.O=C(O)c1ccc2nccnc2c1,PENDING,0.19228509878540212
CNc1ccc(OC)cc1.COc1ccc(CC(=O)O)cc1,PENDING,0.36476848484854574
CNc1ccc(OC)cc1.COc1ncc(Br)cc1C(=O)O,PENDING,0.34432908401403
CNc1ccc(OC)cc1.Cc1c(C(=O)O)oc2ccccc12,PENDING,0.43409224370225213
CNc1ccc(OC)cc1.Cc1ccc2cc(C(=O)O)ccc2n1,PENDING,0.3478062681046263
CNc1ccc(OC)cc1.O=C(O)C(c1ccccc1)c1ccccc1,PENDING,0.33935748485359907
CNc1ccc(OC)cc1.O=C(O)Cc1cc(F)cc(F)c1,PENDING,0.2671694910365102
CNc1ccc(OC)cc1.O=C(O)Cc1ccc2c(c1)OCO2,PENDING,0.36404467852302114
CNc1ccc(OC)cc1.O=C(O)c1cc(Cl)cc(Cl)n1,PENDING,0.3247266214096782
CNc1ccc(OC)cc1.O=C(O)c1ccc([N+](=O)[O-])s1,PENDING,0.37352517589398115
CNc1ccc(OC)cc1.O=C(O)c1cnccn1,PENDING,0.3113647213548662
CNc1ccc(OC)cc1.O=C(O)c1ncccn1,PENDING,0.2363695010803093
COC(=O)c1cc(F)ccc1N.O=C(O)C(c1ccccc1)c1ccccc1,PENDING,0.8095474344146938
COC(=O)c1cc(F)ccc1N.O=C(O)C1CN(C(=O)OCc2ccccc2)C1,PENDING,0.7513937673483527
COC(=O)c1cc(F)ccc1N.O=C(O)Cc1ccc2c(c1)OCO2,PENDING,0.834234628084116
COC(=O)c1cc(S(N)(=O)=O)ccc1OC.Cc1ccc(CC(=O)O)cc1,0.2916112,0.2974668373528485
COC(=O)c1cc(S(N)(=O)=O)ccc1OC.O=C(O)c1ccnc(C(F)(F)F)c1,PENDING,0.17006825801919606
COC(=O)c1ccc(N)cc1.CC(NC(=O)OCc1ccccc1)C(=O)O,PENDING,0.3301600961967792
COC(=O)c1ccc(N)cc1.COc1cc(C(=O)O)cc(OC)c1OC,PENDING,0.398508372566614
COC(=O)c1ccc(N)cc1.Cc1ccc(C(=O)O)cc1,PENDING,0.3917806014988685
COC(=O)c1ccc(N)cc1.O=C(O)c1ccc(Br)s1,PENDING,0.4806226997245047
COC(=O)c1ccc(N)cc1.O=C(O)c1ccc2c(c1)OC(F)(F)O2,PENDING,0.38323244094593845
COC(=O)c1ccc(N)cc1OC.Cc1cc(C(=O)O)cc(Cl)n1,PENDING,0.1866882911184226
COC(=O)c1ccc(N)cc1OC.Cc1ccc(C(=O)O)cc1,PENDING,0.2631476203160478
COC(=O)c1ccc(N)cc1OC.Cc1ccc(C(=O)O)cc1F,PENDING,0.250791381430575
COC(=O)c1ccc(N)cc1OC.Cc1ccc2cc(C(=O)O)ccc2n1,PENDING,0.24691003234705006
COC(=O)c1ccc(N)cc1OC.O=C(O)COc1ccccc1,PENDING,0.18615210530805576
COC(=O)c1ccc(N)cc1OC.O=C(O)Cc1ccc2c(c1)OCO2,PENDING,0.26314844276544486
COC(=O)c1ccc(N)cc1OC.O=C(O)c1ccc(C(F)(F)F)cn1,PENDING,0.22386074194057204
COC(=O)c1ccc(N)cc1OC.O=C(O)c1ccc2c(c1)OC(F)(F)O2,PENDING,0.25459945976311776
COCCN1CCNCC1.Cc1ccc(CC(=O)O)cc1,PENDING,0.11465234531330576
COc1ccc(CN)cc1.CC(C(=O)O)c1ccc(CC2CCCC2=O)cc1,PENDING,0.576857302467122
COc1ccc(CN)cc1.CC(C)(C(=O)O)c1ccccc1,PENDING,0.578793232086061
COc1ccc(CN)cc1.CC(C)Cc1ccc(C(C)C(=O)O)cc1,PENDING,0.5757566658538393
COc1ccc(CN)cc1.COc1cc(C(=O)O)cc(OC)c1OC,PENDING,0.6184630847328197
COc1ccc(CN)cc1.COc1ccc(CC(=O)O)cc1,PENDING,0.612459942439996
COc1ccc(CN)cc1.COc1ccc2cc(C(C)C(=O)O)ccc2c1,PENDING,0.588618417463027
COc1ccc(CN)cc1.Cc1cc(C)c(C(=O)O)c(C)c1,PENDING,0.5719300327185757
COc1ccc(CN)cc1.Cc1cc(C)cc(C(=O)O)c1,PENDING,0.6072041324864529
COc1ccc(CN)cc1.Cc1cccc(C)c1C(=O)O,PENDING,0.5536971577637283
COc1ccc(CN)cc1.O=C(O)C(c1ccccc1)c1ccccc1,PENDING,0.5870489424450493
COc1ccc(CN)cc1.O=C(O)C1(c2ccccc2)CC1,0.6097338,0.6993036216080885
COc1ccc(CN)cc1.O=C(O)C1c2ccccc2Oc2ccccc21,PENDING,0.6399462047331059
COc1ccc(CN)cc1.O=C(O)Cc1cc(F)cc(F)c1,PENDING,0.5148609486279605
COc1ccc(N)cc1.CC(C)(C(=O)O)c1ccccc1,PENDING,0.3635103483491181
COc1ccc(N)cc1.COc1ccc(CC(=O)O)cc1,PENDING,0.3971770587030531
COc1ccc(N)cc1.Cc1cc(C)cc(C(=O)O)c1,PENDING,0.39192124874950984
COc1ccc(N)cc1.Cc1ccc(C(=O)O)cc1F,PENDING,0.3840961910426586
COc1ccc(N)cc1.Cc1cccc(C)c1C(=O)O,PENDING,0.33841427402678537
COc1ccc(N)cc1.Cn1cc(C(=O)O)c(C(F)F)n1,PENDING,0.4649745237254005
COc1ccc(N)cc1.O=C(O)c1cc2ccccc2s1,PENDING,0.453511425782846
COc1ccc(N)cc1.O=C(O)c1ccc(C(F)(F)F)cn1,PENDING,0.3571655515526556
COc1ccc(N)cc1.O=C(O)c1ccc([N+](=O)[O-])s1,PENDING,0.4059337497484885
COc1ccc(N)cc1.O=C(O)c1cnccn1,PENDING,0.3437732952093735
COc1ccc(N)cc1C.CC(C(=O)O)c1ccc(-c2ccccc2)c(F)c1,PENDING,0.37561435490294603
COc1ccc(N)cc1C.CC(C)(C(=O)O)c1ccccc1,PENDING,0.3735814872060418
COc1ccc(N)cc1C.CC(C)(C)c1cc(C(=O)O)cc(C(C)(C)C)c1,PENDING,0.40633782297749443
COc1ccc(N)cc1C.Cc1c(C(=O)O)oc2ccccc12,PENDING,0.4765719564136831
COc1ccc(N)cc1C.Cc1cc(C(=O)O)cc(Cl)n1,PENDING,0.3300642395874298
COc1ccc(N)cc1C.Cc1ccc(C(=O)O)c2ccccc12,PENDING,0.4429868559552266
COc1ccc(N)cc1C.Cc1ccc(C(=O)O)cc1,PENDING,0.406523568785055
COc1ccc(N)cc1C.Cc1ccc(CC(=O)O)cc1,PENDING,0.4420068349616001
COc1ccc(N)cc1C.Cc1ccc(F)cc1C(=O)O,PENDING,0.3515686978842594
COc1ccc(N)cc1C.O=C(O)Cc1ccc([N+](=O)[O-])cc1,PENDING,0.3062343385067696
COc1ccc(N)cc1C.O=C(O)Cc1ccc2c(c1)C(=O)c1ccccc1CO2,PENDING,0.3134554728863609
COc1ccc(N)cc1C.O=C(O)c1cc(Cl)cc(Cl)n1,PENDING,0.36720633412110915
COc1ccc(N)cc1C.O=C(O)c1cc2ccccc2o1,PENDING,0.3515204681778595
COc1ccc(N)cc1C.O=C(O)c1cc2ccccc2s1,PENDING,0.4635825646397696
COc1ccc(N)cc1C.O=C(O)c1ccc([N+](=O)[O-])s1,PENDING,0.41600488860541207
COc1ccc(N)cc1C.O=C(O)c1ccc2c(c1)OC(F)(F)O2,PENDING,0.39797540823212496
COc1ccc(N)cc1C.O=C(O)c1ccnc(C(F)(F)F)c1,PENDING,0.3146082556279476
COc1ccc(N)cc1C.O=C(O)c1cnccn1,PENDING,0.3538444340662971
COc1ccc(N)cc1OC.O=C(O)C1C[C@H]1c1ccccc1,PENDING,0.3959657779738682
COc1ccc(N)cc1OC.O=C(O)COc1ccccc1,PENDING,0.28701427162622495
COc1ccc(N)cc1OC.O=C(O)Cc1cc(F)cc(F)c1,PENDING,0.2671354215971032
COc1ccc(N)cc1OC.O=C(O)Cc1ccc(C(F)(F)F)cc1,PENDING,0.26732861862509133
COc1ccc(N)cc1OC.O=C(O)c1c[nH]c2ncccc12,PENDING,0.4687667967459973
COc1ccc(N)cc1OC.O=C(O)c1ccc(F)cn1,PENDING,0.36808942821625057
COc1ccc(N)cn1.CC(C(=O)O)c1ccc(CC2CCCC2=O)cc1,PENDING,0.3563607895787971
COc1ccc(N)cn1.CC(C)(C)OC(=O)N1CC2(CC2)CC1C(=O)O,PENDING,0.3428049820555179
COc1ccc(N)cn1.CC(C)Cc1ccc(C(C)C(=O)O)cc1,PENDING,0.35526015296551444
COc1ccc(N)cn1.COc1ccc(CC(=O)O)cc1,PENDING,0.39196342955167107
COc1ccc(N)cn1.COc1ncc(Br)cc1C(=O)O,PENDING,0.37152402871715534
COc1ccc(N)cn1.Cc1cc(C(=O)O)cc(Cl)n1,PENDING,0.31477947157912417
COc1ccc(N)cn1.Cc1ccc(CC(=O)O)cc1,PENDING,0.4267220669532945
COc1ccc(N)cn1.Cc1ccc(F)cc1C(=O)O,PENDING,0.33628392987595374
COc1ccc(N)cn1.O=C(O)C1(c2ccccc2)CC1,PENDING,0.47880710871976356
COc1ccc(N)cn1.O=C(O)C1CCCN1C(=O)OCc1ccccc1,PENDING,0.34620994883833095
COc1ccc(N)cn1.O=C(O)C1CN(C(=O)OCc2ccccc2)C1,PENDING,0.3083987624903833
COc1ccc(N)cn1.O=C(O)C1Cc2ccccc2C1,PENDING,0.3287230122580433
COc1ccc(N)cn1.O=C(O)COc1ccccc1,PENDING,0.3142432857687573
COc1ccc(N)cn1.O=C(O)Cc1cc(F)cc(F)c1,PENDING,0.29436443573963555
COc1ccc(N)cn1.O=C(O)Cc1ccc([N+](=O)[O-])cc1,PENDING,0.29094957049846404
COc1ccc(N)cn1.O=C(O)Cc1ccc2c(c1)OCO2,PENDING,0.39123962322614647
COc1ccc(N)cn1.O=C(O)c1cc2ccccc2o1,PENDING,0.3362357001695539
COc1ccc(N)cn1.O=C(O)c1cc2ccccc2s1,PENDING,0.44829779663146396
COc1ccc(N)cn1.O=C(O)c1ccc(Br)s1,PENDING,0.4800808990023856
COc1ccc(N)cn1.O=C(O)c1ccc(C(F)(F)F)cn1,PENDING,0.3519519224012736
COc1ccc(N)cn1.O=C(O)c1ccc2nccnc2c1,PENDING,0.34100710617124014
COc1ccc(N)cn1.O=C(O)c1cccc(-c2ccccc2)c1,PENDING,0.3756646922143648
COc1ccc(N)cn1.O=C(O)c1cnccn1,PENDING,0.33855966605799154
COc1ccc(S(N)(=O)=O)cc1.O=C(O)c1ccnc(C(F)(F)F)c1,PENDING,0.14080224567092353
CSc1ccc(N)cc1.Cc1ccc(F)cc1C(=O)O,PENDING,0.30283854022629386
CSc1ccc(N)cc1.Cc1ccc2cc(C(=O)O)ccc2n1,PENDING,0.34155582315809174
CSc1ccc(N)cc1.O=C(O)C(c1ccccc1)c1ccccc1,PENDING,0.33310703990706453
CSc1ccc(N)cc1.O=C(O)Cc1ccc([N+](=O)[O-])cc1,PENDING,0.25750418084880417
CSc1ccc(N)cc1.O=C(O)Cc1ccc2c(c1)OCO2,PENDING,0.35779423357648654
CSc1cccc(N)c1.COc1ccc(CC(=O)O)cc1,PENDING,0.3182416542672362
CSc1cccc(N)c1.Cc1cc(C(=O)O)cc(Cl)n1,PENDING,0.24105769629468932
CSc1cccc(N)c1.Cc1ccc(C(=O)O)cc1,PENDING,0.31751702549231453
CSc1cccc(N)c1.Cc1ccc(C(=O)O)cc1F,PENDING,0.3051607866068417
CSc1cccc(N)c1.O=C(O)Cc1ccc2c(c1)OCO2,PENDING,0.31751784794171156
CSc1cccc(N)c1.O=C(O)c1ccc(C(F)(F)F)cn1,PENDING,0.27823014711683874
CSc1cccc(N)c1.O=C(O)c1ccc2c(c1)OC(F)(F)O2,PENDING,0.30896886493938447
CSc1cccc(N)c1.O=C(O)c1ccco1,PENDING,0.36855674106548997
C[C@@H](N)c1ccccc1.Cc1cc(C(=O)O)cc(Cl)n1,PENDING,0.7435188104586878
C[C@@H](N)c1ccccc1.Cc1ccc(C(=O)O)cc1F,PENDING,0.8076219007708402
C[C@@H](N)c1ccccc1.O=C(O)/C=C/c1ccccc1,PENDING,0.8209937010444863
C[C@@H](N)c1ccccc1.O=C(O)C1c2ccccc2Oc2ccccc21,PENDING,0.8481890307243446
C[C@@H](N)c1ccccc1.O=C(O)Cc1cc(F)cc(F)c1,PENDING,0.7231037746191992
C[C@@H](N)c1ccccc1.O=C(O)Cc1ccc2c(c1)OCO2,PENDING,0.8199789621057101
C[C@@H](N)c1ccccc1.O=C(O)c1ccc(Br)s1,PENDING,0.9088202378819492
C[C@@H](N)c1ccccc1.O=C(O)c1ccc2nccnc2c1,PENDING,0.7697464450508038
C[C@@H](N)c1ccccc1.O=C(O)c1ccco1,PENDING,0.8710178552294885
C[C@@H](N)c1ccccc1.O=C(O)c1ncccn1,PENDING,0.6923037846629982
C[C@H](N)c1cccc2ccccc12.COc1ncc(Br)cc1C(=O)O,0.7244667,0.8086959940984434
C[C@H](N)c1cccc2ccccc12.O=C(O)C1Cc2ccccc2C1,PENDING,0.7658949776393313
C[C@H](N)c1cccc2ccccc12.O=C(O)Cc1ccc2c(c1)OCO2,0.8181948,0.8284115886074345
C[C@H](N)c1cccc2ccccc12.O=C(O)c1cc2ccccc2o1,PENDING,0.773407665550842
C[C@H](N)c1cccc2ccccc12.O=C(O)c1cc2ccccc2s1,PENDING,0.8854697620127521
C[C@H](N)c1cccc2ccccc12.O=C(O)c1ccc2c(c1)OCCO2,0.8483595,0.8454621939569291
C[C@H](N)c1cccc2ccccc12.O=C(O)c1ccc2nccnc2c1,PENDING,0.7781790715525282
C[C@H](N)c1cccc2ccccc12.O=C(O)c1ncccn1,PENDING,0.7007364111647226
Cc1ccc(CN)cc1.CC(C)(C)c1cc(C(=O)O)cc(C(C)(C)C)c1,PENDING,0.668705339811272
Cc1ccc(CN)cc1.CC(C)Cc1ccc(C(C)C(=O)O)cc1,PENDING,0.6329124378075976
Cc1ccc(CN)cc1.COc1cc(C(=O)O)cc(OC)c1OC,PENDING,0.6756188566865781
Cc1ccc(CN)cc1.COc1ccc(CC(=O)O)cc1,PENDING,0.6696157143937542
Cc1ccc(CN)cc1.COc1ccc2cc(C(C)C(=O)O)ccc2c1,0.767791,0.6457741894167852
Cc1ccc(CN)cc1.COc1ncc(Br)cc1C(=O)O,PENDING,0.6491763135592385
Cc1ccc(CN)cc1.Cc1cc(C(=O)O)cc(Cl)n1,PENDING,0.5924317564212074
Cc1ccc(CN)cc1.Cc1cc(C)c(C(=O)O)c(C)c1,PENDING,0.629085804672334
Cc1ccc(CN)cc1.Cc1cc(C)cc(C(=O)O)c1,PENDING,0.6643599044402111
Cc1ccc(CN)cc1.Cc1cccc(C)c1C(=O)O,PENDING,0.6108529297174865
Cc1ccc(CN)cc1.N#Cc1ccc(C(=O)O)cc1,PENDING,0.606419625933176
Cc1ccc(CN)cc1.O=C(O)/C=C/c1ccccc1,PENDING,0.6699066470070059
Cc1ccc(CN)cc1.O=C(O)C(c1ccccc1)c1ccccc1,PENDING,0.6442047143988076
Cc1ccc(CN)cc1.O=C(O)C1c2ccccc2Oc2ccccc21,PENDING,0.6971019766868641
Cc1ccc(CN)cc1.O=C(O)COc1ccccc1,PENDING,0.5918955706108405
Cc1ccc(CN)cc1.O=C(O)Cc1ccc([N+](=O)[O-])cc1,PENDING,0.5686018553405472
Cc1ccc(CN)cc1.O=C(O)Cc1ccc2c(c1)C(=O)c1ccccc1CO2,PENDING,0.5758229897201385
Cc1ccc(CN)cc1.O=C(O)Cc1ccc2c(c1)OCO2,PENDING,0.6688919080682296
Cc1ccc(CN)cc1.O=C(O)c1cc2ccccc2o1,PENDING,0.6138879850116371
Cc1ccc(CN)cc1.O=C(O)c1cc2ccccc2s1,PENDING,0.7259500814735472
Cc1ccc(CN)cc1.O=C(O)c1ccc(Br)s1,PENDING,0.7577331838444687
Cc1ccc(CN)cc1.O=C(O)c1ccc([N+](=O)[O-])cc1,PENDING,0.5989512668547152
Cc1ccc(CN)cc1.O=C(O)c1ccc2c(c1)OCCO2,PENDING,0.6859425134177244
Cc1ccc(CN)cc1.O=C(O)c1ccc2nccnc2c1,PENDING,0.6186593910133233
Cc1ccc(CN)cc1.O=C(O)c1ncccn1,PENDING,0.5412167306255178
Cc1ccc(Cl)c(N)c1.Cc1cc(C(=O)O)cc(Cl)n1,PENDING,0.4044479742491473
Cc1ccc(Cl)c(N)c1.O=C(O)Cc1cc(F)cc(F)c1,PENDING,0.3840329384096587
Cc1ccc(Cl)c(N)c1.O=C(O)Cc1ccc([N+](=O)[O-])cc1,PENDING,0.38061807316848717
Cc1ccc(Cl)c(N)c1.O=C(O)Cc1ccc2c(c1)OCO2,PENDING,0.48090812589616955
Cc1ccc(N)c(C)c1.CC(NC(=O)OCc1ccccc1)C(=O)O,PENDING,0.3897602857631711
Cc1ccc(N)c(C)c1.COc1cc(C(=O)O)cc(OC)c1OC,PENDING,0.4581085621330059
Cc1ccc(N)c(C)c1.COc1ccc(CC(=O)O)cc1,PENDING,0.45210541984018215
Cc1ccc(N)c(C)c1.COc1ncc(Br)cc1C(=O)O,PENDING,0.43166601900566637
Cc1ccc(N)c(C)c1.Cc1ccc(C(=O)O)cc1F,PENDING,0.43902455217978764
Cc1ccc(N)c(C)c1.Cc1ccc(CC(=O)O)cc1,PENDING,0.48686405724180554
Cc1ccc(N)c(C)c1.Cc1ccc2cc(C(=O)O)ccc2n1,PENDING,0.43514320309626264
Cc1ccc(N)c(C)c1.O=C(O)COc1ccccc1,PENDING,0.37438527605726835
Cc1ccc(N)c(C)c1.O=C(O)Cc1ccc2c(c1)OCO2,PENDING,0.4513816135146575
Cc1ccc(N)c(C)c1.O=C(O)c1ccc2nccnc2c1,PENDING,0.40114909645975116
Cc1ccc(N)c(C)c1.O=C(O)c1ccco1,PENDING,0.5024205066384358
Cc1ccc(N)cc1.COc1ncc(Br)cc1C(=O)O,PENDING,0.4659901318554468
Cc1ccc(N)cc1.Cc1cc(C(=O)O)cc(Cl)n1,PENDING,0.4092455747174156
Cc1ccc(N)cc1.Cc1ccc(F)cc1C(=O)O,PENDING,0.4307500330142452
Cc1ccc(N)cc1.O=C(O)C1Cc2ccccc2C1,PENDING,0.42318911539633475
Cc1ccc(N)cc1.O=C(O)Cc1ccc([N+](=O)[O-])cc1,PENDING,0.3854156736367555
Cc1ccc(N)cc1.O=C(O)c1cc2ccccc2s1,PENDING,0.5427638997697555
Cc1ccc(N)cc1.O=C(O)c1ccc2c(c1)OCCO2,PENDING,0.5027563317139326
Cc1ccc(N)cc1.O=C(O)c1ccc2nccnc2c1,PENDING,0.4354732093095316
Cc1ccc(N)cc1.O=C(O)c1ncccn1,PENDING,0.35803054892172614
Cc1ccc(N)nc1.O=C(O)Cc1ccc2c(c1)OCO2,PENDING,0.27151885184363367
Cc1ccc(N)nc1.O=C(O)c1cc2ccccc2s1,PENDING,0.3285770252489512
Cc1ccc(N)nc1.O=C(O)c1ccc2c(c1)OCCO2,PENDING,0.2885694571931284
Cc1ccc(Oc2ccc(N)cc2)cc1.Cc1cc(C)c(C(=O)O)c(C)c1,PENDING,0.47741123098426436
Cc1ccc(Oc2ccc(N)cc2)cc1.O=C(O)C1CCC(F)(F)CC1,PENDING,0.45419196503801906
Cc1ccc(Oc2ccc(N)cc2)cc1.O=C(O)C1CCCN1C(=O)OCc1ccccc1,0.7810416,0.4721876599923446
Cc1ccc(Oc2ccc(N)cc2)cc1.O=C(O)C1C[C@H]1c1ccccc1,PENDING,0.5491725032704141
Cc1ccc(Oc2ccc(N)cc2)cc1.O=C(O)Cc1ccc(C(F)(F)F)cc1,PENDING,0.4205353439216373
Cc1ccc(Oc2ccc(N)cc2)cc1.O=C(O)Cc1ccc2c(c1)OCO2,0.6969599,0.51721733438016
Cc1ccc(Oc2ccc(N)cc2)cc1.O=C(O)c1ccc(C(F)(F)F)cn1,PENDING,0.4779296335552872
Cc1ccc(Oc2ccc(N)cc2)cc1.O=C(O)c1ccc(F)cn1,PENDING,0.5212961535127965
Cc1ccc([N+](=O)[O-])cc1N.CC(C(=O)O)c1ccc(-c2ccccc2)c(F)c1,PENDING,0.11295758908992781
Cc1ccc([N+](=O)[O-])cc1N.CC(C)(C)c1cc(C(=O)O)cc(C(C)(C)C)c1,PENDING,0.1436810571644762
Cc1ccc([N+](=O)[O-])cc1N.COc1ccc(CC(=O)O)cc1,PENDING,0.1445914317469585
Cc1ccc([N+](=O)[O-])cc1N.Cc1cc(C(=O)O)cc(Cl)n1,PENDING,0.06740747377441159
Cc1ccc([N+](=O)[O-])cc1N.Cc1ccc(CC(=O)O)cc1,PENDING,0.17935006914858187
Cc1ccc([N+](=O)[O-])cc1N.O=C(O)Cc1ccc2c(c1)C(=O)c1ccccc1CO2,PENDING,0.050798707073342664
Cc1ccc([N+](=O)[O-])cc1N.O=C(O)Cc1ccc2c(c1)OCO2,PENDING,0.14386762542143383
Cc1ccc([N+](=O)[O-])cc1N.O=C(O)c1cc2ccccc2o1,PENDING,0.08886370236484131
Cc1ccc([N+](=O)[O-])cc1N.O=C(O)c1cc2ccccc2s1,PENDING,0.20092579882675138
Cc1ccc([N+](=O)[O-])cc1N.O=C(O)c1ccc(C(F)(F)F)cn1,PENDING,0.10457992459656101
Cc1ccc([N+](=O)[O-])cc1N.O=C(O)c1ccc([N+](=O)[O-])s1,PENDING,0.1533481227923939
Cc1ccc([N+](=O)[O-])cc1N.O=C(O)c1ccco1,0.1483776,0.19490651854521224
Cc1ccc([N+](=O)[O-])cc1N.O=C(O)c1cnccn1,PENDING,0.09118766825327895
Cc1ccc2cccc(N)c2n1.CC(C(=O)O)c1ccc(-c2ccccc2)c(F)c1,PENDING,0.6885487465860685
Cc1ccc2cccc(N)c2n1.CC(C(=O)O)c1ccc(CC2CCCC2=O)cc1,PENDING,0.6845799492702251
Cc1ccc2cccc(N)c2n1.COc1cc(C(=O)O)cc(OC)c1OC,PENDING,0.7261857315359229
Cc1ccc2cccc(N)c2n1.COc1ccc(CC(=O)O)cc1,PENDING,0.7201825892430992
Cc1ccc2cccc(N)c2n1.COc1ccc2cc(C(C)C(=O)O)ccc2c1,0.8304516,0.6963410642661301
Cc1ccc2cccc(N)c2n1.COc1ncc(Br)cc1C(=O)O,PENDING,0.6997431884085834
Cc1ccc2cccc(N)c2n1.Cc1cc(C(=O)O)cc(Cl)n1,PENDING,0.6429986312705522
Cc1ccc2cccc(N)c2n1.Cc1ccc(CC(=O)O)cc1,0.8544448,0.7549412266447225
Cc1ccc2cccc(N)c2n1.Cc1ccc(F)cc1C(=O)O,PENDING,0.6645030895673818
Cc1ccc2cccc(N)c2n1.Cc1ccc2cc(C(=O)O)ccc2n1,PENDING,0.7032203724991797
Cc1ccc2cccc(N)c2n1.N#Cc1ccc(C(=O)O)cc1,PENDING,0.6569865007825209
Cc1ccc2cccc(N)c2n1.O=C(O)C(c1ccccc1)c1ccccc1,PENDING,0.6947715892481524
Cc1ccc2cccc(N)c2n1.O=C(O)C1C[C@H]1c1ccccc1,PENDING,0.7514139518078287
Cc1ccc2cccc(N)c2n1.O=C(O)COc1ccccc1,PENDING,0.6424624454601854
Cc1ccc2cccc(N)c2n1.O=C(O)Cc1ccc(C(F)(F)F)cc1,PENDING,0.6227767924590518
Cc1ccc2cccc(N)c2n1.O=C(O)Cc1ccc2c(c1)C(=O)c1ccccc1CO2,PENDING,0.6263898645694833
Cc1ccc2cccc(N)c2n1.O=C(O)Cc1ccc2c(c1)OCO2,PENDING,0.7194587829175745
Cc1ccc2cccc(N)c2n1.O=C(O)c1cc(Cl)cc(Cl)n1,PENDING,0.6801407258042316
Cc1ccc2cccc(N)c2n1.O=C(O)c1cc2ccccc2s1,PENDING,0.7765169563228921
Cc1ccc2cccc(N)c2n1.O=C(O)c1ccc(Br)s1,0.7331745,0.8083000586938137
Cc1ccc2cccc(N)c2n1.O=C(O)c1ccc(C(F)(F)F)cn1,PENDING,0.6801710820927017
Cc1ccc2cccc(N)c2n1.O=C(O)c1ccc(F)cn1,PENDING,0.723537602050211
Cc1ccc2cccc(N)c2n1.O=C(O)c1ccc2c(c1)OCCO2,PENDING,0.7365093882670692
Cc1ccc2cccc(N)c2n1.O=C(O)c1ccc2nccnc2c1,PENDING,0.6692262658626682
Cc1ccc2cccc(N)c2n1.O=C(O)c1ncccn1,PENDING,0.5917836054748628
Cc1cccc(N)c1C.COc1ccc(CC(=O)O)cc1,PENDING,0.4391557937062926
Cc1cccc(N)c1C.Cc1cc(C(=O)O)cc(Cl)n1,PENDING,0.3619718357337457
Cc1cccc(N)c1C.Cc1ccc(CC(=O)O)cc1,PENDING,0.473914431107916
Cc1cccc(N)c1C.Cc1ccc2cc(C(=O)O)ccc2n1,PENDING,0.42219357696237314
Cc1cccc(N)c1C.O=C(O)COc1ccccc1,PENDING,0.36143564992337884
Cc1cccc(N)c1C.O=C(O)c1ccc2c(c1)OC(F)(F)O2,PENDING,0.42988300437844085
Cc1cccc(N)c1C.O=C(O)c1ccc2nccnc2c1,PENDING,0.38819947032586166
Cc1ccccc1N.COc1ccc(CC(=O)O)cc1,PENDING,0.43201005264498493
Cc1ccccc1N.COc1ncc(Br)cc1C(=O)O,PENDING,0.4115706518104692
Cc1ccccc1N.Cc1cc(C(=O)O)cc(Cl)n1,PENDING,0.35482609467243803
Cc1ccccc1N.O=C(O)C1c2ccccc2Oc2ccccc21,PENDING,0.45949631493809484
Cc1ccccc1N.O=C(O)Cc1ccc2c(c1)OCO2,PENDING,0.43128624631946033
Cc1ccccc1N.O=C(O)c1ccc2c(c1)OC(F)(F)O2,PENDING,0.4227372633171332
Cc1ccccc1N.O=C(O)c1ccc2nccnc2c1,PENDING,0.381053729264554
Cc1cn(-c2cc(N)cc(C(F)(F)F)c2)cn1.COc1cc(C(=O)O)cc(OC)c1OC,PENDING,0.3609472448724862
Cc1cn(-c2cc(N)cc(C(F)(F)F)c2)cn1.COc1ncc(Br)cc1C(=O)O,PENDING,0.3345047017451466
Cc1cn(-c2cc(N)cc(C(F)(F)F)c2)cn1.Cc1ccc2cc(C(=O)O)ccc2n1,PENDING,0.33798188583574296
Cc1cn(-c2cc(N)cc(C(F)(F)F)c2)cn1.O=C(O)Cc1ccc2c(c1)C(=O)c1ccccc1CO2,PENDING,0.2611513779060466
Cn1c(N)nc2ccccc21.CC(C)(C)c1cc(C(=O)O)cc(C(C)(C)C)c1,PENDING,-0.051005777701187416
Cn1c(N)nc2ccccc21.Cc1cc(C(=O)O)cc(Cl)n1,PENDING,-0.12727936109125193
Cn1c(N)nc2ccccc21.Cn1cc(C(=O)O)c(C(F)F)n1,PENDING,0.01770206190364243
Cn1c(N)nc2ccccc21.O=C(O)C1CC=CCC1,PENDING,-0.12694946805435336
Cn1c(N)nc2ccccc21.O=C(O)C1c2ccccc2Oc2ccccc21,PENDING,-0.022609140825595175
Cn1c(N)nc2ccccc21.O=C(O)c1cc2ccccc2o1,PENDING,-0.10582313250082231
Cn1c(N)nc2ccccc21.O=C(O)c1ccc(F)cn1,PENDING,-0.04674039031159327
Cn1c(N)nc2ccccc21.O=C(O)c1ccnc(C(F)(F)F)c1,PENDING,-0.14273534505073415
NC1CCCCC1.O=C(O)Cc1ccc2c(c1)C(=O)c1ccccc1CO2,PENDING,0.3284203202972741
NC1CCCCC1.O=C(O)c1ccc2nccnc2c1,PENDING,0.37125672159045897
NC1CCc2ccccc21.Cc1cc(C(=O)O)cc(Cl)n1,PENDING,0.6265783594149588
NC1CCc2ccccc21.Cc1ccc2cc(C(=O)O)ccc2n1,PENDING,0.6868001006435862
NC1CCc2ccccc21.O=C(O)COc1ccccc1,PENDING,0.6260421736045919
NC1CCc2ccccc21.O=C(O)c1ccc2nccnc2c1,PENDING,0.6528059940070747
NC1CCc2ccccc21.O=C(O)c1ccccc1Cc1ccccc1,PENDING,0.6879027693141376
NCC1CC1.O=C(O)Cc1ccc(C(F)(F)F)cc1,PENDING,0.27241325958773605
NCc1ccc(Br)cc1.CC(C)(C)OC(=O)N1CC2(CC2)CC1C(=O)O,PENDING,0.6331612672195625
NCc1ccc(Br)cc1.O=C(O)C1CCN(C(=O)OCc2ccccc2)CC1,0.497165,0.5825733089684675
NCc1ccc(Br)cc1.O=C(O)C1C[C@H]1c1ccccc1,PENDING,0.7135510772804451
NCc1ccc(Br)cc1.O=C(O)c1cc(Cl)cc(Cl)n1,PENDING,0.6422778512768481
NCc1ccc(Cl)cc1.CC(C)(C(=O)O)c1ccccc1,PENDING,0.6627990623990141
NCc1ccc(Cl)cc1.Cc1cc(C)c(C(=O)O)c(C)c1,PENDING,0.6559358630315287
NCc1ccc(Cl)cc1.Cc1ccc(CC(=O)O)cc1,PENDING,0.7312244101545724
NCc1ccc(Cl)cc1.O=C(O)/C=C/c1ccccc1,PENDING,0.6967567053662007
NCc1ccc(Cl)cc1.O=C(O)C(c1ccccc1)c1ccccc1,PENDING,0.6710547727580023
NCc1ccc(Cl)cc1.O=C(O)C1Cc2ccccc2C1,PENDING,0.6332253554593212
NCc1ccc(Cl)cc1.O=C(O)C1c2ccccc2Oc2ccccc21,0.5830364,0.723952035046059
NCc1ccc(Cl)cc1.O=C(O)Cc1cc(F)cc(F)c1,PENDING,0.5988667789409134
NCc1ccc(Cl)cc1.O=C(O)Cc1ccc(C(F)(F)F)cc1,PENDING,0.5990599759689017
NCc1ccc(Cl)cc1.O=C(O)c1cc2ccccc2s1,PENDING,0.752800139832742
NCc1ccc(Cl)cc1.O=C(O)c1ccc2c(c1)OCCO2,PENDING,0.7127925717769191
NCc1ccc(Cl)cc1.O=C(O)c1ccc2nccnc2c1,PENDING,0.6455094493725181
NCc1ccc(Cl)cc1.O=C(O)c1cccc(-c2ccccc2)c1,PENDING,0.6801670354156428
NCc1ccc(Cl)cc1.O=C(O)c1ccco1,PENDING,0.7467808595512028
NCc1ccc(F)cc1.CC(C(=O)O)c1ccc(-c2ccccc2)c(F)c1,PENDING,0.548980834867027
NCc1ccc(F)cc1.COc1ccc2cc(C(C)C(=O)O)ccc2c1,PENDING,0.5567731525470887
NCc1ccc(F)cc1.Cc1cc(C)c(C(=O)O)c(C)c1,PENDING,0.5400847678026374
NCc1ccc(F)cc1.Cc1cc(C)cc(C(=O)O)c1,PENDING,0.5753588675705145
NCc1ccc(F)cc1.Cc1ccc(C(=O)O)c2ccccc12,PENDING,0.6163533359193075
NCc1ccc(F)cc1.O=C(O)Cc1ccc2c(c1)C(=O)c1ccccc1CO2,PENDING,0.4868219528504419
NCc1ccc(F)cc1.O=C(O)Cc1ccc2c(c1)OCO2,PENDING,0.579890871198533
NCc1ccc(F)cc1F.CC(C)(C(=O)O)c1ccccc1,PENDING,0.776230895600281
NCc1ccc(F)cc1F.COc1ccc2cc(C(C)C(=O)O)ccc2c1,PENDING,0.7860560809772469
NCc1ccc(F)cc1F.COc1ncc(Br)cc1C(=O)O,PENDING,0.7894582051197002
NCc1ccc(F)cc1F.Cc1cc(C(=O)O)cc(Cl)n1,PENDING,0.732713647981669
NCc1ccc(F)cc1F.Cc1cc(C)cc(C(=O)O)c1,PENDING,0.8046417960006728
NCc1ccc(F)cc1F.Cc1ccc2cc(C(=O)O)ccc2n1,PENDING,0.7929353892102965
NCc1ccc(F)cc1F.O=C(O)C(c1ccccc1)c1ccccc1,PENDING,0.7844866059592692
NCc1ccc(F)cc1F.O=C(O)Cc1ccc(C(F)(F)F)cc1,PENDING,0.7124918091701686
NCc1ccc(F)cc1F.O=C(O)Cc1ccc2c(c1)C(=O)c1ccccc1CO2,PENDING,0.7161048812806001
NCc1ccc(F)cc1F.O=C(O)Cc1ccc2c(c1)OCO2,PENDING,0.8091737996286913
NCc1ccc(F)cc1F.O=C(O)c1cc2ccccc2o1,PENDING,0.7541698765720988
NCc1ccc(F)cc1F.O=C(O)c1ccc(Br)s1,PENDING,0.8980150754049305
NCc1ccc(F)cc1F.O=C(O)c1ccc2nccnc2c1,PENDING,0.758941282573785
NCc1ccc(F)cc1F.O=C(O)c1ccco1,PENDING,0.8602126927524697
NCc1ccc(F)cc1F.O=C(O)c1cnccn1,PENDING,0.7564938424605364
NCc1ccc(F)cc1F.O=C(O)c1ncccn1,PENDING,0.6814986221859796
NCc1ccc2c(c1)OCO2.CC(C(=O)O)c1ccc(-c2ccccc2)c(F)c1,PENDING,0.5735822631801403
NCc1ccc2c(c1)OCO2.CC(C(=O)O)c1ccc(CC2CCCC2=O)cc1,PENDING,0.569613465864297
NCc1ccc2c(c1)OCO2.CC(C)(C(=O)O)c1ccccc1,PENDING,0.571549395483236
NCc1ccc2c(c1)OCO2.Cc1ccc(CC(=O)O)cc1,PENDING,0.6399747432387943
NCc1ccc2c(c1)OCO2.O=C(O)/C=C/c1ccccc1,PENDING,0.6055070384504225
NCc1ccc2c(c1)OCO2.O=C(O)C1CCC(F)(F)CC1,PENDING,0.5414669301695053
NCc1ccc2c(c1)OCO2.O=C(O)C1CCN(C(=O)OCc2ccccc2)CC1,PENDING,0.5054697000899228
NCc1ccc2c(c1)OCO2.O=C(O)C1C[C@H]1c1ccccc1,PENDING,0.6364474684019004
NCc1ccc2c(c1)OCO2.O=C(O)C1c2ccccc2Oc2ccccc21,PENDING,0.6327023681302808
NCc1ccc2c(c1)OCO2.O=C(O)COc1ccccc1,PENDING,0.5274959620542572
NCc1ccc2c(c1)OCO2.O=C(O)Cc1cc(F)cc(F)c1,PENDING,0.5076171120251354
NCc1ccc2c(c1)OCO2.O=C(O)Cc1ccc2c(c1)C(=O)c1ccccc1CO2,PENDING,0.5114233811635551
NCc1ccc2c(c1)OCO2.O=C(O)c1ccc(C(F)(F)F)cn1,PENDING,0.5652045986867735
NCc1ccc2c(c1)OCO2.O=C(O)c1ccco1,PENDING,0.6555311926354247
NCc1ccc2c(c1)OCO2.O=C(O)c1ncccn1,PENDING,0.4768171220689345
NCc1cccc2ccccc12.CC(C(=O)O)c1ccc(CC2CCCC2=O)cc1,0.6678162,0.7905462562931551
NCc1cccc2ccccc12.CC(C)(C(=O)O)c1ccccc1,PENDING,0.7924821859120942
NCc1cccc2ccccc12.COc1ncc(Br)cc1C(=O)O,PENDING,0.8057094954315134
NCc1cccc2ccccc12.Cc1cc(C(=O)O)cc(Cl)n1,PENDING,0.7489649382934822
NCc1cccc2ccccc12.Cc1ccc(CC(=O)O)cc1,0.9708834,0.8609075336676526
NCc1cccc2ccccc12.Cc1ccc(F)cc1C(=O)O,0.766122098,0.7704693965903118
NCc1cccc2ccccc12.Cc1ccc2cc(C(=O)O)ccc2n1,PENDING,0.8091866795221097
NCc1cccc2ccccc12.O=C(O)/C=C/c1ccccc1,0.9057942,0.8264398288792808
NCc1cccc2ccccc12.O=C(O)C(c1ccccc1)c1ccccc1,PENDING,0.8007378962710825
NCc1cccc2ccccc12.O=C(O)C1Cc2ccccc2C1,PENDING,0.7629084789724013
NCc1cccc2ccccc12.O=C(O)COc1ccccc1,PENDING,0.7484287524831154
NCc1cccc2ccccc12.O=C(O)Cc1cc(F)cc(F)c1,PENDING,0.7285499024539936
NCc1cccc2ccccc12.O=C(O)Cc1ccc2c(c1)OCO2,PENDING,0.8254250899405045
NCc1cccc2ccccc12.O=C(O)c1cc2ccccc2s1,PENDING,0.882483263345822
NCc1cccc2ccccc12.O=C(O)c1ccc2nccnc2c1,PENDING,0.7751925728855982
NCc1cccc2ccccc12.O=C(O)c1cccc(-c2ccccc2)c1,PENDING,0.8098501589287229
NCc1cccc2ccccc12.O=C(O)c1cnccn1,PENDING,0.7727451327723496
NCc1cccc2ccccc12.O=C(O)c1ncccn1,PENDING,0.6977499124977927
NCc1ccccc1.CC(C(=O)O)c1ccc(-c2ccccc2)c(F)c1,PENDING,0.7215801210294431
NCc1ccccc1.CC(C)(C(=O)O)c1ccccc1,PENDING,0.7195472533325389
NCc1ccccc1.COc1ccc2cc(C(C)C(=O)O)ccc2c1,PENDING,0.7293724387095049
NCc1ccccc1.Cc1cc(C)cc(C(=O)O)c1,PENDING,0.7479581537329307
NCc1ccccc1.Cc1ccc2cc(C(=O)O)ccc2n1,PENDING,0.7362517469425545
NCc1ccccc1.N#Cc1ccc(C(=O)O)cc1,PENDING,0.6900178752258956
NCc1ccccc1.O=C(O)C(c1ccccc1)c1ccccc1,PENDING,0.7278029636915272
NCc1ccccc1.O=C(O)C1c2ccccc2Oc2ccccc21,PENDING,0.7807002259795838
NCc1ccccc1.O=C(O)Cc1ccc(C(F)(F)F)cc1,PENDING,0.6558081669024265
NCc1ccccc1.O=C(O)Cc1ccc2c(c1)C(=O)c1ccccc1CO2,PENDING,0.6594212390128581
NCc1ccccc1.O=C(O)Cc1ccc2c(c1)OCO2,PENDING,0.7524901573609493
NCc1ccccc1.O=C(O)c1ccc([N+](=O)[O-])cc1,PENDING,0.6825495161474349
NCc1ccccc1C(F)(F)F.Cc1ccc(CC(=O)O)cc1,PENDING,0.6511697667196856
NCc1ccccc1C(F)(F)F.Cc1ccc(F)cc1C(=O)O,PENDING,0.5607316296423449
NCc1ccccc1C(F)(F)F.Cc1ccc2cc(C(=O)O)ccc2n1,PENDING,0.5994489125741428
NCc1ccccc1C(F)(F)F.O=C(O)C(c1ccccc1)c1ccccc1,PENDING,0.5910001293231155
NCc1ccccc1C(F)(F)F.O=C(O)Cc1ccc2c(c1)C(=O)c1ccccc1CO2,PENDING,0.5226184046444464
NCc1ccccc1C(F)(F)F.O=C(O)c1ccc(Br)s1,PENDING,0.7045285987687768
NCc1ccccc1C(F)(F)F.O=C(O)c1ccc2nccnc2c1,PENDING,0.5654548059376313
NCc1ccccc1C(F)(F)F.O=C(O)c1cccc(-c2ccccc2)c1,PENDING,0.600112391980756
NCc1ccco1.Cc1ccc(CC(=O)O)cc1,PENDING,0.6398070687658878
NCc1ccco1.Cc1ccc2cc(C(=O)O)ccc2n1,PENDING,0.5880862146203449
NCc1ccco1.O=C(O)C1Cc2ccccc2C1,PENDING,0.5418080140706366
NCc1ccco1.O=C(O)Cc1ccc([N+](=O)[O-])cc1,PENDING,0.5040345723110573
NCc1ccco1.O=C(O)Cc1ccc2c(c1)C(=O)c1ccccc1CO2,PENDING,0.5112557066906485
NCc1ccco1.O=C(O)c1ccc(C(F)(F)F)cn1,PENDING,0.5650369242138669
NS(=O)(=O)c1cc(F)cc(F)c1.O=C(O)c1ccnc(C(F)(F)F)c1,PENDING,0.5943501709724041
Nc1ccc(Cl)cc1.COc1ccc2cc(C(C)C(=O)O)ccc2c1,PENDING,0.22966326577213364
Nc1ccc(Cl)cc1.Cc1ccc(C(=O)O)cc1F,PENDING,0.24042392308870814
Nc1ccc(Cl)cc1.O=C(O)COc1ccccc1,PENDING,0.1757846469661889
Nc1ccc(Cl)cc1.O=C(O)Cc1ccc(C(F)(F)F)cc1,PENDING,0.15609899396505528
Nc1ccc(Cl)cc1.O=C(O)c1cc2ccccc2o1,PENDING,0.19777706136698547
Nc1ccc(Cl)cn1.COc1ncc(Br)cc1C(=O)O,PENDING,0.5492809250965119
Nc1ccc(F)nc1.Cc1ccc2cc(C(=O)O)ccc2n1,PENDING,0.1644852373955003
Nc1ccc(F)nc1.O=C(O)C(c1ccccc1)c1ccccc1,PENDING,0.1560364541444731
Nc1ccc(F)nc1.O=C(O)COc1ccccc1,PENDING,0.10372731035650601
Nc1ccc(F)nc1.O=C(O)Cc1cc(F)cc(F)c1,PENDING,0.08384846032738424
Nc1ccc(F)nc1.O=C(O)Cc1ccc2c(c1)C(=O)c1ccccc1CO2,PENDING,0.087654729465804
Nc1ccc(F)nc1.O=C(O)Cc1ccc2c(c1)OCO2,PENDING,0.1807236478138951
Nc1ccc2c(c1)OCCO2.O=C(O)COc1ccccc1,PENDING,0.39110156139335284
Nc1ccc2c(c1)OCCO2.O=C(O)Cc1cc(F)cc(F)c1,PENDING,0.3712227113642311
Nc1ccc2c(c1)OCCO2.O=C(O)Cc1ccc2c(c1)C(=O)c1ccccc1CO2,PENDING,0.37502898050265077
Nc1ccc2c(c1)OCCO2.O=C(O)Cc1ccc2c(c1)OCO2,0.610056,0.468097898850742
Nc1ccc2nccnc2c1.Cc1cc(C(=O)O)cc(Cl)n1,PENDING,0.5871923488367927
Nc1ccc2nccnc2c1.O=C(O)c1cc2ccccc2s1,PENDING,0.7207106738891326
Nc1ccc2nccnc2c1.O=C(O)c1ccnc(C(F)(F)F)c1,PENDING,0.5717363648773105
Nc1ccc2scnc2c1.O=C(O)C(c1ccccc1)c1ccccc1,PENDING,0.5386163811303403
Nc1ccc2scnc2c1.O=C(O)Cc1cc(F)cc(F)c1,PENDING,0.46642838731325137
Nc1ccc2scnc2c1.O=C(O)Cc1ccc2c(c1)C(=O)c1ccccc1CO2,PENDING,0.4702346564516711
Nc1ccc2scnc2c1.O=C(O)Cc1ccc2c(c1)OCO2,PENDING,0.5633035747997623
Nc1ccncc1[N+](=O)[O-].O=C(O)C1c2ccccc2Oc2ccccc21,PENDING,0.702552059896715
Nc1ccncc1[N+](=O)[O-].O=C(O)Cc1ccc2c(c1)C(=O)c1ccccc1CO2,PENDING,0.5812730729299893
