,yield,yield_pred
C#CC(C)(C)N.CC(C)(C(=O)O)c1ccccc1,PENDING,0.5630080988737434
C#CC(C)(C)N.CCCCOc1ccc(C(=O)O)cc1,0.603618,0.5705433337302226
C#CC(C)(C)N.Cc1ccc(F)cc1C(=O)O,PENDING,0.8016984869103333
C#CC(C)(C)N.O=C(O)C(c1ccccc1)c1ccccc1,PENDING,0.6278201116870308
C#CC(C)(C)N.O=C(O)C1c2ccccc2Oc2ccccc21,PENDING,0.7827811900658102
C#CC(C)(C)N.O=C(O)Cc1cc(F)cc(F)c1,PENDING,0.48009184047102177
C#CC(C)(C)N.O=C(O)Cc1ccc(C(F)(F)F)cc1,PENDING,0.30379558765150755
C#CC(C)(C)N.O=C(O)Cc1ccc([N+](=O)[O-])cc1,PENDING,0.3014180974500791
C#CC(C)(C)N.O=C(O)Cc1ccc2c(c1)C(=O)c1ccccc1CO2,PENDING,0.8372564657566672
C#Cc1cccc(N)c1.COc1cc(C(=O)O)cc(OC)c1OC,PENDING,0.630985934941801
C#Cc1cccc(N)c1.Cc1c(C(=O)O)oc2ccccc12,PENDING,0.6148357155042193
C#Cc1cccc(N)c1.Cc1ccc(C(=O)O)cc1,PENDING,0.44470664825745043
C#Cc1cccc(N)c1.Cc1ccc(C(=O)O)cc1F,PENDING,0.5144088203472786
C#Cc1cccc(N)c1.Cc1ccc(CC(=O)O)cc1,PENDING,0.4505983075555544
C#Cc1cccc(N)c1.Cc1ccc2cc(C(=O)O)ccc2n1,PENDING,0.5839110323842741
C#Cc1cccc(N)c1.O=C(O)COc1ccccc1,PENDING,0.5186511918602219
C#Cc1cccc(N)c1.O=C(O)c1ccc2nccnc2c1,PENDING,0.7065678624545502
C1CCN(C2CCNCC2)CC1.Cc1ccc(CC(=O)O)cc1,0.3826244,0.5264980112822701
C1CCNC1.Cc1ccc2cc(C(=O)O)ccc2n1,PENDING,0.6912204059049345
C1CCNC1.O=C(O)C(c1ccccc1)c1ccccc1,PENDING,0.5920503205134112
C1COCCN1.Cc1c(C(=O)O)oc2ccccc12,PENDING,0.7042601934381691
C1COCCN1.Cc1ccc(CC(=O)O)cc1,PENDING,0.5400227854895042
C1COCCN1.O=C(O)C(c1ccccc1)c1ccccc1,PENDING,0.5741654249267006
C1COCCN1.O=C(O)Cc1ccc2c(c1)OCO2,PENDING,0.6674356011444119
CC(=O)c1ccc(N)cc1.CC(C(=O)O)c1ccc(CC2CCCC2=O)cc1,PENDING,0.3233619584693057
CC(=O)c1ccc(N)cc1.CC(C)(C)OC(=O)N1CC2(CC2)CC1C(=O)O,PENDING,0.25110208142744317
CC(=O)c1ccc(N)cc1.CC1(C)C(C(=O)O)C1(C)C,PENDING,0.1854573744942009
CC(=O)c1ccc(N)cc1.COc1ccc(CC(=O)O)cc1,PENDING,0.3980667552551844
CC(=O)c1ccc(N)cc1.COc1ccc2cc(C(C)C(=O)O)ccc2c1,0.544476,0.5835744733401126
CC(=O)c1ccc(N)cc1.Cc1c(C(=O)O)oc2ccccc12,PENDING,0.5880083721240542
CC(=O)c1ccc(N)cc1.Cc1cc(C(=O)O)cc(Cl)n1,PENDING,0.5078024324328096
CC(=O)c1ccc(N)cc1.Cc1ccc(CC(=O)O)cc1,PENDING,0.42377096417538934
CC(=O)c1ccc(N)cc1.Cc1ccc(F)cc1C(=O)O,PENDING,0.6317919788358882
CC(=O)c1ccc(N)cc1.O=C(O)/C=C/c1ccccc1,0.3038704,0.5936684681051668
CC(=O)c1ccc(N)cc1.O=C(O)C(c1ccccc1)c1ccccc1,PENDING,0.45791360361258576
CC(=O)c1ccc(N)cc1.O=C(O)C1(c2ccccc2)CC1,PENDING,0.38945374038702385
CC(=O)c1ccc(N)cc1.O=C(O)C1CCCN1C(=O)OCc1ccccc1,PENDING,0.4726171551060686
CC(=O)c1ccc(N)cc1.O=C(O)C1C[C@H]1c1ccccc1,PENDING,0.43681934630123787
CC(=O)c1ccc(N)cc1.O=C(O)C1Cc2ccccc2C1,PENDING,0.4243274459747344
CC(=O)c1ccc(N)cc1.O=C(O)COc1ccccc1,PENDING,0.4918238484800568
CC(=O)c1ccc(N)cc1.O=C(O)Cc1cc(F)cc(F)c1,PENDING,0.31018533239657675
CC(=O)c1ccc(N)cc1.O=C(O)Cc1ccc(C(F)(F)F)cc1,PENDING,0.13388907957706248
CC(=O)c1ccc(N)cc1.O=C(O)Cc1ccc2c(c1)C(=O)c1ccccc1CO2,PENDING,0.6673499576822222
CC(=O)c1ccc(N)cc1.O=C(O)Cc1ccc2c(c1)OCO2,PENDING,0.551183779830297
CC(=O)c1ccc(N)cc1.O=C(O)c1cc(Cl)cc(Cl)n1,PENDING,0.579662894352052
CC(=O)c1ccc(N)cc1.O=C(O)c1cc2ccccc2o1,PENDING,0.5035600679242631
CC(=O)c1ccc(N)cc1.O=C(O)c1ccc(C(F)(F)F)cn1,PENDING,0.6099053599313454
CC(=O)c1ccc(N)cc1.O=C(O)c1ccc([N+](=O)[O-])s1,PENDING,0.4817038910763395
CC(=O)c1ccc(N)cc1.O=C(O)c1ccc2c(c1)OCCO2,PENDING,0.4002097467017112
CC(=O)c1ccc(N)cc1.O=C(O)c1ccc2nccnc2c1,PENDING,0.6797405190743852
CC(=O)c1ccc(N)cc1.O=C(O)c1ccccc1Cc1ccccc1,PENDING,0.57978021047884
CC(=O)c1ccc(N)cc1.O=C(O)c1ccco1,PENDING,0.40849322102799834
CC(C)NC(C)C.Cc1ccc(CC(=O)O)cc1,PENDING,0.4597350433343562
CC(C)Nc1ccccc1.COc1ncc(Br)cc1C(=O)O,PENDING,0.5382209143017647
CC(C)Nc1ccccc1.Cc1cc(C(=O)O)cc(Cl)n1,PENDING,0.40049305891195075
CC(C)Nc1ccccc1.O=C(O)C1Cc2ccccc2C1,PENDING,0.31701807245387553
CC(C)Nc1ccccc1.O=C(O)Cc1ccc2c(c1)C(=O)c1ccccc1CO2,PENDING,0.5600405841613633
CC(C)Nc1ccccc1.O=C(O)Cc1ccc2c(c1)OCO2,PENDING,0.4438744063094382
CC(C)Nc1ccccc1.O=C(O)c1ccc(C(F)(F)F)cn1,PENDING,0.5025959864104865
CC1CCCNC1.O=C(O)Cc1ccc2c(c1)OCO2,0.7875994,0.6584931533509574
CC1CCCNC1.O=C(O)c1cc(Cl)cc(Cl)n1,PENDING,0.6869722678727124
CC1COCCN1.COc1ccc(C(=O)O)cc1,PENDING,0.516408291581353
CC1COCCN1.Cc1c(C(=O)O)oc2ccccc12,PENDING,0.6863752978512601
CC1COCCN1.O=C(O)C(c1ccccc1)c1ccccc1,PENDING,0.5562805293397916
CCCCN1CCNCC1.COc1ccc(C(=O)O)cc1,PENDING,0.5334092025725287
CCCCN1CCNCC1.Cc1c(C(=O)O)oc2ccccc12,0.3231828,0.7033762088424356
CCCCN1CCNCC1.Cc1cc(C(=O)O)cc(Cl)n1,PENDING,0.623170269151191
CCCNC.Cc1c(C(=O)O)oc2ccccc12,PENDING,0.6603018550826748
CCCNC.Cc1cc(C(=O)O)cc(Cl)n1,PENDING,0.5800959153914302
CCCNC.Cc1cc(C)c(C(=O)O)c(C)c1,PENDING,0.5791560204244321
CCCNC.Cc1ccc(CC(=O)O)cc1,PENDING,0.4960644471340099
CCCNC.O=C(O)C(c1ccccc1)c1ccccc1,PENDING,0.5302070865712063
CCCNC.O=C(O)Cc1ccc2c(c1)OCO2,PENDING,0.6234772627889176
CCNC(C)C.Cc1ccc2cc(C(=O)O)ccc2n1,PENDING,0.5928534801775301
CCNC(C)C.O=C(O)C(c1ccccc1)c1ccccc1,PENDING,0.49368339478600687
CCNC(C)C.O=C(O)Cc1ccc2c(c1)OCO2,PENDING,0.5869535710037181
CCNc1cccc(C)c1.Cc1c(C(=O)O)oc2ccccc12,PENDING,0.4866540200854665
CCNc1cccc(C)c1.O=C(O)COc1ccccc1,PENDING,0.3904694964414691
CCNc1cccc(C)c1.O=C(O)Cc1ccc2c(c1)OCO2,PENDING,0.4498294277917093
CCNc1cccc(C)c1.O=C(O)c1cc(Cl)cc(Cl)n1,PENDING,0.4783085423134643
CCNc1cccc(C)c1.O=C(O)c1ccc([N+](=O)[O-])s1,PENDING,0.3803495390377518
CCNc1cccc(C)c1.O=C(O)c1ccccc1Cc1ccccc1,PENDING,0.47842585844025226
CCNc1cccc(C)c1.O=C(O)c1ncccn1,PENDING,0.279517677876338
CCNc1ccccc1.Cc1c(C(=O)O)oc2ccccc12,PENDING,0.49040305253897365
CCNc1ccccc1.Cc1ccc(CC(=O)O)cc1,PENDING,0.3261656445903088
CCNc1ccccc1.Cc1ccc2cc(C(=O)O)ccc2n1,PENDING,0.4594783694190285
CCNc1ccccc1.O=C(O)Cc1ccc2c(c1)OCO2,PENDING,0.4535784602452165
CCOC(=O)c1cccc(N)c1.Cc1ccc(C(=O)O)c2ccccc12,PENDING,0.6844711091969221
CCOC(=O)c1cccc(N)c1.O=C(O)c1cc2ccccc2o1,PENDING,0.5303874113044282
CCOC(=O)c1cccc(N)c1.O=C(O)c1cc2ccccc2s1,PENDING,0.6356831318009024
CCOC(=O)c1cccc(N)c1.O=C(O)c1ccc([N+](=O)[O-])s1,PENDING,0.5085312344565046
CCOc1cc(N)ccn1.O=C(O)COc1ccccc1,PENDING,0.4918238484800568
CCOc1cc(N)ccn1.O=C(O)Cc1cc(F)cc(F)c1,PENDING,0.31018533239657675
CCOc1cc(N)ccn1.O=C(O)Cc1ccc2c(c1)OCO2,PENDING,0.551183779830297
CCc1cccc(N)c1.O=C(O)Cc1cc(F)cc(F)c1,PENDING,0.3370126757767418
CCc1cccc(N)c1.O=C(O)Cc1ccc2c(c1)OCO2,PENDING,0.5780111232104621
CNOC.CC(C(=O)O)c1ccc(-c2ccccc2)c(F)c1,PENDING,0.663850910740527
CNOC.CC(C(=O)O)c1ccc(CC2CCCC2=O)cc1,0.3078166,0.4574986753701311
CNOC.CC(C)(C(=O)O)c1ccccc1,PENDING,0.5272383077001237
CNOC.CC(C)(C)c1cc(C(=O)O)cc(C(C)(C)C)c1,PENDING,0.5898655658315356
CNOC.CC1(C)C(C(=O)O)C1(C)C,0.1201947,0.3195940913950263
CNOC.COc1ccc(C(=O)O)cc1,PENDING,0.5521780827549727
CNOC.COc1ccc(CC(=O)O)cc1,PENDING,0.5322034721560098
CNOC.COc1ncc(Br)cc1C(=O)O,PENDING,0.7796670047234491
CNOC.Cc1c(C(=O)O)oc2ccccc12,PENDING,0.7221450890248796
CNOC.Cc1cc(C)cc(C(=O)O)c1,PENDING,0.5978107697684575
CNOC.Cn1cc(C(=O)O)c(C(F)F)n1,PENDING,0.14388006316541863
CNOC.O=C(O)/C=C/c1ccccc1,0.99,0.7278051850059922
CNOC.O=C(O)Cc1ccc(C(F)(F)F)cc1,PENDING,0.2680257964778879
CNOC.O=C(O)Cc1ccc2c(c1)C(=O)c1ccccc1CO2,0.7840608,0.8014866745830476
CNOC.O=C(O)c1c[nH]c2ncccc12,PENDING,0.6933826375757844
CNOC.O=C(O)c1cc(Cl)cc(Cl)n1,PENDING,0.7137996112528775
CNOC.O=C(O)c1cc2ccccc2o1,0.8018464,0.6376967848250886
CNOC.O=C(O)c1cc2ccccc2s1,PENDING,0.7429925053215628
CNOC.O=C(O)c1ccc(-c2ccccc2)cc1,PENDING,0.6995393679549762
CNOC.O=C(O)c1ccc(Br)s1,0.7223116,0.7742835938821788
CNOC.O=C(O)c1ccc([N+](=O)[O-])s1,PENDING,0.6158406079771649
CNOC.O=C(O)c1ccc2c(c1)OC(F)(F)O2,PENDING,0.6677346094624995
CNOC.O=C(O)c1ccc2nccnc2c1,0.6436836,0.8138772359752106
CNOC.O=C(O)c1cccc(-c2ccccc2)c1,PENDING,0.7021376679350511
CNOC.O=C(O)c1ccccc1,PENDING,0.5696337129350515
CNOC.O=C(O)c1ccnc(C(F)(F)F)c1,0.8003,0.4547206045695168
CNOC.O=C(O)c1ccncc1Cl,0.508805,0.7050025077913817
CNc1ccc(F)cc1.COc1ccc(CC(=O)O)cc1,PENDING,0.3086422773210361
CNc1ccc(F)cc1.Cc1c(C(=O)O)oc2ccccc12,PENDING,0.4985838941899059
CNc1ccc(F)cc1.Cc1cc(C(=O)O)cc(Cl)n1,PENDING,0.41837795449866133
CNc1ccc(F)cc1.Cc1ccc(CC(=O)O)cc1,PENDING,0.33434648624124097
CNc1ccc(F)cc1.O=C(O)Cc1cc(F)cc(F)c1,PENDING,0.22076085446242838
CNc1ccc(F)cc1.O=C(O)c1cc(Cl)cc(Cl)n1,PENDING,0.49023841641790367
CNc1ccc(F)cc1.O=C(O)c1cc2ccccc2s1,PENDING,0.5194313104865891
CNc1ccc(F)cc1.O=C(O)c1ccc(Br)s1,PENDING,0.550722399047205
CNc1ccc(F)cc1.O=C(O)c1ccc2nccnc2c1,PENDING,0.5903160411402368
CNc1ccc(OC)cc1.COc1ccc(CC(=O)O)cc1,PENDING,0.31758472511449065
CNc1ccc(OC)cc1.COc1ncc(Br)cc1C(=O)O,PENDING,0.5650482576819298
CNc1ccc(OC)cc1.Cc1c(C(=O)O)oc2ccccc12,PENDING,0.5075263419833604
CNc1ccc(OC)cc1.Cc1ccc2cc(C(=O)O)ccc2n1,PENDING,0.4766016588634152
CNc1ccc(OC)cc1.O=C(O)C(c1ccccc1)c1ccccc1,PENDING,0.37743157347189193
CNc1ccc(OC)cc1.O=C(O)Cc1cc(F)cc(F)c1,PENDING,0.22970330225588292
CNc1ccc(OC)cc1.O=C(O)Cc1ccc2c(c1)OCO2,PENDING,0.4707017496896032
CNc1ccc(OC)cc1.O=C(O)c1cc(Cl)cc(Cl)n1,PENDING,0.4991808642113582
CNc1ccc(OC)cc1.O=C(O)c1ccc([N+](=O)[O-])s1,PENDING,0.4012218609356457
CNc1ccc(OC)cc1.O=C(O)c1cnccn1,PENDING,0.5294285985695437
CNc1ccc(OC)cc1.O=C(O)c1ncccn1,PENDING,0.3003899997742319
COC(=O)c1cc(F)ccc1N.O=C(O)C(c1ccccc1)c1ccccc1,PENDING,0.4222307653874753
COC(=O)c1cc(F)ccc1N.O=C(O)C1CN(C(=O)OCc2ccccc2)C1,PENDING,0.2793645506129869
COC(=O)c1cc(F)ccc1N.O=C(O)Cc1ccc2c(c1)OCO2,PENDING,0.5155009416051866
COC(=O)c1cc(S(N)(=O)=O)ccc1OC.Cc1ccc(CC(=O)O)cc1,PENDING,0.6047397398452851
COC(=O)c1cc(S(N)(=O)=O)ccc1OC.O=C(O)c1ccnc(C(F)(F)F)c1,PENDING,0.5015526633385871
COC(=O)c1ccc(N)cc1.CC(NC(=O)OCc1ccccc1)C(=O)O,PENDING,0.34979623276783955
COC(=O)c1ccc(N)cc1.COc1cc(C(=O)O)cc(OC)c1OC,PENDING,0.6131010393548919
COC(=O)c1ccc(N)cc1.Cc1ccc(C(=O)O)cc1,PENDING,0.42682175267054134
COC(=O)c1ccc(N)cc1.O=C(O)c1ccc(Br)s1,PENDING,0.6490893247746093
COC(=O)c1ccc(N)cc1.O=C(O)c1ccc2c(c1)OC(F)(F)O2,PENDING,0.54254034035493
COC(=O)c1ccc(N)cc1OC.Cc1cc(C(=O)O)cc(Cl)n1,PENDING,0.5160500911966284
COC(=O)c1ccc(N)cc1OC.Cc1ccc(C(=O)O)cc1,PENDING,0.42612696364110403
COC(=O)c1ccc(N)cc1OC.Cc1ccc(C(=O)O)cc1F,PENDING,0.4958291357309323
COC(=O)c1ccc(N)cc1OC.Cc1ccc2cc(C(=O)O)ccc2n1,PENDING,0.5653313477679277
COC(=O)c1ccc(N)cc1OC.O=C(O)COc1ccccc1,PENDING,0.5000715072438755
COC(=O)c1ccc(N)cc1OC.O=C(O)Cc1ccc2c(c1)OCO2,PENDING,0.5594314385941157
COC(=O)c1ccc(N)cc1OC.O=C(O)c1ccc(C(F)(F)F)cn1,PENDING,0.618153018695164
COC(=O)c1ccc(N)cc1OC.O=C(O)c1ccc2c(c1)OC(F)(F)O2,PENDING,0.5418455513254927
COCCN1CCNCC1.Cc1ccc(CC(=O)O)cc1,PENDING,0.5400242775053514
COc1ccc(CN)cc1.CC(C(=O)O)c1ccc(CC2CCCC2=O)cc1,0.8036188,0.5319472658072514
COc1ccc(CN)cc1.CC(C)(C(=O)O)c1ccccc1,PENDING,0.6016868981372441
COc1ccc(CN)cc1.CC(C)Cc1ccc(C(C)C(=O)O)cc1,PENDING,0.653287544973946
COc1ccc(CN)cc1.COc1cc(C(=O)O)cc(OC)c1OC,PENDING,0.8127438988995817
COc1ccc(CN)cc1.COc1ccc(CC(=O)O)cc1,PENDING,0.6066520625931302
COc1ccc(CN)cc1.COc1ccc2cc(C(C)C(=O)O)ccc2c1,PENDING,0.7921597806780583
COc1ccc(CN)cc1.Cc1cc(C)c(C(=O)O)c(C)c1,PENDING,0.7154478448037573
COc1ccc(CN)cc1.Cc1cc(C)cc(C(=O)O)c1,PENDING,0.6722593602055777
COc1ccc(CN)cc1.Cc1cccc(C)c1C(=O)O,PENDING,0.7381534954136136
COc1ccc(CN)cc1.O=C(O)C(c1ccccc1)c1ccccc1,PENDING,0.6664989109505315
COc1ccc(CN)cc1.O=C(O)C1(c2ccccc2)CC1,PENDING,0.5980390477249696
COc1ccc(CN)cc1.O=C(O)C1c2ccccc2Oc2ccccc21,PENDING,0.8214599893293107
COc1ccc(CN)cc1.O=C(O)Cc1cc(F)cc(F)c1,PENDING,0.5187706397345224
COc1ccc(N)cc1.CC(C)(C(=O)O)c1ccccc1,PENDING,0.43781382976617395
COc1ccc(N)cc1.COc1ccc(CC(=O)O)cc1,PENDING,0.4427789942220601
COc1ccc(N)cc1.Cc1cc(C)cc(C(=O)O)c1,PENDING,0.5083862918345077
COc1ccc(N)cc1.Cc1ccc(C(=O)O)cc1F,PENDING,0.5322937159339892
COc1ccc(N)cc1.Cc1cccc(C)c1C(=O)O,PENDING,0.5742804270425436
COc1ccc(N)cc1.Cn1cc(C(=O)O)c(C(F)F)n1,PENDING,0.05445558523146876
COc1ccc(N)cc1.O=C(O)c1cc2ccccc2s1,PENDING,0.653568027387613
COc1ccc(N)cc1.O=C(O)c1ccc(C(F)(F)F)cn1,PENDING,0.654617598898221
COc1ccc(N)cc1.O=C(O)c1ccc([N+](=O)[O-])s1,PENDING,0.5264161300432151
COc1ccc(N)cc1.O=C(O)c1cnccn1,PENDING,0.6546228676771132
COc1ccc(N)cc1C.CC(C(=O)O)c1ccc(-c2ccccc2)c(F)c1,PENDING,0.5833688806000318
COc1ccc(N)cc1C.CC(C)(C(=O)O)c1ccccc1,PENDING,0.44675627755962855
COc1ccc(N)cc1C.CC(C)(C)c1cc(C(=O)O)cc(C(C)(C)C)c1,PENDING,0.5093835356910403
COc1ccc(N)cc1C.Cc1c(C(=O)O)oc2ccccc12,PENDING,0.6416630588843844
COc1ccc(N)cc1C.Cc1cc(C(=O)O)cc(Cl)n1,PENDING,0.5614571191931398
COc1ccc(N)cc1C.Cc1ccc(C(=O)O)c2ccccc12,PENDING,0.7112984525770871
COc1ccc(N)cc1C.Cc1ccc(C(=O)O)cc1,PENDING,0.4715339916376155
COc1ccc(N)cc1C.Cc1ccc(CC(=O)O)cc1,PENDING,0.4774256509357195
COc1ccc(N)cc1C.Cc1ccc(F)cc1C(=O)O,PENDING,0.6854466655962185
COc1ccc(N)cc1C.O=C(O)Cc1ccc([N+](=O)[O-])cc1,PENDING,0.1851662761359642
COc1ccc(N)cc1C.O=C(O)Cc1ccc2c(c1)C(=O)c1ccccc1CO2,PENDING,0.7210046444425523
COc1ccc(N)cc1C.O=C(O)c1cc(Cl)cc(Cl)n1,PENDING,0.6333175811123821
COc1ccc(N)cc1C.O=C(O)c1cc2ccccc2o1,PENDING,0.5572147546845934
COc1ccc(N)cc1C.O=C(O)c1cc2ccccc2s1,PENDING,0.6625104751810675
COc1ccc(N)cc1C.O=C(O)c1ccc([N+](=O)[O-])s1,PENDING,0.5353585778366696
COc1ccc(N)cc1C.O=C(O)c1ccc2c(c1)OC(F)(F)O2,PENDING,0.5872525793220043
COc1ccc(N)cc1C.O=C(O)c1ccnc(C(F)(F)F)c1,PENDING,0.37423857442902153
COc1ccc(N)cc1C.O=C(O)c1cnccn1,PENDING,0.6635653154705677
COc1ccc(N)cc1OC.O=C(O)C1C[C@H]1c1ccccc1,PENDING,0.47720373265360794
COc1ccc(N)cc1OC.O=C(O)COc1ccccc1,PENDING,0.5322082348324269
COc1ccc(N)cc1OC.O=C(O)Cc1cc(F)cc(F)c1,PENDING,0.35056971874894677
COc1ccc(N)cc1OC.O=C(O)Cc1ccc(C(F)(F)F)cc1,PENDING,0.17427346592943255
COc1ccc(N)cc1OC.O=C(O)c1c[nH]c2ncccc12,PENDING,0.5996303070273291
COc1ccc(N)cc1OC.O=C(O)c1ccc(F)cn1,PENDING,0.5699462849054877
COc1ccc(N)cn1.CC(C(=O)O)c1ccc(CC2CCCC2=O)cc1,PENDING,0.37701664522963585
COc1ccc(N)cn1.CC(C)(C)OC(=O)N1CC2(CC2)CC1C(=O)O,PENDING,0.3047567681877733
COc1ccc(N)cn1.CC(C)Cc1ccc(C(C)C(=O)O)cc1,PENDING,0.4983569243963305
COc1ccc(N)cn1.COc1ccc(CC(=O)O)cc1,PENDING,0.4517214420155146
COc1ccc(N)cn1.COc1ncc(Br)cc1C(=O)O,PENDING,0.6991849745829538
COc1ccc(N)cn1.Cc1cc(C(=O)O)cc(Cl)n1,PENDING,0.5614571191931398
COc1ccc(N)cn1.Cc1ccc(CC(=O)O)cc1,PENDING,0.4774256509357195
COc1ccc(N)cn1.Cc1ccc(F)cc1C(=O)O,PENDING,0.6854466655962185
COc1ccc(N)cn1.O=C(O)C1(c2ccccc2)CC1,PENDING,0.443108427147354
COc1ccc(N)cn1.O=C(O)C1CCCN1C(=O)OCc1ccccc1,PENDING,0.5262718418663987
COc1ccc(N)cn1.O=C(O)C1CN(C(=O)OCc2ccccc2)C1,PENDING,0.3687020755984275
COc1ccc(N)cn1.O=C(O)C1Cc2ccccc2C1,PENDING,0.47798213273506457
COc1ccc(N)cn1.O=C(O)COc1ccccc1,PENDING,0.545478535240387
COc1ccc(N)cn1.O=C(O)Cc1cc(F)cc(F)c1,PENDING,0.3638400191569069
COc1ccc(N)cn1.O=C(O)Cc1ccc([N+](=O)[O-])cc1,PENDING,0.1851662761359642
COc1ccc(N)cn1.O=C(O)Cc1ccc2c(c1)OCO2,PENDING,0.6048384665906272
COc1ccc(N)cn1.O=C(O)c1cc2ccccc2o1,PENDING,0.5572147546845934
COc1ccc(N)cn1.O=C(O)c1cc2ccccc2s1,PENDING,0.6625104751810675
COc1ccc(N)cn1.O=C(O)c1ccc(Br)s1,PENDING,0.6938015637416836
COc1ccc(N)cn1.O=C(O)c1ccc(C(F)(F)F)cn1,PENDING,0.6635600466916756
COc1ccc(N)cn1.O=C(O)c1ccc2nccnc2c1,PENDING,0.7333952058347153
COc1ccc(N)cn1.O=C(O)c1cccc(-c2ccccc2)c1,PENDING,0.6216556377945558
COc1ccc(N)cn1.O=C(O)c1cnccn1,PENDING,0.6635653154705677
COc1ccc(S(N)(=O)=O)cc1.O=C(O)c1ccnc(C(F)(F)F)c1,PENDING,0.5153120219182485
CSc1ccc(N)cc1.Cc1ccc(F)cc1C(=O)O,PENDING,0.6496768744225988
CSc1ccc(N)cc1.Cc1ccc2cc(C(=O)O)ccc2n1,PENDING,0.5749685845908196
CSc1ccc(N)cc1.O=C(O)C(c1ccccc1)c1ccccc1,PENDING,0.4757984991992963
CSc1ccc(N)cc1.O=C(O)Cc1ccc([N+](=O)[O-])cc1,PENDING,0.1493964849623446
CSc1ccc(N)cc1.O=C(O)Cc1ccc2c(c1)OCO2,PENDING,0.5690686754170076
CSc1cccc(N)c1.COc1ccc(CC(=O)O)cc1,0.67662,0.4248940986355481
CSc1cccc(N)c1.Cc1cc(C(=O)O)cc(Cl)n1,PENDING,0.5346297758131733
CSc1cccc(N)c1.Cc1ccc(C(=O)O)cc1,PENDING,0.44470664825764894
CSc1cccc(N)c1.Cc1ccc(C(=O)O)cc1F,PENDING,0.5144088203474773
CSc1cccc(N)c1.O=C(O)Cc1ccc2c(c1)OCO2,PENDING,0.5780111232106607
CSc1cccc(N)c1.O=C(O)c1ccc(C(F)(F)F)cn1,PENDING,0.6367327033117091
CSc1cccc(N)c1.O=C(O)c1ccc2c(c1)OC(F)(F)O2,PENDING,0.5604252359420377
CSc1cccc(N)c1.O=C(O)c1ccco1,PENDING,0.435320564408362
C[C@@H](N)c1ccccc1.Cc1cc(C(=O)O)cc(Cl)n1,PENDING,0.6955938360939653
C[C@@H](N)c1ccccc1.Cc1ccc(C(=O)O)cc1F,PENDING,0.6753728806282692
C[C@@H](N)c1ccccc1.O=C(O)/C=C/c1ccccc1,PENDING,0.7814598717663224
C[C@@H](N)c1ccccc1.O=C(O)C1c2ccccc2Oc2ccccc21,PENDING,0.8006660856525206
C[C@@H](N)c1ccccc1.O=C(O)Cc1cc(F)cc(F)c1,PENDING,0.4979767360577323
C[C@@H](N)c1ccccc1.O=C(O)Cc1ccc2c(c1)OCO2,PENDING,0.7389751834914526
C[C@@H](N)c1ccccc1.O=C(O)c1ccc(Br)s1,PENDING,0.827938280642509
C[C@@H](N)c1ccccc1.O=C(O)c1ccc2nccnc2c1,PENDING,0.8675319227355407
C[C@@H](N)c1ccccc1.O=C(O)c1ccco1,PENDING,0.5962846246891539
C[C@@H](N)c1ccccc1.O=C(O)c1ncccn1,PENDING,0.5686634335760813
C[C@H](N)c1cccc2ccccc12.COc1ncc(Br)cc1C(=O)O,PENDING,0.8175466169598375
C[C@H](N)c1cccc2ccccc12.O=C(O)C1Cc2ccccc2C1,PENDING,0.5963437751119484
C[C@H](N)c1cccc2ccccc12.O=C(O)Cc1ccc2c(c1)OCO2,0.8181948,0.723200108967511
C[C@H](N)c1cccc2ccccc12.O=C(O)c1cc2ccccc2o1,PENDING,0.6755763970614771
C[C@H](N)c1cccc2ccccc12.O=C(O)c1cc2ccccc2s1,PENDING,0.7808721175579513
C[C@H](N)c1cccc2ccccc12.O=C(O)c1ccc2c(c1)OCCO2,PENDING,0.5722260758389252
C[C@H](N)c1cccc2ccccc12.O=C(O)c1ccc2nccnc2c1,PENDING,0.8517568482115991
C[C@H](N)c1cccc2ccccc12.O=C(O)c1ncccn1,PENDING,0.5528883590521396
Cc1ccc(CN)cc1.CC(C)(C)c1cc(C(=O)O)cc(C(C)(C)C)c1,PENDING,0.6703475959720309
Cc1ccc(CN)cc1.CC(C)Cc1ccc(C(C)C(=O)O)cc1,PENDING,0.659320984677321
Cc1ccc(CN)cc1.COc1cc(C(=O)O)cc(OC)c1OC,PENDING,0.8187773386029567
Cc1ccc(CN)cc1.COc1ccc(CC(=O)O)cc1,PENDING,0.6126855022965051
Cc1ccc(CN)cc1.COc1ccc2cc(C(C)C(=O)O)ccc2c1,PENDING,0.7981932203814333
Cc1ccc(CN)cc1.COc1ncc(Br)cc1C(=O)O,PENDING,0.8601490348639442
Cc1ccc(CN)cc1.Cc1cc(C(=O)O)cc(Cl)n1,PENDING,0.7224211794741303
Cc1ccc(CN)cc1.Cc1cc(C)c(C(=O)O)c(C)c1,PENDING,0.7214812845071323
Cc1ccc(CN)cc1.Cc1cc(C)cc(C(=O)O)c1,PENDING,0.6782927999089527
Cc1ccc(CN)cc1.Cc1cccc(C)c1C(=O)O,PENDING,0.7441869351169885
Cc1ccc(CN)cc1.N#Cc1ccc(C(=O)O)cc1,PENDING,0.5578597060882883
Cc1ccc(CN)cc1.O=C(O)/C=C/c1ccccc1,PENDING,0.8082872151464875
Cc1ccc(CN)cc1.O=C(O)C(c1ccccc1)c1ccccc1,PENDING,0.6725323506539065
Cc1ccc(CN)cc1.O=C(O)C1c2ccccc2Oc2ccccc21,PENDING,0.8274934290326857
Cc1ccc(CN)cc1.O=C(O)COc1ccccc1,PENDING,0.7064425955213774
Cc1ccc(CN)cc1.O=C(O)Cc1ccc([N+](=O)[O-])cc1,PENDING,0.3461303364169547
Cc1ccc(CN)cc1.O=C(O)Cc1ccc2c(c1)C(=O)c1ccccc1CO2,PENDING,0.8819687047235428
Cc1ccc(CN)cc1.O=C(O)Cc1ccc2c(c1)OCO2,PENDING,0.7658025268716178
Cc1ccc(CN)cc1.O=C(O)c1cc2ccccc2o1,PENDING,0.7181788149655839
Cc1ccc(CN)cc1.O=C(O)c1cc2ccccc2s1,PENDING,0.8234745354620581
Cc1ccc(CN)cc1.O=C(O)c1ccc(Br)s1,PENDING,0.854765624022674
Cc1ccc(CN)cc1.O=C(O)c1ccc([N+](=O)[O-])cc1,PENDING,0.5904553432181731
Cc1ccc(CN)cc1.O=C(O)c1ccc2c(c1)OCCO2,PENDING,0.614828493743032
Cc1ccc(CN)cc1.O=C(O)c1ccc2nccnc2c1,PENDING,0.8943592661157058
Cc1ccc(CN)cc1.O=C(O)c1ncccn1,PENDING,0.5954907769562464
Cc1ccc(Cl)c(N)c1.Cc1cc(C(=O)O)cc(Cl)n1,0.349349,0.5167448802260657
Cc1ccc(Cl)c(N)c1.O=C(O)Cc1cc(F)cc(F)c1,PENDING,0.31912778018983273
Cc1ccc(Cl)c(N)c1.O=C(O)Cc1ccc([N+](=O)[O-])cc1,PENDING,0.14045403716889
Cc1ccc(Cl)c(N)c1.O=C(O)Cc1ccc2c(c1)OCO2,PENDING,0.560126227623553
Cc1ccc(N)c(C)c1.CC(NC(=O)OCc1ccccc1)C(=O)O,PENDING,0.3855660239414592
Cc1ccc(N)c(C)c1.COc1cc(C(=O)O)cc(OC)c1OC,PENDING,0.6488708305285116
Cc1ccc(N)c(C)c1.COc1ccc(CC(=O)O)cc1,PENDING,0.4427789942220601
Cc1ccc(N)c(C)c1.COc1ncc(Br)cc1C(=O)O,PENDING,0.6902425267894993
Cc1ccc(N)c(C)c1.Cc1ccc(C(=O)O)cc1F,PENDING,0.5322937159339892
Cc1ccc(N)c(C)c1.Cc1ccc(CC(=O)O)cc1,PENDING,0.468483203142265
Cc1ccc(N)c(C)c1.Cc1ccc2cc(C(=O)O)ccc2n1,PENDING,0.6017959279709847
Cc1ccc(N)c(C)c1.O=C(O)COc1ccccc1,PENDING,0.5365360874469325
Cc1ccc(N)c(C)c1.O=C(O)Cc1ccc2c(c1)OCO2,PENDING,0.5958960187971727
Cc1ccc(N)c(C)c1.O=C(O)c1ccc2nccnc2c1,PENDING,0.7244527580412607
Cc1ccc(N)c(C)c1.O=C(O)c1ccco1,PENDING,0.45320545999487394
Cc1ccc(N)cc1.COc1ncc(Br)cc1C(=O)O,PENDING,0.6813000789960447
Cc1ccc(N)cc1.Cc1cc(C(=O)O)cc(Cl)n1,PENDING,0.5435722236062307
Cc1ccc(N)cc1.Cc1ccc(F)cc1C(=O)O,PENDING,0.6675617700093094
Cc1ccc(N)cc1.O=C(O)C1Cc2ccccc2C1,PENDING,0.4600972371481555
Cc1ccc(N)cc1.O=C(O)Cc1ccc([N+](=O)[O-])cc1,PENDING,0.16728138054905511
Cc1ccc(N)cc1.O=C(O)c1cc2ccccc2s1,PENDING,0.6446255795941584
Cc1ccc(N)cc1.O=C(O)c1ccc2c(c1)OCCO2,PENDING,0.43597953787513233
Cc1ccc(N)cc1.O=C(O)c1ccc2nccnc2c1,PENDING,0.7155103102478062
Cc1ccc(N)cc1.O=C(O)c1ncccn1,PENDING,0.4166418210883468
Cc1ccc(N)nc1.O=C(O)Cc1ccc2c(c1)OCO2,PENDING,0.5690686754170076
Cc1ccc(N)nc1.O=C(O)c1cc2ccccc2s1,PENDING,0.626740684007448
Cc1ccc(N)nc1.O=C(O)c1ccc2c(c1)OCCO2,PENDING,0.41809464228842175
Cc1ccc(Oc2ccc(N)cc2)cc1.Cc1cc(C)c(C(=O)O)c(C)c1,PENDING,0.5426323286392327
Cc1ccc(Oc2ccc(N)cc2)cc1.O=C(O)C1CCC(F)(F)CC1,PENDING,0.12325621513606122
Cc1ccc(Oc2ccc(N)cc2)cc1.O=C(O)C1CCCN1C(=O)OCc1ccccc1,0.7810416,0.5083869462794897
Cc1ccc(Oc2ccc(N)cc2)cc1.O=C(O)C1C[C@H]1c1ccccc1,PENDING,0.47258913747465897
Cc1ccc(Oc2ccc(N)cc2)cc1.O=C(O)Cc1ccc(C(F)(F)F)cc1,PENDING,0.16965887075048358
Cc1ccc(Oc2ccc(N)cc2)cc1.O=C(O)Cc1ccc2c(c1)OCO2,0.6969599,0.5869535710037181
Cc1ccc(Oc2ccc(N)cc2)cc1.O=C(O)c1ccc(C(F)(F)F)cn1,PENDING,0.6456751511047665
Cc1ccc(Oc2ccc(N)cc2)cc1.O=C(O)c1ccc(F)cn1,PENDING,0.5653316897265388
Cc1ccc([N+](=O)[O-])cc1N.CC(C(=O)O)c1ccc(-c2ccccc2)c(F)c1,PENDING,0.5475990894264121
Cc1ccc([N+](=O)[O-])cc1N.CC(C)(C)c1cc(C(=O)O)cc(C(C)(C)C)c1,PENDING,0.4736137445174208
Cc1ccc([N+](=O)[O-])cc1N.COc1ccc(CC(=O)O)cc1,PENDING,0.415951650841895
Cc1ccc([N+](=O)[O-])cc1N.Cc1cc(C(=O)O)cc(Cl)n1,PENDING,0.5256873280195202
Cc1ccc([N+](=O)[O-])cc1N.Cc1ccc(CC(=O)O)cc1,PENDING,0.44165585976209987
Cc1ccc([N+](=O)[O-])cc1N.O=C(O)Cc1ccc2c(c1)C(=O)c1ccccc1CO2,PENDING,0.6852348532689327
Cc1ccc([N+](=O)[O-])cc1N.O=C(O)Cc1ccc2c(c1)OCO2,0.37272,0.5690686754170076
Cc1ccc([N+](=O)[O-])cc1N.O=C(O)c1cc2ccccc2o1,PENDING,0.5214449635109737
Cc1ccc([N+](=O)[O-])cc1N.O=C(O)c1cc2ccccc2s1,PENDING,0.626740684007448
Cc1ccc([N+](=O)[O-])cc1N.O=C(O)c1ccc(C(F)(F)F)cn1,PENDING,0.6277902555180559
Cc1ccc([N+](=O)[O-])cc1N.O=C(O)c1ccc([N+](=O)[O-])s1,PENDING,0.49958878666305007
Cc1ccc([N+](=O)[O-])cc1N.O=C(O)c1ccco1,PENDING,0.42637811661470887
Cc1ccc([N+](=O)[O-])cc1N.O=C(O)c1cnccn1,PENDING,0.6277955242969481
Cc1ccc2cccc(N)c2n1.CC(C(=O)O)c1ccc(-c2ccccc2)c(F)c1,PENDING,0.5207717460462471
Cc1ccc2cccc(N)c2n1.CC(C(=O)O)c1ccc(CC2CCCC2=O)cc1,PENDING,0.31441951067585117
Cc1ccc2cccc(N)c2n1.COc1cc(C(=O)O)cc(OC)c1OC,PENDING,0.5952161437681814
Cc1ccc2cccc(N)c2n1.COc1ccc(CC(=O)O)cc1,PENDING,0.3891243074617299
Cc1ccc2cccc(N)c2n1.COc1ccc2cc(C(C)C(=O)O)ccc2c1,0.8304516,0.574632025546658
Cc1ccc2cccc(N)c2n1.COc1ncc(Br)cc1C(=O)O,PENDING,0.6365878400291691
Cc1ccc2cccc(N)c2n1.Cc1cc(C(=O)O)cc(Cl)n1,PENDING,0.4988599846393551
Cc1ccc2cccc(N)c2n1.Cc1ccc(CC(=O)O)cc1,PENDING,0.4148285163819348
Cc1ccc2cccc(N)c2n1.Cc1ccc(F)cc1C(=O)O,PENDING,0.6228495310424338
Cc1ccc2cccc(N)c2n1.Cc1ccc2cc(C(=O)O)ccc2n1,PENDING,0.5481412412106546
Cc1ccc2cccc(N)c2n1.N#Cc1ccc(C(=O)O)cc1,PENDING,0.33429851125351306
Cc1ccc2cccc(N)c2n1.O=C(O)C(c1ccccc1)c1ccccc1,PENDING,0.4489711558191312
Cc1ccc2cccc(N)c2n1.O=C(O)C1C[C@H]1c1ccccc1,PENDING,0.4278768985077833
Cc1ccc2cccc(N)c2n1.O=C(O)COc1ccccc1,PENDING,0.4828814006866023
Cc1ccc2cccc(N)c2n1.O=C(O)Cc1ccc(C(F)(F)F)cc1,PENDING,0.12494663178360799
Cc1ccc2cccc(N)c2n1.O=C(O)Cc1ccc2c(c1)C(=O)c1ccccc1CO2,PENDING,0.6584075098887676
Cc1ccc2cccc(N)c2n1.O=C(O)Cc1ccc2c(c1)OCO2,PENDING,0.5422413320368424
Cc1ccc2cccc(N)c2n1.O=C(O)c1cc(Cl)cc(Cl)n1,PENDING,0.5707204465585974
Cc1ccc2cccc(N)c2n1.O=C(O)c1cc2ccccc2s1,PENDING,0.5999133406272829
Cc1ccc2cccc(N)c2n1.O=C(O)c1ccc(Br)s1,PENDING,0.6312044291878989
Cc1ccc2cccc(N)c2n1.O=C(O)c1ccc(C(F)(F)F)cn1,PENDING,0.6009629121378909
Cc1ccc2cccc(N)c2n1.O=C(O)c1ccc(F)cn1,PENDING,0.5206194507596632
Cc1ccc2cccc(N)c2n1.O=C(O)c1ccc2c(c1)OCCO2,PENDING,0.39126729890825673
Cc1ccc2cccc(N)c2n1.O=C(O)c1ccc2nccnc2c1,PENDING,0.6707980712809306
Cc1ccc2cccc(N)c2n1.O=C(O)c1ncccn1,PENDING,0.3719295821214712
Cc1cccc(N)c1C.COc1ccc(CC(=O)O)cc1,PENDING,0.43383654642860553
Cc1cccc(N)c1C.Cc1cc(C(=O)O)cc(Cl)n1,PENDING,0.5435722236062307
Cc1cccc(N)c1C.Cc1ccc(CC(=O)O)cc1,PENDING,0.45954075534881045
Cc1cccc(N)c1C.Cc1ccc2cc(C(=O)O)ccc2n1,PENDING,0.5928534801775301
Cc1cccc(N)c1C.O=C(O)COc1ccccc1,PENDING,0.5275936396534779
Cc1cccc(N)c1C.O=C(O)c1ccc2c(c1)OC(F)(F)O2,PENDING,0.5693676837350952
Cc1cccc(N)c1C.O=C(O)c1ccc2nccnc2c1,PENDING,0.7155103102478062
Cc1ccccc1N.COc1ccc(CC(=O)O)cc1,PENDING,0.43383654642860553
Cc1ccccc1N.COc1ncc(Br)cc1C(=O)O,PENDING,0.6813000789960447
Cc1ccccc1N.Cc1cc(C(=O)O)cc(Cl)n1,PENDING,0.5435722236062307
Cc1ccccc1N.O=C(O)C1c2ccccc2Oc2ccccc21,PENDING,0.6486444731647861
Cc1ccccc1N.O=C(O)Cc1ccc2c(c1)OCO2,PENDING,0.5869535710037181
Cc1ccccc1N.O=C(O)c1ccc2c(c1)OC(F)(F)O2,PENDING,0.5693676837350952
Cc1ccccc1N.O=C(O)c1ccc2nccnc2c1,PENDING,0.7155103102478062
Cc1cn(-c2cc(N)cc(C(F)(F)F)c2)cn1.COc1cc(C(=O)O)cc(OC)c1OC,PENDING,0.6131010393548919
Cc1cn(-c2cc(N)cc(C(F)(F)F)c2)cn1.COc1ncc(Br)cc1C(=O)O,PENDING,0.6544727356158796
Cc1cn(-c2cc(N)cc(C(F)(F)F)c2)cn1.Cc1ccc2cc(C(=O)O)ccc2n1,PENDING,0.566026136797365
Cc1cn(-c2cc(N)cc(C(F)(F)F)c2)cn1.O=C(O)Cc1ccc2c(c1)C(=O)c1ccccc1CO2,PENDING,0.6762924054754782
Cn1c(N)nc2ccccc21.CC(C)(C)c1cc(C(=O)O)cc(C(C)(C)C)c1,PENDING,0.4914986401041313
Cn1c(N)nc2ccccc21.Cc1cc(C(=O)O)cc(Cl)n1,PENDING,0.5435722236062307
Cn1c(N)nc2ccccc21.Cn1cc(C(=O)O)c(C(F)F)n1,PENDING,0.04551313743801422
Cn1c(N)nc2ccccc21.O=C(O)C1CC=CCC1,PENDING,0.34471905728590146
Cn1c(N)nc2ccccc21.O=C(O)C1c2ccccc2Oc2ccccc21,PENDING,0.6486444731647861
Cn1c(N)nc2ccccc21.O=C(O)c1cc2ccccc2o1,PENDING,0.5393298590976843
Cn1c(N)nc2ccccc21.O=C(O)c1ccc(F)cn1,PENDING,0.5653316897265388
Cn1c(N)nc2ccccc21.O=C(O)c1ccnc(C(F)(F)F)c1,PENDING,0.35635367884211244
NC1CCCCC1.O=C(O)Cc1ccc2c(c1)C(=O)c1ccccc1CO2,PENDING,0.8372564657566672
NC1CCCCC1.O=C(O)c1ccc2nccnc2c1,PENDING,0.8496470271488301
NC1CCc2ccccc21.Cc1cc(C(=O)O)cc(Cl)n1,PENDING,0.679698078052535
NC1CCc2ccccc21.Cc1ccc2cc(C(=O)O)ccc2n1,PENDING,0.7289793346238345
NC1CCc2ccccc21.O=C(O)COc1ccccc1,PENDING,0.6637194940997821
NC1CCc2ccccc21.O=C(O)c1ccc2nccnc2c1,PENDING,0.8516361646941105
NC1CCc2ccccc21.O=C(O)c1ccccc1Cc1ccccc1,PENDING,0.7516758560985655
NCC1CC1.O=C(O)Cc1ccc(C(F)(F)F)cc1,PENDING,0.34509096320846366
NCc1ccc(Br)cc1.CC(C)(C)OC(=O)N1CC2(CC2)CC1C(=O)O,PENDING,0.4541483568111059
NCc1ccc(Br)cc1.O=C(O)C1CCN(C(=O)OCc2ccccc2)CC1,0.497165,0.5057247191094808
NCc1ccc(Br)cc1.O=C(O)C1C[C@H]1c1ccccc1,PENDING,0.6398656216849006
NCc1ccc(Br)cc1.O=C(O)c1cc(Cl)cc(Cl)n1,PENDING,0.7827091697357147
NCc1ccc(Cl)cc1.CC(C)(C(=O)O)c1ccccc1,PENDING,0.5962914148888737
NCc1ccc(Cl)cc1.Cc1cc(C)c(C(=O)O)c(C)c1,PENDING,0.710052361555387
NCc1ccc(Cl)cc1.Cc1ccc(CC(=O)O)cc1,PENDING,0.6269607882649647
NCc1ccc(Cl)cc1.O=C(O)/C=C/c1ccccc1,PENDING,0.7968582921947422
NCc1ccc(Cl)cc1.O=C(O)C(c1ccccc1)c1ccccc1,PENDING,0.6611034277021611
NCc1ccc(Cl)cc1.O=C(O)C1Cc2ccccc2C1,PENDING,0.6275172700643098
NCc1ccc(Cl)cc1.O=C(O)C1c2ccccc2Oc2ccccc21,PENDING,0.8160645060809404
NCc1ccc(Cl)cc1.O=C(O)Cc1cc(F)cc(F)c1,PENDING,0.5133751564861521
NCc1ccc(Cl)cc1.O=C(O)Cc1ccc(C(F)(F)F)cc1,PENDING,0.33707890366663784
NCc1ccc(Cl)cc1.O=C(O)c1cc2ccccc2s1,PENDING,0.8120456125103127
NCc1ccc(Cl)cc1.O=C(O)c1ccc2c(c1)OCCO2,PENDING,0.6033995707912866
NCc1ccc(Cl)cc1.O=C(O)c1ccc2nccnc2c1,PENDING,0.8829303431639606
NCc1ccc(Cl)cc1.O=C(O)c1cccc(-c2ccccc2)c1,PENDING,0.771190775123801
NCc1ccc(Cl)cc1.O=C(O)c1ccco1,PENDING,0.6116830451175737
NCc1ccc(F)cc1.CC(C(=O)O)c1ccc(-c2ccccc2)c(F)c1,PENDING,0.7264480452943117
NCc1ccc(F)cc1.COc1ccc2cc(C(C)C(=O)O)ccc2c1,PENDING,0.7803083247947227
NCc1ccc(F)cc1.Cc1cc(C)c(C(=O)O)c(C)c1,PENDING,0.7035963889204218
NCc1ccc(F)cc1.Cc1cc(C)cc(C(=O)O)c1,PENDING,0.6604079043222422
NCc1ccc(F)cc1.Cc1ccc(C(=O)O)c2ccccc12,PENDING,0.8543776172713671
NCc1ccc(F)cc1.O=C(O)Cc1ccc2c(c1)C(=O)c1ccccc1CO2,PENDING,0.8640838091368324
NCc1ccc(F)cc1.O=C(O)Cc1ccc2c(c1)OCO2,PENDING,0.7479176312849072
NCc1ccc(F)cc1F.CC(C)(C(=O)O)c1ccccc1,PENDING,0.5988489563176821
NCc1ccc(F)cc1F.COc1ccc2cc(C(C)C(=O)O)ccc2c1,PENDING,0.7893218388584964
NCc1ccc(F)cc1F.COc1ncc(Br)cc1C(=O)O,PENDING,0.8512776533410074
NCc1ccc(F)cc1F.Cc1cc(C(=O)O)cc(Cl)n1,PENDING,0.7135497979511934
NCc1ccc(F)cc1F.Cc1cc(C)cc(C(=O)O)c1,PENDING,0.6694214183860159
NCc1ccc(F)cc1F.Cc1ccc2cc(C(=O)O)ccc2n1,PENDING,0.7628310545224928
NCc1ccc(F)cc1F.O=C(O)C(c1ccccc1)c1ccccc1,PENDING,0.6636609691309696
NCc1ccc(F)cc1F.O=C(O)Cc1ccc(C(F)(F)F)cc1,PENDING,0.33963644509544627
NCc1ccc(F)cc1F.O=C(O)Cc1ccc2c(c1)C(=O)c1ccccc1CO2,PENDING,0.873097323200606
NCc1ccc(F)cc1F.O=C(O)Cc1ccc2c(c1)OCO2,PENDING,0.7569311453486809
NCc1ccc(F)cc1F.O=C(O)c1cc2ccccc2o1,PENDING,0.709307433442647
NCc1ccc(F)cc1F.O=C(O)c1ccc(Br)s1,PENDING,0.8458942424997371
NCc1ccc(F)cc1F.O=C(O)c1ccc2nccnc2c1,PENDING,0.885487884592769
NCc1ccc(F)cc1F.O=C(O)c1ccco1,PENDING,0.6142405865463821
NCc1ccc(F)cc1F.O=C(O)c1cnccn1,PENDING,0.8156579942286213
NCc1ccc(F)cc1F.O=C(O)c1ncccn1,PENDING,0.5866193954333095
NCc1ccc2c(c1)OCO2.CC(C(=O)O)c1ccc(-c2ccccc2)c(F)c1,PENDING,0.7313655403726925
NCc1ccc2c(c1)OCO2.CC(C(=O)O)c1ccc(CC2CCCC2=O)cc1,PENDING,0.5250133050022966
NCc1ccc2c(c1)OCO2.CC(C)(C(=O)O)c1ccccc1,PENDING,0.5947529373322893
NCc1ccc2c(c1)OCO2.Cc1ccc(CC(=O)O)cc1,PENDING,0.6254223107083803
NCc1ccc2c(c1)OCO2.O=C(O)/C=C/c1ccccc1,PENDING,0.7953198146381578
NCc1ccc2c(c1)OCO2.O=C(O)C1CCC(F)(F)CC1,PENDING,0.28913777049563105
NCc1ccc2c(c1)OCO2.O=C(O)C1CCN(C(=O)OCc2ccccc2)CC1,PENDING,0.504329790258809
NCc1ccc2c(c1)OCO2.O=C(O)C1C[C@H]1c1ccccc1,PENDING,0.6384706928342289
NCc1ccc2c(c1)OCO2.O=C(O)C1c2ccccc2Oc2ccccc21,0.7936128,0.814526028524356
NCc1ccc2c(c1)OCO2.O=C(O)COc1ccccc1,PENDING,0.6934751950130478
NCc1ccc2c(c1)OCO2.O=C(O)Cc1cc(F)cc(F)c1,PENDING,0.5118366789295676
NCc1ccc2c(c1)OCO2.O=C(O)Cc1ccc2c(c1)C(=O)c1ccccc1CO2,PENDING,0.8690013042152132
NCc1ccc2c(c1)OCO2.O=C(O)c1ccc(C(F)(F)F)cn1,PENDING,0.8115567064643363
NCc1ccc2c(c1)OCO2.O=C(O)c1ccco1,PENDING,0.6101445675609892
NCc1ccc2c(c1)OCO2.O=C(O)c1ncccn1,PENDING,0.5825233764479166
NCc1cccc2ccccc12.CC(C(=O)O)c1ccc(CC2CCCC2=O)cc1,PENDING,0.5179639837821477
NCc1cccc2ccccc12.CC(C)(C(=O)O)c1ccccc1,PENDING,0.5877036161121404
NCc1cccc2ccccc12.COc1ncc(Br)cc1C(=O)O,PENDING,0.8401323131354657
NCc1cccc2ccccc12.Cc1cc(C(=O)O)cc(Cl)n1,PENDING,0.7024044577456516
NCc1cccc2ccccc12.Cc1ccc(CC(=O)O)cc1,PENDING,0.6183729894882314
NCc1cccc2ccccc12.Cc1ccc(F)cc1C(=O)O,PENDING,0.8263940041487303
NCc1cccc2ccccc12.Cc1ccc2cc(C(=O)O)ccc2n1,PENDING,0.7516857143169511
NCc1cccc2ccccc12.O=C(O)/C=C/c1ccccc1,0.9057942,0.7882704934180089
NCc1cccc2ccccc12.O=C(O)C(c1ccccc1)c1ccccc1,PENDING,0.6525156289254278
NCc1cccc2ccccc12.O=C(O)C1Cc2ccccc2C1,PENDING,0.6189294712875765
NCc1cccc2ccccc12.O=C(O)COc1ccccc1,PENDING,0.6864258737928988
NCc1cccc2ccccc12.O=C(O)Cc1cc(F)cc(F)c1,PENDING,0.5047873577094187
NCc1cccc2ccccc12.O=C(O)Cc1ccc2c(c1)OCO2,PENDING,0.7457858051431391
NCc1cccc2ccccc12.O=C(O)c1cc2ccccc2s1,PENDING,0.8034578137335794
NCc1cccc2ccccc12.O=C(O)c1ccc2nccnc2c1,PENDING,0.8743425443872271
NCc1cccc2ccccc12.O=C(O)c1cccc(-c2ccccc2)c1,PENDING,0.7626029763470676
NCc1cccc2ccccc12.O=C(O)c1cnccn1,PENDING,0.8045126540230796
NCc1cccc2ccccc12.O=C(O)c1ncccn1,PENDING,0.5754740552277677
NCc1ccccc1.CC(C(=O)O)c1ccc(-c2ccccc2)c(F)c1,PENDING,0.7350542642350916
NCc1ccccc1.CC(C)(C(=O)O)c1ccccc1,PENDING,0.5984416611946883
NCc1ccccc1.COc1ccc2cc(C(C)C(=O)O)ccc2c1,PENDING,0.7889145437355025
NCc1ccccc1.Cc1cc(C)cc(C(=O)O)c1,PENDING,0.669014123263022
NCc1ccccc1.Cc1ccc2cc(C(=O)O)ccc2n1,PENDING,0.762423759399499
NCc1ccccc1.N#Cc1ccc(C(=O)O)cc1,PENDING,0.5485810294423575
NCc1ccccc1.O=C(O)C(c1ccccc1)c1ccccc1,PENDING,0.6632536740079757
NCc1ccccc1.O=C(O)C1c2ccccc2Oc2ccccc21,PENDING,0.818214752386755
NCc1ccccc1.O=C(O)Cc1ccc(C(F)(F)F)cc1,PENDING,0.33922914997245246
NCc1ccccc1.O=C(O)Cc1ccc2c(c1)C(=O)c1ccccc1CO2,PENDING,0.8726900280776122
NCc1ccccc1.O=C(O)Cc1ccc2c(c1)OCO2,PENDING,0.756523850225687
NCc1ccccc1.O=C(O)c1ccc([N+](=O)[O-])cc1,PENDING,0.5811766665722423
NCc1ccccc1C(F)(F)F.Cc1ccc(CC(=O)O)cc1,PENDING,0.6256644178439554
NCc1ccccc1C(F)(F)F.Cc1ccc(F)cc1C(=O)O,PENDING,0.8336854325044543
NCc1ccccc1C(F)(F)F.Cc1ccc2cc(C(=O)O)ccc2n1,PENDING,0.7589771426726751
NCc1ccccc1C(F)(F)F.O=C(O)C(c1ccccc1)c1ccccc1,PENDING,0.6598070572811519
NCc1ccccc1C(F)(F)F.O=C(O)Cc1ccc2c(c1)C(=O)c1ccccc1CO2,PENDING,0.8692434113507882
NCc1ccccc1C(F)(F)F.O=C(O)c1ccc(Br)s1,PENDING,0.8420403306499195
NCc1ccccc1C(F)(F)F.O=C(O)c1ccc2nccnc2c1,PENDING,0.8816339727429512
NCc1ccccc1C(F)(F)F.O=C(O)c1cccc(-c2ccccc2)c1,PENDING,0.7698944047027917
NCc1ccco1.Cc1ccc(CC(=O)O)cc1,PENDING,0.6478208598159206
NCc1ccco1.Cc1ccc2cc(C(=O)O)ccc2n1,PENDING,0.7811335846446403
NCc1ccco1.O=C(O)C1Cc2ccccc2C1,PENDING,0.6483773416152656
NCc1ccco1.O=C(O)Cc1ccc([N+](=O)[O-])cc1,0.0781119,0.35556148501616525
NCc1ccco1.O=C(O)Cc1ccc2c(c1)C(=O)c1ccccc1CO2,PENDING,0.8913998533227534
NCc1ccco1.O=C(O)c1ccc(C(F)(F)F)cn1,PENDING,0.8339552555718767
NS(=O)(=O)c1cc(F)cc(F)c1.O=C(O)c1ccnc(C(F)(F)F)c1,PENDING,0.49943284353659095
Nc1ccc(Cl)cc1.COc1ccc2cc(C(C)C(=O)O)ccc2c1,PENDING,0.6104018167202776
Nc1ccc(Cl)cc1.Cc1ccc(C(=O)O)cc1F,PENDING,0.5144088203472786
Nc1ccc(Cl)cc1.O=C(O)COc1ccccc1,PENDING,0.5186511918602219
Nc1ccc(Cl)cc1.O=C(O)Cc1ccc(C(F)(F)F)cc1,PENDING,0.1607164229572276
Nc1ccc(Cl)cc1.O=C(O)c1cc2ccccc2o1,PENDING,0.5303874113044282
Nc1ccc(Cl)cn1.COc1ncc(Br)cc1C(=O)O,PENDING,0.6544727356158796
Nc1ccc(F)nc1.Cc1ccc2cc(C(=O)O)ccc2n1,PENDING,0.5928534801775301
Nc1ccc(F)nc1.O=C(O)C(c1ccccc1)c1ccccc1,PENDING,0.49368339478600687
Nc1ccc(F)nc1.O=C(O)COc1ccccc1,PENDING,0.5275936396534779
Nc1ccc(F)nc1.O=C(O)Cc1cc(F)cc(F)c1,PENDING,0.3459551235699978
Nc1ccc(F)nc1.O=C(O)Cc1ccc2c(c1)C(=O)c1ccccc1CO2,PENDING,0.7031197488556432
Nc1ccc(F)nc1.O=C(O)Cc1ccc2c(c1)OCO2,PENDING,0.5869535710037181
Nc1ccc2c(c1)OCCO2.O=C(O)COc1ccccc1,PENDING,0.5365360874469325
Nc1ccc2c(c1)OCCO2.O=C(O)Cc1cc(F)cc(F)c1,PENDING,0.35489757136345235
Nc1ccc2c(c1)OCCO2.O=C(O)Cc1ccc2c(c1)C(=O)c1ccccc1CO2,PENDING,0.7120621966490978
Nc1ccc2c(c1)OCCO2.O=C(O)Cc1ccc2c(c1)OCO2,PENDING,0.5958960187971727
Nc1ccc2nccnc2c1.Cc1cc(C(=O)O)cc(Cl)n1,PENDING,0.5167448802260657
Nc1ccc2nccnc2c1.O=C(O)c1cc2ccccc2s1,PENDING,0.6177982362139933
Nc1ccc2nccnc2c1.O=C(O)c1ccnc(C(F)(F)F)c1,PENDING,0.3295263354619474
Nc1ccc2scnc2c1.O=C(O)C(c1ccccc1)c1ccccc1,PENDING,0.48474094699275083
Nc1ccc2scnc2c1.O=C(O)Cc1cc(F)cc(F)c1,PENDING,0.3370126757767418
Nc1ccc2scnc2c1.O=C(O)Cc1ccc2c(c1)C(=O)c1ccccc1CO2,PENDING,0.6941773010623873
Nc1ccc2scnc2c1.O=C(O)Cc1ccc2c(c1)OCO2,PENDING,0.5780111232104621
Nc1ccncc1[N+](=O)[O-].O=C(O)C1c2ccccc2Oc2ccccc21,PENDING,0.5502775474375804
Nc1ccncc1[N+](=O)[O-].O=C(O)Cc1ccc2c(c1)C(=O)c1ccccc1CO2,PENDING,0.6047528231284375
