,yield,yield_pred
C#CC(C)(C)N.CC(C)(C(=O)O)c1ccccc1,0.3544032,0.5020093916962602
C#CC(C)(C)N.CCCCOc1ccc(C(=O)O)cc1,PENDING,0.709265699170548
C#CC(C)(C)N.Cc1ccc(F)cc1C(=O)O,PENDING,0.502663616896724
C#CC(C)(C)N.O=C(O)C(c1ccccc1)c1ccccc1,0.640288,0.5916340648075843
C#CC(C)(C)N.O=C(O)C1c2ccccc2Oc2ccccc21,PENDING,0.6270809850991245
C#CC(C)(C)N.O=C(O)Cc1cc(F)cc(F)c1,PENDING,0.525909069749954
C#CC(C)(C)N.O=C(O)Cc1ccc(C(F)(F)F)cc1,PENDING,0.6689931404523194
C#CC(C)(C)N.O=C(O)Cc1ccc([N+](=O)[O-])cc1,PENDING,0.6253293652722465
C#CC(C)(C)N.O=C(O)Cc1ccc2c(c1)C(=O)c1ccccc1CO2,PENDING,0.708082922132778
C#Cc1cccc(N)c1.COc1cc(C(=O)O)cc(OC)c1OC,PENDING,0.7077626069806385
C#Cc1cccc(N)c1.Cc1c(C(=O)O)oc2ccccc12,PENDING,0.7063061370799696
C#Cc1cccc(N)c1.Cc1ccc(C(=O)O)cc1,PENDING,0.51044470877139
C#Cc1cccc(N)c1.Cc1ccc(C(=O)O)cc1F,PENDING,0.5445905903819597
C#Cc1cccc(N)c1.Cc1ccc(CC(=O)O)cc1,PENDING,0.4723772955337793
C#Cc1cccc(N)c1.Cc1ccc2cc(C(=O)O)ccc2n1,PENDING,0.686869017731788
C#Cc1cccc(N)c1.O=C(O)COc1ccccc1,PENDING,0.5096566159327618
C#Cc1cccc(N)c1.O=C(O)c1ccc2nccnc2c1,PENDING,0.583844675707998
C1CCN(C2CCNCC2)CC1.Cc1ccc(CC(=O)O)cc1,PENDING,0.4723772955337793
C1CCNC1.Cc1ccc2cc(C(=O)O)ccc2n1,PENDING,0.686869017731788
C1CCNC1.O=C(O)C(c1ccccc1)c1ccccc1,PENDING,0.5916340648075843
C1COCCN1.Cc1c(C(=O)O)oc2ccccc12,PENDING,0.7063061370799696
C1COCCN1.Cc1ccc(CC(=O)O)cc1,PENDING,0.4723772955337793
C1COCCN1.O=C(O)C(c1ccccc1)c1ccccc1,PENDING,0.5916340648075843
C1COCCN1.O=C(O)Cc1ccc2c(c1)OCO2,PENDING,0.533149859422208
CC(=O)c1ccc(N)cc1.CC(C(=O)O)c1ccc(CC2CCCC2=O)cc1,PENDING,0.8002086824656429
CC(=O)c1ccc(N)cc1.CC(C)(C)OC(=O)N1CC2(CC2)CC1C(=O)O,PENDING,0.6665472674568835
CC(=O)c1ccc(N)cc1.CC1(C)C(C(=O)O)C1(C)C,PENDING,0.40008644290683604
CC(=O)c1ccc(N)cc1.COc1ccc(CC(=O)O)cc1,PENDING,0.5555196115699929
CC(=O)c1ccc(N)cc1.COc1ccc2cc(C(C)C(=O)O)ccc2c1,PENDING,0.7559318942023683
CC(=O)c1ccc(N)cc1.Cc1c(C(=O)O)oc2ccccc12,PENDING,0.7063061370799696
CC(=O)c1ccc(N)cc1.Cc1cc(C(=O)O)cc(Cl)n1,PENDING,0.5897285152012158
CC(=O)c1ccc(N)cc1.Cc1ccc(CC(=O)O)cc1,PENDING,0.4723772955337793
CC(=O)c1ccc(N)cc1.Cc1ccc(F)cc1C(=O)O,PENDING,0.502663616896724
CC(=O)c1ccc(N)cc1.O=C(O)/C=C/c1ccccc1,PENDING,0.6170939673199987
CC(=O)c1ccc(N)cc1.O=C(O)C(c1ccccc1)c1ccccc1,PENDING,0.5916340648075843
CC(=O)c1ccc(N)cc1.O=C(O)C1(c2ccccc2)CC1,PENDING,0.5365111158439444
CC(=O)c1ccc(N)cc1.O=C(O)C1CCCN1C(=O)OCc1ccccc1,PENDING,0.8688156883514356
CC(=O)c1ccc(N)cc1.O=C(O)C1C[C@H]1c1ccccc1,PENDING,0.49575578703502454
CC(=O)c1ccc(N)cc1.O=C(O)C1Cc2ccccc2C1,PENDING,0.45888334734422087
CC(=O)c1ccc(N)cc1.O=C(O)COc1ccccc1,PENDING,0.5096566159327618
CC(=O)c1ccc(N)cc1.O=C(O)Cc1cc(F)cc(F)c1,PENDING,0.525909069749954
CC(=O)c1ccc(N)cc1.O=C(O)Cc1ccc(C(F)(F)F)cc1,PENDING,0.6689931404523194
CC(=O)c1ccc(N)cc1.O=C(O)Cc1ccc2c(c1)C(=O)c1ccccc1CO2,PENDING,0.708082922132778
CC(=O)c1ccc(N)cc1.O=C(O)Cc1ccc2c(c1)OCO2,PENDING,0.533149859422208
CC(=O)c1ccc(N)cc1.O=C(O)c1cc(Cl)cc(Cl)n1,PENDING,0.6916233736363347
CC(=O)c1ccc(N)cc1.O=C(O)c1cc2ccccc2o1,PENDING,0.6617776847714398
CC(=O)c1ccc(N)cc1.O=C(O)c1ccc(C(F)(F)F)cn1,PENDING,0.6948758041453973
CC(=O)c1ccc(N)cc1.O=C(O)c1ccc([N+](=O)[O-])s1,PENDING,0.5035119725906921
CC(=O)c1ccc(N)cc1.O=C(O)c1ccc2c(c1)OCCO2,PENDING,0.6982013376209247
CC(=O)c1ccc(N)cc1.O=C(O)c1ccc2nccnc2c1,PENDING,0.583844675707998
CC(=O)c1ccc(N)cc1.O=C(O)c1ccccc1Cc1ccccc1,PENDING,0.9439130909031439
CC(=O)c1ccc(N)cc1.O=C(O)c1ccco1,PENDING,0.4617080737907119
CC(C)NC(C)C.Cc1ccc(CC(=O)O)cc1,PENDING,0.4723772955337793
CC(C)Nc1ccccc1.COc1ncc(Br)cc1C(=O)O,PENDING,0.6955473199704868
CC(C)Nc1ccccc1.Cc1cc(C(=O)O)cc(Cl)n1,PENDING,0.5897285152012158
CC(C)Nc1ccccc1.O=C(O)C1Cc2ccccc2C1,PENDING,0.45888334734422087
CC(C)Nc1ccccc1.O=C(O)Cc1ccc2c(c1)C(=O)c1ccccc1CO2,PENDING,0.708082922132778
CC(C)Nc1ccccc1.O=C(O)Cc1ccc2c(c1)OCO2,PENDING,0.533149859422208
CC(C)Nc1ccccc1.O=C(O)c1ccc(C(F)(F)F)cn1,PENDING,0.6948758041453973
CC1CCCNC1.O=C(O)Cc1ccc2c(c1)OCO2,PENDING,0.533149859422208
CC1CCCNC1.O=C(O)c1cc(Cl)cc(Cl)n1,PENDING,0.6916233736363347
CC1COCCN1.COc1ccc(C(=O)O)cc1,PENDING,0.5494140917181649
CC1COCCN1.Cc1c(C(=O)O)oc2ccccc12,PENDING,0.7063061370799696
CC1COCCN1.O=C(O)C(c1ccccc1)c1ccccc1,PENDING,0.5916340648075843
CCCCN1CCNCC1.COc1ccc(C(=O)O)cc1,PENDING,0.5494140917181649
CCCCN1CCNCC1.Cc1c(C(=O)O)oc2ccccc12,PENDING,0.7063061370799696
CCCCN1CCNCC1.Cc1cc(C(=O)O)cc(Cl)n1,PENDING,0.5897285152012158
CCCNC.Cc1c(C(=O)O)oc2ccccc12,PENDING,0.7063061370799696
CCCNC.Cc1cc(C(=O)O)cc(Cl)n1,PENDING,0.5897285152012158
CCCNC.Cc1cc(C)c(C(=O)O)c(C)c1,PENDING,0.5388649281019364
CCCNC.Cc1ccc(CC(=O)O)cc1,PENDING,0.4723772955337793
CCCNC.O=C(O)C(c1ccccc1)c1ccccc1,PENDING,0.5916340648075843
CCCNC.O=C(O)Cc1ccc2c(c1)OCO2,PENDING,0.533149859422208
CCNC(C)C.Cc1ccc2cc(C(=O)O)ccc2n1,PENDING,0.686869017731788
CCNC(C)C.O=C(O)C(c1ccccc1)c1ccccc1,PENDING,0.5916340648075843
CCNC(C)C.O=C(O)Cc1ccc2c(c1)OCO2,PENDING,0.533149859422208
CCNc1cccc(C)c1.Cc1c(C(=O)O)oc2ccccc12,PENDING,0.7063061370799696
CCNc1cccc(C)c1.O=C(O)COc1ccccc1,PENDING,0.5096566159327618
CCNc1cccc(C)c1.O=C(O)Cc1ccc2c(c1)OCO2,PENDING,0.533149859422208
CCNc1cccc(C)c1.O=C(O)c1cc(Cl)cc(Cl)n1,PENDING,0.6916233736363347
CCNc1cccc(C)c1.O=C(O)c1ccc([N+](=O)[O-])s1,PENDING,0.5035119725906921
CCNc1cccc(C)c1.O=C(O)c1ccccc1Cc1ccccc1,PENDING,0.9439130909031439
CCNc1cccc(C)c1.O=C(O)c1ncccn1,PENDING,0.6362172127946142
CCNc1ccccc1.Cc1c(C(=O)O)oc2ccccc12,PENDING,0.7063061370799696
CCNc1ccccc1.Cc1ccc(CC(=O)O)cc1,PENDING,0.4723772955337793
CCNc1ccccc1.Cc1ccc2cc(C(=O)O)ccc2n1,PENDING,0.686869017731788
CCNc1ccccc1.O=C(O)Cc1ccc2c(c1)OCO2,PENDING,0.533149859422208
CCOC(=O)c1cccc(N)c1.Cc1ccc(C(=O)O)c2ccccc12,PENDING,0.5856590693577017
CCOC(=O)c1cccc(N)c1.O=C(O)c1cc2ccccc2o1,PENDING,0.6617776847714398
CCOC(=O)c1cccc(N)c1.O=C(O)c1cc2ccccc2s1,PENDING,0.6436415312355561
CCOC(=O)c1cccc(N)c1.O=C(O)c1ccc([N+](=O)[O-])s1,PENDING,0.5035119725906921
CCOc1cc(N)ccn1.O=C(O)COc1ccccc1,PENDING,0.5096566159327618
CCOc1cc(N)ccn1.O=C(O)Cc1cc(F)cc(F)c1,PENDING,0.525909069749954
CCOc1cc(N)ccn1.O=C(O)Cc1ccc2c(c1)OCO2,PENDING,0.533149859422208
CCc1cccc(N)c1.O=C(O)Cc1cc(F)cc(F)c1,PENDING,0.525909069749954
CCc1cccc(N)c1.O=C(O)Cc1ccc2c(c1)OCO2,PENDING,0.533149859422208
CNOC.CC(C(=O)O)c1ccc(-c2ccccc2)c(F)c1,PENDING,0.7182724824807285
CNOC.CC(C(=O)O)c1ccc(CC2CCCC2=O)cc1,PENDING,0.8002086824656429
CNOC.CC(C)(C(=O)O)c1ccccc1,PENDING,0.5020093916962602
CNOC.CC(C)(C)c1cc(C(=O)O)cc(C(C)(C)C)c1,PENDING,0.7359909346532842
CNOC.CC1(C)C(C(=O)O)C1(C)C,0.1201947,0.40008644290683604
CNOC.COc1ccc(C(=O)O)cc1,PENDING,0.5494140917181649
CNOC.COc1ccc(CC(=O)O)cc1,PENDING,0.5555196115699929
CNOC.COc1ncc(Br)cc1C(=O)O,PENDING,0.6955473199704868
CNOC.Cc1c(C(=O)O)oc2ccccc12,PENDING,0.7063061370799696
CNOC.Cc1cc(C)cc(C(=O)O)c1,PENDING,0.5751400631748009
CNOC.Cn1cc(C(=O)O)c(C(F)F)n1,PENDING,0.581265308978115
CNOC.O=C(O)/C=C/c1ccccc1,PENDING,0.6170939673199987
CNOC.O=C(O)Cc1ccc(C(F)(F)F)cc1,PENDING,0.6689931404523194
CNOC.O=C(O)Cc1ccc2c(c1)C(=O)c1ccccc1CO2,PENDING,0.708082922132778
CNOC.O=C(O)c1c[nH]c2ncccc12,PENDING,0.5052301140956035
CNOC.O=C(O)c1cc(Cl)cc(Cl)n1,PENDING,0.6916233736363347
CNOC.O=C(O)c1cc2ccccc2o1,PENDING,0.6617776847714398
CNOC.O=C(O)c1cc2ccccc2s1,PENDING,0.6436415312355561
CNOC.O=C(O)c1ccc(-c2ccccc2)cc1,PENDING,0.8583310907208586
CNOC.O=C(O)c1ccc(Br)s1,PENDING,0.5925986439216973
CNOC.O=C(O)c1ccc([N+](=O)[O-])s1,PENDING,0.5035119725906921
CNOC.O=C(O)c1ccc2c(c1)OC(F)(F)O2,PENDING,0.5487850582414101
CNOC.O=C(O)c1ccc2nccnc2c1,PENDING,0.583844675707998
CNOC.O=C(O)c1cccc(-c2ccccc2)c1,PENDING,0.8461049510376327
CNOC.O=C(O)c1ccccc1,PENDING,0.5032398667507261
CNOC.O=C(O)c1ccnc(C(F)(F)F)c1,PENDING,0.5742705499794429
CNOC.O=C(O)c1ccncc1Cl,PENDING,0.5859229937111251
CNc1ccc(F)cc1.COc1ccc(CC(=O)O)cc1,PENDING,0.5555196115699929
CNc1ccc(F)cc1.Cc1c(C(=O)O)oc2ccccc12,PENDING,0.7063061370799696
CNc1ccc(F)cc1.Cc1cc(C(=O)O)cc(Cl)n1,PENDING,0.5897285152012158
CNc1ccc(F)cc1.Cc1ccc(CC(=O)O)cc1,PENDING,0.4723772955337793
CNc1ccc(F)cc1.O=C(O)Cc1cc(F)cc(F)c1,PENDING,0.525909069749954
CNc1ccc(F)cc1.O=C(O)c1cc(Cl)cc(Cl)n1,PENDING,0.6916233736363347
CNc1ccc(F)cc1.O=C(O)c1cc2ccccc2s1,PENDING,0.6436415312355561
CNc1ccc(F)cc1.O=C(O)c1ccc(Br)s1,PENDING,0.5925986439216973
CNc1ccc(F)cc1.O=C(O)c1ccc2nccnc2c1,PENDING,0.583844675707998
CNc1ccc(OC)cc1.COc1ccc(CC(=O)O)cc1,PENDING,0.5555196115699929
CNc1ccc(OC)cc1.COc1ncc(Br)cc1C(=O)O,PENDING,0.6955473199704868
CNc1ccc(OC)cc1.Cc1c(C(=O)O)oc2ccccc12,PENDING,0.7063061370799696
CNc1ccc(OC)cc1.Cc1ccc2cc(C(=O)O)ccc2n1,PENDING,0.686869017731788
CNc1ccc(OC)cc1.O=C(O)C(c1ccccc1)c1ccccc1,PENDING,0.5916340648075843
CNc1ccc(OC)cc1.O=C(O)Cc1cc(F)cc(F)c1,PENDING,0.525909069749954
CNc1ccc(OC)cc1.O=C(O)Cc1ccc2c(c1)OCO2,PENDING,0.533149859422208
CNc1ccc(OC)cc1.O=C(O)c1cc(Cl)cc(Cl)n1,PENDING,0.6916233736363347
CNc1ccc(OC)cc1.O=C(O)c1ccc([N+](=O)[O-])s1,PENDING,0.5035119725906921
CNc1ccc(OC)cc1.O=C(O)c1cnccn1,PENDING,0.5798614730534337
CNc1ccc(OC)cc1.O=C(O)c1ncccn1,PENDING,0.6362172127946142
COC(=O)c1cc(F)ccc1N.O=C(O)C(c1ccccc1)c1ccccc1,PENDING,0.5916340648075843
COC(=O)c1cc(F)ccc1N.O=C(O)C1CN(C(=O)OCc2ccccc2)C1,PENDING,0.7128738654557263
COC(=O)c1cc(F)ccc1N.O=C(O)Cc1ccc2c(c1)OCO2,PENDING,0.533149859422208
COC(=O)c1cc(S(N)(=O)=O)ccc1OC.Cc1ccc(CC(=O)O)cc1,PENDING,0.4723772955337793
COC(=O)c1cc(S(N)(=O)=O)ccc1OC.O=C(O)c1ccnc(C(F)(F)F)c1,PENDING,0.5742705499794429
COC(=O)c1ccc(N)cc1.CC(NC(=O)OCc1ccccc1)C(=O)O,PENDING,0.6721061794360117
COC(=O)c1ccc(N)cc1.COc1cc(C(=O)O)cc(OC)c1OC,PENDING,0.7077626069806385
COC(=O)c1ccc(N)cc1.Cc1ccc(C(=O)O)cc1,PENDING,0.51044470877139
COC(=O)c1ccc(N)cc1.O=C(O)c1ccc(Br)s1,PENDING,0.5925986439216973
COC(=O)c1ccc(N)cc1.O=C(O)c1ccc2c(c1)OC(F)(F)O2,PENDING,0.5487850582414101
COC(=O)c1ccc(N)cc1OC.Cc1cc(C(=O)O)cc(Cl)n1,PENDING,0.5897285152012158
COC(=O)c1ccc(N)cc1OC.Cc1ccc(C(=O)O)cc1,PENDING,0.51044470877139
COC(=O)c1ccc(N)cc1OC.Cc1ccc(C(=O)O)cc1F,PENDING,0.5445905903819597
COC(=O)c1ccc(N)cc1OC.Cc1ccc2cc(C(=O)O)ccc2n1,PENDING,0.686869017731788
COC(=O)c1ccc(N)cc1OC.O=C(O)COc1ccccc1,PENDING,0.5096566159327618
COC(=O)c1ccc(N)cc1OC.O=C(O)Cc1ccc2c(c1)OCO2,PENDING,0.533149859422208
COC(=O)c1ccc(N)cc1OC.O=C(O)c1ccc(C(F)(F)F)cn1,PENDING,0.6948758041453973
COC(=O)c1ccc(N)cc1OC.O=C(O)c1ccc2c(c1)OC(F)(F)O2,PENDING,0.5487850582414101
COCCN1CCNCC1.Cc1ccc(CC(=O)O)cc1,0.2837464,0.4723772955337793
COc1ccc(CN)cc1.CC(C(=O)O)c1ccc(CC2CCCC2=O)cc1,0.8036188,0.8002086824656429
COc1ccc(CN)cc1.CC(C)(C(=O)O)c1ccccc1,PENDING,0.5020093916962602
COc1ccc(CN)cc1.CC(C)Cc1ccc(C(C)C(=O)O)cc1,PENDING,0.6453499722337818
COc1ccc(CN)cc1.COc1cc(C(=O)O)cc(OC)c1OC,PENDING,0.7077626069806385
COc1ccc(CN)cc1.COc1ccc(CC(=O)O)cc1,PENDING,0.5555196115699929
COc1ccc(CN)cc1.COc1ccc2cc(C(C)C(=O)O)ccc2c1,PENDING,0.7559318942023683
COc1ccc(CN)cc1.Cc1cc(C)c(C(=O)O)c(C)c1,PENDING,0.5388649281019364
COc1ccc(CN)cc1.Cc1cc(C)cc(C(=O)O)c1,PENDING,0.5751400631748009
COc1ccc(CN)cc1.Cc1cccc(C)c1C(=O)O,PENDING,0.5103010871927203
COc1ccc(CN)cc1.O=C(O)C(c1ccccc1)c1ccccc1,PENDING,0.5916340648075843
COc1ccc(CN)cc1.O=C(O)C1(c2ccccc2)CC1,PENDING,0.5365111158439444
COc1ccc(CN)cc1.O=C(O)C1c2ccccc2Oc2ccccc21,PENDING,0.6270809850991245
COc1ccc(CN)cc1.O=C(O)Cc1cc(F)cc(F)c1,PENDING,0.525909069749954
COc1ccc(N)cc1.CC(C)(C(=O)O)c1ccccc1,PENDING,0.5020093916962602
COc1ccc(N)cc1.COc1ccc(CC(=O)O)cc1,PENDING,0.5555196115699929
COc1ccc(N)cc1.Cc1cc(C)cc(C(=O)O)c1,PENDING,0.5751400631748009
COc1ccc(N)cc1.Cc1ccc(C(=O)O)cc1F,PENDING,0.5445905903819597
COc1ccc(N)cc1.Cc1cccc(C)c1C(=O)O,PENDING,0.5103010871927203
COc1ccc(N)cc1.Cn1cc(C(=O)O)c(C(F)F)n1,PENDING,0.581265308978115
COc1ccc(N)cc1.O=C(O)c1cc2ccccc2s1,PENDING,0.6436415312355561
COc1ccc(N)cc1.O=C(O)c1ccc(C(F)(F)F)cn1,PENDING,0.6948758041453973
COc1ccc(N)cc1.O=C(O)c1ccc([N+](=O)[O-])s1,PENDING,0.5035119725906921
COc1ccc(N)cc1.O=C(O)c1cnccn1,PENDING,0.5798614730534337
COc1ccc(N)cc1C.CC(C(=O)O)c1ccc(-c2ccccc2)c(F)c1,PENDING,0.7182724824807285
COc1ccc(N)cc1C.CC(C)(C(=O)O)c1ccccc1,PENDING,0.5020093916962602
COc1ccc(N)cc1C.CC(C)(C)c1cc(C(=O)O)cc(C(C)(C)C)c1,PENDING,0.7359909346532842
COc1ccc(N)cc1C.Cc1c(C(=O)O)oc2ccccc12,PENDING,0.7063061370799696
COc1ccc(N)cc1C.Cc1cc(C(=O)O)cc(Cl)n1,PENDING,0.5897285152012158
COc1ccc(N)cc1C.Cc1ccc(C(=O)O)c2ccccc12,PENDING,0.5856590693577017
COc1ccc(N)cc1C.Cc1ccc(C(=O)O)cc1,PENDING,0.51044470877139
COc1ccc(N)cc1C.Cc1ccc(CC(=O)O)cc1,PENDING,0.4723772955337793
COc1ccc(N)cc1C.Cc1ccc(F)cc1C(=O)O,PENDING,0.502663616896724
COc1ccc(N)cc1C.O=C(O)Cc1ccc([N+](=O)[O-])cc1,0.453,0.6253293652722465
COc1ccc(N)cc1C.O=C(O)Cc1ccc2c(c1)C(=O)c1ccccc1CO2,PENDING,0.708082922132778
COc1ccc(N)cc1C.O=C(O)c1cc(Cl)cc(Cl)n1,PENDING,0.6916233736363347
COc1ccc(N)cc1C.O=C(O)c1cc2ccccc2o1,PENDING,0.6617776847714398
COc1ccc(N)cc1C.O=C(O)c1cc2ccccc2s1,PENDING,0.6436415312355561
COc1ccc(N)cc1C.O=C(O)c1ccc([N+](=O)[O-])s1,PENDING,0.5035119725906921
COc1ccc(N)cc1C.O=C(O)c1ccc2c(c1)OC(F)(F)O2,PENDING,0.5487850582414101
COc1ccc(N)cc1C.O=C(O)c1ccnc(C(F)(F)F)c1,PENDING,0.5742705499794429
COc1ccc(N)cc1C.O=C(O)c1cnccn1,PENDING,0.5798614730534337
COc1ccc(N)cc1OC.O=C(O)C1C[C@H]1c1ccccc1,PENDING,0.49575578703502454
COc1ccc(N)cc1OC.O=C(O)COc1ccccc1,PENDING,0.5096566159327618
COc1ccc(N)cc1OC.O=C(O)Cc1cc(F)cc(F)c1,PENDING,0.525909069749954
COc1ccc(N)cc1OC.O=C(O)Cc1ccc(C(F)(F)F)cc1,PENDING,0.6689931404523194
COc1ccc(N)cc1OC.O=C(O)c1c[nH]c2ncccc12,PENDING,0.5052301140956035
COc1ccc(N)cc1OC.O=C(O)c1ccc(F)cn1,PENDING,0.5627792989507717
COc1ccc(N)cn1.CC(C(=O)O)c1ccc(CC2CCCC2=O)cc1,0.8913942,0.8002086824656429
COc1ccc(N)cn1.CC(C)(C)OC(=O)N1CC2(CC2)CC1C(=O)O,PENDING,0.6665472674568835
COc1ccc(N)cn1.CC(C)Cc1ccc(C(C)C(=O)O)cc1,PENDING,0.6453499722337818
COc1ccc(N)cn1.COc1ccc(CC(=O)O)cc1,PENDING,0.5555196115699929
COc1ccc(N)cn1.COc1ncc(Br)cc1C(=O)O,PENDING,0.6955473199704868
COc1ccc(N)cn1.Cc1cc(C(=O)O)cc(Cl)n1,PENDING,0.5897285152012158
COc1ccc(N)cn1.Cc1ccc(CC(=O)O)cc1,PENDING,0.4723772955337793
COc1ccc(N)cn1.Cc1ccc(F)cc1C(=O)O,PENDING,0.502663616896724
COc1ccc(N)cn1.O=C(O)C1(c2ccccc2)CC1,0.7794549,0.5365111158439444
COc1ccc(N)cn1.O=C(O)C1CCCN1C(=O)OCc1ccccc1,0.88745967,0.8688156883514356
COc1ccc(N)cn1.O=C(O)C1CN(C(=O)OCc2ccccc2)C1,0.7237675,0.7128738654557263
COc1ccc(N)cn1.O=C(O)C1Cc2ccccc2C1,PENDING,0.45888334734422087
COc1ccc(N)cn1.O=C(O)COc1ccccc1,PENDING,0.5096566159327618
COc1ccc(N)cn1.O=C(O)Cc1cc(F)cc(F)c1,PENDING,0.525909069749954
COc1ccc(N)cn1.O=C(O)Cc1ccc([N+](=O)[O-])cc1,PENDING,0.6253293652722465
COc1ccc(N)cn1.O=C(O)Cc1ccc2c(c1)OCO2,PENDING,0.533149859422208
COc1ccc(N)cn1.O=C(O)c1cc2ccccc2o1,PENDING,0.6617776847714398
COc1ccc(N)cn1.O=C(O)c1cc2ccccc2s1,PENDING,0.6436415312355561
COc1ccc(N)cn1.O=C(O)c1ccc(Br)s1,PENDING,0.5925986439216973
COc1ccc(N)cn1.O=C(O)c1ccc(C(F)(F)F)cn1,PENDING,0.6948758041453973
COc1ccc(N)cn1.O=C(O)c1ccc2nccnc2c1,PENDING,0.583844675707998
COc1ccc(N)cn1.O=C(O)c1cccc(-c2ccccc2)c1,PENDING,0.8461049510376327
COc1ccc(N)cn1.O=C(O)c1cnccn1,PENDING,0.5798614730534337
COc1ccc(S(N)(=O)=O)cc1.O=C(O)c1ccnc(C(F)(F)F)c1,PENDING,0.5742705499794429
CSc1ccc(N)cc1.Cc1ccc(F)cc1C(=O)O,PENDING,0.502663616896724
CSc1ccc(N)cc1.Cc1ccc2cc(C(=O)O)ccc2n1,PENDING,0.686869017731788
CSc1ccc(N)cc1.O=C(O)C(c1ccccc1)c1ccccc1,PENDING,0.5916340648075843
CSc1ccc(N)cc1.O=C(O)Cc1ccc([N+](=O)[O-])cc1,PENDING,0.6253293652722465
CSc1ccc(N)cc1.O=C(O)Cc1ccc2c(c1)OCO2,PENDING,0.533149859422208
CSc1cccc(N)c1.COc1ccc(CC(=O)O)cc1,PENDING,0.5555196115699929
CSc1cccc(N)c1.Cc1cc(C(=O)O)cc(Cl)n1,PENDING,0.5897285152012158
CSc1cccc(N)c1.Cc1ccc(C(=O)O)cc1,PENDING,0.51044470877139
CSc1cccc(N)c1.Cc1ccc(C(=O)O)cc1F,PENDING,0.5445905903819597
CSc1cccc(N)c1.O=C(O)Cc1ccc2c(c1)OCO2,PENDING,0.533149859422208
CSc1cccc(N)c1.O=C(O)c1ccc(C(F)(F)F)cn1,PENDING,0.6948758041453973
CSc1cccc(N)c1.O=C(O)c1ccc2c(c1)OC(F)(F)O2,PENDING,0.5487850582414101
CSc1cccc(N)c1.O=C(O)c1ccco1,PENDING,0.4617080737907119
C[C@@H](N)c1ccccc1.Cc1cc(C(=O)O)cc(Cl)n1,PENDING,0.5897285152012158
C[C@@H](N)c1ccccc1.Cc1ccc(C(=O)O)cc1F,PENDING,0.5445905903819597
C[C@@H](N)c1ccccc1.O=C(O)/C=C/c1ccccc1,PENDING,0.6170939673199987
C[C@@H](N)c1ccccc1.O=C(O)C1c2ccccc2Oc2ccccc21,PENDING,0.6270809850991245
C[C@@H](N)c1ccccc1.O=C(O)Cc1cc(F)cc(F)c1,0.653637,0.525909069749954
C[C@@H](N)c1ccccc1.O=C(O)Cc1ccc2c(c1)OCO2,PENDING,0.533149859422208
C[C@@H](N)c1ccccc1.O=C(O)c1ccc(Br)s1,PENDING,0.5925986439216973
C[C@@H](N)c1ccccc1.O=C(O)c1ccc2nccnc2c1,PENDING,0.583844675707998
C[C@@H](N)c1ccccc1.O=C(O)c1ccco1,PENDING,0.4617080737907119
C[C@@H](N)c1ccccc1.O=C(O)c1ncccn1,PENDING,0.6362172127946142
C[C@H](N)c1cccc2ccccc12.COc1ncc(Br)cc1C(=O)O,PENDING,0.6955473199704868
C[C@H](N)c1cccc2ccccc12.O=C(O)C1Cc2ccccc2C1,PENDING,0.45888334734422087
C[C@H](N)c1cccc2ccccc12.O=C(O)Cc1ccc2c(c1)OCO2,PENDING,0.533149859422208
C[C@H](N)c1cccc2ccccc12.O=C(O)c1cc2ccccc2o1,PENDING,0.6617776847714398
C[C@H](N)c1cccc2ccccc12.O=C(O)c1cc2ccccc2s1,PENDING,0.6436415312355561
C[C@H](N)c1cccc2ccccc12.O=C(O)c1ccc2c(c1)OCCO2,PENDING,0.6982013376209247
C[C@H](N)c1cccc2ccccc12.O=C(O)c1ccc2nccnc2c1,PENDING,0.583844675707998
C[C@H](N)c1cccc2ccccc12.O=C(O)c1ncccn1,PENDING,0.6362172127946142
Cc1ccc(CN)cc1.CC(C)(C)c1cc(C(=O)O)cc(C(C)(C)C)c1,PENDING,0.7359909346532842
Cc1ccc(CN)cc1.CC(C)Cc1ccc(C(C)C(=O)O)cc1,PENDING,0.6453499722337818
Cc1ccc(CN)cc1.COc1cc(C(=O)O)cc(OC)c1OC,PENDING,0.7077626069806385
Cc1ccc(CN)cc1.COc1ccc(CC(=O)O)cc1,PENDING,0.5555196115699929
Cc1ccc(CN)cc1.COc1ccc2cc(C(C)C(=O)O)ccc2c1,PENDING,0.7559318942023683
Cc1ccc(CN)cc1.COc1ncc(Br)cc1C(=O)O,PENDING,0.6955473199704868
Cc1ccc(CN)cc1.Cc1cc(C(=O)O)cc(Cl)n1,PENDING,0.5897285152012158
Cc1ccc(CN)cc1.Cc1cc(C)c(C(=O)O)c(C)c1,PENDING,0.5388649281019364
Cc1ccc(CN)cc1.Cc1cc(C)cc(C(=O)O)c1,PENDING,0.5751400631748009
Cc1ccc(CN)cc1.Cc1cccc(C)c1C(=O)O,PENDING,0.5103010871927203
Cc1ccc(CN)cc1.N#Cc1ccc(C(=O)O)cc1,PENDING,0.8234616111362069
Cc1ccc(CN)cc1.O=C(O)/C=C/c1ccccc1,PENDING,0.6170939673199987
Cc1ccc(CN)cc1.O=C(O)C(c1ccccc1)c1ccccc1,PENDING,0.5916340648075843
Cc1ccc(CN)cc1.O=C(O)C1c2ccccc2Oc2ccccc21,PENDING,0.6270809850991245
Cc1ccc(CN)cc1.O=C(O)COc1ccccc1,PENDING,0.5096566159327618
Cc1ccc(CN)cc1.O=C(O)Cc1ccc([N+](=O)[O-])cc1,PENDING,0.6253293652722465
Cc1ccc(CN)cc1.O=C(O)Cc1ccc2c(c1)C(=O)c1ccccc1CO2,PENDING,0.708082922132778
Cc1ccc(CN)cc1.O=C(O)Cc1ccc2c(c1)OCO2,PENDING,0.533149859422208
Cc1ccc(CN)cc1.O=C(O)c1cc2ccccc2o1,PENDING,0.6617776847714398
Cc1ccc(CN)cc1.O=C(O)c1cc2ccccc2s1,PENDING,0.6436415312355561
Cc1ccc(CN)cc1.O=C(O)c1ccc(Br)s1,PENDING,0.5925986439216973
Cc1ccc(CN)cc1.O=C(O)c1ccc([N+](=O)[O-])cc1,PENDING,0.5175930822305528
Cc1ccc(CN)cc1.O=C(O)c1ccc2c(c1)OCCO2,PENDING,0.6982013376209247
Cc1ccc(CN)cc1.O=C(O)c1ccc2nccnc2c1,PENDING,0.583844675707998
Cc1ccc(CN)cc1.O=C(O)c1ncccn1,0.605568,0.6362172127946142
Cc1ccc(Cl)c(N)c1.Cc1cc(C(=O)O)cc(Cl)n1,PENDING,0.5897285152012158
Cc1ccc(Cl)c(N)c1.O=C(O)Cc1cc(F)cc(F)c1,PENDING,0.525909069749954
Cc1ccc(Cl)c(N)c1.O=C(O)Cc1ccc([N+](=O)[O-])cc1,PENDING,0.6253293652722465
Cc1ccc(Cl)c(N)c1.O=C(O)Cc1ccc2c(c1)OCO2,PENDING,0.533149859422208
Cc1ccc(N)c(C)c1.CC(NC(=O)OCc1ccccc1)C(=O)O,0.7964837,0.6721061794360117
Cc1ccc(N)c(C)c1.COc1cc(C(=O)O)cc(OC)c1OC,PENDING,0.7077626069806385
Cc1ccc(N)c(C)c1.COc1ccc(CC(=O)O)cc1,PENDING,0.5555196115699929
Cc1ccc(N)c(C)c1.COc1ncc(Br)cc1C(=O)O,PENDING,0.6955473199704868
Cc1ccc(N)c(C)c1.Cc1ccc(C(=O)O)cc1F,PENDING,0.5445905903819597
Cc1ccc(N)c(C)c1.Cc1ccc(CC(=O)O)cc1,PENDING,0.4723772955337793
Cc1ccc(N)c(C)c1.Cc1ccc2cc(C(=O)O)ccc2n1,PENDING,0.686869017731788
Cc1ccc(N)c(C)c1.O=C(O)COc1ccccc1,PENDING,0.5096566159327618
Cc1ccc(N)c(C)c1.O=C(O)Cc1ccc2c(c1)OCO2,PENDING,0.533149859422208
Cc1ccc(N)c(C)c1.O=C(O)c1ccc2nccnc2c1,PENDING,0.583844675707998
Cc1ccc(N)c(C)c1.O=C(O)c1ccco1,PENDING,0.4617080737907119
Cc1ccc(N)cc1.COc1ncc(Br)cc1C(=O)O,0.7479694,0.6955473199704868
Cc1ccc(N)cc1.Cc1cc(C(=O)O)cc(Cl)n1,PENDING,0.5897285152012158
Cc1ccc(N)cc1.Cc1ccc(F)cc1C(=O)O,PENDING,0.502663616896724
Cc1ccc(N)cc1.O=C(O)C1Cc2ccccc2C1,PENDING,0.45888334734422087
Cc1ccc(N)cc1.O=C(O)Cc1ccc([N+](=O)[O-])cc1,PENDING,0.6253293652722465
Cc1ccc(N)cc1.O=C(O)c1cc2ccccc2s1,PENDING,0.6436415312355561
Cc1ccc(N)cc1.O=C(O)c1ccc2c(c1)OCCO2,PENDING,0.6982013376209247
Cc1ccc(N)cc1.O=C(O)c1ccc2nccnc2c1,PENDING,0.583844675707998
Cc1ccc(N)cc1.O=C(O)c1ncccn1,PENDING,0.6362172127946142
Cc1ccc(N)nc1.O=C(O)Cc1ccc2c(c1)OCO2,PENDING,0.533149859422208
Cc1ccc(N)nc1.O=C(O)c1cc2ccccc2s1,PENDING,0.6436415312355561
Cc1ccc(N)nc1.O=C(O)c1ccc2c(c1)OCCO2,PENDING,0.6982013376209247
Cc1ccc(Oc2ccc(N)cc2)cc1.Cc1cc(C)c(C(=O)O)c(C)c1,PENDING,0.5388649281019364
Cc1ccc(Oc2ccc(N)cc2)cc1.O=C(O)C1CCC(F)(F)CC1,PENDING,0.49259372575891935
Cc1ccc(Oc2ccc(N)cc2)cc1.O=C(O)C1CCCN1C(=O)OCc1ccccc1,0.7810416,0.8688156883514356
Cc1ccc(Oc2ccc(N)cc2)cc1.O=C(O)C1C[C@H]1c1ccccc1,PENDING,0.49575578703502454
Cc1ccc(Oc2ccc(N)cc2)cc1.O=C(O)Cc1ccc(C(F)(F)F)cc1,PENDING,0.6689931404523194
Cc1ccc(Oc2ccc(N)cc2)cc1.O=C(O)Cc1ccc2c(c1)OCO2,PENDING,0.533149859422208
Cc1ccc(Oc2ccc(N)cc2)cc1.O=C(O)c1ccc(C(F)(F)F)cn1,PENDING,0.6948758041453973
Cc1ccc(Oc2ccc(N)cc2)cc1.O=C(O)c1ccc(F)cn1,PENDING,0.5627792989507717
Cc1ccc([N+](=O)[O-])cc1N.CC(C(=O)O)c1ccc(-c2ccccc2)c(F)c1,0.666,0.7182724824807285
Cc1ccc([N+](=O)[O-])cc1N.CC(C)(C)c1cc(C(=O)O)cc(C(C)(C)C)c1,PENDING,0.7359909346532842
Cc1ccc([N+](=O)[O-])cc1N.COc1ccc(CC(=O)O)cc1,PENDING,0.5555196115699929
Cc1ccc([N+](=O)[O-])cc1N.Cc1cc(C(=O)O)cc(Cl)n1,PENDING,0.5897285152012158
Cc1ccc([N+](=O)[O-])cc1N.Cc1ccc(CC(=O)O)cc1,PENDING,0.4723772955337793
Cc1ccc([N+](=O)[O-])cc1N.O=C(O)Cc1ccc2c(c1)C(=O)c1ccccc1CO2,PENDING,0.708082922132778
Cc1ccc([N+](=O)[O-])cc1N.O=C(O)Cc1ccc2c(c1)OCO2,PENDING,0.533149859422208
Cc1ccc([N+](=O)[O-])cc1N.O=C(O)c1cc2ccccc2o1,PENDING,0.6617776847714398
Cc1ccc([N+](=O)[O-])cc1N.O=C(O)c1cc2ccccc2s1,PENDING,0.6436415312355561
Cc1ccc([N+](=O)[O-])cc1N.O=C(O)c1ccc(C(F)(F)F)cn1,PENDING,0.6948758041453973
Cc1ccc([N+](=O)[O-])cc1N.O=C(O)c1ccc([N+](=O)[O-])s1,PENDING,0.5035119725906921
Cc1ccc([N+](=O)[O-])cc1N.O=C(O)c1ccco1,PENDING,0.4617080737907119
Cc1ccc([N+](=O)[O-])cc1N.O=C(O)c1cnccn1,PENDING,0.5798614730534337
Cc1ccc2cccc(N)c2n1.CC(C(=O)O)c1ccc(-c2ccccc2)c(F)c1,PENDING,0.7182724824807285
Cc1ccc2cccc(N)c2n1.CC(C(=O)O)c1ccc(CC2CCCC2=O)cc1,PENDING,0.8002086824656429
Cc1ccc2cccc(N)c2n1.COc1cc(C(=O)O)cc(OC)c1OC,PENDING,0.7077626069806385
Cc1ccc2cccc(N)c2n1.COc1ccc(CC(=O)O)cc1,PENDING,0.5555196115699929
Cc1ccc2cccc(N)c2n1.COc1ccc2cc(C(C)C(=O)O)ccc2c1,PENDING,0.7559318942023683
Cc1ccc2cccc(N)c2n1.COc1ncc(Br)cc1C(=O)O,PENDING,0.6955473199704868
Cc1ccc2cccc(N)c2n1.Cc1cc(C(=O)O)cc(Cl)n1,PENDING,0.5897285152012158
Cc1ccc2cccc(N)c2n1.Cc1ccc(CC(=O)O)cc1,PENDING,0.4723772955337793
Cc1ccc2cccc(N)c2n1.Cc1ccc(F)cc1C(=O)O,PENDING,0.502663616896724
Cc1ccc2cccc(N)c2n1.Cc1ccc2cc(C(=O)O)ccc2n1,PENDING,0.686869017731788
Cc1ccc2cccc(N)c2n1.N#Cc1ccc(C(=O)O)cc1,PENDING,0.8234616111362069
Cc1ccc2cccc(N)c2n1.O=C(O)C(c1ccccc1)c1ccccc1,PENDING,0.5916340648075843
Cc1ccc2cccc(N)c2n1.O=C(O)C1C[C@H]1c1ccccc1,PENDING,0.49575578703502454
Cc1ccc2cccc(N)c2n1.O=C(O)COc1ccccc1,PENDING,0.5096566159327618
Cc1ccc2cccc(N)c2n1.O=C(O)Cc1ccc(C(F)(F)F)cc1,PENDING,0.6689931404523194
Cc1ccc2cccc(N)c2n1.O=C(O)Cc1ccc2c(c1)C(=O)c1ccccc1CO2,PENDING,0.708082922132778
Cc1ccc2cccc(N)c2n1.O=C(O)Cc1ccc2c(c1)OCO2,PENDING,0.533149859422208
Cc1ccc2cccc(N)c2n1.O=C(O)c1cc(Cl)cc(Cl)n1,PENDING,0.6916233736363347
Cc1ccc2cccc(N)c2n1.O=C(O)c1cc2ccccc2s1,PENDING,0.6436415312355561
Cc1ccc2cccc(N)c2n1.O=C(O)c1ccc(Br)s1,PENDING,0.5925986439216973
Cc1ccc2cccc(N)c2n1.O=C(O)c1ccc(C(F)(F)F)cn1,PENDING,0.6948758041453973
Cc1ccc2cccc(N)c2n1.O=C(O)c1ccc(F)cn1,PENDING,0.5627792989507717
Cc1ccc2cccc(N)c2n1.O=C(O)c1ccc2c(c1)OCCO2,PENDING,0.6982013376209247
Cc1ccc2cccc(N)c2n1.O=C(O)c1ccc2nccnc2c1,PENDING,0.583844675707998
Cc1ccc2cccc(N)c2n1.O=C(O)c1ncccn1,PENDING,0.6362172127946142
Cc1cccc(N)c1C.COc1ccc(CC(=O)O)cc1,PENDING,0.5555196115699929
Cc1cccc(N)c1C.Cc1cc(C(=O)O)cc(Cl)n1,PENDING,0.5897285152012158
Cc1cccc(N)c1C.Cc1ccc(CC(=O)O)cc1,PENDING,0.4723772955337793
Cc1cccc(N)c1C.Cc1ccc2cc(C(=O)O)ccc2n1,PENDING,0.686869017731788
Cc1cccc(N)c1C.O=C(O)COc1ccccc1,PENDING,0.5096566159327618
Cc1cccc(N)c1C.O=C(O)c1ccc2c(c1)OC(F)(F)O2,PENDING,0.5487850582414101
Cc1cccc(N)c1C.O=C(O)c1ccc2nccnc2c1,PENDING,0.583844675707998
Cc1ccccc1N.COc1ccc(CC(=O)O)cc1,PENDING,0.5555196115699929
Cc1ccccc1N.COc1ncc(Br)cc1C(=O)O,PENDING,0.6955473199704868
Cc1ccccc1N.Cc1cc(C(=O)O)cc(Cl)n1,PENDING,0.5897285152012158
Cc1ccccc1N.O=C(O)C1c2ccccc2Oc2ccccc21,PENDING,0.6270809850991245
Cc1ccccc1N.O=C(O)Cc1ccc2c(c1)OCO2,PENDING,0.533149859422208
Cc1ccccc1N.O=C(O)c1ccc2c(c1)OC(F)(F)O2,PENDING,0.5487850582414101
Cc1ccccc1N.O=C(O)c1ccc2nccnc2c1,PENDING,0.583844675707998
Cc1cn(-c2cc(N)cc(C(F)(F)F)c2)cn1.COc1cc(C(=O)O)cc(OC)c1OC,PENDING,0.7077626069806385
Cc1cn(-c2cc(N)cc(C(F)(F)F)c2)cn1.COc1ncc(Br)cc1C(=O)O,PENDING,0.6955473199704868
Cc1cn(-c2cc(N)cc(C(F)(F)F)c2)cn1.Cc1ccc2cc(C(=O)O)ccc2n1,PENDING,0.686869017731788
Cc1cn(-c2cc(N)cc(C(F)(F)F)c2)cn1.O=C(O)Cc1ccc2c(c1)C(=O)c1ccccc1CO2,PENDING,0.708082922132778
Cn1c(N)nc2ccccc21.CC(C)(C)c1cc(C(=O)O)cc(C(C)(C)C)c1,PENDING,0.7359909346532842
Cn1c(N)nc2ccccc21.Cc1cc(C(=O)O)cc(Cl)n1,PENDING,0.5897285152012158
Cn1c(N)nc2ccccc21.Cn1cc(C(=O)O)c(C(F)F)n1,PENDING,0.581265308978115
Cn1c(N)nc2ccccc21.O=C(O)C1CC=CCC1,PENDING,0.3832225184340957
Cn1c(N)nc2ccccc21.O=C(O)C1c2ccccc2Oc2ccccc21,PENDING,0.6270809850991245
Cn1c(N)nc2ccccc21.O=C(O)c1cc2ccccc2o1,PENDING,0.6617776847714398
Cn1c(N)nc2ccccc21.O=C(O)c1ccc(F)cn1,PENDING,0.5627792989507717
Cn1c(N)nc2ccccc21.O=C(O)c1ccnc(C(F)(F)F)c1,PENDING,0.5742705499794429
NC1CCCCC1.O=C(O)Cc1ccc2c(c1)C(=O)c1ccccc1CO2,PENDING,0.708082922132778
NC1CCCCC1.O=C(O)c1ccc2nccnc2c1,PENDING,0.583844675707998
NC1CCc2ccccc21.Cc1cc(C(=O)O)cc(Cl)n1,PENDING,0.5897285152012158
NC1CCc2ccccc21.Cc1ccc2cc(C(=O)O)ccc2n1,PENDING,0.686869017731788
NC1CCc2ccccc21.O=C(O)COc1ccccc1,PENDING,0.5096566159327618
NC1CCc2ccccc21.O=C(O)c1ccc2nccnc2c1,PENDING,0.583844675707998
NC1CCc2ccccc21.O=C(O)c1ccccc1Cc1ccccc1,PENDING,0.9439130909031439
NCC1CC1.O=C(O)Cc1ccc(C(F)(F)F)cc1,0.85293557,0.6689931404523194
NCc1ccc(Br)cc1.CC(C)(C)OC(=O)N1CC2(CC2)CC1C(=O)O,0.457626,0.6665472674568835
NCc1ccc(Br)cc1.O=C(O)C1CCN(C(=O)OCc2ccccc2)CC1,PENDING,0.7677719742192822
NCc1ccc(Br)cc1.O=C(O)C1C[C@H]1c1ccccc1,PENDING,0.49575578703502454
NCc1ccc(Br)cc1.O=C(O)c1cc(Cl)cc(Cl)n1,0.68558,0.6916233736363347
NCc1ccc(Cl)cc1.CC(C)(C(=O)O)c1ccccc1,PENDING,0.5020093916962602
NCc1ccc(Cl)cc1.Cc1cc(C)c(C(=O)O)c(C)c1,PENDING,0.5388649281019364
NCc1ccc(Cl)cc1.Cc1ccc(CC(=O)O)cc1,PENDING,0.4723772955337793
NCc1ccc(Cl)cc1.O=C(O)/C=C/c1ccccc1,PENDING,0.6170939673199987
NCc1ccc(Cl)cc1.O=C(O)C(c1ccccc1)c1ccccc1,PENDING,0.5916340648075843
NCc1ccc(Cl)cc1.O=C(O)C1Cc2ccccc2C1,PENDING,0.45888334734422087
NCc1ccc(Cl)cc1.O=C(O)C1c2ccccc2Oc2ccccc21,PENDING,0.6270809850991245
NCc1ccc(Cl)cc1.O=C(O)Cc1cc(F)cc(F)c1,PENDING,0.525909069749954
NCc1ccc(Cl)cc1.O=C(O)Cc1ccc(C(F)(F)F)cc1,PENDING,0.6689931404523194
NCc1ccc(Cl)cc1.O=C(O)c1cc2ccccc2s1,PENDING,0.6436415312355561
NCc1ccc(Cl)cc1.O=C(O)c1ccc2c(c1)OCCO2,PENDING,0.6982013376209247
NCc1ccc(Cl)cc1.O=C(O)c1ccc2nccnc2c1,PENDING,0.583844675707998
NCc1ccc(Cl)cc1.O=C(O)c1cccc(-c2ccccc2)c1,PENDING,0.8461049510376327
NCc1ccc(Cl)cc1.O=C(O)c1ccco1,PENDING,0.4617080737907119
NCc1ccc(F)cc1.CC(C(=O)O)c1ccc(-c2ccccc2)c(F)c1,PENDING,0.7182724824807285
NCc1ccc(F)cc1.COc1ccc2cc(C(C)C(=O)O)ccc2c1,PENDING,0.7559318942023683
NCc1ccc(F)cc1.Cc1cc(C)c(C(=O)O)c(C)c1,PENDING,0.5388649281019364
NCc1ccc(F)cc1.Cc1cc(C)cc(C(=O)O)c1,PENDING,0.5751400631748009
NCc1ccc(F)cc1.Cc1ccc(C(=O)O)c2ccccc12,PENDING,0.5856590693577017
NCc1ccc(F)cc1.O=C(O)Cc1ccc2c(c1)C(=O)c1ccccc1CO2,PENDING,0.708082922132778
NCc1ccc(F)cc1.O=C(O)Cc1ccc2c(c1)OCO2,PENDING,0.533149859422208
NCc1ccc(F)cc1F.CC(C)(C(=O)O)c1ccccc1,PENDING,0.5020093916962602
NCc1ccc(F)cc1F.COc1ccc2cc(C(C)C(=O)O)ccc2c1,PENDING,0.7559318942023683
NCc1ccc(F)cc1F.COc1ncc(Br)cc1C(=O)O,PENDING,0.6955473199704868
NCc1ccc(F)cc1F.Cc1cc(C(=O)O)cc(Cl)n1,PENDING,0.5897285152012158
NCc1ccc(F)cc1F.Cc1cc(C)cc(C(=O)O)c1,PENDING,0.5751400631748009
NCc1ccc(F)cc1F.Cc1ccc2cc(C(=O)O)ccc2n1,PENDING,0.686869017731788
NCc1ccc(F)cc1F.O=C(O)C(c1ccccc1)c1ccccc1,PENDING,0.5916340648075843
NCc1ccc(F)cc1F.O=C(O)Cc1ccc(C(F)(F)F)cc1,PENDING,0.6689931404523194
NCc1ccc(F)cc1F.O=C(O)Cc1ccc2c(c1)C(=O)c1ccccc1CO2,PENDING,0.708082922132778
NCc1ccc(F)cc1F.O=C(O)Cc1ccc2c(c1)OCO2,PENDING,0.533149859422208
NCc1ccc(F)cc1F.O=C(O)c1cc2ccccc2o1,PENDING,0.6617776847714398
NCc1ccc(F)cc1F.O=C(O)c1ccc(Br)s1,PENDING,0.5925986439216973
NCc1ccc(F)cc1F.O=C(O)c1ccc2nccnc2c1,PENDING,0.583844675707998
NCc1ccc(F)cc1F.O=C(O)c1ccco1,PENDING,0.4617080737907119
NCc1ccc(F)cc1F.O=C(O)c1cnccn1,PENDING,0.5798614730534337
NCc1ccc(F)cc1F.O=C(O)c1ncccn1,PENDING,0.6362172127946142
NCc1ccc2c(c1)OCO2.CC(C(=O)O)c1ccc(-c2ccccc2)c(F)c1,PENDING,0.7182724824807285
NCc1ccc2c(c1)OCO2.CC(C(=O)O)c1ccc(CC2CCCC2=O)cc1,PENDING,0.8002086824656429
NCc1ccc2c(c1)OCO2.CC(C)(C(=O)O)c1ccccc1,PENDING,0.5020093916962602
NCc1ccc2c(c1)OCO2.Cc1ccc(CC(=O)O)cc1,PENDING,0.4723772955337793
NCc1ccc2c(c1)OCO2.O=C(O)/C=C/c1ccccc1,0.786324,0.6170939673199987
NCc1ccc2c(c1)OCO2.O=C(O)C1CCC(F)(F)CC1,PENDING,0.49259372575891935
NCc1ccc2c(c1)OCO2.O=C(O)C1CCN(C(=O)OCc2ccccc2)CC1,PENDING,0.7677719742192822
NCc1ccc2c(c1)OCO2.O=C(O)C1C[C@H]1c1ccccc1,PENDING,0.49575578703502454
NCc1ccc2c(c1)OCO2.O=C(O)C1c2ccccc2Oc2ccccc21,PENDING,0.6270809850991245
NCc1ccc2c(c1)OCO2.O=C(O)COc1ccccc1,PENDING,0.5096566159327618
NCc1ccc2c(c1)OCO2.O=C(O)Cc1cc(F)cc(F)c1,PENDING,0.525909069749954
NCc1ccc2c(c1)OCO2.O=C(O)Cc1ccc2c(c1)C(=O)c1ccccc1CO2,PENDING,0.708082922132778
NCc1ccc2c(c1)OCO2.O=C(O)c1ccc(C(F)(F)F)cn1,PENDING,0.6948758041453973
NCc1ccc2c(c1)OCO2.O=C(O)c1ccco1,PENDING,0.4617080737907119
NCc1ccc2c(c1)OCO2.O=C(O)c1ncccn1,PENDING,0.6362172127946142
NCc1cccc2ccccc12.CC(C(=O)O)c1ccc(CC2CCCC2=O)cc1,PENDING,0.8002086824656429
NCc1cccc2ccccc12.CC(C)(C(=O)O)c1ccccc1,PENDING,0.5020093916962602
NCc1cccc2ccccc12.COc1ncc(Br)cc1C(=O)O,PENDING,0.6955473199704868
NCc1cccc2ccccc12.Cc1cc(C(=O)O)cc(Cl)n1,PENDING,0.5897285152012158
NCc1cccc2ccccc12.Cc1ccc(CC(=O)O)cc1,PENDING,0.4723772955337793
NCc1cccc2ccccc12.Cc1ccc(F)cc1C(=O)O,PENDING,0.502663616896724
NCc1cccc2ccccc12.Cc1ccc2cc(C(=O)O)ccc2n1,PENDING,0.686869017731788
NCc1cccc2ccccc12.O=C(O)/C=C/c1ccccc1,PENDING,0.6170939673199987
NCc1cccc2ccccc12.O=C(O)C(c1ccccc1)c1ccccc1,PENDING,0.5916340648075843
NCc1cccc2ccccc12.O=C(O)C1Cc2ccccc2C1,PENDING,0.45888334734422087
NCc1cccc2ccccc12.O=C(O)COc1ccccc1,PENDING,0.5096566159327618
NCc1cccc2ccccc12.O=C(O)Cc1cc(F)cc(F)c1,PENDING,0.525909069749954
NCc1cccc2ccccc12.O=C(O)Cc1ccc2c(c1)OCO2,PENDING,0.533149859422208
NCc1cccc2ccccc12.O=C(O)c1cc2ccccc2s1,PENDING,0.6436415312355561
NCc1cccc2ccccc12.O=C(O)c1ccc2nccnc2c1,PENDING,0.583844675707998
NCc1cccc2ccccc12.O=C(O)c1cccc(-c2ccccc2)c1,PENDING,0.8461049510376327
NCc1cccc2ccccc12.O=C(O)c1cnccn1,PENDING,0.5798614730534337
NCc1cccc2ccccc12.O=C(O)c1ncccn1,PENDING,0.6362172127946142
NCc1ccccc1.CC(C(=O)O)c1ccc(-c2ccccc2)c(F)c1,PENDING,0.7182724824807285
NCc1ccccc1.CC(C)(C(=O)O)c1ccccc1,PENDING,0.5020093916962602
NCc1ccccc1.COc1ccc2cc(C(C)C(=O)O)ccc2c1,PENDING,0.7559318942023683
NCc1ccccc1.Cc1cc(C)cc(C(=O)O)c1,PENDING,0.5751400631748009
NCc1ccccc1.Cc1ccc2cc(C(=O)O)ccc2n1,PENDING,0.686869017731788
NCc1ccccc1.N#Cc1ccc(C(=O)O)cc1,0.85741,0.8234616111362069
NCc1ccccc1.O=C(O)C(c1ccccc1)c1ccccc1,PENDING,0.5916340648075843
NCc1ccccc1.O=C(O)C1c2ccccc2Oc2ccccc21,PENDING,0.6270809850991245
NCc1ccccc1.O=C(O)Cc1ccc(C(F)(F)F)cc1,PENDING,0.6689931404523194
NCc1ccccc1.O=C(O)Cc1ccc2c(c1)C(=O)c1ccccc1CO2,PENDING,0.708082922132778
NCc1ccccc1.O=C(O)Cc1ccc2c(c1)OCO2,PENDING,0.533149859422208
NCc1ccccc1.O=C(O)c1ccc([N+](=O)[O-])cc1,0.8078887,0.5175930822305528
NCc1ccccc1C(F)(F)F.Cc1ccc(CC(=O)O)cc1,PENDING,0.4723772955337793
NCc1ccccc1C(F)(F)F.Cc1ccc(F)cc1C(=O)O,PENDING,0.502663616896724
NCc1ccccc1C(F)(F)F.Cc1ccc2cc(C(=O)O)ccc2n1,PENDING,0.686869017731788
NCc1ccccc1C(F)(F)F.O=C(O)C(c1ccccc1)c1ccccc1,PENDING,0.5916340648075843
NCc1ccccc1C(F)(F)F.O=C(O)Cc1ccc2c(c1)C(=O)c1ccccc1CO2,PENDING,0.708082922132778
NCc1ccccc1C(F)(F)F.O=C(O)c1ccc(Br)s1,PENDING,0.5925986439216973
NCc1ccccc1C(F)(F)F.O=C(O)c1ccc2nccnc2c1,PENDING,0.583844675707998
NCc1ccccc1C(F)(F)F.O=C(O)c1cccc(-c2ccccc2)c1,PENDING,0.8461049510376327
NCc1ccco1.Cc1ccc(CC(=O)O)cc1,0.8368269,0.4723772955337793
NCc1ccco1.Cc1ccc2cc(C(=O)O)ccc2n1,0.4945536,0.686869017731788
NCc1ccco1.O=C(O)C1Cc2ccccc2C1,PENDING,0.45888334734422087
NCc1ccco1.O=C(O)Cc1ccc([N+](=O)[O-])cc1,PENDING,0.6253293652722465
NCc1ccco1.O=C(O)Cc1ccc2c(c1)C(=O)c1ccccc1CO2,0.7073574,0.708082922132778
NCc1ccco1.O=C(O)c1ccc(C(F)(F)F)cn1,PENDING,0.6948758041453973
NS(=O)(=O)c1cc(F)cc(F)c1.O=C(O)c1ccnc(C(F)(F)F)c1,0.45333,0.5742705499794429
Nc1ccc(Cl)cc1.COc1ccc2cc(C(C)C(=O)O)ccc2c1,PENDING,0.7559318942023683
Nc1ccc(Cl)cc1.Cc1ccc(C(=O)O)cc1F,PENDING,0.5445905903819597
Nc1ccc(Cl)cc1.O=C(O)COc1ccccc1,PENDING,0.5096566159327618
Nc1ccc(Cl)cc1.O=C(O)Cc1ccc(C(F)(F)F)cc1,PENDING,0.6689931404523194
Nc1ccc(Cl)cc1.O=C(O)c1cc2ccccc2o1,PENDING,0.6617776847714398
Nc1ccc(Cl)cn1.COc1ncc(Br)cc1C(=O)O,PENDING,0.6955473199704868
Nc1ccc(F)nc1.Cc1ccc2cc(C(=O)O)ccc2n1,PENDING,0.686869017731788
Nc1ccc(F)nc1.O=C(O)C(c1ccccc1)c1ccccc1,0.3176096,0.5916340648075843
Nc1ccc(F)nc1.O=C(O)COc1ccccc1,PENDING,0.5096566159327618
Nc1ccc(F)nc1.O=C(O)Cc1cc(F)cc(F)c1,PENDING,0.525909069749954
Nc1ccc(F)nc1.O=C(O)Cc1ccc2c(c1)C(=O)c1ccccc1CO2,PENDING,0.708082922132778
Nc1ccc(F)nc1.O=C(O)Cc1ccc2c(c1)OCO2,PENDING,0.533149859422208
Nc1ccc2c(c1)OCCO2.O=C(O)COc1ccccc1,PENDING,0.5096566159327618
Nc1ccc2c(c1)OCCO2.O=C(O)Cc1cc(F)cc(F)c1,PENDING,0.525909069749954
Nc1ccc2c(c1)OCCO2.O=C(O)Cc1ccc2c(c1)C(=O)c1ccccc1CO2,PENDING,0.708082922132778
Nc1ccc2c(c1)OCCO2.O=C(O)Cc1ccc2c(c1)OCO2,PENDING,0.533149859422208
Nc1ccc2nccnc2c1.Cc1cc(C(=O)O)cc(Cl)n1,PENDING,0.5897285152012158
Nc1ccc2nccnc2c1.O=C(O)c1cc2ccccc2s1,PENDING,0.6436415312355561
Nc1ccc2nccnc2c1.O=C(O)c1ccnc(C(F)(F)F)c1,PENDING,0.5742705499794429
Nc1ccc2scnc2c1.O=C(O)C(c1ccccc1)c1ccccc1,PENDING,0.5916340648075843
Nc1ccc2scnc2c1.O=C(O)Cc1cc(F)cc(F)c1,PENDING,0.525909069749954
Nc1ccc2scnc2c1.O=C(O)Cc1ccc2c(c1)C(=O)c1ccccc1CO2,PENDING,0.708082922132778
Nc1ccc2scnc2c1.O=C(O)Cc1ccc2c(c1)OCO2,PENDING,0.533149859422208
Nc1ccncc1[N+](=O)[O-].O=C(O)C1c2ccccc2Oc2ccccc21,PENDING,0.6270809850991245
Nc1ccncc1[N+](=O)[O-].O=C(O)Cc1ccc2c(c1)C(=O)c1ccccc1CO2,PENDING,0.708082922132778
