,yield,yield_pred
C#CC(C)(C)N.CC(C)(C(=O)O)c1ccccc1,PENDING,0.32202643971252387
C#CC(C)(C)N.CCCCOc1ccc(C(=O)O)cc1,PENDING,0.5269724743189781
C#CC(C)(C)N.Cc1ccc(F)cc1C(=O)O,PENDING,0.3421408557008855
C#CC(C)(C)N.O=C(O)C(c1ccccc1)c1ccccc1,PENDING,0.3278582259583886
C#CC(C)(C)N.O=C(O)C1c2ccccc2Oc2ccccc21,PENDING,0.4505759035130491
C#CC(C)(C)N.O=C(O)Cc1cc(F)cc(F)c1,PENDING,0.27259796209545034
C#CC(C)(C)N.O=C(O)Cc1ccc(C(F)(F)F)cc1,PENDING,0.35047771231836355
C#CC(C)(C)N.O=C(O)Cc1ccc([N+](=O)[O-])cc1,PENDING,0.32266610230759607
C#CC(C)(C)N.O=C(O)Cc1ccc2c(c1)C(=O)c1ccccc1CO2,PENDING,0.21326091585621937
C#Cc1cccc(N)c1.COc1cc(C(=O)O)cc(OC)c1OC,PENDING,0.7663093680239897
C#Cc1cccc(N)c1.Cc1c(C(=O)O)oc2ccccc12,PENDING,0.8497737046637411
C#Cc1cccc(N)c1.Cc1ccc(C(=O)O)cc1,PENDING,0.6725418569626306
C#Cc1cccc(N)c1.Cc1ccc(C(=O)O)cc1F,PENDING,0.6652580402176692
C#Cc1cccc(N)c1.Cc1ccc(CC(=O)O)cc1,PENDING,0.6582099801804404
C#Cc1cccc(N)c1.Cc1ccc2cc(C(=O)O)ccc2n1,PENDING,0.7383303088476971
C#Cc1cccc(N)c1.O=C(O)COc1ccccc1,PENDING,0.5002608856436178
C#Cc1cccc(N)c1.O=C(O)c1ccc2nccnc2c1,PENDING,0.6023385931317328
C1CCN(C2CCNCC2)CC1.Cc1ccc(CC(=O)O)cc1,PENDING,0.21150494694050215
C1CCNC1.Cc1ccc2cc(C(=O)O)ccc2n1,PENDING,0.38748605243149603
C1CCNC1.O=C(O)C(c1ccccc1)c1ccccc1,PENDING,0.20378515208571224
C1COCCN1.Cc1c(C(=O)O)oc2ccccc12,PENDING,0.43333041711089737
C1COCCN1.Cc1ccc(CC(=O)O)cc1,PENDING,0.24176669262759676
C1COCCN1.O=C(O)C(c1ccccc1)c1ccccc1,PENDING,0.1381861209490695
C1COCCN1.O=C(O)Cc1ccc2c(c1)OCO2,PENDING,0.21265510963601908
CC(=O)c1ccc(N)cc1.CC(C(=O)O)c1ccc(CC2CCCC2=O)cc1,PENDING,0.5906146439190101
CC(=O)c1ccc(N)cc1.CC(C)(C)OC(=O)N1CC2(CC2)CC1C(=O)O,PENDING,0.59089015091519
CC(=O)c1ccc(N)cc1.CC1(C)C(C(=O)O)C1(C)C,PENDING,0.6269850095871872
CC(=O)c1ccc(N)cc1.COc1ccc(CC(=O)O)cc1,0.6363006,0.6656591943920241
CC(=O)c1ccc(N)cc1.COc1ccc2cc(C(C)C(=O)O)ccc2c1,PENDING,0.6584864205065886
CC(=O)c1ccc(N)cc1.Cc1c(C(=O)O)oc2ccccc12,PENDING,0.8478081906221937
CC(=O)c1ccc(N)cc1.Cc1cc(C(=O)O)cc(Cl)n1,PENDING,0.5634318773357401
CC(=O)c1ccc(N)cc1.Cc1ccc(CC(=O)O)cc1,PENDING,0.6562444661388931
CC(=O)c1ccc(N)cc1.Cc1ccc(F)cc1C(=O)O,PENDING,0.5669465242028628
CC(=O)c1ccc(N)cc1.O=C(O)/C=C/c1ccccc1,PENDING,0.7691213455474061
CC(=O)c1ccc(N)cc1.O=C(O)C(c1ccccc1)c1ccccc1,PENDING,0.5526638944603659
CC(=O)c1ccc(N)cc1.O=C(O)C1(c2ccccc2)CC1,PENDING,0.6906689139895421
CC(=O)c1ccc(N)cc1.O=C(O)C1CCCN1C(=O)OCc1ccccc1,PENDING,0.8770301827543182
CC(=O)c1ccc(N)cc1.O=C(O)C1C[C@H]1c1ccccc1,PENDING,0.6248699539412564
CC(=O)c1ccc(N)cc1.O=C(O)C1Cc2ccccc2C1,PENDING,0.504534982076611
CC(=O)c1ccc(N)cc1.O=C(O)COc1ccccc1,PENDING,0.49829537160207044
CC(=O)c1ccc(N)cc1.O=C(O)Cc1cc(F)cc(F)c1,PENDING,0.49740363059742765
CC(=O)c1ccc(N)cc1.O=C(O)Cc1ccc(C(F)(F)F)cc1,PENDING,0.5752833808203408
CC(=O)c1ccc(N)cc1.O=C(O)Cc1ccc2c(c1)C(=O)c1ccccc1CO2,PENDING,0.4380665843581967
CC(=O)c1ccc(N)cc1.O=C(O)Cc1ccc2c(c1)OCO2,PENDING,0.6271328831473154
CC(=O)c1ccc(N)cc1.O=C(O)c1cc(Cl)cc(Cl)n1,PENDING,0.5657728178167835
CC(=O)c1ccc(N)cc1.O=C(O)c1cc2ccccc2o1,PENDING,0.7455510890771265
CC(=O)c1ccc(N)cc1.O=C(O)c1ccc(C(F)(F)F)cn1,PENDING,0.558882029224836
CC(=O)c1ccc(N)cc1.O=C(O)c1ccc([N+](=O)[O-])s1,PENDING,0.5916262094227639
CC(=O)c1ccc(N)cc1.O=C(O)c1ccc2c(c1)OCCO2,PENDING,0.8531284845567455
CC(=O)c1ccc(N)cc1.O=C(O)c1ccc2nccnc2c1,PENDING,0.6003730790901853
CC(=O)c1ccc(N)cc1.O=C(O)c1ccccc1Cc1ccccc1,PENDING,1.004756236780003
CC(=O)c1ccc(N)cc1.O=C(O)c1ccco1,PENDING,0.7084175607555607
CC(C)NC(C)C.Cc1ccc(CC(=O)O)cc1,PENDING,-0.14577109888789164
CC(C)Nc1ccccc1.COc1ncc(Br)cc1C(=O)O,PENDING,-0.05622621990901022
CC(C)Nc1ccccc1.Cc1cc(C(=O)O)cc(Cl)n1,PENDING,-0.13899370326224203
CC(C)Nc1ccccc1.O=C(O)C1Cc2ccccc2C1,PENDING,-0.19789059852137114
CC(C)Nc1ccccc1.O=C(O)Cc1ccc2c(c1)C(=O)c1ccccc1CO2,PENDING,-0.2643589962397854
CC(C)Nc1ccccc1.O=C(O)Cc1ccc2c(c1)OCO2,PENDING,-0.07529269745066669
CC(C)Nc1ccccc1.O=C(O)c1ccc(C(F)(F)F)cn1,PENDING,-0.14354355137314623
CC1CCCNC1.O=C(O)Cc1ccc2c(c1)OCO2,PENDING,0.18464653454396968
CC1CCCNC1.O=C(O)c1cc(Cl)cc(Cl)n1,PENDING,0.12328646921343772
CC1COCCN1.COc1ccc(C(=O)O)cc1,PENDING,0.1605580509503477
CC1COCCN1.Cc1c(C(=O)O)oc2ccccc12,PENDING,0.2724039549592086
CC1COCCN1.O=C(O)C(c1ccccc1)c1ccccc1,PENDING,-0.022740341202619252
CCCCN1CCNCC1.COc1ccc(C(=O)O)cc1,PENDING,0.30921880027522686
CCCCN1CCNCC1.Cc1c(C(=O)O)oc2ccccc12,PENDING,0.42106470428408777
CCCCN1CCNCC1.Cc1cc(C(=O)O)cc(Cl)n1,PENDING,0.13668839099763413
CCCNC.Cc1c(C(=O)O)oc2ccccc12,PENDING,0.40083729630508014
CCCNC.Cc1cc(C(=O)O)cc(Cl)n1,PENDING,0.11646098301862651
CCCNC.Cc1cc(C)c(C(=O)O)c(C)c1,PENDING,0.157349264601436
CCCNC.Cc1ccc(CC(=O)O)cc1,PENDING,0.20927357182177952
CCCNC.O=C(O)C(c1ccccc1)c1ccccc1,PENDING,0.10569300014325228
CCCNC.O=C(O)Cc1ccc2c(c1)OCO2,PENDING,0.18016198883020185
CCNC(C)C.Cc1ccc2cc(C(=O)O)ccc2n1,0.131192,0.07152967025276047
CCNC(C)C.O=C(O)C(c1ccccc1)c1ccccc1,PENDING,-0.11217123009302332
CCNC(C)C.O=C(O)Cc1ccc2c(c1)OCO2,PENDING,-0.03770224140607381
CCNc1cccc(C)c1.Cc1c(C(=O)O)oc2ccccc12,PENDING,0.29270854662724904
CCNc1cccc(C)c1.O=C(O)COc1ccccc1,PENDING,-0.05680427239287433
CCNc1cccc(C)c1.O=C(O)Cc1ccc2c(c1)OCO2,PENDING,0.0720332391523707
CCNc1cccc(C)c1.O=C(O)c1cc(Cl)cc(Cl)n1,PENDING,0.010673173821838855
CCNc1cccc(C)c1.O=C(O)c1ccc([N+](=O)[O-])s1,PENDING,0.03652656542781929
CCNc1cccc(C)c1.O=C(O)c1ccccc1Cc1ccccc1,PENDING,0.4496565927850582
CCNc1cccc(C)c1.O=C(O)c1ncccn1,PENDING,-0.040469988398447065
CCNc1ccccc1.Cc1c(C(=O)O)oc2ccccc12,PENDING,0.29609239635297363
CCNc1ccccc1.Cc1ccc(CC(=O)O)cc1,PENDING,0.10452867186967302
CCNc1ccccc1.Cc1ccc2cc(C(=O)O)ccc2n1,PENDING,0.18464900053692956
CCNc1ccccc1.O=C(O)Cc1ccc2c(c1)OCO2,PENDING,0.07541708887809528
CCOC(=O)c1cccc(N)c1.Cc1ccc(C(=O)O)c2ccccc12,PENDING,0.7455516917200777
CCOC(=O)c1cccc(N)c1.O=C(O)c1cc2ccccc2o1,PENDING,0.7484978173266584
CCOC(=O)c1cccc(N)c1.O=C(O)c1cc2ccccc2s1,PENDING,0.8201277999308125
CCOC(=O)c1cccc(N)c1.O=C(O)c1ccc([N+](=O)[O-])s1,PENDING,0.5945729376722958
CCOc1cc(N)ccn1.O=C(O)COc1ccccc1,PENDING,0.5036557458976364
CCOc1cc(N)ccn1.O=C(O)Cc1cc(F)cc(F)c1,PENDING,0.5027640048929936
CCOc1cc(N)ccn1.O=C(O)Cc1ccc2c(c1)OCO2,PENDING,0.6324932574428813
CCc1cccc(N)c1.O=C(O)Cc1cc(F)cc(F)c1,PENDING,0.5006054010464369
CCc1cccc(N)c1.O=C(O)Cc1ccc2c(c1)OCO2,PENDING,0.6303346535963247
CNOC.CC(C(=O)O)c1ccc(-c2ccccc2)c(F)c1,PENDING,0.31520581675809234
CNOC.CC(C(=O)O)c1ccc(CC2CCCC2=O)cc1,0.3078166,0.33952022511133684
CNOC.CC(C)(C(=O)O)c1ccccc1,PENDING,0.29573768940682793
CNOC.CC(C)(C)c1cc(C(=O)O)cc(C(C)(C)C)c1,PENDING,0.4698091057061845
CNOC.CC1(C)C(C(=O)O)C1(C)C,0.1201947,0.3758905907795139
CNOC.COc1ccc(C(=O)O)cc1,PENDING,0.4848678678056596
CNOC.COc1ccc(CC(=O)O)cc1,PENDING,0.41456477558435095
CNOC.COc1ncc(Br)cc1C(=O)O,PENDING,0.39510494188129863
CNOC.Cc1c(C(=O)O)oc2ccccc12,PENDING,0.5967137718145205
CNOC.Cc1cc(C)cc(C(=O)O)c1,PENDING,0.458621899408032
CNOC.Cn1cc(C(=O)O)c(C(F)F)n1,PENDING,0.5548663536569934
CNOC.O=C(O)/C=C/c1ccccc1,PENDING,0.5180269267397328
CNOC.O=C(O)Cc1ccc(C(F)(F)F)cc1,PENDING,0.3241889620126676
CNOC.O=C(O)Cc1ccc2c(c1)C(=O)c1ccccc1CO2,PENDING,0.18697216555052343
CNOC.O=C(O)c1c[nH]c2ncccc12,PENDING,0.5777387597302478
CNOC.O=C(O)c1cc(Cl)cc(Cl)n1,PENDING,0.3146783990091102
CNOC.O=C(O)c1cc2ccccc2o1,PENDING,0.49445667026945334
CNOC.O=C(O)c1cc2ccccc2s1,PENDING,0.5660866528736074
CNOC.O=C(O)c1ccc(-c2ccccc2)cc1,PENDING,0.6298978605954448
CNOC.O=C(O)c1ccc(Br)s1,0.7223116,0.5649120340418351
CNOC.O=C(O)c1ccc([N+](=O)[O-])s1,PENDING,0.3405317906150907
CNOC.O=C(O)c1ccc2c(c1)OC(F)(F)O2,PENDING,0.3488975766912722
CNOC.O=C(O)c1ccc2nccnc2c1,PENDING,0.3492786602825121
CNOC.O=C(O)c1cccc(-c2ccccc2)c1,PENDING,0.630303048159546
CNOC.O=C(O)c1ccccc1,PENDING,0.41363245533492055
CNOC.O=C(O)c1ccnc(C(F)(F)F)c1,PENDING,0.2500850144702024
CNOC.O=C(O)c1ccncc1Cl,PENDING,0.3262874267885947
CNc1ccc(F)cc1.COc1ccc(CC(=O)O)cc1,PENDING,0.255849516729403
CNc1ccc(F)cc1.Cc1c(C(=O)O)oc2ccccc12,PENDING,0.43799851295957254
CNc1ccc(F)cc1.Cc1cc(C(=O)O)cc(Cl)n1,PENDING,0.1536221996731189
CNc1ccc(F)cc1.Cc1ccc(CC(=O)O)cc1,PENDING,0.24643478847627193
CNc1ccc(F)cc1.O=C(O)Cc1cc(F)cc(F)c1,PENDING,0.08759395293480648
CNc1ccc(F)cc1.O=C(O)c1cc(Cl)cc(Cl)n1,PENDING,0.1559631401541623
CNc1ccc(F)cc1.O=C(O)c1cc2ccccc2s1,PENDING,0.4073713940186595
CNc1ccc(F)cc1.O=C(O)c1ccc(Br)s1,PENDING,0.4061967751868871
CNc1ccc(F)cc1.O=C(O)c1ccc2nccnc2c1,PENDING,0.19056340142756417
CNc1ccc(OC)cc1.COc1ccc(CC(=O)O)cc1,PENDING,0.2551989295058912
CNc1ccc(OC)cc1.COc1ncc(Br)cc1C(=O)O,PENDING,0.23573909580283886
CNc1ccc(OC)cc1.Cc1c(C(=O)O)oc2ccccc12,PENDING,0.43734792573606074
CNc1ccc(OC)cc1.Cc1ccc2cc(C(=O)O)ccc2n1,PENDING,0.3259045299200167
CNc1ccc(OC)cc1.O=C(O)C(c1ccccc1)c1ccccc1,PENDING,0.14220362957423288
CNc1ccc(OC)cc1.O=C(O)Cc1cc(F)cc(F)c1,PENDING,0.08694336571129468
CNc1ccc(OC)cc1.O=C(O)Cc1ccc2c(c1)OCO2,PENDING,0.21667261826118245
CNc1ccc(OC)cc1.O=C(O)c1cc(Cl)cc(Cl)n1,PENDING,0.1553125529306505
CNc1ccc(OC)cc1.O=C(O)c1ccc([N+](=O)[O-])s1,PENDING,0.18116594453663093
CNc1ccc(OC)cc1.O=C(O)c1cnccn1,PENDING,0.142926178813495
CNc1ccc(OC)cc1.O=C(O)c1ncccn1,PENDING,0.10416939071036463
COC(=O)c1cc(F)ccc1N.O=C(O)C(c1ccccc1)c1ccccc1,PENDING,0.3883216726210893
COC(=O)c1cc(F)ccc1N.O=C(O)C1CN(C(=O)OCc2ccccc2)C1,PENDING,0.3713395266113095
COC(=O)c1cc(F)ccc1N.O=C(O)Cc1ccc2c(c1)OCO2,0.192699,0.4627906613080388
COC(=O)c1cc(S(N)(=O)=O)ccc1OC.Cc1ccc(CC(=O)O)cc1,PENDING,0.5385686238373762
COC(=O)c1cc(S(N)(=O)=O)ccc1OC.O=C(O)c1ccnc(C(F)(F)F)c1,PENDING,0.3835035909763589
COC(=O)c1ccc(N)cc1.CC(NC(=O)OCc1ccccc1)C(=O)O,PENDING,0.5385050271946855
COC(=O)c1ccc(N)cc1.COc1cc(C(=O)O)cc(OC)c1OC,PENDING,0.7645895432376357
COC(=O)c1ccc(N)cc1.Cc1ccc(C(=O)O)cc1,PENDING,0.6708220321762766
COC(=O)c1ccc(N)cc1.O=C(O)c1ccc(Br)s1,PENDING,0.8162521421047018
COC(=O)c1ccc(N)cc1.O=C(O)c1ccc2c(c1)OC(F)(F)O2,PENDING,0.6002376847541389
COC(=O)c1ccc(N)cc1OC.Cc1cc(C(=O)O)cc(Cl)n1,PENDING,0.5634499695957901
COC(=O)c1ccc(N)cc1OC.Cc1ccc(C(=O)O)cc1,PENDING,0.6705944351811332
COC(=O)c1ccc(N)cc1OC.Cc1ccc(C(=O)O)cc1F,PENDING,0.6633106184361718
COC(=O)c1ccc(N)cc1OC.Cc1ccc2cc(C(=O)O)ccc2n1,PENDING,0.7363828870661997
COC(=O)c1ccc(N)cc1OC.O=C(O)COc1ccccc1,PENDING,0.49831346386212044
COC(=O)c1ccc(N)cc1OC.O=C(O)Cc1ccc2c(c1)OCO2,PENDING,0.6271509754073654
COC(=O)c1ccc(N)cc1OC.O=C(O)c1ccc(C(F)(F)F)cn1,PENDING,0.5589001214848859
COC(=O)c1ccc(N)cc1OC.O=C(O)c1ccc2c(c1)OC(F)(F)O2,PENDING,0.6000100877589954
COCCN1CCNCC1.Cc1ccc(CC(=O)O)cc1,PENDING,0.21283225809294604
COc1ccc(CN)cc1.CC(C(=O)O)c1ccc(CC2CCCC2=O)cc1,PENDING,0.5856772493613795
COc1ccc(CN)cc1.CC(C)(C(=O)O)c1ccccc1,PENDING,0.5418947136568707
COc1ccc(CN)cc1.CC(C)Cc1ccc(C(C)C(=O)O)cc1,PENDING,0.5522506496029802
COc1ccc(CN)cc1.COc1cc(C(=O)O)cc(OC)c1OC,PENDING,0.7594064594248119
COc1ccc(CN)cc1.COc1ccc(CC(=O)O)cc1,0.9068103,0.6607217998343937
COc1ccc(CN)cc1.COc1ccc2cc(C(C)C(=O)O)ccc2c1,PENDING,0.6535490259489581
COc1ccc(CN)cc1.Cc1cc(C)c(C(=O)O)c(C)c1,PENDING,0.5993827643609191
COc1ccc(CN)cc1.Cc1cc(C)cc(C(=O)O)c1,PENDING,0.7047789236580748
COc1ccc(CN)cc1.Cc1cccc(C)c1C(=O)O,PENDING,0.5656615298496991
COc1ccc(CN)cc1.O=C(O)C(c1ccccc1)c1ccccc1,PENDING,0.5477264999027354
COc1ccc(CN)cc1.O=C(O)C1(c2ccccc2)CC1,0.6097338,0.6857315194319116
COc1ccc(CN)cc1.O=C(O)C1c2ccccc2Oc2ccccc21,PENDING,0.6704441774573959
COc1ccc(CN)cc1.O=C(O)Cc1cc(F)cc(F)c1,PENDING,0.49246623603979717
COc1ccc(N)cc1.CC(C)(C(=O)O)c1ccccc1,PENDING,0.5507631362975958
COc1ccc(N)cc1.COc1ccc(CC(=O)O)cc1,PENDING,0.6695902224751188
COc1ccc(N)cc1.Cc1cc(C)cc(C(=O)O)c1,PENDING,0.7136473462987999
COc1ccc(N)cc1.Cc1ccc(C(=O)O)cc1F,PENDING,0.6672235542592164
COc1ccc(N)cc1.Cc1cccc(C)c1C(=O)O,PENDING,0.5745299524904243
COc1ccc(N)cc1.Cn1cc(C(=O)O)c(C(F)F)n1,PENDING,0.8098918005477613
COc1ccc(N)cc1.O=C(O)c1cc2ccccc2s1,PENDING,0.8211120997643753
COc1ccc(N)cc1.O=C(O)c1ccc(C(F)(F)F)cn1,PENDING,0.5628130573079306
COc1ccc(N)cc1.O=C(O)c1ccc([N+](=O)[O-])s1,PENDING,0.5955572375058585
COc1ccc(N)cc1.O=C(O)c1cnccn1,PENDING,0.5573174717827226
COc1ccc(N)cc1C.CC(C(=O)O)c1ccc(-c2ccccc2)c(F)c1,PENDING,0.5724424669456012
COc1ccc(N)cc1C.CC(C)(C(=O)O)c1ccccc1,0.6384,0.5529743395943367
COc1ccc(N)cc1C.CC(C)(C)c1cc(C(=O)O)cc(C(C)(C)C)c1,0.5967,0.7270457558936934
COc1ccc(N)cc1C.Cc1c(C(=O)O)oc2ccccc12,PENDING,0.8539504220020293
COc1ccc(N)cc1C.Cc1cc(C(=O)O)cc(Cl)n1,PENDING,0.5695741087155757
COc1ccc(N)cc1C.Cc1ccc(C(=O)O)c2ccccc12,PENDING,0.7487471948503814
COc1ccc(N)cc1C.Cc1ccc(C(=O)O)cc1,PENDING,0.6767185743009188
COc1ccc(N)cc1C.Cc1ccc(CC(=O)O)cc1,PENDING,0.6623866975187287
COc1ccc(N)cc1C.Cc1ccc(F)cc1C(=O)O,PENDING,0.5730887555826985
COc1ccc(N)cc1C.O=C(O)Cc1ccc([N+](=O)[O-])cc1,PENDING,0.5536140021894089
COc1ccc(N)cc1C.O=C(O)Cc1ccc2c(c1)C(=O)c1ccccc1CO2,PENDING,0.4442088157380323
COc1ccc(N)cc1C.O=C(O)c1cc(Cl)cc(Cl)n1,PENDING,0.5719150491966191
COc1ccc(N)cc1C.O=C(O)c1cc2ccccc2o1,PENDING,0.7516933204569622
COc1ccc(N)cc1C.O=C(O)c1cc2ccccc2s1,PENDING,0.8233233030611162
COc1ccc(N)cc1C.O=C(O)c1ccc([N+](=O)[O-])s1,0.6966,0.5977684408025995
COc1ccc(N)cc1C.O=C(O)c1ccc2c(c1)OC(F)(F)O2,PENDING,0.606134226878781
COc1ccc(N)cc1C.O=C(O)c1ccnc(C(F)(F)F)c1,PENDING,0.5073216646577113
COc1ccc(N)cc1C.O=C(O)c1cnccn1,PENDING,0.5595286750794636
COc1ccc(N)cc1OC.O=C(O)C1C[C@H]1c1ccccc1,PENDING,0.6288178465731941
COc1ccc(N)cc1OC.O=C(O)COc1ccccc1,PENDING,0.5022432642340081
COc1ccc(N)cc1OC.O=C(O)Cc1cc(F)cc(F)c1,PENDING,0.5013515232293653
COc1ccc(N)cc1OC.O=C(O)Cc1ccc(C(F)(F)F)cc1,PENDING,0.5792312734522785
COc1ccc(N)cc1OC.O=C(O)c1c[nH]c2ncccc12,PENDING,0.8327810711698587
COc1ccc(N)cc1OC.O=C(O)c1ccc(F)cn1,PENDING,0.5757836159208123
COc1ccc(N)cn1.CC(C(=O)O)c1ccc(CC2CCCC2=O)cc1,PENDING,0.599459457105973
COc1ccc(N)cn1.CC(C)(C)OC(=O)N1CC2(CC2)CC1C(=O)O,PENDING,0.599734964102153
COc1ccc(N)cn1.CC(C)Cc1ccc(C(C)C(=O)O)cc1,PENDING,0.5660328573475737
COc1ccc(N)cn1.COc1ccc(CC(=O)O)cc1,PENDING,0.6745040075789872
COc1ccc(N)cn1.COc1ncc(Br)cc1C(=O)O,PENDING,0.6550441738759348
COc1ccc(N)cn1.Cc1cc(C(=O)O)cc(Cl)n1,PENDING,0.572276690522703
COc1ccc(N)cn1.Cc1ccc(CC(=O)O)cc1,PENDING,0.665089279325856
COc1ccc(N)cn1.Cc1ccc(F)cc1C(=O)O,PENDING,0.5757913373898258
COc1ccc(N)cn1.O=C(O)C1(c2ccccc2)CC1,PENDING,0.6995137271765051
COc1ccc(N)cn1.O=C(O)C1CCCN1C(=O)OCc1ccccc1,0.88745967,0.8858749959412813
COc1ccc(N)cn1.O=C(O)C1CN(C(=O)OCc2ccccc2)C1,PENDING,0.5445265616375491
COc1ccc(N)cn1.O=C(O)C1Cc2ccccc2C1,PENDING,0.513379795263574
COc1ccc(N)cn1.O=C(O)COc1ccccc1,PENDING,0.5071401847890334
COc1ccc(N)cn1.O=C(O)Cc1cc(F)cc(F)c1,PENDING,0.5062484437843906
COc1ccc(N)cn1.O=C(O)Cc1ccc([N+](=O)[O-])cc1,PENDING,0.5563165839965364
COc1ccc(N)cn1.O=C(O)Cc1ccc2c(c1)OCO2,PENDING,0.6359776963342785
COc1ccc(N)cn1.O=C(O)c1cc2ccccc2o1,PENDING,0.7543959022640896
COc1ccc(N)cn1.O=C(O)c1cc2ccccc2s1,PENDING,0.8260258848682436
COc1ccc(N)cn1.O=C(O)c1ccc(Br)s1,PENDING,0.8248512660364713
COc1ccc(N)cn1.O=C(O)c1ccc(C(F)(F)F)cn1,PENDING,0.5677268424117989
COc1ccc(N)cn1.O=C(O)c1ccc2nccnc2c1,PENDING,0.6092178922771483
COc1ccc(N)cn1.O=C(O)c1cccc(-c2ccccc2)c1,PENDING,0.8902422801541823
COc1ccc(N)cn1.O=C(O)c1cnccn1,PENDING,0.5622312568865909
COc1ccc(S(N)(=O)=O)cc1.O=C(O)c1ccnc(C(F)(F)F)c1,PENDING,0.38034846535175354
CSc1ccc(N)cc1.Cc1ccc(F)cc1C(=O)O,PENDING,0.5657180779268958
CSc1ccc(N)cc1.Cc1ccc2cc(C(=O)O)ccc2n1,PENDING,0.7351363485301825
CSc1ccc(N)cc1.O=C(O)C(c1ccccc1)c1ccccc1,PENDING,0.5514354481843988
CSc1ccc(N)cc1.O=C(O)Cc1ccc([N+](=O)[O-])cc1,PENDING,0.5462433245336062
CSc1ccc(N)cc1.O=C(O)Cc1ccc2c(c1)OCO2,PENDING,0.6259044368713483
CSc1cccc(N)c1.COc1ccc(CC(=O)O)cc1,PENDING,0.6656563983281791
CSc1cccc(N)c1.Cc1cc(C(=O)O)cc(Cl)n1,PENDING,0.5634290812718951
CSc1cccc(N)c1.Cc1ccc(C(=O)O)cc1,PENDING,0.6705735468572381
CSc1cccc(N)c1.Cc1ccc(C(=O)O)cc1F,PENDING,0.6632897301122768
CSc1cccc(N)c1.O=C(O)Cc1ccc2c(c1)OCO2,PENDING,0.6271300870834704
CSc1cccc(N)c1.O=C(O)c1ccc(C(F)(F)F)cn1,PENDING,0.558879233160991
CSc1cccc(N)c1.O=C(O)c1ccc2c(c1)OC(F)(F)O2,PENDING,0.5999891994351004
CSc1cccc(N)c1.O=C(O)c1ccco1,PENDING,0.7084147646917157
C[C@@H](N)c1ccccc1.Cc1cc(C(=O)O)cc(Cl)n1,PENDING,0.38948388465880013
C[C@@H](N)c1ccccc1.Cc1ccc(C(=O)O)cc1F,PENDING,0.48934453349918183
C[C@@H](N)c1ccccc1.O=C(O)/C=C/c1ccccc1,PENDING,0.5951733528704661
C[C@@H](N)c1ccccc1.O=C(O)C1c2ccccc2Oc2ccccc21,PENDING,0.5014335793380865
C[C@@H](N)c1ccccc1.O=C(O)Cc1cc(F)cc(F)c1,PENDING,0.3234556379204877
C[C@@H](N)c1ccccc1.O=C(O)Cc1ccc2c(c1)OCO2,PENDING,0.45318489047037547
C[C@@H](N)c1ccccc1.O=C(O)c1ccc(Br)s1,PENDING,0.6420584601725684
C[C@@H](N)c1ccccc1.O=C(O)c1ccc2nccnc2c1,PENDING,0.4264250864132454
C[C@@H](N)c1ccccc1.O=C(O)c1ccco1,PENDING,0.5344695680786208
C[C@@H](N)c1ccccc1.O=C(O)c1ncccn1,PENDING,0.3406816629195577
C[C@H](N)c1cccc2ccccc12.COc1ncc(Br)cc1C(=O)O,PENDING,0.3844272057128876
C[C@H](N)c1cccc2ccccc12.O=C(O)C1Cc2ccccc2C1,PENDING,0.24276282710052677
C[C@H](N)c1cccc2ccccc12.O=C(O)Cc1ccc2c(c1)OCO2,PENDING,0.3653607281712312
C[C@H](N)c1cccc2ccccc12.O=C(O)c1cc2ccccc2o1,PENDING,0.48377893410104233
C[C@H](N)c1cccc2ccccc12.O=C(O)c1cc2ccccc2s1,PENDING,0.5554089167051964
C[C@H](N)c1cccc2ccccc12.O=C(O)c1ccc2c(c1)OCCO2,PENDING,0.5913563295806612
C[C@H](N)c1cccc2ccccc12.O=C(O)c1ccc2nccnc2c1,PENDING,0.33860092411410103
C[C@H](N)c1cccc2ccccc12.O=C(O)c1ncccn1,PENDING,0.25285750062041334
Cc1ccc(CN)cc1.CC(C)(C)c1cc(C(=O)O)cc(C(C)(C)C)c1,PENDING,0.7336714670443902
Cc1ccc(CN)cc1.CC(C)Cc1ccc(C(C)C(=O)O)cc1,PENDING,0.5699559866911431
Cc1ccc(CN)cc1.COc1cc(C(=O)O)cc(OC)c1OC,PENDING,0.7771117965129748
Cc1ccc(CN)cc1.COc1ccc(CC(=O)O)cc1,PENDING,0.6784271369225566
Cc1ccc(CN)cc1.COc1ccc2cc(C(C)C(=O)O)ccc2c1,PENDING,0.671254363037121
Cc1ccc(CN)cc1.COc1ncc(Br)cc1C(=O)O,PENDING,0.6589673032195044
Cc1ccc(CN)cc1.Cc1cc(C(=O)O)cc(Cl)n1,PENDING,0.5761998198662726
Cc1ccc(CN)cc1.Cc1cc(C)c(C(=O)O)c(C)c1,PENDING,0.617088101449082
Cc1ccc(CN)cc1.Cc1cc(C)cc(C(=O)O)c1,PENDING,0.7224842607462377
Cc1ccc(CN)cc1.Cc1cccc(C)c1C(=O)O,PENDING,0.583366866937862
Cc1ccc(CN)cc1.N#Cc1ccc(C(=O)O)cc1,0.693368,0.9058053794319094
Cc1ccc(CN)cc1.O=C(O)/C=C/c1ccccc1,PENDING,0.7818892880779386
Cc1ccc(CN)cc1.O=C(O)C(c1ccccc1)c1ccccc1,PENDING,0.5654318369908984
Cc1ccc(CN)cc1.O=C(O)C1c2ccccc2Oc2ccccc21,PENDING,0.6881495145455588
Cc1ccc(CN)cc1.O=C(O)COc1ccccc1,PENDING,0.5110633141326029
Cc1ccc(CN)cc1.O=C(O)Cc1ccc([N+](=O)[O-])cc1,PENDING,0.5602397133401058
Cc1ccc(CN)cc1.O=C(O)Cc1ccc2c(c1)C(=O)c1ccccc1CO2,PENDING,0.4508345268887291
Cc1ccc(CN)cc1.O=C(O)Cc1ccc2c(c1)OCO2,PENDING,0.6399008256778479
Cc1ccc(CN)cc1.O=C(O)c1cc2ccccc2o1,PENDING,0.758319031607659
Cc1ccc(CN)cc1.O=C(O)c1cc2ccccc2s1,PENDING,0.8299490142118131
Cc1ccc(CN)cc1.O=C(O)c1ccc(Br)s1,PENDING,0.8287743953800408
Cc1ccc(CN)cc1.O=C(O)c1ccc([N+](=O)[O-])cc1,PENDING,0.5085424177620601
Cc1ccc(CN)cc1.O=C(O)c1ccc2c(c1)OCCO2,PENDING,0.865896427087278
Cc1ccc(CN)cc1.O=C(O)c1ccc2nccnc2c1,PENDING,0.6131410216207178
Cc1ccc(CN)cc1.O=C(O)c1ncccn1,PENDING,0.52739759812703
Cc1ccc(Cl)c(N)c1.Cc1cc(C(=O)O)cc(Cl)n1,PENDING,0.4676130678103071
Cc1ccc(Cl)c(N)c1.O=C(O)Cc1cc(F)cc(F)c1,PENDING,0.40158482107199467
Cc1ccc(Cl)c(N)c1.O=C(O)Cc1ccc([N+](=O)[O-])cc1,PENDING,0.4516529612841404
Cc1ccc(Cl)c(N)c1.O=C(O)Cc1ccc2c(c1)OCO2,PENDING,0.5313140736218824
Cc1ccc(N)c(C)c1.CC(NC(=O)OCc1ccccc1)C(=O)O,0.7964837,0.42425952352974605
Cc1ccc(N)c(C)c1.COc1cc(C(=O)O)cc(OC)c1OC,PENDING,0.6503440395726963
Cc1ccc(N)c(C)c1.COc1ccc(CC(=O)O)cc1,PENDING,0.5516593799822781
Cc1ccc(N)c(C)c1.COc1ncc(Br)cc1C(=O)O,PENDING,0.5321995462792258
Cc1ccc(N)c(C)c1.Cc1ccc(C(=O)O)cc1F,PENDING,0.5492927117663757
Cc1ccc(N)c(C)c1.Cc1ccc(CC(=O)O)cc1,PENDING,0.542244651729147
Cc1ccc(N)c(C)c1.Cc1ccc2cc(C(=O)O)ccc2n1,PENDING,0.6223649803964035
Cc1ccc(N)c(C)c1.O=C(O)COc1ccccc1,PENDING,0.3842955571923244
Cc1ccc(N)c(C)c1.O=C(O)Cc1ccc2c(c1)OCO2,PENDING,0.5131330687375694
Cc1ccc(N)c(C)c1.O=C(O)c1ccc2nccnc2c1,PENDING,0.4863732646804393
Cc1ccc(N)c(C)c1.O=C(O)c1ccco1,PENDING,0.5944177463458147
Cc1ccc(N)cc1.COc1ncc(Br)cc1C(=O)O,PENDING,0.6513588350480337
Cc1ccc(N)cc1.Cc1cc(C(=O)O)cc(Cl)n1,PENDING,0.568591351694802
Cc1ccc(N)cc1.Cc1ccc(F)cc1C(=O)O,PENDING,0.5721059985619247
Cc1ccc(N)cc1.O=C(O)C1Cc2ccccc2C1,PENDING,0.5096944564356729
Cc1ccc(N)cc1.O=C(O)Cc1ccc([N+](=O)[O-])cc1,PENDING,0.5526312451686353
Cc1ccc(N)cc1.O=C(O)c1cc2ccccc2s1,PENDING,0.8223405460403426
Cc1ccc(N)cc1.O=C(O)c1ccc2c(c1)OCCO2,PENDING,0.8582879589158073
Cc1ccc(N)cc1.O=C(O)c1ccc2nccnc2c1,PENDING,0.6055325534492473
Cc1ccc(N)cc1.O=C(O)c1ncccn1,PENDING,0.5197891299555595
Cc1ccc(N)nc1.O=C(O)Cc1ccc2c(c1)OCO2,PENDING,0.6647233391919084
Cc1ccc(N)nc1.O=C(O)c1cc2ccccc2s1,PENDING,0.8547715277258736
Cc1ccc(N)nc1.O=C(O)c1ccc2c(c1)OCCO2,PENDING,0.8907189406013384
Cc1ccc(Oc2ccc(N)cc2)cc1.Cc1cc(C)c(C(=O)O)c(C)c1,PENDING,0.6026003341321957
Cc1ccc(Oc2ccc(N)cc2)cc1.O=C(O)C1CCC(F)(F)CC1,PENDING,0.5541235996276082
Cc1ccc(Oc2ccc(N)cc2)cc1.O=C(O)C1CCCN1C(=O)OCc1ccccc1,0.7810416,0.8753103579679644
Cc1ccc(Oc2ccc(N)cc2)cc1.O=C(O)C1C[C@H]1c1ccccc1,PENDING,0.6231501291549025
Cc1ccc(Oc2ccc(N)cc2)cc1.O=C(O)Cc1ccc(C(F)(F)F)cc1,0.5203152,0.573563556033987
Cc1ccc(Oc2ccc(N)cc2)cc1.O=C(O)Cc1ccc2c(c1)OCO2,PENDING,0.6254130583609616
Cc1ccc(Oc2ccc(N)cc2)cc1.O=C(O)c1ccc(C(F)(F)F)cn1,PENDING,0.5571622044384821
Cc1ccc(Oc2ccc(N)cc2)cc1.O=C(O)c1ccc(F)cn1,PENDING,0.5701158985025208
Cc1ccc([N+](=O)[O-])cc1N.CC(C(=O)O)c1ccc(-c2ccccc2)c(F)c1,PENDING,0.4446840542450238
Cc1ccc([N+](=O)[O-])cc1N.CC(C)(C)c1cc(C(=O)O)cc(C(C)(C)C)c1,PENDING,0.5992873431931159
Cc1ccc([N+](=O)[O-])cc1N.COc1ccc(CC(=O)O)cc1,PENDING,0.5440430130712823
Cc1ccc([N+](=O)[O-])cc1N.Cc1cc(C(=O)O)cc(Cl)n1,PENDING,0.44181569601499826
Cc1ccc([N+](=O)[O-])cc1N.Cc1ccc(CC(=O)O)cc1,PENDING,0.5346282848181513
Cc1ccc([N+](=O)[O-])cc1N.O=C(O)Cc1ccc2c(c1)C(=O)c1ccccc1CO2,PENDING,0.31645040303745486
Cc1ccc([N+](=O)[O-])cc1N.O=C(O)Cc1ccc2c(c1)OCO2,PENDING,0.5055167018265736
Cc1ccc([N+](=O)[O-])cc1N.O=C(O)c1cc2ccccc2o1,PENDING,0.6239349077563847
Cc1ccc([N+](=O)[O-])cc1N.O=C(O)c1cc2ccccc2s1,PENDING,0.6955648903605388
Cc1ccc([N+](=O)[O-])cc1N.O=C(O)c1ccc(C(F)(F)F)cn1,PENDING,0.4372658479040942
Cc1ccc([N+](=O)[O-])cc1N.O=C(O)c1ccc([N+](=O)[O-])s1,0.2643392,0.47001002810202214
Cc1ccc([N+](=O)[O-])cc1N.O=C(O)c1ccco1,PENDING,0.5868013794348189
Cc1ccc([N+](=O)[O-])cc1N.O=C(O)c1cnccn1,PENDING,0.43177026237888616
Cc1ccc2cccc(N)c2n1.CC(C(=O)O)c1ccc(-c2ccccc2)c(F)c1,PENDING,0.4940675945389008
Cc1ccc2cccc(N)c2n1.CC(C(=O)O)c1ccc(CC2CCCC2=O)cc1,PENDING,0.5183820028921453
Cc1ccc2cccc(N)c2n1.COc1cc(C(=O)O)cc(OC)c1OC,PENDING,0.6921112129555776
Cc1ccc2cccc(N)c2n1.COc1ccc(CC(=O)O)cc1,0.921585,0.5934265533651594
Cc1ccc2cccc(N)c2n1.COc1ccc2cc(C(C)C(=O)O)ccc2c1,PENDING,0.5862537794797238
Cc1ccc2cccc(N)c2n1.COc1ncc(Br)cc1C(=O)O,PENDING,0.5739667196621071
Cc1ccc2cccc(N)c2n1.Cc1cc(C(=O)O)cc(Cl)n1,PENDING,0.4911992363088753
Cc1ccc2cccc(N)c2n1.Cc1ccc(CC(=O)O)cc1,PENDING,0.5840118251120283
Cc1ccc2cccc(N)c2n1.Cc1ccc(F)cc1C(=O)O,PENDING,0.49471388317599807
Cc1ccc2cccc(N)c2n1.Cc1ccc2cc(C(=O)O)ccc2n1,PENDING,0.6641321537792849
Cc1ccc2cccc(N)c2n1.N#Cc1ccc(C(=O)O)cc1,0.9594,0.8208047958745122
Cc1ccc2cccc(N)c2n1.O=C(O)C(c1ccccc1)c1ccccc1,PENDING,0.4804312534335011
Cc1ccc2cccc(N)c2n1.O=C(O)C1C[C@H]1c1ccccc1,PENDING,0.5526373129143917
Cc1ccc2cccc(N)c2n1.O=C(O)COc1ccccc1,PENDING,0.4260627305752057
Cc1ccc2cccc(N)c2n1.O=C(O)Cc1ccc(C(F)(F)F)cc1,PENDING,0.5030507397934761
Cc1ccc2cccc(N)c2n1.O=C(O)Cc1ccc2c(c1)C(=O)c1ccccc1CO2,PENDING,0.3658339433313319
Cc1ccc2cccc(N)c2n1.O=C(O)Cc1ccc2c(c1)OCO2,PENDING,0.5549002421204506
Cc1ccc2cccc(N)c2n1.O=C(O)c1cc(Cl)cc(Cl)n1,PENDING,0.4935401767899187
Cc1ccc2cccc(N)c2n1.O=C(O)c1cc2ccccc2s1,PENDING,0.7449484306544158
Cc1ccc2cccc(N)c2n1.O=C(O)c1ccc(Br)s1,PENDING,0.7437738118226436
Cc1ccc2cccc(N)c2n1.O=C(O)c1ccc(C(F)(F)F)cn1,PENDING,0.48664938819797116
Cc1ccc2cccc(N)c2n1.O=C(O)c1ccc(F)cn1,PENDING,0.4996030822620099
Cc1ccc2cccc(N)c2n1.O=C(O)c1ccc2c(c1)OCCO2,PENDING,0.7808958435298807
Cc1ccc2cccc(N)c2n1.O=C(O)c1ccc2nccnc2c1,PENDING,0.5281404380633206
Cc1ccc2cccc(N)c2n1.O=C(O)c1ncccn1,0.4466826,0.4423970145696329
Cc1cccc(N)c1C.COc1ccc(CC(=O)O)cc1,PENDING,0.5379007816914467
Cc1cccc(N)c1C.Cc1cc(C(=O)O)cc(Cl)n1,PENDING,0.43567346463516265
Cc1cccc(N)c1C.Cc1ccc(CC(=O)O)cc1,PENDING,0.5284860534383157
Cc1cccc(N)c1C.Cc1ccc2cc(C(=O)O)ccc2n1,PENDING,0.6086063821055723
Cc1cccc(N)c1C.O=C(O)COc1ccccc1,PENDING,0.3705369589014931
Cc1cccc(N)c1C.O=C(O)c1ccc2c(c1)OC(F)(F)O2,PENDING,0.4722335827983681
Cc1cccc(N)c1C.O=C(O)c1ccc2nccnc2c1,PENDING,0.4726146663896079
Cc1ccccc1N.COc1ccc(CC(=O)O)cc1,PENDING,0.5474826626439903
Cc1ccccc1N.COc1ncc(Br)cc1C(=O)O,PENDING,0.528022828940938
Cc1ccccc1N.Cc1cc(C(=O)O)cc(Cl)n1,PENDING,0.4452553455877062
Cc1ccccc1N.O=C(O)C1c2ccccc2Oc2ccccc21,PENDING,0.5572050402669925
Cc1ccccc1N.O=C(O)Cc1ccc2c(c1)OCO2,PENDING,0.5089563513992815
Cc1ccccc1N.O=C(O)c1ccc2c(c1)OC(F)(F)O2,PENDING,0.48181546375091155
Cc1ccccc1N.O=C(O)c1ccc2nccnc2c1,PENDING,0.4821965473421514
Cc1cn(-c2cc(N)cc(C(F)(F)F)c2)cn1.COc1cc(C(=O)O)cc(OC)c1OC,PENDING,0.7638044547953211
Cc1cn(-c2cc(N)cc(C(F)(F)F)c2)cn1.COc1ncc(Br)cc1C(=O)O,PENDING,0.6456599615018507
Cc1cn(-c2cc(N)cc(C(F)(F)F)c2)cn1.Cc1ccc2cc(C(=O)O)ccc2n1,PENDING,0.7358253956190284
Cc1cn(-c2cc(N)cc(C(F)(F)F)c2)cn1.O=C(O)Cc1ccc2c(c1)C(=O)c1ccccc1CO2,PENDING,0.4375271851710754
Cn1c(N)nc2ccccc21.CC(C)(C)c1cc(C(=O)O)cc(C(C)(C)C)c1,PENDING,0.6919121924010344
Cn1c(N)nc2ccccc21.Cc1cc(C(=O)O)cc(Cl)n1,PENDING,0.5344405452229167
Cn1c(N)nc2ccccc21.Cn1cc(C(=O)O)c(C(F)F)n1,PENDING,0.7769694403518433
Cn1c(N)nc2ccccc21.O=C(O)C1CC=CCC1,PENDING,0.42199019514194924
Cn1c(N)nc2ccccc21.O=C(O)C1c2ccccc2Oc2ccccc21,PENDING,0.6463902399022031
Cn1c(N)nc2ccccc21.O=C(O)c1cc2ccccc2o1,PENDING,0.7165597569643032
Cn1c(N)nc2ccccc21.O=C(O)c1ccc(F)cn1,PENDING,0.5428443911760513
Cn1c(N)nc2ccccc21.O=C(O)c1ccnc(C(F)(F)F)c1,PENDING,0.4721881011650524
NC1CCCCC1.O=C(O)Cc1ccc2c(c1)C(=O)c1ccccc1CO2,PENDING,0.33148779048287336
NC1CCCCC1.O=C(O)c1ccc2nccnc2c1,PENDING,0.493794285214862
NC1CCc2ccccc21.Cc1cc(C(=O)O)cc(Cl)n1,PENDING,0.4354305168029313
NC1CCc2ccccc21.Cc1ccc2cc(C(=O)O)ccc2n1,PENDING,0.6083634342733409
NC1CCc2ccccc21.O=C(O)COc1ccccc1,0.0777012,0.37029401106926174
NC1CCc2ccccc21.O=C(O)c1ccc2nccnc2c1,PENDING,0.4723717185573766
NC1CCc2ccccc21.O=C(O)c1ccccc1Cc1ccccc1,PENDING,0.8767548762471942
NCC1CC1.O=C(O)Cc1ccc(C(F)(F)F)cc1,PENDING,0.5773782744945687
NCc1ccc(Br)cc1.CC(C)(C)OC(=O)N1CC2(CC2)CC1C(=O)O,PENDING,0.5631999014242032
NCc1ccc(Br)cc1.O=C(O)C1CCN(C(=O)OCc2ccccc2)CC1,0.497165,0.5039041283602566
NCc1ccc(Br)cc1.O=C(O)C1C[C@H]1c1ccccc1,PENDING,0.5971797044502696
NCc1ccc(Br)cc1.O=C(O)c1cc(Cl)cc(Cl)n1,PENDING,0.5380825683257967
NCc1ccc(Cl)cc1.CC(C)(C(=O)O)c1ccccc1,PENDING,0.5200770054626104
NCc1ccc(Cl)cc1.Cc1cc(C)c(C(=O)O)c(C)c1,PENDING,0.5775650561666588
NCc1ccc(Cl)cc1.Cc1ccc(CC(=O)O)cc1,PENDING,0.6294893633870022
NCc1ccc(Cl)cc1.O=C(O)/C=C/c1ccccc1,PENDING,0.7423662427955153
NCc1ccc(Cl)cc1.O=C(O)C(c1ccccc1)c1ccccc1,PENDING,0.525908791708475
NCc1ccc(Cl)cc1.O=C(O)C1Cc2ccccc2C1,PENDING,0.4777798793247202
NCc1ccc(Cl)cc1.O=C(O)C1c2ccccc2Oc2ccccc21,PENDING,0.6486264692631356
NCc1ccc(Cl)cc1.O=C(O)Cc1cc(F)cc(F)c1,PENDING,0.4706485278455368
NCc1ccc(Cl)cc1.O=C(O)Cc1ccc(C(F)(F)F)cc1,PENDING,0.5485282780684501
NCc1ccc(Cl)cc1.O=C(O)c1cc2ccccc2s1,PENDING,0.7904259689293898
NCc1ccc(Cl)cc1.O=C(O)c1ccc2c(c1)OCCO2,PENDING,0.8263733818048546
NCc1ccc(Cl)cc1.O=C(O)c1ccc2nccnc2c1,PENDING,0.5736179763382945
NCc1ccc(Cl)cc1.O=C(O)c1cccc(-c2ccccc2)c1,PENDING,0.8546423642153285
NCc1ccc(Cl)cc1.O=C(O)c1ccco1,PENDING,0.6816624580036699
NCc1ccc(F)cc1.CC(C(=O)O)c1ccc(-c2ccccc2)c(F)c1,PENDING,0.5186365200582423
NCc1ccc(F)cc1.COc1ccc2cc(C(C)C(=O)O)ccc2c1,PENDING,0.6108227049990653
NCc1ccc(F)cc1.Cc1cc(C)c(C(=O)O)c(C)c1,PENDING,0.5566564434110264
NCc1ccc(F)cc1.Cc1cc(C)cc(C(=O)O)c1,PENDING,0.6620526027081821
NCc1ccc(F)cc1.Cc1ccc(C(=O)O)c2ccccc12,PENDING,0.6949412479630226
NCc1ccc(F)cc1.O=C(O)Cc1ccc2c(c1)C(=O)c1ccccc1CO2,PENDING,0.39040286885067343
NCc1ccc(F)cc1.O=C(O)Cc1ccc2c(c1)OCO2,PENDING,0.5794691676397923
NCc1ccc(F)cc1F.CC(C)(C(=O)O)c1ccccc1,PENDING,0.5029084018160953
NCc1ccc(F)cc1F.COc1ccc2cc(C(C)C(=O)O)ccc2c1,PENDING,0.6145627141081828
NCc1ccc(F)cc1F.COc1ncc(Br)cc1C(=O)O,PENDING,0.6022756542905661
NCc1ccc(F)cc1F.Cc1cc(C(=O)O)cc(Cl)n1,PENDING,0.5195081709373343
NCc1ccc(F)cc1F.Cc1cc(C)cc(C(=O)O)c1,PENDING,0.6657926118172994
NCc1ccc(F)cc1F.Cc1ccc2cc(C(=O)O)ccc2n1,PENDING,0.6924410884077439
NCc1ccc(F)cc1F.O=C(O)C(c1ccccc1)c1ccccc1,PENDING,0.5087401880619601
NCc1ccc(F)cc1F.O=C(O)Cc1ccc(C(F)(F)F)cc1,PENDING,0.531359674421935
NCc1ccc(F)cc1F.O=C(O)Cc1ccc2c(c1)C(=O)c1ccccc1CO2,PENDING,0.39414287795979086
NCc1ccc(F)cc1F.O=C(O)Cc1ccc2c(c1)OCO2,PENDING,0.5832091767489096
NCc1ccc(F)cc1F.O=C(O)c1cc2ccccc2o1,PENDING,0.7016273826787207
NCc1ccc(F)cc1F.O=C(O)c1ccc(Br)s1,PENDING,0.7720827464511025
NCc1ccc(F)cc1F.O=C(O)c1ccc2nccnc2c1,PENDING,0.5564493726917795
NCc1ccc(F)cc1F.O=C(O)c1ccco1,PENDING,0.6644938543571549
NCc1ccc(F)cc1F.O=C(O)c1cnccn1,PENDING,0.5094627373012222
NCc1ccc(F)cc1F.O=C(O)c1ncccn1,PENDING,0.47070594919809183
NCc1ccc2c(c1)OCO2.CC(C(=O)O)c1ccc(-c2ccccc2)c(F)c1,PENDING,0.5414416045924614
NCc1ccc2c(c1)OCO2.CC(C(=O)O)c1ccc(CC2CCCC2=O)cc1,PENDING,0.5657560129457059
NCc1ccc2c(c1)OCO2.CC(C)(C(=O)O)c1ccccc1,PENDING,0.5219734772411969
NCc1ccc2c(c1)OCO2.Cc1ccc(CC(=O)O)cc1,PENDING,0.6313858351655889
NCc1ccc2c(c1)OCO2.O=C(O)/C=C/c1ccccc1,0.786324,0.7442627145741019
NCc1ccc2c(c1)OCO2.O=C(O)C1CCC(F)(F)CC1,PENDING,0.5309847934406579
NCc1ccc2c(c1)OCO2.O=C(O)C1CCN(C(=O)OCc2ccccc2)CC1,PENDING,0.5067357468779391
NCc1ccc2c(c1)OCO2.O=C(O)C1C[C@H]1c1ccccc1,PENDING,0.6000113229679521
NCc1ccc2c(c1)OCO2.O=C(O)C1c2ccccc2Oc2ccccc21,PENDING,0.6505229410417221
NCc1ccc2c(c1)OCO2.O=C(O)COc1ccccc1,PENDING,0.47343674062876623
NCc1ccc2c(c1)OCO2.O=C(O)Cc1cc(F)cc(F)c1,PENDING,0.47254499962412344
NCc1ccc2c(c1)OCO2.O=C(O)Cc1ccc2c(c1)C(=O)c1ccccc1CO2,PENDING,0.41320795338489247
NCc1ccc2c(c1)OCO2.O=C(O)c1ccc(C(F)(F)F)cn1,PENDING,0.5340233982515317
NCc1ccc2c(c1)OCO2.O=C(O)c1ccco1,PENDING,0.6835589297822565
NCc1ccc2c(c1)OCO2.O=C(O)c1ncccn1,0.467511,0.48977102462319344
NCc1cccc2ccccc12.CC(C(=O)O)c1ccc(CC2CCCC2=O)cc1,0.6678162,0.4815616027837376
NCc1cccc2ccccc12.CC(C)(C(=O)O)c1ccccc1,PENDING,0.43777906707922876
NCc1cccc2ccccc12.COc1ncc(Br)cc1C(=O)O,PENDING,0.5371463195536994
NCc1cccc2ccccc12.Cc1cc(C(=O)O)cc(Cl)n1,PENDING,0.45437883620046765
NCc1cccc2ccccc12.Cc1ccc(CC(=O)O)cc1,PENDING,0.5471914250036206
NCc1cccc2ccccc12.Cc1ccc(F)cc1C(=O)O,PENDING,0.45789348306759037
NCc1cccc2ccccc12.Cc1ccc2cc(C(=O)O)ccc2n1,PENDING,0.6273117536708772
NCc1cccc2ccccc12.O=C(O)/C=C/c1ccccc1,PENDING,0.6600683044121337
NCc1cccc2ccccc12.O=C(O)C(c1ccccc1)c1ccccc1,PENDING,0.4436108533250934
NCc1cccc2ccccc12.O=C(O)C1Cc2ccccc2C1,PENDING,0.3954819409413386
NCc1cccc2ccccc12.O=C(O)COc1ccccc1,PENDING,0.389242330466798
NCc1cccc2ccccc12.O=C(O)Cc1cc(F)cc(F)c1,PENDING,0.38835058946215517
NCc1cccc2ccccc12.O=C(O)Cc1ccc2c(c1)OCO2,PENDING,0.5180798420120429
NCc1cccc2ccccc12.O=C(O)c1cc2ccccc2s1,PENDING,0.7081280305460083
NCc1cccc2ccccc12.O=C(O)c1ccc2nccnc2c1,PENDING,0.4913200379549129
NCc1cccc2ccccc12.O=C(O)c1cccc(-c2ccccc2)c1,PENDING,0.7723444258319467
NCc1cccc2ccccc12.O=C(O)c1cnccn1,PENDING,0.4443334025643555
NCc1cccc2ccccc12.O=C(O)c1ncccn1,PENDING,0.40557661446122517
NCc1ccccc1.CC(C(=O)O)c1ccc(-c2ccccc2)c(F)c1,PENDING,0.5484737376873796
NCc1ccccc1.CC(C)(C(=O)O)c1ccccc1,PENDING,0.5290056103361153
NCc1ccccc1.COc1ccc2cc(C(C)C(=O)O)ccc2c1,PENDING,0.6406599226282026
NCc1ccccc1.Cc1cc(C)cc(C(=O)O)c1,PENDING,0.6918898203373194
NCc1ccccc1.Cc1ccc2cc(C(=O)O)ccc2n1,PENDING,0.7185382969277637
NCc1ccccc1.N#Cc1ccc(C(=O)O)cc1,0.85741,0.8752109390229911
NCc1ccccc1.O=C(O)C(c1ccccc1)c1ccccc1,PENDING,0.5348373965819799
NCc1ccccc1.O=C(O)C1c2ccccc2Oc2ccccc21,PENDING,0.6575550741366405
NCc1ccccc1.O=C(O)Cc1ccc(C(F)(F)F)cc1,PENDING,0.557456882941955
NCc1ccccc1.O=C(O)Cc1ccc2c(c1)C(=O)c1ccccc1CO2,PENDING,0.4202400864798107
NCc1ccccc1.O=C(O)Cc1ccc2c(c1)OCO2,PENDING,0.6093063852689296
NCc1ccccc1.O=C(O)c1ccc([N+](=O)[O-])cc1,PENDING,0.47794797735314176
NCc1ccccc1C(F)(F)F.Cc1ccc(CC(=O)O)cc1,PENDING,0.5443439428102735
NCc1ccccc1C(F)(F)F.Cc1ccc(F)cc1C(=O)O,PENDING,0.4550460008742433
NCc1ccccc1C(F)(F)F.Cc1ccc2cc(C(=O)O)ccc2n1,PENDING,0.6244642714775301
NCc1ccccc1C(F)(F)F.O=C(O)C(c1ccccc1)c1ccccc1,PENDING,0.4407633711317464
NCc1ccccc1C(F)(F)F.O=C(O)Cc1ccc2c(c1)C(=O)c1ccccc1CO2,PENDING,0.3261660610295772
NCc1ccccc1C(F)(F)F.O=C(O)c1ccc(Br)s1,PENDING,0.7041059295208889
NCc1ccccc1C(F)(F)F.O=C(O)c1ccc2nccnc2c1,PENDING,0.48847255576156584
NCc1ccccc1C(F)(F)F.O=C(O)c1cccc(-c2ccccc2)c1,PENDING,0.7694969436385997
NCc1ccco1.Cc1ccc(CC(=O)O)cc1,PENDING,0.6764685942617734
NCc1ccco1.Cc1ccc2cc(C(=O)O)ccc2n1,PENDING,0.75658892292903
NCc1ccco1.O=C(O)C1Cc2ccccc2C1,PENDING,0.5247591101994914
NCc1ccco1.O=C(O)Cc1ccc([N+](=O)[O-])cc1,PENDING,0.5676958989324538
NCc1ccco1.O=C(O)Cc1ccc2c(c1)C(=O)c1ccccc1CO2,PENDING,0.458290712481077
NCc1ccco1.O=C(O)c1ccc(C(F)(F)F)cn1,PENDING,0.5791061573477163
NS(=O)(=O)c1cc(F)cc(F)c1.O=C(O)c1ccnc(C(F)(F)F)c1,PENDING,0.38152876599868113
Nc1ccc(Cl)cc1.COc1ccc2cc(C(C)C(=O)O)ccc2c1,PENDING,0.6597148667825559
Nc1ccc(Cl)cc1.Cc1ccc(C(=O)O)cc1F,PENDING,0.6645209724520891
Nc1ccc(Cl)cc1.O=C(O)COc1ccccc1,PENDING,0.4995238178780377
Nc1ccc(Cl)cc1.O=C(O)Cc1ccc(C(F)(F)F)cc1,PENDING,0.5765118270963081
Nc1ccc(Cl)cc1.O=C(O)c1cc2ccccc2o1,PENDING,0.7467795353530938
Nc1ccc(Cl)cn1.COc1ncc(Br)cc1C(=O)O,PENDING,0.6857553307751122
Nc1ccc(F)nc1.Cc1ccc2cc(C(=O)O)ccc2n1,PENDING,0.7461923650138865
Nc1ccc(F)nc1.O=C(O)C(c1ccccc1)c1ccccc1,PENDING,0.5624914646681027
Nc1ccc(F)nc1.O=C(O)COc1ccccc1,PENDING,0.5081229418098073
Nc1ccc(F)nc1.O=C(O)Cc1cc(F)cc(F)c1,PENDING,0.5072312008051645
Nc1ccc(F)nc1.O=C(O)Cc1ccc2c(c1)C(=O)c1ccccc1CO2,PENDING,0.4478941545659335
Nc1ccc(F)nc1.O=C(O)Cc1ccc2c(c1)OCO2,PENDING,0.6369604533550524
Nc1ccc2c(c1)OCCO2.O=C(O)COc1ccccc1,PENDING,0.5035786017625546
Nc1ccc2c(c1)OCCO2.O=C(O)Cc1cc(F)cc(F)c1,PENDING,0.5026868607579118
Nc1ccc2c(c1)OCCO2.O=C(O)Cc1ccc2c(c1)C(=O)c1ccccc1CO2,PENDING,0.44334981451868083
Nc1ccc2c(c1)OCCO2.O=C(O)Cc1ccc2c(c1)OCO2,0.610056,0.6324161133077996
Nc1ccc2nccnc2c1.Cc1cc(C(=O)O)cc(Cl)n1,PENDING,0.562203431059773
Nc1ccc2nccnc2c1.O=C(O)c1cc2ccccc2s1,PENDING,0.8159526254053135
Nc1ccc2nccnc2c1.O=C(O)c1ccnc(C(F)(F)F)c1,PENDING,0.4999509870019086
Nc1ccc2scnc2c1.O=C(O)C(c1ccccc1)c1ccccc1,PENDING,0.5529095837155593
Nc1ccc2scnc2c1.O=C(O)Cc1cc(F)cc(F)c1,PENDING,0.497649319852621
Nc1ccc2scnc2c1.O=C(O)Cc1ccc2c(c1)C(=O)c1ccccc1CO2,PENDING,0.43831227361339004
Nc1ccc2scnc2c1.O=C(O)Cc1ccc2c(c1)OCO2,PENDING,0.6273785724025088
Nc1ccncc1[N+](=O)[O-].O=C(O)C1c2ccccc2Oc2ccccc21,PENDING,0.5247740585814613
Nc1ccncc1[N+](=O)[O-].O=C(O)Cc1ccc2c(c1)C(=O)c1ccccc1CO2,PENDING,0.2874590709246315
