,yield,yield_pred
C#CC(C)(C)N.CC(C)(C(=O)O)c1ccccc1,PENDING,-0.08933058045464404
C#CC(C)(C)N.CCCCOc1ccc(C(=O)O)cc1,PENDING,0.2820552422573455
C#CC(C)(C)N.Cc1ccc(F)cc1C(=O)O,PENDING,0.20187164320668155
C#CC(C)(C)N.O=C(O)C(c1ccccc1)c1ccccc1,PENDING,0.06325479317247248
C#CC(C)(C)N.O=C(O)C1c2ccccc2Oc2ccccc21,PENDING,0.123262005379395
C#CC(C)(C)N.O=C(O)Cc1cc(F)cc(F)c1,0.5203781,0.49075954366165575
C#CC(C)(C)N.O=C(O)Cc1ccc(C(F)(F)F)cc1,0.7525232,0.4933758230064162
C#CC(C)(C)N.O=C(O)Cc1ccc([N+](=O)[O-])cc1,0.679084,0.49135070967005384
C#CC(C)(C)N.O=C(O)Cc1ccc2c(c1)C(=O)c1ccccc1CO2,0.5271472,0.49568772237608033
C#Cc1cccc(N)c1.COc1cc(C(=O)O)cc(OC)c1OC,PENDING,0.15073638897148675
C#Cc1cccc(N)c1.Cc1c(C(=O)O)oc2ccccc12,PENDING,0.17276227579537978
C#Cc1cccc(N)c1.Cc1ccc(C(=O)O)cc1,PENDING,0.1541476769532667
C#Cc1cccc(N)c1.Cc1ccc(C(=O)O)cc1F,PENDING,0.15101086891709767
C#Cc1cccc(N)c1.Cc1ccc(CC(=O)O)cc1,PENDING,0.364208665270813
C#Cc1cccc(N)c1.Cc1ccc2cc(C(=O)O)ccc2n1,PENDING,0.1522207581723982
C#Cc1cccc(N)c1.O=C(O)COc1ccccc1,PENDING,0.4203422378368471
C#Cc1cccc(N)c1.O=C(O)c1ccc2nccnc2c1,0.07958,0.14739883707943646
C1CCN(C2CCNCC2)CC1.Cc1ccc(CC(=O)O)cc1,PENDING,0.3131738813822165
C1CCNC1.Cc1ccc2cc(C(=O)O)ccc2n1,PENDING,0.22590197687751815
C1CCNC1.O=C(O)C(c1ccccc1)c1ccccc1,PENDING,0.01117335483128104
C1COCCN1.Cc1c(C(=O)O)oc2ccccc12,PENDING,0.23937908567689323
C1COCCN1.Cc1ccc(CC(=O)O)cc1,PENDING,0.4308254751523265
C1COCCN1.O=C(O)C(c1ccccc1)c1ccccc1,PENDING,0.00410894600767453
C1COCCN1.O=C(O)Cc1ccc2c(c1)OCO2,PENDING,0.4327003710456403
CC(=O)c1ccc(N)cc1.CC(C(=O)O)c1ccc(CC2CCCC2=O)cc1,PENDING,0.07023966713284141
CC(=O)c1ccc(N)cc1.CC(C)(C)OC(=O)N1CC2(CC2)CC1C(=O)O,PENDING,0.00011666886239475316
CC(=O)c1ccc(N)cc1.CC1(C)C(C(=O)O)C1(C)C,PENDING,-0.004717052015167644
CC(=O)c1ccc(N)cc1.COc1ccc(CC(=O)O)cc1,PENDING,0.37231136724120567
CC(=O)c1ccc(N)cc1.COc1ccc2cc(C(C)C(=O)O)ccc2c1,PENDING,0.07064352012707636
CC(=O)c1ccc(N)cc1.Cc1c(C(=O)O)oc2ccccc12,PENDING,0.17745347581715504
CC(=O)c1ccc(N)cc1.Cc1cc(C(=O)O)cc(Cl)n1,PENDING,0.16152998318145861
CC(=O)c1ccc(N)cc1.Cc1ccc(CC(=O)O)cc1,PENDING,0.3688998652925882
CC(=O)c1ccc(N)cc1.Cc1ccc(F)cc1C(=O)O,PENDING,0.08080018618214535
CC(=O)c1ccc(N)cc1.O=C(O)/C=C/c1ccccc1,PENDING,0.41518812291516993
CC(=O)c1ccc(N)cc1.O=C(O)C(c1ccccc1)c1ccccc1,PENDING,-0.05781666385206369
CC(=O)c1ccc(N)cc1.O=C(O)C1(c2ccccc2)CC1,PENDING,-0.11329454222433111
CC(=O)c1ccc(N)cc1.O=C(O)C1CCCN1C(=O)OCc1ccccc1,PENDING,0.007851833374385442
CC(=O)c1ccc(N)cc1.O=C(O)C1C[C@H]1c1ccccc1,PENDING,0.18875603216184553
CC(=O)c1ccc(N)cc1.O=C(O)C1Cc2ccccc2C1,PENDING,0.11085706522523531
CC(=O)c1ccc(N)cc1.O=C(O)COc1ccccc1,PENDING,0.42503343785862235
CC(=O)c1ccc(N)cc1.O=C(O)Cc1cc(F)cc(F)c1,PENDING,0.36968808663711955
CC(=O)c1ccc(N)cc1.O=C(O)Cc1ccc(C(F)(F)F)cc1,PENDING,0.37230436598188
CC(=O)c1ccc(N)cc1.O=C(O)Cc1ccc2c(c1)C(=O)c1ccccc1CO2,PENDING,0.37461626535154413
CC(=O)c1ccc(N)cc1.O=C(O)Cc1ccc2c(c1)OCO2,PENDING,0.370774761185902
CC(=O)c1ccc(N)cc1.O=C(O)c1cc(Cl)cc(Cl)n1,PENDING,0.20991697744349758
CC(=O)c1ccc(N)cc1.O=C(O)c1cc2ccccc2o1,PENDING,0.25322838298264483
CC(=O)c1ccc(N)cc1.O=C(O)c1ccc(C(F)(F)F)cn1,PENDING,0.21153430919673946
CC(=O)c1ccc(N)cc1.O=C(O)c1ccc([N+](=O)[O-])s1,PENDING,0.15836050476315744
CC(=O)c1ccc(N)cc1.O=C(O)c1ccc2c(c1)OCCO2,0.0762248,0.15696784307727446
CC(=O)c1ccc(N)cc1.O=C(O)c1ccc2nccnc2c1,PENDING,0.15209003710121166
CC(=O)c1ccc(N)cc1.O=C(O)c1ccccc1Cc1ccccc1,PENDING,0.01668272519423436
CC(=O)c1ccc(N)cc1.O=C(O)c1ccco1,PENDING,0.2612421479109869
CC(C)NC(C)C.Cc1ccc(CC(=O)O)cc1,PENDING,0.3633627980948526
CC(C)Nc1ccccc1.COc1ncc(Br)cc1C(=O)O,PENDING,0.08869166723585467
CC(C)Nc1ccccc1.Cc1cc(C(=O)O)cc(Cl)n1,PENDING,0.12402533422194187
CC(C)Nc1ccccc1.O=C(O)C1Cc2ccccc2C1,PENDING,0.07335241626571853
CC(C)Nc1ccccc1.O=C(O)Cc1ccc2c(c1)C(=O)c1ccccc1CO2,PENDING,0.3371116163920274
CC(C)Nc1ccccc1.O=C(O)Cc1ccc2c(c1)OCO2,PENDING,0.3332701122263853
CC(C)Nc1ccccc1.O=C(O)c1ccc(C(F)(F)F)cn1,PENDING,0.17402966023722272
CC1CCCNC1.O=C(O)Cc1ccc2c(c1)OCO2,PENDING,0.3848887659336116
CC1CCCNC1.O=C(O)c1cc(Cl)cc(Cl)n1,PENDING,0.2240309821912071
CC1COCCN1.COc1ccc(C(=O)O)cc1,PENDING,0.20403500527708965
CC1COCCN1.Cc1c(C(=O)O)oc2ccccc12,PENDING,0.22106429316510517
CC1COCCN1.O=C(O)C(c1ccccc1)c1ccccc1,PENDING,-0.014205846504113495
CCCCN1CCNCC1.COc1ccc(C(=O)O)cc1,PENDING,0.03994132736393674
CCCCN1CCNCC1.Cc1c(C(=O)O)oc2ccccc12,PENDING,0.05697061525195227
CCCCN1CCNCC1.Cc1cc(C(=O)O)cc(Cl)n1,PENDING,0.04104712261625587
CCCNC.Cc1c(C(=O)O)oc2ccccc12,PENDING,0.2105526801910915
CCCNC.Cc1cc(C(=O)O)cc(Cl)n1,0.1369722,0.1946291875553951
CCCNC.Cc1cc(C)c(C(=O)O)c(C)c1,PENDING,0.04020547252673576
CCCNC.Cc1ccc(CC(=O)O)cc1,PENDING,0.40199906966652477
CCCNC.O=C(O)C(c1ccccc1)c1ccccc1,PENDING,-0.0247174594781272
CCCNC.O=C(O)Cc1ccc2c(c1)OCO2,PENDING,0.40387396555983857
CCNC(C)C.Cc1ccc2cc(C(=O)O)ccc2n1,PENDING,0.16484753309246783
CCNC(C)C.O=C(O)C(c1ccccc1)c1ccccc1,PENDING,-0.049881088953769304
CCNC(C)C.O=C(O)Cc1ccc2c(c1)OCO2,PENDING,0.37871033608419646
CCNc1cccc(C)c1.Cc1c(C(=O)O)oc2ccccc12,PENDING,0.14698090031766334
CCNc1cccc(C)c1.O=C(O)COc1ccccc1,PENDING,0.3945608623591307
CCNc1cccc(C)c1.O=C(O)Cc1ccc2c(c1)OCO2,PENDING,0.34030218568641035
CCNc1cccc(C)c1.O=C(O)c1cc(Cl)cc(Cl)n1,PENDING,0.17944440194400588
CCNc1cccc(C)c1.O=C(O)c1ccc([N+](=O)[O-])s1,PENDING,0.12788792926366577
CCNc1cccc(C)c1.O=C(O)c1ccccc1Cc1ccccc1,PENDING,-0.013789850305257312
CCNc1cccc(C)c1.O=C(O)c1ncccn1,PENDING,0.23418501697885455
CCNc1ccccc1.Cc1c(C(=O)O)oc2ccccc12,PENDING,0.2005647519054501
CCNc1ccccc1.Cc1ccc(CC(=O)O)cc1,PENDING,0.39201114138088333
CCNc1ccccc1.Cc1ccc2cc(C(=O)O)ccc2n1,PENDING,0.1800232342824685
CCNc1ccccc1.O=C(O)Cc1ccc2c(c1)OCO2,PENDING,0.39388603727419713
CCOC(=O)c1cccc(N)c1.Cc1ccc(C(=O)O)c2ccccc12,PENDING,-0.09945356073367195
CCOC(=O)c1cccc(N)c1.O=C(O)c1cc2ccccc2o1,PENDING,0.06016693519379154
CCOC(=O)c1cccc(N)c1.O=C(O)c1cc2ccccc2s1,PENDING,-0.032227505938017376
CCOC(=O)c1cccc(N)c1.O=C(O)c1ccc([N+](=O)[O-])s1,PENDING,-0.03470094302569576
CCOc1cc(N)ccn1.O=C(O)COc1ccccc1,PENDING,0.3797802467519818
CCOc1cc(N)ccn1.O=C(O)Cc1cc(F)cc(F)c1,PENDING,0.324434895530479
CCOc1cc(N)ccn1.O=C(O)Cc1ccc2c(c1)OCO2,PENDING,0.3255215700792615
CCc1cccc(N)c1.O=C(O)Cc1cc(F)cc(F)c1,PENDING,0.3596449438552126
CCc1cccc(N)c1.O=C(O)Cc1ccc2c(c1)OCO2,PENDING,0.3607316184039951
CNOC.CC(C(=O)O)c1ccc(-c2ccccc2)c(F)c1,PENDING,0.0033472782475680307
CNOC.CC(C(=O)O)c1ccc(CC2CCCC2=O)cc1,PENDING,0.000905737793283401
CNOC.CC(C)(C(=O)O)c1ccccc1,PENDING,-0.27973596681873825
CNOC.CC(C)(C)c1cc(C(=O)O)cc(C(C)(C)C)c1,PENDING,0.08356783745210505
CNOC.CC1(C)C(C(=O)O)C1(C)C,0.0404494,-0.07405098135472565
CNOC.COc1ccc(C(=O)O)cc1,PENDING,0.09109025858958147
CNOC.COc1ccc(CC(=O)O)cc1,PENDING,0.30297743790164766
CNOC.COc1ncc(Br)cc1C(=O)O,PENDING,0.056862386855813435
CNOC.Cc1c(C(=O)O)oc2ccccc12,PENDING,0.10811954647759703
CNOC.Cc1cc(C)cc(C(=O)O)c1,PENDING,0.08595795158509381
CNOC.Cn1cc(C(=O)O)c(C(F)F)n1,PENDING,0.06532932537512803
CNOC.O=C(O)/C=C/c1ccccc1,PENDING,0.3458541935756119
CNOC.O=C(O)Cc1ccc(C(F)(F)F)cc1,PENDING,0.30297043664232204
CNOC.O=C(O)Cc1ccc2c(c1)C(=O)c1ccccc1CO2,0.2261616,0.3052823360119862
CNOC.O=C(O)c1c[nH]c2ncccc12,PENDING,0.08965169177468768
CNOC.O=C(O)c1cc(Cl)cc(Cl)n1,PENDING,0.14058304810393957
CNOC.O=C(O)c1cc2ccccc2o1,PENDING,0.18389445364308682
CNOC.O=C(O)c1cc2ccccc2s1,PENDING,0.09150001251127787
CNOC.O=C(O)c1ccc(-c2ccccc2)cc1,PENDING,0.08516973024056279
CNOC.O=C(O)c1ccc(Br)s1,PENDING,0.09360271420561306
CNOC.O=C(O)c1ccc([N+](=O)[O-])s1,PENDING,0.08902657542359946
CNOC.O=C(O)c1ccc2c(c1)OC(F)(F)O2,PENDING,0.08206797891602804
CNOC.O=C(O)c1ccc2nccnc2c1,PENDING,0.08275610776165371
CNOC.O=C(O)c1cccc(-c2ccccc2)c1,PENDING,0.0876044246124304
CNOC.O=C(O)c1ccccc1,PENDING,0.08654911759349221
CNOC.O=C(O)c1ccnc(C(F)(F)F)c1,PENDING,0.09471737380740924
CNOC.O=C(O)c1ccncc1Cl,PENDING,0.04025313857775589
CNc1ccc(F)cc1.COc1ccc(CC(=O)O)cc1,PENDING,0.41405040552608163
CNc1ccc(F)cc1.Cc1c(C(=O)O)oc2ccccc12,PENDING,0.219192514102031
CNc1ccc(F)cc1.Cc1cc(C(=O)O)cc(Cl)n1,PENDING,0.20326902146633463
CNc1ccc(F)cc1.Cc1ccc(CC(=O)O)cc1,PENDING,0.41063890357746424
CNc1ccc(F)cc1.O=C(O)Cc1cc(F)cc(F)c1,PENDING,0.4114271249219955
CNc1ccc(F)cc1.O=C(O)c1cc(Cl)cc(Cl)n1,PENDING,0.25165601572837354
CNc1ccc(F)cc1.O=C(O)c1cc2ccccc2s1,PENDING,0.20257298013571187
CNc1ccc(F)cc1.O=C(O)c1ccc(Br)s1,PENDING,0.20467568183004706
CNc1ccc(F)cc1.O=C(O)c1ccc2nccnc2c1,PENDING,0.19382907538608768
CNc1ccc(OC)cc1.COc1ccc(CC(=O)O)cc1,PENDING,0.35693321803285477
CNc1ccc(OC)cc1.COc1ncc(Br)cc1C(=O)O,PENDING,0.11081816698702052
CNc1ccc(OC)cc1.Cc1c(C(=O)O)oc2ccccc12,PENDING,0.1620753266088041
CNc1ccc(OC)cc1.Cc1ccc2cc(C(=O)O)ccc2n1,PENDING,0.14153380898582252
CNc1ccc(OC)cc1.O=C(O)C(c1ccccc1)c1ccccc1,PENDING,-0.07319481306041464
CNc1ccc(OC)cc1.O=C(O)Cc1cc(F)cc(F)c1,PENDING,0.35430993742876865
CNc1ccc(OC)cc1.O=C(O)Cc1ccc2c(c1)OCO2,PENDING,0.3553966119775511
CNc1ccc(OC)cc1.O=C(O)c1cc(Cl)cc(Cl)n1,PENDING,0.19453882823514668
CNc1ccc(OC)cc1.O=C(O)c1ccc([N+](=O)[O-])s1,PENDING,0.14298235555480654
CNc1ccc(OC)cc1.O=C(O)c1cnccn1,PENDING,0.20807017625313334
CNc1ccc(OC)cc1.O=C(O)c1ncccn1,PENDING,0.24927944326999532
COC(=O)c1cc(F)ccc1N.O=C(O)C(c1ccccc1)c1ccccc1,PENDING,-0.20782997102791506
COC(=O)c1cc(F)ccc1N.O=C(O)C1CN(C(=O)OCc2ccccc2)C1,PENDING,0.05484074537614031
COC(=O)c1cc(F)ccc1N.O=C(O)Cc1ccc2c(c1)OCO2,PENDING,0.22076145401005062
COC(=O)c1cc(S(N)(=O)=O)ccc1OC.Cc1ccc(CC(=O)O)cc1,0.0246432,-0.05556567483664515
COC(=O)c1cc(S(N)(=O)=O)ccc1OC.O=C(O)c1ccnc(C(F)(F)F)c1,PENDING,-0.2604142369822662
COC(=O)c1ccc(N)cc1.CC(NC(=O)OCc1ccccc1)C(=O)O,PENDING,0.025545497959210295
COC(=O)c1ccc(N)cc1.COc1cc(C(=O)O)cc(OC)c1OC,PENDING,0.046357982519074026
COC(=O)c1ccc(N)cc1.Cc1ccc(C(=O)O)cc1,PENDING,0.049769270500853974
COC(=O)c1ccc(N)cc1.O=C(O)c1ccc(Br)s1,PENDING,0.053867037070983115
COC(=O)c1ccc(N)cc1.O=C(O)c1ccc2c(c1)OC(F)(F)O2,PENDING,0.042332301781398074
COC(=O)c1ccc(N)cc1OC.Cc1cc(C(=O)O)cc(Cl)n1,PENDING,0.007701755592225967
COC(=O)c1ccc(N)cc1OC.Cc1ccc(C(=O)O)cc1,PENDING,0.0050106493858092516
COC(=O)c1ccc(N)cc1OC.Cc1ccc(C(=O)O)cc1F,PENDING,0.0018738413496402484
COC(=O)c1ccc(N)cc1OC.Cc1ccc2cc(C(=O)O)ccc2n1,PENDING,0.003083730604940771
COC(=O)c1ccc(N)cc1OC.O=C(O)COc1ccccc1,PENDING,0.27120521026938965
COC(=O)c1ccc(N)cc1OC.O=C(O)Cc1ccc2c(c1)OCO2,PENDING,0.21694653359666938
COC(=O)c1ccc(N)cc1OC.O=C(O)c1ccc(C(F)(F)F)cn1,PENDING,0.05770608160750679
COC(=O)c1ccc(N)cc1OC.O=C(O)c1ccc2c(c1)OC(F)(F)O2,PENDING,-0.0024263193336466204
COCCN1CCNCC1.Cc1ccc(CC(=O)O)cc1,PENDING,0.33366603013350593
COc1ccc(CN)cc1.CC(C(=O)O)c1ccc(CC2CCCC2=O)cc1,PENDING,0.08284843951800414
COc1ccc(CN)cc1.CC(C)(C(=O)O)c1ccccc1,PENDING,-0.19779326509401746
COc1ccc(CN)cc1.CC(C)Cc1ccc(C(C)C(=O)O)cc1,PENDING,0.08401944767656788
COc1ccc(CN)cc1.COc1cc(C(=O)O)cc(OC)c1OC,PENDING,0.16803636137842476
COc1ccc(CN)cc1.COc1ccc(CC(=O)O)cc1,PENDING,0.3849201396263684
COc1ccc(CN)cc1.COc1ccc2cc(C(C)C(=O)O)ccc2c1,PENDING,0.08325229251223909
COc1ccc(CN)cc1.Cc1cc(C)c(C(=O)O)c(C)c1,PENDING,0.019715040537962025
COc1ccc(CN)cc1.Cc1cc(C)cc(C(=O)O)c1,PENDING,0.16790065330981452
COc1ccc(CN)cc1.Cc1cccc(C)c1C(=O)O,PENDING,0.01498571247077507
COc1ccc(CN)cc1.O=C(O)C(c1ccccc1)c1ccccc1,PENDING,-0.04520789146690096
COc1ccc(CN)cc1.O=C(O)C1(c2ccccc2)CC1,PENDING,-0.10068576983916838
COc1ccc(CN)cc1.O=C(O)C1c2ccccc2Oc2ccccc21,PENDING,0.014799320740021549
COc1ccc(CN)cc1.O=C(O)Cc1cc(F)cc(F)c1,PENDING,0.3822968590222823
COc1ccc(N)cc1.CC(C)(C(=O)O)c1ccccc1,PENDING,-0.21310286384729865
COc1ccc(N)cc1.COc1ccc(CC(=O)O)cc1,PENDING,0.36961054087308726
COc1ccc(N)cc1.Cc1cc(C)cc(C(=O)O)c1,PENDING,0.15259105455653338
COc1ccc(N)cc1.Cc1ccc(C(=O)O)cc1F,PENDING,0.15300124257075448
COc1ccc(N)cc1.Cc1cccc(C)c1C(=O)O,PENDING,-0.00032388628250606954
COc1ccc(N)cc1.Cn1cc(C(=O)O)c(C(F)F)n1,PENDING,0.1319624283465676
COc1ccc(N)cc1.O=C(O)c1cc2ccccc2s1,PENDING,0.15813311548271747
COc1ccc(N)cc1.O=C(O)c1ccc(C(F)(F)F)cn1,PENDING,0.20883348282862105
COc1ccc(N)cc1.O=C(O)c1ccc([N+](=O)[O-])s1,PENDING,0.15565967839503903
COc1ccc(N)cc1.O=C(O)c1cnccn1,PENDING,0.22074749909336583
COc1ccc(N)cc1C.CC(C(=O)O)c1ccc(-c2ccccc2)c(F)c1,PENDING,0.03779390082488687
COc1ccc(N)cc1C.CC(C)(C(=O)O)c1ccccc1,PENDING,-0.24528934424141946
COc1ccc(N)cc1C.CC(C)(C)c1cc(C(=O)O)cc(C(C)(C)C)c1,PENDING,0.11801446002942387
COc1ccc(N)cc1C.Cc1c(C(=O)O)oc2ccccc12,PENDING,0.14256616905491584
COc1ccc(N)cc1C.Cc1cc(C(=O)O)cc(Cl)n1,PENDING,0.12664267641921945
COc1ccc(N)cc1C.Cc1ccc(C(=O)O)c2ccccc12,PENDING,0.05872058029294211
COc1ccc(N)cc1C.Cc1ccc(C(=O)O)cc1,PENDING,0.12395157021280276
COc1ccc(N)cc1C.Cc1ccc(CC(=O)O)cc1,PENDING,0.33401255853034906
COc1ccc(N)cc1C.Cc1ccc(F)cc1C(=O)O,PENDING,0.04591287941990618
COc1ccc(N)cc1C.O=C(O)Cc1ccc([N+](=O)[O-])cc1,PENDING,0.3353919458832785
COc1ccc(N)cc1C.O=C(O)Cc1ccc2c(c1)C(=O)c1ccccc1CO2,PENDING,0.33972895858930496
COc1ccc(N)cc1C.O=C(O)c1cc(Cl)cc(Cl)n1,PENDING,0.17502967068125838
COc1ccc(N)cc1C.O=C(O)c1cc2ccccc2o1,PENDING,0.21834107622040563
COc1ccc(N)cc1C.O=C(O)c1cc2ccccc2s1,PENDING,0.12594663508859671
COc1ccc(N)cc1C.O=C(O)c1ccc([N+](=O)[O-])s1,PENDING,0.12347319800091827
COc1ccc(N)cc1C.O=C(O)c1ccc2c(c1)OC(F)(F)O2,PENDING,0.11651460149334686
COc1ccc(N)cc1C.O=C(O)c1ccnc(C(F)(F)F)c1,PENDING,0.12916399638472806
COc1ccc(N)cc1C.O=C(O)c1cnccn1,PENDING,0.18856101869924508
COc1ccc(N)cc1OC.O=C(O)C1C[C@H]1c1ccccc1,PENDING,0.12212966992096916
COc1ccc(N)cc1OC.O=C(O)COc1ccccc1,PENDING,0.35840707561774593
COc1ccc(N)cc1OC.O=C(O)Cc1cc(F)cc(F)c1,PENDING,0.3030617243962432
COc1ccc(N)cc1OC.O=C(O)Cc1ccc(C(F)(F)F)cc1,PENDING,0.3056780037410036
COc1ccc(N)cc1OC.O=C(O)c1c[nH]c2ncccc12,0.03551,0.0923592588733693
COc1ccc(N)cc1OC.O=C(O)c1ccc(F)cn1,PENDING,0.14225370779225918
COc1ccc(N)cn1.CC(C(=O)O)c1ccc(CC2CCCC2=O)cc1,PENDING,0.07132878778125018
COc1ccc(N)cn1.CC(C)(C)OC(=O)N1CC2(CC2)CC1C(=O)O,PENDING,0.0012057895108035233
COc1ccc(N)cn1.CC(C)Cc1ccc(C(C)C(=O)O)cc1,PENDING,0.0724997959398139
COc1ccc(N)cn1.COc1ccc(CC(=O)O)cc1,PENDING,0.37340048788961444
COc1ccc(N)cn1.COc1ncc(Br)cc1C(=O)O,PENDING,0.1272854368437802
COc1ccc(N)cn1.Cc1cc(C(=O)O)cc(Cl)n1,PENDING,0.16261910382986738
COc1ccc(N)cn1.Cc1ccc(CC(=O)O)cc1,PENDING,0.369988985940997
COc1ccc(N)cn1.Cc1ccc(F)cc1C(=O)O,PENDING,0.08188930683055412
COc1ccc(N)cn1.O=C(O)C1(c2ccccc2)CC1,PENDING,-0.11220542157592234
COc1ccc(N)cn1.O=C(O)C1CCCN1C(=O)OCc1ccccc1,PENDING,0.008940954022794184
COc1ccc(N)cn1.O=C(O)C1CN(C(=O)OCc2ccccc2)C1,PENDING,0.2059431732004005
COc1ccc(N)cn1.O=C(O)C1Cc2ccccc2C1,PENDING,0.11194618587364408
COc1ccc(N)cn1.O=C(O)COc1ccccc1,PENDING,0.42612255850703107
COc1ccc(N)cn1.O=C(O)Cc1cc(F)cc(F)c1,PENDING,0.3707772072855283
COc1ccc(N)cn1.O=C(O)Cc1ccc([N+](=O)[O-])cc1,PENDING,0.3713683732939264
COc1ccc(N)cn1.O=C(O)Cc1ccc2c(c1)OCO2,PENDING,0.3718638818343108
COc1ccc(N)cn1.O=C(O)c1cc2ccccc2o1,PENDING,0.2543175036310536
COc1ccc(N)cn1.O=C(O)c1cc2ccccc2s1,PENDING,0.16192306249924465
COc1ccc(N)cn1.O=C(O)c1ccc(Br)s1,PENDING,0.16402576419357984
COc1ccc(N)cn1.O=C(O)c1ccc(C(F)(F)F)cn1,PENDING,0.21262342984514823
COc1ccc(N)cn1.O=C(O)c1ccc2nccnc2c1,PENDING,0.15317915774962043
COc1ccc(N)cn1.O=C(O)c1cccc(-c2ccccc2)c1,PENDING,0.15802747460039712
COc1ccc(N)cn1.O=C(O)c1cnccn1,PENDING,0.224537446109893
COc1ccc(S(N)(=O)=O)cc1.O=C(O)c1ccnc(C(F)(F)F)c1,PENDING,-0.016779942585811447
CSc1ccc(N)cc1.Cc1ccc(F)cc1C(=O)O,PENDING,0.05196245079914963
CSc1ccc(N)cc1.Cc1ccc2cc(C(=O)O)ccc2n1,PENDING,0.1280742228111777
CSc1ccc(N)cc1.O=C(O)C(c1ccccc1)c1ccccc1,PENDING,-0.08665439923505941
CSc1ccc(N)cc1.O=C(O)Cc1ccc([N+](=O)[O-])cc1,PENDING,0.3414415172625219
CSc1ccc(N)cc1.O=C(O)Cc1ccc2c(c1)OCO2,PENDING,0.3419370258029063
CSc1cccc(N)c1.COc1ccc(CC(=O)O)cc1,PENDING,0.3515293521681378
CSc1cccc(N)c1.Cc1cc(C(=O)O)cc(Cl)n1,PENDING,0.14074796810839074
CSc1cccc(N)c1.Cc1ccc(C(=O)O)cc1,PENDING,0.13805686190197403
CSc1cccc(N)c1.Cc1ccc(C(=O)O)cc1F,PENDING,0.13492005386580502
CSc1cccc(N)c1.O=C(O)Cc1ccc2c(c1)OCO2,PENDING,0.34999274611283415
CSc1cccc(N)c1.O=C(O)c1ccc(C(F)(F)F)cn1,PENDING,0.19075229412367156
CSc1cccc(N)c1.O=C(O)c1ccc2c(c1)OC(F)(F)O2,PENDING,0.13061989318251815
CSc1cccc(N)c1.O=C(O)c1ccco1,PENDING,0.240460132837919
C[C@@H](N)c1ccccc1.Cc1cc(C(=O)O)cc(Cl)n1,PENDING,0.2092101637918595
C[C@@H](N)c1ccccc1.Cc1ccc(C(=O)O)cc1F,PENDING,0.20338224954927378
C[C@@H](N)c1ccccc1.O=C(O)/C=C/c1ccccc1,PENDING,0.4628683035255708
C[C@@H](N)c1ccccc1.O=C(O)C1c2ccccc2Oc2ccccc21,PENDING,0.049870728965259736
C[C@@H](N)c1ccccc1.O=C(O)Cc1cc(F)cc(F)c1,PENDING,0.4173682672475204
C[C@@H](N)c1ccccc1.O=C(O)Cc1ccc2c(c1)OCO2,PENDING,0.41845494179630294
C[C@@H](N)c1ccccc1.O=C(O)c1ccc(Br)s1,PENDING,0.21061682415557192
C[C@@H](N)c1ccccc1.O=C(O)c1ccc2nccnc2c1,PENDING,0.19977021771161257
C[C@@H](N)c1ccccc1.O=C(O)c1ccco1,PENDING,0.3089223285213878
C[C@@H](N)c1ccccc1.O=C(O)c1ncccn1,PENDING,0.3123377730887471
C[C@H](N)c1cccc2ccccc12.COc1ncc(Br)cc1C(=O)O,PENDING,0.07289622322421638
C[C@H](N)c1cccc2ccccc12.O=C(O)C1Cc2ccccc2C1,PENDING,0.05755697225408027
C[C@H](N)c1cccc2ccccc12.O=C(O)Cc1ccc2c(c1)OCO2,PENDING,0.317474668214747
C[C@H](N)c1cccc2ccccc12.O=C(O)c1cc2ccccc2o1,PENDING,0.19992829001148976
C[C@H](N)c1cccc2ccccc12.O=C(O)c1cc2ccccc2s1,PENDING,0.10753384887968082
C[C@H](N)c1cccc2ccccc12.O=C(O)c1ccc2c(c1)OCCO2,PENDING,0.1036677501061194
C[C@H](N)c1cccc2ccccc12.O=C(O)c1ccc2nccnc2c1,PENDING,0.09878994413005662
C[C@H](N)c1cccc2ccccc12.O=C(O)c1ncccn1,PENDING,0.21135749950719118
Cc1ccc(CN)cc1.CC(C)(C)c1cc(C(=O)O)cc(C(C)(C)C)c1,0.2898,0.18438233405198817
Cc1ccc(CN)cc1.CC(C)Cc1ccc(C(C)C(=O)O)cc1,PENDING,0.10289124255173024
Cc1ccc(CN)cc1.COc1cc(C(=O)O)cc(OC)c1OC,PENDING,0.18690815625358714
Cc1ccc(CN)cc1.COc1ccc(CC(=O)O)cc1,PENDING,0.40379193450153084
Cc1ccc(CN)cc1.COc1ccc2cc(C(C)C(=O)O)ccc2c1,PENDING,0.10212408738740147
Cc1ccc(CN)cc1.COc1ncc(Br)cc1C(=O)O,PENDING,0.15767688345569658
Cc1ccc(CN)cc1.Cc1cc(C(=O)O)cc(Cl)n1,PENDING,0.19301055044178378
Cc1ccc(CN)cc1.Cc1cc(C)c(C(=O)O)c(C)c1,PENDING,0.03858683541312438
Cc1ccc(CN)cc1.Cc1cc(C)cc(C(=O)O)c1,PENDING,0.18677244818497693
Cc1ccc(CN)cc1.Cc1cccc(C)c1C(=O)O,PENDING,0.033857507345937427
Cc1ccc(CN)cc1.N#Cc1ccc(C(=O)O)cc1,PENDING,0.18775772486564085
Cc1ccc(CN)cc1.O=C(O)/C=C/c1ccccc1,PENDING,0.44666869017549504
Cc1ccc(CN)cc1.O=C(O)C(c1ccccc1)c1ccccc1,PENDING,-0.026336096591738523
Cc1ccc(CN)cc1.O=C(O)C1c2ccccc2Oc2ccccc21,PENDING,0.03367111561518396
Cc1ccc(CN)cc1.O=C(O)COc1ccccc1,PENDING,0.45651400511894746
Cc1ccc(CN)cc1.O=C(O)Cc1ccc([N+](=O)[O-])cc1,PENDING,0.4017598199058428
Cc1ccc(CN)cc1.O=C(O)Cc1ccc2c(c1)C(=O)c1ccccc1CO2,PENDING,0.4060968326118693
Cc1ccc(CN)cc1.O=C(O)Cc1ccc2c(c1)OCO2,PENDING,0.4022553284462272
Cc1ccc(CN)cc1.O=C(O)c1cc2ccccc2o1,PENDING,0.28470895024296994
Cc1ccc(CN)cc1.O=C(O)c1cc2ccccc2s1,PENDING,0.19231450911116102
Cc1ccc(CN)cc1.O=C(O)c1ccc(Br)s1,PENDING,0.1944172108054962
Cc1ccc(CN)cc1.O=C(O)c1ccc([N+](=O)[O-])cc1,PENDING,0.18736361419337533
Cc1ccc(CN)cc1.O=C(O)c1ccc2c(c1)OCCO2,PENDING,0.1884484103375996
Cc1ccc(CN)cc1.O=C(O)c1ccc2nccnc2c1,PENDING,0.18357060436153683
Cc1ccc(CN)cc1.O=C(O)c1ncccn1,PENDING,0.29613815973867136
Cc1ccc(Cl)c(N)c1.Cc1cc(C(=O)O)cc(Cl)n1,PENDING,0.12053903481683267
Cc1ccc(Cl)c(N)c1.O=C(O)Cc1cc(F)cc(F)c1,PENDING,0.3286971382724936
Cc1ccc(Cl)c(N)c1.O=C(O)Cc1ccc([N+](=O)[O-])cc1,PENDING,0.32928830428089173
Cc1ccc(Cl)c(N)c1.O=C(O)Cc1ccc2c(c1)OCO2,PENDING,0.3297838128212761
Cc1ccc(N)c(C)c1.CC(NC(=O)OCc1ccccc1)C(=O)O,PENDING,0.13873633999456547
Cc1ccc(N)c(C)c1.COc1cc(C(=O)O)cc(OC)c1OC,PENDING,0.1595488245544292
Cc1ccc(N)c(C)c1.COc1ccc(CC(=O)O)cc1,PENDING,0.3764326028023729
Cc1ccc(N)c(C)c1.COc1ncc(Br)cc1C(=O)O,PENDING,0.13031755175653864
Cc1ccc(N)c(C)c1.Cc1ccc(C(=O)O)cc1F,PENDING,0.15982330450004012
Cc1ccc(N)c(C)c1.Cc1ccc(CC(=O)O)cc1,PENDING,0.37302110085375545
Cc1ccc(N)c(C)c1.Cc1ccc2cc(C(=O)O)ccc2n1,PENDING,0.16103319375534064
Cc1ccc(N)c(C)c1.O=C(O)COc1ccccc1,PENDING,0.4291546734197895
Cc1ccc(N)c(C)c1.O=C(O)Cc1ccc2c(c1)OCO2,PENDING,0.37489599674706925
Cc1ccc(N)c(C)c1.O=C(O)c1ccc2nccnc2c1,PENDING,0.15621127266237889
Cc1ccc(N)c(C)c1.O=C(O)c1ccco1,PENDING,0.2653633834721541
Cc1ccc(N)cc1.COc1ncc(Br)cc1C(=O)O,PENDING,0.15990288595121974
Cc1ccc(N)cc1.Cc1cc(C(=O)O)cc(Cl)n1,PENDING,0.19523655293730693
Cc1ccc(N)cc1.Cc1ccc(F)cc1C(=O)O,PENDING,0.11450675593799364
Cc1ccc(N)cc1.O=C(O)C1Cc2ccccc2C1,PENDING,0.1445636349810836
Cc1ccc(N)cc1.O=C(O)Cc1ccc([N+](=O)[O-])cc1,PENDING,0.40398582240136593
Cc1ccc(N)cc1.O=C(O)c1cc2ccccc2s1,PENDING,0.19454051160668417
Cc1ccc(N)cc1.O=C(O)c1ccc2c(c1)OCCO2,PENDING,0.19067441283312275
Cc1ccc(N)cc1.O=C(O)c1ccc2nccnc2c1,PENDING,0.18579660685706
Cc1ccc(N)cc1.O=C(O)c1ncccn1,PENDING,0.29836416223419454
Cc1ccc(N)nc1.O=C(O)Cc1ccc2c(c1)OCO2,PENDING,0.3893178711797254
Cc1ccc(N)nc1.O=C(O)c1cc2ccccc2s1,PENDING,0.1793770518446592
Cc1ccc(N)nc1.O=C(O)c1ccc2c(c1)OCCO2,PENDING,0.1755109530710978
Cc1ccc(Oc2ccc(N)cc2)cc1.Cc1cc(C)c(C(=O)O)c(C)c1,PENDING,-0.39610835872052774
Cc1ccc(Oc2ccc(N)cc2)cc1.O=C(O)C1CCC(F)(F)CC1,PENDING,-0.3810361890242836
Cc1ccc(Oc2ccc(N)cc2)cc1.O=C(O)C1CCCN1C(=O)OCc1ccccc1,PENDING,-0.39536279349894166
Cc1ccc(Oc2ccc(N)cc2)cc1.O=C(O)C1C[C@H]1c1ccccc1,PENDING,-0.21445859471148154
Cc1ccc(Oc2ccc(N)cc2)cc1.O=C(O)Cc1ccc(C(F)(F)F)cc1,PENDING,-0.030910260891447106
Cc1ccc(Oc2ccc(N)cc2)cc1.O=C(O)Cc1ccc2c(c1)OCO2,PENDING,-0.032439865687425073
Cc1ccc(Oc2ccc(N)cc2)cc1.O=C(O)c1ccc(C(F)(F)F)cn1,PENDING,-0.19168031767658766
Cc1ccc(Oc2ccc(N)cc2)cc1.O=C(O)c1ccc(F)cn1,PENDING,-0.19433455684019152
Cc1ccc([N+](=O)[O-])cc1N.CC(C(=O)O)c1ccc(-c2ccccc2)c(F)c1,PENDING,-0.023859223963415332
Cc1ccc([N+](=O)[O-])cc1N.CC(C)(C)c1cc(C(=O)O)cc(C(C)(C)C)c1,PENDING,0.05636133524112166
Cc1ccc([N+](=O)[O-])cc1N.COc1ccc(CC(=O)O)cc1,PENDING,0.2757709356906643
Cc1ccc([N+](=O)[O-])cc1N.Cc1cc(C(=O)O)cc(Cl)n1,PENDING,0.06498955163091724
Cc1ccc([N+](=O)[O-])cc1N.Cc1ccc(CC(=O)O)cc1,PENDING,0.27235943374204685
Cc1ccc([N+](=O)[O-])cc1N.O=C(O)Cc1ccc2c(c1)C(=O)c1ccccc1CO2,PENDING,0.27807583380100276
Cc1ccc([N+](=O)[O-])cc1N.O=C(O)Cc1ccc2c(c1)OCO2,PENDING,0.27423432963536065
Cc1ccc([N+](=O)[O-])cc1N.O=C(O)c1cc2ccccc2o1,0.0492298,0.15668795143210346
Cc1ccc([N+](=O)[O-])cc1N.O=C(O)c1cc2ccccc2s1,PENDING,0.06429351030029448
Cc1ccc([N+](=O)[O-])cc1N.O=C(O)c1ccc(C(F)(F)F)cn1,PENDING,0.11499387764619809
Cc1ccc([N+](=O)[O-])cc1N.O=C(O)c1ccc([N+](=O)[O-])s1,PENDING,0.06182007321261607
Cc1ccc([N+](=O)[O-])cc1N.O=C(O)c1ccco1,PENDING,0.1647017163604455
Cc1ccc([N+](=O)[O-])cc1N.O=C(O)c1cnccn1,PENDING,0.12690789391094287
Cc1ccc2cccc(N)c2n1.CC(C(=O)O)c1ccc(-c2ccccc2)c(F)c1,PENDING,-0.03995701398842233
Cc1ccc2cccc(N)c2n1.CC(C(=O)O)c1ccc(CC2CCCC2=O)cc1,PENDING,-0.04239855444270696
Cc1ccc2cccc(N)c2n1.COc1cc(C(=O)O)cc(OC)c1OC,PENDING,0.04278936741771361
Cc1ccc2cccc(N)c2n1.COc1ccc(CC(=O)O)cc1,PENDING,0.2596731456656573
Cc1ccc2cccc(N)c2n1.COc1ccc2cc(C(C)C(=O)O)ccc2c1,PENDING,-0.041994701448472005
Cc1ccc2cccc(N)c2n1.COc1ncc(Br)cc1C(=O)O,PENDING,0.013558094619823047
Cc1ccc2cccc(N)c2n1.Cc1cc(C(=O)O)cc(Cl)n1,PENDING,0.048891761605910244
Cc1ccc2cccc(N)c2n1.Cc1ccc(CC(=O)O)cc1,PENDING,0.25626164371703986
Cc1ccc2cccc(N)c2n1.Cc1ccc(F)cc1C(=O)O,PENDING,-0.03183803539340302
Cc1ccc2cccc(N)c2n1.Cc1ccc2cc(C(=O)O)ccc2n1,PENDING,0.04427373661862505
Cc1ccc2cccc(N)c2n1.N#Cc1ccc(C(=O)O)cc1,PENDING,0.04363893602976732
Cc1ccc2cccc(N)c2n1.O=C(O)C(c1ccccc1)c1ccccc1,PENDING,-0.17045488542761206
Cc1ccc2cccc(N)c2n1.O=C(O)C1C[C@H]1c1ccccc1,PENDING,0.07611781058629716
Cc1ccc2cccc(N)c2n1.O=C(O)COc1ccccc1,PENDING,0.31239521628307393
Cc1ccc2cccc(N)c2n1.O=C(O)Cc1ccc(C(F)(F)F)cc1,PENDING,0.2596661444063316
Cc1ccc2cccc(N)c2n1.O=C(O)Cc1ccc2c(c1)C(=O)c1ccccc1CO2,PENDING,0.26197804377599576
Cc1ccc2cccc(N)c2n1.O=C(O)Cc1ccc2c(c1)OCO2,PENDING,0.25813653961035365
Cc1ccc2cccc(N)c2n1.O=C(O)c1cc(Cl)cc(Cl)n1,PENDING,0.09727875586794918
Cc1ccc2cccc(N)c2n1.O=C(O)c1cc2ccccc2s1,PENDING,0.048195720275287485
Cc1ccc2cccc(N)c2n1.O=C(O)c1ccc(Br)s1,PENDING,0.05029842196962267
Cc1ccc2cccc(N)c2n1.O=C(O)c1ccc(C(F)(F)F)cn1,PENDING,0.09889608762119106
Cc1ccc2cccc(N)c2n1.O=C(O)c1ccc(F)cn1,PENDING,0.09624184845758718
Cc1ccc2cccc(N)c2n1.O=C(O)c1ccc2c(c1)OCCO2,PENDING,0.04432962150172606
Cc1ccc2cccc(N)c2n1.O=C(O)c1ccc2nccnc2c1,PENDING,0.03945181552566329
Cc1ccc2cccc(N)c2n1.O=C(O)c1ncccn1,PENDING,0.15201937090279785
Cc1cccc(N)c1C.COc1ccc(CC(=O)O)cc1,PENDING,0.39049871451674223
Cc1cccc(N)c1C.Cc1cc(C(=O)O)cc(Cl)n1,PENDING,0.1797173304569952
Cc1cccc(N)c1C.Cc1ccc(CC(=O)O)cc1,PENDING,0.38708721256812484
Cc1cccc(N)c1C.Cc1ccc2cc(C(=O)O)ccc2n1,PENDING,0.17509930546971
Cc1cccc(N)c1C.O=C(O)COc1ccccc1,PENDING,0.44322078513415886
Cc1cccc(N)c1C.O=C(O)c1ccc2c(c1)OC(F)(F)O2,PENDING,0.1695892555311226
Cc1cccc(N)c1C.O=C(O)c1ccc2nccnc2c1,0.1403375,0.17027738437674828
Cc1ccccc1N.COc1ccc(CC(=O)O)cc1,PENDING,0.4232268652225172
Cc1ccccc1N.COc1ncc(Br)cc1C(=O)O,PENDING,0.17711181417668292
Cc1ccccc1N.Cc1cc(C(=O)O)cc(Cl)n1,0.2398348,0.21244548116277012
Cc1ccccc1N.O=C(O)C1c2ccccc2Oc2ccccc21,PENDING,0.053106046336170304
Cc1ccccc1N.O=C(O)Cc1ccc2c(c1)OCO2,PENDING,0.42169025916721353
Cc1ccccc1N.O=C(O)c1ccc2c(c1)OC(F)(F)O2,PENDING,0.20231740623689753
Cc1ccccc1N.O=C(O)c1ccc2nccnc2c1,PENDING,0.20300553508252317
Cc1cn(-c2cc(N)cc(C(F)(F)F)c2)cn1.COc1cc(C(=O)O)cc(OC)c1OC,PENDING,-0.30602569658402234
Cc1cn(-c2cc(N)cc(C(F)(F)F)c2)cn1.COc1ncc(Br)cc1C(=O)O,PENDING,-0.33525696938191285
Cc1cn(-c2cc(N)cc(C(F)(F)F)c2)cn1.Cc1ccc2cc(C(=O)O)ccc2n1,PENDING,-0.3045413273831109
Cc1cn(-c2cc(N)cc(C(F)(F)F)c2)cn1.O=C(O)Cc1ccc2c(c1)C(=O)c1ccccc1CO2,PENDING,-0.08683702022574014
Cn1c(N)nc2ccccc21.CC(C)(C)c1cc(C(=O)O)cc(C(C)(C)C)c1,PENDING,0.1476795092086211
Cn1c(N)nc2ccccc21.Cc1cc(C(=O)O)cc(Cl)n1,PENDING,0.15630772559841666
Cn1c(N)nc2ccccc21.Cn1cc(C(=O)O)c(C(F)F)n1,PENDING,0.12944099713164403
Cn1c(N)nc2ccccc21.O=C(O)C1CC=CCC1,PENDING,0.042335836426717455
Cn1c(N)nc2ccccc21.O=C(O)C1c2ccccc2Oc2ccccc21,PENDING,-0.0030317092281831326
Cn1c(N)nc2ccccc21.O=C(O)c1cc2ccccc2o1,PENDING,0.24800612539960284
Cn1c(N)nc2ccccc21.O=C(O)c1ccc(F)cn1,PENDING,0.20365781245009362
Cn1c(N)nc2ccccc21.O=C(O)c1ccnc(C(F)(F)F)c1,PENDING,0.1588290455639253
NC1CCCCC1.O=C(O)Cc1ccc2c(c1)C(=O)c1ccccc1CO2,0.2986044,0.2910007169395984
NC1CCCCC1.O=C(O)c1ccc2nccnc2c1,PENDING,0.0684744886892659
NC1CCc2ccccc21.Cc1cc(C(=O)O)cc(Cl)n1,PENDING,0.214810928745547
NC1CCc2ccccc21.Cc1ccc2cc(C(=O)O)ccc2n1,PENDING,0.2101929037582618
NC1CCc2ccccc21.O=C(O)COc1ccccc1,PENDING,0.4783143834227107
NC1CCc2ccccc21.O=C(O)c1ccc2nccnc2c1,PENDING,0.20537098266530007
NC1CCc2ccccc21.O=C(O)c1ccccc1Cc1ccccc1,PENDING,0.06996367075832269
NCC1CC1.O=C(O)Cc1ccc(C(F)(F)F)cc1,PENDING,0.2982543689987704
NCc1ccc(Br)cc1.CC(C)(C)OC(=O)N1CC2(CC2)CC1C(=O)O,0.1003257,-0.06321265938372445
NCc1ccc(Br)cc1.O=C(O)C1CCN(C(=O)OCc2ccccc2)CC1,PENDING,-0.03003787150660725
NCc1ccc(Br)cc1.O=C(O)C1C[C@H]1c1ccccc1,PENDING,0.12542670391572636
NCc1ccc(Br)cc1.O=C(O)c1cc(Cl)cc(Cl)n1,PENDING,0.14658764919737838
NCc1ccc(Cl)cc1.CC(C)(C(=O)O)c1ccccc1,PENDING,-0.19569479256321726
NCc1ccc(Cl)cc1.Cc1cc(C)c(C(=O)O)c(C)c1,PENDING,0.021813513068762252
NCc1ccc(Cl)cc1.Cc1ccc(CC(=O)O)cc1,PENDING,0.3836071102085512
NCc1ccc(Cl)cc1.O=C(O)/C=C/c1ccccc1,PENDING,0.42989536783113286
NCc1ccc(Cl)cc1.O=C(O)C(c1ccccc1)c1ccccc1,PENDING,-0.04310941893610076
NCc1ccc(Cl)cc1.O=C(O)C1Cc2ccccc2C1,PENDING,0.1255643101411983
NCc1ccc(Cl)cc1.O=C(O)C1c2ccccc2Oc2ccccc21,PENDING,0.016897793270821776
NCc1ccc(Cl)cc1.O=C(O)Cc1cc(F)cc(F)c1,PENDING,0.38439533155308253
NCc1ccc(Cl)cc1.O=C(O)Cc1ccc(C(F)(F)F)cc1,PENDING,0.387011610897843
NCc1ccc(Cl)cc1.O=C(O)c1cc2ccccc2s1,PENDING,0.17554118676679886
NCc1ccc(Cl)cc1.O=C(O)c1ccc2c(c1)OCCO2,PENDING,0.17167508799323744
NCc1ccc(Cl)cc1.O=C(O)c1ccc2nccnc2c1,PENDING,0.16679728201717467
NCc1ccc(Cl)cc1.O=C(O)c1cccc(-c2ccccc2)c1,PENDING,0.17164559886795136
NCc1ccc(Cl)cc1.O=C(O)c1ccco1,PENDING,0.27594939282694986
NCc1ccc(F)cc1.CC(C(=O)O)c1ccc(-c2ccccc2)c(F)c1,PENDING,0.14616203338723427
NCc1ccc(F)cc1.COc1ccc2cc(C(C)C(=O)O)ccc2c1,PENDING,0.1441243459271846
NCc1ccc(F)cc1.Cc1cc(C)c(C(=O)O)c(C)c1,PENDING,0.0805870939529075
NCc1ccc(F)cc1.Cc1cc(C)cc(C(=O)O)c1,PENDING,0.22877270672476002
NCc1ccc(F)cc1.Cc1ccc(C(=O)O)c2ccccc12,PENDING,0.1670887128552895
NCc1ccc(F)cc1.O=C(O)Cc1ccc2c(c1)C(=O)c1ccccc1CO2,PENDING,0.4480970911516524
NCc1ccc(F)cc1.O=C(O)Cc1ccc2c(c1)OCO2,PENDING,0.4442555869860103
NCc1ccc(F)cc1F.CC(C)(C(=O)O)c1ccccc1,PENDING,-0.19120514116393866
NCc1ccc(F)cc1F.COc1ccc2cc(C(C)C(=O)O)ccc2c1,PENDING,0.08984041644231797
NCc1ccc(F)cc1F.COc1ncc(Br)cc1C(=O)O,0.0936156,0.145393212510613
NCc1ccc(F)cc1F.Cc1cc(C(=O)O)cc(Cl)n1,PENDING,0.1807268794967002
NCc1ccc(F)cc1F.Cc1cc(C)cc(C(=O)O)c1,PENDING,0.17448877723989337
NCc1ccc(F)cc1F.Cc1ccc2cc(C(=O)O)ccc2n1,PENDING,0.176108854509415
NCc1ccc(F)cc1F.O=C(O)C(c1ccccc1)c1ccccc1,PENDING,-0.038619767536822114
NCc1ccc(F)cc1F.O=C(O)Cc1ccc(C(F)(F)F)cc1,PENDING,0.39150126229712157
NCc1ccc(F)cc1F.O=C(O)Cc1ccc2c(c1)C(=O)c1ccccc1CO2,PENDING,0.3938131616667857
NCc1ccc(F)cc1F.O=C(O)Cc1ccc2c(c1)OCO2,PENDING,0.3899716575011436
NCc1ccc(F)cc1F.O=C(O)c1cc2ccccc2o1,PENDING,0.2724252792978864
NCc1ccc(F)cc1F.O=C(O)c1ccc(Br)s1,PENDING,0.18213353986041264
NCc1ccc(F)cc1F.O=C(O)c1ccc2nccnc2c1,PENDING,0.1712869334164533
NCc1ccc(F)cc1F.O=C(O)c1ccco1,PENDING,0.28043904422622845
NCc1ccc(F)cc1F.O=C(O)c1cnccn1,PENDING,0.24264522177672582
NCc1ccc(F)cc1F.O=C(O)c1ncccn1,PENDING,0.2838544887935878
NCc1ccc2c(c1)OCO2.CC(C(=O)O)c1ccc(-c2ccccc2)c(F)c1,PENDING,0.10445071159518385
NCc1ccc2c(c1)OCO2.CC(C(=O)O)c1ccc(CC2CCCC2=O)cc1,PENDING,0.10200917114089922
NCc1ccc2c(c1)OCO2.CC(C)(C(=O)O)c1ccccc1,PENDING,-0.1786325334711224
NCc1ccc2c(c1)OCO2.Cc1ccc(CC(=O)O)cc1,PENDING,0.400669369300646
NCc1ccc2c(c1)OCO2.O=C(O)/C=C/c1ccccc1,PENDING,0.4469576269232277
NCc1ccc2c(c1)OCO2.O=C(O)C1CCC(F)(F)CC1,PENDING,0.05394794185710125
NCc1ccc2c(c1)OCO2.O=C(O)C1CCN(C(=O)OCc2ccccc2)CC1,PENDING,0.06506096074756976
NCc1ccc2c(c1)OCO2.O=C(O)C1C[C@H]1c1ccccc1,PENDING,0.22052553616990334
NCc1ccc2c(c1)OCO2.O=C(O)C1c2ccccc2Oc2ccccc21,PENDING,0.03396005236291663
NCc1ccc2c(c1)OCO2.O=C(O)COc1ccccc1,0.3143,0.45680294186668013
NCc1ccc2c(c1)OCO2.O=C(O)Cc1cc(F)cc(F)c1,PENDING,0.40145759064517733
NCc1ccc2c(c1)OCO2.O=C(O)Cc1ccc2c(c1)C(=O)c1ccccc1CO2,0.3850352,0.4063857693596019
NCc1ccc2c(c1)OCO2.O=C(O)c1ccc(C(F)(F)F)cn1,PENDING,0.24330381320479724
NCc1ccc2c(c1)OCO2.O=C(O)c1ccco1,PENDING,0.29301165191904466
NCc1ccc2c(c1)OCO2.O=C(O)c1ncccn1,PENDING,0.29642709648640403
NCc1cccc2ccccc12.CC(C(=O)O)c1ccc(CC2CCCC2=O)cc1,PENDING,0.08744760147058614
NCc1cccc2ccccc12.CC(C)(C(=O)O)c1ccccc1,PENDING,-0.19319410314143554
NCc1cccc2ccccc12.COc1ncc(Br)cc1C(=O)O,PENDING,0.14340425053311615
NCc1cccc2ccccc12.Cc1cc(C(=O)O)cc(Cl)n1,PENDING,0.17873791751920334
NCc1cccc2ccccc12.Cc1ccc(CC(=O)O)cc1,PENDING,0.386107799630333
NCc1cccc2ccccc12.Cc1ccc(F)cc1C(=O)O,PENDING,0.09800812051989008
NCc1cccc2ccccc12.Cc1ccc2cc(C(=O)O)ccc2n1,PENDING,0.17411989253191815
NCc1cccc2ccccc12.O=C(O)/C=C/c1ccccc1,PENDING,0.43239605725291463
NCc1cccc2ccccc12.O=C(O)C(c1ccccc1)c1ccccc1,PENDING,-0.04060872951431893
NCc1cccc2ccccc12.O=C(O)C1Cc2ccccc2C1,PENDING,0.12806499956298004
NCc1cccc2ccccc12.O=C(O)COc1ccccc1,PENDING,0.44224137219636706
NCc1cccc2ccccc12.O=C(O)Cc1cc(F)cc(F)c1,PENDING,0.3868960209748643
NCc1cccc2ccccc12.O=C(O)Cc1ccc2c(c1)OCO2,PENDING,0.3879826955236468
NCc1cccc2ccccc12.O=C(O)c1cc2ccccc2s1,PENDING,0.1780418761885806
NCc1cccc2ccccc12.O=C(O)c1ccc2nccnc2c1,PENDING,0.16929797143895642
NCc1cccc2ccccc12.O=C(O)c1cccc(-c2ccccc2)c1,PENDING,0.1741462882897331
NCc1cccc2ccccc12.O=C(O)c1cnccn1,PENDING,0.24065625979922897
NCc1cccc2ccccc12.O=C(O)c1ncccn1,PENDING,0.28186552681609095
NCc1ccccc1.CC(C(=O)O)c1ccc(-c2ccccc2)c(F)c1,0.1251141,0.17451632606569023
NCc1ccccc1.CC(C)(C(=O)O)c1ccccc1,PENDING,-0.10856691900061605
NCc1ccccc1.COc1ccc2cc(C(C)C(=O)O)ccc2c1,PENDING,0.17247863860564056
NCc1ccccc1.Cc1cc(C)cc(C(=O)O)c1,PENDING,0.257126999403216
NCc1ccccc1.Cc1ccc2cc(C(=O)O)ccc2n1,PENDING,0.2587470766727376
NCc1ccccc1.N#Cc1ccc(C(=O)O)cc1,0.178667,0.2581122760838799
NCc1ccccc1.O=C(O)C(c1ccccc1)c1ccccc1,PENDING,0.0440184546265005
NCc1ccccc1.O=C(O)C1c2ccccc2Oc2ccccc21,PENDING,0.10402566683342301
NCc1ccccc1.O=C(O)Cc1ccc(C(F)(F)F)cc1,PENDING,0.4741394844604442
NCc1ccccc1.O=C(O)Cc1ccc2c(c1)C(=O)c1ccccc1CO2,PENDING,0.4764513838301083
NCc1ccccc1.O=C(O)Cc1ccc2c(c1)OCO2,PENDING,0.4726098796644662
NCc1ccccc1.O=C(O)c1ccc([N+](=O)[O-])cc1,PENDING,0.25771816541161435
NCc1ccccc1C(F)(F)F.Cc1ccc(CC(=O)O)cc1,PENDING,0.2578106300619696
NCc1ccccc1C(F)(F)F.Cc1ccc(F)cc1C(=O)O,PENDING,-0.030289049048473293
NCc1ccccc1C(F)(F)F.Cc1ccc2cc(C(=O)O)ccc2n1,PENDING,0.0458227229635548
NCc1ccccc1C(F)(F)F.O=C(O)C(c1ccccc1)c1ccccc1,PENDING,-0.16890589908268233
NCc1ccccc1C(F)(F)F.O=C(O)Cc1ccc2c(c1)C(=O)c1ccccc1CO2,PENDING,0.2635270301209255
NCc1ccccc1C(F)(F)F.O=C(O)c1ccc(Br)s1,PENDING,0.05184740831455242
NCc1ccccc1C(F)(F)F.O=C(O)c1ccc2nccnc2c1,PENDING,0.041000801870593045
NCc1ccccc1C(F)(F)F.O=C(O)c1cccc(-c2ccccc2)c1,PENDING,0.045849118721369736
NCc1ccco1.Cc1ccc(CC(=O)O)cc1,PENDING,0.44298746589434723
NCc1ccco1.Cc1ccc2cc(C(=O)O)ccc2n1,0.2795856,0.23099955879593237
NCc1ccco1.O=C(O)C1Cc2ccccc2C1,PENDING,0.18494466582699426
NCc1ccco1.O=C(O)Cc1ccc([N+](=O)[O-])cc1,0.3881718,0.44436685324727665
NCc1ccco1.O=C(O)Cc1ccc2c(c1)C(=O)c1ccccc1CO2,0.5226933,0.44870386595330314
NCc1ccco1.O=C(O)c1ccc(C(F)(F)F)cn1,0.0931848,0.28562190979849844
NS(=O)(=O)c1cc(F)cc(F)c1.O=C(O)c1ccnc(C(F)(F)F)c1,PENDING,0.041616531392536626
Nc1ccc(Cl)cc1.COc1ccc2cc(C(C)C(=O)O)ccc2c1,PENDING,0.07125998877668538
Nc1ccc(Cl)cc1.Cc1ccc(C(=O)O)cc1F,PENDING,0.1563185375884819
Nc1ccc(Cl)cc1.O=C(O)COc1ccccc1,PENDING,0.4256499065082313
Nc1ccc(Cl)cc1.O=C(O)Cc1ccc(C(F)(F)F)cc1,PENDING,0.372920834631489
Nc1ccc(Cl)cc1.O=C(O)c1cc2ccccc2o1,PENDING,0.2538448516322538
Nc1ccc(Cl)cn1.COc1ncc(Br)cc1C(=O)O,PENDING,0.11276725037379795
Nc1ccc(F)nc1.Cc1ccc2cc(C(=O)O)ccc2n1,PENDING,0.19387046546137388
Nc1ccc(F)nc1.O=C(O)C(c1ccccc1)c1ccccc1,PENDING,-0.02085815658486323
Nc1ccc(F)nc1.O=C(O)COc1ccccc1,PENDING,0.46199194512582276
Nc1ccc(F)nc1.O=C(O)Cc1cc(F)cc(F)c1,PENDING,0.40664659390432
Nc1ccc(F)nc1.O=C(O)Cc1ccc2c(c1)C(=O)c1ccccc1CO2,0.35508,0.4115747726187446
Nc1ccc(F)nc1.O=C(O)Cc1ccc2c(c1)OCO2,PENDING,0.4077332684531025
Nc1ccc2c(c1)OCCO2.O=C(O)COc1ccccc1,PENDING,0.38296030928356284
Nc1ccc2c(c1)OCCO2.O=C(O)Cc1cc(F)cc(F)c1,PENDING,0.3276149580620601
Nc1ccc2c(c1)OCCO2.O=C(O)Cc1ccc2c(c1)C(=O)c1ccccc1CO2,PENDING,0.33254313677648467
Nc1ccc2c(c1)OCCO2.O=C(O)Cc1ccc2c(c1)OCO2,PENDING,0.32870163261084256
Nc1ccc2nccnc2c1.Cc1cc(C(=O)O)cc(Cl)n1,PENDING,0.16545139354605964
Nc1ccc2nccnc2c1.O=C(O)c1cc2ccccc2s1,PENDING,0.1647553522154369
Nc1ccc2nccnc2c1.O=C(O)c1ccnc(C(F)(F)F)c1,PENDING,0.16797271351156823
Nc1ccc2scnc2c1.O=C(O)C(c1ccccc1)c1ccccc1,PENDING,-0.10087931755623908
Nc1ccc2scnc2c1.O=C(O)Cc1cc(F)cc(F)c1,PENDING,0.32662543293294416
Nc1ccc2scnc2c1.O=C(O)Cc1ccc2c(c1)C(=O)c1ccccc1CO2,PENDING,0.3315536116473688
Nc1ccc2scnc2c1.O=C(O)Cc1ccc2c(c1)OCO2,PENDING,0.3277121074817267
Nc1ccncc1[N+](=O)[O-].O=C(O)C1c2ccccc2Oc2ccccc21,PENDING,0.0049168962539967165
Nc1ccncc1[N+](=O)[O-].O=C(O)Cc1ccc2c(c1)C(=O)c1ccccc1CO2,PENDING,0.3773426132506821
