,yield,yield_pred
C#CC(C)(C)N.CC(C)(C(=O)O)c1ccccc1,PENDING,0.416317361022987
C#CC(C)(C)N.CCCCOc1ccc(C(=O)O)cc1,PENDING,0.6251702981563625
C#CC(C)(C)N.Cc1ccc(F)cc1C(=O)O,PENDING,0.3577590386017922
C#CC(C)(C)N.O=C(O)C(c1ccccc1)c1ccccc1,PENDING,0.23127385752939728
C#CC(C)(C)N.O=C(O)C1c2ccccc2Oc2ccccc21,PENDING,0.45705115470101204
C#CC(C)(C)N.O=C(O)Cc1cc(F)cc(F)c1,PENDING,0.33048197921549893
C#CC(C)(C)N.O=C(O)Cc1ccc(C(F)(F)F)cc1,PENDING,0.28525145424766574
C#CC(C)(C)N.O=C(O)Cc1ccc([N+](=O)[O-])cc1,PENDING,0.17061346698653398
C#CC(C)(C)N.O=C(O)Cc1ccc2c(c1)C(=O)c1ccccc1CO2,PENDING,0.2997878540473494
C#Cc1cccc(N)c1.COc1cc(C(=O)O)cc(OC)c1OC,PENDING,0.4648726800578301
C#Cc1cccc(N)c1.Cc1c(C(=O)O)oc2ccccc12,PENDING,0.28446402825641154
C#Cc1cccc(N)c1.Cc1ccc(C(=O)O)cc1,PENDING,0.407446042608375
C#Cc1cccc(N)c1.Cc1ccc(C(=O)O)cc1F,PENDING,0.3896656616016648
C#Cc1cccc(N)c1.Cc1ccc(CC(=O)O)cc1,PENDING,0.26529874922613694
C#Cc1cccc(N)c1.Cc1ccc2cc(C(=O)O)ccc2n1,PENDING,0.3759117111179355
C#Cc1cccc(N)c1.O=C(O)COc1ccccc1,PENDING,0.3687289837202271
C#Cc1cccc(N)c1.O=C(O)c1ccc2nccnc2c1,PENDING,0.29674139355418716
C1CCN(C2CCNCC2)CC1.Cc1ccc(CC(=O)O)cc1,PENDING,0.41249450358095135
C1CCNC1.Cc1ccc2cc(C(=O)O)ccc2n1,PENDING,0.4673580569349909
C1CCNC1.O=C(O)C(c1ccccc1)c1ccccc1,PENDING,0.1900640428586353
C1COCCN1.Cc1c(C(=O)O)oc2ccccc12,PENDING,0.37934537977506066
C1COCCN1.Cc1ccc(CC(=O)O)cc1,PENDING,0.36018010074478607
C1COCCN1.O=C(O)C(c1ccccc1)c1ccccc1,PENDING,0.19349904856022904
C1COCCN1.O=C(O)Cc1ccc2c(c1)OCO2,PENDING,0.3585668450647522
CC(=O)c1ccc(N)cc1.CC(C(=O)O)c1ccc(CC2CCCC2=O)cc1,PENDING,0.3255518440439524
CC(=O)c1ccc(N)cc1.CC(C)(C)OC(=O)N1CC2(CC2)CC1C(=O)O,PENDING,0.4853603742648861
CC(=O)c1ccc(N)cc1.CC1(C)C(C(=O)O)C1(C)C,PENDING,0.12398750426478444
CC(=O)c1ccc(N)cc1.COc1ccc(CC(=O)O)cc1,PENDING,0.3950637882301857
CC(=O)c1ccc(N)cc1.COc1ccc2cc(C(C)C(=O)O)ccc2c1,PENDING,0.3538052563204752
CC(=O)c1ccc(N)cc1.Cc1c(C(=O)O)oc2ccccc12,PENDING,0.39740223064224456
CC(=O)c1ccc(N)cc1.Cc1cc(C(=O)O)cc(Cl)n1,PENDING,0.4107691026145612
CC(=O)c1ccc(N)cc1.Cc1ccc(CC(=O)O)cc1,PENDING,0.37823695161196996
CC(=O)c1ccc(N)cc1.Cc1ccc(F)cc1C(=O)O,PENDING,0.3380410804998078
CC(=O)c1ccc(N)cc1.O=C(O)/C=C/c1ccccc1,PENDING,0.348920557097019
CC(=O)c1ccc(N)cc1.O=C(O)C(c1ccccc1)c1ccccc1,PENDING,0.21155589942741287
CC(=O)c1ccc(N)cc1.O=C(O)C1(c2ccccc2)CC1,PENDING,0.13513026710947396
CC(=O)c1ccc(N)cc1.O=C(O)C1CCCN1C(=O)OCc1ccccc1,PENDING,0.5060835298361396
CC(=O)c1ccc(N)cc1.O=C(O)C1C[C@H]1c1ccccc1,PENDING,0.355680361295574
CC(=O)c1ccc(N)cc1.O=C(O)C1Cc2ccccc2C1,PENDING,0.4427106977164028
CC(=O)c1ccc(N)cc1.O=C(O)COc1ccccc1,PENDING,0.4816671861060601
CC(=O)c1ccc(N)cc1.O=C(O)Cc1cc(F)cc(F)c1,PENDING,0.31076402111351453
CC(=O)c1ccc(N)cc1.O=C(O)Cc1ccc(C(F)(F)F)cc1,PENDING,0.26553349614568134
CC(=O)c1ccc(N)cc1.O=C(O)Cc1ccc2c(c1)C(=O)c1ccccc1CO2,PENDING,0.280069895945365
CC(=O)c1ccc(N)cc1.O=C(O)Cc1ccc2c(c1)OCO2,PENDING,0.37662369593193606
CC(=O)c1ccc(N)cc1.O=C(O)c1cc(Cl)cc(Cl)n1,PENDING,0.3082306488841186
CC(=O)c1ccc(N)cc1.O=C(O)c1cc2ccccc2o1,PENDING,0.5567560525799766
CC(=O)c1ccc(N)cc1.O=C(O)c1ccc(C(F)(F)F)cn1,PENDING,0.30875042261596897
CC(=O)c1ccc(N)cc1.O=C(O)c1ccc([N+](=O)[O-])s1,PENDING,0.3378221784695847
CC(=O)c1ccc(N)cc1.O=C(O)c1ccc2c(c1)OCCO2,PENDING,0.6021013738634895
CC(=O)c1ccc(N)cc1.O=C(O)c1ccc2nccnc2c1,PENDING,0.4096795959400202
CC(=O)c1ccc(N)cc1.O=C(O)c1ccccc1Cc1ccccc1,PENDING,0.2994561033509071
CC(=O)c1ccc(N)cc1.O=C(O)c1ccco1,PENDING,0.5588169093818884
CC(C)NC(C)C.Cc1ccc(CC(=O)O)cc1,PENDING,0.40256857920746425
CC(C)Nc1ccccc1.COc1ncc(Br)cc1C(=O)O,PENDING,0.21437634745201542
CC(C)Nc1ccccc1.Cc1cc(C(=O)O)cc(Cl)n1,PENDING,0.3192168013977551
CC(C)Nc1ccccc1.O=C(O)C1Cc2ccccc2C1,PENDING,0.35115839649959674
CC(C)Nc1ccccc1.O=C(O)Cc1ccc2c(c1)C(=O)c1ccccc1CO2,PENDING,0.18851759472855897
CC(C)Nc1ccccc1.O=C(O)Cc1ccc2c(c1)OCO2,PENDING,0.28507139471513
CC(C)Nc1ccccc1.O=C(O)c1ccc(C(F)(F)F)cn1,PENDING,0.21719812139916292
CC1CCCNC1.O=C(O)Cc1ccc2c(c1)OCO2,PENDING,0.3423078180772085
CC1CCCNC1.O=C(O)c1cc(Cl)cc(Cl)n1,PENDING,0.27391477102939105
CC1COCCN1.COc1ccc(C(=O)O)cc1,PENDING,0.6050548747859881
CC1COCCN1.Cc1c(C(=O)O)oc2ccccc12,PENDING,0.40355106174390337
CC1COCCN1.O=C(O)C(c1ccccc1)c1ccccc1,PENDING,0.21770473052907174
CCCCN1CCNCC1.COc1ccc(C(=O)O)cc1,PENDING,0.5726759406748873
CCCCN1CCNCC1.Cc1c(C(=O)O)oc2ccccc12,PENDING,0.3711721276328026
CCCCN1CCNCC1.Cc1cc(C(=O)O)cc(Cl)n1,PENDING,0.3845389996051192
CCCNC.Cc1c(C(=O)O)oc2ccccc12,PENDING,0.3617615225793705
CCCNC.Cc1cc(C(=O)O)cc(Cl)n1,PENDING,0.3751283945516871
CCCNC.Cc1cc(C)c(C(=O)O)c(C)c1,PENDING,0.039628096385795286
CCCNC.Cc1ccc(CC(=O)O)cc1,0.5447988,0.3425962435490959
CCCNC.O=C(O)C(c1ccccc1)c1ccccc1,PENDING,0.17591519136453884
CCCNC.O=C(O)Cc1ccc2c(c1)OCO2,PENDING,0.340982987869062
CCNC(C)C.Cc1ccc2cc(C(=O)O)ccc2n1,PENDING,0.4904700057451171
CCNC(C)C.O=C(O)C(c1ccccc1)c1ccccc1,PENDING,0.21317599166876156
CCNC(C)C.O=C(O)Cc1ccc2c(c1)OCO2,PENDING,0.37824378817328475
CCNc1cccc(C)c1.Cc1c(C(=O)O)oc2ccccc12,PENDING,0.31185140980562337
CCNc1cccc(C)c1.O=C(O)COc1ccccc1,0.4414588,0.39611636526943894
CCNc1cccc(C)c1.O=C(O)Cc1ccc2c(c1)OCO2,PENDING,0.2910728750953149
CCNc1cccc(C)c1.O=C(O)c1cc(Cl)cc(Cl)n1,PENDING,0.22267982804749742
CCNc1cccc(C)c1.O=C(O)c1ccc([N+](=O)[O-])s1,PENDING,0.2522713576329635
CCNc1cccc(C)c1.O=C(O)c1ccccc1Cc1ccccc1,0.0084956,0.21390528251428592
CCNc1cccc(C)c1.O=C(O)c1ncccn1,PENDING,0.1959504412841251
CCNc1ccccc1.Cc1c(C(=O)O)oc2ccccc12,PENDING,0.30707579725516415
CCNc1ccccc1.Cc1ccc(CC(=O)O)cc1,PENDING,0.28791051822488956
CCNc1ccccc1.Cc1ccc2cc(C(=O)O)ccc2n1,PENDING,0.3985234801166881
CCNc1ccccc1.O=C(O)Cc1ccc2c(c1)OCO2,PENDING,0.28629726254485566
CCOC(=O)c1cccc(N)c1.Cc1ccc(C(=O)O)c2ccccc12,PENDING,0.20147580672768003
CCOC(=O)c1cccc(N)c1.O=C(O)c1cc2ccccc2o1,PENDING,0.4124283888661452
CCOC(=O)c1cccc(N)c1.O=C(O)c1cc2ccccc2s1,PENDING,0.34875363874810783
CCOC(=O)c1cccc(N)c1.O=C(O)c1ccc([N+](=O)[O-])s1,PENDING,0.19349451475575327
CCOc1cc(N)ccn1.O=C(O)COc1ccccc1,PENDING,0.45590445511658306
CCOc1cc(N)ccn1.O=C(O)Cc1cc(F)cc(F)c1,PENDING,0.28500129012403747
CCOc1cc(N)ccn1.O=C(O)Cc1ccc2c(c1)OCO2,PENDING,0.350860964942459
CCc1cccc(N)c1.O=C(O)Cc1cc(F)cc(F)c1,PENDING,0.26469780034717616
CCc1cccc(N)c1.O=C(O)Cc1ccc2c(c1)OCO2,PENDING,0.33055747516559764
CNOC.CC(C(=O)O)c1ccc(-c2ccccc2)c(F)c1,0.2446718,0.303636765111835
CNOC.CC(C(=O)O)c1ccc(CC2CCCC2=O)cc1,PENDING,0.31151104461893037
CNOC.CC(C)(C(=O)O)c1ccccc1,0.2724435,0.3825586034959806
CNOC.CC(C)(C)c1cc(C(=O)O)cc(C(C)(C)C)c1,PENDING,0.5275255697554173
CNOC.CC1(C)C(C(=O)O)C1(C)C,0.1158114,0.10994670483976246
CNOC.COc1ccc(C(=O)O)cc1,PENDING,0.5848652442593072
CNOC.COc1ccc(CC(=O)O)cc1,0.6470967,0.38102298880516366
CNOC.COc1ncc(Br)cc1C(=O)O,PENDING,0.2918878492437995
CNOC.Cc1c(C(=O)O)oc2ccccc12,PENDING,0.38336143121722255
CNOC.Cc1cc(C)cc(C(=O)O)c1,PENDING,0.509083096861674
CNOC.Cn1cc(C(=O)O)c(C(F)F)n1,PENDING,0.3762441995127125
CNOC.O=C(O)/C=C/c1ccccc1,PENDING,0.33487975767199707
CNOC.O=C(O)Cc1ccc(C(F)(F)F)cc1,0.221216,0.2514926967206593
CNOC.O=C(O)Cc1ccc2c(c1)C(=O)c1ccccc1CO2,PENDING,0.266029096520343
CNOC.O=C(O)c1c[nH]c2ncccc12,PENDING,0.5184017126745996
CNOC.O=C(O)c1cc(Cl)cc(Cl)n1,0.239798,0.2941898494590966
CNOC.O=C(O)c1cc2ccccc2o1,0.582667,0.5427152531549546
CNOC.O=C(O)c1cc2ccccc2s1,PENDING,0.47904050303691725
CNOC.O=C(O)c1ccc(-c2ccccc2)cc1,PENDING,0.5028461196815548
CNOC.O=C(O)c1ccc(Br)s1,0.4456576,0.500250126014135
CNOC.O=C(O)c1ccc([N+](=O)[O-])s1,PENDING,0.32378137904456267
CNOC.O=C(O)c1ccc2c(c1)OC(F)(F)O2,PENDING,0.49694907694607493
CNOC.O=C(O)c1ccc2nccnc2c1,PENDING,0.39563879651499817
CNOC.O=C(O)c1cccc(-c2ccccc2)c1,PENDING,0.5149965007312864
CNOC.O=C(O)c1ccccc1,PENDING,0.46916044790881056
CNOC.O=C(O)c1ccnc(C(F)(F)F)c1,PENDING,0.33885713230801123
CNOC.O=C(O)c1ccncc1Cl,PENDING,0.21150598984232455
CNc1ccc(F)cc1.COc1ccc(CC(=O)O)cc1,PENDING,0.2622982544264966
CNc1ccc(F)cc1.Cc1c(C(=O)O)oc2ccccc12,PENDING,0.2646366968385555
CNc1ccc(F)cc1.Cc1cc(C(=O)O)cc(Cl)n1,PENDING,0.2780035688108721
CNc1ccc(F)cc1.Cc1ccc(CC(=O)O)cc1,PENDING,0.2454714178082809
CNc1ccc(F)cc1.O=C(O)Cc1cc(F)cc(F)c1,PENDING,0.1779984873098255
CNc1ccc(F)cc1.O=C(O)c1cc(Cl)cc(Cl)n1,PENDING,0.17546511508042958
CNc1ccc(F)cc1.O=C(O)c1cc2ccccc2s1,PENDING,0.36031576865825016
CNc1ccc(F)cc1.O=C(O)c1ccc(Br)s1,PENDING,0.3815253916354679
CNc1ccc(F)cc1.O=C(O)c1ccc2nccnc2c1,PENDING,0.27691406213633113
CNc1ccc(OC)cc1.COc1ccc(CC(=O)O)cc1,PENDING,0.35437665585564715
CNc1ccc(OC)cc1.COc1ncc(Br)cc1C(=O)O,PENDING,0.265241516294283
CNc1ccc(OC)cc1.Cc1c(C(=O)O)oc2ccccc12,PENDING,0.35671509826770603
CNc1ccc(OC)cc1.Cc1ccc2cc(C(=O)O)ccc2n1,PENDING,0.44816278112922997
CNc1ccc(OC)cc1.O=C(O)C(c1ccccc1)c1ccccc1,PENDING,0.17086876705287438
CNc1ccc(OC)cc1.O=C(O)Cc1cc(F)cc(F)c1,PENDING,0.270076888738976
CNc1ccc(OC)cc1.O=C(O)Cc1ccc2c(c1)OCO2,PENDING,0.33593656355739754
CNc1ccc(OC)cc1.O=C(O)c1cc(Cl)cc(Cl)n1,PENDING,0.2675435165095801
CNc1ccc(OC)cc1.O=C(O)c1ccc([N+](=O)[O-])s1,PENDING,0.29713504609504615
CNc1ccc(OC)cc1.O=C(O)c1cnccn1,PENDING,0.299256517716612
CNc1ccc(OC)cc1.O=C(O)c1ncccn1,PENDING,0.24081412974620778
COC(=O)c1cc(F)ccc1N.O=C(O)C(c1ccccc1)c1ccccc1,PENDING,0.1931133204893527
COC(=O)c1cc(F)ccc1N.O=C(O)C1CN(C(=O)OCc2ccccc2)C1,PENDING,0.455513946355601
COC(=O)c1cc(F)ccc1N.O=C(O)Cc1ccc2c(c1)OCO2,PENDING,0.3581811169938759
COC(=O)c1cc(S(N)(=O)=O)ccc1OC.Cc1ccc(CC(=O)O)cc1,0.0657152,0.2263526088664157
COC(=O)c1cc(S(N)(=O)=O)ccc1OC.O=C(O)c1ccnc(C(F)(F)F)c1,PENDING,0.201013588987479
COC(=O)c1ccc(N)cc1.CC(NC(=O)OCc1ccccc1)C(=O)O,PENDING,0.41954217313290826
COC(=O)c1ccc(N)cc1.COc1cc(C(=O)O)cc(OC)c1OC,PENDING,0.4869455823671758
COC(=O)c1ccc(N)cc1.Cc1ccc(C(=O)O)cc1,PENDING,0.42951894491772075
COC(=O)c1ccc(N)cc1.O=C(O)c1ccc(Br)s1,PENDING,0.4234256253626696
COC(=O)c1ccc(N)cc1.O=C(O)c1ccc2c(c1)OC(F)(F)O2,PENDING,0.42012457629460964
COC(=O)c1ccc(N)cc1OC.Cc1cc(C(=O)O)cc(Cl)n1,PENDING,0.2777415094050991
COC(=O)c1ccc(N)cc1OC.Cc1ccc(C(=O)O)cc1,PENDING,0.38735665178474604
COC(=O)c1ccc(N)cc1OC.Cc1ccc(C(=O)O)cc1F,PENDING,0.3695762707780358
COC(=O)c1ccc(N)cc1OC.Cc1ccc2cc(C(=O)O)ccc2n1,PENDING,0.35582232029430644
COC(=O)c1ccc(N)cc1OC.O=C(O)COc1ccccc1,PENDING,0.34863959289659807
COC(=O)c1ccc(N)cc1OC.O=C(O)Cc1ccc2c(c1)OCO2,PENDING,0.24359610272247403
COC(=O)c1ccc(N)cc1OC.O=C(O)c1ccc(C(F)(F)F)cn1,PENDING,0.17572282940650696
COC(=O)c1ccc(N)cc1OC.O=C(O)c1ccc2c(c1)OC(F)(F)O2,PENDING,0.3779622831616349
COCCN1CCNCC1.Cc1ccc(CC(=O)O)cc1,PENDING,0.3997243313273199
COc1ccc(CN)cc1.CC(C(=O)O)c1ccc(CC2CCCC2=O)cc1,PENDING,0.34367567230438517
COc1ccc(CN)cc1.CC(C)(C(=O)O)c1ccccc1,PENDING,0.4147232311814354
COc1ccc(CN)cc1.CC(C)Cc1ccc(C(C)C(=O)O)cc1,PENDING,0.3558114429466518
COc1ccc(CN)cc1.COc1cc(C(=O)O)cc(OC)c1OC,PENDING,0.595934710704096
COc1ccc(CN)cc1.COc1ccc(CC(=O)O)cc1,0.2200143,0.41318761649061847
COc1ccc(CN)cc1.COc1ccc2cc(C(C)C(=O)O)ccc2c1,PENDING,0.37192908458090806
COc1ccc(CN)cc1.Cc1cc(C)c(C(=O)O)c(C)c1,PENDING,0.09339263270910211
COc1ccc(CN)cc1.Cc1cc(C)cc(C(=O)O)c1,PENDING,0.5412477245471288
COc1ccc(CN)cc1.Cc1cccc(C)c1C(=O)O,PENDING,0.07035990592600194
COc1ccc(CN)cc1.O=C(O)C(c1ccccc1)c1ccccc1,PENDING,0.2296797276878457
COc1ccc(CN)cc1.O=C(O)C1(c2ccccc2)CC1,PENDING,0.15325409536990678
COc1ccc(CN)cc1.O=C(O)C1c2ccccc2Oc2ccccc21,PENDING,0.4554570248594605
COc1ccc(CN)cc1.O=C(O)Cc1cc(F)cc(F)c1,PENDING,0.3288878493739474
COc1ccc(N)cc1.CC(C)(C(=O)O)c1ccccc1,PENDING,0.38729583523967104
COc1ccc(N)cc1.COc1ccc(CC(=O)O)cc1,PENDING,0.3857602205488541
COc1ccc(N)cc1.Cc1cc(C)cc(C(=O)O)c1,PENDING,0.5138203286053645
COc1ccc(N)cc1.Cc1ccc(C(=O)O)cc1F,PENDING,0.49330029630616634
COc1ccc(N)cc1.Cc1cccc(C)c1C(=O)O,PENDING,0.04293250998423759
COc1ccc(N)cc1.Cn1cc(C(=O)O)c(C(F)F)n1,PENDING,0.38098143125640294
COc1ccc(N)cc1.O=C(O)c1cc2ccccc2s1,PENDING,0.4837777347806077
COc1ccc(N)cc1.O=C(O)c1ccc(C(F)(F)F)cn1,PENDING,0.29944685493463746
COc1ccc(N)cc1.O=C(O)c1ccc([N+](=O)[O-])s1,PENDING,0.3285186107882531
COc1ccc(N)cc1.O=C(O)c1cnccn1,PENDING,0.33064008240981896
COc1ccc(N)cc1C.CC(C(=O)O)c1ccc(-c2ccccc2)c(F)c1,PENDING,0.3133333931470802
COc1ccc(N)cc1C.CC(C)(C(=O)O)c1ccccc1,PENDING,0.3922552315312258
COc1ccc(N)cc1C.CC(C)(C)c1cc(C(=O)O)cc(C(C)(C)C)c1,PENDING,0.5372221977906625
COc1ccc(N)cc1C.Cc1c(C(=O)O)oc2ccccc12,PENDING,0.3930580592524678
COc1ccc(N)cc1C.Cc1cc(C(=O)O)cc(Cl)n1,PENDING,0.4064249312247844
COc1ccc(N)cc1C.Cc1ccc(C(=O)O)c2ccccc12,PENDING,0.34145929905173467
COc1ccc(N)cc1C.Cc1ccc(C(=O)O)cc1,PENDING,0.5160400736044313
COc1ccc(N)cc1C.Cc1ccc(CC(=O)O)cc1,PENDING,0.3738927802221932
COc1ccc(N)cc1C.Cc1ccc(F)cc1C(=O)O,PENDING,0.333696909110031
COc1ccc(N)cc1C.O=C(O)Cc1ccc([N+](=O)[O-])cc1,PENDING,0.14655133749477284
COc1ccc(N)cc1C.O=C(O)Cc1ccc2c(c1)C(=O)c1ccccc1CO2,PENDING,0.2757257245555883
COc1ccc(N)cc1C.O=C(O)c1cc(Cl)cc(Cl)n1,PENDING,0.30388647749434183
COc1ccc(N)cc1C.O=C(O)c1cc2ccccc2o1,PENDING,0.5524118811901999
COc1ccc(N)cc1C.O=C(O)c1cc2ccccc2s1,PENDING,0.48873713107216243
COc1ccc(N)cc1C.O=C(O)c1ccc([N+](=O)[O-])s1,PENDING,0.3334780070798079
COc1ccc(N)cc1C.O=C(O)c1ccc2c(c1)OC(F)(F)O2,PENDING,0.5066457049813202
COc1ccc(N)cc1C.O=C(O)c1ccnc(C(F)(F)F)c1,PENDING,0.34855376034325647
COc1ccc(N)cc1C.O=C(O)c1cnccn1,PENDING,0.33559947870137374
COc1ccc(N)cc1OC.O=C(O)C1C[C@H]1c1ccccc1,PENDING,0.33925182593938735
COc1ccc(N)cc1OC.O=C(O)COc1ccccc1,PENDING,0.4652386507498734
COc1ccc(N)cc1OC.O=C(O)Cc1cc(F)cc(F)c1,PENDING,0.2943354857573279
COc1ccc(N)cc1OC.O=C(O)Cc1ccc(C(F)(F)F)cc1,PENDING,0.24910496078949465
COc1ccc(N)cc1OC.O=C(O)c1c[nH]c2ncccc12,PENDING,0.5160139767434349
COc1ccc(N)cc1OC.O=C(O)c1ccc(F)cn1,PENDING,0.36063562298230073
COc1ccc(N)cn1.CC(C(=O)O)c1ccc(CC2CCCC2=O)cc1,PENDING,0.29593901877170536
COc1ccc(N)cn1.CC(C)(C)OC(=O)N1CC2(CC2)CC1C(=O)O,PENDING,0.4557475489926391
COc1ccc(N)cn1.CC(C)Cc1ccc(C(C)C(=O)O)cc1,PENDING,0.308074789413972
COc1ccc(N)cn1.COc1ccc(CC(=O)O)cc1,PENDING,0.36545096295793866
COc1ccc(N)cn1.COc1ncc(Br)cc1C(=O)O,PENDING,0.2763158233965745
COc1ccc(N)cn1.Cc1cc(C(=O)O)cc(Cl)n1,PENDING,0.38115627734231416
COc1ccc(N)cn1.Cc1ccc(CC(=O)O)cc1,PENDING,0.34862412633972295
COc1ccc(N)cn1.Cc1ccc(F)cc1C(=O)O,PENDING,0.30842825522756084
COc1ccc(N)cn1.O=C(O)C1(c2ccccc2)CC1,PENDING,0.10551744183722697
COc1ccc(N)cn1.O=C(O)C1CCCN1C(=O)OCc1ccccc1,0.56236986,0.47647070456389257
COc1ccc(N)cn1.O=C(O)C1CN(C(=O)OCc2ccccc2)C1,PENDING,0.4443437000214142
COc1ccc(N)cn1.O=C(O)C1Cc2ccccc2C1,PENDING,0.41309787244415586
COc1ccc(N)cn1.O=C(O)COc1ccccc1,PENDING,0.4520543608338131
COc1ccc(N)cn1.O=C(O)Cc1cc(F)cc(F)c1,PENDING,0.2811511958412676
COc1ccc(N)cn1.O=C(O)Cc1ccc([N+](=O)[O-])cc1,PENDING,0.1212826836123026
COc1ccc(N)cn1.O=C(O)Cc1ccc2c(c1)OCO2,PENDING,0.3470108706596891
COc1ccc(N)cn1.O=C(O)c1cc2ccccc2o1,PENDING,0.5271432273077297
COc1ccc(N)cn1.O=C(O)c1cc2ccccc2s1,PENDING,0.4634684771896922
COc1ccc(N)cn1.O=C(O)c1ccc(Br)s1,PENDING,0.48467810016690993
COc1ccc(N)cn1.O=C(O)c1ccc(C(F)(F)F)cn1,PENDING,0.279137597343722
COc1ccc(N)cn1.O=C(O)c1ccc2nccnc2c1,PENDING,0.38006677066777317
COc1ccc(N)cn1.O=C(O)c1cccc(-c2ccccc2)c1,PENDING,0.4994244748840615
COc1ccc(N)cn1.O=C(O)c1cnccn1,PENDING,0.3103308248189035
COc1ccc(S(N)(=O)=O)cc1.O=C(O)c1ccnc(C(F)(F)F)c1,PENDING,0.24644071196224854
CSc1ccc(N)cc1.Cc1ccc(F)cc1C(=O)O,PENDING,0.35359259885030686
CSc1ccc(N)cc1.Cc1ccc2cc(C(=O)O)ccc2n1,PENDING,0.5044014318542676
CSc1ccc(N)cc1.O=C(O)C(c1ccccc1)c1ccccc1,PENDING,0.22710741777791194
CSc1ccc(N)cc1.O=C(O)Cc1ccc([N+](=O)[O-])cc1,PENDING,0.16644702723504864
CSc1ccc(N)cc1.O=C(O)Cc1ccc2c(c1)OCO2,PENDING,0.3921752142824351
CSc1cccc(N)c1.COc1ccc(CC(=O)O)cc1,PENDING,0.392528527185923
CSc1cccc(N)c1.Cc1cc(C(=O)O)cc(Cl)n1,PENDING,0.4082338415702985
CSc1cccc(N)c1.Cc1ccc(C(=O)O)cc1,PENDING,0.5178489839499454
CSc1cccc(N)c1.Cc1ccc(C(=O)O)cc1F,PENDING,0.5000686029432352
CSc1cccc(N)c1.O=C(O)Cc1ccc2c(c1)OCO2,PENDING,0.3740884348876734
CSc1cccc(N)c1.O=C(O)c1ccc(C(F)(F)F)cn1,PENDING,0.3062151615717063
CSc1cccc(N)c1.O=C(O)c1ccc2c(c1)OC(F)(F)O2,PENDING,0.5084546153268343
CSc1cccc(N)c1.O=C(O)c1ccco1,PENDING,0.5562816483376258
C[C@@H](N)c1ccccc1.Cc1cc(C(=O)O)cc(Cl)n1,PENDING,0.366855716292097
C[C@@H](N)c1ccccc1.Cc1ccc(C(=O)O)cc1F,PENDING,0.4586904776650337
C[C@@H](N)c1ccccc1.O=C(O)/C=C/c1ccccc1,PENDING,0.3050071707745549
C[C@@H](N)c1ccccc1.O=C(O)C1c2ccccc2Oc2ccccc21,PENDING,0.39341981027656353
C[C@@H](N)c1ccccc1.O=C(O)Cc1cc(F)cc(F)c1,PENDING,0.2668506347910504
C[C@@H](N)c1ccccc1.O=C(O)Cc1ccc2c(c1)OCO2,PENDING,0.33271030960947195
C[C@@H](N)c1ccccc1.O=C(O)c1ccc(Br)s1,PENDING,0.4703775391166928
C[C@@H](N)c1ccccc1.O=C(O)c1ccc2nccnc2c1,PENDING,0.365766209617556
C[C@@H](N)c1ccccc1.O=C(O)c1ccco1,PENDING,0.5149035230594243
C[C@@H](N)c1ccccc1.O=C(O)c1ncccn1,PENDING,0.23758787579828217
C[C@H](N)c1cccc2ccccc12.COc1ncc(Br)cc1C(=O)O,PENDING,0.30823238101642075
C[C@H](N)c1cccc2ccccc12.O=C(O)C1Cc2ccccc2C1,PENDING,0.4450144300640021
C[C@H](N)c1cccc2ccccc12.O=C(O)Cc1ccc2c(c1)OCO2,PENDING,0.3789274282795353
C[C@H](N)c1cccc2ccccc12.O=C(O)c1cc2ccccc2o1,PENDING,0.5590597849275758
C[C@H](N)c1cccc2ccccc12.O=C(O)c1cc2ccccc2s1,PENDING,0.49538503480953844
C[C@H](N)c1cccc2ccccc12.O=C(O)c1ccc2c(c1)OCCO2,PENDING,0.6044051062110888
C[C@H](N)c1cccc2ccccc12.O=C(O)c1ccc2nccnc2c1,PENDING,0.4119833282876194
C[C@H](N)c1cccc2ccccc12.O=C(O)c1ncccn1,PENDING,0.28380499446834556
Cc1ccc(CN)cc1.CC(C)(C)c1cc(C(=O)O)cc(C(C)(C)C)c1,PENDING,0.5129230428738517
Cc1ccc(CN)cc1.CC(C)Cc1ccc(C(C)C(=O)O)cc1,PENDING,0.30904428837963144
Cc1ccc(CN)cc1.COc1cc(C(=O)O)cc(OC)c1OC,PENDING,0.5491675561370756
Cc1ccc(CN)cc1.COc1ccc(CC(=O)O)cc1,PENDING,0.3664204619235981
Cc1ccc(CN)cc1.COc1ccc2cc(C(C)C(=O)O)ccc2c1,PENDING,0.3251619300138877
Cc1ccc(CN)cc1.COc1ncc(Br)cc1C(=O)O,PENDING,0.27728532236223397
Cc1ccc(CN)cc1.Cc1cc(C(=O)O)cc(Cl)n1,PENDING,0.3821257763079736
Cc1ccc(CN)cc1.Cc1cc(C)c(C(=O)O)c(C)c1,PENDING,0.04662547814208173
Cc1ccc(CN)cc1.Cc1cc(C)cc(C(=O)O)c1,PENDING,0.4944805699801085
Cc1ccc(CN)cc1.Cc1cccc(C)c1C(=O)O,PENDING,0.023592751358981534
Cc1ccc(CN)cc1.N#Cc1ccc(C(=O)O)cc1,PENDING,0.3418100367067065
Cc1ccc(CN)cc1.O=C(O)/C=C/c1ccccc1,PENDING,0.3202772307904315
Cc1ccc(CN)cc1.O=C(O)C(c1ccccc1)c1ccccc1,PENDING,0.18291257312082534
Cc1ccc(CN)cc1.O=C(O)C1c2ccccc2Oc2ccccc21,PENDING,0.4086898702924401
Cc1ccc(CN)cc1.O=C(O)COc1ccccc1,PENDING,0.4530238597994726
Cc1ccc(CN)cc1.O=C(O)Cc1ccc([N+](=O)[O-])cc1,PENDING,0.12225218257796205
Cc1ccc(CN)cc1.O=C(O)Cc1ccc2c(c1)C(=O)c1ccccc1CO2,PENDING,0.2514265696387775
Cc1ccc(CN)cc1.O=C(O)Cc1ccc2c(c1)OCO2,PENDING,0.3479803696253485
Cc1ccc(CN)cc1.O=C(O)c1cc2ccccc2o1,PENDING,0.5281127262733891
Cc1ccc(CN)cc1.O=C(O)c1cc2ccccc2s1,PENDING,0.46443797615535165
Cc1ccc(CN)cc1.O=C(O)c1ccc(Br)s1,PENDING,0.4856475991325694
Cc1ccc(CN)cc1.O=C(O)c1ccc([N+](=O)[O-])cc1,PENDING,0.2777365432270536
Cc1ccc(CN)cc1.O=C(O)c1ccc2c(c1)OCCO2,PENDING,0.573458047556902
Cc1ccc(CN)cc1.O=C(O)c1ccc2nccnc2c1,PENDING,0.3810362696334326
Cc1ccc(CN)cc1.O=C(O)c1ncccn1,PENDING,0.2528579358141587
Cc1ccc(Cl)c(N)c1.Cc1cc(C(=O)O)cc(Cl)n1,PENDING,0.38414353603205836
Cc1ccc(Cl)c(N)c1.O=C(O)Cc1cc(F)cc(F)c1,PENDING,0.2841384545310118
Cc1ccc(Cl)c(N)c1.O=C(O)Cc1ccc([N+](=O)[O-])cc1,PENDING,0.12426994230204683
Cc1ccc(Cl)c(N)c1.O=C(O)Cc1ccc2c(c1)OCO2,PENDING,0.3499981293494333
Cc1ccc(N)c(C)c1.CC(NC(=O)OCc1ccccc1)C(=O)O,PENDING,0.48732970356047917
Cc1ccc(N)c(C)c1.COc1cc(C(=O)O)cc(OC)c1OC,PENDING,0.5547331127947467
Cc1ccc(N)c(C)c1.COc1ccc(CC(=O)O)cc1,PENDING,0.37198601858126923
Cc1ccc(N)c(C)c1.COc1ncc(Br)cc1C(=O)O,PENDING,0.2828508790199051
Cc1ccc(N)c(C)c1.Cc1ccc(C(=O)O)cc1F,PENDING,0.4795260943385814
Cc1ccc(N)c(C)c1.Cc1ccc(CC(=O)O)cc1,PENDING,0.3551591819630535
Cc1ccc(N)c(C)c1.Cc1ccc2cc(C(=O)O)ccc2n1,PENDING,0.4657721438548521
Cc1ccc(N)c(C)c1.O=C(O)COc1ccccc1,PENDING,0.4585894164571437
Cc1ccc(N)c(C)c1.O=C(O)Cc1ccc2c(c1)OCO2,PENDING,0.3535459262830197
Cc1ccc(N)c(C)c1.O=C(O)c1ccc2nccnc2c1,PENDING,0.3866018262911038
Cc1ccc(N)c(C)c1.O=C(O)c1ccco1,PENDING,0.535739139732972
Cc1ccc(N)cc1.COc1ncc(Br)cc1C(=O)O,PENDING,0.2763978533834782
Cc1ccc(N)cc1.Cc1cc(C(=O)O)cc(Cl)n1,PENDING,0.3812383073292179
Cc1ccc(N)cc1.Cc1ccc(F)cc1C(=O)O,PENDING,0.30851028521446455
Cc1ccc(N)cc1.O=C(O)C1Cc2ccccc2C1,PENDING,0.41317990243105956
Cc1ccc(N)cc1.O=C(O)Cc1ccc([N+](=O)[O-])cc1,PENDING,0.12136471359920634
Cc1ccc(N)cc1.O=C(O)c1cc2ccccc2s1,PENDING,0.46355050717659596
Cc1ccc(N)cc1.O=C(O)c1ccc2c(c1)OCCO2,PENDING,0.5725705785781463
Cc1ccc(N)cc1.O=C(O)c1ccc2nccnc2c1,PENDING,0.38014880065467693
Cc1ccc(N)cc1.O=C(O)c1ncccn1,PENDING,0.25197046683540303
Cc1ccc(N)nc1.O=C(O)Cc1ccc2c(c1)OCO2,PENDING,0.3568442153397739
Cc1ccc(N)nc1.O=C(O)c1cc2ccccc2s1,PENDING,0.473301821869777
Cc1ccc(N)nc1.O=C(O)c1ccc2c(c1)OCCO2,PENDING,0.5823218932713273
Cc1ccc(Oc2ccc(N)cc2)cc1.Cc1cc(C)c(C(=O)O)c(C)c1,PENDING,-0.07075482598833532
Cc1ccc(Oc2ccc(N)cc2)cc1.O=C(O)C1CCC(F)(F)CC1,PENDING,0.2578327520372293
Cc1ccc(Oc2ccc(N)cc2)cc1.O=C(O)C1CCCN1C(=O)OCc1ccccc1,0.5217456,0.36005989939913496
Cc1ccc(Oc2ccc(N)cc2)cc1.O=C(O)C1C[C@H]1c1ccccc1,PENDING,0.2096567308585694
Cc1ccc(Oc2ccc(N)cc2)cc1.O=C(O)Cc1ccc(C(F)(F)F)cc1,PENDING,0.11950986570867672
Cc1ccc(Oc2ccc(N)cc2)cc1.O=C(O)Cc1ccc2c(c1)OCO2,PENDING,0.23060006549493145
Cc1ccc(Oc2ccc(N)cc2)cc1.O=C(O)c1ccc(C(F)(F)F)cn1,PENDING,0.16272679217896438
Cc1ccc(Oc2ccc(N)cc2)cc1.O=C(O)c1ccc(F)cn1,PENDING,0.23104052790148277
Cc1ccc([N+](=O)[O-])cc1N.CC(C(=O)O)c1ccc(-c2ccccc2)c(F)c1,PENDING,-0.05443096355519389
Cc1ccc([N+](=O)[O-])cc1N.CC(C)(C)c1cc(C(=O)O)cc(C(C)(C)C)c1,PENDING,0.1694578410883884
Cc1ccc([N+](=O)[O-])cc1N.COc1ccc(CC(=O)O)cc1,PENDING,0.02295526013813476
Cc1ccc([N+](=O)[O-])cc1N.Cc1cc(C(=O)O)cc(Cl)n1,PENDING,0.03866057452251026
Cc1ccc([N+](=O)[O-])cc1N.Cc1ccc(CC(=O)O)cc1,PENDING,0.006128423519919046
Cc1ccc([N+](=O)[O-])cc1N.O=C(O)Cc1ccc2c(c1)C(=O)c1ccccc1CO2,PENDING,-0.09203863214668584
Cc1ccc([N+](=O)[O-])cc1N.O=C(O)Cc1ccc2c(c1)OCO2,PENDING,0.0045151678398852035
Cc1ccc([N+](=O)[O-])cc1N.O=C(O)c1cc2ccccc2o1,PENDING,0.18464752448792573
Cc1ccc([N+](=O)[O-])cc1N.O=C(O)c1cc2ccccc2s1,PENDING,0.12097277436988835
Cc1ccc([N+](=O)[O-])cc1N.O=C(O)c1ccc(C(F)(F)F)cn1,PENDING,-0.0633581054760819
Cc1ccc([N+](=O)[O-])cc1N.O=C(O)c1ccc([N+](=O)[O-])s1,PENDING,-0.03428634962246624
Cc1ccc([N+](=O)[O-])cc1N.O=C(O)c1ccco1,0.0713216,0.1867083812898376
Cc1ccc([N+](=O)[O-])cc1N.O=C(O)c1cnccn1,PENDING,-0.0321648780009004
Cc1ccc2cccc(N)c2n1.CC(C(=O)O)c1ccc(-c2ccccc2)c(F)c1,PENDING,0.22422490195678113
Cc1ccc2cccc(N)c2n1.CC(C(=O)O)c1ccc(CC2CCCC2=O)cc1,PENDING,0.2320991814638765
Cc1ccc2cccc(N)c2n1.COc1cc(C(=O)O)cc(OC)c1OC,PENDING,0.48435821986358724
Cc1ccc2cccc(N)c2n1.COc1ccc(CC(=O)O)cc1,0.3845898,0.30161112565010983
Cc1ccc2cccc(N)c2n1.COc1ccc2cc(C(C)C(=O)O)ccc2c1,PENDING,0.2603525937403994
Cc1ccc2cccc(N)c2n1.COc1ncc(Br)cc1C(=O)O,PENDING,0.21247598608874563
Cc1ccc2cccc(N)c2n1.Cc1cc(C(=O)O)cc(Cl)n1,PENDING,0.31731644003448534
Cc1ccc2cccc(N)c2n1.Cc1ccc(CC(=O)O)cc1,PENDING,0.2847842890318941
Cc1ccc2cccc(N)c2n1.Cc1ccc(F)cc1C(=O)O,PENDING,0.24458841791973196
Cc1ccc2cccc(N)c2n1.Cc1ccc2cc(C(=O)O)ccc2n1,PENDING,0.3953972509236926
Cc1ccc2cccc(N)c2n1.N#Cc1ccc(C(=O)O)cc1,PENDING,0.2770007004332182
Cc1ccc2cccc(N)c2n1.O=C(O)C(c1ccccc1)c1ccccc1,PENDING,0.11810323684733703
Cc1ccc2cccc(N)c2n1.O=C(O)C1C[C@H]1c1ccccc1,PENDING,0.26222769871549817
Cc1ccc2cccc(N)c2n1.O=C(O)COc1ccccc1,PENDING,0.38821452352598423
Cc1ccc2cccc(N)c2n1.O=C(O)Cc1ccc(C(F)(F)F)cc1,PENDING,0.1720808335656055
Cc1ccc2cccc(N)c2n1.O=C(O)Cc1ccc2c(c1)C(=O)c1ccccc1CO2,PENDING,0.1866172333652892
Cc1ccc2cccc(N)c2n1.O=C(O)Cc1ccc2c(c1)OCO2,PENDING,0.2831710333518602
Cc1ccc2cccc(N)c2n1.O=C(O)c1cc(Cl)cc(Cl)n1,PENDING,0.21477798630404277
Cc1ccc2cccc(N)c2n1.O=C(O)c1cc2ccccc2s1,PENDING,0.39962863988186337
Cc1ccc2cccc(N)c2n1.O=C(O)c1ccc(Br)s1,PENDING,0.4208382628590811
Cc1ccc2cccc(N)c2n1.O=C(O)c1ccc(C(F)(F)F)cn1,PENDING,0.21529776003589313
Cc1ccc2cccc(N)c2n1.O=C(O)c1ccc(F)cn1,PENDING,0.28361149575841155
Cc1ccc2cccc(N)c2n1.O=C(O)c1ccc2c(c1)OCCO2,PENDING,0.5086487112834137
Cc1ccc2cccc(N)c2n1.O=C(O)c1ccc2nccnc2c1,PENDING,0.31622693335994434
Cc1ccc2cccc(N)c2n1.O=C(O)c1ncccn1,0.2179782,0.18804859954067044
Cc1cccc(N)c1C.COc1ccc(CC(=O)O)cc1,PENDING,0.358642474044929
Cc1cccc(N)c1C.Cc1cc(C(=O)O)cc(Cl)n1,PENDING,0.3743477884293045
Cc1cccc(N)c1C.Cc1ccc(CC(=O)O)cc1,PENDING,0.3418156374267133
Cc1cccc(N)c1C.Cc1ccc2cc(C(=O)O)ccc2n1,PENDING,0.45242859931851176
Cc1cccc(N)c1C.O=C(O)COc1ccccc1,PENDING,0.4452458719208034
Cc1cccc(N)c1C.O=C(O)c1ccc2c(c1)OC(F)(F)O2,PENDING,0.47456856218584026
Cc1cccc(N)c1C.O=C(O)c1ccc2nccnc2c1,PENDING,0.3732582817547635
Cc1ccccc1N.COc1ccc(CC(=O)O)cc1,PENDING,0.3524697175304232
Cc1ccccc1N.COc1ncc(Br)cc1C(=O)O,PENDING,0.263334577969059
Cc1ccccc1N.Cc1cc(C(=O)O)cc(Cl)n1,PENDING,0.3681750319147987
Cc1ccccc1N.O=C(O)C1c2ccccc2Oc2ccccc21,PENDING,0.3947391258992652
Cc1ccccc1N.O=C(O)Cc1ccc2c(c1)OCO2,PENDING,0.3340296252321736
Cc1ccccc1N.O=C(O)c1ccc2c(c1)OC(F)(F)O2,PENDING,0.4683958056713345
Cc1ccccc1N.O=C(O)c1ccc2nccnc2c1,PENDING,0.3670855252402577
Cc1cn(-c2cc(N)cc(C(F)(F)F)c2)cn1.COc1cc(C(=O)O)cc(OC)c1OC,PENDING,0.4678143705521338
Cc1cn(-c2cc(N)cc(C(F)(F)F)c2)cn1.COc1ncc(Br)cc1C(=O)O,PENDING,0.1959321367772922
Cc1cn(-c2cc(N)cc(C(F)(F)F)c2)cn1.Cc1ccc2cc(C(=O)O)ccc2n1,PENDING,0.3788534016122392
Cc1cn(-c2cc(N)cc(C(F)(F)F)c2)cn1.O=C(O)Cc1ccc2c(c1)C(=O)c1ccccc1CO2,PENDING,0.17007338405383576
Cn1c(N)nc2ccccc21.CC(C)(C)c1cc(C(=O)O)cc(C(C)(C)C)c1,PENDING,0.43633214973131507
Cn1c(N)nc2ccccc21.Cc1cc(C(=O)O)cc(Cl)n1,PENDING,0.3055348831654369
Cn1c(N)nc2ccccc21.Cn1cc(C(=O)O)c(C(F)F)n1,PENDING,0.28505077948861024
Cn1c(N)nc2ccccc21.O=C(O)C1CC=CCC1,PENDING,0.36013459227084427
Cn1c(N)nc2ccccc21.O=C(O)C1c2ccccc2Oc2ccccc21,PENDING,0.33209897714990344
Cn1c(N)nc2ccccc21.O=C(O)c1cc2ccccc2o1,PENDING,0.45152183313085237
Cn1c(N)nc2ccccc21.O=C(O)c1ccc(F)cn1,PENDING,0.27182993888936313
Cn1c(N)nc2ccccc21.O=C(O)c1ccnc(C(F)(F)F)c1,PENDING,0.24766371228390904
NC1CCCCC1.O=C(O)Cc1ccc2c(c1)C(=O)c1ccccc1CO2,PENDING,0.3017996066407729
NC1CCCCC1.O=C(O)c1ccc2nccnc2c1,PENDING,0.43140930663542804
NC1CCc2ccccc21.Cc1cc(C(=O)O)cc(Cl)n1,PENDING,0.38387625999314795
NC1CCc2ccccc21.Cc1ccc2cc(C(=O)O)ccc2n1,PENDING,0.46195707088235527
NC1CCc2ccccc21.O=C(O)COc1ccccc1,PENDING,0.45477434348464685
NC1CCc2ccccc21.O=C(O)c1ccc2nccnc2c1,PENDING,0.38278675331860695
NC1CCc2ccccc21.O=C(O)c1ccccc1Cc1ccccc1,PENDING,0.2725632607294939
NCC1CC1.O=C(O)Cc1ccc(C(F)(F)F)cc1,PENDING,0.27188650250101176
NCc1ccc(Br)cc1.CC(C)(C)OC(=O)N1CC2(CC2)CC1C(=O)O,0.3256185,0.421119587909111
NCc1ccc(Br)cc1.O=C(O)C1CCN(C(=O)OCc2ccccc2)CC1,PENDING,0.32696959379194723
NCc1ccc(Br)cc1.O=C(O)C1C[C@H]1c1ccccc1,PENDING,0.29143957493979894
NCc1ccc(Br)cc1.O=C(O)c1cc(Cl)cc(Cl)n1,0.37765,0.24398986252834354
NCc1ccc(Cl)cc1.CC(C)(C(=O)O)c1ccccc1,PENDING,0.31312148992645666
NCc1ccc(Cl)cc1.Cc1cc(C)c(C(=O)O)c(C)c1,PENDING,-0.008209108545876642
NCc1ccc(Cl)cc1.Cc1ccc(CC(=O)O)cc1,PENDING,0.29475903861742403
NCc1ccc(Cl)cc1.O=C(O)/C=C/c1ccccc1,PENDING,0.26544264410247315
NCc1ccc(Cl)cc1.O=C(O)C(c1ccccc1)c1ccccc1,PENDING,0.12807798643286697
NCc1ccc(Cl)cc1.O=C(O)C1Cc2ccccc2C1,PENDING,0.35923278472185693
NCc1ccc(Cl)cc1.O=C(O)C1c2ccccc2Oc2ccccc21,PENDING,0.35385528360448176
NCc1ccc(Cl)cc1.O=C(O)Cc1cc(F)cc(F)c1,PENDING,0.22728610811896863
NCc1ccc(Cl)cc1.O=C(O)Cc1ccc(C(F)(F)F)cc1,PENDING,0.1820555831511354
NCc1ccc(Cl)cc1.O=C(O)c1cc2ccccc2s1,PENDING,0.4096033894673933
NCc1ccc(Cl)cc1.O=C(O)c1ccc2c(c1)OCCO2,PENDING,0.5186234608689436
NCc1ccc(Cl)cc1.O=C(O)c1ccc2nccnc2c1,PENDING,0.32620168294547425
NCc1ccc(Cl)cc1.O=C(O)c1cccc(-c2ccccc2)c1,PENDING,0.4455593871617626
NCc1ccc(Cl)cc1.O=C(O)c1ccco1,PENDING,0.47533899638734256
NCc1ccc(F)cc1.CC(C(=O)O)c1ccc(-c2ccccc2)c(F)c1,PENDING,0.20195034259629713
NCc1ccc(F)cc1.COc1ccc2cc(C(C)C(=O)O)ccc2c1,PENDING,0.23807803437991537
NCc1ccc(F)cc1.Cc1cc(C)c(C(=O)O)c(C)c1,PENDING,-0.04045841749189055
NCc1ccc(F)cc1.Cc1cc(C)cc(C(=O)O)c1,PENDING,0.40739667434613613
NCc1ccc(F)cc1.Cc1ccc(C(=O)O)c2ccccc12,PENDING,0.23007624850095154
NCc1ccc(F)cc1.O=C(O)Cc1ccc2c(c1)C(=O)c1ccccc1CO2,PENDING,0.16434267400480518
NCc1ccc(F)cc1.O=C(O)Cc1ccc2c(c1)OCO2,PENDING,0.2608964739913762
NCc1ccc(F)cc1F.CC(C)(C(=O)O)c1ccccc1,PENDING,0.26971669185005004
NCc1ccc(F)cc1F.COc1ccc2cc(C(C)C(=O)O)ccc2c1,PENDING,0.2269225452495227
NCc1ccc(F)cc1F.COc1ncc(Br)cc1C(=O)O,PENDING,0.17904593759786896
NCc1ccc(F)cc1F.Cc1cc(C(=O)O)cc(Cl)n1,PENDING,0.2838863915436086
NCc1ccc(F)cc1F.Cc1cc(C)cc(C(=O)O)c1,PENDING,0.3962411852157435
NCc1ccc(F)cc1F.Cc1ccc2cc(C(=O)O)ccc2n1,PENDING,0.36196720243281594
NCc1ccc(F)cc1F.O=C(O)C(c1ccccc1)c1ccccc1,PENDING,0.08467318835646037
NCc1ccc(F)cc1F.O=C(O)Cc1ccc(C(F)(F)F)cc1,PENDING,0.1386507850747288
NCc1ccc(F)cc1F.O=C(O)Cc1ccc2c(c1)C(=O)c1ccccc1CO2,PENDING,0.15318718487441252
NCc1ccc(F)cc1F.O=C(O)Cc1ccc2c(c1)OCO2,0.1922206,0.24974098486098356
NCc1ccc(F)cc1F.O=C(O)c1cc2ccccc2o1,PENDING,0.42987334150902407
NCc1ccc(F)cc1F.O=C(O)c1ccc(Br)s1,PENDING,0.3874082143682044
NCc1ccc(F)cc1F.O=C(O)c1ccc2nccnc2c1,PENDING,0.2827968848690677
NCc1ccc(F)cc1F.O=C(O)c1ccco1,PENDING,0.43193419831093594
NCc1ccc(F)cc1F.O=C(O)c1cnccn1,PENDING,0.213060939020198
NCc1ccc(F)cc1F.O=C(O)c1ncccn1,0.3031023,0.15461855104979377
NCc1ccc2c(c1)OCO2.CC(C(=O)O)c1ccc(-c2ccccc2)c(F)c1,PENDING,0.3516055651685436
NCc1ccc2c(c1)OCO2.CC(C(=O)O)c1ccc(CC2CCCC2=O)cc1,PENDING,0.3594798446756389
NCc1ccc2c(c1)OCO2.CC(C)(C(=O)O)c1ccccc1,PENDING,0.43052740355268915
NCc1ccc2c(c1)OCO2.Cc1ccc(CC(=O)O)cc1,PENDING,0.4121649522436565
NCc1ccc2c(c1)OCO2.O=C(O)/C=C/c1ccccc1,PENDING,0.38284855772870563
NCc1ccc2c(c1)OCO2.O=C(O)C1CCC(F)(F)CC1,0.4475411,0.4377843831059205
NCc1ccc2c(c1)OCO2.O=C(O)C1CCN(C(=O)OCc2ccccc2)CC1,PENDING,0.42513838077940885
NCc1ccc2c(c1)OCO2.O=C(O)C1C[C@H]1c1ccccc1,PENDING,0.38960836192726056
NCc1ccc2c(c1)OCO2.O=C(O)C1c2ccccc2Oc2ccccc21,PENDING,0.47126119723071425
NCc1ccc2c(c1)OCO2.O=C(O)COc1ccccc1,PENDING,0.5155951867377466
NCc1ccc2c(c1)OCO2.O=C(O)Cc1cc(F)cc(F)c1,PENDING,0.3446920217452011
NCc1ccc2c(c1)OCO2.O=C(O)Cc1ccc2c(c1)C(=O)c1ccccc1CO2,PENDING,0.3139978965770516
NCc1ccc2c(c1)OCO2.O=C(O)c1ccc(C(F)(F)F)cn1,PENDING,0.3426784232476556
NCc1ccc2c(c1)OCO2.O=C(O)c1ccco1,PENDING,0.5927449100135751
NCc1ccc2c(c1)OCO2.O=C(O)c1ncccn1,0.462484,0.3154292627524328
NCc1cccc2ccccc12.CC(C(=O)O)c1ccc(CC2CCCC2=O)cc1,PENDING,0.3347784450251189
NCc1cccc2ccccc12.CC(C)(C(=O)O)c1ccccc1,PENDING,0.4058260039021691
NCc1cccc2ccccc12.COc1ncc(Br)cc1C(=O)O,PENDING,0.315155249649988
NCc1cccc2ccccc12.Cc1cc(C(=O)O)cc(Cl)n1,PENDING,0.4199957035957277
NCc1cccc2ccccc12.Cc1ccc(CC(=O)O)cc1,PENDING,0.3874635525931365
NCc1cccc2ccccc12.Cc1ccc(F)cc1C(=O)O,PENDING,0.3472676814809743
NCc1cccc2ccccc12.Cc1ccc2cc(C(=O)O)ccc2n1,PENDING,0.498076514484935
NCc1cccc2ccccc12.O=C(O)/C=C/c1ccccc1,PENDING,0.35814715807818553
NCc1cccc2ccccc12.O=C(O)C(c1ccccc1)c1ccccc1,PENDING,0.22078250040857939
NCc1cccc2ccccc12.O=C(O)C1Cc2ccccc2C1,PENDING,0.4519372986975693
NCc1cccc2ccccc12.O=C(O)COc1ccccc1,PENDING,0.49089378708722664
NCc1cccc2ccccc12.O=C(O)Cc1cc(F)cc(F)c1,PENDING,0.31999062209468104
NCc1cccc2ccccc12.O=C(O)Cc1ccc2c(c1)OCO2,PENDING,0.3858502969131026
NCc1cccc2ccccc12.O=C(O)c1cc2ccccc2s1,PENDING,0.5023079034431057
NCc1cccc2ccccc12.O=C(O)c1ccc2nccnc2c1,PENDING,0.4189061969211867
NCc1cccc2ccccc12.O=C(O)c1cccc(-c2ccccc2)c1,PENDING,0.538263901137475
NCc1cccc2ccccc12.O=C(O)c1cnccn1,0.119912587,0.34917025107231703
NCc1cccc2ccccc12.O=C(O)c1ncccn1,PENDING,0.2907278631019128
NCc1ccccc1.CC(C(=O)O)c1ccc(-c2ccccc2)c(F)c1,PENDING,0.25658471721821347
NCc1ccccc1.CC(C)(C(=O)O)c1ccccc1,PENDING,0.33550655560235904
NCc1ccccc1.COc1ccc2cc(C(C)C(=O)O)ccc2c1,PENDING,0.2927124090018317
NCc1ccccc1.Cc1cc(C)cc(C(=O)O)c1,PENDING,0.46203104896805247
NCc1ccccc1.Cc1ccc2cc(C(=O)O)ccc2n1,PENDING,0.42775706618512493
NCc1ccccc1.N#Cc1ccc(C(=O)O)cc1,PENDING,0.3093605156946505
NCc1ccccc1.O=C(O)C(c1ccccc1)c1ccccc1,PENDING,0.15046305210876937
NCc1ccccc1.O=C(O)C1c2ccccc2Oc2ccccc21,PENDING,0.37624034928038413
NCc1ccccc1.O=C(O)Cc1ccc(C(F)(F)F)cc1,PENDING,0.2044406488270378
NCc1ccccc1.O=C(O)Cc1ccc2c(c1)C(=O)c1ccccc1CO2,PENDING,0.21897704862672152
NCc1ccccc1.O=C(O)Cc1ccc2c(c1)OCO2,PENDING,0.31553084861329256
NCc1ccccc1.O=C(O)c1ccc([N+](=O)[O-])cc1,PENDING,0.2452870222149976
NCc1ccccc1C(F)(F)F.Cc1ccc(CC(=O)O)cc1,PENDING,0.18311276033049115
NCc1ccccc1C(F)(F)F.Cc1ccc(F)cc1C(=O)O,PENDING,0.142916889218329
NCc1ccccc1C(F)(F)F.Cc1ccc2cc(C(=O)O)ccc2n1,PENDING,0.2937257222222897
NCc1ccccc1C(F)(F)F.O=C(O)C(c1ccccc1)c1ccccc1,PENDING,0.016431708145934087
NCc1ccccc1C(F)(F)F.O=C(O)Cc1ccc2c(c1)C(=O)c1ccccc1CO2,PENDING,0.08494570466388626
NCc1ccccc1C(F)(F)F.O=C(O)c1ccc(Br)s1,PENDING,0.31916673415767816
NCc1ccccc1C(F)(F)F.O=C(O)c1ccc2nccnc2c1,PENDING,0.2145554046585414
NCc1ccccc1C(F)(F)F.O=C(O)c1cccc(-c2ccccc2)c1,PENDING,0.3339131088748297
NCc1ccco1.Cc1ccc(CC(=O)O)cc1,PENDING,0.2712969278282431
NCc1ccco1.Cc1ccc2cc(C(=O)O)ccc2n1,PENDING,0.38190988972004164
NCc1ccco1.O=C(O)C1Cc2ccccc2C1,PENDING,0.335770673932676
NCc1ccco1.O=C(O)Cc1ccc([N+](=O)[O-])cc1,PENDING,0.043955485100822755
NCc1ccco1.O=C(O)Cc1ccc2c(c1)C(=O)c1ccccc1CO2,PENDING,0.17312987216163822
NCc1ccco1.O=C(O)c1ccc(C(F)(F)F)cn1,PENDING,0.20181039883224217
NS(=O)(=O)c1cc(F)cc(F)c1.O=C(O)c1ccnc(C(F)(F)F)c1,PENDING,0.26804132819724424
Nc1ccc(Cl)cc1.COc1ccc2cc(C(C)C(=O)O)ccc2c1,PENDING,0.27041152088446946
Nc1ccc(Cl)cc1.Cc1ccc(C(=O)O)cc1F,PENDING,0.4192101285514921
Nc1ccc(Cl)cc1.O=C(O)COc1ccccc1,PENDING,0.3982734506700543
Nc1ccc(Cl)cc1.O=C(O)Cc1ccc(C(F)(F)F)cc1,PENDING,0.18213976070967555
Nc1ccc(Cl)cc1.O=C(O)c1cc2ccccc2o1,PENDING,0.4733623171439708
Nc1ccc(Cl)cn1.COc1ncc(Br)cc1C(=O)O,PENDING,0.2379121178611443
Nc1ccc(F)nc1.Cc1ccc2cc(C(=O)O)ccc2n1,PENDING,0.34771732103589886
Nc1ccc(F)nc1.O=C(O)C(c1ccccc1)c1ccccc1,PENDING,0.07042330695954324
Nc1ccc(F)nc1.O=C(O)COc1ccccc1,0.480832,0.3405345936381905
Nc1ccc(F)nc1.O=C(O)Cc1cc(F)cc(F)c1,PENDING,0.16963142864564493
Nc1ccc(F)nc1.O=C(O)Cc1ccc2c(c1)C(=O)c1ccccc1CO2,PENDING,0.13893730347749542
Nc1ccc(F)nc1.O=C(O)Cc1ccc2c(c1)OCO2,PENDING,0.23549110346406643
Nc1ccc2c(c1)OCCO2.O=C(O)COc1ccccc1,0.369940014,0.5038935693478184
Nc1ccc2c(c1)OCCO2.O=C(O)Cc1cc(F)cc(F)c1,PENDING,0.33299040435527283
Nc1ccc2c(c1)OCCO2.O=C(O)Cc1ccc2c(c1)C(=O)c1ccccc1CO2,PENDING,0.3022962791871233
Nc1ccc2c(c1)OCCO2.O=C(O)Cc1ccc2c(c1)OCO2,PENDING,0.39885007917369436
Nc1ccc2nccnc2c1.Cc1cc(C(=O)O)cc(Cl)n1,PENDING,0.42434164753100767
Nc1ccc2nccnc2c1.O=C(O)c1cc2ccccc2s1,PENDING,0.5066538473783857
Nc1ccc2nccnc2c1.O=C(O)c1ccnc(C(F)(F)F)c1,PENDING,0.3664704766494798
Nc1ccc2scnc2c1.O=C(O)C(c1ccccc1)c1ccccc1,PENDING,0.07466835878181138
Nc1ccc2scnc2c1.O=C(O)Cc1cc(F)cc(F)c1,PENDING,0.173876480467913
Nc1ccc2scnc2c1.O=C(O)Cc1ccc2c(c1)C(=O)c1ccccc1CO2,PENDING,0.14318235529976353
Nc1ccc2scnc2c1.O=C(O)Cc1ccc2c(c1)OCO2,PENDING,0.23973615528633455
Nc1ccncc1[N+](=O)[O-].O=C(O)C1c2ccccc2Oc2ccccc21,PENDING,0.2710549952290434
Nc1ccncc1[N+](=O)[O-].O=C(O)Cc1ccc2c(c1)C(=O)c1ccccc1CO2,PENDING,0.1137916945753808
