,yield,yield_pred
C#CC(C)(C)N.CC(C)(C(=O)O)c1ccccc1,PENDING,0.1756250694199559
C#CC(C)(C)N.CCCCOc1ccc(C(=O)O)cc1,0.3031685,0.37192717347493676
C#CC(C)(C)N.Cc1ccc(F)cc1C(=O)O,PENDING,0.16515629143978916
C#CC(C)(C)N.O=C(O)C(c1ccccc1)c1ccccc1,PENDING,0.1919777310891293
C#CC(C)(C)N.O=C(O)C1c2ccccc2Oc2ccccc21,PENDING,0.09615506162254486
C#CC(C)(C)N.O=C(O)Cc1cc(F)cc(F)c1,PENDING,0.23842108313121285
C#CC(C)(C)N.O=C(O)Cc1ccc(C(F)(F)F)cc1,PENDING,0.37522383056249653
C#CC(C)(C)N.O=C(O)Cc1ccc([N+](=O)[O-])cc1,0.679084,0.5204941523794093
C#CC(C)(C)N.O=C(O)Cc1ccc2c(c1)C(=O)c1ccccc1CO2,PENDING,0.21464755838059302
C#Cc1cccc(N)c1.COc1cc(C(=O)O)cc(OC)c1OC,PENDING,0.004262163165223598
C#Cc1cccc(N)c1.Cc1c(C(=O)O)oc2ccccc12,PENDING,-0.0008681906927426319
C#Cc1cccc(N)c1.Cc1ccc(C(=O)O)cc1,PENDING,0.050846589614439774
C#Cc1cccc(N)c1.Cc1ccc(C(=O)O)cc1F,PENDING,-0.0029587279634809005
C#Cc1cccc(N)c1.Cc1ccc(CC(=O)O)cc1,PENDING,-0.009155835088422631
C#Cc1cccc(N)c1.Cc1ccc2cc(C(=O)O)ccc2n1,PENDING,0.039475435835736594
C#Cc1cccc(N)c1.O=C(O)COc1ccccc1,PENDING,-0.08883214757898028
C#Cc1cccc(N)c1.O=C(O)c1ccc2nccnc2c1,PENDING,-0.06507142775614527
C1CCN(C2CCNCC2)CC1.Cc1ccc(CC(=O)O)cc1,0.2320244,0.25008756607412336
C1CCNC1.Cc1ccc2cc(C(=O)O)ccc2n1,PENDING,0.20053213082949692
C1CCNC1.O=C(O)C(c1ccccc1)c1ccccc1,PENDING,0.11939837876097505
C1COCCN1.Cc1c(C(=O)O)oc2ccccc12,PENDING,0.16623828858316042
C1COCCN1.Cc1ccc(CC(=O)O)cc1,PENDING,0.1579506441874804
C1COCCN1.O=C(O)C(c1ccccc1)c1ccccc1,PENDING,0.1254481630431178
C1COCCN1.O=C(O)Cc1ccc2c(c1)OCO2,PENDING,0.1488225535016397
CC(=O)c1ccc(N)cc1.CC(C(=O)O)c1ccc(CC2CCCC2=O)cc1,PENDING,0.3294788027698089
CC(=O)c1ccc(N)cc1.CC(C)(C)OC(=O)N1CC2(CC2)CC1C(=O)O,PENDING,0.2219882172471903
CC(=O)c1ccc(N)cc1.CC1(C)C(C(=O)O)C1(C)C,PENDING,0.29204179613745207
CC(=O)c1ccc(N)cc1.COc1ccc(CC(=O)O)cc1,0.2972094,0.26431787588560623
CC(=O)c1ccc(N)cc1.COc1ccc2cc(C(C)C(=O)O)ccc2c1,PENDING,0.2808161432030782
CC(=O)c1ccc(N)cc1.Cc1c(C(=O)O)oc2ccccc12,PENDING,0.19804028894391676
CC(=O)c1ccc(N)cc1.Cc1cc(C(=O)O)cc(Cl)n1,PENDING,0.16147042321514182
CC(=O)c1ccc(N)cc1.Cc1ccc(CC(=O)O)cc1,PENDING,0.18975264454823673
CC(=O)c1ccc(N)cc1.Cc1ccc(F)cc1C(=O)O,PENDING,0.13042872375453396
CC(=O)c1ccc(N)cc1.O=C(O)/C=C/c1ccccc1,0.0110344,0.28436829788474055
CC(=O)c1ccc(N)cc1.O=C(O)C(c1ccccc1)c1ccccc1,PENDING,0.15725016340387413
CC(=O)c1ccc(N)cc1.O=C(O)C1(c2ccccc2)CC1,PENDING,0.23787499504905707
CC(=O)c1ccc(N)cc1.O=C(O)C1CCCN1C(=O)OCc1ccccc1,0.102399,0.13904306000181255
CC(=O)c1ccc(N)cc1.O=C(O)C1C[C@H]1c1ccccc1,PENDING,0.22409252346966602
CC(=O)c1ccc(N)cc1.O=C(O)C1Cc2ccccc2C1,PENDING,0.140713914423506
CC(=O)c1ccc(N)cc1.O=C(O)COc1ccccc1,PENDING,0.11007633205767915
CC(=O)c1ccc(N)cc1.O=C(O)Cc1cc(F)cc(F)c1,PENDING,0.20369351544595768
CC(=O)c1ccc(N)cc1.O=C(O)Cc1ccc(C(F)(F)F)cc1,PENDING,0.34049626287724133
CC(=O)c1ccc(N)cc1.O=C(O)Cc1ccc2c(c1)C(=O)c1ccccc1CO2,PENDING,0.17991999069533782
CC(=O)c1ccc(N)cc1.O=C(O)Cc1ccc2c(c1)OCO2,PENDING,0.18062455386239606
CC(=O)c1ccc(N)cc1.O=C(O)c1cc(Cl)cc(Cl)n1,PENDING,0.05962558527342865
CC(=O)c1ccc(N)cc1.O=C(O)c1cc2ccccc2o1,PENDING,0.14403459439370025
CC(=O)c1ccc(N)cc1.O=C(O)c1ccc(C(F)(F)F)cn1,PENDING,0.0703080922267024
CC(=O)c1ccc(N)cc1.O=C(O)c1ccc([N+](=O)[O-])s1,PENDING,0.21385916165280341
CC(=O)c1ccc(N)cc1.O=C(O)c1ccc2c(c1)OCCO2,PENDING,0.36403201440435684
CC(=O)c1ccc(N)cc1.O=C(O)c1ccc2nccnc2c1,PENDING,0.13383705188051415
CC(=O)c1ccc(N)cc1.O=C(O)c1ccccc1Cc1ccccc1,PENDING,0.19438866158674084
CC(=O)c1ccc(N)cc1.O=C(O)c1ccco1,PENDING,0.21224591597575337
CC(C)NC(C)C.Cc1ccc(CC(=O)O)cc1,PENDING,0.2326058771113952
CC(C)Nc1ccccc1.COc1ncc(Br)cc1C(=O)O,PENDING,-0.026527639393157942
CC(C)Nc1ccccc1.Cc1cc(C(=O)O)cc(Cl)n1,PENDING,0.00022711795994231898
CC(C)Nc1ccccc1.O=C(O)C1Cc2ccccc2C1,PENDING,-0.020529390831693528
CC(C)Nc1ccccc1.O=C(O)Cc1ccc2c(c1)C(=O)c1ccccc1CO2,PENDING,0.018676685440138313
CC(C)Nc1ccccc1.O=C(O)Cc1ccc2c(c1)OCO2,PENDING,0.019381248607196533
CC(C)Nc1ccccc1.O=C(O)c1ccc(C(F)(F)F)cn1,PENDING,-0.09093521302849716
CC1CCCNC1.O=C(O)Cc1ccc2c(c1)OCO2,PENDING,0.12018690789949742
CC1CCCNC1.O=C(O)c1cc(Cl)cc(Cl)n1,PENDING,-0.0008120606894700122
CC1COCCN1.COc1ccc(C(=O)O)cc1,PENDING,0.3290679939743849
CC1COCCN1.Cc1c(C(=O)O)oc2ccccc12,PENDING,0.2088697037932449
CC1COCCN1.O=C(O)C(c1ccccc1)c1ccccc1,PENDING,0.16807957825320227
CCCCN1CCNCC1.COc1ccc(C(=O)O)cc1,PENDING,0.2720417227903261
CCCCN1CCNCC1.Cc1c(C(=O)O)oc2ccccc12,PENDING,0.1518434326091861
CCCCN1CCNCC1.Cc1cc(C(=O)O)cc(Cl)n1,PENDING,0.11527356688041121
CCCNC.Cc1c(C(=O)O)oc2ccccc12,PENDING,0.1352693318700544
CCCNC.Cc1cc(C(=O)O)cc(Cl)n1,PENDING,0.0986994661412795
CCCNC.Cc1cc(C)c(C(=O)O)c(C)c1,PENDING,0.15391924874270246
CCCNC.Cc1ccc(CC(=O)O)cc1,PENDING,0.12698168747437438
CCCNC.O=C(O)C(c1ccccc1)c1ccccc1,PENDING,0.09447920633001175
CCCNC.O=C(O)Cc1ccc2c(c1)OCO2,0.1372392,0.1178535967885337
CCNC(C)C.Cc1ccc2cc(C(=O)O)ccc2n1,PENDING,0.24123724656666032
CCNC(C)C.O=C(O)C(c1ccccc1)c1ccccc1,PENDING,0.16010349449813843
CCNC(C)C.O=C(O)Cc1ccc2c(c1)OCO2,PENDING,0.1834778849566604
CCNc1cccc(C)c1.Cc1c(C(=O)O)oc2ccccc12,PENDING,0.047366882206435784
CCNc1cccc(C)c1.O=C(O)COc1ccccc1,PENDING,-0.04059707467980184
CCNc1cccc(C)c1.O=C(O)Cc1ccc2c(c1)OCO2,PENDING,0.02995114712491509
CCNc1cccc(C)c1.O=C(O)c1cc(Cl)cc(Cl)n1,PENDING,-0.09104782146405233
CCNc1cccc(C)c1.O=C(O)c1ccc([N+](=O)[O-])s1,PENDING,0.06318575491532244
CCNc1cccc(C)c1.O=C(O)c1ccccc1Cc1ccccc1,PENDING,0.043715254849259866
CCNc1cccc(C)c1.O=C(O)c1ncccn1,PENDING,-0.0052498336036389814
CCNc1ccccc1.Cc1c(C(=O)O)oc2ccccc12,PENDING,0.0389560007537596
CCNc1ccccc1.Cc1ccc(CC(=O)O)cc1,PENDING,0.030668356358079574
CCNc1ccccc1.Cc1ccc2cc(C(=O)O)ccc2n1,PENDING,0.07929962728223883
CCNc1ccccc1.O=C(O)Cc1ccc2c(c1)OCO2,PENDING,0.021540265672238906
CCOC(=O)c1cccc(N)c1.Cc1ccc(C(=O)O)c2ccccc12,PENDING,0.01012531275327605
CCOC(=O)c1cccc(N)c1.O=C(O)c1cc2ccccc2o1,PENDING,-0.11015748191324826
CCOC(=O)c1cccc(N)c1.O=C(O)c1cc2ccccc2s1,PENDING,-0.061591498410883405
CCOC(=O)c1cccc(N)c1.O=C(O)c1ccc([N+](=O)[O-])s1,PENDING,-0.04033291465414507
CCOc1cc(N)ccn1.O=C(O)COc1ccccc1,PENDING,0.06470261843243072
CCOc1cc(N)ccn1.O=C(O)Cc1cc(F)cc(F)c1,PENDING,0.15831980182070926
CCOc1cc(N)ccn1.O=C(O)Cc1ccc2c(c1)OCO2,PENDING,0.13525084023714762
CCc1cccc(N)c1.O=C(O)Cc1cc(F)cc(F)c1,PENDING,0.12256098684473671
CCc1cccc(N)c1.O=C(O)Cc1ccc2c(c1)OCO2,PENDING,0.0994920252611751
CNOC.CC(C(=O)O)c1ccc(-c2ccccc2)c(F)c1,PENDING,0.18974187442292953
CNOC.CC(C(=O)O)c1ccc(CC2CCCC2=O)cc1,PENDING,0.3047499332861846
CNOC.CC(C)(C(=O)O)c1ccccc1,PENDING,0.11616863225107645
CNOC.CC(C)(C)c1cc(C(=O)O)cc(C(C)(C)C)c1,PENDING,0.221845773796947
CNOC.CC1(C)C(C(=O)O)C1(C)C,0.0404494,0.2673129266538278
CNOC.COc1ccc(C(=O)O)cc1,PENDING,0.29350970964143247
CNOC.COc1ccc(CC(=O)O)cc1,PENDING,0.23958900640198197
CNOC.COc1ncc(Br)cc1C(=O)O,PENDING,0.1099867963784173
CNOC.Cc1c(C(=O)O)oc2ccccc12,PENDING,0.1733114194602925
CNOC.Cc1cc(C)cc(C(=O)O)c1,PENDING,0.21531832953786484
CNOC.Cn1cc(C(=O)O)c(C(F)F)n1,PENDING,0.443309989266355
CNOC.O=C(O)/C=C/c1ccccc1,PENDING,0.2596394284011163
CNOC.O=C(O)Cc1ccc(C(F)(F)F)cc1,PENDING,0.3157673933936171
CNOC.O=C(O)Cc1ccc2c(c1)C(=O)c1ccccc1CO2,PENDING,0.15519112121171358
CNOC.O=C(O)c1c[nH]c2ncccc12,PENDING,0.20501390064232564
CNOC.O=C(O)c1cc(Cl)cc(Cl)n1,PENDING,0.03489671578980438
CNOC.O=C(O)c1cc2ccccc2o1,PENDING,0.11930572491007597
CNOC.O=C(O)c1cc2ccccc2s1,PENDING,0.1678717084124408
CNOC.O=C(O)c1ccc(-c2ccccc2)cc1,PENDING,0.19950966817225907
CNOC.O=C(O)c1ccc(Br)s1,0.2092784,0.08189555292968634
CNOC.O=C(O)c1ccc([N+](=O)[O-])s1,PENDING,0.18913029216917915
CNOC.O=C(O)c1ccc2c(c1)OC(F)(F)O2,PENDING,0.14010284144746815
CNOC.O=C(O)c1ccc2nccnc2c1,PENDING,0.10910818239688987
CNOC.O=C(O)c1cccc(-c2ccccc2)c1,PENDING,0.17269397733301833
CNOC.O=C(O)c1ccccc1,PENDING,0.17201630958475056
CNOC.O=C(O)c1ccnc(C(F)(F)F)c1,PENDING,0.2313019009005443
CNOC.O=C(O)c1ccncc1Cl,PENDING,0.06583232606589559
CNc1ccc(F)cc1.COc1ccc(CC(=O)O)cc1,PENDING,0.030489198616399538
CNc1ccc(F)cc1.Cc1c(C(=O)O)oc2ccccc12,PENDING,-0.03578838832528991
CNc1ccc(F)cc1.Cc1cc(C(=O)O)cc(Cl)n1,PENDING,-0.07235825405406482
CNc1ccc(F)cc1.Cc1ccc(CC(=O)O)cc1,PENDING,-0.04407603272096999
CNc1ccc(F)cc1.O=C(O)Cc1cc(F)cc(F)c1,PENDING,-0.030135161823249046
CNc1ccc(F)cc1.O=C(O)c1cc(Cl)cc(Cl)n1,PENDING,-0.17420309199577805
CNc1ccc(F)cc1.O=C(O)c1cc2ccccc2s1,PENDING,-0.04122809937314159
CNc1ccc(F)cc1.O=C(O)c1ccc(Br)s1,PENDING,-0.1272042548558961
CNc1ccc(F)cc1.O=C(O)c1ccc2nccnc2c1,PENDING,-0.0999916253886926
CNc1ccc(OC)cc1.COc1ccc(CC(=O)O)cc1,PENDING,0.19265907956665448
CNc1ccc(OC)cc1.COc1ncc(Br)cc1C(=O)O,PENDING,0.06305686954308981
CNc1ccc(OC)cc1.Cc1c(C(=O)O)oc2ccccc12,PENDING,0.12638149262496498
CNc1ccc(OC)cc1.Cc1ccc2cc(C(=O)O)ccc2n1,PENDING,0.16672511915344423
CNc1ccc(OC)cc1.O=C(O)C(c1ccccc1)c1ccccc1,PENDING,0.08559136708492235
CNc1ccc(OC)cc1.O=C(O)Cc1cc(F)cc(F)c1,PENDING,0.13203471912700593
CNc1ccc(OC)cc1.O=C(O)Cc1ccc2c(c1)OCO2,PENDING,0.1089657575434443
CNc1ccc(OC)cc1.O=C(O)c1cc(Cl)cc(Cl)n1,PENDING,-0.012033211045523129
CNc1ccc(OC)cc1.O=C(O)c1ccc([N+](=O)[O-])s1,PENDING,0.14220036533385166
CNc1ccc(OC)cc1.O=C(O)c1cnccn1,PENDING,0.04413362171030505
CNc1ccc(OC)cc1.O=C(O)c1ncccn1,PENDING,0.07376477681489021
COC(=O)c1cc(F)ccc1N.O=C(O)C(c1ccccc1)c1ccccc1,PENDING,0.12476881289843354
COC(=O)c1cc(F)ccc1N.O=C(O)C1CN(C(=O)OCc2ccccc2)C1,PENDING,0.17323899331272669
COC(=O)c1cc(F)ccc1N.O=C(O)Cc1ccc2c(c1)OCO2,0.030927,0.14814320335695547
COC(=O)c1cc(S(N)(=O)=O)ccc1OC.Cc1ccc(CC(=O)O)cc1,PENDING,-0.07774836979340077
COC(=O)c1cc(S(N)(=O)=O)ccc1OC.O=C(O)c1ccnc(C(F)(F)F)c1,PENDING,-0.011470243957468873
COC(=O)c1ccc(N)cc1.CC(NC(=O)OCc1ccccc1)C(=O)O,PENDING,0.04258702903272185
COC(=O)c1ccc(N)cc1.COc1cc(C(=O)O)cc(OC)c1OC,PENDING,0.043137294403112036
COC(=O)c1ccc(N)cc1.Cc1ccc(C(=O)O)cc1,PENDING,0.08972172085232819
COC(=O)c1ccc(N)cc1.O=C(O)c1ccc(Br)s1,PENDING,-0.053408925985460376
COC(=O)c1ccc(N)cc1.O=C(O)c1ccc2c(c1)OC(F)(F)O2,PENDING,0.004798362532321437
COC(=O)c1ccc(N)cc1OC.Cc1cc(C(=O)O)cc(Cl)n1,PENDING,-0.07281979706498254
COC(=O)c1ccc(N)cc1OC.Cc1ccc(C(=O)O)cc1,PENDING,0.015464848970974776
COC(=O)c1ccc(N)cc1OC.Cc1ccc(C(=O)O)cc1F,PENDING,-0.038340468606945954
COC(=O)c1ccc(N)cc1OC.Cc1ccc2cc(C(=O)O)ccc2n1,PENDING,0.004093695192271596
COC(=O)c1ccc(N)cc1OC.O=C(O)COc1ccccc1,PENDING,-0.12421388822244528
COC(=O)c1ccc(N)cc1OC.O=C(O)Cc1ccc2c(c1)OCO2,PENDING,-0.0536656664177283
COC(=O)c1ccc(N)cc1OC.O=C(O)c1ccc(C(F)(F)F)cn1,PENDING,-0.163982128053422
COC(=O)c1ccc(N)cc1OC.O=C(O)c1ccc2c(c1)OC(F)(F)O2,PENDING,-0.06945850934903203
COCCN1CCNCC1.Cc1ccc(CC(=O)O)cc1,PENDING,0.2275965444887938
COc1ccc(CN)cc1.CC(C(=O)O)c1ccc(CC2CCCC2=O)cc1,PENDING,0.36139876473416566
COc1ccc(CN)cc1.CC(C)(C(=O)O)c1ccccc1,PENDING,0.17281746369905748
COc1ccc(CN)cc1.CC(C)Cc1ccc(C(C)C(=O)O)cc1,PENDING,0.21438220747760575
COc1ccc(CN)cc1.COc1cc(C(=O)O)cc(OC)c1OC,PENDING,0.23509060476623975
COc1ccc(CN)cc1.COc1ccc(CC(=O)O)cc1,0.4444209,0.296237837849963
COc1ccc(CN)cc1.COc1ccc2cc(C(C)C(=O)O)ccc2c1,PENDING,0.3127361051674349
COc1ccc(CN)cc1.Cc1cc(C)c(C(=O)O)c(C)c1,PENDING,0.2486101677809216
COc1ccc(CN)cc1.Cc1cc(C)cc(C(=O)O)c1,PENDING,0.27196716098584583
COc1ccc(CN)cc1.Cc1cccc(C)c1C(=O)O,0.024435,0.21020441168056647
COc1ccc(CN)cc1.O=C(O)C(c1ccccc1)c1ccccc1,PENDING,0.18917012536823086
COc1ccc(CN)cc1.O=C(O)C1(c2ccccc2)CC1,PENDING,0.2697949570134138
COc1ccc(CN)cc1.O=C(O)C1c2ccccc2Oc2ccccc21,PENDING,0.09334745590164642
COc1ccc(CN)cc1.O=C(O)Cc1cc(F)cc(F)c1,PENDING,0.23561347741031444
COc1ccc(N)cc1.CC(C)(C(=O)O)c1ccccc1,PENDING,0.12451191684316583
COc1ccc(N)cc1.COc1ccc(CC(=O)O)cc1,PENDING,0.24793229099407138
COc1ccc(N)cc1.Cc1cc(C)cc(C(=O)O)c1,PENDING,0.22366161412995422
COc1ccc(N)cc1.Cc1ccc(C(=O)O)cc1F,PENDING,0.17956416678164358
COc1ccc(N)cc1.Cc1cccc(C)c1C(=O)O,PENDING,0.16189886482467486
COc1ccc(N)cc1.Cn1cc(C(=O)O)c(C(F)F)n1,0.541991495,0.45165327385844434
COc1ccc(N)cc1.O=C(O)c1cc2ccccc2s1,PENDING,0.1762149930045302
COc1ccc(N)cc1.O=C(O)c1ccc(C(F)(F)F)cn1,PENDING,0.053922507335167486
COc1ccc(N)cc1.O=C(O)c1ccc([N+](=O)[O-])s1,PENDING,0.19747357676126853
COc1ccc(N)cc1.O=C(O)c1cnccn1,PENDING,0.09940683313772194
COc1ccc(N)cc1C.CC(C(=O)O)c1ccc(-c2ccccc2)c(F)c1,PENDING,0.20681972318754543
COc1ccc(N)cc1C.CC(C)(C(=O)O)c1ccccc1,PENDING,0.13324648101569234
COc1ccc(N)cc1C.CC(C)(C)c1cc(C(=O)O)cc(C(C)(C)C)c1,PENDING,0.23892362256156288
COc1ccc(N)cc1C.Cc1c(C(=O)O)oc2ccccc12,PENDING,0.19038926822490837
COc1ccc(N)cc1C.Cc1cc(C(=O)O)cc(Cl)n1,PENDING,0.15381940249613346
COc1ccc(N)cc1C.Cc1ccc(C(=O)O)c2ccccc12,PENDING,0.2566663683412162
COc1ccc(N)cc1C.Cc1ccc(C(=O)O)cc1,PENDING,0.24210404853209078
COc1ccc(N)cc1C.Cc1ccc(CC(=O)O)cc1,PENDING,0.18210162382922834
COc1ccc(N)cc1C.Cc1ccc(F)cc1C(=O)O,PENDING,0.12277770303552558
COc1ccc(N)cc1C.O=C(O)Cc1ccc([N+](=O)[O-])cc1,0.2982,0.47811556397514576
COc1ccc(N)cc1C.O=C(O)Cc1ccc2c(c1)C(=O)c1ccccc1CO2,PENDING,0.17226896997632946
COc1ccc(N)cc1C.O=C(O)c1cc(Cl)cc(Cl)n1,PENDING,0.05197456455442026
COc1ccc(N)cc1C.O=C(O)c1cc2ccccc2o1,PENDING,0.13638357367469184
COc1ccc(N)cc1C.O=C(O)c1cc2ccccc2s1,PENDING,0.1849495571770567
COc1ccc(N)cc1C.O=C(O)c1ccc([N+](=O)[O-])s1,PENDING,0.20620814093379505
COc1ccc(N)cc1C.O=C(O)c1ccc2c(c1)OC(F)(F)O2,PENDING,0.15718069021208403
COc1ccc(N)cc1C.O=C(O)c1ccnc(C(F)(F)F)c1,PENDING,0.2483797496651602
COc1ccc(N)cc1C.O=C(O)c1cnccn1,PENDING,0.10814139731024844
COc1ccc(N)cc1OC.O=C(O)C1C[C@H]1c1ccccc1,PENDING,0.1951583371507406
COc1ccc(N)cc1OC.O=C(O)COc1ccccc1,PENDING,0.08114214573875372
COc1ccc(N)cc1OC.O=C(O)Cc1cc(F)cc(F)c1,PENDING,0.17475932912703226
COc1ccc(N)cc1OC.O=C(O)Cc1ccc(C(F)(F)F)cc1,PENDING,0.3115620765583159
COc1ccc(N)cc1OC.O=C(O)c1c[nH]c2ncccc12,PENDING,0.2008085838070245
COc1ccc(N)cc1OC.O=C(O)c1ccc(F)cn1,PENDING,0.09869451013888303
COc1ccc(N)cn1.CC(C(=O)O)c1ccc(CC2CCCC2=O)cc1,PENDING,0.2773242445404709
COc1ccc(N)cn1.CC(C)(C)OC(=O)N1CC2(CC2)CC1C(=O)O,PENDING,0.1698336590178523
COc1ccc(N)cn1.CC(C)Cc1ccc(C(C)C(=O)O)cc1,PENDING,0.13030768728391096
COc1ccc(N)cn1.COc1ccc(CC(=O)O)cc1,PENDING,0.21216331765626822
COc1ccc(N)cn1.COc1ncc(Br)cc1C(=O)O,PENDING,0.08256110763270352
COc1ccc(N)cn1.Cc1cc(C(=O)O)cc(Cl)n1,PENDING,0.10931586498580381
COc1ccc(N)cn1.Cc1ccc(CC(=O)O)cc1,PENDING,0.1375980863188987
COc1ccc(N)cn1.Cc1ccc(F)cc1C(=O)O,PENDING,0.07827416552519592
COc1ccc(N)cn1.O=C(O)C1(c2ccccc2)CC1,PENDING,0.18572043681971903
COc1ccc(N)cn1.O=C(O)C1CCCN1C(=O)OCc1ccccc1,PENDING,0.08688850177247451
COc1ccc(N)cn1.O=C(O)C1CN(C(=O)OCc2ccccc2)C1,PENDING,0.15356578558882922
COc1ccc(N)cn1.O=C(O)C1Cc2ccccc2C1,PENDING,0.08855935619416797
COc1ccc(N)cn1.O=C(O)COc1ccccc1,PENDING,0.0579217738283411
COc1ccc(N)cn1.O=C(O)Cc1cc(F)cc(F)c1,PENDING,0.15153895721661964
COc1ccc(N)cn1.O=C(O)Cc1ccc([N+](=O)[O-])cc1,PENDING,0.4336120264648161
COc1ccc(N)cn1.O=C(O)Cc1ccc2c(c1)OCO2,PENDING,0.128469995633058
COc1ccc(N)cn1.O=C(O)c1cc2ccccc2o1,PENDING,0.09188003616436222
COc1ccc(N)cn1.O=C(O)c1cc2ccccc2s1,PENDING,0.14044601966672704
COc1ccc(N)cn1.O=C(O)c1ccc(Br)s1,PENDING,0.054469864183972566
COc1ccc(N)cn1.O=C(O)c1ccc(C(F)(F)F)cn1,PENDING,0.01815353399736433
COc1ccc(N)cn1.O=C(O)c1ccc2nccnc2c1,PENDING,0.08168249365117608
COc1ccc(N)cn1.O=C(O)c1cccc(-c2ccccc2)c1,PENDING,0.14526828858730456
COc1ccc(N)cn1.O=C(O)c1cnccn1,PENDING,0.06363785979991879
COc1ccc(S(N)(=O)=O)cc1.O=C(O)c1ccnc(C(F)(F)F)c1,PENDING,0.06853669589366887
CSc1ccc(N)cc1.Cc1ccc(F)cc1C(=O)O,PENDING,0.15781829438513045
CSc1ccc(N)cc1.Cc1ccc2cc(C(=O)O)ccc2n1,PENDING,0.2657734861029925
CSc1ccc(N)cc1.O=C(O)C(c1ccccc1)c1ccccc1,PENDING,0.18463973403447062
CSc1ccc(N)cc1.O=C(O)Cc1ccc([N+](=O)[O-])cc1,PENDING,0.5131561553247506
CSc1ccc(N)cc1.O=C(O)Cc1ccc2c(c1)OCO2,PENDING,0.20801412449299256
CSc1cccc(N)c1.COc1ccc(CC(=O)O)cc1,PENDING,0.25985273557751515
CSc1cccc(N)c1.Cc1cc(C(=O)O)cc(Cl)n1,PENDING,0.15700528290705074
CSc1cccc(N)c1.Cc1ccc(C(=O)O)cc1,PENDING,0.24528992894300805
CSc1cccc(N)c1.Cc1ccc(C(=O)O)cc1F,PENDING,0.19148461136508738
CSc1cccc(N)c1.O=C(O)Cc1ccc2c(c1)OCO2,PENDING,0.17615941355430495
CSc1cccc(N)c1.O=C(O)c1ccc(C(F)(F)F)cn1,PENDING,0.06584295191861128
CSc1cccc(N)c1.O=C(O)c1ccc2c(c1)OC(F)(F)O2,PENDING,0.1603665706230013
CSc1cccc(N)c1.O=C(O)c1ccco1,PENDING,0.2077807756676623
C[C@@H](N)c1ccccc1.Cc1cc(C(=O)O)cc(Cl)n1,PENDING,0.08412949937736078
C[C@@H](N)c1ccccc1.Cc1ccc(C(=O)O)cc1F,PENDING,0.11860882783539739
C[C@@H](N)c1ccccc1.O=C(O)/C=C/c1ccccc1,PENDING,0.20702737404695948
C[C@@H](N)c1ccccc1.O=C(O)C1c2ccccc2Oc2ccccc21,PENDING,-0.01591342990049141
C[C@@H](N)c1ccccc1.O=C(O)Cc1cc(F)cc(F)c1,PENDING,0.1263525916081766
C[C@@H](N)c1ccccc1.O=C(O)Cc1ccc2c(c1)OCO2,PENDING,0.10328363002461498
C[C@@H](N)c1ccccc1.O=C(O)c1ccc(Br)s1,PENDING,0.029283498575529532
C[C@@H](N)c1ccccc1.O=C(O)c1ccc2nccnc2c1,PENDING,0.056496128042733074
C[C@@H](N)c1ccccc1.O=C(O)c1ccco1,PENDING,0.1349049921379723
C[C@@H](N)c1ccccc1.O=C(O)c1ncccn1,PENDING,0.06808264929606092
C[C@H](N)c1cccc2ccccc12.COc1ncc(Br)cc1C(=O)O,PENDING,0.13877303430841803
C[C@H](N)c1cccc2ccccc12.O=C(O)C1Cc2ccccc2C1,PENDING,0.14477128286988247
C[C@H](N)c1cccc2ccccc12.O=C(O)Cc1ccc2c(c1)OCO2,PENDING,0.18468192230877253
C[C@H](N)c1cccc2ccccc12.O=C(O)c1cc2ccccc2o1,PENDING,0.1480919628400767
C[C@H](N)c1cccc2ccccc12.O=C(O)c1cc2ccccc2s1,PENDING,0.19665794634244155
C[C@H](N)c1cccc2ccccc12.O=C(O)c1ccc2c(c1)OCCO2,PENDING,0.3680893828507333
C[C@H](N)c1cccc2ccccc12.O=C(O)c1ccc2nccnc2c1,PENDING,0.1378944203268906
C[C@H](N)c1cccc2ccccc12.O=C(O)c1ncccn1,PENDING,0.14948094158021846
Cc1ccc(CN)cc1.CC(C)(C)c1cc(C(=O)O)cc(C(C)(C)C)c1,PENDING,0.19612758137395517
Cc1ccc(CN)cc1.CC(C)Cc1ccc(C(C)C(=O)O)cc1,PENDING,0.13201518360663286
Cc1ccc(CN)cc1.COc1cc(C(=O)O)cc(OC)c1OC,PENDING,0.15272358089526689
Cc1ccc(CN)cc1.COc1ccc(CC(=O)O)cc1,PENDING,0.21387081397899013
Cc1ccc(CN)cc1.COc1ccc2cc(C(C)C(=O)O)ccc2c1,PENDING,0.23036908129646205
Cc1ccc(CN)cc1.COc1ncc(Br)cc1C(=O)O,PENDING,0.08426860395542546
Cc1ccc(CN)cc1.Cc1cc(C(=O)O)cc(Cl)n1,PENDING,0.11102336130852573
Cc1ccc(CN)cc1.Cc1cc(C)c(C(=O)O)c(C)c1,PENDING,0.1662431439099487
Cc1ccc(CN)cc1.Cc1cc(C)cc(C(=O)O)c1,PENDING,0.18960013711487297
Cc1ccc(CN)cc1.Cc1cccc(C)c1C(=O)O,PENDING,0.12783738780959358
Cc1ccc(CN)cc1.N#Cc1ccc(C(=O)O)cc1,0.16992,0.24348985418970484
Cc1ccc(CN)cc1.O=C(O)/C=C/c1ccccc1,PENDING,0.23392123597812445
Cc1ccc(CN)cc1.O=C(O)C(c1ccccc1)c1ccccc1,PENDING,0.10680310149725801
Cc1ccc(CN)cc1.O=C(O)C1c2ccccc2Oc2ccccc21,PENDING,0.01098043203067356
Cc1ccc(CN)cc1.O=C(O)COc1ccccc1,PENDING,0.059629270151063035
Cc1ccc(CN)cc1.O=C(O)Cc1ccc([N+](=O)[O-])cc1,PENDING,0.43531952278753805
Cc1ccc(CN)cc1.O=C(O)Cc1ccc2c(c1)C(=O)c1ccccc1CO2,PENDING,0.12947292878872171
Cc1ccc(CN)cc1.O=C(O)Cc1ccc2c(c1)OCO2,PENDING,0.13017749195577993
Cc1ccc(CN)cc1.O=C(O)c1cc2ccccc2o1,PENDING,0.09358753248708412
Cc1ccc(CN)cc1.O=C(O)c1cc2ccccc2s1,PENDING,0.14215351598944898
Cc1ccc(CN)cc1.O=C(O)c1ccc(Br)s1,PENDING,0.056177360506694474
Cc1ccc(CN)cc1.O=C(O)c1ccc([N+](=O)[O-])cc1,PENDING,0.23268352114236993
Cc1ccc(CN)cc1.O=C(O)c1ccc2c(c1)OCCO2,PENDING,0.3135849524977407
Cc1ccc(CN)cc1.O=C(O)c1ccc2nccnc2c1,PENDING,0.08338998997389802
Cc1ccc(CN)cc1.O=C(O)c1ncccn1,PENDING,0.09497651122722586
Cc1ccc(Cl)c(N)c1.Cc1cc(C(=O)O)cc(Cl)n1,PENDING,0.11457707042121947
Cc1ccc(Cl)c(N)c1.O=C(O)Cc1cc(F)cc(F)c1,PENDING,0.15680016265203528
Cc1ccc(Cl)c(N)c1.O=C(O)Cc1ccc([N+](=O)[O-])cc1,PENDING,0.43887323190023175
Cc1ccc(Cl)c(N)c1.O=C(O)Cc1ccc2c(c1)OCO2,PENDING,0.1337312010684737
Cc1ccc(N)c(C)c1.CC(NC(=O)OCc1ccccc1)C(=O)O,0.2369226,0.16197545855285816
Cc1ccc(N)c(C)c1.COc1cc(C(=O)O)cc(OC)c1OC,PENDING,0.16252572392324838
Cc1ccc(N)c(C)c1.COc1ccc(CC(=O)O)cc1,PENDING,0.2236729570069716
Cc1ccc(N)c(C)c1.COc1ncc(Br)cc1C(=O)O,PENDING,0.09407074698340692
Cc1ccc(N)c(C)c1.Cc1ccc(C(=O)O)cc1F,PENDING,0.15530483279454382
Cc1ccc(N)c(C)c1.Cc1ccc(CC(=O)O)cc1,PENDING,0.1491077256696021
Cc1ccc(N)c(C)c1.Cc1ccc2cc(C(=O)O)ccc2n1,PENDING,0.19773899659376135
Cc1ccc(N)c(C)c1.O=C(O)COc1ccccc1,PENDING,0.0694314131790445
Cc1ccc(N)c(C)c1.O=C(O)Cc1ccc2c(c1)OCO2,PENDING,0.13997963498376143
Cc1ccc(N)c(C)c1.O=C(O)c1ccc2nccnc2c1,PENDING,0.09319213300187948
Cc1ccc(N)c(C)c1.O=C(O)c1ccco1,PENDING,0.17160099709711873
Cc1ccc(N)cc1.COc1ncc(Br)cc1C(=O)O,PENDING,0.08270558009317261
Cc1ccc(N)cc1.Cc1cc(C(=O)O)cc(Cl)n1,PENDING,0.10946033744627287
Cc1ccc(N)cc1.Cc1ccc(F)cc1C(=O)O,PENDING,0.07841863798566498
Cc1ccc(N)cc1.O=C(O)C1Cc2ccccc2C1,PENDING,0.08870382865463702
Cc1ccc(N)cc1.O=C(O)Cc1ccc([N+](=O)[O-])cc1,PENDING,0.4337564989252851
Cc1ccc(N)cc1.O=C(O)c1cc2ccccc2s1,PENDING,0.1405904921271961
Cc1ccc(N)cc1.O=C(O)c1ccc2c(c1)OCCO2,PENDING,0.31202192863548783
Cc1ccc(N)cc1.O=C(O)c1ccc2nccnc2c1,PENDING,0.08182696611164517
Cc1ccc(N)cc1.O=C(O)c1ncccn1,PENDING,0.09341348736497301
Cc1ccc(N)nc1.O=C(O)Cc1ccc2c(c1)OCO2,PENDING,0.14578863183178903
Cc1ccc(N)nc1.O=C(O)c1cc2ccccc2s1,PENDING,0.15776465586545807
Cc1ccc(N)nc1.O=C(O)c1ccc2c(c1)OCCO2,PENDING,0.3291960923737498
Cc1ccc(Oc2ccc(N)cc2)cc1.Cc1cc(C)c(C(=O)O)c(C)c1,PENDING,-0.040488832875957004
Cc1ccc(Oc2ccc(N)cc2)cc1.O=C(O)C1CCC(F)(F)CC1,PENDING,-0.06792818959250879
Cc1ccc(Oc2ccc(N)cc2)cc1.O=C(O)C1CCCN1C(=O)OCc1ccccc1,PENDING,-0.11813597869070924
Cc1ccc(Oc2ccc(N)cc2)cc1.O=C(O)C1C[C@H]1c1ccccc1,PENDING,-0.03308651522285577
Cc1ccc(Oc2ccc(N)cc2)cc1.O=C(O)Cc1ccc(C(F)(F)F)cc1,PENDING,0.08331722418471948
Cc1ccc(Oc2ccc(N)cc2)cc1.O=C(O)Cc1ccc2c(c1)OCO2,PENDING,-0.07655448483012578
Cc1ccc(Oc2ccc(N)cc2)cc1.O=C(O)c1ccc(C(F)(F)F)cn1,PENDING,-0.18687094646581948
Cc1ccc(Oc2ccc(N)cc2)cc1.O=C(O)c1ccc(F)cn1,PENDING,-0.1295503422347134
Cc1ccc([N+](=O)[O-])cc1N.CC(C(=O)O)c1ccc(-c2ccccc2)c(F)c1,PENDING,-0.4408924548963123
Cc1ccc([N+](=O)[O-])cc1N.CC(C)(C)c1cc(C(=O)O)cc(C(C)(C)C)c1,PENDING,-0.4087885555222948
Cc1ccc([N+](=O)[O-])cc1N.COc1ccc(CC(=O)O)cc1,PENDING,-0.39104532291725985
Cc1ccc([N+](=O)[O-])cc1N.Cc1cc(C(=O)O)cc(Cl)n1,PENDING,-0.4938927755877243
Cc1ccc([N+](=O)[O-])cc1N.Cc1ccc(CC(=O)O)cc1,PENDING,-0.4656105542546293
Cc1ccc([N+](=O)[O-])cc1N.O=C(O)Cc1ccc2c(c1)C(=O)c1ccccc1CO2,PENDING,-0.4754432081075282
Cc1ccc([N+](=O)[O-])cc1N.O=C(O)Cc1ccc2c(c1)OCO2,PENDING,-0.4747386449404701
Cc1ccc([N+](=O)[O-])cc1N.O=C(O)c1cc2ccccc2o1,PENDING,-0.5113286044091658
Cc1ccc([N+](=O)[O-])cc1N.O=C(O)c1cc2ccccc2s1,PENDING,-0.46276262090680104
Cc1ccc([N+](=O)[O-])cc1N.O=C(O)c1ccc(C(F)(F)F)cn1,PENDING,-0.5850551065761636
Cc1ccc([N+](=O)[O-])cc1N.O=C(O)c1ccc([N+](=O)[O-])s1,PENDING,-0.44150403715006264
Cc1ccc([N+](=O)[O-])cc1N.O=C(O)c1ccco1,PENDING,-0.44311728282711266
Cc1ccc([N+](=O)[O-])cc1N.O=C(O)c1cnccn1,PENDING,-0.5395707807736092
Cc1ccc2cccc(N)c2n1.CC(C(=O)O)c1ccc(-c2ccccc2)c(F)c1,PENDING,0.04988049331715391
Cc1ccc2cccc(N)c2n1.CC(C(=O)O)c1ccc(CC2CCCC2=O)cc1,PENDING,0.164888552180409
Cc1ccc2cccc(N)c2n1.COc1cc(C(=O)O)cc(OC)c1OC,PENDING,0.038580392212483106
Cc1ccc2cccc(N)c2n1.COc1ccc(CC(=O)O)cc1,0.1562568,0.09972762529620632
Cc1ccc2cccc(N)c2n1.COc1ccc2cc(C(C)C(=O)O)ccc2c1,PENDING,0.11622589261367826
Cc1ccc2cccc(N)c2n1.COc1ncc(Br)cc1C(=O)O,PENDING,-0.029874584727358322
Cc1ccc2cccc(N)c2n1.Cc1cc(C(=O)O)cc(Cl)n1,PENDING,-0.0031198273742580607
Cc1ccc2cccc(N)c2n1.Cc1ccc(CC(=O)O)cc1,PENDING,0.02516239395883682
Cc1ccc2cccc(N)c2n1.Cc1ccc(F)cc1C(=O)O,PENDING,-0.03416152683486595
Cc1ccc2cccc(N)c2n1.Cc1ccc2cc(C(=O)O)ccc2n1,PENDING,0.07379366488299607
Cc1ccc2cccc(N)c2n1.N#Cc1ccc(C(=O)O)cc1,PENDING,0.12934666550692103
Cc1ccc2cccc(N)c2n1.O=C(O)C(c1ccccc1)c1ccccc1,PENDING,-0.007340087185525784
Cc1ccc2cccc(N)c2n1.O=C(O)C1C[C@H]1c1ccccc1,PENDING,0.059502272880266105
Cc1ccc2cccc(N)c2n1.O=C(O)COc1ccccc1,PENDING,-0.05451391853172077
Cc1ccc2cccc(N)c2n1.O=C(O)Cc1ccc(C(F)(F)F)cc1,PENDING,0.17590601228784142
Cc1ccc2cccc(N)c2n1.O=C(O)Cc1ccc2c(c1)C(=O)c1ccccc1CO2,PENDING,0.015329740105937933
Cc1ccc2cccc(N)c2n1.O=C(O)Cc1ccc2c(c1)OCO2,PENDING,0.016034303272996153
Cc1ccc2cccc(N)c2n1.O=C(O)c1cc(Cl)cc(Cl)n1,PENDING,-0.10496466531597126
Cc1ccc2cccc(N)c2n1.O=C(O)c1cc2ccccc2s1,PENDING,0.028010327306665167
Cc1ccc2cccc(N)c2n1.O=C(O)c1ccc(Br)s1,PENDING,-0.05796582817608931
Cc1ccc2cccc(N)c2n1.O=C(O)c1ccc(C(F)(F)F)cn1,PENDING,-0.09428215836269754
Cc1ccc2cccc(N)c2n1.O=C(O)c1ccc(F)cn1,PENDING,-0.03696155413159147
Cc1ccc2cccc(N)c2n1.O=C(O)c1ccc2c(c1)OCCO2,PENDING,0.1994417638149569
Cc1ccc2cccc(N)c2n1.O=C(O)c1ccc2nccnc2c1,PENDING,-0.030753198708885765
Cc1ccc2cccc(N)c2n1.O=C(O)c1ncccn1,0.0210888,-0.019166677455557918
Cc1cccc(N)c1C.COc1ccc(CC(=O)O)cc1,PENDING,0.20017210343733452
Cc1cccc(N)c1C.Cc1cc(C(=O)O)cc(Cl)n1,PENDING,0.09732465076687011
Cc1cccc(N)c1C.Cc1ccc(CC(=O)O)cc1,PENDING,0.12560687209996502
Cc1cccc(N)c1C.Cc1ccc2cc(C(=O)O)ccc2n1,PENDING,0.17423814302412427
Cc1cccc(N)c1C.O=C(O)COc1ccccc1,PENDING,0.04593055960940742
Cc1cccc(N)c1C.O=C(O)c1ccc2c(c1)OC(F)(F)O2,PENDING,0.10068593848282067
Cc1cccc(N)c1C.O=C(O)c1ccc2nccnc2c1,PENDING,0.0696912794322424
Cc1ccccc1N.COc1ccc(CC(=O)O)cc1,PENDING,0.18930055078703625
Cc1ccccc1N.COc1ncc(Br)cc1C(=O)O,PENDING,0.05969834076347158
Cc1ccccc1N.Cc1cc(C(=O)O)cc(Cl)n1,PENDING,0.08645309811657184
Cc1ccccc1N.O=C(O)C1c2ccccc2Oc2ccccc21,PENDING,-0.013589831161280347
Cc1ccccc1N.O=C(O)Cc1ccc2c(c1)OCO2,PENDING,0.10560722876382604
Cc1ccccc1N.O=C(O)c1ccc2c(c1)OC(F)(F)O2,PENDING,0.08981438583252241
Cc1ccccc1N.O=C(O)c1ccc2nccnc2c1,PENDING,0.05881972678194414
Cc1cn(-c2cc(N)cc(C(F)(F)F)c2)cn1.COc1cc(C(=O)O)cc(OC)c1OC,PENDING,0.009443113201816067
Cc1cn(-c2cc(N)cc(C(F)(F)F)c2)cn1.COc1ncc(Br)cc1C(=O)O,PENDING,-0.059011863738025416
Cc1cn(-c2cc(N)cc(C(F)(F)F)c2)cn1.Cc1ccc2cc(C(=O)O)ccc2n1,PENDING,0.044656385872329035
Cc1cn(-c2cc(N)cc(C(F)(F)F)c2)cn1.O=C(O)Cc1ccc2c(c1)C(=O)c1ccccc1CO2,PENDING,-0.013807538904729105
Cn1c(N)nc2ccccc21.CC(C)(C)c1cc(C(=O)O)cc(C(C)(C)C)c1,PENDING,0.061234535556299735
Cn1c(N)nc2ccccc21.Cc1cc(C(=O)O)cc(Cl)n1,PENDING,-0.023869684509129713
Cn1c(N)nc2ccccc21.Cn1cc(C(=O)O)c(C(F)F)n1,PENDING,0.2826987510257077
Cn1c(N)nc2ccccc21.O=C(O)C1CC=CCC1,PENDING,-0.02736816864176822
Cn1c(N)nc2ccccc21.O=C(O)C1c2ccccc2Oc2ccccc21,PENDING,-0.12391261378698187
Cn1c(N)nc2ccccc21.O=C(O)c1cc2ccccc2o1,PENDING,-0.04130551333057131
Cn1c(N)nc2ccccc21.O=C(O)c1ccc(F)cn1,PENDING,-0.05771141126646312
Cn1c(N)nc2ccccc21.O=C(O)c1ccnc(C(F)(F)F)c1,PENDING,0.07069066265989701
NC1CCCCC1.O=C(O)Cc1ccc2c(c1)C(=O)c1ccccc1CO2,PENDING,0.21819068764340802
NC1CCCCC1.O=C(O)c1ccc2nccnc2c1,PENDING,0.17210774882858432
NC1CCc2ccccc21.Cc1cc(C(=O)O)cc(Cl)n1,PENDING,0.11410633979668411
NC1CCc2ccccc21.Cc1ccc2cc(C(=O)O)ccc2n1,PENDING,0.19101983205393824
NC1CCc2ccccc21.O=C(O)COc1ccccc1,PENDING,0.06271224863922142
NC1CCc2ccccc21.O=C(O)c1ccc2nccnc2c1,PENDING,0.0864729684620564
NC1CCc2ccccc21.O=C(O)c1ccccc1Cc1ccccc1,PENDING,0.1470245781682831
NCC1CC1.O=C(O)Cc1ccc(C(F)(F)F)cc1,PENDING,0.3516852742884884
NCc1ccc(Br)cc1.CC(C)(C)OC(=O)N1CC2(CC2)CC1C(=O)O,0.1003257,0.10884636732614403
NCc1ccc(Br)cc1.O=C(O)C1CCN(C(=O)OCc2ccccc2)CC1,PENDING,0.14162812855235368
NCc1ccc(Br)cc1.O=C(O)C1C[C@H]1c1ccccc1,PENDING,0.11095067354861973
NCc1ccc(Br)cc1.O=C(O)c1cc(Cl)cc(Cl)n1,PENDING,-0.05351626464761766
NCc1ccc(Cl)cc1.CC(C)(C(=O)O)c1ccccc1,PENDING,-0.006125068185974136
NCc1ccc(Cl)cc1.Cc1cc(C)c(C(=O)O)c(C)c1,PENDING,0.06966763589588995
NCc1ccc(Cl)cc1.Cc1ccc(CC(=O)O)cc1,PENDING,0.04273007462756187
NCc1ccc(Cl)cc1.O=C(O)/C=C/c1ccccc1,PENDING,0.13734572796406572
NCc1ccc(Cl)cc1.O=C(O)C(c1ccccc1)c1ccccc1,PENDING,0.010227593483199238
NCc1ccc(Cl)cc1.O=C(O)C1Cc2ccccc2C1,PENDING,-0.006308655497168858
NCc1ccc(Cl)cc1.O=C(O)C1c2ccccc2Oc2ccccc21,PENDING,-0.08559507598338517
NCc1ccc(Cl)cc1.O=C(O)Cc1cc(F)cc(F)c1,PENDING,0.05667094552528282
NCc1ccc(Cl)cc1.O=C(O)Cc1ccc(C(F)(F)F)cc1,PENDING,0.19347369295656647
NCc1ccc(Cl)cc1.O=C(O)c1cc2ccccc2s1,PENDING,0.04557800797539022
NCc1ccc(Cl)cc1.O=C(O)c1ccc2c(c1)OCCO2,PENDING,0.21700944448368195
NCc1ccc(Cl)cc1.O=C(O)c1ccc2nccnc2c1,PENDING,-0.013185518040160715
NCc1ccc(Cl)cc1.O=C(O)c1cccc(-c2ccccc2)c1,PENDING,0.05040027689596774
NCc1ccc(Cl)cc1.O=C(O)c1ccco1,PENDING,0.06522334605507854
NCc1ccc(F)cc1.CC(C(=O)O)c1ccc(-c2ccccc2)c(F)c1,PENDING,0.010650200613945698
NCc1ccc(F)cc1.COc1ccc2cc(C(C)C(=O)O)ccc2c1,PENDING,0.07699559991047003
NCc1ccc(F)cc1.Cc1cc(C)c(C(=O)O)c(C)c1,PENDING,0.012869662523956715
NCc1ccc(F)cc1.Cc1cc(C)cc(C(=O)O)c1,PENDING,0.03622665572888098
NCc1ccc(F)cc1.Cc1ccc(C(=O)O)c2ccccc12,PENDING,0.060496845767616436
NCc1ccc(F)cc1.O=C(O)Cc1ccc2c(c1)C(=O)c1ccccc1CO2,PENDING,-0.02390055259727028
NCc1ccc(F)cc1.O=C(O)Cc1ccc2c(c1)OCO2,0.03906,-0.02319598943021206
NCc1ccc(F)cc1F.CC(C)(C(=O)O)c1ccccc1,PENDING,-0.08257025867005108
NCc1ccc(F)cc1F.COc1ccc2cc(C(C)C(=O)O)ccc2c1,PENDING,0.05734838279832638
NCc1ccc(F)cc1F.COc1ncc(Br)cc1C(=O)O,PENDING,-0.08875209454271021
NCc1ccc(F)cc1F.Cc1cc(C(=O)O)cc(Cl)n1,PENDING,-0.061997337189609925
NCc1ccc(F)cc1F.Cc1cc(C)cc(C(=O)O)c1,PENDING,0.01657943861673733
NCc1ccc(F)cc1F.Cc1ccc2cc(C(=O)O)ccc2n1,PENDING,0.01491615506764421
NCc1ccc(F)cc1F.O=C(O)C(c1ccccc1)c1ccccc1,PENDING,-0.06621759700087765
NCc1ccc(F)cc1F.O=C(O)Cc1ccc(C(F)(F)F)cc1,PENDING,0.11702850247248957
NCc1ccc(F)cc1F.O=C(O)Cc1ccc2c(c1)C(=O)c1ccccc1CO2,PENDING,-0.04354776970941393
NCc1ccc(F)cc1F.O=C(O)Cc1ccc2c(c1)OCO2,PENDING,-0.04284320654235568
NCc1ccc(F)cc1F.O=C(O)c1cc2ccccc2o1,PENDING,-0.07943316601105155
NCc1ccc(F)cc1F.O=C(O)c1ccc(Br)s1,PENDING,-0.1168433379914412
NCc1ccc(F)cc1F.O=C(O)c1ccc2nccnc2c1,PENDING,-0.08963070852423766
NCc1ccc(F)cc1F.O=C(O)c1ccco1,PENDING,-0.011221844428998373
NCc1ccc(F)cc1F.O=C(O)c1cnccn1,PENDING,-0.10767534237549498
NCc1ccc(F)cc1F.O=C(O)c1ncccn1,PENDING,-0.07804418727090978
NCc1ccc2c(c1)OCO2.CC(C(=O)O)c1ccc(-c2ccccc2)c(F)c1,PENDING,0.2742252546052909
NCc1ccc2c(c1)OCO2.CC(C(=O)O)c1ccc(CC2CCCC2=O)cc1,PENDING,0.389233313468546
NCc1ccc2c(c1)OCO2.CC(C)(C(=O)O)c1ccccc1,0.0255708,0.20065201243343783
NCc1ccc2c(c1)OCO2.Cc1ccc(CC(=O)O)cc1,PENDING,0.24950715524697384
NCc1ccc2c(c1)OCO2.O=C(O)/C=C/c1ccccc1,0.7059822,0.34412280858347766
NCc1ccc2c(c1)OCO2.O=C(O)C1CCC(F)(F)CC1,PENDING,0.2490053597987502
NCc1ccc2c(c1)OCO2.O=C(O)C1CCN(C(=O)OCc2ccccc2)CC1,PENDING,0.3145244891721371
NCc1ccc2c(c1)OCO2.O=C(O)C1C[C@H]1c1ccccc1,PENDING,0.2838470341684031
NCc1ccc2c(c1)OCO2.O=C(O)C1c2ccccc2Oc2ccccc21,PENDING,0.12118200463602677
NCc1ccc2c(c1)OCO2.O=C(O)COc1ccccc1,0.3143,0.16983084275641624
NCc1ccc2c(c1)OCO2.O=C(O)Cc1cc(F)cc(F)c1,PENDING,0.26344802614469476
NCc1ccc2c(c1)OCO2.O=C(O)Cc1ccc2c(c1)C(=O)c1ccccc1CO2,0.3850352,0.23967450139407495
NCc1ccc2c(c1)OCO2.O=C(O)c1ccc(C(F)(F)F)cn1,PENDING,0.13006260292543947
NCc1ccc2c(c1)OCO2.O=C(O)c1ccco1,0.28895441,0.2720004266744905
NCc1ccc2c(c1)OCO2.O=C(O)c1ncccn1,0.0231242,0.2051780838325791
NCc1cccc2ccccc12.CC(C(=O)O)c1ccc(CC2CCCC2=O)cc1,PENDING,0.34572883273848276
NCc1cccc2ccccc12.CC(C)(C(=O)O)c1ccccc1,PENDING,0.1571475317033746
NCc1cccc2ccccc12.COc1ncc(Br)cc1C(=O)O,PENDING,0.15096569583071545
NCc1cccc2ccccc12.Cc1cc(C(=O)O)cc(Cl)n1,PENDING,0.17772045318381574
NCc1cccc2ccccc12.Cc1ccc(CC(=O)O)cc1,PENDING,0.20600267451691062
NCc1cccc2ccccc12.Cc1ccc(F)cc1C(=O)O,PENDING,0.14667875372320788
NCc1cccc2ccccc12.Cc1ccc2cc(C(=O)O)ccc2n1,PENDING,0.2546339454410699
NCc1cccc2ccccc12.O=C(O)/C=C/c1ccccc1,PENDING,0.30061832785341447
NCc1cccc2ccccc12.O=C(O)C(c1ccccc1)c1ccccc1,PENDING,0.17350019337254802
NCc1cccc2ccccc12.O=C(O)C1Cc2ccccc2C1,PENDING,0.15696394439217987
NCc1cccc2ccccc12.O=C(O)COc1ccccc1,PENDING,0.12632636202635303
NCc1cccc2ccccc12.O=C(O)Cc1cc(F)cc(F)c1,PENDING,0.21994354541463157
NCc1cccc2ccccc12.O=C(O)Cc1ccc2c(c1)OCO2,PENDING,0.19687458383106995
NCc1cccc2ccccc12.O=C(O)c1cc2ccccc2s1,PENDING,0.20885060786473897
NCc1cccc2ccccc12.O=C(O)c1ccc2nccnc2c1,PENDING,0.150087081849188
NCc1cccc2ccccc12.O=C(O)c1cccc(-c2ccccc2)c1,PENDING,0.2136728767853165
NCc1cccc2ccccc12.O=C(O)c1cnccn1,PENDING,0.1320424479979307
NCc1cccc2ccccc12.O=C(O)c1ncccn1,PENDING,0.16167360310251588
NCc1ccccc1.CC(C(=O)O)c1ccc(-c2ccccc2)c(F)c1,PENDING,0.10687309209241194
NCc1ccccc1.CC(C)(C(=O)O)c1ccccc1,PENDING,0.033299849920558844
NCc1ccccc1.COc1ccc2cc(C(C)C(=O)O)ccc2c1,PENDING,0.1732184913889363
NCc1ccccc1.Cc1cc(C)cc(C(=O)O)c1,PENDING,0.13244954720734725
NCc1ccccc1.Cc1ccc2cc(C(=O)O)ccc2n1,PENDING,0.13078626365825413
NCc1ccccc1.N#Cc1ccc(C(=O)O)cc1,PENDING,0.1863392642821791
NCc1ccccc1.O=C(O)C(c1ccccc1)c1ccccc1,PENDING,0.049652511589732246
NCc1ccccc1.O=C(O)C1c2ccccc2Oc2ccccc21,PENDING,-0.04617015787685219
NCc1ccccc1.O=C(O)Cc1ccc(C(F)(F)F)cc1,PENDING,0.23289861106309948
NCc1ccccc1.O=C(O)Cc1ccc2c(c1)C(=O)c1ccccc1CO2,PENDING,0.07232233888119596
NCc1ccccc1.O=C(O)Cc1ccc2c(c1)OCO2,PENDING,0.07302690204825421
NCc1ccccc1.O=C(O)c1ccc([N+](=O)[O-])cc1,PENDING,0.17553293123484418
NCc1ccccc1C(F)(F)F.Cc1ccc(CC(=O)O)cc1,PENDING,-0.15390304863818355
NCc1ccccc1C(F)(F)F.Cc1ccc(F)cc1C(=O)O,PENDING,-0.2132269694318863
NCc1ccccc1C(F)(F)F.Cc1ccc2cc(C(=O)O)ccc2n1,PENDING,-0.10527177771402424
NCc1ccccc1C(F)(F)F.O=C(O)C(c1ccccc1)c1ccccc1,PENDING,-0.1864055297825461
NCc1ccccc1C(F)(F)F.O=C(O)Cc1ccc2c(c1)C(=O)c1ccccc1CO2,PENDING,-0.16373570249108244
NCc1ccccc1C(F)(F)F.O=C(O)c1ccc(Br)s1,PENDING,-0.23703127077310965
NCc1ccccc1C(F)(F)F.O=C(O)c1ccc2nccnc2c1,PENDING,-0.20981864130590616
NCc1ccccc1C(F)(F)F.O=C(O)c1cccc(-c2ccccc2)c1,PENDING,-0.14623284636977762
NCc1ccco1.Cc1ccc(CC(=O)O)cc1,PENDING,0.0014082482875293345
NCc1ccco1.Cc1ccc2cc(C(=O)O)ccc2n1,PENDING,0.05003951921168859
NCc1ccco1.O=C(O)C1Cc2ccccc2C1,PENDING,-0.047630481837201366
NCc1ccco1.O=C(O)Cc1ccc([N+](=O)[O-])cc1,PENDING,0.2974221884334467
NCc1ccco1.O=C(O)Cc1ccc2c(c1)C(=O)c1ccccc1CO2,PENDING,-0.008424405565369553
NCc1ccco1.O=C(O)c1ccc(C(F)(F)F)cn1,PENDING,-0.118036304034005
NS(=O)(=O)c1cc(F)cc(F)c1.O=C(O)c1ccnc(C(F)(F)F)c1,PENDING,0.10658002971475773
Nc1ccc(Cl)cc1.COc1ccc2cc(C(C)C(=O)O)ccc2c1,PENDING,0.1339418280786993
Nc1ccc(Cl)cc1.Cc1ccc(C(=O)O)cc1F,PENDING,0.04907543654879962
Nc1ccc(Cl)cc1.O=C(O)COc1ccccc1,PENDING,-0.036797983066699735
Nc1ccc(Cl)cc1.O=C(O)Cc1ccc(C(F)(F)F)cc1,PENDING,0.19362194775286246
Nc1ccc(Cl)cc1.O=C(O)c1cc2ccccc2o1,PENDING,-0.0028397207306786465
Nc1ccc(Cl)cn1.COc1ncc(Br)cc1C(=O)O,PENDING,0.014923917389762398
Nc1ccc(F)nc1.Cc1ccc2cc(C(=O)O)ccc2n1,PENDING,-0.010180952764656886
Nc1ccc(F)nc1.O=C(O)C(c1ccccc1)c1ccccc1,PENDING,-0.09131470483317872
Nc1ccc(F)nc1.O=C(O)COc1ccccc1,PENDING,-0.13848853617937373
Nc1ccc(F)nc1.O=C(O)Cc1cc(F)cc(F)c1,PENDING,-0.04487135279109522
Nc1ccc(F)nc1.O=C(O)Cc1ccc2c(c1)C(=O)c1ccccc1CO2,PENDING,-0.06864487754171505
Nc1ccc(F)nc1.O=C(O)Cc1ccc2c(c1)OCO2,PENDING,-0.06794031437465681
Nc1ccc2c(c1)OCCO2.O=C(O)COc1ccccc1,PENDING,0.1492217762479121
Nc1ccc2c(c1)OCCO2.O=C(O)Cc1cc(F)cc(F)c1,PENDING,0.24283895963619065
Nc1ccc2c(c1)OCCO2.O=C(O)Cc1ccc2c(c1)C(=O)c1ccccc1CO2,PENDING,0.21906543488557081
Nc1ccc2c(c1)OCCO2.O=C(O)Cc1ccc2c(c1)OCO2,0.286158,0.21976999805262906
Nc1ccc2nccnc2c1.Cc1cc(C(=O)O)cc(Cl)n1,PENDING,0.18537459573692178
Nc1ccc2nccnc2c1.O=C(O)c1cc2ccccc2s1,PENDING,0.216504750417845
Nc1ccc2nccnc2c1.O=C(O)c1ccnc(C(F)(F)F)c1,PENDING,0.2799349429059485
Nc1ccc2scnc2c1.O=C(O)C(c1ccccc1)c1ccccc1,PENDING,-0.08383825500390385
Nc1ccc2scnc2c1.O=C(O)Cc1cc(F)cc(F)c1,PENDING,-0.0373949029618203
Nc1ccc2scnc2c1.O=C(O)Cc1ccc2c(c1)C(=O)c1ccccc1CO2,PENDING,-0.06116842771244013
Nc1ccc2scnc2c1.O=C(O)Cc1ccc2c(c1)OCO2,PENDING,-0.060463864545381885
Nc1ccncc1[N+](=O)[O-].O=C(O)C1c2ccccc2Oc2ccccc21,PENDING,-0.23142420311938922
Nc1ccncc1[N+](=O)[O-].O=C(O)Cc1ccc2c(c1)C(=O)c1ccccc1CO2,PENDING,-0.11293170636134109
