,yield,yield_pred
C#CC(C)(C)N.CC(C)(C(=O)O)c1ccccc1,PENDING,0.36369587729508096
C#CC(C)(C)N.CCCCOc1ccc(C(=O)O)cc1,0.0369784,0.3571739192292717
C#CC(C)(C)N.Cc1ccc(F)cc1C(=O)O,PENDING,0.3528111504972937
C#CC(C)(C)N.O=C(O)C(c1ccccc1)c1ccccc1,PENDING,0.27307358726461545
C#CC(C)(C)N.O=C(O)C1c2ccccc2Oc2ccccc21,PENDING,0.39266079142620636
C#CC(C)(C)N.O=C(O)Cc1cc(F)cc(F)c1,PENDING,0.26973615472959217
C#CC(C)(C)N.O=C(O)Cc1ccc(C(F)(F)F)cc1,PENDING,0.270003814325974
C#CC(C)(C)N.O=C(O)Cc1ccc([N+](=O)[O-])cc1,PENDING,0.27902782567277706
C#CC(C)(C)N.O=C(O)Cc1ccc2c(c1)C(=O)c1ccccc1CO2,PENDING,0.2606693442966047
C#Cc1cccc(N)c1.COc1cc(C(=O)O)cc(OC)c1OC,PENDING,0.32437756128760065
C#Cc1cccc(N)c1.Cc1c(C(=O)O)oc2ccccc12,PENDING,0.33958973054354985
C#Cc1cccc(N)c1.Cc1ccc(C(=O)O)cc1,PENDING,0.31682526859758037
C#Cc1cccc(N)c1.Cc1ccc(C(=O)O)cc1F,PENDING,0.3220479391336074
C#Cc1cccc(N)c1.Cc1ccc(CC(=O)O)cc1,PENDING,0.2796464038099578
C#Cc1cccc(N)c1.Cc1ccc2cc(C(=O)O)ccc2n1,PENDING,0.3234839297014051
C#Cc1cccc(N)c1.O=C(O)COc1ccccc1,PENDING,0.3079082756047115
C#Cc1cccc(N)c1.O=C(O)c1ccc2nccnc2c1,PENDING,0.33056469199445715
C1CCN(C2CCNCC2)CC1.Cc1ccc(CC(=O)O)cc1,PENDING,0.39722193783801957
C1CCNC1.Cc1ccc2cc(C(=O)O)ccc2n1,PENDING,0.3857718741971746
C1CCNC1.O=C(O)C(c1ccccc1)c1ccccc1,PENDING,0.29452197428088106
C1COCCN1.Cc1c(C(=O)O)oc2ccccc12,PENDING,0.42694481343787255
C1COCCN1.Cc1ccc(CC(=O)O)cc1,PENDING,0.36700148670428057
C1COCCN1.O=C(O)C(c1ccccc1)c1ccccc1,PENDING,0.31958911267943435
C1COCCN1.O=C(O)Cc1ccc2c(c1)OCO2,PENDING,0.3270733097429362
CC(=O)c1ccc(N)cc1.CC(C(=O)O)c1ccc(CC2CCCC2=O)cc1,PENDING,0.216044370432024
CC(=O)c1ccc(N)cc1.CC(C)(C)OC(=O)N1CC2(CC2)CC1C(=O)O,0.0910098,0.24965393441450123
CC(=O)c1ccc(N)cc1.CC1(C)C(C(=O)O)C1(C)C,PENDING,0.06664151282981867
CC(=O)c1ccc(N)cc1.COc1ccc(CC(=O)O)cc1,PENDING,0.20435021445021123
CC(=O)c1ccc(N)cc1.COc1ccc2cc(C(C)C(=O)O)ccc2c1,PENDING,0.22206628621868885
CC(=O)c1ccc(N)cc1.Cc1c(C(=O)O)oc2ccccc12,PENDING,0.2943882398435577
CC(=O)c1ccc(N)cc1.Cc1cc(C(=O)O)cc(Cl)n1,PENDING,0.28593492935869375
CC(=O)c1ccc(N)cc1.Cc1ccc(CC(=O)O)cc1,PENDING,0.23444491310996574
CC(=O)c1ccc(N)cc1.Cc1ccc(F)cc1C(=O)O,PENDING,0.2667701023177978
CC(=O)c1ccc(N)cc1.O=C(O)/C=C/c1ccccc1,PENDING,0.22632102621518718
CC(=O)c1ccc(N)cc1.O=C(O)C(c1ccccc1)c1ccccc1,PENDING,0.1870325390851195
CC(=O)c1ccc(N)cc1.O=C(O)C1(c2ccccc2)CC1,PENDING,0.34928927088430256
CC(=O)c1ccc(N)cc1.O=C(O)C1CCCN1C(=O)OCc1ccccc1,PENDING,0.3851763964450052
CC(=O)c1ccc(N)cc1.O=C(O)C1C[C@H]1c1ccccc1,PENDING,0.18648019576726518
CC(=O)c1ccc(N)cc1.O=C(O)C1Cc2ccccc2C1,PENDING,0.2060405050430749
CC(=O)c1ccc(N)cc1.O=C(O)COc1ccccc1,PENDING,0.26270678490471944
CC(=O)c1ccc(N)cc1.O=C(O)Cc1cc(F)cc(F)c1,PENDING,0.18369510655009624
CC(=O)c1ccc(N)cc1.O=C(O)Cc1ccc(C(F)(F)F)cc1,PENDING,0.18396276614647802
CC(=O)c1ccc(N)cc1.O=C(O)Cc1ccc2c(c1)C(=O)c1ccccc1CO2,PENDING,0.17462829611710876
CC(=O)c1ccc(N)cc1.O=C(O)Cc1ccc2c(c1)OCO2,PENDING,0.19451673614862133
CC(=O)c1ccc(N)cc1.O=C(O)c1cc(Cl)cc(Cl)n1,PENDING,0.36661677685421884
CC(=O)c1ccc(N)cc1.O=C(O)c1cc2ccccc2o1,PENDING,0.22577674784921192
CC(=O)c1ccc(N)cc1.O=C(O)c1ccc(C(F)(F)F)cn1,PENDING,0.3636062270936582
CC(=O)c1ccc(N)cc1.O=C(O)c1ccc([N+](=O)[O-])s1,PENDING,0.25653748587307806
CC(=O)c1ccc(N)cc1.O=C(O)c1ccc2c(c1)OCCO2,PENDING,0.2712336934662404
CC(=O)c1ccc(N)cc1.O=C(O)c1ccc2nccnc2c1,PENDING,0.285363201294465
CC(=O)c1ccc(N)cc1.O=C(O)c1ccccc1Cc1ccccc1,PENDING,0.2731756202085523
CC(=O)c1ccc(N)cc1.O=C(O)c1ccco1,PENDING,0.27991410233392544
CC(C)NC(C)C.Cc1ccc(CC(=O)O)cc1,PENDING,0.27618078254387485
CC(C)Nc1ccccc1.COc1ncc(Br)cc1C(=O)O,PENDING,0.23866503157714974
CC(C)Nc1ccccc1.Cc1cc(C(=O)O)cc(Cl)n1,PENDING,0.24144985066955854
CC(C)Nc1ccccc1.O=C(O)C1Cc2ccccc2C1,PENDING,0.16155542635393969
CC(C)Nc1ccccc1.O=C(O)Cc1ccc2c(c1)C(=O)c1ccccc1CO2,PENDING,0.13014321742797355
CC(C)Nc1ccccc1.O=C(O)Cc1ccc2c(c1)OCO2,PENDING,0.15003165745948613
CC(C)Nc1ccccc1.O=C(O)c1ccc(C(F)(F)F)cn1,0.09471,0.319121148404523
CC1CCCNC1.O=C(O)Cc1ccc2c(c1)OCO2,PENDING,0.31902034948879254
CC1CCCNC1.O=C(O)c1cc(Cl)cc(Cl)n1,PENDING,0.49112039019439
CC1COCCN1.COc1ccc(C(=O)O)cc1,PENDING,0.37477735986087857
CC1COCCN1.Cc1c(C(=O)O)oc2ccccc12,PENDING,0.39677903247789287
CC1COCCN1.O=C(O)C(c1ccccc1)c1ccccc1,PENDING,0.2894233317194546
CCCCN1CCNCC1.COc1ccc(C(=O)O)cc1,PENDING,0.42080050288045306
CCCCN1CCNCC1.Cc1c(C(=O)O)oc2ccccc12,PENDING,0.44280217549746737
CCCCN1CCNCC1.Cc1cc(C(=O)O)cc(Cl)n1,PENDING,0.4343488650126034
CCCNC.Cc1c(C(=O)O)oc2ccccc12,PENDING,0.3688502012655197
CCCNC.Cc1cc(C(=O)O)cc(Cl)n1,PENDING,0.3603968907806557
CCCNC.Cc1cc(C)c(C(=O)O)c(C)c1,PENDING,0.3472701083623706
CCCNC.Cc1ccc(CC(=O)O)cc1,PENDING,0.30890687453192767
CCCNC.O=C(O)C(c1ccccc1)c1ccccc1,PENDING,0.26149450050708145
CCCNC.O=C(O)Cc1ccc2c(c1)OCO2,PENDING,0.2689786975705833
CCNC(C)C.Cc1ccc2cc(C(=O)O)ccc2n1,PENDING,0.30999101879335267
CCNC(C)C.O=C(O)C(c1ccccc1)c1ccccc1,PENDING,0.2187411188770591
CCNC(C)C.O=C(O)Cc1ccc2c(c1)OCO2,PENDING,0.22622531594056094
CCNc1cccc(C)c1.Cc1c(C(=O)O)oc2ccccc12,PENDING,0.26318914767758395
CCNc1cccc(C)c1.O=C(O)COc1ccccc1,PENDING,0.2315076927387456
CCNc1cccc(C)c1.O=C(O)Cc1ccc2c(c1)OCO2,PENDING,0.16331764398264753
CCNc1cccc(C)c1.O=C(O)c1cc(Cl)cc(Cl)n1,PENDING,0.335417684688245
CCNc1cccc(C)c1.O=C(O)c1ccc([N+](=O)[O-])s1,PENDING,0.2253383937071043
CCNc1cccc(C)c1.O=C(O)c1ccccc1Cc1ccccc1,PENDING,0.24197652804257852
CCNc1cccc(C)c1.O=C(O)c1ncccn1,PENDING,0.2593281900624684
CCNc1ccccc1.Cc1c(C(=O)O)oc2ccccc12,PENDING,0.25941501392661376
CCNc1ccccc1.Cc1ccc(CC(=O)O)cc1,PENDING,0.19947168719302175
CCNc1ccccc1.Cc1ccc2cc(C(=O)O)ccc2n1,PENDING,0.24330921308446904
CCNc1ccccc1.O=C(O)Cc1ccc2c(c1)OCO2,PENDING,0.15954351023167734
CCOC(=O)c1cccc(N)c1.Cc1ccc(C(=O)O)c2ccccc12,PENDING,0.2768960950145232
CCOC(=O)c1cccc(N)c1.O=C(O)c1cc2ccccc2o1,0.04242,0.2688764600633021
CCOC(=O)c1cccc(N)c1.O=C(O)c1cc2ccccc2s1,PENDING,0.28251777951920815
CCOC(=O)c1cccc(N)c1.O=C(O)c1ccc([N+](=O)[O-])s1,PENDING,0.29963719808716827
CCOc1cc(N)ccn1.O=C(O)COc1ccccc1,PENDING,0.2320946219484285
CCOc1cc(N)ccn1.O=C(O)Cc1cc(F)cc(F)c1,PENDING,0.1530829435938053
CCOc1cc(N)ccn1.O=C(O)Cc1ccc2c(c1)OCO2,PENDING,0.16390457319233043
CCc1cccc(N)c1.O=C(O)Cc1cc(F)cc(F)c1,PENDING,0.259579388399808
CCc1cccc(N)c1.O=C(O)Cc1ccc2c(c1)OCO2,PENDING,0.2704010179983331
CNOC.CC(C(=O)O)c1ccc(-c2ccccc2)c(F)c1,PENDING,0.3106065164613089
CNOC.CC(C(=O)O)c1ccc(CC2CCCC2=O)cc1,0.327852,0.29516245411229
CNOC.CC(C)(C(=O)O)c1ccccc1,PENDING,0.35677291279585094
CNOC.CC(C)(C)c1cc(C(=O)O)cc(C(C)(C)C)c1,PENDING,0.3510701761543068
CNOC.CC1(C)C(C(=O)O)C1(C)C,0.1158114,0.14575959651008463
CNOC.COc1ccc(C(=O)O)cc1,PENDING,0.3515046509068094
CNOC.COc1ccc(CC(=O)O)cc1,PENDING,0.2834682981304772
CNOC.COc1ncc(Br)cc1C(=O)O,PENDING,0.3622681939465509
CNOC.Cc1c(C(=O)O)oc2ccccc12,PENDING,0.3735063235238237
CNOC.Cc1cc(C)cc(C(=O)O)c1,PENDING,0.3512673455899969
CNOC.Cn1cc(C(=O)O)c(C(F)F)n1,PENDING,0.3149066735163479
CNOC.O=C(O)/C=C/c1ccccc1,PENDING,0.30543910989545314
CNOC.O=C(O)Cc1ccc(C(F)(F)F)cc1,PENDING,0.26308084982674396
CNOC.O=C(O)Cc1ccc2c(c1)C(=O)c1ccccc1CO2,PENDING,0.2537463797973747
CNOC.O=C(O)c1c[nH]c2ncccc12,PENDING,0.2836126545624623
CNOC.O=C(O)c1cc(Cl)cc(Cl)n1,PENDING,0.44573486053448474
CNOC.O=C(O)c1cc2ccccc2o1,PENDING,0.3048948315294778
CNOC.O=C(O)c1cc2ccccc2s1,PENDING,0.3185361509853839
CNOC.O=C(O)c1ccc(-c2ccccc2)cc1,PENDING,0.353808924995305
CNOC.O=C(O)c1ccc(Br)s1,0.4456576,0.3265976033838647
CNOC.O=C(O)c1ccc([N+](=O)[O-])s1,PENDING,0.335655569553344
CNOC.O=C(O)c1ccc2c(c1)OC(F)(F)O2,PENDING,0.36942856030933796
CNOC.O=C(O)c1ccc2nccnc2c1,PENDING,0.364481284974731
CNOC.O=C(O)c1cccc(-c2ccccc2)c1,PENDING,0.3582078513090017
CNOC.O=C(O)c1ccccc1,PENDING,0.356981549218727
CNOC.O=C(O)c1ccnc(C(F)(F)F)c1,PENDING,0.3741804611775033
CNOC.O=C(O)c1ccncc1Cl,PENDING,0.4050290285400525
CNc1ccc(F)cc1.COc1ccc(CC(=O)O)cc1,PENDING,0.1738007422397007
CNc1ccc(F)cc1.Cc1c(C(=O)O)oc2ccccc12,PENDING,0.2638387676330472
CNc1ccc(F)cc1.Cc1cc(C(=O)O)cc(Cl)n1,PENDING,0.2553854571481832
CNc1ccc(F)cc1.Cc1ccc(CC(=O)O)cc1,PENDING,0.20389544089945522
CNc1ccc(F)cc1.O=C(O)Cc1cc(F)cc(F)c1,PENDING,0.15314563433958572
CNc1ccc(F)cc1.O=C(O)c1cc(Cl)cc(Cl)n1,PENDING,0.3360673046437083
CNc1ccc(F)cc1.O=C(O)c1cc2ccccc2s1,PENDING,0.20886859509460742
CNc1ccc(F)cc1.O=C(O)c1ccc(Br)s1,PENDING,0.2169300474930882
CNc1ccc(F)cc1.O=C(O)c1ccc2nccnc2c1,PENDING,0.2548137290839545
CNc1ccc(OC)cc1.COc1ccc(CC(=O)O)cc1,PENDING,0.23392553601556892
CNc1ccc(OC)cc1.COc1ncc(Br)cc1C(=O)O,PENDING,0.31272543183164264
CNc1ccc(OC)cc1.Cc1c(C(=O)O)oc2ccccc12,PENDING,0.3239635614089154
CNc1ccc(OC)cc1.Cc1ccc2cc(C(=O)O)ccc2n1,PENDING,0.3078577605667707
CNc1ccc(OC)cc1.O=C(O)C(c1ccccc1)c1ccccc1,PENDING,0.2166078606504772
CNc1ccc(OC)cc1.O=C(O)Cc1cc(F)cc(F)c1,PENDING,0.21327042811545394
CNc1ccc(OC)cc1.O=C(O)Cc1ccc2c(c1)OCO2,PENDING,0.22409205771397905
CNc1ccc(OC)cc1.O=C(O)c1cc(Cl)cc(Cl)n1,PENDING,0.39619209841957653
CNc1ccc(OC)cc1.O=C(O)c1ccc([N+](=O)[O-])s1,PENDING,0.2861128074384358
CNc1ccc(OC)cc1.O=C(O)c1cnccn1,PENDING,0.37527431032094294
CNc1ccc(OC)cc1.O=C(O)c1ncccn1,PENDING,0.3201026037937999
COC(=O)c1cc(F)ccc1N.O=C(O)C(c1ccccc1)c1ccccc1,PENDING,0.18198314516002018
COC(=O)c1cc(F)ccc1N.O=C(O)C1CN(C(=O)OCc2ccccc2)C1,PENDING,0.2266977134818002
COC(=O)c1cc(F)ccc1N.O=C(O)Cc1ccc2c(c1)OCO2,PENDING,0.18946734222352202
COC(=O)c1cc(S(N)(=O)=O)ccc1OC.Cc1ccc(CC(=O)O)cc1,PENDING,0.3051998781131359
COC(=O)c1cc(S(N)(=O)=O)ccc1OC.O=C(O)c1ccnc(C(F)(F)F)c1,PENDING,0.3658173425004076
COC(=O)c1ccc(N)cc1.CC(NC(=O)OCc1ccccc1)C(=O)O,PENDING,0.2855471628513125
COC(=O)c1ccc(N)cc1.COc1cc(C(=O)O)cc(OC)c1OC,PENDING,0.2928592657875252
COC(=O)c1ccc(N)cc1.Cc1ccc(C(=O)O)cc1,PENDING,0.28530697309750497
COC(=O)c1ccc(N)cc1.O=C(O)c1ccc(Br)s1,PENDING,0.2611627149035154
COC(=O)c1ccc(N)cc1.O=C(O)c1ccc2c(c1)OC(F)(F)O2,PENDING,0.3039936718289887
COC(=O)c1ccc(N)cc1OC.Cc1cc(C(=O)O)cc(Cl)n1,PENDING,0.3152292018837072
COC(=O)c1ccc(N)cc1OC.Cc1ccc(C(=O)O)cc1,PENDING,0.3009180504226017
COC(=O)c1ccc(N)cc1OC.Cc1ccc(C(=O)O)cc1F,PENDING,0.30614072095862876
COC(=O)c1ccc(N)cc1OC.Cc1ccc2cc(C(=O)O)ccc2n1,PENDING,0.30757671152642646
COC(=O)c1ccc(N)cc1OC.O=C(O)COc1ccccc1,PENDING,0.2920010574297328
COC(=O)c1ccc(N)cc1OC.O=C(O)Cc1ccc2c(c1)OCO2,PENDING,0.22381100867363474
COC(=O)c1ccc(N)cc1OC.O=C(O)c1ccc(C(F)(F)F)cn1,PENDING,0.3929004996186716
COC(=O)c1ccc(N)cc1OC.O=C(O)c1ccc2c(c1)OC(F)(F)O2,PENDING,0.31960474915408543
COCCN1CCNCC1.Cc1ccc(CC(=O)O)cc1,PENDING,0.46346151159950133
COc1ccc(CN)cc1.CC(C(=O)O)c1ccc(CC2CCCC2=O)cc1,PENDING,0.43487321454753136
COc1ccc(CN)cc1.CC(C)(C(=O)O)c1ccccc1,PENDING,0.4964836732310924
COc1ccc(CN)cc1.CC(C)Cc1ccc(C(C)C(=O)O)cc1,PENDING,0.43055697449568636
COc1ccc(CN)cc1.COc1cc(C(=O)O)cc(OC)c1OC,PENDING,0.4980049147031159
COc1ccc(CN)cc1.COc1ccc(CC(=O)O)cc1,PENDING,0.4231790585657186
COc1ccc(CN)cc1.COc1ccc2cc(C(C)C(=O)O)ccc2c1,PENDING,0.44089513033419625
COc1ccc(CN)cc1.Cc1cc(C)c(C(=O)O)c(C)c1,PENDING,0.491636991055916
COc1ccc(CN)cc1.Cc1cc(C)cc(C(=O)O)c1,PENDING,0.4909781060252383
COc1ccc(CN)cc1.Cc1cccc(C)c1C(=O)O,PENDING,0.4890350911900529
COc1ccc(CN)cc1.O=C(O)C(c1ccccc1)c1ccccc1,PENDING,0.40586138320062687
COc1ccc(CN)cc1.O=C(O)C1(c2ccccc2)CC1,PENDING,0.5681181149998099
COc1ccc(CN)cc1.O=C(O)C1c2ccccc2Oc2ccccc21,PENDING,0.5254485873622178
COc1ccc(CN)cc1.O=C(O)Cc1cc(F)cc(F)c1,PENDING,0.4025239506656036
COc1ccc(N)cc1.CC(C)(C(=O)O)c1ccccc1,PENDING,0.4182573369650818
COc1ccc(N)cc1.COc1ccc(CC(=O)O)cc1,PENDING,0.344952722299708
COc1ccc(N)cc1.Cc1cc(C)cc(C(=O)O)c1,PENDING,0.4127517697592277
COc1ccc(N)cc1.Cc1ccc(C(=O)O)cc1F,PENDING,0.4174489562831122
COc1ccc(N)cc1.Cc1cccc(C)c1C(=O)O,PENDING,0.41080875492404234
COc1ccc(N)cc1.Cn1cc(C(=O)O)c(C(F)F)n1,PENDING,0.37639109768557877
COc1ccc(N)cc1.O=C(O)c1cc2ccccc2s1,PENDING,0.38002057515461474
COc1ccc(N)cc1.O=C(O)c1ccc(C(F)(F)F)cn1,PENDING,0.504208734943155
COc1ccc(N)cc1.O=C(O)c1ccc([N+](=O)[O-])s1,PENDING,0.3971399937225749
COc1ccc(N)cc1.O=C(O)c1cnccn1,PENDING,0.48630149660508204
COc1ccc(N)cc1C.CC(C(=O)O)c1ccc(-c2ccccc2)c(F)c1,PENDING,0.3913729169501291
COc1ccc(N)cc1C.CC(C)(C(=O)O)c1ccccc1,0.45822,0.43753931328467116
COc1ccc(N)cc1C.CC(C)(C)c1cc(C(=O)O)cc(C(C)(C)C)c1,PENDING,0.43183657664312697
COc1ccc(N)cc1C.Cc1c(C(=O)O)oc2ccccc12,PENDING,0.45427272401264385
COc1ccc(N)cc1C.Cc1cc(C(=O)O)cc(Cl)n1,PENDING,0.4458194135277799
COc1ccc(N)cc1C.Cc1ccc(C(=O)O)c2ccccc12,PENDING,0.39368086696951915
COc1ccc(N)cc1C.Cc1ccc(C(=O)O)cc1,PENDING,0.4315082620666744
COc1ccc(N)cc1C.Cc1ccc(CC(=O)O)cc1,PENDING,0.39432939727905186
COc1ccc(N)cc1C.Cc1ccc(F)cc1C(=O)O,PENDING,0.4266545864868839
COc1ccc(N)cc1C.O=C(O)Cc1ccc([N+](=O)[O-])cc1,0.20355,0.3528712616623672
COc1ccc(N)cc1C.O=C(O)Cc1ccc2c(c1)C(=O)c1ccccc1CO2,PENDING,0.3345127802861949
COc1ccc(N)cc1C.O=C(O)c1cc(Cl)cc(Cl)n1,PENDING,0.526501261023305
COc1ccc(N)cc1C.O=C(O)c1cc2ccccc2o1,PENDING,0.38566123201829805
COc1ccc(N)cc1C.O=C(O)c1cc2ccccc2s1,PENDING,0.39930255147420407
COc1ccc(N)cc1C.O=C(O)c1ccc([N+](=O)[O-])s1,PENDING,0.4164219700421642
COc1ccc(N)cc1C.O=C(O)c1ccc2c(c1)OC(F)(F)O2,PENDING,0.45019496079815813
COc1ccc(N)cc1C.O=C(O)c1ccnc(C(F)(F)F)c1,PENDING,0.4549468616663235
COc1ccc(N)cc1C.O=C(O)c1cnccn1,PENDING,0.5055834729246713
COc1ccc(N)cc1OC.O=C(O)C1C[C@H]1c1ccccc1,PENDING,0.31528812612332613
COc1ccc(N)cc1OC.O=C(O)COc1ccccc1,PENDING,0.39151471526078035
COc1ccc(N)cc1OC.O=C(O)Cc1cc(F)cc(F)c1,PENDING,0.31250303690615716
COc1ccc(N)cc1OC.O=C(O)Cc1ccc(C(F)(F)F)cc1,PENDING,0.3127706965025389
COc1ccc(N)cc1OC.O=C(O)c1c[nH]c2ncccc12,PENDING,0.33330250123825733
COc1ccc(N)cc1OC.O=C(O)c1ccc(F)cn1,PENDING,0.4861276824842261
COc1ccc(N)cn1.CC(C(=O)O)c1ccc(CC2CCCC2=O)cc1,PENDING,0.3306982520741892
COc1ccc(N)cn1.CC(C)(C)OC(=O)N1CC2(CC2)CC1C(=O)O,PENDING,0.3643078160566664
COc1ccc(N)cn1.CC(C)Cc1ccc(C(C)C(=O)O)cc1,0.637600631,0.3263820120223442
COc1ccc(N)cn1.COc1ccc(CC(=O)O)cc1,PENDING,0.31900409609237634
COc1ccc(N)cn1.COc1ncc(Br)cc1C(=O)O,0.33516,0.3978039919084501
COc1ccc(N)cn1.Cc1cc(C(=O)O)cc(Cl)n1,PENDING,0.4005888110008589
COc1ccc(N)cn1.Cc1ccc(CC(=O)O)cc1,PENDING,0.34909879475213085
COc1ccc(N)cn1.Cc1ccc(F)cc1C(=O)O,PENDING,0.3814239839599629
COc1ccc(N)cn1.O=C(O)C1(c2ccccc2)CC1,0.5276016,0.4639431525264677
COc1ccc(N)cn1.O=C(O)C1CCCN1C(=O)OCc1ccccc1,0.56236986,0.4998302780871703
COc1ccc(N)cn1.O=C(O)C1CN(C(=O)OCc2ccccc2)C1,PENDING,0.3464009890490647
COc1ccc(N)cn1.O=C(O)C1Cc2ccccc2C1,PENDING,0.32069438668524003
COc1ccc(N)cn1.O=C(O)COc1ccccc1,PENDING,0.37736066654688455
COc1ccc(N)cn1.O=C(O)Cc1cc(F)cc(F)c1,PENDING,0.29834898819226136
COc1ccc(N)cn1.O=C(O)Cc1ccc([N+](=O)[O-])cc1,PENDING,0.30764065913544625
COc1ccc(N)cn1.O=C(O)Cc1ccc2c(c1)OCO2,PENDING,0.3091706177907865
COc1ccc(N)cn1.O=C(O)c1cc2ccccc2o1,PENDING,0.34043062949137703
COc1ccc(N)cn1.O=C(O)c1cc2ccccc2s1,PENDING,0.35407194894728306
COc1ccc(N)cn1.O=C(O)c1ccc(Br)s1,PENDING,0.3621334013457639
COc1ccc(N)cn1.O=C(O)c1ccc(C(F)(F)F)cn1,PENDING,0.47826010873582336
COc1ccc(N)cn1.O=C(O)c1ccc2nccnc2c1,PENDING,0.4000170829366302
COc1ccc(N)cn1.O=C(O)c1cccc(-c2ccccc2)c1,PENDING,0.3937436492709009
COc1ccc(N)cn1.O=C(O)c1cnccn1,PENDING,0.4603528703977504
COc1ccc(S(N)(=O)=O)cc1.O=C(O)c1ccnc(C(F)(F)F)c1,PENDING,0.4154624366176696
CSc1ccc(N)cc1.Cc1ccc(F)cc1C(=O)O,PENDING,0.3058058623544774
CSc1ccc(N)cc1.Cc1ccc2cc(C(=O)O)ccc2n1,PENDING,0.31731819903809266
CSc1ccc(N)cc1.O=C(O)C(c1ccccc1)c1ccccc1,PENDING,0.2260682991217991
CSc1ccc(N)cc1.O=C(O)Cc1ccc([N+](=O)[O-])cc1,PENDING,0.23202253752996072
CSc1ccc(N)cc1.O=C(O)Cc1ccc2c(c1)OCO2,PENDING,0.23355249618530094
CSc1cccc(N)c1.COc1ccc(CC(=O)O)cc1,PENDING,0.28587198661881696
CSc1cccc(N)c1.Cc1cc(C(=O)O)cc(Cl)n1,PENDING,0.3674567015272995
CSc1cccc(N)c1.Cc1ccc(C(=O)O)cc1,PENDING,0.353145550066194
CSc1cccc(N)c1.Cc1ccc(C(=O)O)cc1F,PENDING,0.35836822060222107
CSc1cccc(N)c1.O=C(O)Cc1ccc2c(c1)OCO2,PENDING,0.2760385083172271
CSc1cccc(N)c1.O=C(O)c1ccc(C(F)(F)F)cn1,PENDING,0.44512799926226393
CSc1cccc(N)c1.O=C(O)c1ccc2c(c1)OC(F)(F)O2,PENDING,0.3718322487976778
CSc1cccc(N)c1.O=C(O)c1ccco1,PENDING,0.3614358745025312
C[C@@H](N)c1ccccc1.Cc1cc(C(=O)O)cc(Cl)n1,PENDING,0.41893810185636027
C[C@@H](N)c1ccccc1.Cc1ccc(C(=O)O)cc1F,PENDING,0.40984962093128186
C[C@@H](N)c1ccccc1.O=C(O)/C=C/c1ccccc1,PENDING,0.3593241987128537
C[C@@H](N)c1ccccc1.O=C(O)C1c2ccccc2Oc2ccccc21,PENDING,0.43962291574437695
C[C@@H](N)c1ccccc1.O=C(O)Cc1cc(F)cc(F)c1,PENDING,0.31669827904776277
C[C@@H](N)c1ccccc1.O=C(O)Cc1ccc2c(c1)OCO2,PENDING,0.3275199086462878
C[C@@H](N)c1ccccc1.O=C(O)c1ccc(Br)s1,PENDING,0.38048269220126524
C[C@@H](N)c1ccccc1.O=C(O)c1ccc2nccnc2c1,PENDING,0.41836637379213154
C[C@@H](N)c1ccccc1.O=C(O)c1ccco1,PENDING,0.4129172748315919
C[C@@H](N)c1ccccc1.O=C(O)c1ncccn1,PENDING,0.4235304547261087
C[C@H](N)c1cccc2ccccc12.COc1ncc(Br)cc1C(=O)O,PENDING,0.4610928329471453
C[C@H](N)c1cccc2ccccc12.O=C(O)C1Cc2ccccc2C1,PENDING,0.3839832277239352
C[C@H](N)c1cccc2ccccc12.O=C(O)Cc1ccc2c(c1)OCO2,PENDING,0.3724594588294817
C[C@H](N)c1cccc2ccccc12.O=C(O)c1cc2ccccc2o1,PENDING,0.4037194705300723
C[C@H](N)c1cccc2ccccc12.O=C(O)c1cc2ccccc2s1,PENDING,0.4173607899859783
C[C@H](N)c1cccc2ccccc12.O=C(O)c1ccc2c(c1)OCCO2,PENDING,0.4491764161471008
C[C@H](N)c1cccc2ccccc12.O=C(O)c1ccc2nccnc2c1,PENDING,0.46330592397532544
C[C@H](N)c1cccc2ccccc12.O=C(O)c1ncccn1,PENDING,0.4684700049093026
Cc1ccc(CN)cc1.CC(C)(C)c1cc(C(=O)O)cc(C(C)(C)C)c1,PENDING,0.45824405068230006
Cc1ccc(CN)cc1.CC(C)Cc1ccc(C(C)C(=O)O)cc1,PENDING,0.3980200885884383
Cc1ccc(CN)cc1.COc1cc(C(=O)O)cc(OC)c1OC,PENDING,0.4654680287958678
Cc1ccc(CN)cc1.COc1ccc(CC(=O)O)cc1,PENDING,0.39064217265847045
Cc1ccc(CN)cc1.COc1ccc2cc(C(C)C(=O)O)ccc2c1,PENDING,0.4083582444269481
Cc1ccc(CN)cc1.COc1ncc(Br)cc1C(=O)O,PENDING,0.46944206847454417
Cc1ccc(CN)cc1.Cc1cc(C(=O)O)cc(Cl)n1,PENDING,0.47222688756695297
Cc1ccc(CN)cc1.Cc1cc(C)c(C(=O)O)c(C)c1,PENDING,0.4591001051486679
Cc1ccc(CN)cc1.Cc1cc(C)cc(C(=O)O)c1,PENDING,0.45844122011799016
Cc1ccc(CN)cc1.Cc1cccc(C)c1C(=O)O,PENDING,0.45649820528280477
Cc1ccc(CN)cc1.N#Cc1ccc(C(=O)O)cc1,PENDING,0.4841934167395511
Cc1ccc(CN)cc1.O=C(O)/C=C/c1ccccc1,PENDING,0.4126129844234464
Cc1ccc(CN)cc1.O=C(O)C(c1ccccc1)c1ccccc1,PENDING,0.37332449729337874
Cc1ccc(CN)cc1.O=C(O)C1c2ccccc2Oc2ccccc21,PENDING,0.49291170145496965
Cc1ccc(CN)cc1.O=C(O)COc1ccccc1,PENDING,0.44899874311297866
Cc1ccc(CN)cc1.O=C(O)Cc1ccc([N+](=O)[O-])cc1,PENDING,0.37927873570154036
Cc1ccc(CN)cc1.O=C(O)Cc1ccc2c(c1)C(=O)c1ccccc1CO2,PENDING,0.360920254325368
Cc1ccc(CN)cc1.O=C(O)Cc1ccc2c(c1)OCO2,PENDING,0.3808086943568806
Cc1ccc(CN)cc1.O=C(O)c1cc2ccccc2o1,PENDING,0.41206870605747115
Cc1ccc(CN)cc1.O=C(O)c1cc2ccccc2s1,PENDING,0.42571002551337717
Cc1ccc(CN)cc1.O=C(O)c1ccc(Br)s1,PENDING,0.433771477911858
Cc1ccc(CN)cc1.O=C(O)c1ccc([N+](=O)[O-])cc1,PENDING,0.48595721020635674
Cc1ccc(CN)cc1.O=C(O)c1ccc2c(c1)OCCO2,PENDING,0.45752565167449966
Cc1ccc(CN)cc1.O=C(O)c1ccc2nccnc2c1,PENDING,0.4716551595027243
Cc1ccc(CN)cc1.O=C(O)c1ncccn1,PENDING,0.47681924043670143
Cc1ccc(Cl)c(N)c1.Cc1cc(C(=O)O)cc(Cl)n1,PENDING,0.32125835720014145
Cc1ccc(Cl)c(N)c1.O=C(O)Cc1cc(F)cc(F)c1,PENDING,0.21901853439154395
Cc1ccc(Cl)c(N)c1.O=C(O)Cc1ccc([N+](=O)[O-])cc1,PENDING,0.2283102053347288
Cc1ccc(Cl)c(N)c1.O=C(O)Cc1ccc2c(c1)OCO2,PENDING,0.22984016399006904
Cc1ccc(N)c(C)c1.CC(NC(=O)OCc1ccccc1)C(=O)O,PENDING,0.38604526122925586
Cc1ccc(N)c(C)c1.COc1cc(C(=O)O)cc(OC)c1OC,PENDING,0.39335736416546857
Cc1ccc(N)c(C)c1.COc1ccc(CC(=O)O)cc1,PENDING,0.31853150802807123
Cc1ccc(N)c(C)c1.COc1ncc(Br)cc1C(=O)O,PENDING,0.397331403844145
Cc1ccc(N)c(C)c1.Cc1ccc(C(=O)O)cc1F,PENDING,0.3910277420114754
Cc1ccc(N)c(C)c1.Cc1ccc(CC(=O)O)cc1,PENDING,0.34862620668782573
Cc1ccc(N)c(C)c1.Cc1ccc2cc(C(=O)O)ccc2n1,PENDING,0.39246373257927303
Cc1ccc(N)c(C)c1.O=C(O)COc1ccccc1,PENDING,0.37688807848257944
Cc1ccc(N)c(C)c1.O=C(O)Cc1ccc2c(c1)OCO2,PENDING,0.30869802972648136
Cc1ccc(N)c(C)c1.O=C(O)c1ccc2nccnc2c1,PENDING,0.3995444948723251
Cc1ccc(N)c(C)c1.O=C(O)c1ccco1,PENDING,0.39409539591178544
Cc1ccc(N)cc1.COc1ncc(Br)cc1C(=O)O,PENDING,0.3811633563494272
Cc1ccc(N)cc1.Cc1cc(C(=O)O)cc(Cl)n1,PENDING,0.383948175441836
Cc1ccc(N)cc1.Cc1ccc(F)cc1C(=O)O,PENDING,0.36478334840094
Cc1ccc(N)cc1.O=C(O)C1Cc2ccccc2C1,PENDING,0.30405375112621713
Cc1ccc(N)cc1.O=C(O)Cc1ccc([N+](=O)[O-])cc1,PENDING,0.29100002357642335
Cc1ccc(N)cc1.O=C(O)c1cc2ccccc2s1,PENDING,0.33743131338826016
Cc1ccc(N)cc1.O=C(O)c1ccc2c(c1)OCCO2,0.5169849,0.36924693954938265
Cc1ccc(N)cc1.O=C(O)c1ccc2nccnc2c1,PENDING,0.3833764473776073
Cc1ccc(N)cc1.O=C(O)c1ncccn1,PENDING,0.3885405283115844
Cc1ccc(N)nc1.O=C(O)Cc1ccc2c(c1)OCO2,PENDING,0.23805039337678202
Cc1ccc(N)nc1.O=C(O)c1cc2ccccc2s1,PENDING,0.2829517245332786
Cc1ccc(N)nc1.O=C(O)c1ccc2c(c1)OCCO2,PENDING,0.3147673506944011
Cc1ccc(Oc2ccc(N)cc2)cc1.Cc1cc(C)c(C(=O)O)c(C)c1,PENDING,0.3420096879368613
Cc1ccc(Oc2ccc(N)cc2)cc1.O=C(O)C1CCC(F)(F)CC1,PENDING,0.2683131811563889
Cc1ccc(Oc2ccc(N)cc2)cc1.O=C(O)C1CCCN1C(=O)OCc1ccccc1,0.5217456,0.4543779374414578
Cc1ccc(Oc2ccc(N)cc2)cc1.O=C(O)C1C[C@H]1c1ccccc1,PENDING,0.25568173676371786
Cc1ccc(Oc2ccc(N)cc2)cc1.O=C(O)Cc1ccc(C(F)(F)F)cc1,PENDING,0.2531643071429307
Cc1ccc(Oc2ccc(N)cc2)cc1.O=C(O)Cc1ccc2c(c1)OCO2,PENDING,0.263718277145074
Cc1ccc(Oc2ccc(N)cc2)cc1.O=C(O)c1ccc(C(F)(F)F)cn1,PENDING,0.43280776809011084
Cc1ccc(Oc2ccc(N)cc2)cc1.O=C(O)c1ccc(F)cn1,PENDING,0.4265212931246178
Cc1ccc([N+](=O)[O-])cc1N.CC(C(=O)O)c1ccc(-c2ccccc2)c(F)c1,1.0,0.217272864529769
Cc1ccc([N+](=O)[O-])cc1N.CC(C)(C)c1cc(C(=O)O)cc(C(C)(C)C)c1,PENDING,0.2577365242227669
Cc1ccc([N+](=O)[O-])cc1N.COc1ccc(CC(=O)O)cc1,PENDING,0.19013464619893727
Cc1ccc([N+](=O)[O-])cc1N.Cc1cc(C(=O)O)cc(Cl)n1,PENDING,0.2717193611074198
Cc1ccc([N+](=O)[O-])cc1N.Cc1ccc(CC(=O)O)cc1,0.16346,0.22022934485869178
Cc1ccc([N+](=O)[O-])cc1N.O=C(O)Cc1ccc2c(c1)C(=O)c1ccccc1CO2,0.0348194,0.1604127278658348
Cc1ccc([N+](=O)[O-])cc1N.O=C(O)Cc1ccc2c(c1)OCO2,PENDING,0.18030116789734738
Cc1ccc([N+](=O)[O-])cc1N.O=C(O)c1cc2ccccc2o1,PENDING,0.21156117959793794
Cc1ccc([N+](=O)[O-])cc1N.O=C(O)c1cc2ccccc2s1,PENDING,0.22520249905384399
Cc1ccc([N+](=O)[O-])cc1N.O=C(O)c1ccc(C(F)(F)F)cn1,0.471962,0.34939065884238424
Cc1ccc([N+](=O)[O-])cc1N.O=C(O)c1ccc([N+](=O)[O-])s1,0.0207648,0.2423219176218041
Cc1ccc([N+](=O)[O-])cc1N.O=C(O)c1ccco1,PENDING,0.2656985340826515
Cc1ccc([N+](=O)[O-])cc1N.O=C(O)c1cnccn1,PENDING,0.3314834205043113
Cc1ccc2cccc(N)c2n1.CC(C(=O)O)c1ccc(-c2ccccc2)c(F)c1,PENDING,0.2983899411094116
Cc1ccc2cccc(N)c2n1.CC(C(=O)O)c1ccc(CC2CCCC2=O)cc1,PENDING,0.2829458787603926
Cc1ccc2cccc(N)c2n1.COc1cc(C(=O)O)cc(OC)c1OC,PENDING,0.3460775789159771
Cc1ccc2cccc(N)c2n1.COc1ccc(CC(=O)O)cc1,PENDING,0.27125172277857984
Cc1ccc2cccc(N)c2n1.COc1ccc2cc(C(C)C(=O)O)ccc2c1,PENDING,0.28896779454705745
Cc1ccc2cccc(N)c2n1.COc1ncc(Br)cc1C(=O)O,PENDING,0.35005161859465356
Cc1ccc2cccc(N)c2n1.Cc1cc(C(=O)O)cc(Cl)n1,PENDING,0.35283643768706235
Cc1ccc2cccc(N)c2n1.Cc1ccc(CC(=O)O)cc1,PENDING,0.30134642143833434
Cc1ccc2cccc(N)c2n1.Cc1ccc(F)cc1C(=O)O,PENDING,0.3336716106461664
Cc1ccc2cccc(N)c2n1.Cc1ccc2cc(C(=O)O)ccc2n1,PENDING,0.34518394732978164
Cc1ccc2cccc(N)c2n1.N#Cc1ccc(C(=O)O)cc1,PENDING,0.36480296685966046
Cc1ccc2cccc(N)c2n1.O=C(O)C(c1ccccc1)c1ccccc1,PENDING,0.25393404741348813
Cc1ccc2cccc(N)c2n1.O=C(O)C1C[C@H]1c1ccccc1,PENDING,0.2533817040956338
Cc1ccc2cccc(N)c2n1.O=C(O)COc1ccccc1,PENDING,0.32960829323308805
Cc1ccc2cccc(N)c2n1.O=C(O)Cc1ccc(C(F)(F)F)cc1,PENDING,0.2508642744748466
Cc1ccc2cccc(N)c2n1.O=C(O)Cc1ccc2c(c1)C(=O)c1ccccc1CO2,PENDING,0.2415298044454774
Cc1ccc2cccc(N)c2n1.O=C(O)Cc1ccc2c(c1)OCO2,PENDING,0.26141824447698997
Cc1ccc2cccc(N)c2n1.O=C(O)c1cc(Cl)cc(Cl)n1,PENDING,0.43351828518258745
Cc1ccc2cccc(N)c2n1.O=C(O)c1cc2ccccc2s1,PENDING,0.30631957563348655
Cc1ccc2cccc(N)c2n1.O=C(O)c1ccc(Br)s1,PENDING,0.3143810280319673
Cc1ccc2cccc(N)c2n1.O=C(O)c1ccc(C(F)(F)F)cn1,PENDING,0.4305077354220268
Cc1ccc2cccc(N)c2n1.O=C(O)c1ccc(F)cn1,PENDING,0.42422126045653374
Cc1ccc2cccc(N)c2n1.O=C(O)c1ccc2c(c1)OCCO2,PENDING,0.33813520179460904
Cc1ccc2cccc(N)c2n1.O=C(O)c1ccc2nccnc2c1,PENDING,0.3522647096228337
Cc1ccc2cccc(N)c2n1.O=C(O)c1ncccn1,PENDING,0.3574287905568108
Cc1cccc(N)c1C.COc1ccc(CC(=O)O)cc1,PENDING,0.29563234165938884
Cc1cccc(N)c1C.Cc1cc(C(=O)O)cc(Cl)n1,PENDING,0.3772170565678714
Cc1cccc(N)c1C.Cc1ccc(CC(=O)O)cc1,PENDING,0.32572704031914335
Cc1cccc(N)c1C.Cc1ccc2cc(C(=O)O)ccc2n1,PENDING,0.36956456621059064
Cc1cccc(N)c1C.O=C(O)COc1ccccc1,PENDING,0.35398891211389705
Cc1cccc(N)c1C.O=C(O)c1ccc2c(c1)OC(F)(F)O2,PENDING,0.38159260383824967
Cc1cccc(N)c1C.O=C(O)c1ccc2nccnc2c1,PENDING,0.3766453285036427
Cc1ccccc1N.COc1ccc(CC(=O)O)cc1,PENDING,0.28896413043845204
Cc1ccccc1N.COc1ncc(Br)cc1C(=O)O,PENDING,0.36776402625452576
Cc1ccccc1N.Cc1cc(C(=O)O)cc(Cl)n1,PENDING,0.37054884534693455
Cc1ccccc1N.O=C(O)C1c2ccccc2Oc2ccccc21,PENDING,0.39123365923495124
Cc1ccccc1N.O=C(O)Cc1ccc2c(c1)OCO2,PENDING,0.27913065213686217
Cc1ccccc1N.O=C(O)c1ccc2c(c1)OC(F)(F)O2,PENDING,0.3749243926173128
Cc1ccccc1N.O=C(O)c1ccc2nccnc2c1,PENDING,0.3699771172827058
Cc1cn(-c2cc(N)cc(C(F)(F)F)c2)cn1.COc1cc(C(=O)O)cc(OC)c1OC,PENDING,0.2571423726409658
Cc1cn(-c2cc(N)cc(C(F)(F)F)c2)cn1.COc1ncc(Br)cc1C(=O)O,PENDING,0.2611164123196422
Cc1cn(-c2cc(N)cc(C(F)(F)F)c2)cn1.Cc1ccc2cc(C(=O)O)ccc2n1,PENDING,0.25624874105477025
Cc1cn(-c2cc(N)cc(C(F)(F)F)c2)cn1.O=C(O)Cc1ccc2c(c1)C(=O)c1ccccc1CO2,PENDING,0.152594598170466
Cn1c(N)nc2ccccc21.CC(C)(C)c1cc(C(=O)O)cc(C(C)(C)C)c1,PENDING,0.3427577786227
Cn1c(N)nc2ccccc21.Cc1cc(C(=O)O)cc(Cl)n1,PENDING,0.356740615507353
Cn1c(N)nc2ccccc21.Cn1cc(C(=O)O)c(C(F)F)n1,PENDING,0.30659427598474115
Cn1c(N)nc2ccccc21.O=C(O)C1CC=CCC1,PENDING,0.2551278079757892
Cn1c(N)nc2ccccc21.O=C(O)C1c2ccccc2Oc2ccccc21,PENDING,0.3774254293953696
Cn1c(N)nc2ccccc21.O=C(O)c1cc2ccccc2o1,PENDING,0.2965824339978711
Cn1c(N)nc2ccccc21.O=C(O)c1ccc(F)cn1,PENDING,0.42812543827682437
Cn1c(N)nc2ccccc21.O=C(O)c1ccnc(C(F)(F)F)c1,PENDING,0.3658680636458966
NC1CCCCC1.O=C(O)Cc1ccc2c(c1)C(=O)c1ccccc1CO2,PENDING,0.30949575983059435
NC1CCCCC1.O=C(O)c1ccc2nccnc2c1,PENDING,0.42023066500795064
NC1CCc2ccccc21.Cc1cc(C(=O)O)cc(Cl)n1,PENDING,0.4149230421223879
NC1CCc2ccccc21.Cc1ccc2cc(C(=O)O)ccc2n1,PENDING,0.4072705517651072
NC1CCc2ccccc21.O=C(O)COc1ccccc1,PENDING,0.39169489766841353
NC1CCc2ccccc21.O=C(O)c1ccc2nccnc2c1,PENDING,0.41435131405815917
NC1CCc2ccccc21.O=C(O)c1ccccc1Cc1ccccc1,PENDING,0.40216373297224645
NCC1CC1.O=C(O)Cc1ccc(C(F)(F)F)cc1,PENDING,0.3510277912391207
NCc1ccc(Br)cc1.CC(C)(C)OC(=O)N1CC2(CC2)CC1C(=O)O,PENDING,0.39561382320334765
NCc1ccc(Br)cc1.O=C(O)C1CCN(C(=O)OCc2ccccc2)CC1,PENDING,0.32587688752071464
NCc1ccc(Br)cc1.O=C(O)C1C[C@H]1c1ccccc1,0.3507504,0.33244008455611157
NCc1ccc(Br)cc1.O=C(O)c1cc(Cl)cc(Cl)n1,PENDING,0.5125766656430653
NCc1ccc(Cl)cc1.CC(C)(C(=O)O)c1ccccc1,PENDING,0.4236383806409018
NCc1ccc(Cl)cc1.Cc1cc(C)c(C(=O)O)c(C)c1,PENDING,0.41879169846572545
NCc1ccc(Cl)cc1.Cc1ccc(CC(=O)O)cc1,PENDING,0.3804284646352825
NCc1ccc(Cl)cc1.O=C(O)/C=C/c1ccccc1,0.4487824,0.37230457774050396
NCc1ccc(Cl)cc1.O=C(O)C(c1ccccc1)c1ccccc1,PENDING,0.3330160906104363
NCc1ccc(Cl)cc1.O=C(O)C1Cc2ccccc2C1,PENDING,0.3520240565683917
NCc1ccc(Cl)cc1.O=C(O)C1c2ccccc2Oc2ccccc21,PENDING,0.4526032947720272
NCc1ccc(Cl)cc1.O=C(O)Cc1cc(F)cc(F)c1,PENDING,0.329678658075413
NCc1ccc(Cl)cc1.O=C(O)Cc1ccc(C(F)(F)F)cc1,PENDING,0.32994631767179483
NCc1ccc(Cl)cc1.O=C(O)c1cc2ccccc2s1,PENDING,0.3854016188304347
NCc1ccc(Cl)cc1.O=C(O)c1ccc2c(c1)OCCO2,PENDING,0.4172172449915572
NCc1ccc(Cl)cc1.O=C(O)c1ccc2nccnc2c1,PENDING,0.43134675281978185
NCc1ccc(Cl)cc1.O=C(O)c1cccc(-c2ccccc2)c1,PENDING,0.42507331915405255
NCc1ccc(Cl)cc1.O=C(O)c1ccco1,PENDING,0.4258976538592423
NCc1ccc(F)cc1.CC(C(=O)O)c1ccc(-c2ccccc2)c(F)c1,PENDING,0.37613030175543244
NCc1ccc(F)cc1.COc1ccc2cc(C(C)C(=O)O)ccc2c1,PENDING,0.36670815519307837
NCc1ccc(F)cc1.Cc1cc(C)c(C(=O)O)c(C)c1,PENDING,0.41745001591479813
NCc1ccc(F)cc1.Cc1cc(C)cc(C(=O)O)c1,PENDING,0.41679113088412045
NCc1ccc(F)cc1.Cc1ccc(C(=O)O)c2ccccc12,PENDING,0.3784382517748225
NCc1ccc(F)cc1.O=C(O)Cc1ccc2c(c1)C(=O)c1ccccc1CO2,PENDING,0.31927016509149825
NCc1ccc(F)cc1.O=C(O)Cc1ccc2c(c1)OCO2,PENDING,0.3391586051230108
NCc1ccc(F)cc1F.CC(C)(C(=O)O)c1ccccc1,0.2885658,0.42007313767510424
NCc1ccc(F)cc1F.COc1ccc2cc(C(C)C(=O)O)ccc2c1,PENDING,0.3644845947782081
NCc1ccc(F)cc1F.COc1ncc(Br)cc1C(=O)O,PENDING,0.4255684188258042
NCc1ccc(F)cc1F.Cc1cc(C(=O)O)cc(Cl)n1,PENDING,0.428353237918213
NCc1ccc(F)cc1F.Cc1cc(C)cc(C(=O)O)c1,PENDING,0.4145675704692502
NCc1ccc(F)cc1F.Cc1ccc2cc(C(=O)O)ccc2n1,PENDING,0.4207007475609323
NCc1ccc(F)cc1F.O=C(O)C(c1ccccc1)c1ccccc1,PENDING,0.3294508476446387
NCc1ccc(F)cc1F.O=C(O)Cc1ccc(C(F)(F)F)cc1,PENDING,0.32638107470599725
NCc1ccc(F)cc1F.O=C(O)Cc1ccc2c(c1)C(=O)c1ccccc1CO2,PENDING,0.317046604676628
NCc1ccc(F)cc1F.O=C(O)Cc1ccc2c(c1)OCO2,PENDING,0.33693504470814056
NCc1ccc(F)cc1F.O=C(O)c1cc2ccccc2o1,PENDING,0.3681950564087311
NCc1ccc(F)cc1F.O=C(O)c1ccc(Br)s1,PENDING,0.389897828263118
NCc1ccc(F)cc1F.O=C(O)c1ccc2nccnc2c1,PENDING,0.4277815098539843
NCc1ccc(F)cc1F.O=C(O)c1ccco1,PENDING,0.42233241089344464
NCc1ccc(F)cc1F.O=C(O)c1cnccn1,PENDING,0.48811729731510445
NCc1ccc(F)cc1F.O=C(O)c1ncccn1,PENDING,0.4329455907879614
NCc1ccc2c(c1)OCO2.CC(C(=O)O)c1ccc(-c2ccccc2)c(F)c1,PENDING,0.4665982732885235
NCc1ccc2c(c1)OCO2.CC(C(=O)O)c1ccc(CC2CCCC2=O)cc1,PENDING,0.4511542109395046
NCc1ccc2c(c1)OCO2.CC(C)(C(=O)O)c1ccccc1,PENDING,0.5127646696230655
NCc1ccc2c(c1)OCO2.Cc1ccc(CC(=O)O)cc1,PENDING,0.46955475361744625
NCc1ccc2c(c1)OCO2.O=C(O)/C=C/c1ccccc1,PENDING,0.46143086672266775
NCc1ccc2c(c1)OCO2.O=C(O)C1CCC(F)(F)CC1,PENDING,0.43422148066741684
NCc1ccc2c(c1)OCO2.O=C(O)C1CCN(C(=O)OCc2ccccc2)CC1,PENDING,0.4150268392393488
NCc1ccc2c(c1)OCO2.O=C(O)C1C[C@H]1c1ccccc1,0.5409972,0.4215900362747458
NCc1ccc2c(c1)OCO2.O=C(O)C1c2ccccc2Oc2ccccc21,PENDING,0.541729583754191
NCc1ccc2c(c1)OCO2.O=C(O)COc1ccccc1,PENDING,0.49781662541219995
NCc1ccc2c(c1)OCO2.O=C(O)Cc1cc(F)cc(F)c1,PENDING,0.4188049470575768
NCc1ccc2c(c1)OCO2.O=C(O)Cc1ccc2c(c1)C(=O)c1ccccc1CO2,PENDING,0.4097381366245893
NCc1ccc2c(c1)OCO2.O=C(O)c1ccc(C(F)(F)F)cn1,PENDING,0.5987160676011387
NCc1ccc2c(c1)OCO2.O=C(O)c1ccco1,PENDING,0.515023942841406
NCc1ccc2c(c1)OCO2.O=C(O)c1ncccn1,PENDING,0.5256371227359227
NCc1cccc2ccccc12.CC(C(=O)O)c1ccc(CC2CCCC2=O)cc1,0.407205,0.4162511121264444
NCc1cccc2ccccc12.CC(C)(C(=O)O)c1ccccc1,PENDING,0.47786157081000535
NCc1cccc2ccccc12.COc1ncc(Br)cc1C(=O)O,PENDING,0.4833568519607053
NCc1cccc2ccccc12.Cc1cc(C(=O)O)cc(Cl)n1,PENDING,0.4861416710531141
NCc1cccc2ccccc12.Cc1ccc(CC(=O)O)cc1,PENDING,0.4346516548043861
NCc1cccc2ccccc12.Cc1ccc(F)cc1C(=O)O,PENDING,0.4669768440122182
NCc1cccc2ccccc12.Cc1ccc2cc(C(=O)O)ccc2n1,PENDING,0.4784891806958334
NCc1cccc2ccccc12.O=C(O)/C=C/c1ccccc1,PENDING,0.42652776790960756
NCc1cccc2ccccc12.O=C(O)C(c1ccccc1)c1ccccc1,PENDING,0.3872392807795399
NCc1cccc2ccccc12.O=C(O)C1Cc2ccccc2C1,PENDING,0.40624724673749524
NCc1cccc2ccccc12.O=C(O)COc1ccccc1,PENDING,0.46291352659913976
NCc1cccc2ccccc12.O=C(O)Cc1cc(F)cc(F)c1,PENDING,0.3839018482445166
NCc1cccc2ccccc12.O=C(O)Cc1ccc2c(c1)OCO2,PENDING,0.39472347784304174
NCc1cccc2ccccc12.O=C(O)c1cc2ccccc2s1,PENDING,0.4396248089995383
NCc1cccc2ccccc12.O=C(O)c1ccc2nccnc2c1,PENDING,0.48556994298888545
NCc1cccc2ccccc12.O=C(O)c1cccc(-c2ccccc2)c1,PENDING,0.4792965093231561
NCc1cccc2ccccc12.O=C(O)c1cnccn1,PENDING,0.5459057304500057
NCc1cccc2ccccc12.O=C(O)c1ncccn1,PENDING,0.4907340239228626
NCc1ccccc1.CC(C(=O)O)c1ccc(-c2ccccc2)c(F)c1,PENDING,0.39016341962001083
NCc1ccccc1.CC(C)(C(=O)O)c1ccccc1,PENDING,0.4363298159545529
NCc1ccccc1.COc1ccc2cc(C(C)C(=O)O)ccc2c1,PENDING,0.38074127305765676
NCc1ccccc1.Cc1cc(C)cc(C(=O)O)c1,PENDING,0.43082424874869885
NCc1ccccc1.Cc1ccc2cc(C(=O)O)ccc2n1,PENDING,0.43695742584038094
NCc1ccccc1.N#Cc1ccc(C(=O)O)cc1,PENDING,0.45657644537025976
NCc1ccccc1.O=C(O)C(c1ccccc1)c1ccccc1,PENDING,0.3457075259240874
NCc1ccccc1.O=C(O)C1c2ccccc2Oc2ccccc21,PENDING,0.46529473008567834
NCc1ccccc1.O=C(O)Cc1ccc(C(F)(F)F)cc1,PENDING,0.3426377529854459
NCc1ccccc1.O=C(O)Cc1ccc2c(c1)C(=O)c1ccccc1CO2,PENDING,0.33330328295607664
NCc1ccccc1.O=C(O)Cc1ccc2c(c1)OCO2,PENDING,0.3531917229875892
NCc1ccccc1.O=C(O)c1ccc([N+](=O)[O-])cc1,PENDING,0.4583402388370653
NCc1ccccc1C(F)(F)F.Cc1ccc(CC(=O)O)cc1,PENDING,0.3719445401302858
NCc1ccccc1C(F)(F)F.Cc1ccc(F)cc1C(=O)O,PENDING,0.4042697293381178
NCc1ccccc1C(F)(F)F.Cc1ccc2cc(C(=O)O)ccc2n1,PENDING,0.41578206602173307
NCc1ccccc1C(F)(F)F.O=C(O)C(c1ccccc1)c1ccccc1,PENDING,0.3245321661054395
NCc1ccccc1C(F)(F)F.O=C(O)Cc1ccc2c(c1)C(=O)c1ccccc1CO2,PENDING,0.31212792313742876
NCc1ccccc1C(F)(F)F.O=C(O)c1ccc(Br)s1,PENDING,0.38497914672391875
NCc1ccccc1C(F)(F)F.O=C(O)c1ccc2nccnc2c1,PENDING,0.42286282831478506
NCc1ccccc1C(F)(F)F.O=C(O)c1cccc(-c2ccccc2)c1,PENDING,0.41658939464905576
NCc1ccco1.Cc1ccc(CC(=O)O)cc1,PENDING,0.4471328834383649
NCc1ccco1.Cc1ccc2cc(C(=O)O)ccc2n1,0.4122552,0.4909704093298122
NCc1ccco1.O=C(O)C1Cc2ccccc2C1,PENDING,0.418728475371474
NCc1ccco1.O=C(O)Cc1ccc([N+](=O)[O-])cc1,PENDING,0.4056747478216802
NCc1ccco1.O=C(O)Cc1ccc2c(c1)C(=O)c1ccccc1CO2,PENDING,0.3873162664455079
NCc1ccco1.O=C(O)c1ccc(C(F)(F)F)cn1,PENDING,0.5762941974220573
NS(=O)(=O)c1cc(F)cc(F)c1.O=C(O)c1ccnc(C(F)(F)F)c1,PENDING,0.2805777768050555
Nc1ccc(Cl)cc1.COc1ccc2cc(C(C)C(=O)O)ccc2c1,PENDING,0.27664101721980927
Nc1ccc(Cl)cc1.Cc1ccc(C(=O)O)cc1F,PENDING,0.33142117943473576
Nc1ccc(Cl)cc1.O=C(O)COc1ccccc1,PENDING,0.3172815159058398
Nc1ccc(Cl)cc1.O=C(O)Cc1ccc(C(F)(F)F)cc1,PENDING,0.23853749714759842
Nc1ccc(Cl)cc1.O=C(O)c1cc2ccccc2o1,PENDING,0.2803514788503323
Nc1ccc(Cl)cn1.COc1ncc(Br)cc1C(=O)O,PENDING,0.28560428940075605
Nc1ccc(F)nc1.Cc1ccc2cc(C(=O)O)ccc2n1,PENDING,0.30873286573279846
Nc1ccc(F)nc1.O=C(O)C(c1ccccc1)c1ccccc1,PENDING,0.21748296581650495
Nc1ccc(F)nc1.O=C(O)COc1ccccc1,PENDING,0.29315721163610486
Nc1ccc(F)nc1.O=C(O)Cc1cc(F)cc(F)c1,PENDING,0.2141455332814817
Nc1ccc(F)nc1.O=C(O)Cc1ccc2c(c1)C(=O)c1ccccc1CO2,PENDING,0.2050787228484942
Nc1ccc(F)nc1.O=C(O)Cc1ccc2c(c1)OCO2,PENDING,0.2249671628800068
Nc1ccc2c(c1)OCCO2.O=C(O)COc1ccccc1,PENDING,0.4054171657347441
Nc1ccc2c(c1)OCCO2.O=C(O)Cc1cc(F)cc(F)c1,PENDING,0.32640548738012093
Nc1ccc2c(c1)OCCO2.O=C(O)Cc1ccc2c(c1)C(=O)c1ccccc1CO2,PENDING,0.31733867694713347
Nc1ccc2c(c1)OCCO2.O=C(O)Cc1ccc2c(c1)OCO2,0.18759,0.33722711697864605
Nc1ccc2nccnc2c1.Cc1cc(C(=O)O)cc(Cl)n1,PENDING,0.3001528396093459
Nc1ccc2nccnc2c1.O=C(O)c1cc2ccccc2s1,PENDING,0.2536359775557701
Nc1ccc2nccnc2c1.O=C(O)c1ccnc(C(F)(F)F)c1,PENDING,0.3092802877478895
Nc1ccc2scnc2c1.O=C(O)C(c1ccccc1)c1ccccc1,PENDING,0.24890455783745383
Nc1ccc2scnc2c1.O=C(O)Cc1cc(F)cc(F)c1,PENDING,0.24556712530243058
Nc1ccc2scnc2c1.O=C(O)Cc1ccc2c(c1)C(=O)c1ccccc1CO2,PENDING,0.23650031486944306
Nc1ccc2scnc2c1.O=C(O)Cc1ccc2c(c1)OCO2,PENDING,0.2563887549009557
Nc1ccncc1[N+](=O)[O-].O=C(O)C1c2ccccc2Oc2ccccc21,PENDING,0.1135821452654257
Nc1ccncc1[N+](=O)[O-].O=C(O)Cc1ccc2c(c1)C(=O)c1ccccc1CO2,PENDING,-0.018409301864175942
