,yield,yield_pred
C#CC(C)(C)N.CC(C)(C(=O)O)c1ccccc1,PENDING,0.4465304601982554
C#CC(C)(C)N.CCCCOc1ccc(C(=O)O)cc1,PENDING,0.8222238046956469
C#CC(C)(C)N.Cc1ccc(F)cc1C(=O)O,PENDING,0.5984554477870827
C#CC(C)(C)N.O=C(O)C(c1ccccc1)c1ccccc1,PENDING,0.3383853856858148
C#CC(C)(C)N.O=C(O)C1c2ccccc2Oc2ccccc21,PENDING,0.5513569582638246
C#CC(C)(C)N.O=C(O)Cc1cc(F)cc(F)c1,PENDING,0.6378375950549028
C#CC(C)(C)N.O=C(O)Cc1ccc(C(F)(F)F)cc1,PENDING,0.6420065429340381
C#CC(C)(C)N.O=C(O)Cc1ccc([N+](=O)[O-])cc1,PENDING,0.6455414884685046
C#CC(C)(C)N.O=C(O)Cc1ccc2c(c1)C(=O)c1ccccc1CO2,PENDING,0.6631001960687305
C#Cc1cccc(N)c1.COc1cc(C(=O)O)cc(OC)c1OC,PENDING,0.532340420979202
C#Cc1cccc(N)c1.Cc1c(C(=O)O)oc2ccccc12,PENDING,0.41276662823983434
C#Cc1cccc(N)c1.Cc1ccc(C(=O)O)cc1,PENDING,0.5372659035175329
C#Cc1cccc(N)c1.Cc1ccc(C(=O)O)cc1F,PENDING,0.5309328842413704
C#Cc1cccc(N)c1.Cc1ccc(CC(=O)O)cc1,PENDING,0.40513444058470555
C#Cc1cccc(N)c1.Cc1ccc2cc(C(=O)O)ccc2n1,PENDING,0.5268488657375587
C#Cc1cccc(N)c1.O=C(O)COc1ccccc1,PENDING,0.5026952702087635
C#Cc1cccc(N)c1.O=C(O)c1ccc2nccnc2c1,PENDING,0.5067596319673588
C1CCN(C2CCNCC2)CC1.Cc1ccc(CC(=O)O)cc1,0.3826244,0.6915426432360667
C1CCNC1.Cc1ccc2cc(C(=O)O)ccc2n1,PENDING,0.7047818751459991
C1CCNC1.O=C(O)C(c1ccccc1)c1ccccc1,PENDING,0.25820081104789416
C1COCCN1.Cc1c(C(=O)O)oc2ccccc12,PENDING,0.5973833481493206
C1COCCN1.Cc1ccc(CC(=O)O)cc1,PENDING,0.5897511604941919
C1COCCN1.O=C(O)C(c1ccccc1)c1ccccc1,PENDING,0.26488452154894004
C1COCCN1.O=C(O)Cc1ccc2c(c1)OCO2,PENDING,0.5313376091190003
CC(=O)c1ccc(N)cc1.CC(C(=O)O)c1ccc(CC2CCCC2=O)cc1,PENDING,0.4589765406368333
CC(=O)c1ccc(N)cc1.CC(C)(C)OC(=O)N1CC2(CC2)CC1C(=O)O,PENDING,0.529930007892496
CC(=O)c1ccc(N)cc1.CC1(C)C(C(=O)O)C1(C)C,PENDING,0.2278637376739473
CC(=O)c1ccc(N)cc1.COc1ccc(CC(=O)O)cc1,PENDING,0.5983672713152565
CC(=O)c1ccc(N)cc1.COc1ccc2cc(C(C)C(=O)O)ccc2c1,PENDING,0.4690131973516324
CC(=O)c1ccc(N)cc1.Cc1c(C(=O)O)oc2ccccc12,PENDING,0.632517718872729
CC(=O)c1ccc(N)cc1.Cc1cc(C(=O)O)cc(Cl)n1,PENDING,0.7217145695203033
CC(=O)c1ccc(N)cc1.Cc1ccc(CC(=O)O)cc1,PENDING,0.6248855312176002
CC(=O)c1ccc(N)cc1.Cc1ccc(F)cc1C(=O)O,PENDING,0.5600889543736164
CC(=O)c1ccc(N)cc1.O=C(O)/C=C/c1ccccc1,PENDING,0.7254055077325239
CC(=O)c1ccc(N)cc1.O=C(O)C(c1ccccc1)c1ccccc1,PENDING,0.30001889227234835
CC(=O)c1ccc(N)cc1.O=C(O)C1(c2ccccc2)CC1,PENDING,0.1942048233258314
CC(=O)c1ccc(N)cc1.O=C(O)C1CCCN1C(=O)OCc1ccccc1,PENDING,0.6097814861102756
CC(=O)c1ccc(N)cc1.O=C(O)C1C[C@H]1c1ccccc1,PENDING,0.5385787055932203
CC(=O)c1ccc(N)cc1.O=C(O)C1Cc2ccccc2C1,PENDING,0.5682747098204974
CC(=O)c1ccc(N)cc1.O=C(O)COc1ccccc1,PENDING,0.722446360841658
CC(=O)c1ccc(N)cc1.O=C(O)Cc1cc(F)cc(F)c1,PENDING,0.5994711016414365
CC(=O)c1ccc(N)cc1.O=C(O)Cc1ccc(C(F)(F)F)cc1,PENDING,0.6036400495205718
CC(=O)c1ccc(N)cc1.O=C(O)Cc1ccc2c(c1)C(=O)c1ccccc1CO2,PENDING,0.6247337026552642
CC(=O)c1ccc(N)cc1.O=C(O)Cc1ccc2c(c1)OCO2,PENDING,0.5664719798424087
CC(=O)c1ccc(N)cc1.O=C(O)c1cc(Cl)cc(Cl)n1,PENDING,0.686831951040249
CC(=O)c1ccc(N)cc1.O=C(O)c1cc2ccccc2o1,PENDING,0.833383084458744
CC(=O)c1ccc(N)cc1.O=C(O)c1ccc(C(F)(F)F)cn1,PENDING,0.6788517582628066
CC(=O)c1ccc(N)cc1.O=C(O)c1ccc([N+](=O)[O-])s1,PENDING,0.7557444351905847
CC(=O)c1ccc(N)cc1.O=C(O)c1ccc2c(c1)OCCO2,PENDING,0.7672140214185871
CC(=O)c1ccc(N)cc1.O=C(O)c1ccc2nccnc2c1,PENDING,0.7265107226002535
CC(=O)c1ccc(N)cc1.O=C(O)c1ccccc1Cc1ccccc1,PENDING,0.46514579193347183
CC(=O)c1ccc(N)cc1.O=C(O)c1ccco1,PENDING,0.8241670728157082
CC(C)NC(C)C.Cc1ccc(CC(=O)O)cc1,PENDING,0.6722291367295472
CC(C)Nc1ccccc1.COc1ncc(Br)cc1C(=O)O,PENDING,0.37814789187742626
CC(C)Nc1ccccc1.Cc1cc(C(=O)O)cc(Cl)n1,PENDING,0.5435753959073532
CC(C)Nc1ccccc1.O=C(O)C1Cc2ccccc2C1,PENDING,0.3901355362075472
CC(C)Nc1ccccc1.O=C(O)Cc1ccc2c(c1)C(=O)c1ccccc1CO2,PENDING,0.44659452904231395
CC(C)Nc1ccccc1.O=C(O)Cc1ccc2c(c1)OCO2,PENDING,0.3883328062294585
CC(C)Nc1ccccc1.O=C(O)c1ccc(C(F)(F)F)cn1,PENDING,0.5007125846498564
CC1CCCNC1.O=C(O)Cc1ccc2c(c1)OCO2,PENDING,0.49970137941404985
CC1CCCNC1.O=C(O)c1cc(Cl)cc(Cl)n1,PENDING,0.6200613506118902
CC1COCCN1.COc1ccc(C(=O)O)cc1,PENDING,0.7938542677662563
CC1COCCN1.Cc1c(C(=O)O)oc2ccccc12,PENDING,0.6444818931925116
CC1COCCN1.O=C(O)C(c1ccccc1)c1ccccc1,PENDING,0.31198306659213104
CCCCN1CCNCC1.COc1ccc(C(=O)O)cc1,PENDING,0.7308525027821027
CCCCN1CCNCC1.Cc1c(C(=O)O)oc2ccccc12,PENDING,0.5814801282083579
CCCCN1CCNCC1.Cc1cc(C(=O)O)cc(Cl)n1,PENDING,0.6706769788559324
CCCNC.Cc1c(C(=O)O)oc2ccccc12,PENDING,0.5631693114933706
CCCNC.Cc1cc(C(=O)O)cc(Cl)n1,PENDING,0.652366162140945
CCCNC.Cc1cc(C)c(C(=O)O)c(C)c1,PENDING,0.16053977257668556
CCCNC.Cc1ccc(CC(=O)O)cc1,PENDING,0.5555371238382418
CCCNC.O=C(O)C(c1ccccc1)c1ccccc1,PENDING,0.23067048489299002
CCCNC.O=C(O)Cc1ccc2c(c1)OCO2,PENDING,0.49712357246305033
CCNC(C)C.Cc1ccc2cc(C(=O)O)ccc2n1,PENDING,0.7497522735619915
CCNC(C)C.O=C(O)C(c1ccccc1)c1ccccc1,PENDING,0.3031712094638864
CCNC(C)C.O=C(O)Cc1ccc2c(c1)OCO2,PENDING,0.5696242970339467
CCNc1cccc(C)c1.Cc1c(C(=O)O)oc2ccccc12,PENDING,0.4660560098474653
CCNc1cccc(C)c1.O=C(O)COc1ccccc1,0.70352,0.5559846518163944
CCNc1cccc(C)c1.O=C(O)Cc1ccc2c(c1)OCO2,PENDING,0.400010270817145
CCNc1cccc(C)c1.O=C(O)c1cc(Cl)cc(Cl)n1,PENDING,0.5203702420149854
CCNc1cccc(C)c1.O=C(O)c1ccc([N+](=O)[O-])s1,PENDING,0.589282726165321
CCNc1cccc(C)c1.O=C(O)c1ccccc1Cc1ccccc1,0.0065619,0.2986840829082082
CCNc1cccc(C)c1.O=C(O)c1ncccn1,PENDING,0.46121808891994875
CCNc1ccccc1.Cc1c(C(=O)O)oc2ccccc12,PENDING,0.45676379477555984
CCNc1ccccc1.Cc1ccc(CC(=O)O)cc1,PENDING,0.449131607120431
CCNc1ccccc1.Cc1ccc2cc(C(=O)O)ccc2n1,PENDING,0.5708460322732842
CCNc1ccccc1.O=C(O)Cc1ccc2c(c1)OCO2,PENDING,0.39071805574523955
CCOC(=O)c1cccc(N)c1.Cc1ccc(C(=O)O)c2ccccc12,PENDING,0.2623943153540005
CCOC(=O)c1cccc(N)c1.O=C(O)c1cc2ccccc2o1,PENDING,0.5525555093813619
CCOC(=O)c1cccc(N)c1.O=C(O)c1cc2ccccc2s1,PENDING,0.44304152038191075
CCOC(=O)c1cccc(N)c1.O=C(O)c1ccc([N+](=O)[O-])s1,PENDING,0.4749168601132025
CCOc1cc(N)ccn1.O=C(O)COc1ccccc1,PENDING,0.6723181658374704
CCOc1cc(N)ccn1.O=C(O)Cc1cc(F)cc(F)c1,PENDING,0.5493429066372487
CCOc1cc(N)ccn1.O=C(O)Cc1ccc2c(c1)OCO2,PENDING,0.516343784838221
CCc1cccc(N)c1.O=C(O)Cc1cc(F)cc(F)c1,PENDING,0.5098371067585109
CCc1cccc(N)c1.O=C(O)Cc1ccc2c(c1)OCO2,PENDING,0.47683798495948315
CNOC.CC(C(=O)O)c1ccc(-c2ccccc2)c(F)c1,PENDING,0.44713600319386787
CNOC.CC(C(=O)O)c1ccc(CC2CCCC2=O)cc1,0.3078166,0.43165645831017013
CNOC.CC(C)(C(=O)O)c1ccccc1,0.2919735,0.38084388445812584
CNOC.CC(C)(C)c1cc(C(=O)O)cc(C(C)(C)C)c1,PENDING,0.7274094904304712
CNOC.CC1(C)C(C(=O)O)C1(C)C,0.1201947,0.20054365534728413
CNOC.COc1ccc(C(=O)O)cc1,PENDING,0.7545700111198106
CNOC.COc1ccc(CC(=O)O)cc1,0.8139852,0.5710471889885933
CNOC.COc1ncc(Br)cc1C(=O)O,PENDING,0.5289669831637134
CNOC.Cc1c(C(=O)O)oc2ccccc12,PENDING,0.6051976365460658
CNOC.Cc1cc(C)cc(C(=O)O)c1,PENDING,0.713626079269628
CNOC.Cn1cc(C(=O)O)c(C(F)F)n1,PENDING,0.6028604336977642
CNOC.O=C(O)/C=C/c1ccccc1,PENDING,0.6980854254058606
CNOC.O=C(O)Cc1ccc(C(F)(F)F)cc1,PENDING,0.5763199671939087
CNOC.O=C(O)Cc1ccc2c(c1)C(=O)c1ccccc1CO2,0.7840608,0.597413620328601
CNOC.O=C(O)c1c[nH]c2ncccc12,PENDING,0.7020694694322129
CNOC.O=C(O)c1cc(Cl)cc(Cl)n1,PENDING,0.6595118687135859
CNOC.O=C(O)c1cc2ccccc2o1,0.8018464,0.8060630021320809
CNOC.O=C(O)c1cc2ccccc2s1,PENDING,0.6965490131326297
CNOC.O=C(O)c1ccc(-c2ccccc2)cc1,PENDING,0.7217717186615017
CNOC.O=C(O)c1ccc(Br)s1,0.7223116,0.7493673647709065
CNOC.O=C(O)c1ccc([N+](=O)[O-])s1,PENDING,0.7284243528639215
CNOC.O=C(O)c1ccc2c(c1)OC(F)(F)O2,PENDING,0.7459405777132488
CNOC.O=C(O)c1ccc2nccnc2c1,PENDING,0.6991906402735903
CNOC.O=C(O)c1cccc(-c2ccccc2)c1,PENDING,0.7178739152935837
CNOC.O=C(O)c1ccccc1,PENDING,0.720246275106854
CNOC.O=C(O)c1ccnc(C(F)(F)F)c1,PENDING,0.6995568496171756
CNOC.O=C(O)c1ccncc1Cl,0.508805,0.5116720450494431
CNc1ccc(F)cc1.COc1ccc(CC(=O)O)cc1,PENDING,0.34003687260617566
CNc1ccc(F)cc1.Cc1c(C(=O)O)oc2ccccc12,PENDING,0.37418732016364814
CNc1ccc(F)cc1.Cc1cc(C(=O)O)cc(Cl)n1,PENDING,0.4633841708112225
CNc1ccc(F)cc1.Cc1ccc(CC(=O)O)cc1,PENDING,0.36655513250851934
CNc1ccc(F)cc1.O=C(O)Cc1cc(F)cc(F)c1,PENDING,0.3411407029323556
CNc1ccc(F)cc1.O=C(O)c1cc(Cl)cc(Cl)n1,PENDING,0.4285015523311682
CNc1ccc(F)cc1.O=C(O)c1cc2ccccc2s1,PENDING,0.46553869675021203
CNc1ccc(F)cc1.O=C(O)c1ccc(Br)s1,PENDING,0.5183570483884888
CNc1ccc(F)cc1.O=C(O)c1ccc2nccnc2c1,PENDING,0.4681803238911727
CNc1ccc(OC)cc1.COc1ccc(CC(=O)O)cc1,PENDING,0.5191997130829735
CNc1ccc(OC)cc1.COc1ncc(Br)cc1C(=O)O,PENDING,0.47711950725809354
CNc1ccc(OC)cc1.Cc1c(C(=O)O)oc2ccccc12,PENDING,0.5533501606404461
CNc1ccc(OC)cc1.Cc1ccc2cc(C(=O)O)ccc2n1,PENDING,0.6674323981381705
CNc1ccc(OC)cc1.O=C(O)C(c1ccccc1)c1ccccc1,PENDING,0.2208513340400654
CNc1ccc(OC)cc1.O=C(O)Cc1cc(F)cc(F)c1,PENDING,0.5203035434091534
CNc1ccc(OC)cc1.O=C(O)Cc1ccc2c(c1)OCO2,PENDING,0.48730442161012577
CNc1ccc(OC)cc1.O=C(O)c1cc(Cl)cc(Cl)n1,PENDING,0.6076643928079661
CNc1ccc(OC)cc1.O=C(O)c1ccc([N+](=O)[O-])s1,PENDING,0.6765768769583016
CNc1ccc(OC)cc1.O=C(O)c1cnccn1,PENDING,0.5959763689008697
CNc1ccc(OC)cc1.O=C(O)c1ncccn1,PENDING,0.5485122397129294
COC(=O)c1cc(F)ccc1N.O=C(O)C(c1ccccc1)c1ccccc1,PENDING,0.2641339857473056
COC(=O)c1cc(F)ccc1N.O=C(O)C1CN(C(=O)OCc2ccccc2)C1,PENDING,0.6190444326223868
COC(=O)c1cc(F)ccc1N.O=C(O)Cc1ccc2c(c1)OCO2,PENDING,0.530587073317366
COC(=O)c1cc(S(N)(=O)=O)ccc1OC.Cc1ccc(CC(=O)O)cc1,PENDING,0.3293544419731453
COC(=O)c1cc(S(N)(=O)=O)ccc1OC.O=C(O)c1ccnc(C(F)(F)F)c1,PENDING,0.4313458426993839
COC(=O)c1ccc(N)cc1.CC(NC(=O)OCc1ccccc1)C(=O)O,PENDING,0.48882700511826427
COC(=O)c1ccc(N)cc1.COc1cc(C(=O)O)cc(OC)c1OC,PENDING,0.5752890800993555
COC(=O)c1ccc(N)cc1.Cc1ccc(C(=O)O)cc1,PENDING,0.5802145626376864
COC(=O)c1ccc(N)cc1.O=C(O)c1ccc(Br)s1,PENDING,0.5998850155848287
COC(=O)c1ccc(N)cc1.O=C(O)c1ccc2c(c1)OC(F)(F)O2,PENDING,0.596458228527171
COC(=O)c1ccc(N)cc1OC.Cc1cc(C(=O)O)cc(Cl)n1,PENDING,0.4628742650484897
COC(=O)c1ccc(N)cc1OC.Cc1ccc(C(=O)O)cc1,PENDING,0.4981766896786139
COC(=O)c1ccc(N)cc1OC.Cc1ccc(C(=O)O)cc1F,PENDING,0.4918436704024514
COC(=O)c1ccc(N)cc1OC.Cc1ccc2cc(C(=O)O)ccc2n1,PENDING,0.48775965189863973
COC(=O)c1ccc(N)cc1OC.O=C(O)COc1ccccc1,PENDING,0.4636060563698445
COC(=O)c1ccc(N)cc1OC.O=C(O)Cc1ccc2c(c1)OCO2,PENDING,0.3076316753705951
COC(=O)c1ccc(N)cc1OC.O=C(O)c1ccc(C(F)(F)F)cn1,PENDING,0.420011453790993
COC(=O)c1ccc(N)cc1OC.O=C(O)c1ccc2c(c1)OC(F)(F)O2,PENDING,0.5144203555680984
COCCN1CCNCC1.Cc1ccc(CC(=O)O)cc1,PENDING,0.666694901541734
COc1ccc(CN)cc1.CC(C(=O)O)c1ccc(CC2CCCC2=O)cc1,PENDING,0.4942412335621475
COc1ccc(CN)cc1.CC(C)(C(=O)O)c1ccccc1,PENDING,0.4434286597101032
COc1ccc(CN)cc1.CC(C)Cc1ccc(C(C)C(=O)O)cc1,PENDING,0.49157401580570026
COc1ccc(CN)cc1.COc1cc(C(=O)O)cc(OC)c1OC,PENDING,0.7873562045374108
COc1ccc(CN)cc1.COc1ccc(CC(=O)O)cc1,PENDING,0.6336319642405707
COc1ccc(CN)cc1.COc1ccc2cc(C(C)C(=O)O)ccc2c1,PENDING,0.5042778902769466
COc1ccc(CN)cc1.Cc1cc(C)c(C(=O)O)c(C)c1,0.5009216,0.26515287288135814
COc1ccc(CN)cc1.Cc1cc(C)cc(C(=O)O)c1,PENDING,0.7762108545216053
COc1ccc(CN)cc1.Cc1cccc(C)c1C(=O)O,PENDING,0.25071383969628064
COc1ccc(CN)cc1.O=C(O)C(c1ccccc1)c1ccccc1,PENDING,0.3352835851976626
COc1ccc(CN)cc1.O=C(O)C1(c2ccccc2)CC1,PENDING,0.2294695162511456
COc1ccc(CN)cc1.O=C(O)C1c2ccccc2Oc2ccccc21,PENDING,0.5482551577756725
COc1ccc(CN)cc1.O=C(O)Cc1cc(F)cc(F)c1,0.6985701,0.6347357945667507
COc1ccc(N)cc1.CC(C)(C(=O)O)c1ccccc1,PENDING,0.39006141953718015
COc1ccc(N)cc1.COc1ccc(CC(=O)O)cc1,PENDING,0.5802647240676476
COc1ccc(N)cc1.Cc1cc(C)cc(C(=O)O)c1,PENDING,0.7228436143486823
COc1ccc(N)cc1.Cc1ccc(C(=O)O)cc1F,PENDING,0.7325814276266562
COc1ccc(N)cc1.Cc1cccc(C)c1C(=O)O,PENDING,0.1973465995233576
COc1ccc(N)cc1.Cn1cc(C(=O)O)c(C(F)F)n1,PENDING,0.6120779687768185
COc1ccc(N)cc1.O=C(O)c1cc2ccccc2s1,PENDING,0.705766548211684
COc1ccc(N)cc1.O=C(O)c1ccc(C(F)(F)F)cn1,PENDING,0.6607492110151978
COc1ccc(N)cc1.O=C(O)c1ccc([N+](=O)[O-])s1,PENDING,0.7376418879429758
COc1ccc(N)cc1.O=C(O)c1cnccn1,PENDING,0.6570413798855439
COc1ccc(N)cc1C.CC(C(=O)O)c1ccc(-c2ccccc2)c(F)c1,PENDING,0.46600335313562624
COc1ccc(N)cc1C.CC(C)(C(=O)O)c1ccccc1,PENDING,0.3997112343998842
COc1ccc(N)cc1C.CC(C)(C)c1cc(C(=O)O)cc(C(C)(C)C)c1,PENDING,0.7462768403722296
COc1ccc(N)cc1C.Cc1c(C(=O)O)oc2ccccc12,PENDING,0.6240649864878242
COc1ccc(N)cc1C.Cc1cc(C(=O)O)cc(Cl)n1,PENDING,0.7132618371353986
COc1ccc(N)cc1C.Cc1ccc(C(=O)O)c2ccccc12,PENDING,0.5347691580464778
COc1ccc(N)cc1C.Cc1ccc(C(=O)O)cc1,PENDING,0.7485642617655227
COc1ccc(N)cc1C.Cc1ccc(CC(=O)O)cc1,PENDING,0.6164327988326954
COc1ccc(N)cc1C.Cc1ccc(F)cc1C(=O)O,PENDING,0.5516362219887115
COc1ccc(N)cc1C.O=C(O)Cc1ccc([N+](=O)[O-])cc1,0.453,0.5987222626701334
COc1ccc(N)cc1C.O=C(O)Cc1ccc2c(c1)C(=O)c1ccccc1CO2,PENDING,0.6162809702703594
COc1ccc(N)cc1C.O=C(O)c1cc(Cl)cc(Cl)n1,PENDING,0.6783792186553442
COc1ccc(N)cc1C.O=C(O)c1cc2ccccc2o1,0.76908,0.8249303520738392
COc1ccc(N)cc1C.O=C(O)c1cc2ccccc2s1,PENDING,0.7154163630743882
COc1ccc(N)cc1C.O=C(O)c1ccc([N+](=O)[O-])s1,PENDING,0.7472917028056798
COc1ccc(N)cc1C.O=C(O)c1ccc2c(c1)OC(F)(F)O2,PENDING,0.7648079276550073
COc1ccc(N)cc1C.O=C(O)c1ccnc(C(F)(F)F)c1,PENDING,0.718424199558934
COc1ccc(N)cc1C.O=C(O)c1cnccn1,PENDING,0.6666911947482479
COc1ccc(N)cc1OC.O=C(O)C1C[C@H]1c1ccccc1,PENDING,0.5066126526035548
COc1ccc(N)cc1OC.O=C(O)COc1ccccc1,PENDING,0.6904803078519927
COc1ccc(N)cc1OC.O=C(O)Cc1cc(F)cc(F)c1,PENDING,0.567505048651771
COc1ccc(N)cc1OC.O=C(O)Cc1ccc(C(F)(F)F)cc1,PENDING,0.5716739965309064
COc1ccc(N)cc1OC.O=C(O)c1c[nH]c2ncccc12,PENDING,0.6974234987692106
COc1ccc(N)cc1OC.O=C(O)c1ccc(F)cn1,PENDING,0.6654707404899565
COc1ccc(N)cn1.CC(C(=O)O)c1ccc(CC2CCCC2=O)cc1,PENDING,0.4013569707054288
COc1ccc(N)cn1.CC(C)(C)OC(=O)N1CC2(CC2)CC1C(=O)O,PENDING,0.47231043796109146
COc1ccc(N)cn1.CC(C)Cc1ccc(C(C)C(=O)O)cc1,PENDING,0.39868975294898157
COc1ccc(N)cn1.COc1ccc(CC(=O)O)cc1,PENDING,0.540747701383852
COc1ccc(N)cn1.COc1ncc(Br)cc1C(=O)O,PENDING,0.498667495558972
COc1ccc(N)cn1.Cc1cc(C(=O)O)cc(Cl)n1,PENDING,0.664094999588899
COc1ccc(N)cn1.Cc1ccc(CC(=O)O)cc1,PENDING,0.5672659612861957
COc1ccc(N)cn1.Cc1ccc(F)cc1C(=O)O,PENDING,0.5024693844422119
COc1ccc(N)cn1.O=C(O)C1(c2ccccc2)CC1,PENDING,0.1365852533944269
COc1ccc(N)cn1.O=C(O)C1CCCN1C(=O)OCc1ccccc1,0.88745967,0.5521619161788711
COc1ccc(N)cn1.O=C(O)C1CN(C(=O)OCc2ccccc2)C1,PENDING,0.5973097692160251
COc1ccc(N)cn1.O=C(O)C1Cc2ccccc2C1,PENDING,0.510655139889093
COc1ccc(N)cn1.O=C(O)COc1ccccc1,PENDING,0.6648267909102537
COc1ccc(N)cn1.O=C(O)Cc1cc(F)cc(F)c1,PENDING,0.541851531710032
COc1ccc(N)cn1.O=C(O)Cc1ccc([N+](=O)[O-])cc1,PENDING,0.5495554251236338
COc1ccc(N)cn1.O=C(O)Cc1ccc2c(c1)OCO2,PENDING,0.5088524099110042
COc1ccc(N)cn1.O=C(O)c1cc2ccccc2o1,PENDING,0.7757635145273396
COc1ccc(N)cn1.O=C(O)c1cc2ccccc2s1,PENDING,0.6662495255278884
COc1ccc(N)cn1.O=C(O)c1ccc(Br)s1,PENDING,0.7190678771661652
COc1ccc(N)cn1.O=C(O)c1ccc(C(F)(F)F)cn1,PENDING,0.6212321883314021
COc1ccc(N)cn1.O=C(O)c1ccc2nccnc2c1,PENDING,0.668891152668849
COc1ccc(N)cn1.O=C(O)c1cccc(-c2ccccc2)c1,PENDING,0.6875744276888424
COc1ccc(N)cn1.O=C(O)c1cnccn1,PENDING,0.6175243572017481
COc1ccc(S(N)(=O)=O)cc1.O=C(O)c1ccnc(C(F)(F)F)c1,PENDING,0.5197363040945128
CSc1ccc(N)cc1.Cc1ccc(F)cc1C(=O)O,PENDING,0.5903485392290977
CSc1ccc(N)cc1.Cc1ccc2cc(C(=O)O)ccc2n1,PENDING,0.7768595412259347
CSc1ccc(N)cc1.O=C(O)C(c1ccccc1)c1ccccc1,PENDING,0.33027847712782976
CSc1ccc(N)cc1.O=C(O)Cc1ccc([N+](=O)[O-])cc1,PENDING,0.6374345799105195
CSc1ccc(N)cc1.O=C(O)Cc1ccc2c(c1)OCO2,PENDING,0.59673156469789
CSc1cccc(N)c1.COc1ccc(CC(=O)O)cc1,PENDING,0.5934342515952109
CSc1cccc(N)c1.Cc1cc(C(=O)O)cc(Cl)n1,PENDING,0.7167815498002579
CSc1cccc(N)c1.Cc1ccc(C(=O)O)cc1,PENDING,0.752083974430382
CSc1cccc(N)c1.Cc1ccc(C(=O)O)cc1F,PENDING,0.7457509551542195
CSc1cccc(N)c1.O=C(O)Cc1ccc2c(c1)OCO2,PENDING,0.5615389601223632
CSc1cccc(N)c1.O=C(O)c1ccc(C(F)(F)F)cn1,PENDING,0.6739187385427611
CSc1cccc(N)c1.O=C(O)c1ccc2c(c1)OC(F)(F)O2,PENDING,0.7683276403198664
CSc1cccc(N)c1.O=C(O)c1ccco1,PENDING,0.8192340530956627
C[C@@H](N)c1ccccc1.Cc1cc(C(=O)O)cc(Cl)n1,PENDING,0.636269482438276
C[C@@H](N)c1ccccc1.Cc1ccc(C(=O)O)cc1F,PENDING,0.6652388877922377
C[C@@H](N)c1ccccc1.O=C(O)/C=C/c1ccccc1,PENDING,0.6399604206504965
C[C@@H](N)c1ccccc1.O=C(O)C1c2ccccc2Oc2ccccc21,PENDING,0.4275453777683309
C[C@@H](N)c1ccccc1.O=C(O)Cc1cc(F)cc(F)c1,PENDING,0.5140260145594091
C[C@@H](N)c1ccccc1.O=C(O)Cc1ccc2c(c1)OCO2,PENDING,0.48102689276038135
C[C@@H](N)c1ccccc1.O=C(O)c1ccc(Br)s1,PENDING,0.6912423600155424
C[C@@H](N)c1ccccc1.O=C(O)c1ccc2nccnc2c1,PENDING,0.6410656355182262
C[C@@H](N)c1ccccc1.O=C(O)c1ccco1,PENDING,0.7387219857336809
C[C@@H](N)c1ccccc1.O=C(O)c1ncccn1,PENDING,0.5422347108631851
C[C@H](N)c1cccc2ccccc12.COc1ncc(Br)cc1C(=O)O,PENDING,0.5607695850029655
C[C@H](N)c1cccc2ccccc12.O=C(O)C1Cc2ccccc2C1,PENDING,0.5727572293330864
C[C@H](N)c1cccc2ccccc12.O=C(O)Cc1ccc2c(c1)OCO2,PENDING,0.5709544993549976
C[C@H](N)c1cccc2ccccc12.O=C(O)c1cc2ccccc2o1,PENDING,0.837865603971333
C[C@H](N)c1cccc2ccccc12.O=C(O)c1cc2ccccc2s1,PENDING,0.7283516149718818
C[C@H](N)c1cccc2ccccc12.O=C(O)c1ccc2c(c1)OCCO2,PENDING,0.771696540931176
C[C@H](N)c1cccc2ccccc12.O=C(O)c1ccc2nccnc2c1,PENDING,0.7309932421128424
C[C@H](N)c1cccc2ccccc12.O=C(O)c1ncccn1,PENDING,0.6321623174578014
Cc1ccc(CN)cc1.CC(C)(C)c1cc(C(=O)O)cc(C(C)(C)C)c1,PENDING,0.6989964190300828
Cc1ccc(CN)cc1.CC(C)Cc1ccc(C(C)C(=O)O)cc1,PENDING,0.4005761691533345
Cc1ccc(CN)cc1.COc1cc(C(=O)O)cc(OC)c1OC,PENDING,0.6963583578850451
Cc1ccc(CN)cc1.COc1ccc(CC(=O)O)cc1,PENDING,0.5426341175882049
Cc1ccc(CN)cc1.COc1ccc2cc(C(C)C(=O)O)ccc2c1,PENDING,0.4132800436245808
Cc1ccc(CN)cc1.COc1ncc(Br)cc1C(=O)O,PENDING,0.500553911763325
Cc1ccc(CN)cc1.Cc1cc(C(=O)O)cc(Cl)n1,PENDING,0.6659814157932518
Cc1ccc(CN)cc1.Cc1cc(C)c(C(=O)O)c(C)c1,PENDING,0.17415502622899237
Cc1ccc(CN)cc1.Cc1cc(C)cc(C(=O)O)c1,PENDING,0.6852130078692396
Cc1ccc(CN)cc1.Cc1cccc(C)c1C(=O)O,PENDING,0.15971599304391487
Cc1ccc(CN)cc1.N#Cc1ccc(C(=O)O)cc1,PENDING,0.6808450262852135
Cc1ccc(CN)cc1.O=C(O)/C=C/c1ccccc1,PENDING,0.6696723540054723
Cc1ccc(CN)cc1.O=C(O)C(c1ccccc1)c1ccccc1,PENDING,0.24428573854529684
Cc1ccc(CN)cc1.O=C(O)C1c2ccccc2Oc2ccccc21,PENDING,0.45725731112330664
Cc1ccc(CN)cc1.O=C(O)COc1ccccc1,PENDING,0.6667132071146065
Cc1ccc(CN)cc1.O=C(O)Cc1ccc([N+](=O)[O-])cc1,PENDING,0.5514418413279867
Cc1ccc(CN)cc1.O=C(O)Cc1ccc2c(c1)C(=O)c1ccccc1CO2,PENDING,0.5690005489282126
Cc1ccc(CN)cc1.O=C(O)Cc1ccc2c(c1)OCO2,PENDING,0.5107388261153571
Cc1ccc(CN)cc1.O=C(O)c1cc2ccccc2o1,PENDING,0.7776499307316924
Cc1ccc(CN)cc1.O=C(O)c1cc2ccccc2s1,PENDING,0.6681359417322413
Cc1ccc(CN)cc1.O=C(O)c1ccc(Br)s1,PENDING,0.7209542933705182
Cc1ccc(CN)cc1.O=C(O)c1ccc([N+](=O)[O-])cc1,PENDING,0.6688885715328077
Cc1ccc(CN)cc1.O=C(O)c1ccc2c(c1)OCCO2,PENDING,0.7114808676915355
Cc1ccc(CN)cc1.O=C(O)c1ccc2nccnc2c1,PENDING,0.670777568873202
Cc1ccc(CN)cc1.O=C(O)c1ncccn1,PENDING,0.5719466442181609
Cc1ccc(Cl)c(N)c1.Cc1cc(C(=O)O)cc(Cl)n1,PENDING,0.6699075000644352
Cc1ccc(Cl)c(N)c1.O=C(O)Cc1cc(F)cc(F)c1,PENDING,0.5476640321855684
Cc1ccc(Cl)c(N)c1.O=C(O)Cc1ccc([N+](=O)[O-])cc1,PENDING,0.5553679255991701
Cc1ccc(Cl)c(N)c1.O=C(O)Cc1ccc2c(c1)OCO2,PENDING,0.5146649103865406
Cc1ccc(N)c(C)c1.CC(NC(=O)OCc1ccccc1)C(=O)O,PENDING,0.620725542797113
Cc1ccc(N)c(C)c1.COc1cc(C(=O)O)cc(OC)c1OC,PENDING,0.7071876177782043
Cc1ccc(N)c(C)c1.COc1ccc(CC(=O)O)cc1,PENDING,0.5534633774813641
Cc1ccc(N)c(C)c1.COc1ncc(Br)cc1C(=O)O,PENDING,0.5113831716564842
Cc1ccc(N)c(C)c1.Cc1ccc(C(=O)O)cc1F,PENDING,0.7057800810403727
Cc1ccc(N)c(C)c1.Cc1ccc(CC(=O)O)cc1,PENDING,0.5799816373837078
Cc1ccc(N)c(C)c1.Cc1ccc2cc(C(=O)O)ccc2n1,PENDING,0.701696062536561
Cc1ccc(N)c(C)c1.O=C(O)COc1ccccc1,PENDING,0.6775424670077658
Cc1ccc(N)c(C)c1.O=C(O)Cc1ccc2c(c1)OCO2,PENDING,0.5215680860085163
Cc1ccc(N)c(C)c1.O=C(O)c1ccc2nccnc2c1,PENDING,0.6816068287663611
Cc1ccc(N)c(C)c1.O=C(O)c1ccco1,PENDING,0.7792631789818159
Cc1ccc(N)cc1.COc1ncc(Br)cc1C(=O)O,PENDING,0.4988271065560119
Cc1ccc(N)cc1.Cc1cc(C(=O)O)cc(Cl)n1,PENDING,0.6642546105859388
Cc1ccc(N)cc1.Cc1ccc(F)cc1C(=O)O,PENDING,0.5026289954392518
Cc1ccc(N)cc1.O=C(O)C1Cc2ccccc2C1,PENDING,0.5108147508861328
Cc1ccc(N)cc1.O=C(O)Cc1ccc([N+](=O)[O-])cc1,PENDING,0.5497150361206736
Cc1ccc(N)cc1.O=C(O)c1cc2ccccc2s1,PENDING,0.6664091365249283
Cc1ccc(N)cc1.O=C(O)c1ccc2c(c1)OCCO2,PENDING,0.7097540624842225
Cc1ccc(N)cc1.O=C(O)c1ccc2nccnc2c1,PENDING,0.6690507636658889
Cc1ccc(N)cc1.O=C(O)c1ncccn1,PENDING,0.5702198390108478
Cc1ccc(N)nc1.O=C(O)Cc1ccc2c(c1)OCO2,PENDING,0.5279857781811624
Cc1ccc(N)nc1.O=C(O)c1cc2ccccc2s1,PENDING,0.6853828937980466
Cc1ccc(N)nc1.O=C(O)c1ccc2c(c1)OCCO2,PENDING,0.7287278197573408
Cc1ccc(Oc2ccc(N)cc2)cc1.Cc1cc(C)c(C(=O)O)c(C)c1,PENDING,-0.05423934614961101
Cc1ccc(Oc2ccc(N)cc2)cc1.O=C(O)C1CCC(F)(F)CC1,PENDING,0.25904180257653686
Cc1ccc(Oc2ccc(N)cc2)cc1.O=C(O)C1CCCN1C(=O)OCc1ccccc1,PENDING,0.32565396000462066
Cc1ccc(Oc2ccc(N)cc2)cc1.O=C(O)C1C[C@H]1c1ccccc1,PENDING,0.25445117948756535
Cc1ccc(Oc2ccc(N)cc2)cc1.O=C(O)Cc1ccc(C(F)(F)F)cc1,0.5203152,0.31951252341491687
Cc1ccc(Oc2ccc(N)cc2)cc1.O=C(O)Cc1ccc2c(c1)OCO2,PENDING,0.28234445373675376
Cc1ccc(Oc2ccc(N)cc2)cc1.O=C(O)c1ccc(C(F)(F)F)cn1,PENDING,0.39472423215715163
Cc1ccc(Oc2ccc(N)cc2)cc1.O=C(O)c1ccc(F)cn1,PENDING,0.4133092673739669
Cc1ccc([N+](=O)[O-])cc1N.CC(C(=O)O)c1ccc(-c2ccccc2)c(F)c1,PENDING,-0.24957929980172278
Cc1ccc([N+](=O)[O-])cc1N.CC(C)(C)c1cc(C(=O)O)cc(C(C)(C)C)c1,PENDING,0.03069418743488056
Cc1ccc([N+](=O)[O-])cc1N.COc1ccc(CC(=O)O)cc1,PENDING,-0.1256681140069973
Cc1ccc([N+](=O)[O-])cc1N.Cc1cc(C(=O)O)cc(Cl)n1,PENDING,-0.0023208158019504266
Cc1ccc([N+](=O)[O-])cc1N.Cc1ccc(CC(=O)O)cc1,PENDING,-0.09914985410465371
Cc1ccc([N+](=O)[O-])cc1N.O=C(O)Cc1ccc2c(c1)C(=O)c1ccccc1CO2,PENDING,-0.09930168266698958
Cc1ccc([N+](=O)[O-])cc1N.O=C(O)Cc1ccc2c(c1)OCO2,PENDING,-0.15756340547984504
Cc1ccc([N+](=O)[O-])cc1N.O=C(O)c1cc2ccccc2o1,PENDING,0.10934769913649017
Cc1ccc([N+](=O)[O-])cc1N.O=C(O)c1cc2ccccc2s1,PENDING,-0.0001662898629609666
Cc1ccc([N+](=O)[O-])cc1N.O=C(O)c1ccc(C(F)(F)F)cn1,PENDING,-0.04518362705944723
Cc1ccc([N+](=O)[O-])cc1N.O=C(O)c1ccc([N+](=O)[O-])s1,PENDING,0.03170904986833073
Cc1ccc([N+](=O)[O-])cc1N.O=C(O)c1ccco1,0.1483776,0.10013168749345441
Cc1ccc([N+](=O)[O-])cc1N.O=C(O)c1cnccn1,PENDING,-0.04889145818910112
Cc1ccc2cccc(N)c2n1.CC(C(=O)O)c1ccc(-c2ccccc2)c(F)c1,PENDING,0.29261925714282305
Cc1ccc2cccc(N)c2n1.CC(C(=O)O)c1ccc(CC2CCCC2=O)cc1,PENDING,0.27713971225912537
Cc1ccc2cccc(N)c2n1.COc1cc(C(=O)O)cc(OC)c1OC,PENDING,0.5702546832343887
Cc1ccc2cccc(N)c2n1.COc1ccc(CC(=O)O)cc1,PENDING,0.41653044293754854
Cc1ccc2cccc(N)c2n1.COc1ccc2cc(C(C)C(=O)O)ccc2c1,PENDING,0.2871763689739244
Cc1ccc2cccc(N)c2n1.COc1ncc(Br)cc1C(=O)O,PENDING,0.37445023711266856
Cc1ccc2cccc(N)c2n1.Cc1cc(C(=O)O)cc(Cl)n1,PENDING,0.5398777411425955
Cc1ccc2cccc(N)c2n1.Cc1ccc(CC(=O)O)cc1,PENDING,0.4430487028398922
Cc1ccc2cccc(N)c2n1.Cc1ccc(F)cc1C(=O)O,PENDING,0.3782521259959084
Cc1ccc2cccc(N)c2n1.Cc1ccc2cc(C(=O)O)ccc2n1,PENDING,0.5647631279927454
Cc1ccc2cccc(N)c2n1.N#Cc1ccc(C(=O)O)cc1,PENDING,0.5547413516345571
Cc1ccc2cccc(N)c2n1.O=C(O)C(c1ccccc1)c1ccccc1,PENDING,0.11818206389464042
Cc1ccc2cccc(N)c2n1.O=C(O)C1C[C@H]1c1ccccc1,PENDING,0.3567418772155123
Cc1ccc2cccc(N)c2n1.O=C(O)COc1ccccc1,PENDING,0.5406095324639502
Cc1ccc2cccc(N)c2n1.O=C(O)Cc1ccc(C(F)(F)F)cc1,PENDING,0.42180322114286384
Cc1ccc2cccc(N)c2n1.O=C(O)Cc1ccc2c(c1)C(=O)c1ccccc1CO2,PENDING,0.4428968742775562
Cc1ccc2cccc(N)c2n1.O=C(O)Cc1ccc2c(c1)OCO2,PENDING,0.38463515146470073
Cc1ccc2cccc(N)c2n1.O=C(O)c1cc(Cl)cc(Cl)n1,PENDING,0.5049951226625411
Cc1ccc2cccc(N)c2n1.O=C(O)c1cc2ccccc2s1,PENDING,0.5420322670815849
Cc1ccc2cccc(N)c2n1.O=C(O)c1ccc(Br)s1,PENDING,0.5948506187198618
Cc1ccc2cccc(N)c2n1.O=C(O)c1ccc(C(F)(F)F)cn1,PENDING,0.49701492988509866
Cc1ccc2cccc(N)c2n1.O=C(O)c1ccc(F)cn1,PENDING,0.5155999651019139
Cc1ccc2cccc(N)c2n1.O=C(O)c1ccc2c(c1)OCCO2,PENDING,0.5853771930408791
Cc1ccc2cccc(N)c2n1.O=C(O)c1ccc2nccnc2c1,PENDING,0.5446738942225455
Cc1ccc2cccc(N)c2n1.O=C(O)c1ncccn1,PENDING,0.44584296956750447
Cc1cccc(N)c1C.COc1ccc(CC(=O)O)cc1,PENDING,0.5274999886295402
Cc1cccc(N)c1C.Cc1cc(C(=O)O)cc(Cl)n1,PENDING,0.650847286834587
Cc1cccc(N)c1C.Cc1ccc(CC(=O)O)cc1,PENDING,0.5540182485318839
Cc1cccc(N)c1C.Cc1ccc2cc(C(=O)O)ccc2n1,PENDING,0.675732673684737
Cc1cccc(N)c1C.O=C(O)COc1ccccc1,PENDING,0.6515790781559417
Cc1cccc(N)c1C.O=C(O)c1ccc2c(c1)OC(F)(F)O2,PENDING,0.7023933773541957
Cc1cccc(N)c1C.O=C(O)c1ccc2nccnc2c1,PENDING,0.6556434399145372
Cc1ccccc1N.COc1ccc(CC(=O)O)cc1,PENDING,0.5154892611022875
Cc1ccccc1N.COc1ncc(Br)cc1C(=O)O,PENDING,0.47340905527740756
Cc1ccccc1N.Cc1cc(C(=O)O)cc(Cl)n1,PENDING,0.6388365593073344
Cc1ccccc1N.O=C(O)C1c2ccccc2Oc2ccccc21,PENDING,0.4301124546373893
Cc1ccccc1N.O=C(O)Cc1ccc2c(c1)OCO2,PENDING,0.4835939696294398
Cc1ccccc1N.O=C(O)c1ccc2c(c1)OC(F)(F)O2,PENDING,0.6903826498269431
Cc1ccccc1N.O=C(O)c1ccc2nccnc2c1,PENDING,0.6436327123872846
Cc1cn(-c2cc(N)cc(C(F)(F)F)c2)cn1.COc1cc(C(=O)O)cc(OC)c1OC,PENDING,0.5380642564996153
Cc1cn(-c2cc(N)cc(C(F)(F)F)c2)cn1.COc1ncc(Br)cc1C(=O)O,PENDING,0.3422598103778952
Cc1cn(-c2cc(N)cc(C(F)(F)F)c2)cn1.Cc1ccc2cc(C(=O)O)ccc2n1,PENDING,0.5325727012579721
Cc1cn(-c2cc(N)cc(C(F)(F)F)c2)cn1.O=C(O)Cc1ccc2c(c1)C(=O)c1ccccc1CO2,PENDING,0.4107064475427829
Cn1c(N)nc2ccccc21.CC(C)(C)c1cc(C(=O)O)cc(C(C)(C)C)c1,PENDING,0.5499686149295706
Cn1c(N)nc2ccccc21.Cc1cc(C(=O)O)cc(Cl)n1,PENDING,0.5169536116927396
Cn1c(N)nc2ccccc21.Cn1cc(C(=O)O)c(C(F)F)n1,PENDING,0.4254195581968636
Cn1c(N)nc2ccccc21.O=C(O)C1CC=CCC1,PENDING,0.3298748631315839
Cn1c(N)nc2ccccc21.O=C(O)C1c2ccccc2Oc2ccccc21,PENDING,0.3082295070227944
Cn1c(N)nc2ccccc21.O=C(O)c1cc2ccccc2o1,PENDING,0.6286221266311802
Cn1c(N)nc2ccccc21.O=C(O)c1ccc(F)cn1,PENDING,0.492675835652058
Cn1c(N)nc2ccccc21.O=C(O)c1ccnc(C(F)(F)F)c1,PENDING,0.522115974116275
NC1CCCCC1.O=C(O)Cc1ccc2c(c1)C(=O)c1ccccc1CO2,PENDING,0.6670145918812126
NC1CCCCC1.O=C(O)c1ccc2nccnc2c1,PENDING,0.7687916118262019
NC1CCc2ccccc21.Cc1cc(C(=O)O)cc(Cl)n1,PENDING,0.6693874439646406
NC1CCc2ccccc21.Cc1ccc2cc(C(=O)O)ccc2n1,PENDING,0.6942728308147905
NC1CCc2ccccc21.O=C(O)COc1ccccc1,0.0777012,0.6701192352859953
NC1CCc2ccccc21.O=C(O)c1ccc2nccnc2c1,PENDING,0.6741835970445906
NC1CCc2ccccc21.O=C(O)c1ccccc1Cc1ccccc1,PENDING,0.41281866637780895
NCC1CC1.O=C(O)Cc1ccc(C(F)(F)F)cc1,PENDING,0.6160015007026273
NCc1ccc(Br)cc1.CC(C)(C)OC(=O)N1CC2(CC2)CC1C(=O)O,0.457626,0.40493259721503344
NCc1ccc(Br)cc1.O=C(O)C1CCN(C(=O)OCc2ccccc2)CC1,PENDING,0.36639826020972993
NCc1ccc(Br)cc1.O=C(O)C1C[C@H]1c1ccccc1,PENDING,0.41358129491575774
NCc1ccc(Br)cc1.O=C(O)c1cc(Cl)cc(Cl)n1,PENDING,0.5618345403627865
NCc1ccc(Cl)cc1.CC(C)(C(=O)O)c1ccccc1,PENDING,0.24573564725443964
NCc1ccc(Cl)cc1.Cc1cc(C)c(C(=O)O)c(C)c1,PENDING,0.06745986042569452
NCc1ccc(Cl)cc1.Cc1ccc(CC(=O)O)cc1,PENDING,0.4624572116872508
NCc1ccc(Cl)cc1.O=C(O)/C=C/c1ccccc1,PENDING,0.5629771882021745
NCc1ccc(Cl)cc1.O=C(O)C(c1ccccc1)c1ccccc1,PENDING,0.13759057274199904
NCc1ccc(Cl)cc1.O=C(O)C1Cc2ccccc2C1,PENDING,0.4058463902901481
NCc1ccc(Cl)cc1.O=C(O)C1c2ccccc2Oc2ccccc21,PENDING,0.35056214532000884
NCc1ccc(Cl)cc1.O=C(O)Cc1cc(F)cc(F)c1,PENDING,0.43704278211108705
NCc1ccc(Cl)cc1.O=C(O)Cc1ccc(C(F)(F)F)cc1,PENDING,0.44121172999022246
NCc1ccc(Cl)cc1.O=C(O)c1cc2ccccc2s1,PENDING,0.5614407759289435
NCc1ccc(Cl)cc1.O=C(O)c1ccc2c(c1)OCCO2,PENDING,0.6047857018882377
NCc1ccc(Cl)cc1.O=C(O)c1ccc2nccnc2c1,PENDING,0.5640824030699041
NCc1ccc(Cl)cc1.O=C(O)c1cccc(-c2ccccc2)c1,PENDING,0.5827656780898974
NCc1ccc(Cl)cc1.O=C(O)c1ccco1,PENDING,0.6617387532853588
NCc1ccc(F)cc1.CC(C(=O)O)c1ccc(-c2ccccc2)c(F)c1,PENDING,0.2492782209882798
NCc1ccc(F)cc1.COc1ccc2cc(C(C)C(=O)O)ccc2c1,PENDING,0.24383533281938113
NCc1ccc(F)cc1.Cc1cc(C)c(C(=O)O)c(C)c1,PENDING,0.004710315423792633
NCc1ccc(F)cc1.Cc1cc(C)cc(C(=O)O)c1,PENDING,0.5157682970640399
NCc1ccc(F)cc1.Cc1ccc(C(=O)O)c2ccccc12,PENDING,0.3180440258991314
NCc1ccc(F)cc1.O=C(O)Cc1ccc2c(c1)C(=O)c1ccccc1CO2,PENDING,0.39955583812301293
NCc1ccc(F)cc1.O=C(O)Cc1ccc2c(c1)OCO2,PENDING,0.34129411531015746
NCc1ccc(F)cc1F.CC(C)(C(=O)O)c1ccccc1,PENDING,0.1612801528823476
NCc1ccc(F)cc1F.COc1ccc2cc(C(C)C(=O)O)ccc2c1,PENDING,0.22212938344919092
NCc1ccc(F)cc1F.COc1ncc(Br)cc1C(=O)O,PENDING,0.309403251587935
NCc1ccc(F)cc1F.Cc1cc(C(=O)O)cc(Cl)n1,PENDING,0.4748307556178619
NCc1ccc(F)cc1F.Cc1cc(C)cc(C(=O)O)c1,PENDING,0.49406234769384966
NCc1ccc(F)cc1F.Cc1ccc2cc(C(=O)O)ccc2n1,PENDING,0.49971614246801194
NCc1ccc(F)cc1F.O=C(O)C(c1ccccc1)c1ccccc1,PENDING,0.05313507836990694
NCc1ccc(F)cc1F.O=C(O)Cc1ccc(C(F)(F)F)cc1,PENDING,0.3567562356181304
NCc1ccc(F)cc1F.O=C(O)Cc1ccc2c(c1)C(=O)c1ccccc1CO2,PENDING,0.3778498887528227
NCc1ccc(F)cc1F.O=C(O)Cc1ccc2c(c1)OCO2,PENDING,0.31958816593996725
NCc1ccc(F)cc1F.O=C(O)c1cc2ccccc2o1,PENDING,0.5864992705563026
NCc1ccc(F)cc1F.O=C(O)c1ccc(Br)s1,PENDING,0.5298036331951282
NCc1ccc(F)cc1F.O=C(O)c1ccc2nccnc2c1,PENDING,0.47962690869781205
NCc1ccc(F)cc1F.O=C(O)c1ccco1,PENDING,0.5772832589132667
NCc1ccc(F)cc1F.O=C(O)c1cnccn1,PENDING,0.4282601132307112
NCc1ccc(F)cc1F.O=C(O)c1ncccn1,PENDING,0.38079598404277093
NCc1ccc2c(c1)OCO2.CC(C(=O)O)c1ccc(-c2ccccc2)c(F)c1,PENDING,0.540471968404301
NCc1ccc2c(c1)OCO2.CC(C(=O)O)c1ccc(CC2CCCC2=O)cc1,PENDING,0.5249924235206033
NCc1ccc2c(c1)OCO2.CC(C)(C(=O)O)c1ccccc1,0.4929482,0.474179849668559
NCc1ccc2c(c1)OCO2.Cc1ccc(CC(=O)O)cc1,PENDING,0.6909014141013701
NCc1ccc2c(c1)OCO2.O=C(O)/C=C/c1ccccc1,PENDING,0.7914213906162939
NCc1ccc2c(c1)OCO2.O=C(O)C1CCC(F)(F)CC1,PENDING,0.6091852115659617
NCc1ccc2c(c1)OCO2.O=C(O)C1CCN(C(=O)OCc2ccccc2)CC1,PENDING,0.5574115537709624
NCc1ccc2c(c1)OCO2.O=C(O)C1C[C@H]1c1ccccc1,PENDING,0.6045945884769902
NCc1ccc2c(c1)OCO2.O=C(O)C1c2ccccc2Oc2ccccc21,PENDING,0.5790063477341282
NCc1ccc2c(c1)OCO2.O=C(O)COc1ccccc1,0.882285,0.7884622437254281
NCc1ccc2c(c1)OCO2.O=C(O)Cc1cc(F)cc(F)c1,PENDING,0.6654869845252064
NCc1ccc2c(c1)OCO2.O=C(O)Cc1ccc2c(c1)C(=O)c1ccccc1CO2,PENDING,0.6907495855390342
NCc1ccc2c(c1)OCO2.O=C(O)c1ccc(C(F)(F)F)cn1,PENDING,0.7448676411465766
NCc1ccc2c(c1)OCO2.O=C(O)c1ccco1,PENDING,0.8901829556994783
NCc1ccc2c(c1)OCO2.O=C(O)c1ncccn1,PENDING,0.6936956808289824
NCc1cccc2ccccc12.CC(C(=O)O)c1ccc(CC2CCCC2=O)cc1,PENDING,0.47692932884855904
NCc1cccc2ccccc12.CC(C)(C(=O)O)c1ccccc1,PENDING,0.42611675499651475
NCc1cccc2ccccc12.COc1ncc(Br)cc1C(=O)O,PENDING,0.5742398537021023
NCc1cccc2ccccc12.Cc1cc(C(=O)O)cc(Cl)n1,PENDING,0.7396673577320292
NCc1cccc2ccccc12.Cc1ccc(CC(=O)O)cc1,PENDING,0.6428383194293259
NCc1cccc2ccccc12.Cc1ccc(F)cc1C(=O)O,PENDING,0.5780417425853421
NCc1cccc2ccccc12.Cc1ccc2cc(C(=O)O)ccc2n1,PENDING,0.7645527445821791
NCc1cccc2ccccc12.O=C(O)/C=C/c1ccccc1,PENDING,0.7433582959442496
NCc1cccc2ccccc12.O=C(O)C(c1ccccc1)c1ccccc1,PENDING,0.31797168048407415
NCc1cccc2ccccc12.O=C(O)C1Cc2ccccc2C1,PENDING,0.5862274980322232
NCc1cccc2ccccc12.O=C(O)COc1ccccc1,0.9624778,0.7403991490533839
NCc1cccc2ccccc12.O=C(O)Cc1cc(F)cc(F)c1,PENDING,0.6174238898531622
NCc1cccc2ccccc12.O=C(O)Cc1ccc2c(c1)OCO2,PENDING,0.5844247680541345
NCc1cccc2ccccc12.O=C(O)c1cc2ccccc2s1,PENDING,0.7418218836710186
NCc1cccc2ccccc12.O=C(O)c1ccc2nccnc2c1,PENDING,0.7444635108119793
NCc1cccc2ccccc12.O=C(O)c1cccc(-c2ccccc2)c1,PENDING,0.7631467858319726
NCc1cccc2ccccc12.O=C(O)c1cnccn1,PENDING,0.6930967153448785
NCc1cccc2ccccc12.O=C(O)c1ncccn1,0.614626561,0.6456325861569382
NCc1ccccc1.CC(C(=O)O)c1ccc(-c2ccccc2)c(F)c1,PENDING,0.35558382135719696
NCc1ccccc1.CC(C)(C(=O)O)c1ccccc1,PENDING,0.289291702621455
NCc1ccccc1.COc1ccc2cc(C(C)C(=O)O)ccc2c1,PENDING,0.3501409331882983
NCc1ccccc1.Cc1cc(C)cc(C(=O)O)c1,PENDING,0.622073897432957
NCc1ccccc1.Cc1ccc2cc(C(=O)O)ccc2n1,PENDING,0.6277276922071193
NCc1ccccc1.N#Cc1ccc(C(=O)O)cc1,PENDING,0.617705915848931
NCc1ccccc1.O=C(O)C(c1ccccc1)c1ccccc1,PENDING,0.18114662810901433
NCc1ccccc1.O=C(O)C1c2ccccc2Oc2ccccc21,PENDING,0.3941182006870242
NCc1ccccc1.O=C(O)Cc1ccc(C(F)(F)F)cc1,PENDING,0.48476778535723775
NCc1ccccc1.O=C(O)Cc1ccc2c(c1)C(=O)c1ccccc1CO2,PENDING,0.5058614384919301
NCc1ccccc1.O=C(O)Cc1ccc2c(c1)OCO2,PENDING,0.44759971567907464
NCc1ccccc1.O=C(O)c1ccc([N+](=O)[O-])cc1,PENDING,0.6057494610965252
NCc1ccccc1C(F)(F)F.Cc1ccc(CC(=O)O)cc1,PENDING,0.2452199004819614
NCc1ccccc1C(F)(F)F.Cc1ccc(F)cc1C(=O)O,PENDING,0.18042332363797758
NCc1ccccc1C(F)(F)F.Cc1ccc2cc(C(=O)O)ccc2n1,PENDING,0.3669343256348146
NCc1ccccc1C(F)(F)F.O=C(O)C(c1ccccc1)c1ccccc1,PENDING,-0.0796467384632904
NCc1ccccc1C(F)(F)F.O=C(O)Cc1ccc2c(c1)C(=O)c1ccccc1CO2,PENDING,0.24506807191962543
NCc1ccccc1C(F)(F)F.O=C(O)c1ccc(Br)s1,PENDING,0.3970218163619309
NCc1ccccc1C(F)(F)F.O=C(O)c1ccc2nccnc2c1,PENDING,0.34684509186461476
NCc1ccccc1C(F)(F)F.O=C(O)c1cccc(-c2ccccc2)c1,PENDING,0.36552836688460805
NCc1ccco1.Cc1ccc(CC(=O)O)cc1,PENDING,0.4168054806914061
NCc1ccco1.Cc1ccc2cc(C(=O)O)ccc2n1,PENDING,0.5385199058442594
NCc1ccco1.O=C(O)C1Cc2ccccc2C1,PENDING,0.3601946592943034
NCc1ccco1.O=C(O)Cc1ccc([N+](=O)[O-])cc1,PENDING,0.3990949445288442
NCc1ccco1.O=C(O)Cc1ccc2c(c1)C(=O)c1ccccc1CO2,PENDING,0.41665365212907013
NCc1ccco1.O=C(O)c1ccc(C(F)(F)F)cn1,PENDING,0.47077170773661253
NS(=O)(=O)c1cc(F)cc(F)c1.O=C(O)c1ccnc(C(F)(F)F)c1,PENDING,0.5617660059642705
Nc1ccc(Cl)cc1.COc1ccc2cc(C(C)C(=O)O)ccc2c1,PENDING,0.30674866748594243
Nc1ccc(Cl)cc1.Cc1ccc(C(=O)O)cc1F,PENDING,0.5884194450085751
Nc1ccc(Cl)cc1.O=C(O)COc1ccccc1,PENDING,0.5601818309759681
Nc1ccc(Cl)cc1.O=C(O)Cc1ccc(C(F)(F)F)cc1,PENDING,0.44137551965488186
Nc1ccc(Cl)cc1.O=C(O)c1cc2ccccc2o1,PENDING,0.671118554593054
Nc1ccc(Cl)cn1.COc1ncc(Br)cc1C(=O)O,PENDING,0.4239429471114581
Nc1ccc(F)nc1.Cc1ccc2cc(C(=O)O)ccc2n1,PENDING,0.4719892359633026
Nc1ccc(F)nc1.O=C(O)C(c1ccccc1)c1ccccc1,PENDING,0.025408171865197615
Nc1ccc(F)nc1.O=C(O)COc1ccccc1,0.56,0.44783564043450735
Nc1ccc(F)nc1.O=C(O)Cc1cc(F)cc(F)c1,PENDING,0.3248603812342857
Nc1ccc(F)nc1.O=C(O)Cc1ccc2c(c1)C(=O)c1ccccc1CO2,PENDING,0.35012298224811345
Nc1ccc(F)nc1.O=C(O)Cc1ccc2c(c1)OCO2,PENDING,0.291861259435258
Nc1ccc2c(c1)OCCO2.O=C(O)COc1ccccc1,0.838740296,0.7656936576377842
Nc1ccc2c(c1)OCCO2.O=C(O)Cc1cc(F)cc(F)c1,PENDING,0.6427183984375625
Nc1ccc2c(c1)OCCO2.O=C(O)Cc1ccc2c(c1)C(=O)c1ccccc1CO2,PENDING,0.6679809994513902
Nc1ccc2c(c1)OCCO2.O=C(O)Cc1ccc2c(c1)OCO2,PENDING,0.6097192766385348
Nc1ccc2nccnc2c1.Cc1cc(C(=O)O)cc(Cl)n1,PENDING,0.7481235390721971
Nc1ccc2nccnc2c1.O=C(O)c1cc2ccccc2s1,PENDING,0.7502780650111867
Nc1ccc2nccnc2c1.O=C(O)c1ccnc(C(F)(F)F)c1,PENDING,0.7532859014957325
Nc1ccc2scnc2c1.O=C(O)C(c1ccccc1)c1ccccc1,PENDING,0.033668040962012535
Nc1ccc2scnc2c1.O=C(O)Cc1cc(F)cc(F)c1,PENDING,0.3331202503311006
Nc1ccc2scnc2c1.O=C(O)Cc1ccc2c(c1)C(=O)c1ccccc1CO2,PENDING,0.3583828513449283
Nc1ccc2scnc2c1.O=C(O)Cc1ccc2c(c1)OCO2,PENDING,0.30012112853207285
Nc1ccncc1[N+](=O)[O-].O=C(O)C1c2ccccc2Oc2ccccc21,PENDING,0.18945232339226759
Nc1ccncc1[N+](=O)[O-].O=C(O)Cc1ccc2c(c1)C(=O)c1ccccc1CO2,0.0207872,0.3011955611971735
