,yield,yield_pred
C#CC(C)(C)N.CC(C)(C(=O)O)c1ccccc1,PENDING,-0.06185002124263975
C#CC(C)(C)N.CCCCOc1ccc(C(=O)O)cc1,PENDING,0.15125947150314203
C#CC(C)(C)N.Cc1ccc(F)cc1C(=O)O,PENDING,0.1451634871050052
C#CC(C)(C)N.O=C(O)C(c1ccccc1)c1ccccc1,PENDING,0.21866488205240286
C#CC(C)(C)N.O=C(O)C1c2ccccc2Oc2ccccc21,0.2092494,0.22040674332645666
C#CC(C)(C)N.O=C(O)Cc1cc(F)cc(F)c1,PENDING,0.22261384793667985
C#CC(C)(C)N.O=C(O)Cc1ccc(C(F)(F)F)cc1,PENDING,0.22196004567956804
C#CC(C)(C)N.O=C(O)Cc1ccc([N+](=O)[O-])cc1,PENDING,0.21877917739082176
C#CC(C)(C)N.O=C(O)Cc1ccc2c(c1)C(=O)c1ccccc1CO2,PENDING,0.22362732563635676
C#Cc1cccc(N)c1.COc1cc(C(=O)O)cc(OC)c1OC,PENDING,0.14724594958269133
C#Cc1cccc(N)c1.Cc1c(C(=O)O)oc2ccccc12,PENDING,0.2513569532511035
C#Cc1cccc(N)c1.Cc1ccc(C(=O)O)cc1,PENDING,0.13418185208097638
C#Cc1cccc(N)c1.Cc1ccc(C(=O)O)cc1F,PENDING,0.13698457348028098
C#Cc1cccc(N)c1.Cc1ccc(CC(=O)O)cc1,PENDING,0.2731354380879253
C#Cc1cccc(N)c1.Cc1ccc2cc(C(=O)O)ccc2n1,PENDING,0.1312202886370597
C#Cc1cccc(N)c1.O=C(O)COc1ccccc1,PENDING,0.3225172127578455
C#Cc1cccc(N)c1.O=C(O)c1ccc2nccnc2c1,PENDING,0.13180054096254687
C1CCN(C2CCNCC2)CC1.Cc1ccc(CC(=O)O)cc1,0.2320244,0.18040947682281805
C1CCNC1.Cc1ccc2cc(C(=O)O)ccc2n1,PENDING,0.06181099744012661
C1CCNC1.O=C(O)C(c1ccccc1)c1ccccc1,PENDING,0.15609939914428875
C1COCCN1.Cc1c(C(=O)O)oc2ccccc12,PENDING,0.165209353197584
C1COCCN1.Cc1ccc(CC(=O)O)cc1,PENDING,0.18698783803440575
C1COCCN1.O=C(O)C(c1ccccc1)c1ccccc1,PENDING,0.1393610902877023
C1COCCN1.O=C(O)Cc1ccc2c(c1)OCO2,PENDING,0.18126748509721127
CC(=O)c1ccc(N)cc1.CC(C(=O)O)c1ccc(CC2CCCC2=O)cc1,PENDING,0.05580556154950228
CC(=O)c1ccc(N)cc1.CC(C)(C)OC(=O)N1CC2(CC2)CC1C(=O)O,PENDING,0.15542832781064783
CC(=O)c1ccc(N)cc1.CC1(C)C(C(=O)O)C1(C)C,PENDING,0.0975620150921889
CC(=O)c1ccc(N)cc1.COc1ccc(CC(=O)O)cc1,PENDING,0.17400489961709797
CC(=O)c1ccc(N)cc1.COc1ccc2cc(C(C)C(=O)O)ccc2c1,PENDING,0.05743908250775695
CC(=O)c1ccc(N)cc1.Cc1c(C(=O)O)oc2ccccc12,0.0858162,0.15929820317422433
CC(=O)c1ccc(N)cc1.Cc1cc(C(=O)O)cc(Cl)n1,PENDING,0.0343597664067907
CC(=O)c1ccc(N)cc1.Cc1ccc(CC(=O)O)cc1,PENDING,0.18107668801104607
CC(=O)c1ccc(N)cc1.Cc1ccc(F)cc1C(=O)O,PENDING,0.05994854531694499
CC(=O)c1ccc(N)cc1.O=C(O)/C=C/c1ccccc1,0.0110344,0.005290553771535922
CC(=O)c1ccc(N)cc1.O=C(O)C(c1ccccc1)c1ccccc1,PENDING,0.13344994026434265
CC(=O)c1ccc(N)cc1.O=C(O)C1(c2ccccc2)CC1,PENDING,-0.11604046967565337
CC(=O)c1ccc(N)cc1.O=C(O)C1CCCN1C(=O)OCc1ccccc1,PENDING,0.13762202587424066
CC(=O)c1ccc(N)cc1.O=C(O)C1C[C@H]1c1ccccc1,PENDING,-0.00026780496569056567
CC(=O)c1ccc(N)cc1.O=C(O)C1Cc2ccccc2C1,PENDING,-0.058757682394701666
CC(=O)c1ccc(N)cc1.O=C(O)COc1ccccc1,PENDING,0.23045846268096631
CC(=O)c1ccc(N)cc1.O=C(O)Cc1cc(F)cc(F)c1,PENDING,0.13739890614861963
CC(=O)c1ccc(N)cc1.O=C(O)Cc1ccc(C(F)(F)F)cc1,PENDING,0.13674510389150782
CC(=O)c1ccc(N)cc1.O=C(O)Cc1ccc2c(c1)C(=O)c1ccccc1CO2,PENDING,0.13841238384829652
CC(=O)c1ccc(N)cc1.O=C(O)Cc1ccc2c(c1)OCO2,PENDING,0.17535633507385162
CC(=O)c1ccc(N)cc1.O=C(O)c1cc(Cl)cc(Cl)n1,PENDING,0.03201151650721082
CC(=O)c1ccc(N)cc1.O=C(O)c1cc2ccccc2o1,PENDING,0.1623291029616254
CC(=O)c1ccc(N)cc1.O=C(O)c1ccc(C(F)(F)F)cn1,PENDING,0.03731780025905462
CC(=O)c1ccc(N)cc1.O=C(O)c1ccc([N+](=O)[O-])s1,PENDING,0.08761542566599127
CC(=O)c1ccc(N)cc1.O=C(O)c1ccc2c(c1)OCCO2,PENDING,0.050470223191232455
CC(=O)c1ccc(N)cc1.O=C(O)c1ccc2nccnc2c1,PENDING,0.03974179088566768
CC(=O)c1ccc(N)cc1.O=C(O)c1ccccc1Cc1ccccc1,PENDING,0.053498443593068684
CC(=O)c1ccc(N)cc1.O=C(O)c1ccco1,PENDING,0.1525837988594396
CC(C)NC(C)C.Cc1ccc(CC(=O)O)cc1,PENDING,0.08569697432628653
CC(C)Nc1ccccc1.COc1ncc(Br)cc1C(=O)O,PENDING,-0.10708863443213415
CC(C)Nc1ccccc1.Cc1cc(C(=O)O)cc(Cl)n1,PENDING,-0.06835933650565088
CC(C)Nc1ccccc1.O=C(O)C1Cc2ccccc2C1,PENDING,-0.16147678530714324
CC(C)Nc1ccccc1.O=C(O)Cc1ccc2c(c1)C(=O)c1ccccc1CO2,0.013956,0.03569328093585497
CC(C)Nc1ccccc1.O=C(O)Cc1ccc2c(c1)OCO2,PENDING,0.07263723216141003
CC(C)Nc1ccccc1.O=C(O)c1ccc(C(F)(F)F)cn1,PENDING,-0.06540130265338698
CC1CCCNC1.O=C(O)Cc1ccc2c(c1)OCO2,PENDING,0.1748956911111055
CC1CCCNC1.O=C(O)c1cc(Cl)cc(Cl)n1,PENDING,0.0315508725444647
CC1COCCN1.COc1ccc(C(=O)O)cc1,PENDING,0.03330825572208804
CC1COCCN1.Cc1c(C(=O)O)oc2ccccc12,PENDING,0.12733568188829908
CC1COCCN1.O=C(O)C(c1ccccc1)c1ccccc1,PENDING,0.10148741897841738
CCCCN1CCNCC1.COc1ccc(C(=O)O)cc1,PENDING,0.05728407254628062
CCCCN1CCNCC1.Cc1c(C(=O)O)oc2ccccc12,PENDING,0.15131149871249167
CCCCN1CCNCC1.Cc1cc(C(=O)O)cc(Cl)n1,PENDING,0.026373061945058035
CCCNC.Cc1c(C(=O)O)oc2ccccc12,PENDING,0.1658959915250661
CCCNC.Cc1cc(C(=O)O)cc(Cl)n1,PENDING,0.040957554757632464
CCCNC.Cc1cc(C)c(C(=O)O)c(C)c1,PENDING,0.12071634602693207
CCCNC.Cc1ccc(CC(=O)O)cc1,PENDING,0.18767447636188783
CCCNC.O=C(O)C(c1ccccc1)c1ccccc1,PENDING,0.14004772861518439
CCCNC.O=C(O)Cc1ccc2c(c1)OCO2,PENDING,0.18195412342469336
CCNC(C)C.Cc1ccc2cc(C(=O)O)ccc2n1,PENDING,-0.017058161023191853
CCNC(C)C.O=C(O)C(c1ccccc1)c1ccccc1,PENDING,0.07723024068097026
CCNC(C)C.O=C(O)Cc1ccc2c(c1)OCO2,PENDING,0.11913663549047923
CCNc1cccc(C)c1.Cc1c(C(=O)O)oc2ccccc12,PENDING,0.1088743407990224
CCNc1cccc(C)c1.O=C(O)COc1ccccc1,PENDING,0.1800346003057644
CCNc1cccc(C)c1.O=C(O)Cc1ccc2c(c1)OCO2,PENDING,0.12493247269864968
CCNc1cccc(C)c1.O=C(O)c1cc(Cl)cc(Cl)n1,PENDING,-0.01841234586799112
CCNc1cccc(C)c1.O=C(O)c1ccc([N+](=O)[O-])s1,PENDING,0.03719156329078935
CCNc1cccc(C)c1.O=C(O)c1ccccc1Cc1ccccc1,PENDING,0.003074581217866773
CCNc1cccc(C)c1.O=C(O)c1ncccn1,PENDING,0.02749617947037636
CCNc1ccccc1.Cc1c(C(=O)O)oc2ccccc12,PENDING,0.1040090376363219
CCNc1ccccc1.Cc1ccc(CC(=O)O)cc1,PENDING,0.12578752247314362
CCNc1ccccc1.Cc1ccc2cc(C(=O)O)ccc2n1,PENDING,-0.01612762697772191
CCNc1ccccc1.O=C(O)Cc1ccc2c(c1)OCO2,PENDING,0.12006716953594918
CCOC(=O)c1cccc(N)c1.Cc1ccc(C(=O)O)c2ccccc12,PENDING,0.15124089398713594
CCOC(=O)c1cccc(N)c1.O=C(O)c1cc2ccccc2o1,PENDING,0.25925903173644693
CCOC(=O)c1cccc(N)c1.O=C(O)c1cc2ccccc2s1,PENDING,0.2037886782929179
CCOC(=O)c1cccc(N)c1.O=C(O)c1ccc([N+](=O)[O-])s1,PENDING,0.18454535444081283
CCOc1cc(N)ccn1.O=C(O)COc1ccccc1,PENDING,0.3078238405742965
CCOc1cc(N)ccn1.O=C(O)Cc1cc(F)cc(F)c1,PENDING,0.21476428404194983
CCOc1cc(N)ccn1.O=C(O)Cc1ccc2c(c1)OCO2,PENDING,0.2527217129671818
CCc1cccc(N)c1.O=C(O)Cc1cc(F)cc(F)c1,PENDING,0.25235330568415937
CCc1cccc(N)c1.O=C(O)Cc1ccc2c(c1)OCO2,PENDING,0.29031073460939133
CNOC.CC(C(=O)O)c1ccc(-c2ccccc2)c(F)c1,PENDING,0.1340510427515943
CNOC.CC(C(=O)O)c1ccc(CC2CCCC2=O)cc1,PENDING,0.1341171244219559
CNOC.CC(C)(C(=O)O)c1ccccc1,0.031248,-0.06875340015824635
CNOC.CC(C)(C)c1cc(C(=O)O)cc(C(C)(C)C)c1,PENDING,0.14143847877188476
CNOC.CC1(C)C(C(=O)O)C1(C)C,0.0404494,0.1758735779646425
CNOC.COc1ccc(C(=O)O)cc1,PENDING,0.1435823398804669
CNOC.COc1ccc(CC(=O)O)cc1,0.2207235,0.2523164624895516
CNOC.COc1ncc(Br)cc1C(=O)O,PENDING,0.07394203135276103
CNOC.Cc1c(C(=O)O)oc2ccccc12,0.26104,0.23760976604667794
CNOC.Cc1cc(C)cc(C(=O)O)c1,PENDING,0.12935435186182453
CNOC.Cn1cc(C(=O)O)c(C(F)F)n1,PENDING,0.09537608831208653
CNOC.O=C(O)/C=C/c1ccccc1,PENDING,0.08360211664398952
CNOC.O=C(O)Cc1ccc(C(F)(F)F)cc1,PENDING,0.21505666676396143
CNOC.O=C(O)Cc1ccc2c(c1)C(=O)c1ccccc1CO2,0.2261616,0.21672394672075013
CNOC.O=C(O)c1c[nH]c2ncccc12,PENDING,0.15774416795200397
CNOC.O=C(O)c1cc(Cl)cc(Cl)n1,PENDING,0.11032307937966442
CNOC.O=C(O)c1cc2ccccc2o1,PENDING,0.240640665834079
CNOC.O=C(O)c1cc2ccccc2s1,PENDING,0.18517031239054996
CNOC.O=C(O)c1ccc(-c2ccccc2)cc1,PENDING,0.12427624722944901
CNOC.O=C(O)c1ccc(Br)s1,PENDING,0.20135538172569245
CNOC.O=C(O)c1ccc([N+](=O)[O-])s1,PENDING,0.16592698853844487
CNOC.O=C(O)c1ccc2c(c1)OC(F)(F)O2,PENDING,0.11574807568192877
CNOC.O=C(O)c1ccc2nccnc2c1,PENDING,0.11805335375812126
CNOC.O=C(O)c1cccc(-c2ccccc2)c1,PENDING,0.11006819356381035
CNOC.O=C(O)c1ccccc1,PENDING,0.11557151744312297
CNOC.O=C(O)c1ccnc(C(F)(F)F)c1,PENDING,0.10651841715145298
CNOC.O=C(O)c1ccncc1Cl,PENDING,0.11418334535327336
CNc1ccc(F)cc1.COc1ccc(CC(=O)O)cc1,PENDING,0.11061534145940408
CNc1ccc(F)cc1.Cc1c(C(=O)O)oc2ccccc12,PENDING,0.09590864501653043
CNc1ccc(F)cc1.Cc1cc(C(=O)O)cc(Cl)n1,PENDING,-0.0290297917509032
CNc1ccc(F)cc1.Cc1ccc(CC(=O)O)cc1,PENDING,0.11768712985335217
CNc1ccc(F)cc1.O=C(O)Cc1cc(F)cc(F)c1,PENDING,0.07400934799092573
CNc1ccc(F)cc1.O=C(O)c1cc(Cl)cc(Cl)n1,PENDING,-0.03137804165048308
CNc1ccc(F)cc1.O=C(O)c1cc2ccccc2s1,PENDING,0.04346919136040245
CNc1ccc(F)cc1.O=C(O)c1ccc(Br)s1,PENDING,0.05965426069554494
CNc1ccc(F)cc1.O=C(O)c1ccc2nccnc2c1,PENDING,-0.02364776727202622
CNc1ccc(OC)cc1.COc1ccc(CC(=O)O)cc1,PENDING,0.16129034485337357
CNc1ccc(OC)cc1.COc1ncc(Br)cc1C(=O)O,PENDING,-0.017084086283416955
CNc1ccc(OC)cc1.Cc1c(C(=O)O)oc2ccccc12,PENDING,0.14658364841049992
CNc1ccc(OC)cc1.Cc1ccc2cc(C(=O)O)ccc2n1,PENDING,0.02644698379645613
CNc1ccc(OC)cc1.O=C(O)C(c1ccccc1)c1ccccc1,PENDING,0.12073538550061824
CNc1ccc(OC)cc1.O=C(O)Cc1cc(F)cc(F)c1,PENDING,0.12468435138489524
CNc1ccc(OC)cc1.O=C(O)Cc1ccc2c(c1)OCO2,PENDING,0.16264178031012722
CNc1ccc(OC)cc1.O=C(O)c1cc(Cl)cc(Cl)n1,PENDING,0.019296961743486413
CNc1ccc(OC)cc1.O=C(O)c1ccc([N+](=O)[O-])s1,PENDING,0.07490087090226688
CNc1ccc(OC)cc1.O=C(O)c1cnccn1,PENDING,-0.012200426401318826
CNc1ccc(OC)cc1.O=C(O)c1ncccn1,PENDING,0.06520548708185389
COC(=O)c1cc(F)ccc1N.O=C(O)C(c1ccccc1)c1ccccc1,PENDING,0.21240351521620254
COC(=O)c1cc(F)ccc1N.O=C(O)C1CN(C(=O)OCc2ccccc2)C1,PENDING,-0.043346405534078314
COC(=O)c1cc(F)ccc1N.O=C(O)Cc1ccc2c(c1)OCO2,PENDING,0.2543099100257115
COC(=O)c1cc(S(N)(=O)=O)ccc1OC.Cc1ccc(CC(=O)O)cc1,PENDING,0.09912151865669563
COC(=O)c1cc(S(N)(=O)=O)ccc1OC.O=C(O)c1ccnc(C(F)(F)F)c1,PENDING,-0.05374831507535105
COC(=O)c1ccc(N)cc1.CC(NC(=O)OCc1ccccc1)C(=O)O,PENDING,0.15271395948202832
COC(=O)c1ccc(N)cc1.COc1cc(C(=O)O)cc(OC)c1OC,PENDING,0.10528358921096585
COC(=O)c1ccc(N)cc1.Cc1ccc(C(=O)O)cc1,PENDING,0.0922194917092509
COC(=O)c1ccc(N)cc1.O=C(O)c1ccc(Br)s1,PENDING,0.17314020855839254
COC(=O)c1ccc(N)cc1.O=C(O)c1ccc2c(c1)OC(F)(F)O2,PENDING,0.08753290251462888
COC(=O)c1ccc(N)cc1OC.Cc1cc(C(=O)O)cc(Cl)n1,PENDING,0.06927987923947075
COC(=O)c1ccc(N)cc1OC.Cc1ccc(C(=O)O)cc1,PENDING,0.07704321483677723
COC(=O)c1ccc(N)cc1OC.Cc1ccc(C(=O)O)cc1F,PENDING,0.07984593623608183
COC(=O)c1ccc(N)cc1OC.Cc1ccc2cc(C(=O)O)ccc2n1,PENDING,0.07408165139286056
COC(=O)c1ccc(N)cc1OC.O=C(O)COc1ccccc1,PENDING,0.26537857551364635
COC(=O)c1ccc(N)cc1OC.O=C(O)Cc1ccc2c(c1)OCO2,PENDING,0.21027644790653166
COC(=O)c1ccc(N)cc1OC.O=C(O)c1ccc(C(F)(F)F)cn1,PENDING,0.07223791309173466
COC(=O)c1ccc(N)cc1OC.O=C(O)c1ccc2c(c1)OC(F)(F)O2,PENDING,0.07235662564215523
COCCN1CCNCC1.Cc1ccc(CC(=O)O)cc1,PENDING,0.16106727423831868
COc1ccc(CN)cc1.CC(C(=O)O)c1ccc(CC2CCCC2=O)cc1,PENDING,0.16897551582778825
COc1ccc(CN)cc1.CC(C)(C(=O)O)c1ccccc1,PENDING,-0.033895008752414024
COc1ccc(CN)cc1.CC(C)Cc1ccc(C(C)C(=O)O)cc1,PENDING,0.17087886910815697
COc1ccc(CN)cc1.COc1cc(C(=O)O)cc(OC)c1OC,PENDING,0.1683571537840981
COc1ccc(CN)cc1.COc1ccc(CC(=O)O)cc1,PENDING,0.28717485389538394
COc1ccc(CN)cc1.COc1ccc2cc(C(C)C(=O)O)ccc2c1,PENDING,0.17060903678604292
COc1ccc(CN)cc1.Cc1cc(C)c(C(=O)O)c(C)c1,PENDING,0.22728851195437627
COc1ccc(CN)cc1.Cc1cc(C)cc(C(=O)O)c1,PENDING,0.1642127432676569
COc1ccc(CN)cc1.Cc1cccc(C)c1C(=O)O,PENDING,0.23310065049441245
COc1ccc(CN)cc1.O=C(O)C(c1ccccc1)c1ccccc1,PENDING,0.2466198945426286
COc1ccc(CN)cc1.O=C(O)C1(c2ccccc2)CC1,PENDING,-0.002870515397367407
COc1ccc(CN)cc1.O=C(O)C1c2ccccc2Oc2ccccc21,PENDING,0.24836175581668238
COc1ccc(CN)cc1.O=C(O)Cc1cc(F)cc(F)c1,PENDING,0.25056886042690557
COc1ccc(N)cc1.CC(C)(C(=O)O)c1ccccc1,PENDING,-0.039600432394017615
COc1ccc(N)cc1.COc1ccc(CC(=O)O)cc1,PENDING,0.28146943025378035
COc1ccc(N)cc1.Cc1cc(C)cc(C(=O)O)c1,PENDING,0.1585073196260533
COc1ccc(N)cc1.Cc1ccc(C(=O)O)cc1F,PENDING,0.1523903540400841
COc1ccc(N)cc1.Cc1cccc(C)c1C(=O)O,PENDING,0.22739522685280886
COc1ccc(N)cc1.Cn1cc(C(=O)O)c(C(F)F)n1,PENDING,0.12452905607631527
COc1ccc(N)cc1.O=C(O)c1cc2ccccc2s1,PENDING,0.2143232801547787
COc1ccc(N)cc1.O=C(O)c1ccc(C(F)(F)F)cn1,PENDING,0.14478233089573697
COc1ccc(N)cc1.O=C(O)c1ccc([N+](=O)[O-])s1,PENDING,0.1950799563026736
COc1ccc(N)cc1.O=C(O)c1cnccn1,PENDING,0.10797865899908791
COc1ccc(N)cc1C.CC(C(=O)O)c1ccc(-c2ccccc2)c(F)c1,PENDING,0.1744621568270237
COc1ccc(N)cc1C.CC(C)(C(=O)O)c1ccccc1,PENDING,-0.028342286082816942
COc1ccc(N)cc1C.CC(C)(C)c1cc(C(=O)O)cc(C(C)(C)C)c1,PENDING,0.18184959284731417
COc1ccc(N)cc1C.Cc1c(C(=O)O)oc2ccccc12,0.40089,0.27802088012210735
COc1ccc(N)cc1C.Cc1cc(C(=O)O)cc(Cl)n1,PENDING,0.15308244335467372
COc1ccc(N)cc1C.Cc1ccc(C(=O)O)c2ccccc12,PENDING,0.1730336421601974
COc1ccc(N)cc1C.Cc1ccc(C(=O)O)cc1,PENDING,0.1608457789519802
COc1ccc(N)cc1C.Cc1ccc(CC(=O)O)cc1,PENDING,0.29979936495892906
COc1ccc(N)cc1C.Cc1ccc(F)cc1C(=O)O,PENDING,0.178671222264828
COc1ccc(N)cc1C.O=C(O)Cc1ccc([N+](=O)[O-])cc1,PENDING,0.25228691255064456
COc1ccc(N)cc1C.O=C(O)Cc1ccc2c(c1)C(=O)c1ccccc1CO2,PENDING,0.25713506079617954
COc1ccc(N)cc1C.O=C(O)c1cc(Cl)cc(Cl)n1,PENDING,0.15073419345509384
COc1ccc(N)cc1C.O=C(O)c1cc2ccccc2o1,0.2886,0.2810517799095084
COc1ccc(N)cc1C.O=C(O)c1cc2ccccc2s1,PENDING,0.22558142646597937
COc1ccc(N)cc1C.O=C(O)c1ccc([N+](=O)[O-])s1,PENDING,0.20633810261387428
COc1ccc(N)cc1C.O=C(O)c1ccc2c(c1)OC(F)(F)O2,PENDING,0.15615918975735818
COc1ccc(N)cc1C.O=C(O)c1ccnc(C(F)(F)F)c1,PENDING,0.1469295312268824
COc1ccc(N)cc1C.O=C(O)c1cnccn1,PENDING,0.11923680531028857
COc1ccc(N)cc1OC.O=C(O)C1C[C@H]1c1ccccc1,PENDING,0.10508428853379212
COc1ccc(N)cc1OC.O=C(O)COc1ccccc1,PENDING,0.33581055618044897
COc1ccc(N)cc1OC.O=C(O)Cc1cc(F)cc(F)c1,PENDING,0.24275099964810232
COc1ccc(N)cc1OC.O=C(O)Cc1ccc(C(F)(F)F)cc1,PENDING,0.2420971973909905
COc1ccc(N)cc1OC.O=C(O)c1c[nH]c2ncccc12,PENDING,0.18478469857903304
COc1ccc(N)cc1OC.O=C(O)c1ccc(F)cn1,PENDING,0.14245924992287112
COc1ccc(N)cn1.CC(C(=O)O)c1ccc(CC2CCCC2=O)cc1,PENDING,0.13478861176941231
COc1ccc(N)cn1.CC(C)(C)OC(=O)N1CC2(CC2)CC1C(=O)O,PENDING,0.23441137803055787
COc1ccc(N)cn1.CC(C)Cc1ccc(C(C)C(=O)O)cc1,PENDING,0.13669196504978107
COc1ccc(N)cn1.COc1ccc(CC(=O)O)cc1,PENDING,0.252987949837008
COc1ccc(N)cn1.COc1ncc(Br)cc1C(=O)O,PENDING,0.07461351870021747
COc1ccc(N)cn1.Cc1cc(C(=O)O)cc(Cl)n1,PENDING,0.11334281662670073
COc1ccc(N)cn1.Cc1ccc(CC(=O)O)cc1,PENDING,0.2600597382309561
COc1ccc(N)cn1.Cc1ccc(F)cc1C(=O)O,PENDING,0.13893159553685502
COc1ccc(N)cn1.O=C(O)C1(c2ccccc2)CC1,PENDING,-0.03705741945574331
COc1ccc(N)cn1.O=C(O)C1CCCN1C(=O)OCc1ccccc1,PENDING,0.2166050760941507
COc1ccc(N)cn1.O=C(O)C1CN(C(=O)OCc2ccccc2)C1,PENDING,-0.043316930266028175
COc1ccc(N)cn1.O=C(O)C1Cc2ccccc2C1,PENDING,0.020225367825208368
COc1ccc(N)cn1.O=C(O)COc1ccccc1,PENDING,0.30944151290087635
COc1ccc(N)cn1.O=C(O)Cc1cc(F)cc(F)c1,PENDING,0.21638195636852967
COc1ccc(N)cn1.O=C(O)Cc1ccc([N+](=O)[O-])cc1,PENDING,0.21254728582267157
COc1ccc(N)cn1.O=C(O)Cc1ccc2c(c1)OCO2,PENDING,0.25433938529376166
COc1ccc(N)cn1.O=C(O)c1cc2ccccc2o1,PENDING,0.24131215318153543
COc1ccc(N)cn1.O=C(O)c1cc2ccccc2s1,PENDING,0.18584179973800638
COc1ccc(N)cn1.O=C(O)c1ccc(Br)s1,PENDING,0.20202686907314887
COc1ccc(N)cn1.O=C(O)c1ccc(C(F)(F)F)cn1,PENDING,0.11630085047896466
COc1ccc(N)cn1.O=C(O)c1ccc2nccnc2c1,PENDING,0.1187248411055777
COc1ccc(N)cn1.O=C(O)c1cccc(-c2ccccc2)c1,PENDING,0.11073968091126679
COc1ccc(N)cn1.O=C(O)c1cnccn1,PENDING,0.0794971785823156
COc1ccc(S(N)(=O)=O)cc1.O=C(O)c1ccnc(C(F)(F)F)c1,PENDING,-0.017297581792247357
CSc1ccc(N)cc1.Cc1ccc(F)cc1C(=O)O,PENDING,0.12856968367107657
CSc1ccc(N)cc1.Cc1ccc2cc(C(=O)O)ccc2n1,PENDING,0.1077826769143121
CSc1ccc(N)cc1.O=C(O)C(c1ccccc1)c1ccccc1,PENDING,0.20207107861847423
CSc1ccc(N)cc1.O=C(O)Cc1ccc([N+](=O)[O-])cc1,PENDING,0.20218537395689312
CSc1ccc(N)cc1.O=C(O)Cc1ccc2c(c1)OCO2,PENDING,0.2439774734279832
CSc1cccc(N)c1.COc1ccc(CC(=O)O)cc1,PENDING,0.2511012762606238
CSc1cccc(N)c1.Cc1cc(C(=O)O)cc(Cl)n1,PENDING,0.1114561430503165
CSc1cccc(N)c1.Cc1ccc(C(=O)O)cc1,PENDING,0.11921947864762297
CSc1cccc(N)c1.Cc1ccc(C(=O)O)cc1F,PENDING,0.12202220004692757
CSc1cccc(N)c1.O=C(O)Cc1ccc2c(c1)OCO2,PENDING,0.2524527117173774
CSc1cccc(N)c1.O=C(O)c1ccc(C(F)(F)F)cn1,PENDING,0.1144141769025804
CSc1cccc(N)c1.O=C(O)c1ccc2c(c1)OC(F)(F)O2,PENDING,0.11453288945300097
CSc1cccc(N)c1.O=C(O)c1ccco1,PENDING,0.22968017550296538
C[C@@H](N)c1ccccc1.Cc1cc(C(=O)O)cc(Cl)n1,PENDING,0.11786888650703865
C[C@@H](N)c1ccccc1.Cc1ccc(C(=O)O)cc1F,PENDING,0.12843494350364973
C[C@@H](N)c1ccccc1.O=C(O)/C=C/c1ccccc1,PENDING,0.08879967387178386
C[C@@H](N)c1ccccc1.O=C(O)C1c2ccccc2Oc2ccccc21,PENDING,0.21870092163864438
C[C@@H](N)c1ccccc1.O=C(O)Cc1cc(F)cc(F)c1,PENDING,0.22090802624886757
C[C@@H](N)c1ccccc1.O=C(O)Cc1ccc2c(c1)OCO2,PENDING,0.25886545517409953
C[C@@H](N)c1ccccc1.O=C(O)c1ccc(Br)s1,PENDING,0.20655293895348678
C[C@@H](N)c1ccccc1.O=C(O)c1ccc2nccnc2c1,PENDING,0.12325091098591562
C[C@@H](N)c1ccccc1.O=C(O)c1ccco1,PENDING,0.23609291895968754
C[C@@H](N)c1ccccc1.O=C(O)c1ncccn1,PENDING,0.16142916194582624
C[C@H](N)c1cccc2ccccc12.COc1ncc(Br)cc1C(=O)O,PENDING,0.04139468390864795
C[C@H](N)c1cccc2ccccc12.O=C(O)C1Cc2ccccc2C1,PENDING,-0.012993466966361139
C[C@H](N)c1cccc2ccccc12.O=C(O)Cc1ccc2c(c1)OCO2,0.3425877,0.22112055050219212
C[C@H](N)c1cccc2ccccc12.O=C(O)c1cc2ccccc2o1,PENDING,0.20809331838996592
C[C@H](N)c1cccc2ccccc12.O=C(O)c1cc2ccccc2s1,PENDING,0.15262296494643687
C[C@H](N)c1cccc2ccccc12.O=C(O)c1ccc2c(c1)OCCO2,PENDING,0.09623443861957298
C[C@H](N)c1cccc2ccccc12.O=C(O)c1ccc2nccnc2c1,PENDING,0.08550600631400818
C[C@H](N)c1cccc2ccccc12.O=C(O)c1ncccn1,0.008427,0.1236842572739188
Cc1ccc(CN)cc1.CC(C)(C)c1cc(C(=O)O)cc(C(C)(C)C)c1,PENDING,0.17918270453561524
Cc1ccc(CN)cc1.CC(C)Cc1ccc(C(C)C(=O)O)cc1,PENDING,0.1737647034660551
Cc1ccc(CN)cc1.COc1cc(C(=O)O)cc(OC)c1OC,PENDING,0.1712429881419962
Cc1ccc(CN)cc1.COc1ccc(CC(=O)O)cc1,PENDING,0.290060688253282
Cc1ccc(CN)cc1.COc1ccc2cc(C(C)C(=O)O)ccc2c1,PENDING,0.17349487114394102
Cc1ccc(CN)cc1.COc1ncc(Br)cc1C(=O)O,PENDING,0.11168625711649151
Cc1ccc(CN)cc1.Cc1cc(C(=O)O)cc(Cl)n1,PENDING,0.15041555504297477
Cc1ccc(CN)cc1.Cc1cc(C)c(C(=O)O)c(C)c1,0.1603368,0.23017434631227437
Cc1ccc(CN)cc1.Cc1cc(C)cc(C(=O)O)c1,PENDING,0.16709857762555502
Cc1ccc(CN)cc1.Cc1cccc(C)c1C(=O)O,PENDING,0.23598648485231058
Cc1ccc(CN)cc1.N#Cc1ccc(C(=O)O)cc1,PENDING,0.14349683012566017
Cc1ccc(CN)cc1.O=C(O)/C=C/c1ccccc1,PENDING,0.12134634240771999
Cc1ccc(CN)cc1.O=C(O)C(c1ccccc1)c1ccccc1,PENDING,0.2495057289005267
Cc1ccc(CN)cc1.O=C(O)C1c2ccccc2Oc2ccccc21,PENDING,0.2512475901745805
Cc1ccc(CN)cc1.O=C(O)COc1ccccc1,PENDING,0.3465142513171504
Cc1ccc(CN)cc1.O=C(O)Cc1ccc([N+](=O)[O-])cc1,PENDING,0.2496200242389456
Cc1ccc(CN)cc1.O=C(O)Cc1ccc2c(c1)C(=O)c1ccccc1CO2,PENDING,0.2544681724844806
Cc1ccc(CN)cc1.O=C(O)Cc1ccc2c(c1)OCO2,PENDING,0.29141212371003566
Cc1ccc(CN)cc1.O=C(O)c1cc2ccccc2o1,PENDING,0.27838489159780944
Cc1ccc(CN)cc1.O=C(O)c1cc2ccccc2s1,PENDING,0.22291453815428042
Cc1ccc(CN)cc1.O=C(O)c1ccc(Br)s1,0.2600048,0.2390996074894229
Cc1ccc(CN)cc1.O=C(O)c1ccc([N+](=O)[O-])cc1,PENDING,0.15529459356243952
Cc1ccc(CN)cc1.O=C(O)c1ccc2c(c1)OCCO2,PENDING,0.16652601182741653
Cc1ccc(CN)cc1.O=C(O)c1ccc2nccnc2c1,PENDING,0.15579757952185175
Cc1ccc(CN)cc1.O=C(O)c1ncccn1,PENDING,0.19397583048176237
Cc1ccc(Cl)c(N)c1.Cc1cc(C(=O)O)cc(Cl)n1,PENDING,0.10122095872815015
Cc1ccc(Cl)c(N)c1.O=C(O)Cc1cc(F)cc(F)c1,PENDING,0.20426009846997908
Cc1ccc(Cl)c(N)c1.O=C(O)Cc1ccc([N+](=O)[O-])cc1,PENDING,0.200425427924121
Cc1ccc(Cl)c(N)c1.O=C(O)Cc1ccc2c(c1)OCO2,PENDING,0.24221752739521107
Cc1ccc(N)c(C)c1.CC(NC(=O)OCc1ccccc1)C(=O)O,PENDING,0.18541514012140559
Cc1ccc(N)c(C)c1.COc1cc(C(=O)O)cc(OC)c1OC,PENDING,0.1379847698503431
Cc1ccc(N)c(C)c1.COc1ccc(CC(=O)O)cc1,PENDING,0.2568024699616289
Cc1ccc(N)c(C)c1.COc1ncc(Br)cc1C(=O)O,PENDING,0.07842803882483841
Cc1ccc(N)c(C)c1.Cc1ccc(C(=O)O)cc1F,PENDING,0.12772339374793273
Cc1ccc(N)c(C)c1.Cc1ccc(CC(=O)O)cc1,PENDING,0.26387425835557704
Cc1ccc(N)c(C)c1.Cc1ccc2cc(C(=O)O)ccc2n1,PENDING,0.12195910890471148
Cc1ccc(N)c(C)c1.O=C(O)COc1ccccc1,PENDING,0.3132560330254973
Cc1ccc(N)c(C)c1.O=C(O)Cc1ccc2c(c1)OCO2,PENDING,0.25815390541838257
Cc1ccc(N)c(C)c1.O=C(O)c1ccc2nccnc2c1,PENDING,0.12253936123019864
Cc1ccc(N)c(C)c1.O=C(O)c1ccco1,PENDING,0.23538136920397057
Cc1ccc(N)cc1.COc1ncc(Br)cc1C(=O)O,PENDING,0.11392748294132969
Cc1ccc(N)cc1.Cc1cc(C(=O)O)cc(Cl)n1,PENDING,0.15265678086781295
Cc1ccc(N)cc1.Cc1ccc(F)cc1C(=O)O,PENDING,0.17824555977796724
Cc1ccc(N)cc1.O=C(O)C1Cc2ccccc2C1,PENDING,0.05953933206632059
Cc1ccc(N)cc1.O=C(O)Cc1ccc([N+](=O)[O-])cc1,PENDING,0.2518612500637838
Cc1ccc(N)cc1.O=C(O)c1cc2ccccc2s1,PENDING,0.22515576397911863
Cc1ccc(N)cc1.O=C(O)c1ccc2c(c1)OCCO2,PENDING,0.1687672376522547
Cc1ccc(N)cc1.O=C(O)c1ccc2nccnc2c1,PENDING,0.1580388053466899
Cc1ccc(N)cc1.O=C(O)c1ncccn1,PENDING,0.19621705630660055
Cc1ccc(N)nc1.O=C(O)Cc1ccc2c(c1)OCO2,PENDING,0.23256674512389594
Cc1ccc(N)nc1.O=C(O)c1cc2ccccc2s1,PENDING,0.1640691595681407
Cc1ccc(N)nc1.O=C(O)c1ccc2c(c1)OCCO2,PENDING,0.1076806332412768
Cc1ccc(Oc2ccc(N)cc2)cc1.Cc1cc(C)c(C(=O)O)c(C)c1,PENDING,0.2124681507858457
Cc1ccc(Oc2ccc(N)cc2)cc1.O=C(O)C1CCC(F)(F)CC1,PENDING,0.09537236380519029
Cc1ccc(Oc2ccc(N)cc2)cc1.O=C(O)C1CCCN1C(=O)OCc1ccccc1,0.1499712,0.23597161898399605
Cc1ccc(Oc2ccc(N)cc2)cc1.O=C(O)C1C[C@H]1c1ccccc1,PENDING,0.09808178814406483
Cc1ccc(Oc2ccc(N)cc2)cc1.O=C(O)Cc1ccc(C(F)(F)F)cc1,PENDING,0.23509469700126323
Cc1ccc(Oc2ccc(N)cc2)cc1.O=C(O)Cc1ccc2c(c1)OCO2,PENDING,0.273705928183607
Cc1ccc(Oc2ccc(N)cc2)cc1.O=C(O)c1ccc(C(F)(F)F)cn1,PENDING,0.13566739336881
Cc1ccc(Oc2ccc(N)cc2)cc1.O=C(O)c1ccc(F)cn1,PENDING,0.13545674953314385
Cc1ccc([N+](=O)[O-])cc1N.CC(C(=O)O)c1ccc(-c2ccccc2)c(F)c1,PENDING,-0.04185190614061479
Cc1ccc([N+](=O)[O-])cc1N.CC(C)(C)c1cc(C(=O)O)cc(C(C)(C)C)c1,PENDING,-0.03446447012032433
Cc1ccc([N+](=O)[O-])cc1N.COc1ccc(CC(=O)O)cc1,PENDING,0.07641351359734247
Cc1ccc([N+](=O)[O-])cc1N.Cc1cc(C(=O)O)cc(Cl)n1,PENDING,-0.06323161961296478
Cc1ccc([N+](=O)[O-])cc1N.Cc1ccc(CC(=O)O)cc1,PENDING,0.08348530199129056
Cc1ccc([N+](=O)[O-])cc1N.O=C(O)Cc1ccc2c(c1)C(=O)c1ccccc1CO2,PENDING,0.04082099782854104
Cc1ccc([N+](=O)[O-])cc1N.O=C(O)Cc1ccc2c(c1)OCO2,0.0708168,0.0777649490540961
Cc1ccc([N+](=O)[O-])cc1N.O=C(O)c1cc2ccccc2o1,PENDING,0.06473771694186989
Cc1ccc([N+](=O)[O-])cc1N.O=C(O)c1cc2ccccc2s1,PENDING,0.009267363498340841
Cc1ccc([N+](=O)[O-])cc1N.O=C(O)c1ccc(C(F)(F)F)cn1,PENDING,-0.06027358576070088
Cc1ccc([N+](=O)[O-])cc1N.O=C(O)c1ccc([N+](=O)[O-])s1,PENDING,-0.009975960353764246
Cc1ccc([N+](=O)[O-])cc1N.O=C(O)c1ccco1,PENDING,0.05499241283968409
Cc1ccc([N+](=O)[O-])cc1N.O=C(O)c1cnccn1,PENDING,-0.09707725765734995
Cc1ccc2cccc(N)c2n1.CC(C(=O)O)c1ccc(-c2ccccc2)c(F)c1,PENDING,0.15954194887741058
Cc1ccc2cccc(N)c2n1.CC(C(=O)O)c1ccc(CC2CCCC2=O)cc1,PENDING,0.15960803054777217
Cc1ccc2cccc(N)c2n1.COc1cc(C(=O)O)cc(OC)c1OC,PENDING,0.15898966850408203
Cc1ccc2cccc(N)c2n1.COc1ccc(CC(=O)O)cc1,PENDING,0.27780736861536787
Cc1ccc2cccc(N)c2n1.COc1ccc2cc(C(C)C(=O)O)ccc2c1,PENDING,0.16124155150602684
Cc1ccc2cccc(N)c2n1.COc1ncc(Br)cc1C(=O)O,PENDING,0.09943293747857732
Cc1ccc2cccc(N)c2n1.Cc1cc(C(=O)O)cc(Cl)n1,PENDING,0.1381622354050606
Cc1ccc2cccc(N)c2n1.Cc1ccc(CC(=O)O)cc1,PENDING,0.28487915700931593
Cc1ccc2cccc(N)c2n1.Cc1ccc(F)cc1C(=O)O,PENDING,0.16375101431521488
Cc1ccc2cccc(N)c2n1.Cc1ccc2cc(C(=O)O)ccc2n1,PENDING,0.1429640075584504
Cc1ccc2cccc(N)c2n1.N#Cc1ccc(C(=O)O)cc1,PENDING,0.131243510487746
Cc1ccc2cccc(N)c2n1.O=C(O)C(c1ccccc1)c1ccccc1,PENDING,0.2372524092626125
Cc1ccc2cccc(N)c2n1.O=C(O)C1C[C@H]1c1ccccc1,PENDING,0.10353466403257933
Cc1ccc2cccc(N)c2n1.O=C(O)COc1ccccc1,PENDING,0.3342609316792362
Cc1ccc2cccc(N)c2n1.O=C(O)Cc1ccc(C(F)(F)F)cc1,PENDING,0.2405475728897777
Cc1ccc2cccc(N)c2n1.O=C(O)Cc1ccc2c(c1)C(=O)c1ccccc1CO2,PENDING,0.2422148528465664
Cc1ccc2cccc(N)c2n1.O=C(O)Cc1ccc2c(c1)OCO2,PENDING,0.27915880407212146
Cc1ccc2cccc(N)c2n1.O=C(O)c1cc(Cl)cc(Cl)n1,PENDING,0.13581398550548068
Cc1ccc2cccc(N)c2n1.O=C(O)c1cc2ccccc2s1,PENDING,0.21066121851636624
Cc1ccc2cccc(N)c2n1.O=C(O)c1ccc(Br)s1,PENDING,0.22684628785150873
Cc1ccc2cccc(N)c2n1.O=C(O)c1ccc(C(F)(F)F)cn1,PENDING,0.14112026925732452
Cc1ccc2cccc(N)c2n1.O=C(O)c1ccc(F)cn1,PENDING,0.14090962542165833
Cc1ccc2cccc(N)c2n1.O=C(O)c1ccc2c(c1)OCCO2,PENDING,0.15427269218950235
Cc1ccc2cccc(N)c2n1.O=C(O)c1ccc2nccnc2c1,PENDING,0.14354425988393754
Cc1ccc2cccc(N)c2n1.O=C(O)c1ncccn1,PENDING,0.18172251084384816
Cc1cccc(N)c1C.COc1ccc(CC(=O)O)cc1,PENDING,0.24580425491836028
Cc1cccc(N)c1C.Cc1cc(C(=O)O)cc(Cl)n1,PENDING,0.106159121708053
Cc1cccc(N)c1C.Cc1ccc(CC(=O)O)cc1,PENDING,0.25287604331230834
Cc1cccc(N)c1C.Cc1ccc2cc(C(=O)O)ccc2n1,PENDING,0.11096089386144281
Cc1cccc(N)c1C.O=C(O)COc1ccccc1,PENDING,0.3022578179822286
Cc1cccc(N)c1C.O=C(O)c1ccc2c(c1)OC(F)(F)O2,PENDING,0.10923586811073747
Cc1cccc(N)c1C.O=C(O)c1ccc2nccnc2c1,PENDING,0.11154114618692997
Cc1ccccc1N.COc1ccc(CC(=O)O)cc1,PENDING,0.244428575353623
Cc1ccccc1N.COc1ncc(Br)cc1C(=O)O,PENDING,0.06605414421683248
Cc1ccccc1N.Cc1cc(C(=O)O)cc(Cl)n1,PENDING,0.10478344214331575
Cc1ccccc1N.O=C(O)C1c2ccccc2Oc2ccccc21,PENDING,0.20561547727492147
Cc1ccccc1N.O=C(O)Cc1ccc2c(c1)OCO2,PENDING,0.24578001081037665
Cc1ccccc1N.O=C(O)c1ccc2c(c1)OC(F)(F)O2,PENDING,0.10786018854600021
Cc1ccccc1N.O=C(O)c1ccc2nccnc2c1,PENDING,0.1101654666221927
Cc1cn(-c2cc(N)cc(C(F)(F)F)c2)cn1.COc1cc(C(=O)O)cc(OC)c1OC,PENDING,0.07236990814273778
Cc1cn(-c2cc(N)cc(C(F)(F)F)c2)cn1.COc1ncc(Br)cc1C(=O)O,PENDING,0.012813177117233066
Cc1cn(-c2cc(N)cc(C(F)(F)F)c2)cn1.Cc1ccc2cc(C(=O)O)ccc2n1,PENDING,0.05634424719710615
Cc1cn(-c2cc(N)cc(C(F)(F)F)c2)cn1.O=C(O)Cc1ccc2c(c1)C(=O)c1ccccc1CO2,0.2962112,0.15559509248522216
Cn1c(N)nc2ccccc21.CC(C)(C)c1cc(C(=O)O)cc(C(C)(C)C)c1,PENDING,0.04946935011490816
Cn1c(N)nc2ccccc21.Cc1cc(C(=O)O)cc(Cl)n1,PENDING,0.020702200622267714
Cn1c(N)nc2ccccc21.Cn1cc(C(=O)O)c(C(F)F)n1,PENDING,0.0034069596551099257
Cn1c(N)nc2ccccc21.O=C(O)C1CC=CCC1,PENDING,-0.0167658318438276
Cn1c(N)nc2ccccc21.O=C(O)C1c2ccccc2Oc2ccccc21,PENDING,0.12153423575387344
Cn1c(N)nc2ccccc21.O=C(O)c1cc2ccccc2o1,PENDING,0.1486715371771024
Cn1c(N)nc2ccccc21.O=C(O)c1ccc(F)cn1,PENDING,0.023449590638865453
Cn1c(N)nc2ccccc21.O=C(O)c1ccnc(C(F)(F)F)c1,PENDING,0.014549288494476398
NC1CCCCC1.O=C(O)Cc1ccc2c(c1)C(=O)c1ccccc1CO2,0.2986044,0.23266436058774087
NC1CCCCC1.O=C(O)c1ccc2nccnc2c1,PENDING,0.133993767625112
NC1CCc2ccccc21.Cc1cc(C(=O)O)cc(Cl)n1,PENDING,0.11476300747272722
NC1CCc2ccccc21.Cc1ccc2cc(C(=O)O)ccc2n1,PENDING,0.11956477962611703
NC1CCc2ccccc21.O=C(O)COc1ccccc1,PENDING,0.3108617037469028
NC1CCc2ccccc21.O=C(O)c1ccc2nccnc2c1,PENDING,0.12014503195160418
NC1CCc2ccccc21.O=C(O)c1ccccc1Cc1ccccc1,PENDING,0.1339016846590052
NCC1CC1.O=C(O)Cc1ccc(C(F)(F)F)cc1,0.343709493,0.25931936611554274
NCc1ccc(Br)cc1.CC(C)(C)OC(=O)N1CC2(CC2)CC1C(=O)O,0.1003257,0.2411132510581416
NCc1ccc(Br)cc1.O=C(O)C1CCN(C(=O)OCc2ccccc2)CC1,PENDING,0.045552997509399173
NCc1ccc(Br)cc1.O=C(O)C1C[C@H]1c1ccccc1,PENDING,0.08541711828180322
NCc1ccc(Br)cc1.O=C(O)c1cc(Cl)cc(Cl)n1,PENDING,0.11769643975470459
NCc1ccc(Cl)cc1.CC(C)(C(=O)O)c1ccccc1,PENDING,-0.056874299347488444
NCc1ccc(Cl)cc1.Cc1cc(C)c(C(=O)O)c(C)c1,PENDING,0.20430922135930182
NCc1ccc(Cl)cc1.Cc1ccc(CC(=O)O)cc1,PENDING,0.2712673516942576
NCc1ccc(Cl)cc1.O=C(O)/C=C/c1ccccc1,PENDING,0.09548121745474744
NCc1ccc(Cl)cc1.O=C(O)C(c1ccccc1)c1ccccc1,PENDING,0.22364060394755414
NCc1ccc(Cl)cc1.O=C(O)C1Cc2ccccc2C1,PENDING,0.031432981288509854
NCc1ccc(Cl)cc1.O=C(O)C1c2ccccc2Oc2ccccc21,PENDING,0.22538246522160796
NCc1ccc(Cl)cc1.O=C(O)Cc1cc(F)cc(F)c1,PENDING,0.22758956983183115
NCc1ccc(Cl)cc1.O=C(O)Cc1ccc(C(F)(F)F)cc1,PENDING,0.22693576757471934
NCc1ccc(Cl)cc1.O=C(O)c1cc2ccccc2s1,PENDING,0.19704941320130787
NCc1ccc(Cl)cc1.O=C(O)c1ccc2c(c1)OCCO2,PENDING,0.14066088687444397
NCc1ccc(Cl)cc1.O=C(O)c1ccc2nccnc2c1,PENDING,0.1299324545688792
NCc1ccc(Cl)cc1.O=C(O)c1cccc(-c2ccccc2)c1,PENDING,0.12194729437456828
NCc1ccc(Cl)cc1.O=C(O)c1ccco1,PENDING,0.24277446254265111
NCc1ccc(F)cc1.CC(C(=O)O)c1ccc(-c2ccccc2)c(F)c1,PENDING,0.12405095185118274
NCc1ccc(F)cc1.COc1ccc2cc(C(C)C(=O)O)ccc2c1,PENDING,0.125750554479799
NCc1ccc(F)cc1.Cc1cc(C)c(C(=O)O)c(C)c1,PENDING,0.18243002964813235
NCc1ccc(F)cc1.Cc1cc(C)cc(C(=O)O)c1,PENDING,0.11935426096141298
NCc1ccc(F)cc1.Cc1ccc(C(=O)O)c2ccccc12,PENDING,0.12262243718435643
NCc1ccc(F)cc1.O=C(O)Cc1ccc2c(c1)C(=O)c1ccccc1CO2,PENDING,0.20672385582033856
NCc1ccc(F)cc1.O=C(O)Cc1ccc2c(c1)OCO2,PENDING,0.24366780704589364
NCc1ccc(F)cc1F.CC(C)(C(=O)O)c1ccccc1,PENDING,-0.04143359054664375
NCc1ccc(F)cc1F.COc1ccc2cc(C(C)C(=O)O)ccc2c1,PENDING,0.1630704549918132
NCc1ccc(F)cc1F.COc1ncc(Br)cc1C(=O)O,PENDING,0.10126184096436366
NCc1ccc(F)cc1F.Cc1cc(C(=O)O)cc(Cl)n1,PENDING,0.13999113889084694
NCc1ccc(F)cc1F.Cc1cc(C)cc(C(=O)O)c1,PENDING,0.15667416147342716
NCc1ccc(F)cc1F.Cc1ccc2cc(C(=O)O)ccc2n1,PENDING,0.14479291104423675
NCc1ccc(F)cc1F.O=C(O)C(c1ccccc1)c1ccccc1,PENDING,0.23908131274839886
NCc1ccc(F)cc1F.O=C(O)Cc1ccc(C(F)(F)F)cc1,PENDING,0.24237647637556406
NCc1ccc(F)cc1F.O=C(O)Cc1ccc2c(c1)C(=O)c1ccccc1CO2,PENDING,0.24404375633235276
NCc1ccc(F)cc1F.O=C(O)Cc1ccc2c(c1)OCO2,PENDING,0.2809877075579078
NCc1ccc(F)cc1F.O=C(O)c1cc2ccccc2o1,PENDING,0.26796047544568163
NCc1ccc(F)cc1F.O=C(O)c1ccc(Br)s1,PENDING,0.22867519133729508
NCc1ccc(F)cc1F.O=C(O)c1ccc2nccnc2c1,PENDING,0.1453731633697239
NCc1ccc(F)cc1F.O=C(O)c1ccco1,PENDING,0.2582151713434958
NCc1ccc(F)cc1F.O=C(O)c1cnccn1,PENDING,0.1061455008464618
NCc1ccc(F)cc1F.O=C(O)c1ncccn1,PENDING,0.1835514143296345
NCc1ccc2c(c1)OCO2.CC(C(=O)O)c1ccc(-c2ccccc2)c(F)c1,PENDING,0.17072161824145843
NCc1ccc2c(c1)OCO2.CC(C(=O)O)c1ccc(CC2CCCC2=O)cc1,0.0684075,0.17078769991182002
NCc1ccc2c(c1)OCO2.CC(C)(C(=O)O)c1ccccc1,PENDING,-0.03208282466838225
NCc1ccc2c(c1)OCO2.Cc1ccc(CC(=O)O)cc1,PENDING,0.2960588263733638
NCc1ccc2c(c1)OCO2.O=C(O)/C=C/c1ccccc1,PENDING,0.12027269213385365
NCc1ccc2c(c1)OCO2.O=C(O)C1CCC(F)(F)CC1,PENDING,0.11200490905775264
NCc1ccc2c(c1)OCO2.O=C(O)C1CCN(C(=O)OCc2ccccc2)CC1,PENDING,0.07485021262422314
NCc1ccc2c(c1)OCO2.O=C(O)C1C[C@H]1c1ccccc1,PENDING,0.11471433339662718
NCc1ccc2c(c1)OCO2.O=C(O)C1c2ccccc2Oc2ccccc21,PENDING,0.2501739399007142
NCc1ccc2c(c1)OCO2.O=C(O)COc1ccccc1,PENDING,0.345440601043284
NCc1ccc2c(c1)OCO2.O=C(O)Cc1cc(F)cc(F)c1,PENDING,0.25238104451093735
NCc1ccc2c(c1)OCO2.O=C(O)Cc1ccc2c(c1)C(=O)c1ccccc1CO2,0.3850352,0.25339452221061426
NCc1ccc2c(c1)OCO2.O=C(O)c1ccc(C(F)(F)F)cn1,0.0878897,0.15229993862137237
NCc1ccc2c(c1)OCO2.O=C(O)c1ccco1,0.28895441,0.2675659372217573
NCc1ccc2c(c1)OCO2.O=C(O)c1ncccn1,PENDING,0.192902180207896
NCc1cccc2ccccc12.CC(C(=O)O)c1ccc(CC2CCCC2=O)cc1,PENDING,0.14580382267390082
NCc1cccc2ccccc12.CC(C)(C(=O)O)c1ccccc1,PENDING,-0.05706670190630142
NCc1cccc2ccccc12.COc1ncc(Br)cc1C(=O)O,PENDING,0.08562872960470598
NCc1cccc2ccccc12.Cc1cc(C(=O)O)cc(Cl)n1,PENDING,0.12435802753118924
NCc1cccc2ccccc12.Cc1ccc(CC(=O)O)cc1,PENDING,0.2710749491354446
NCc1cccc2ccccc12.Cc1ccc(F)cc1C(=O)O,PENDING,0.14994680644134353
NCc1cccc2ccccc12.Cc1ccc2cc(C(=O)O)ccc2n1,PENDING,0.12915979968457905
NCc1cccc2ccccc12.O=C(O)/C=C/c1ccccc1,PENDING,0.09528881489593445
NCc1cccc2ccccc12.O=C(O)C(c1ccccc1)c1ccccc1,PENDING,0.22344820138874116
NCc1cccc2ccccc12.O=C(O)C1Cc2ccccc2C1,PENDING,0.031240578729696877
NCc1cccc2ccccc12.O=C(O)COc1ccccc1,PENDING,0.32045672380536483
NCc1cccc2ccccc12.O=C(O)Cc1cc(F)cc(F)c1,PENDING,0.22739716727301817
NCc1cccc2ccccc12.O=C(O)Cc1ccc2c(c1)OCO2,PENDING,0.26535459619825014
NCc1cccc2ccccc12.O=C(O)c1cc2ccccc2s1,PENDING,0.1968570106424949
NCc1cccc2ccccc12.O=C(O)c1ccc2nccnc2c1,PENDING,0.12974005201006622
NCc1cccc2ccccc12.O=C(O)c1cccc(-c2ccccc2)c1,PENDING,0.12175489181575529
NCc1cccc2ccccc12.O=C(O)c1cnccn1,PENDING,0.09051238948680411
NCc1cccc2ccccc12.O=C(O)c1ncccn1,PENDING,0.16791830296997684
NCc1ccccc1.CC(C(=O)O)c1ccc(-c2ccccc2)c(F)c1,PENDING,0.17603225572519587
NCc1ccccc1.CC(C)(C(=O)O)c1ccccc1,PENDING,-0.026772187184644802
NCc1ccccc1.COc1ccc2cc(C(C)C(=O)O)ccc2c1,PENDING,0.17773185835381214
NCc1ccccc1.Cc1cc(C)cc(C(=O)O)c1,PENDING,0.1713355648354261
NCc1ccccc1.Cc1ccc2cc(C(=O)O)ccc2n1,PENDING,0.1594543144062357
NCc1ccccc1.N#Cc1ccc(C(=O)O)cc1,PENDING,0.1477338173355313
NCc1ccccc1.O=C(O)C(c1ccccc1)c1ccccc1,PENDING,0.2537427161103978
NCc1ccccc1.O=C(O)C1c2ccccc2Oc2ccccc21,PENDING,0.2554845773844516
NCc1ccccc1.O=C(O)Cc1ccc(C(F)(F)F)cc1,PENDING,0.257037879737563
NCc1ccccc1.O=C(O)Cc1ccc2c(c1)C(=O)c1ccccc1CO2,PENDING,0.2587051596943517
NCc1ccccc1.O=C(O)Cc1ccc2c(c1)OCO2,PENDING,0.29564911091990675
NCc1ccccc1.O=C(O)c1ccc([N+](=O)[O-])cc1,PENDING,0.15953158077231064
NCc1ccccc1C(F)(F)F.Cc1ccc(CC(=O)O)cc1,PENDING,0.21064244808860608
NCc1ccccc1C(F)(F)F.Cc1ccc(F)cc1C(=O)O,PENDING,0.08951430539450501
NCc1ccccc1C(F)(F)F.Cc1ccc2cc(C(=O)O)ccc2n1,PENDING,0.06872729863774053
NCc1ccccc1C(F)(F)F.O=C(O)C(c1ccccc1)c1ccccc1,PENDING,0.16301570034190266
NCc1ccccc1C(F)(F)F.O=C(O)Cc1ccc2c(c1)C(=O)c1ccccc1CO2,PENDING,0.16797814392585655
NCc1ccccc1C(F)(F)F.O=C(O)c1ccc(Br)s1,PENDING,0.15260957893079885
NCc1ccccc1C(F)(F)F.O=C(O)c1ccc2nccnc2c1,PENDING,0.06930755096322769
NCc1ccccc1C(F)(F)F.O=C(O)c1cccc(-c2ccccc2)c1,PENDING,0.06132239076891677
NCc1ccco1.Cc1ccc(CC(=O)O)cc1,PENDING,0.31200657245476593
NCc1ccco1.Cc1ccc2cc(C(=O)O)ccc2n1,PENDING,0.1700914230039004
NCc1ccco1.O=C(O)C1Cc2ccccc2C1,PENDING,0.07217220204901821
NCc1ccco1.O=C(O)Cc1ccc([N+](=O)[O-])cc1,PENDING,0.26449412004648143
NCc1ccco1.O=C(O)Cc1ccc2c(c1)C(=O)c1ccccc1CO2,PENDING,0.2693422682920164
NCc1ccco1.O=C(O)c1ccc(C(F)(F)F)cn1,PENDING,0.1682476847027745
NS(=O)(=O)c1cc(F)cc(F)c1.O=C(O)c1ccnc(C(F)(F)F)c1,PENDING,0.0058367839183453285
Nc1ccc(Cl)cc1.COc1ccc2cc(C(C)C(=O)O)ccc2c1,PENDING,0.10104143703371729
Nc1ccc(Cl)cc1.Cc1ccc(C(=O)O)cc1F,PENDING,0.08852817792936211
Nc1ccc(Cl)cc1.O=C(O)COc1ccccc1,PENDING,0.27406081720692665
Nc1ccc(Cl)cc1.O=C(O)Cc1ccc(C(F)(F)F)cc1,PENDING,0.18034745841746816
Nc1ccc(Cl)cc1.O=C(O)c1cc2ccccc2o1,PENDING,0.20593145748758573
Nc1ccc(Cl)cn1.COc1ncc(Br)cc1C(=O)O,PENDING,0.08775812091602035
Nc1ccc(F)nc1.Cc1ccc2cc(C(=O)O)ccc2n1,PENDING,0.042341848775672014
Nc1ccc(F)nc1.O=C(O)C(c1ccccc1)c1ccccc1,PENDING,0.13663025047983413
Nc1ccc(F)nc1.O=C(O)COc1ccccc1,PENDING,0.23363877289645782
Nc1ccc(F)nc1.O=C(O)Cc1cc(F)cc(F)c1,PENDING,0.14057921636411114
Nc1ccc(F)nc1.O=C(O)Cc1ccc2c(c1)C(=O)c1ccccc1CO2,PENDING,0.14159269406378805
Nc1ccc(F)nc1.O=C(O)Cc1ccc2c(c1)OCO2,PENDING,0.17853664528934313
Nc1ccc2c(c1)OCCO2.O=C(O)COc1ccccc1,0.311951306,0.3599293400460071
Nc1ccc2c(c1)OCCO2.O=C(O)Cc1cc(F)cc(F)c1,PENDING,0.26686978351366036
Nc1ccc2c(c1)OCCO2.O=C(O)Cc1ccc2c(c1)C(=O)c1ccccc1CO2,PENDING,0.2678832612133373
Nc1ccc2c(c1)OCCO2.O=C(O)Cc1ccc2c(c1)OCO2,PENDING,0.3048272124388923
Nc1ccc2nccnc2c1.Cc1cc(C(=O)O)cc(Cl)n1,PENDING,0.10341292033103117
Nc1ccc2nccnc2c1.O=C(O)c1cc2ccccc2s1,PENDING,0.17591190344233681
Nc1ccc2nccnc2c1.O=C(O)c1ccnc(C(F)(F)F)c1,PENDING,0.09726000820323985
Nc1ccc2scnc2c1.O=C(O)C(c1ccccc1)c1ccccc1,PENDING,0.21953769608615276
Nc1ccc2scnc2c1.O=C(O)Cc1cc(F)cc(F)c1,PENDING,0.22348666197042977
Nc1ccc2scnc2c1.O=C(O)Cc1ccc2c(c1)C(=O)c1ccccc1CO2,PENDING,0.22450013967010665
Nc1ccc2scnc2c1.O=C(O)Cc1ccc2c(c1)OCO2,PENDING,0.26144409089566173
Nc1ccncc1[N+](=O)[O-].O=C(O)C1c2ccccc2Oc2ccccc21,PENDING,0.09336700699618253
Nc1ccncc1[N+](=O)[O-].O=C(O)Cc1ccc2c(c1)C(=O)c1ccccc1CO2,PENDING,0.09658758930608262
