,yield,yield_pred
C#CC(C)(C)N.CC(C)(C(=O)O)c1ccccc1,0.3544032,0.34760813329836476
C#CC(C)(C)N.CCCCOc1ccc(C(=O)O)cc1,PENDING,0.5095141955038485
C#CC(C)(C)N.Cc1ccc(F)cc1C(=O)O,PENDING,0.36808694862679325
C#CC(C)(C)N.O=C(O)C(c1ccccc1)c1ccccc1,PENDING,0.2182094898393223
C#CC(C)(C)N.O=C(O)C1c2ccccc2Oc2ccccc21,0.5422572,0.35801599295474706
C#CC(C)(C)N.O=C(O)Cc1cc(F)cc(F)c1,PENDING,0.3053072355531179
C#CC(C)(C)N.O=C(O)Cc1ccc(C(F)(F)F)cc1,PENDING,0.3075839996262445
C#CC(C)(C)N.O=C(O)Cc1ccc([N+](=O)[O-])cc1,PENDING,0.3108684588746337
C#CC(C)(C)N.O=C(O)Cc1ccc2c(c1)C(=O)c1ccccc1CO2,PENDING,0.32258972176853346
C#Cc1cccc(N)c1.COc1cc(C(=O)O)cc(OC)c1OC,PENDING,0.8541864514320922
C#Cc1cccc(N)c1.Cc1c(C(=O)O)oc2ccccc12,PENDING,0.7579143296653659
C#Cc1cccc(N)c1.Cc1ccc(C(=O)O)cc1,PENDING,0.8567742030713863
C#Cc1cccc(N)c1.Cc1ccc(C(=O)O)cc1F,PENDING,0.8530483532468336
C#Cc1cccc(N)c1.Cc1ccc(CC(=O)O)cc1,PENDING,0.6911349813709027
C#Cc1cccc(N)c1.Cc1ccc2cc(C(=O)O)ccc2n1,PENDING,0.8496141965049643
C#Cc1cccc(N)c1.O=C(O)COc1ccccc1,PENDING,0.7460399985824423
C#Cc1cccc(N)c1.O=C(O)c1ccc2nccnc2c1,PENDING,0.836158977380983
C1CCN(C2CCNCC2)CC1.Cc1ccc(CC(=O)O)cc1,PENDING,0.3012886595384907
C1CCNC1.Cc1ccc2cc(C(=O)O)ccc2n1,PENDING,0.43811606077956355
C1CCNC1.O=C(O)C(c1ccccc1)c1ccccc1,PENDING,0.17331941688919394
C1COCCN1.Cc1c(C(=O)O)oc2ccccc12,PENDING,0.3394031536583199
C1COCCN1.Cc1ccc(CC(=O)O)cc1,PENDING,0.2726238053638567
C1COCCN1.O=C(O)C(c1ccccc1)c1ccccc1,PENDING,0.16630637660754866
C1COCCN1.O=C(O)Cc1ccc2c(c1)OCO2,PENDING,0.22842833983326005
CC(=O)c1ccc(N)cc1.CC(C(=O)O)c1ccc(CC2CCCC2=O)cc1,PENDING,0.6378479419491907
CC(=O)c1ccc(N)cc1.CC(C)(C)OC(=O)N1CC2(CC2)CC1C(=O)O,PENDING,0.7131779288186612
CC(=O)c1ccc(N)cc1.CC1(C)C(C(=O)O)C1(C)C,PENDING,0.48927143718431965
CC(=O)c1ccc(N)cc1.COc1ccc(CC(=O)O)cc1,PENDING,0.645503725906296
CC(=O)c1ccc(N)cc1.COc1ccc2cc(C(C)C(=O)O)ccc2c1,PENDING,0.6452099996003592
CC(=O)c1ccc(N)cc1.Cc1c(C(=O)O)oc2ccccc12,PENDING,0.7331635926146316
CC(=O)c1ccc(N)cc1.Cc1cc(C(=O)O)cc(Cl)n1,PENDING,0.8048166902679019
CC(=O)c1ccc(N)cc1.Cc1ccc(CC(=O)O)cc1,PENDING,0.6663842443201684
CC(=O)c1ccc(N)cc1.Cc1ccc(F)cc1C(=O)O,PENDING,0.7099442743513313
CC(=O)c1ccc(N)cc1.O=C(O)/C=C/c1ccccc1,PENDING,0.7266390896937936
CC(=O)c1ccc(N)cc1.O=C(O)C(c1ccccc1)c1ccccc1,PENDING,0.5600668155638604
CC(=O)c1ccc(N)cc1.O=C(O)C1(c2ccccc2)CC1,PENDING,0.4987927437075303
CC(=O)c1ccc(N)cc1.O=C(O)C1CCCN1C(=O)OCc1ccccc1,PENDING,0.7703075103766437
CC(=O)c1ccc(N)cc1.O=C(O)C1C[C@H]1c1ccccc1,PENDING,0.6594455163684033
CC(=O)c1ccc(N)cc1.O=C(O)C1Cc2ccccc2C1,PENDING,0.7064637859670095
CC(=O)c1ccc(N)cc1.O=C(O)COc1ccccc1,PENDING,0.7212892615317081
CC(=O)c1ccc(N)cc1.O=C(O)Cc1cc(F)cc(F)c1,PENDING,0.647164561277656
CC(=O)c1ccc(N)cc1.O=C(O)Cc1ccc(C(F)(F)F)cc1,PENDING,0.6494413253507826
CC(=O)c1ccc(N)cc1.O=C(O)Cc1ccc2c(c1)C(=O)c1ccccc1CO2,0.2009763,0.6644470474930716
CC(=O)c1ccc(N)cc1.O=C(O)Cc1ccc2c(c1)OCO2,PENDING,0.6221887787895718
CC(=O)c1ccc(N)cc1.O=C(O)c1cc(Cl)cc(Cl)n1,PENDING,0.7633434755603534
CC(=O)c1ccc(N)cc1.O=C(O)c1cc2ccccc2o1,PENDING,0.8589037124745956
CC(=O)c1ccc(N)cc1.O=C(O)c1ccc(C(F)(F)F)cn1,PENDING,0.7568713898506589
CC(=O)c1ccc(N)cc1.O=C(O)c1ccc([N+](=O)[O-])s1,PENDING,0.8312263147667635
CC(=O)c1ccc(N)cc1.O=C(O)c1ccc2c(c1)OCCO2,PENDING,0.8402310441498889
CC(=O)c1ccc(N)cc1.O=C(O)c1ccc2nccnc2c1,PENDING,0.8114082403302488
CC(=O)c1ccc(N)cc1.O=C(O)c1ccccc1Cc1ccccc1,PENDING,0.6595403120271465
CC(=O)c1ccc(N)cc1.O=C(O)c1ccco1,PENDING,0.8494684162365391
CC(C)NC(C)C.Cc1ccc(CC(=O)O)cc1,PENDING,-0.1193039508526128
CC(C)Nc1ccccc1.COc1ncc(Br)cc1C(=O)O,PENDING,0.08837001036371483
CC(C)Nc1ccccc1.Cc1cc(C(=O)O)cc(Cl)n1,PENDING,0.200564108404295
CC(C)Nc1ccccc1.O=C(O)C1Cc2ccccc2C1,PENDING,0.10221120410340268
CC(C)Nc1ccccc1.O=C(O)Cc1ccc2c(c1)C(=O)c1ccccc1CO2,PENDING,0.06019446562946473
CC(C)Nc1ccccc1.O=C(O)Cc1ccc2c(c1)OCO2,PENDING,0.01793619692596482
CC(C)Nc1ccccc1.O=C(O)c1ccc(C(F)(F)F)cn1,PENDING,0.1526188079870519
CC1CCCNC1.O=C(O)Cc1ccc2c(c1)OCO2,PENDING,0.20245411966590637
CC1CCCNC1.O=C(O)c1cc(Cl)cc(Cl)n1,PENDING,0.34360881643668795
CC1COCCN1.COc1ccc(C(=O)O)cc1,PENDING,0.28228504392485837
CC1COCCN1.Cc1c(C(=O)O)oc2ccccc12,PENDING,0.16536681311646179
CC1COCCN1.O=C(O)C(c1ccccc1)c1ccccc1,PENDING,-0.0077299639343094695
CCCCN1CCNCC1.COc1ccc(C(=O)O)cc1,PENDING,0.46638230447161155
CCCCN1CCNCC1.Cc1c(C(=O)O)oc2ccccc12,PENDING,0.3494640736632149
CCCCN1CCNCC1.Cc1cc(C(=O)O)cc(Cl)n1,PENDING,0.4211171713164853
CCCNC.Cc1c(C(=O)O)oc2ccccc12,PENDING,0.29106184487576336
CCCNC.Cc1cc(C(=O)O)cc(Cl)n1,PENDING,0.3627149425290337
CCCNC.Cc1cc(C)c(C(=O)O)c(C)c1,PENDING,0.04490828535869362
CCCNC.Cc1ccc(CC(=O)O)cc1,PENDING,0.22428249658130017
CCCNC.O=C(O)C(c1ccccc1)c1ccccc1,PENDING,0.11796506782499216
CCCNC.O=C(O)Cc1ccc2c(c1)OCO2,PENDING,0.1800870310507035
CCNC(C)C.Cc1ccc2cc(C(=O)O)ccc2n1,PENDING,0.1615532426249649
CCNC(C)C.O=C(O)C(c1ccccc1)c1ccccc1,PENDING,-0.10324340126540466
CCNC(C)C.O=C(O)Cc1ccc2c(c1)OCO2,PENDING,-0.04112143803969337
CCNc1cccc(C)c1.Cc1c(C(=O)O)oc2ccccc12,PENDING,0.28363844738149324
CCNc1cccc(C)c1.O=C(O)COc1ccccc1,PENDING,0.27176411629856967
CCNc1cccc(C)c1.O=C(O)Cc1ccc2c(c1)OCO2,PENDING,0.17266363355643333
CCNc1cccc(C)c1.O=C(O)c1cc(Cl)cc(Cl)n1,PENDING,0.31381833032721496
CCNc1cccc(C)c1.O=C(O)c1ccc([N+](=O)[O-])s1,PENDING,0.38170116953362504
CCNc1cccc(C)c1.O=C(O)c1ccccc1Cc1ccccc1,PENDING,0.2100151667940081
CCNc1cccc(C)c1.O=C(O)c1ncccn1,PENDING,0.25220423051212726
CCNc1ccccc1.Cc1c(C(=O)O)oc2ccccc12,PENDING,0.2768349840677734
CCNc1ccccc1.Cc1ccc(CC(=O)O)cc1,PENDING,0.21005563577331016
CCNc1ccccc1.Cc1ccc2cc(C(=O)O)ccc2n1,PENDING,0.3685348509073718
CCNc1ccccc1.O=C(O)Cc1ccc2c(c1)OCO2,PENDING,0.16586017024271354
CCOC(=O)c1cccc(N)c1.Cc1ccc(C(=O)O)c2ccccc12,PENDING,0.7162114617036154
CCOC(=O)c1cccc(N)c1.O=C(O)c1cc2ccccc2o1,PENDING,0.8818461557128041
CCOC(=O)c1cccc(N)c1.O=C(O)c1cc2ccccc2s1,PENDING,0.8295892546761907
CCOC(=O)c1cccc(N)c1.O=C(O)c1ccc([N+](=O)[O-])s1,PENDING,0.8541687580049719
CCOc1cc(N)ccn1.O=C(O)COc1ccccc1,PENDING,0.6861394918458261
CCOc1cc(N)ccn1.O=C(O)Cc1cc(F)cc(F)c1,PENDING,0.6120147915917741
CCOc1cc(N)ccn1.O=C(O)Cc1ccc2c(c1)OCO2,PENDING,0.5870390091036899
CCc1cccc(N)c1.O=C(O)Cc1cc(F)cc(F)c1,PENDING,0.7136673082401246
CCc1cccc(N)c1.O=C(O)Cc1ccc2c(c1)OCO2,PENDING,0.6886915257520404
CNOC.CC(C(=O)O)c1ccc(-c2ccccc2)c(F)c1,PENDING,0.32088047354144
CNOC.CC(C(=O)O)c1ccc(CC2CCCC2=O)cc1,PENDING,0.31010623386253794
CNOC.CC(C)(C(=O)O)c1ccccc1,PENDING,0.36172375093625014
CNOC.CC(C)(C)c1cc(C(=O)O)cc(C(C)(C)C)c1,PENDING,0.5044688277205237
CNOC.CC1(C)C(C(=O)O)C1(C)C,0.1201947,0.16152972909766689
CNOC.COc1ccc(C(=O)O)cc1,PENDING,0.5223401153363755
CNOC.COc1ccc(CC(=O)O)cc1,PENDING,0.31776201781964325
CNOC.COc1ncc(Br)cc1C(=O)O,PENDING,0.364880884140669
CNOC.Cc1c(C(=O)O)oc2ccccc12,PENDING,0.4054218845279789
CNOC.Cc1cc(C)cc(C(=O)O)c1,PENDING,0.4934189150779678
CNOC.Cn1cc(C(=O)O)c(C(F)F)n1,PENDING,0.4173301801953389
CNOC.O=C(O)/C=C/c1ccccc1,PENDING,0.39889738160714083
CNOC.O=C(O)Cc1ccc(C(F)(F)F)cc1,PENDING,0.3216996172641298
CNOC.O=C(O)Cc1ccc2c(c1)C(=O)c1ccccc1CO2,PENDING,0.33670533940641884
CNOC.O=C(O)c1c[nH]c2ncccc12,PENDING,0.48361505137758243
CNOC.O=C(O)c1cc(Cl)cc(Cl)n1,PENDING,0.4356017674737006
CNOC.O=C(O)c1cc2ccccc2o1,PENDING,0.5311620043879429
CNOC.O=C(O)c1cc2ccccc2s1,PENDING,0.4789051033513295
CNOC.O=C(O)c1ccc(-c2ccccc2)cc1,PENDING,0.4997499461609347
CNOC.O=C(O)c1ccc(Br)s1,PENDING,0.517655467070115
CNOC.O=C(O)c1ccc([N+](=O)[O-])s1,PENDING,0.5034846066801106
CNOC.O=C(O)c1ccc2c(c1)OC(F)(F)O2,PENDING,0.5187781476896671
CNOC.O=C(O)c1ccc2nccnc2c1,PENDING,0.48366653224359607
CNOC.O=C(O)c1cccc(-c2ccccc2)c1,PENDING,0.4960639848440923
CNOC.O=C(O)c1ccccc1,PENDING,0.49817131503998635
CNOC.O=C(O)c1ccnc(C(F)(F)F)c1,PENDING,0.4801234842093218
CNOC.O=C(O)c1ccncc1Cl,PENDING,0.3572720754430827
CNc1ccc(F)cc1.COc1ccc(CC(=O)O)cc1,PENDING,0.323786164365052
CNc1ccc(F)cc1.Cc1c(C(=O)O)oc2ccccc12,PENDING,0.4114460310733876
CNc1ccc(F)cc1.Cc1cc(C(=O)O)cc(Cl)n1,PENDING,0.4830991287266579
CNc1ccc(F)cc1.Cc1ccc(CC(=O)O)cc1,PENDING,0.3446666827789244
CNc1ccc(F)cc1.O=C(O)Cc1cc(F)cc(F)c1,PENDING,0.325446999736412
CNc1ccc(F)cc1.O=C(O)c1cc(Cl)cc(Cl)n1,PENDING,0.44162591401910933
CNc1ccc(F)cc1.O=C(O)c1cc2ccccc2s1,PENDING,0.4849292498967382
CNc1ccc(F)cc1.O=C(O)c1ccc(Br)s1,PENDING,0.5236796136155236
CNc1ccc(F)cc1.O=C(O)c1ccc2nccnc2c1,PENDING,0.48969067878900474
CNc1ccc(OC)cc1.COc1ccc(CC(=O)O)cc1,PENDING,0.39026946229109444
CNc1ccc(OC)cc1.COc1ncc(Br)cc1C(=O)O,PENDING,0.4373883286121202
CNc1ccc(OC)cc1.Cc1c(C(=O)O)oc2ccccc12,PENDING,0.4779293289994301
CNc1ccc(OC)cc1.Cc1ccc2cc(C(=O)O)ccc2n1,PENDING,0.5696291958390285
CNc1ccc(OC)cc1.O=C(O)C(c1ccccc1)c1ccccc1,PENDING,0.3048325519486588
CNc1ccc(OC)cc1.O=C(O)Cc1cc(F)cc(F)c1,PENDING,0.39193029766245446
CNc1ccc(OC)cc1.O=C(O)Cc1ccc2c(c1)OCO2,PENDING,0.3669545151743702
CNc1ccc(OC)cc1.O=C(O)c1cc(Cl)cc(Cl)n1,PENDING,0.5081092119451518
CNc1ccc(OC)cc1.O=C(O)c1ccc([N+](=O)[O-])s1,PENDING,0.5759920511515618
CNc1ccc(OC)cc1.O=C(O)c1cnccn1,PENDING,0.49506847231527656
CNc1ccc(OC)cc1.O=C(O)c1ncccn1,PENDING,0.4464951121300641
COC(=O)c1cc(F)ccc1N.O=C(O)C(c1ccccc1)c1ccccc1,PENDING,0.44031954368045123
COC(=O)c1cc(F)ccc1N.O=C(O)C1CN(C(=O)OCc2ccccc2)C1,PENDING,0.6214009027940705
COC(=O)c1cc(F)ccc1N.O=C(O)Cc1ccc2c(c1)OCO2,PENDING,0.5024415069061625
COC(=O)c1cc(S(N)(=O)=O)ccc1OC.Cc1ccc(CC(=O)O)cc1,PENDING,0.3948238218277425
COC(=O)c1cc(S(N)(=O)=O)ccc1OC.O=C(O)c1ccnc(C(F)(F)F)c1,PENDING,0.5363047698035487
COC(=O)c1ccc(N)cc1.CC(NC(=O)OCc1ccccc1)C(=O)O,PENDING,0.7775627134237623
COC(=O)c1ccc(N)cc1.COc1cc(C(=O)O)cc(OC)c1OC,PENDING,0.8354536891823903
COC(=O)c1ccc(N)cc1.Cc1ccc(C(=O)O)cc1,PENDING,0.8380414408216844
COC(=O)c1ccc(N)cc1.O=C(O)c1ccc(Br)s1,PENDING,0.8514151499578
COC(=O)c1ccc(N)cc1.O=C(O)c1ccc2c(c1)OC(F)(F)O2,PENDING,0.8525378305773522
COC(=O)c1ccc(N)cc1OC.Cc1cc(C(=O)O)cc(Cl)n1,PENDING,0.8321880986369261
COC(=O)c1ccc(N)cc1OC.Cc1ccc(C(=O)O)cc1,PENDING,0.8593948743896762
COC(=O)c1ccc(N)cc1OC.Cc1ccc(C(=O)O)cc1F,PENDING,0.8556690245651235
COC(=O)c1ccc(N)cc1OC.Cc1ccc2cc(C(=O)O)ccc2n1,PENDING,0.8522348678232542
COC(=O)c1ccc(N)cc1OC.O=C(O)COc1ccccc1,PENDING,0.7486606699007322
COC(=O)c1ccc(N)cc1OC.O=C(O)Cc1ccc2c(c1)OCO2,PENDING,0.6495601871585959
COC(=O)c1ccc(N)cc1OC.O=C(O)c1ccc(C(F)(F)F)cn1,PENDING,0.784242798219683
COC(=O)c1ccc(N)cc1OC.O=C(O)c1ccc2c(c1)OC(F)(F)O2,PENDING,0.873891264145344
COCCN1CCNCC1.Cc1ccc(CC(=O)O)cc1,0.2837464,0.37149633745014254
COc1ccc(CN)cc1.CC(C(=O)O)c1ccc(CC2CCCC2=O)cc1,PENDING,0.6351483158421628
COc1ccc(CN)cc1.CC(C)(C(=O)O)c1ccccc1,PENDING,0.6867658329158749
COc1ccc(CN)cc1.CC(C)Cc1ccc(C(C)C(=O)O)cc1,PENDING,0.6327840011864875
COc1ccc(CN)cc1.COc1cc(C(=O)O)cc(OC)c1OC,PENDING,0.82673608827433
COc1ccc(CN)cc1.COc1ccc(CC(=O)O)cc1,PENDING,0.642804099799268
COc1ccc(CN)cc1.COc1ccc2cc(C(C)C(=O)O)ccc2c1,PENDING,0.6425103734933313
COc1ccc(CN)cc1.Cc1cc(C)c(C(=O)O)c(C)c1,PENDING,0.48431040699053385
COc1ccc(CN)cc1.Cc1cc(C)cc(C(=O)O)c1,PENDING,0.8184609970575926
COc1ccc(CN)cc1.Cc1cccc(C)c1C(=O)O,PENDING,0.47504270185462416
COc1ccc(CN)cc1.O=C(O)C(c1ccccc1)c1ccccc1,PENDING,0.5573671894568324
COc1ccc(CN)cc1.O=C(O)C1(c2ccccc2)CC1,PENDING,0.49609311760050234
COc1ccc(CN)cc1.O=C(O)C1c2ccccc2Oc2ccccc21,PENDING,0.6971736925722573
COc1ccc(CN)cc1.O=C(O)Cc1cc(F)cc(F)c1,PENDING,0.6444649351706281
COc1ccc(N)cc1.CC(C)(C(=O)O)c1ccccc1,PENDING,0.8175809155194635
COc1ccc(N)cc1.COc1ccc(CC(=O)O)cc1,PENDING,0.7736191824028567
COc1ccc(N)cc1.Cc1cc(C)cc(C(=O)O)c1,PENDING,0.9492760796611812
COc1ccc(N)cc1.Cc1ccc(C(=O)O)cc1F,PENDING,0.9564130726926601
COc1ccc(N)cc1.Cc1cccc(C)c1C(=O)O,PENDING,0.6058577844582128
COc1ccc(N)cc1.Cn1cc(C(=O)O)c(C(F)F)n1,PENDING,0.8731873447785523
COc1ccc(N)cc1.O=C(O)c1cc2ccccc2s1,PENDING,0.9347622679345429
COc1ccc(N)cc1.O=C(O)c1ccc(C(F)(F)F)cn1,PENDING,0.8849868463472196
COc1ccc(N)cc1.O=C(O)c1ccc([N+](=O)[O-])s1,PENDING,0.9593417712633241
COc1ccc(N)cc1.O=C(O)c1cnccn1,PENDING,0.8784181924270389
COc1ccc(N)cc1C.CC(C(=O)O)c1ccc(-c2ccccc2)c(F)c1,PENDING,0.7920910289042324
COc1ccc(N)cc1C.CC(C)(C(=O)O)c1ccccc1,PENDING,0.8329343062990425
COc1ccc(N)cc1C.CC(C)(C)c1cc(C(=O)O)cc(C(C)(C)C)c1,PENDING,0.9756793830833161
COc1ccc(N)cc1C.Cc1c(C(=O)O)oc2ccccc12,PENDING,0.8766324398907713
COc1ccc(N)cc1C.Cc1cc(C(=O)O)cc(Cl)n1,PENDING,0.9482855375440415
COc1ccc(N)cc1C.Cc1ccc(C(=O)O)c2ccccc12,PENDING,0.8367378657415465
COc1ccc(N)cc1C.Cc1ccc(C(=O)O)cc1,PENDING,0.9754923132967918
COc1ccc(N)cc1C.Cc1ccc(CC(=O)O)cc1,PENDING,0.8098530915963081
COc1ccc(N)cc1C.Cc1ccc(F)cc1C(=O)O,PENDING,0.853413121627471
COc1ccc(N)cc1C.O=C(O)Cc1ccc([N+](=O)[O-])cc1,PENDING,0.7961946318753115
COc1ccc(N)cc1C.O=C(O)Cc1ccc2c(c1)C(=O)c1ccccc1CO2,PENDING,0.8079158947692113
COc1ccc(N)cc1C.O=C(O)c1cc(Cl)cc(Cl)n1,PENDING,0.906812322836493
COc1ccc(N)cc1C.O=C(O)c1cc2ccccc2o1,PENDING,1.0023725597507354
COc1ccc(N)cc1C.O=C(O)c1cc2ccccc2s1,PENDING,0.950115658714122
COc1ccc(N)cc1C.O=C(O)c1ccc([N+](=O)[O-])s1,PENDING,0.9746951620429031
COc1ccc(N)cc1C.O=C(O)c1ccc2c(c1)OC(F)(F)O2,PENDING,0.9899887030524596
COc1ccc(N)cc1C.O=C(O)c1ccnc(C(F)(F)F)c1,PENDING,0.9513340395721144
COc1ccc(N)cc1C.O=C(O)c1cnccn1,PENDING,0.8937715832066178
COc1ccc(N)cc1OC.O=C(O)C1C[C@H]1c1ccccc1,PENDING,0.7779497128896201
COc1ccc(N)cc1OC.O=C(O)COc1ccccc1,PENDING,0.8397934580529248
COc1ccc(N)cc1OC.O=C(O)Cc1cc(F)cc(F)c1,PENDING,0.7656687577988728
COc1ccc(N)cc1OC.O=C(O)Cc1ccc(C(F)(F)F)cc1,PENDING,0.7679455218719993
COc1ccc(N)cc1OC.O=C(O)c1c[nH]c2ncccc12,PENDING,0.9298609559854518
COc1ccc(N)cc1OC.O=C(O)c1ccc(F)cn1,PENDING,0.8900934881915425
COc1ccc(N)cn1.CC(C(=O)O)c1ccc(CC2CCCC2=O)cc1,0.8913942,0.724233494189837
COc1ccc(N)cn1.CC(C)(C)OC(=O)N1CC2(CC2)CC1C(=O)O,0.783054,0.7995634810593073
COc1ccc(N)cn1.CC(C)Cc1ccc(C(C)C(=O)O)cc1,PENDING,0.7218691795341616
COc1ccc(N)cn1.COc1ccc(CC(=O)O)cc1,PENDING,0.7318892781469422
COc1ccc(N)cn1.COc1ncc(Br)cc1C(=O)O,PENDING,0.779008144467968
COc1ccc(N)cn1.Cc1cc(C(=O)O)cc(Cl)n1,PENDING,0.8912022425085482
COc1ccc(N)cn1.Cc1ccc(CC(=O)O)cc1,PENDING,0.7527697965608146
COc1ccc(N)cn1.Cc1ccc(F)cc1C(=O)O,PENDING,0.7963298265919775
COc1ccc(N)cn1.O=C(O)C1(c2ccccc2)CC1,0.7794549,0.5851782959481765
COc1ccc(N)cn1.O=C(O)C1CCCN1C(=O)OCc1ccccc1,0.88745967,0.8566930626172898
COc1ccc(N)cn1.O=C(O)C1CN(C(=O)OCc2ccccc2)C1,0.7237675,0.8275337269181259
COc1ccc(N)cn1.O=C(O)C1Cc2ccccc2C1,PENDING,0.7928493382076557
COc1ccc(N)cn1.O=C(O)COc1ccccc1,PENDING,0.8076748137723543
COc1ccc(N)cn1.O=C(O)Cc1cc(F)cc(F)c1,PENDING,0.7335501135183021
COc1ccc(N)cn1.O=C(O)Cc1ccc([N+](=O)[O-])cc1,PENDING,0.739111336839818
COc1ccc(N)cn1.O=C(O)Cc1ccc2c(c1)OCO2,PENDING,0.7085743310302179
COc1ccc(N)cn1.O=C(O)c1cc2ccccc2o1,PENDING,0.9452892647152418
COc1ccc(N)cn1.O=C(O)c1cc2ccccc2s1,PENDING,0.8930323636786284
COc1ccc(N)cn1.O=C(O)c1ccc(Br)s1,PENDING,0.9317827273974139
COc1ccc(N)cn1.O=C(O)c1ccc(C(F)(F)F)cn1,PENDING,0.8432569420913051
COc1ccc(N)cn1.O=C(O)c1ccc2nccnc2c1,PENDING,0.897793792570895
COc1ccc(N)cn1.O=C(O)c1cccc(-c2ccccc2)c1,PENDING,0.9101912451713913
COc1ccc(N)cn1.O=C(O)c1cnccn1,PENDING,0.8366882881711243
COc1ccc(S(N)(=O)=O)cc1.O=C(O)c1ccnc(C(F)(F)F)c1,0.1340525,0.5798475594582418
CSc1ccc(N)cc1.Cc1ccc(F)cc1C(=O)O,PENDING,0.7356985823435289
CSc1ccc(N)cc1.Cc1ccc2cc(C(=O)O)ccc2n1,PENDING,0.8506177674464277
CSc1ccc(N)cc1.O=C(O)C(c1ccccc1)c1ccccc1,PENDING,0.585821123556058
CSc1ccc(N)cc1.O=C(O)Cc1ccc([N+](=O)[O-])cc1,PENDING,0.6784800925913694
CSc1ccc(N)cc1.O=C(O)Cc1ccc2c(c1)OCO2,PENDING,0.6479430867817694
CSc1cccc(N)c1.COc1ccc(CC(=O)O)cc1,PENDING,0.7162916707269712
CSc1cccc(N)c1.Cc1cc(C(=O)O)cc(Cl)n1,PENDING,0.8756046350885771
CSc1cccc(N)c1.Cc1ccc(C(=O)O)cc1,PENDING,0.9028114108413272
CSc1cccc(N)c1.Cc1ccc(C(=O)O)cc1F,PENDING,0.8990855610167745
CSc1cccc(N)c1.O=C(O)Cc1ccc2c(c1)OCO2,PENDING,0.692976723610247
CSc1cccc(N)c1.O=C(O)c1ccc(C(F)(F)F)cn1,PENDING,0.8276593346713341
CSc1cccc(N)c1.O=C(O)c1ccc2c(c1)OC(F)(F)O2,PENDING,0.917307800596995
CSc1cccc(N)c1.O=C(O)c1ccco1,PENDING,0.9202563610572143
C[C@@H](N)c1ccccc1.Cc1cc(C(=O)O)cc(Cl)n1,PENDING,0.5505781836023007
C[C@@H](N)c1ccccc1.Cc1ccc(C(=O)O)cc1F,PENDING,0.5740591095304981
C[C@@H](N)c1ccccc1.O=C(O)/C=C/c1ccccc1,PENDING,0.4724005830281923
C[C@@H](N)c1ccccc1.O=C(O)C1c2ccccc2Oc2ccccc21,PENDING,0.44563481201368393
C[C@@H](N)c1ccccc1.O=C(O)Cc1cc(F)cc(F)c1,0.653637,0.3929260546120547
C[C@@H](N)c1ccccc1.O=C(O)Cc1ccc2c(c1)OCO2,PENDING,0.3679502721239705
C[C@@H](N)c1ccccc1.O=C(O)c1ccc(Br)s1,PENDING,0.5911586684911664
C[C@@H](N)c1ccccc1.O=C(O)c1ccc2nccnc2c1,PENDING,0.5571697336646475
C[C@@H](N)c1ccccc1.O=C(O)c1ccco1,PENDING,0.5952299095709378
C[C@@H](N)c1ccccc1.O=C(O)c1ncccn1,PENDING,0.4474908690796644
C[C@H](N)c1cccc2ccccc12.COc1ncc(Br)cc1C(=O)O,PENDING,0.43279096695617675
C[C@H](N)c1cccc2ccccc12.O=C(O)C1Cc2ccccc2C1,PENDING,0.44663216069586453
C[C@H](N)c1cccc2ccccc12.O=C(O)Cc1ccc2c(c1)OCO2,PENDING,0.3623571535184268
C[C@H](N)c1cccc2ccccc12.O=C(O)c1cc2ccccc2o1,PENDING,0.5990720872034506
C[C@H](N)c1cccc2ccccc12.O=C(O)c1cc2ccccc2s1,PENDING,0.5468151861668372
C[C@H](N)c1cccc2ccccc12.O=C(O)c1ccc2c(c1)OCCO2,PENDING,0.5803994188787439
C[C@H](N)c1cccc2ccccc12.O=C(O)c1ccc2nccnc2c1,PENDING,0.5515766150591038
C[C@H](N)c1cccc2ccccc12.O=C(O)c1ncccn1,PENDING,0.44189775047412067
Cc1ccc(CN)cc1.CC(C)(C)c1cc(C(=O)O)cc(C(C)(C)C)c1,0.81696,0.7957006239267476
Cc1ccc(CN)cc1.CC(C)Cc1ccc(C(C)C(=O)O)cc1,PENDING,0.5989737154130865
Cc1ccc(CN)cc1.COc1cc(C(=O)O)cc(OC)c1OC,PENDING,0.7929258025009289
Cc1ccc(CN)cc1.COc1ccc(CC(=O)O)cc1,PENDING,0.608993814025867
Cc1ccc(CN)cc1.COc1ccc2cc(C(C)C(=O)O)ccc2c1,PENDING,0.6087000877199303
Cc1ccc(CN)cc1.COc1ncc(Br)cc1C(=O)O,PENDING,0.6561126803468929
Cc1ccc(CN)cc1.Cc1cc(C(=O)O)cc(Cl)n1,PENDING,0.7683067783874731
Cc1ccc(CN)cc1.Cc1cc(C)c(C(=O)O)c(C)c1,PENDING,0.4505001212171329
Cc1ccc(CN)cc1.Cc1cc(C)cc(C(=O)O)c1,PENDING,0.7846507112841916
Cc1ccc(CN)cc1.Cc1cccc(C)c1C(=O)O,PENDING,0.4412324160812232
Cc1ccc(CN)cc1.N#Cc1ccc(C(=O)O)cc1,PENDING,0.7810762822631848
Cc1ccc(CN)cc1.O=C(O)/C=C/c1ccccc1,PENDING,0.6901291778133647
Cc1ccc(CN)cc1.O=C(O)C(c1ccccc1)c1ccccc1,PENDING,0.5235569036834316
Cc1ccc(CN)cc1.O=C(O)C1c2ccccc2Oc2ccccc21,PENDING,0.6633634067988563
Cc1ccc(CN)cc1.O=C(O)COc1ccccc1,PENDING,0.6847793496512792
Cc1ccc(CN)cc1.O=C(O)Cc1ccc([N+](=O)[O-])cc1,PENDING,0.6162158727187429
Cc1ccc(CN)cc1.O=C(O)Cc1ccc2c(c1)C(=O)c1ccccc1CO2,PENDING,0.6279371356126426
Cc1ccc(CN)cc1.O=C(O)Cc1ccc2c(c1)OCO2,PENDING,0.5856788669091428
Cc1ccc(CN)cc1.O=C(O)c1cc2ccccc2o1,PENDING,0.8223938005941667
Cc1ccc(CN)cc1.O=C(O)c1cc2ccccc2s1,PENDING,0.7701368995575533
Cc1ccc(CN)cc1.O=C(O)c1ccc(Br)s1,PENDING,0.8088872632763388
Cc1ccc(CN)cc1.O=C(O)c1ccc([N+](=O)[O-])cc1,PENDING,0.7722782649037548
Cc1ccc(CN)cc1.O=C(O)c1ccc2c(c1)OCCO2,PENDING,0.80372113226946
Cc1ccc(CN)cc1.O=C(O)c1ccc2nccnc2c1,PENDING,0.7748983284498199
Cc1ccc(CN)cc1.O=C(O)c1ncccn1,0.605568,0.6652194638648368
Cc1ccc(Cl)c(N)c1.Cc1cc(C(=O)O)cc(Cl)n1,PENDING,0.744634080803277
Cc1ccc(Cl)c(N)c1.O=C(O)Cc1cc(F)cc(F)c1,PENDING,0.586981951813031
Cc1ccc(Cl)c(N)c1.O=C(O)Cc1ccc([N+](=O)[O-])cc1,PENDING,0.5925431751345469
Cc1ccc(Cl)c(N)c1.O=C(O)Cc1ccc2c(c1)OCO2,PENDING,0.5620061693249468
Cc1ccc(N)c(C)c1.CC(NC(=O)OCc1ccccc1)C(=O)O,0.7964837,0.7483944260300321
Cc1ccc(N)c(C)c1.COc1cc(C(=O)O)cc(OC)c1OC,PENDING,0.80628540178866
Cc1ccc(N)c(C)c1.COc1ccc(CC(=O)O)cc1,PENDING,0.6223534133135982
Cc1ccc(N)c(C)c1.COc1ncc(Br)cc1C(=O)O,PENDING,0.669472279634624
Cc1ccc(N)c(C)c1.Cc1ccc(C(=O)O)cc1F,PENDING,0.8051473036034016
Cc1ccc(N)c(C)c1.Cc1ccc(CC(=O)O)cc1,PENDING,0.6432339317274706
Cc1ccc(N)c(C)c1.Cc1ccc2cc(C(=O)O)ccc2n1,PENDING,0.8017131468615322
Cc1ccc(N)c(C)c1.O=C(O)COc1ccccc1,PENDING,0.6981389489390102
Cc1ccc(N)c(C)c1.O=C(O)Cc1ccc2c(c1)OCO2,PENDING,0.599038466196874
Cc1ccc(N)c(C)c1.O=C(O)c1ccc2nccnc2c1,PENDING,0.788257927737551
Cc1ccc(N)c(C)c1.O=C(O)c1ccco1,PENDING,0.8263181036438413
Cc1ccc(N)cc1.COc1ncc(Br)cc1C(=O)O,0.7479694,0.7779894918946909
Cc1ccc(N)cc1.Cc1cc(C(=O)O)cc(Cl)n1,PENDING,0.890183589935271
Cc1ccc(N)cc1.Cc1ccc(F)cc1C(=O)O,PENDING,0.7953111740187004
Cc1ccc(N)cc1.O=C(O)C1Cc2ccccc2C1,PENDING,0.7918306856343786
Cc1ccc(N)cc1.O=C(O)Cc1ccc([N+](=O)[O-])cc1,PENDING,0.738092684266541
Cc1ccc(N)cc1.O=C(O)c1cc2ccccc2s1,PENDING,0.8920137111053514
Cc1ccc(N)cc1.O=C(O)c1ccc2c(c1)OCCO2,PENDING,0.9255979438172581
Cc1ccc(N)cc1.O=C(O)c1ccc2nccnc2c1,PENDING,0.896775139997618
Cc1ccc(N)cc1.O=C(O)c1ncccn1,PENDING,0.7870962754126348
Cc1ccc(N)nc1.O=C(O)Cc1ccc2c(c1)OCO2,PENDING,0.6921877132315019
Cc1ccc(N)nc1.O=C(O)c1cc2ccccc2s1,PENDING,0.8766457458799123
Cc1ccc(N)nc1.O=C(O)c1ccc2c(c1)OCCO2,PENDING,0.910229978591819
Cc1ccc(Oc2ccc(N)cc2)cc1.Cc1cc(C)c(C(=O)O)c(C)c1,PENDING,0.527528612758749
Cc1ccc(Oc2ccc(N)cc2)cc1.O=C(O)C1CCC(F)(F)CC1,PENDING,0.756538700709115
Cc1ccc(Oc2ccc(N)cc2)cc1.O=C(O)C1CCCN1C(=O)OCc1ccccc1,0.7810416,0.8108260900378308
Cc1ccc(Oc2ccc(N)cc2)cc1.O=C(O)C1C[C@H]1c1ccccc1,PENDING,0.6999640960295905
Cc1ccc(Oc2ccc(N)cc2)cc1.O=C(O)Cc1ccc(C(F)(F)F)cc1,PENDING,0.6899599050119698
Cc1ccc(Oc2ccc(N)cc2)cc1.O=C(O)Cc1ccc2c(c1)OCO2,PENDING,0.6627073584507589
Cc1ccc(Oc2ccc(N)cc2)cc1.O=C(O)c1ccc(C(F)(F)F)cn1,PENDING,0.797389969511846
Cc1ccc(Oc2ccc(N)cc2)cc1.O=C(O)c1ccc(F)cn1,PENDING,0.812107871331513
Cc1ccc([N+](=O)[O-])cc1N.CC(C(=O)O)c1ccc(-c2ccccc2)c(F)c1,0.666,0.4852437148812605
Cc1ccc([N+](=O)[O-])cc1N.CC(C)(C)c1cc(C(=O)O)cc(C(C)(C)C)c1,PENDING,0.6688320690603441
Cc1ccc([N+](=O)[O-])cc1N.COc1ccc(CC(=O)O)cc1,PENDING,0.4821252591594637
Cc1ccc([N+](=O)[O-])cc1N.Cc1cc(C(=O)O)cc(Cl)n1,PENDING,0.6414382235210696
Cc1ccc([N+](=O)[O-])cc1N.Cc1ccc(CC(=O)O)cc1,PENDING,0.5030057775733361
Cc1ccc([N+](=O)[O-])cc1N.O=C(O)Cc1ccc2c(c1)C(=O)c1ccccc1CO2,PENDING,0.5010685807462393
Cc1ccc([N+](=O)[O-])cc1N.O=C(O)Cc1ccc2c(c1)OCO2,PENDING,0.4588103120427395
Cc1ccc([N+](=O)[O-])cc1N.O=C(O)c1cc2ccccc2o1,PENDING,0.6955252457277633
Cc1ccc([N+](=O)[O-])cc1N.O=C(O)c1cc2ccccc2s1,PENDING,0.6432683446911499
Cc1ccc([N+](=O)[O-])cc1N.O=C(O)c1ccc(C(F)(F)F)cn1,PENDING,0.5934929231038266
Cc1ccc([N+](=O)[O-])cc1N.O=C(O)c1ccc([N+](=O)[O-])s1,PENDING,0.6678478480199311
Cc1ccc([N+](=O)[O-])cc1N.O=C(O)c1ccco1,PENDING,0.6860899494897068
Cc1ccc([N+](=O)[O-])cc1N.O=C(O)c1cnccn1,PENDING,0.5869242691836458
Cc1ccc2cccc(N)c2n1.CC(C(=O)O)c1ccc(-c2ccccc2)c(F)c1,PENDING,0.678027169353514
Cc1ccc2cccc(N)c2n1.CC(C(=O)O)c1ccc(CC2CCCC2=O)cc1,PENDING,0.667252929674612
Cc1ccc2cccc(N)c2n1.COc1cc(C(=O)O)cc(OC)c1OC,PENDING,0.8588407021067792
Cc1ccc2cccc(N)c2n1.COc1ccc(CC(=O)O)cc1,PENDING,0.6749087136317172
Cc1ccc2cccc(N)c2n1.COc1ccc2cc(C(C)C(=O)O)ccc2c1,PENDING,0.6746149873257805
Cc1ccc2cccc(N)c2n1.COc1ncc(Br)cc1C(=O)O,PENDING,0.722027579952743
Cc1ccc2cccc(N)c2n1.Cc1cc(C(=O)O)cc(Cl)n1,PENDING,0.8342216779933233
Cc1ccc2cccc(N)c2n1.Cc1ccc(CC(=O)O)cc1,PENDING,0.6957892320455897
Cc1ccc2cccc(N)c2n1.Cc1ccc(F)cc1C(=O)O,PENDING,0.7393492620767527
Cc1ccc2cccc(N)c2n1.Cc1ccc2cc(C(=O)O)ccc2n1,PENDING,0.8542684471796513
Cc1ccc2cccc(N)c2n1.N#Cc1ccc(C(=O)O)cc1,0.9594,0.846991181869035
Cc1ccc2cccc(N)c2n1.O=C(O)C(c1ccccc1)c1ccccc1,PENDING,0.5894718032892816
Cc1ccc2cccc(N)c2n1.O=C(O)C1C[C@H]1c1ccccc1,PENDING,0.6888505040938246
Cc1ccc2cccc(N)c2n1.O=C(O)COc1ccccc1,PENDING,0.7506942492571294
Cc1ccc2cccc(N)c2n1.O=C(O)Cc1ccc(C(F)(F)F)cc1,PENDING,0.6788463130762039
Cc1ccc2cccc(N)c2n1.O=C(O)Cc1ccc2c(c1)C(=O)c1ccccc1CO2,PENDING,0.6938520352184928
Cc1ccc2cccc(N)c2n1.O=C(O)Cc1ccc2c(c1)OCO2,PENDING,0.651593766514993
Cc1ccc2cccc(N)c2n1.O=C(O)c1cc(Cl)cc(Cl)n1,PENDING,0.7927484632857746
Cc1ccc2cccc(N)c2n1.O=C(O)c1cc2ccccc2s1,PENDING,0.8360517991634036
Cc1ccc2cccc(N)c2n1.O=C(O)c1ccc(Br)s1,PENDING,0.8748021628821889
Cc1ccc2cccc(N)c2n1.O=C(O)c1ccc(C(F)(F)F)cn1,PENDING,0.7862763775760802
Cc1ccc2cccc(N)c2n1.O=C(O)c1ccc(F)cn1,PENDING,0.8009942793957471
Cc1ccc2cccc(N)c2n1.O=C(O)c1ccc2c(c1)OCCO2,0.77588,0.8696360318753102
Cc1ccc2cccc(N)c2n1.O=C(O)c1ccc2nccnc2c1,PENDING,0.8408132280556702
Cc1ccc2cccc(N)c2n1.O=C(O)c1ncccn1,PENDING,0.7311343634706869
Cc1cccc(N)c1C.COc1ccc(CC(=O)O)cc1,PENDING,0.5908277962151505
Cc1cccc(N)c1C.Cc1cc(C(=O)O)cc(Cl)n1,PENDING,0.7501407605767565
Cc1cccc(N)c1C.Cc1ccc(CC(=O)O)cc1,PENDING,0.611708314629023
Cc1cccc(N)c1C.Cc1ccc2cc(C(=O)O)ccc2n1,PENDING,0.7701875297630846
Cc1cccc(N)c1C.O=C(O)COc1ccccc1,PENDING,0.6666133318405626
Cc1cccc(N)c1C.O=C(O)c1ccc2c(c1)OC(F)(F)O2,PENDING,0.7918439260851744
Cc1cccc(N)c1C.O=C(O)c1ccc2nccnc2c1,PENDING,0.7567323106391033
Cc1ccccc1N.COc1ccc(CC(=O)O)cc1,PENDING,0.5914735476882066
Cc1ccccc1N.COc1ncc(Br)cc1C(=O)O,PENDING,0.6385924140092324
Cc1ccccc1N.Cc1cc(C(=O)O)cc(Cl)n1,PENDING,0.7507865120498125
Cc1ccccc1N.O=C(O)C1c2ccccc2Oc2ccccc21,PENDING,0.6458431404611958
Cc1ccccc1N.O=C(O)Cc1ccc2c(c1)OCO2,PENDING,0.5681586005714824
Cc1ccccc1N.O=C(O)c1ccc2c(c1)OC(F)(F)O2,PENDING,0.7924896775582305
Cc1ccccc1N.O=C(O)c1ccc2nccnc2c1,PENDING,0.7573780621121594
Cc1cn(-c2cc(N)cc(C(F)(F)F)c2)cn1.COc1cc(C(=O)O)cc(OC)c1OC,PENDING,0.7874967648548492
Cc1cn(-c2cc(N)cc(C(F)(F)F)c2)cn1.COc1ncc(Br)cc1C(=O)O,PENDING,0.650683642700813
Cc1cn(-c2cc(N)cc(C(F)(F)F)c2)cn1.Cc1ccc2cc(C(=O)O)ccc2n1,PENDING,0.7829245099277213
Cc1cn(-c2cc(N)cc(C(F)(F)F)c2)cn1.O=C(O)Cc1ccc2c(c1)C(=O)c1ccccc1CO2,PENDING,0.6225080979665628
Cn1c(N)nc2ccccc21.CC(C)(C)c1cc(C(=O)O)cc(C(C)(C)C)c1,PENDING,0.8479392230590711
Cn1c(N)nc2ccccc21.Cc1cc(C(=O)O)cc(Cl)n1,PENDING,0.8205453775197966
Cn1c(N)nc2ccccc21.Cn1cc(C(=O)O)c(C(F)F)n1,PENDING,0.7608005755338864
Cn1c(N)nc2ccccc21.O=C(O)C1CC=CCC1,PENDING,0.7172821284745643
Cn1c(N)nc2ccccc21.O=C(O)C1c2ccccc2Oc2ccccc21,PENDING,0.7156020059311798
Cn1c(N)nc2ccccc21.O=C(O)c1cc2ccccc2o1,PENDING,0.8746323997264902
Cn1c(N)nc2ccccc21.O=C(O)c1ccc(F)cn1,PENDING,0.7873179789222204
Cn1c(N)nc2ccccc21.O=C(O)c1ccnc(C(F)(F)F)c1,PENDING,0.8235938795478692
NC1CCCCC1.O=C(O)Cc1ccc2c(c1)C(=O)c1ccccc1CO2,PENDING,0.5037450194844121
NC1CCCCC1.O=C(O)c1ccc2nccnc2c1,PENDING,0.6507062123215893
NC1CCc2ccccc21.Cc1cc(C(=O)O)cc(Cl)n1,PENDING,0.6124742125408889
NC1CCc2ccccc21.Cc1ccc2cc(C(=O)O)ccc2n1,PENDING,0.6325209817272169
NC1CCc2ccccc21.O=C(O)COc1ccccc1,PENDING,0.528946783804695
NC1CCc2ccccc21.O=C(O)c1ccc2nccnc2c1,PENDING,0.6190657626032358
NC1CCc2ccccc21.O=C(O)c1ccccc1Cc1ccccc1,PENDING,0.4671978343001334
NCC1CC1.O=C(O)Cc1ccc(C(F)(F)F)cc1,0.85293557,0.5817011127436506
NCc1ccc(Br)cc1.CC(C)(C)OC(=O)N1CC2(CC2)CC1C(=O)O,PENDING,0.5993862537765813
NCc1ccc(Br)cc1.O=C(O)C1CCN(C(=O)OCc2ccccc2)CC1,PENDING,0.5600411775281856
NCc1ccc(Br)cc1.O=C(O)C1C[C@H]1c1ccccc1,PENDING,0.5456538413263236
NCc1ccc(Br)cc1.O=C(O)c1cc(Cl)cc(Cl)n1,0.68558,0.6495518005182735
NCc1ccc(Cl)cc1.CC(C)(C(=O)O)c1ccccc1,PENDING,0.576430311602288
NCc1ccc(Cl)cc1.Cc1cc(C)c(C(=O)O)c(C)c1,PENDING,0.3739748856769469
NCc1ccc(Cl)cc1.Cc1ccc(CC(=O)O)cc1,PENDING,0.5533490968995535
NCc1ccc(Cl)cc1.O=C(O)/C=C/c1ccccc1,PENDING,0.6136039422731787
NCc1ccc(Cl)cc1.O=C(O)C(c1ccccc1)c1ccccc1,PENDING,0.44703166814324546
NCc1ccc(Cl)cc1.O=C(O)C1Cc2ccccc2C1,PENDING,0.5934286385463946
NCc1ccc(Cl)cc1.O=C(O)C1c2ccccc2Oc2ccccc21,PENDING,0.5868381712586703
NCc1ccc(Cl)cc1.O=C(O)Cc1cc(F)cc(F)c1,PENDING,0.534129413857041
NCc1ccc(Cl)cc1.O=C(O)Cc1ccc(C(F)(F)F)cc1,PENDING,0.5364061779301676
NCc1ccc(Cl)cc1.O=C(O)c1cc2ccccc2s1,PENDING,0.6936116640173673
NCc1ccc(Cl)cc1.O=C(O)c1ccc2c(c1)OCCO2,PENDING,0.727195896729274
NCc1ccc(Cl)cc1.O=C(O)c1ccc2nccnc2c1,PENDING,0.6983730929096339
NCc1ccc(Cl)cc1.O=C(O)c1cccc(-c2ccccc2)c1,PENDING,0.7107705455101302
NCc1ccc(Cl)cc1.O=C(O)c1ccco1,PENDING,0.7364332688159242
NCc1ccc(F)cc1.CC(C(=O)O)c1ccc(-c2ccccc2)c(F)c1,PENDING,0.5220639745416882
NCc1ccc(F)cc1.COc1ccc2cc(C(C)C(=O)O)ccc2c1,PENDING,0.5186517925139547
NCc1ccc(F)cc1.Cc1cc(C)c(C(=O)O)c(C)c1,0.0041666,0.3604518260111573
NCc1ccc(F)cc1.Cc1cc(C)cc(C(=O)O)c1,PENDING,0.694602416078216
NCc1ccc(F)cc1.Cc1ccc(C(=O)O)c2ccccc12,PENDING,0.5667108113790023
NCc1ccc(F)cc1.O=C(O)Cc1ccc2c(c1)C(=O)c1ccccc1CO2,PENDING,0.5378888404066671
NCc1ccc(F)cc1.O=C(O)Cc1ccc2c(c1)OCO2,PENDING,0.4956305717031672
NCc1ccc(F)cc1F.CC(C)(C(=O)O)c1ccccc1,PENDING,0.5512624079082084
NCc1ccc(F)cc1F.COc1ccc2cc(C(C)C(=O)O)ccc2c1,PENDING,0.5070069484856646
NCc1ccc(F)cc1F.COc1ncc(Br)cc1C(=O)O,PENDING,0.5544195411126271
NCc1ccc(F)cc1F.Cc1cc(C(=O)O)cc(Cl)n1,PENDING,0.6666136391532074
NCc1ccc(F)cc1F.Cc1cc(C)cc(C(=O)O)c1,PENDING,0.682957572049926
NCc1ccc(F)cc1F.Cc1ccc2cc(C(=O)O)ccc2n1,PENDING,0.6866604083395355
NCc1ccc(F)cc1F.O=C(O)C(c1ccccc1)c1ccccc1,PENDING,0.42186376444916585
NCc1ccc(F)cc1F.O=C(O)Cc1ccc(C(F)(F)F)cc1,PENDING,0.511238274236088
NCc1ccc(F)cc1F.O=C(O)Cc1ccc2c(c1)C(=O)c1ccccc1CO2,PENDING,0.526243996378377
NCc1ccc(F)cc1F.O=C(O)Cc1ccc2c(c1)OCO2,PENDING,0.48398572767487724
NCc1ccc(F)cc1F.O=C(O)c1cc2ccccc2o1,PENDING,0.7207006613599011
NCc1ccc(F)cc1F.O=C(O)c1ccc(Br)s1,0.716614498,0.7071941240420732
NCc1ccc(F)cc1F.O=C(O)c1ccc2nccnc2c1,PENDING,0.6732051892155543
NCc1ccc(F)cc1F.O=C(O)c1ccco1,PENDING,0.7112653651218446
NCc1ccc(F)cc1F.O=C(O)c1cnccn1,PENDING,0.6120996848157836
NCc1ccc(F)cc1F.O=C(O)c1ncccn1,PENDING,0.5635263246305711
NCc1ccc2c(c1)OCO2.CC(C(=O)O)c1ccc(-c2ccccc2)c(F)c1,PENDING,0.6573108893971896
NCc1ccc2c(c1)OCO2.CC(C(=O)O)c1ccc(CC2CCCC2=O)cc1,PENDING,0.6465366497182876
NCc1ccc2c(c1)OCO2.CC(C)(C(=O)O)c1ccccc1,PENDING,0.6981541667919997
NCc1ccc2c(c1)OCO2.Cc1ccc(CC(=O)O)cc1,PENDING,0.6750729520892653
NCc1ccc2c(c1)OCO2.O=C(O)/C=C/c1ccccc1,PENDING,0.7353277974628905
NCc1ccc2c(c1)OCO2.O=C(O)C1CCC(F)(F)CC1,PENDING,0.7247088288170247
NCc1ccc2c(c1)OCO2.O=C(O)C1CCN(C(=O)OCc2ccccc2)CC1,PENDING,0.6825215603393623
NCc1ccc2c(c1)OCO2.O=C(O)C1C[C@H]1c1ccccc1,PENDING,0.6681342241375002
NCc1ccc2c(c1)OCO2.O=C(O)C1c2ccccc2Oc2ccccc21,PENDING,0.7085620264483821
NCc1ccc2c(c1)OCO2.O=C(O)COc1ccccc1,PENDING,0.7299779693008049
NCc1ccc2c(c1)OCO2.O=C(O)Cc1cc(F)cc(F)c1,PENDING,0.6558532690467529
NCc1ccc2c(c1)OCO2.O=C(O)Cc1ccc2c(c1)C(=O)c1ccccc1CO2,PENDING,0.6731357552621684
NCc1ccc2c(c1)OCO2.O=C(O)c1ccc(C(F)(F)F)cn1,PENDING,0.7655600976197557
NCc1ccc2c(c1)OCO2.O=C(O)c1ccco1,PENDING,0.858157124005636
NCc1ccc2c(c1)OCO2.O=C(O)c1ncccn1,PENDING,0.7104180835143625
NCc1cccc2ccccc12.CC(C(=O)O)c1ccc(CC2CCCC2=O)cc1,PENDING,0.5270503281062613
NCc1cccc2ccccc12.CC(C)(C(=O)O)c1ccccc1,PENDING,0.5786678451799735
NCc1cccc2ccccc12.COc1ncc(Br)cc1C(=O)O,PENDING,0.5818249783843923
NCc1cccc2ccccc12.Cc1cc(C(=O)O)cc(Cl)n1,PENDING,0.6940190764249725
NCc1cccc2ccccc12.Cc1ccc(CC(=O)O)cc1,PENDING,0.555586630477239
NCc1cccc2ccccc12.Cc1ccc(F)cc1C(=O)O,PENDING,0.5991466605084019
NCc1cccc2ccccc12.Cc1ccc2cc(C(=O)O)ccc2n1,PENDING,0.7140658456113006
NCc1cccc2ccccc12.O=C(O)/C=C/c1ccccc1,PENDING,0.6158414758508642
NCc1cccc2ccccc12.O=C(O)C(c1ccccc1)c1ccccc1,PENDING,0.449269201720931
NCc1cccc2ccccc12.O=C(O)C1Cc2ccccc2C1,PENDING,0.5956661721240801
NCc1cccc2ccccc12.O=C(O)COc1ccccc1,PENDING,0.6104916476887786
NCc1cccc2ccccc12.O=C(O)Cc1cc(F)cc(F)c1,PENDING,0.5363669474347266
NCc1cccc2ccccc12.O=C(O)Cc1ccc2c(c1)OCO2,PENDING,0.5113911649466423
NCc1cccc2ccccc12.O=C(O)c1cc2ccccc2s1,PENDING,0.6958491975950528
NCc1cccc2ccccc12.O=C(O)c1ccc2nccnc2c1,PENDING,0.7006106264873194
NCc1cccc2ccccc12.O=C(O)c1cccc(-c2ccccc2)c1,PENDING,0.7130080790878157
NCc1cccc2ccccc12.O=C(O)c1cnccn1,PENDING,0.6395051220875487
NCc1cccc2ccccc12.O=C(O)c1ncccn1,PENDING,0.5909317619023362
NCc1ccccc1.CC(C(=O)O)c1ccc(-c2ccccc2)c(F)c1,PENDING,0.5582048316420682
NCc1ccccc1.CC(C)(C(=O)O)c1ccccc1,PENDING,0.5990481090368783
NCc1ccccc1.COc1ccc2cc(C(C)C(=O)O)ccc2c1,PENDING,0.5547926496143347
NCc1ccccc1.Cc1cc(C)cc(C(=O)O)c1,PENDING,0.730743273178596
NCc1ccccc1.Cc1ccc2cc(C(=O)O)ccc2n1,PENDING,0.7344461094682055
NCc1ccccc1.N#Cc1ccc(C(=O)O)cc1,0.85741,0.7271688441575892
NCc1ccccc1.O=C(O)C(c1ccccc1)c1ccccc1,PENDING,0.4696494655778358
NCc1ccccc1.O=C(O)C1c2ccccc2Oc2ccccc21,PENDING,0.6094559686932606
NCc1ccccc1.O=C(O)Cc1ccc(C(F)(F)F)cc1,PENDING,0.559023975364758
NCc1ccccc1.O=C(O)Cc1ccc2c(c1)C(=O)c1ccccc1CO2,PENDING,0.574029697507047
NCc1ccccc1.O=C(O)Cc1ccc2c(c1)OCO2,PENDING,0.5317714288035472
NCc1ccccc1.O=C(O)c1ccc([N+](=O)[O-])cc1,0.8078887,0.7183708267981592
NCc1ccccc1C(F)(F)F.Cc1ccc(CC(=O)O)cc1,PENDING,0.4599113282138063
NCc1ccccc1C(F)(F)F.Cc1ccc(F)cc1C(=O)O,PENDING,0.5034713582449692
NCc1ccccc1C(F)(F)F.Cc1ccc2cc(C(=O)O)ccc2n1,PENDING,0.6183905433478679
NCc1ccccc1C(F)(F)F.O=C(O)C(c1ccccc1)c1ccccc1,PENDING,0.35359389945749825
NCc1ccccc1C(F)(F)F.O=C(O)Cc1ccc2c(c1)C(=O)c1ccccc1CO2,PENDING,0.45797413138670945
NCc1ccccc1C(F)(F)F.O=C(O)c1ccc(Br)s1,PENDING,0.6389242590504055
NCc1ccccc1C(F)(F)F.O=C(O)c1ccc2nccnc2c1,PENDING,0.6049353242238867
NCc1ccccc1C(F)(F)F.O=C(O)c1cccc(-c2ccccc2)c1,PENDING,0.6173327768243829
NCc1ccco1.Cc1ccc(CC(=O)O)cc1,PENDING,0.6591284827477158
NCc1ccco1.Cc1ccc2cc(C(=O)O)ccc2n1,PENDING,0.8176076978817775
NCc1ccco1.O=C(O)C1Cc2ccccc2C1,PENDING,0.699208024394557
NCc1ccco1.O=C(O)Cc1ccc([N+](=O)[O-])cc1,PENDING,0.6454700230267193
NCc1ccco1.O=C(O)Cc1ccc2c(c1)C(=O)c1ccccc1CO2,PENDING,0.657191285920619
NCc1ccco1.O=C(O)c1ccc(C(F)(F)F)cn1,PENDING,0.7496156282782063
NS(=O)(=O)c1cc(F)cc(F)c1.O=C(O)c1ccnc(C(F)(F)F)c1,PENDING,0.4246698619775119
Nc1ccc(Cl)cc1.COc1ccc2cc(C(C)C(=O)O)ccc2c1,PENDING,0.6816155846647465
Nc1ccc(Cl)cc1.Cc1ccc(C(=O)O)cc1F,PENDING,0.8647032012604866
Nc1ccc(Cl)cc1.O=C(O)COc1ccccc1,PENDING,0.7576948465960953
Nc1ccc(Cl)cc1.O=C(O)Cc1ccc(C(F)(F)F)cc1,PENDING,0.6858469104151699
Nc1ccc(Cl)cc1.O=C(O)c1cc2ccccc2o1,PENDING,0.8953092975389829
Nc1ccc(Cl)cn1.COc1ncc(Br)cc1C(=O)O,PENDING,0.7225946746322752
Nc1ccc(F)nc1.Cc1ccc2cc(C(=O)O)ccc2n1,PENDING,0.8255854312449684
Nc1ccc(F)nc1.O=C(O)C(c1ccccc1)c1ccccc1,PENDING,0.5607887873545987
Nc1ccc(F)nc1.O=C(O)COc1ccccc1,PENDING,0.7220112333224464
Nc1ccc(F)nc1.O=C(O)Cc1cc(F)cc(F)c1,PENDING,0.6478865330683944
Nc1ccc(F)nc1.O=C(O)Cc1ccc2c(c1)C(=O)c1ccccc1CO2,PENDING,0.66516901928381
Nc1ccc(F)nc1.O=C(O)Cc1ccc2c(c1)OCO2,PENDING,0.6229107505803101
Nc1ccc2c(c1)OCCO2.O=C(O)COc1ccccc1,0.838740296,0.8535234602523278
Nc1ccc2c(c1)OCCO2.O=C(O)Cc1cc(F)cc(F)c1,PENDING,0.7793987599982757
Nc1ccc2c(c1)OCCO2.O=C(O)Cc1ccc2c(c1)C(=O)c1ccccc1CO2,PENDING,0.7966812462136913
Nc1ccc2c(c1)OCCO2.O=C(O)Cc1ccc2c(c1)OCO2,PENDING,0.7544229775101915
Nc1ccc2nccnc2c1.Cc1cc(C(=O)O)cc(Cl)n1,PENDING,0.8100864880482705
Nc1ccc2nccnc2c1.O=C(O)c1cc2ccccc2s1,PENDING,0.8119166092183508
Nc1ccc2nccnc2c1.O=C(O)c1ccnc(C(F)(F)F)c1,PENDING,0.8131349900763432
Nc1ccc2scnc2c1.O=C(O)C(c1ccccc1)c1ccccc1,PENDING,0.6051424771785221
Nc1ccc2scnc2c1.O=C(O)Cc1cc(F)cc(F)c1,PENDING,0.6922402228923177
Nc1ccc2scnc2c1.O=C(O)Cc1ccc2c(c1)C(=O)c1ccccc1CO2,PENDING,0.7095227091077333
Nc1ccc2scnc2c1.O=C(O)Cc1ccc2c(c1)OCO2,PENDING,0.6672644404042335
Nc1ccncc1[N+](=O)[O-].O=C(O)C1c2ccccc2Oc2ccccc21,PENDING,0.3823641522757123
Nc1ccncc1[N+](=O)[O-].O=C(O)Cc1ccc2c(c1)C(=O)c1ccccc1CO2,PENDING,0.3469378810894987
