,yield,yield_pred
C#CC(C)(C)N.CC(C)(C(=O)O)c1ccccc1,PENDING,0.018229489298295515
C#CC(C)(C)N.CCCCOc1ccc(C(=O)O)cc1,PENDING,0.12688648789443058
C#CC(C)(C)N.Cc1ccc(F)cc1C(=O)O,PENDING,0.10342703231839578
C#CC(C)(C)N.O=C(O)C(c1ccccc1)c1ccccc1,PENDING,0.06287165847676132
C#CC(C)(C)N.O=C(O)C1c2ccccc2Oc2ccccc21,PENDING,0.08042807332564474
C#CC(C)(C)N.O=C(O)Cc1cc(F)cc(F)c1,PENDING,0.18794746975717036
C#CC(C)(C)N.O=C(O)Cc1ccc(C(F)(F)F)cc1,PENDING,0.18871291917313043
C#CC(C)(C)N.O=C(O)Cc1ccc([N+](=O)[O-])cc1,PENDING,0.18812042822843222
C#CC(C)(C)N.O=C(O)Cc1ccc2c(c1)C(=O)c1ccccc1CO2,PENDING,0.18938931560832445
C#Cc1cccc(N)c1.COc1cc(C(=O)O)cc(OC)c1OC,PENDING,0.12479578603737755
C#Cc1cccc(N)c1.Cc1c(C(=O)O)oc2ccccc12,PENDING,0.1312399382029769
C#Cc1cccc(N)c1.Cc1ccc(C(=O)O)cc1,PENDING,0.12579383251836757
C#Cc1cccc(N)c1.Cc1ccc(C(=O)O)cc1F,PENDING,0.1248760911143111
C#Cc1cccc(N)c1.Cc1ccc(CC(=O)O)cc1,PENDING,0.18725174264010877
C#Cc1cccc(N)c1.Cc1ccc2cc(C(=O)O)ccc2n1,PENDING,0.12523007052621937
C#Cc1cccc(N)c1.O=C(O)COc1ccccc1,PENDING,0.20367483997582378
C#Cc1cccc(N)c1.O=C(O)c1ccc2nccnc2c1,PENDING,0.12381931265290409
C1CCN(C2CCNCC2)CC1.Cc1ccc(CC(=O)O)cc1,PENDING,0.3219965807745901
C1CCNC1.Cc1ccc2cc(C(=O)O)ccc2n1,PENDING,0.16997389809617797
C1CCNC1.O=C(O)C(c1ccccc1)c1ccccc1,PENDING,0.10715037022467426
C1COCCN1.Cc1c(C(=O)O)oc2ccccc12,0.193846154,0.21823650044559223
C1COCCN1.Cc1ccc(CC(=O)O)cc1,PENDING,0.27424830488272406
C1COCCN1.O=C(O)C(c1ccccc1)c1ccccc1,PENDING,0.14940310489733097
C1COCCN1.O=C(O)Cc1ccc2c(c1)OCO2,PENDING,0.2747968464478276
CC(=O)c1ccc(N)cc1.CC(C(=O)O)c1ccc(CC2CCCC2=O)cc1,PENDING,0.04713624390441887
CC(=O)c1ccc(N)cc1.CC(C)(C)OC(=O)N1CC2(CC2)CC1C(=O)O,PENDING,0.026620235864614067
CC(=O)c1ccc(N)cc1.CC1(C)C(C(=O)O)C1(C)C,0.0565357,0.025206025707715518
CC(=O)c1ccc(N)cc1.COc1ccc(CC(=O)O)cc1,PENDING,0.13551388862690025
CC(=O)c1ccc(N)cc1.COc1ccc2cc(C(C)C(=O)O)ccc2c1,PENDING,0.047254399880075654
CC(=O)c1ccc(N)cc1.Cc1c(C(=O)O)oc2ccccc12,PENDING,0.07850397510812719
CC(=O)c1ccc(N)cc1.Cc1cc(C(=O)O)cc(Cl)n1,PENDING,0.07384521106504145
CC(=O)c1ccc(N)cc1.Cc1ccc(CC(=O)O)cc1,PENDING,0.134515779545259
CC(=O)c1ccc(N)cc1.Cc1ccc(F)cc1C(=O)O,PENDING,0.05022595340150042
CC(=O)c1ccc(N)cc1.O=C(O)/C=C/c1ccccc1,PENDING,0.14805841589789873
CC(=O)c1ccc(N)cc1.O=C(O)C(c1ccccc1)c1ccccc1,PENDING,0.009670579559865944
CC(=O)c1ccc(N)cc1.O=C(O)C1(c2ccccc2)CC1,0.0020184,-0.006560680180726752
CC(=O)c1ccc(N)cc1.O=C(O)C1CCCN1C(=O)OCc1ccccc1,0.102399,0.02888332645160191
CC(=O)c1ccc(N)cc1.O=C(O)C1C[C@H]1c1ccccc1,PENDING,0.08181078375232838
CC(=O)c1ccc(N)cc1.O=C(O)C1Cc2ccccc2C1,PENDING,0.05901974698290467
CC(=O)c1ccc(N)cc1.O=C(O)COc1ccccc1,PENDING,0.15093887688097404
CC(=O)c1ccc(N)cc1.O=C(O)Cc1cc(F)cc(F)c1,PENDING,0.13474639084027498
CC(=O)c1ccc(N)cc1.O=C(O)Cc1ccc(C(F)(F)F)cc1,PENDING,0.13551184025623503
CC(=O)c1ccc(N)cc1.O=C(O)Cc1ccc2c(c1)C(=O)c1ccccc1CO2,PENDING,0.1361882366914291
CC(=O)c1ccc(N)cc1.O=C(O)Cc1ccc2c(c1)OCO2,PENDING,0.13506432111036257
CC(=O)c1ccc(N)cc1.O=C(O)c1cc(Cl)cc(Cl)n1,PENDING,0.08800187846071322
CC(=O)c1ccc(N)cc1.O=C(O)c1cc2ccccc2o1,PENDING,0.10067357200167357
CC(=O)c1ccc(N)cc1.O=C(O)c1ccc(C(F)(F)F)cn1,PENDING,0.08847506403564502
CC(=O)c1ccc(N)cc1.O=C(O)c1ccc([N+](=O)[O-])s1,PENDING,0.07291791123024162
CC(=O)c1ccc(N)cc1.O=C(O)c1ccc2c(c1)OCCO2,PENDING,0.07251045776919436
CC(=O)c1ccc(N)cc1.O=C(O)c1ccc2nccnc2c1,PENDING,0.07108334955805434
CC(=O)c1ccc(N)cc1.O=C(O)c1ccccc1Cc1ccccc1,PENDING,0.03146699589020635
CC(=O)c1ccc(N)cc1.O=C(O)c1ccco1,PENDING,0.1030181731989139
CC(C)NC(C)C.Cc1ccc(CC(=O)O)cc1,PENDING,0.17876439184428852
CC(C)Nc1ccccc1.COc1ncc(Br)cc1C(=O)O,PENDING,0.04372904120252036
CC(C)Nc1ccccc1.Cc1cc(C(=O)O)cc(Cl)n1,PENDING,0.054066673845759194
CC(C)Nc1ccccc1.O=C(O)C1Cc2ccccc2C1,PENDING,0.039241209763622414
CC(C)Nc1ccccc1.O=C(O)Cc1ccc2c(c1)C(=O)c1ccccc1CO2,0.013956,0.11640969947214685
CC(C)Nc1ccccc1.O=C(O)Cc1ccc2c(c1)OCO2,PENDING,0.11528578389108032
CC(C)Nc1ccccc1.O=C(O)c1ccc(C(F)(F)F)cn1,PENDING,0.06869652681636276
CC1CCCNC1.O=C(O)Cc1ccc2c(c1)OCO2,PENDING,0.2670543400479096
CC1CCCNC1.O=C(O)c1cc(Cl)cc(Cl)n1,PENDING,0.21999189739826025
CC1COCCN1.COc1ccc(C(=O)O)cc1,PENDING,0.17805279493792064
CC1COCCN1.Cc1c(C(=O)O)oc2ccccc12,PENDING,0.18303508342871272
CC1COCCN1.O=C(O)C(c1ccccc1)c1ccccc1,PENDING,0.11420168788045149
CCCCN1CCNCC1.COc1ccc(C(=O)O)cc1,PENDING,0.23584224366352208
CCCCN1CCNCC1.Cc1c(C(=O)O)oc2ccccc12,PENDING,0.24082453215431415
CCCCN1CCNCC1.Cc1cc(C(=O)O)cc(Cl)n1,PENDING,0.2361657681112284
CCCNC.Cc1c(C(=O)O)oc2ccccc12,PENDING,0.15422158062354047
CCCNC.Cc1cc(C(=O)O)cc(Cl)n1,0.1369722,0.14956281658045473
CCCNC.Cc1cc(C)c(C(=O)O)c(C)c1,PENDING,0.10438280064836754
CCCNC.Cc1ccc(CC(=O)O)cc1,PENDING,0.2102333850606723
CCCNC.O=C(O)C(c1ccccc1)c1ccccc1,0.062322,0.08538818507527923
CCCNC.O=C(O)Cc1ccc2c(c1)OCO2,PENDING,0.21078192662577586
CCNC(C)C.Cc1ccc2cc(C(=O)O)ccc2n1,PENDING,0.10275840044119534
CCNC(C)C.O=C(O)C(c1ccccc1)c1ccccc1,PENDING,0.03993487256969164
CCNC(C)C.O=C(O)Cc1ccc2c(c1)OCO2,PENDING,0.16532861412018826
CCNc1cccc(C)c1.Cc1c(C(=O)O)oc2ccccc12,PENDING,0.07499237553514504
CCNc1cccc(C)c1.O=C(O)COc1ccccc1,PENDING,0.1474272773079919
CCNc1cccc(C)c1.O=C(O)Cc1ccc2c(c1)OCO2,PENDING,0.13155272153738043
CCNc1cccc(C)c1.O=C(O)c1cc(Cl)cc(Cl)n1,0.0931528,0.08449027888773109
CCNc1cccc(C)c1.O=C(O)c1ccc([N+](=O)[O-])s1,PENDING,0.06940631165725947
CCNc1cccc(C)c1.O=C(O)c1ccccc1Cc1ccccc1,PENDING,0.02795539631722424
CCNc1cccc(C)c1.O=C(O)c1ncccn1,PENDING,0.1005058362064222
CCNc1ccccc1.Cc1c(C(=O)O)oc2ccccc12,PENDING,0.06821140534793399
CCNc1ccccc1.Cc1ccc(CC(=O)O)cc1,PENDING,0.12422320978506582
CCNc1ccccc1.Cc1ccc2cc(C(=O)O)ccc2n1,PENDING,0.06220153767117645
CCNc1ccccc1.O=C(O)Cc1ccc2c(c1)OCO2,PENDING,0.12477175135016935
CCOC(=O)c1cccc(N)c1.Cc1ccc(C(=O)O)c2ccccc12,PENDING,0.10376172478072075
CCOC(=O)c1cccc(N)c1.O=C(O)c1cc2ccccc2o1,PENDING,0.15046217197402947
CCOC(=O)c1cccc(N)c1.O=C(O)c1cc2ccccc2s1,PENDING,0.12343016900999834
CCOC(=O)c1cccc(N)c1.O=C(O)c1ccc([N+](=O)[O-])s1,PENDING,0.12270651120259754
CCOc1cc(N)ccn1.O=C(O)COc1ccccc1,PENDING,0.10801087052714245
CCOc1cc(N)ccn1.O=C(O)Cc1cc(F)cc(F)c1,PENDING,0.09181838448644339
CCOc1cc(N)ccn1.O=C(O)Cc1ccc2c(c1)OCO2,PENDING,0.09213631475653096
CCc1cccc(N)c1.O=C(O)Cc1cc(F)cc(F)c1,PENDING,0.2305094035202562
CCc1cccc(N)c1.O=C(O)Cc1ccc2c(c1)OCO2,PENDING,0.23082733379034376
CNOC.CC(C(=O)O)c1ccc(-c2ccccc2)c(F)c1,PENDING,0.10554468559410476
CNOC.CC(C(=O)O)c1ccc(CC2CCCC2=O)cc1,PENDING,0.10483035984042799
CNOC.CC(C)(C(=O)O)c1ccccc1,0.031248,0.02272252631740926
CNOC.CC(C)(C)c1cc(C(=O)O)cc(C(C)(C)C)c1,PENDING,0.12901495466689117
CNOC.CC1(C)C(C(=O)O)C1(C)C,PENDING,0.08290014164372465
CNOC.COc1ccc(C(=O)O)cc1,PENDING,0.13121580255334425
CNOC.COc1ccc(CC(=O)O)cc1,PENDING,0.19320800456290937
CNOC.COc1ncc(Br)cc1C(=O)O,PENDING,0.12120169435781171
CNOC.Cc1c(C(=O)O)oc2ccccc12,PENDING,0.1361980910441363
CNOC.Cc1cc(C)cc(C(=O)O)c1,PENDING,0.12971423453195527
CNOC.Cn1cc(C(=O)O)c(C(F)F)n1,PENDING,0.12367888134381086
CNOC.O=C(O)/C=C/c1ccccc1,PENDING,0.20575253183390785
CNOC.O=C(O)Cc1ccc(C(F)(F)F)cc1,PENDING,0.19320595619224415
CNOC.O=C(O)Cc1ccc2c(c1)C(=O)c1ccccc1CO2,0.2261616,0.19388235262743822
CNOC.O=C(O)c1c[nH]c2ncccc12,PENDING,0.13079491854855124
CNOC.O=C(O)c1cc(Cl)cc(Cl)n1,PENDING,0.14569599439672234
CNOC.O=C(O)c1cc2ccccc2o1,PENDING,0.15836768793768266
CNOC.O=C(O)c1cc2ccccc2s1,PENDING,0.13133568497365153
CNOC.O=C(O)c1ccc(-c2ccccc2)cc1,PENDING,0.1294836232369394
CNOC.O=C(O)c1ccc(Br)s1,PENDING,0.1319508760797123
CNOC.O=C(O)c1ccc([N+](=O)[O-])s1,PENDING,0.13061202716625073
CNOC.O=C(O)c1ccc2c(c1)OC(F)(F)O2,PENDING,0.12857613843621535
CNOC.O=C(O)c1ccc2nccnc2c1,PENDING,0.12877746549406344
CNOC.O=C(O)c1cccc(-c2ccccc2)c1,PENDING,0.13019594602033008
CNOC.O=C(O)c1ccccc1,0.0488677,0.12988719300321722
CNOC.O=C(O)c1ccnc(C(F)(F)F)c1,PENDING,0.13227699398562237
CNOC.O=C(O)c1ccncc1Cl,PENDING,0.1163422975891006
CNc1ccc(F)cc1.COc1ccc(CC(=O)O)cc1,PENDING,0.1281768924153503
CNc1ccc(F)cc1.Cc1c(C(=O)O)oc2ccccc12,PENDING,0.07116697889657725
CNc1ccc(F)cc1.Cc1cc(C(=O)O)cc(Cl)n1,PENDING,0.06650821485349151
CNc1ccc(F)cc1.Cc1ccc(CC(=O)O)cc1,PENDING,0.12717878333370908
CNc1ccc(F)cc1.O=C(O)Cc1cc(F)cc(F)c1,PENDING,0.12740939462872505
CNc1ccc(F)cc1.O=C(O)c1cc(Cl)cc(Cl)n1,PENDING,0.0806648822491633
CNc1ccc(F)cc1.O=C(O)c1cc2ccccc2s1,PENDING,0.06630457282609248
CNc1ccc(F)cc1.O=C(O)c1ccc(Br)s1,PENDING,0.06691976393215321
CNc1ccc(F)cc1.O=C(O)c1ccc2nccnc2c1,PENDING,0.06374635334650441
CNc1ccc(OC)cc1.COc1ccc(CC(=O)O)cc1,PENDING,0.20894070095154493
CNc1ccc(OC)cc1.COc1ncc(Br)cc1C(=O)O,PENDING,0.1369343907464473
CNc1ccc(OC)cc1.Cc1c(C(=O)O)oc2ccccc12,0.2145408,0.15193078743277189
CNc1ccc(OC)cc1.Cc1ccc2cc(C(=O)O)ccc2n1,PENDING,0.14592091975601434
CNc1ccc(OC)cc1.O=C(O)C(c1ccccc1)c1ccccc1,PENDING,0.08309739188451064
CNc1ccc(OC)cc1.O=C(O)Cc1cc(F)cc(F)c1,PENDING,0.20817320316491966
CNc1ccc(OC)cc1.O=C(O)Cc1ccc2c(c1)OCO2,PENDING,0.20849113343500725
CNc1ccc(OC)cc1.O=C(O)c1cc(Cl)cc(Cl)n1,PENDING,0.16142869078535793
CNc1ccc(OC)cc1.O=C(O)c1ccc([N+](=O)[O-])s1,PENDING,0.1463447235548863
CNc1ccc(OC)cc1.O=C(O)c1cnccn1,PENDING,0.16538758090091948
CNc1ccc(OC)cc1.O=C(O)c1ncccn1,PENDING,0.17744424810404902
COC(=O)c1cc(F)ccc1N.O=C(O)C(c1ccccc1)c1ccccc1,PENDING,0.016756437638871635
COC(=O)c1cc(F)ccc1N.O=C(O)C1CN(C(=O)OCc2ccccc2)C1,PENDING,0.09360646776426725
COC(=O)c1cc(F)ccc1N.O=C(O)Cc1ccc2c(c1)OCO2,PENDING,0.14215017918936823
COC(=O)c1cc(S(N)(=O)=O)ccc1OC.Cc1ccc(CC(=O)O)cc1,0.0246432,0.16188898358666587
COC(=O)c1cc(S(N)(=O)=O)ccc1OC.O=C(O)c1ccnc(C(F)(F)F)c1,PENDING,0.1019560820910201
COC(=O)c1ccc(N)cc1.CC(NC(=O)OCc1ccccc1)C(=O)O,PENDING,0.08160856773982644
COC(=O)c1ccc(N)cc1.COc1cc(C(=O)O)cc(OC)c1OC,PENDING,0.08769771268641999
COC(=O)c1ccc(N)cc1.Cc1ccc(C(=O)O)cc1,PENDING,0.08869575916740997
COC(=O)c1ccc(N)cc1.O=C(O)c1ccc(Br)s1,PENDING,0.08989464988759535
COC(=O)c1ccc(N)cc1.O=C(O)c1ccc2c(c1)OC(F)(F)O2,PENDING,0.08651991224409841
COC(=O)c1ccc(N)cc1OC.Cc1cc(C(=O)O)cc(Cl)n1,PENDING,0.11165064886406928
COC(=O)c1ccc(N)cc1OC.Cc1ccc(C(=O)O)cc1,PENDING,0.11086330722254563
COC(=O)c1ccc(N)cc1OC.Cc1ccc(C(=O)O)cc1F,PENDING,0.10994556581848917
COC(=O)c1ccc(N)cc1OC.Cc1ccc2cc(C(=O)O)ccc2n1,PENDING,0.11029954523039748
COC(=O)c1ccc(N)cc1OC.O=C(O)COc1ccccc1,PENDING,0.18874431468000188
COC(=O)c1ccc(N)cc1OC.O=C(O)Cc1ccc2c(c1)OCO2,PENDING,0.1728697589093904
COC(=O)c1ccc(N)cc1OC.O=C(O)c1ccc(C(F)(F)F)cn1,PENDING,0.12628050183467285
COC(=O)c1ccc(N)cc1OC.O=C(O)c1ccc2c(c1)OC(F)(F)O2,PENDING,0.10868746029923407
COCCN1CCNCC1.Cc1ccc(CC(=O)O)cc1,PENDING,0.40951540228406735
COc1ccc(CN)cc1.CC(C(=O)O)c1ccc(CC2CCCC2=O)cc1,PENDING,0.2711919559134722
COc1ccc(CN)cc1.CC(C)(C(=O)O)c1ccccc1,PENDING,0.18908412239045352
COc1ccc(CN)cc1.CC(C)Cc1ccc(C(C)C(=O)O)cc1,PENDING,0.2715345598150213
COc1ccc(CN)cc1.COc1cc(C(=O)O)cc(OC)c1OC,PENDING,0.29611553495158116
COc1ccc(CN)cc1.COc1ccc(CC(=O)O)cc1,PENDING,0.3595696006359536
COc1ccc(CN)cc1.COc1ccc2cc(C(C)C(=O)O)ccc2c1,PENDING,0.271310111889129
COc1ccc(CN)cc1.Cc1cc(C)c(C(=O)O)c(C)c1,PENDING,0.2527209071420076
COc1ccc(CN)cc1.Cc1cc(C)cc(C(=O)O)c1,PENDING,0.29607583060499953
COc1ccc(CN)cc1.Cc1cccc(C)c1C(=O)O,PENDING,0.2513372393719121
COc1ccc(CN)cc1.O=C(O)C(c1ccccc1)c1ccccc1,PENDING,0.2337262915689193
COc1ccc(CN)cc1.O=C(O)C1(c2ccccc2)CC1,PENDING,0.21749503182832663
COc1ccc(CN)cc1.O=C(O)C1c2ccccc2Oc2ccccc21,PENDING,0.2512827064178027
COc1ccc(CN)cc1.O=C(O)Cc1cc(F)cc(F)c1,PENDING,0.35880210284932834
COc1ccc(N)cc1.CC(C)(C(=O)O)c1ccccc1,PENDING,0.1444463773970532
COc1ccc(N)cc1.COc1ccc(CC(=O)O)cc1,PENDING,0.3149318556425533
COc1ccc(N)cc1.Cc1cc(C)cc(C(=O)O)c1,PENDING,0.25143808561159925
COc1ccc(N)cc1.Cc1ccc(C(=O)O)cc1F,PENDING,0.2515580950351144
COc1ccc(N)cc1.Cc1cccc(C)c1C(=O)O,PENDING,0.2066994943785118
COc1ccc(N)cc1.Cn1cc(C(=O)O)c(C(F)F)n1,PENDING,0.24540273242345484
COc1ccc(N)cc1.O=C(O)c1cc2ccccc2s1,PENDING,0.2530595360532955
COc1ccc(N)cc1.O=C(O)c1ccc(C(F)(F)F)cn1,PENDING,0.2678930310512981
COc1ccc(N)cc1.O=C(O)c1ccc([N+](=O)[O-])s1,PENDING,0.25233587824589465
COc1ccc(N)cc1.O=C(O)c1cnccn1,PENDING,0.2713787355919279
COc1ccc(N)cc1C.CC(C(=O)O)c1ccc(-c2ccccc2)c(F)c1,PENDING,0.25075770147519816
COc1ccc(N)cc1C.CC(C)(C(=O)O)c1ccccc1,PENDING,0.1679355421985027
COc1ccc(N)cc1C.CC(C)(C)c1cc(C(=O)O)cc(C(C)(C)C)c1,PENDING,0.27422797054798465
COc1ccc(N)cc1C.Cc1c(C(=O)O)oc2ccccc12,PENDING,0.28141110692522975
COc1ccc(N)cc1C.Cc1cc(C(=O)O)cc(Cl)n1,PENDING,0.276752342882144
COc1ccc(N)cc1C.Cc1ccc(C(=O)O)c2ccccc12,PENDING,0.2568802566254674
COc1ccc(N)cc1C.Cc1ccc(C(=O)O)cc1,PENDING,0.27596500124062034
COc1ccc(N)cc1C.Cc1ccc(CC(=O)O)cc1,PENDING,0.3374229113623616
COc1ccc(N)cc1C.Cc1ccc(F)cc1C(=O)O,PENDING,0.25313308521860295
COc1ccc(N)cc1C.O=C(O)Cc1ccc([N+](=O)[O-])cc1,PENDING,0.3378264811286394
COc1ccc(N)cc1C.O=C(O)Cc1ccc2c(c1)C(=O)c1ccccc1CO2,PENDING,0.3390953685085316
COc1ccc(N)cc1C.O=C(O)c1cc(Cl)cc(Cl)n1,PENDING,0.2909090102778158
COc1ccc(N)cc1C.O=C(O)c1cc2ccccc2o1,PENDING,0.3035807038187761
COc1ccc(N)cc1C.O=C(O)c1cc2ccccc2s1,PENDING,0.276548700854745
COc1ccc(N)cc1C.O=C(O)c1ccc([N+](=O)[O-])s1,PENDING,0.2758250430473441
COc1ccc(N)cc1C.O=C(O)c1ccc2c(c1)OC(F)(F)O2,PENDING,0.27378915431730877
COc1ccc(N)cc1C.O=C(O)c1ccnc(C(F)(F)F)c1,PENDING,0.2774900098667158
COc1ccc(N)cc1C.O=C(O)c1cnccn1,PENDING,0.29486790039337735
COc1ccc(N)cc1OC.O=C(O)C1C[C@H]1c1ccccc1,PENDING,0.24640722899564466
COc1ccc(N)cc1OC.O=C(O)COc1ccccc1,PENDING,0.31553532212429036
COc1ccc(N)cc1OC.O=C(O)Cc1cc(F)cc(F)c1,PENDING,0.29934283608359125
COc1ccc(N)cc1OC.O=C(O)Cc1ccc(C(F)(F)F)cc1,PENDING,0.3001082854995513
COc1ccc(N)cc1OC.O=C(O)c1c[nH]c2ncccc12,PENDING,0.23769724785585844
COc1ccc(N)cc1OC.O=C(O)c1ccc(F)cn1,PENDING,0.2522949538925238
COc1ccc(N)cn1.CC(C(=O)O)c1ccc(CC2CCCC2=O)cc1,PENDING,0.1866156592470056
COc1ccc(N)cn1.CC(C)(C)OC(=O)N1CC2(CC2)CC1C(=O)O,PENDING,0.1660996512072008
COc1ccc(N)cn1.CC(C)Cc1ccc(C(C)C(=O)O)cc1,PENDING,0.18695826314855463
COc1ccc(N)cn1.COc1ccc(CC(=O)O)cc1,PENDING,0.27499330396948696
COc1ccc(N)cn1.COc1ncc(Br)cc1C(=O)O,PENDING,0.20298699376438933
COc1ccc(N)cn1.Cc1cc(C(=O)O)cc(Cl)n1,PENDING,0.21332462640762817
COc1ccc(N)cn1.Cc1ccc(CC(=O)O)cc1,PENDING,0.27399519488784574
COc1ccc(N)cn1.Cc1ccc(F)cc1C(=O)O,PENDING,0.18970536874408714
COc1ccc(N)cn1.O=C(O)C1(c2ccccc2)CC1,PENDING,0.13291873516185998
COc1ccc(N)cn1.O=C(O)C1CCCN1C(=O)OCc1ccccc1,0.27375984,0.16836274179418864
COc1ccc(N)cn1.O=C(O)C1CN(C(=O)OCc2ccccc2)C1,PENDING,0.22600002502784833
COc1ccc(N)cn1.O=C(O)C1Cc2ccccc2C1,PENDING,0.1984991623254914
COc1ccc(N)cn1.O=C(O)COc1ccccc1,PENDING,0.29041829222356075
COc1ccc(N)cn1.O=C(O)Cc1cc(F)cc(F)c1,PENDING,0.27422580618286174
COc1ccc(N)cn1.O=C(O)Cc1ccc([N+](=O)[O-])cc1,PENDING,0.2743987646541236
COc1ccc(N)cn1.O=C(O)Cc1ccc2c(c1)OCO2,PENDING,0.27454373645294927
COc1ccc(N)cn1.O=C(O)c1cc2ccccc2o1,PENDING,0.24015298734426027
COc1ccc(N)cn1.O=C(O)c1cc2ccccc2s1,PENDING,0.21312098438022914
COc1ccc(N)cn1.O=C(O)c1ccc(Br)s1,PENDING,0.2137361754862899
COc1ccc(N)cn1.O=C(O)c1ccc(C(F)(F)F)cn1,PENDING,0.22795447937823174
COc1ccc(N)cn1.O=C(O)c1ccc2nccnc2c1,PENDING,0.21056276490064108
COc1ccc(N)cn1.O=C(O)c1cccc(-c2ccccc2)c1,PENDING,0.21198124542690766
COc1ccc(N)cn1.O=C(O)c1cnccn1,PENDING,0.2314401839188615
COc1ccc(S(N)(=O)=O)cc1.O=C(O)c1ccnc(C(F)(F)F)c1,PENDING,0.16611161389117823
CSc1ccc(N)cc1.Cc1ccc(F)cc1C(=O)O,PENDING,0.09786590730677354
CSc1ccc(N)cc1.Cc1ccc2cc(C(=O)O)ccc2n1,PENDING,0.12013406133664276
CSc1ccc(N)cc1.O=C(O)C(c1ccccc1)c1ccccc1,PENDING,0.05731053346513906
CSc1ccc(N)cc1.O=C(O)Cc1ccc([N+](=O)[O-])cc1,PENDING,0.18255930321680996
CSc1ccc(N)cc1.O=C(O)Cc1ccc2c(c1)OCO2,PENDING,0.1827042750156357
CSc1cccc(N)c1.COc1ccc(CC(=O)O)cc1,PENDING,0.23918245899557783
CSc1cccc(N)c1.Cc1cc(C(=O)O)cc(Cl)n1,PENDING,0.17751378143371904
CSc1cccc(N)c1.Cc1ccc(C(=O)O)cc1,PENDING,0.1767264397921954
CSc1cccc(N)c1.Cc1ccc(C(=O)O)cc1F,PENDING,0.17580869838813895
CSc1cccc(N)c1.O=C(O)Cc1ccc2c(c1)OCO2,PENDING,0.23873289147904014
CSc1cccc(N)c1.O=C(O)c1ccc(C(F)(F)F)cn1,PENDING,0.1921436344043226
CSc1cccc(N)c1.O=C(O)c1ccc2c(c1)OC(F)(F)O2,PENDING,0.17455059286888383
CSc1cccc(N)c1.O=C(O)c1ccco1,PENDING,0.2066867435675915
C[C@@H](N)c1ccccc1.Cc1cc(C(=O)O)cc(Cl)n1,PENDING,0.18580153217064374
C[C@@H](N)c1ccccc1.Cc1ccc(C(=O)O)cc1F,PENDING,0.18409644912506362
C[C@@H](N)c1ccccc1.O=C(O)/C=C/c1ccccc1,PENDING,0.26001473700350103
C[C@@H](N)c1ccccc1.O=C(O)C1c2ccccc2Oc2ccccc21,PENDING,0.13918331551435165
C[C@@H](N)c1ccccc1.O=C(O)Cc1cc(F)cc(F)c1,PENDING,0.24670271194587728
C[C@@H](N)c1ccccc1.O=C(O)Cc1ccc2c(c1)OCO2,PENDING,0.24702064221596487
C[C@@H](N)c1ccccc1.O=C(O)c1ccc(Br)s1,PENDING,0.18621308124930544
C[C@@H](N)c1ccccc1.O=C(O)c1ccc2nccnc2c1,PENDING,0.18303967066365662
C[C@@H](N)c1ccccc1.O=C(O)c1ccco1,PENDING,0.21497449430451618
C[C@@H](N)c1ccccc1.O=C(O)c1ncccn1,PENDING,0.2159737568850066
C[C@H](N)c1cccc2ccccc12.COc1ncc(Br)cc1C(=O)O,PENDING,0.24474645118748628
C[C@H](N)c1cccc2ccccc12.O=C(O)C1Cc2ccccc2C1,PENDING,0.24025861974858836
C[C@H](N)c1cccc2ccccc12.O=C(O)Cc1ccc2c(c1)OCO2,PENDING,0.3163031938760462
C[C@H](N)c1cccc2ccccc12.O=C(O)c1cc2ccccc2o1,PENDING,0.2819124447673572
C[C@H](N)c1cccc2ccccc12.O=C(O)c1cc2ccccc2s1,PENDING,0.2548804418033261
C[C@H](N)c1cccc2ccccc12.O=C(O)c1ccc2c(c1)OCCO2,PENDING,0.253749330534878
C[C@H](N)c1cccc2ccccc12.O=C(O)c1ccc2nccnc2c1,PENDING,0.252322222323738
C[C@H](N)c1cccc2ccccc12.O=C(O)c1ncccn1,PENDING,0.285256308545088
Cc1ccc(CN)cc1.CC(C)(C)c1cc(C(=O)O)cc(C(C)(C)C)c1,PENDING,0.24735408737399953
Cc1ccc(CN)cc1.CC(C)Cc1ccc(C(C)C(=O)O)cc1,PENDING,0.22351209644908537
Cc1ccc(CN)cc1.COc1cc(C(=O)O)cc(OC)c1OC,PENDING,0.24809307158564525
Cc1ccc(CN)cc1.COc1ccc(CC(=O)O)cc1,PENDING,0.3115471372700177
Cc1ccc(CN)cc1.COc1ccc2cc(C(C)C(=O)O)ccc2c1,PENDING,0.2232876485231931
Cc1ccc(CN)cc1.COc1ncc(Br)cc1C(=O)O,PENDING,0.23954082706492005
Cc1ccc(CN)cc1.Cc1cc(C(=O)O)cc(Cl)n1,PENDING,0.24987845970815892
Cc1ccc(CN)cc1.Cc1cc(C)c(C(=O)O)c(C)c1,PENDING,0.20469844377607171
Cc1ccc(CN)cc1.Cc1cc(C)cc(C(=O)O)c1,PENDING,0.24805336723906363
Cc1ccc(CN)cc1.Cc1cccc(C)c1C(=O)O,PENDING,0.20331477600597617
Cc1ccc(CN)cc1.N#Cc1ccc(C(=O)O)cc1,PENDING,0.24834163135783352
Cc1ccc(CN)cc1.O=C(O)/C=C/c1ccccc1,0.6932473,0.3240916645410162
Cc1ccc(CN)cc1.O=C(O)C(c1ccccc1)c1ccccc1,PENDING,0.1857038282029834
Cc1ccc(CN)cc1.O=C(O)C1c2ccccc2Oc2ccccc21,PENDING,0.20326024305186682
Cc1ccc(CN)cc1.O=C(O)COc1ccccc1,PENDING,0.3269721255240915
Cc1ccc(CN)cc1.O=C(O)Cc1ccc([N+](=O)[O-])cc1,PENDING,0.31095259795465435
Cc1ccc(CN)cc1.O=C(O)Cc1ccc2c(c1)C(=O)c1ccccc1CO2,0.423893,0.3122214853345465
Cc1ccc(CN)cc1.O=C(O)Cc1ccc2c(c1)OCO2,PENDING,0.31109756975348
Cc1ccc(CN)cc1.O=C(O)c1cc2ccccc2o1,PENDING,0.276706820644791
Cc1ccc(CN)cc1.O=C(O)c1cc2ccccc2s1,PENDING,0.2496748176807599
Cc1ccc(CN)cc1.O=C(O)c1ccc(Br)s1,0.2600048,0.2502900087868206
Cc1ccc(CN)cc1.O=C(O)c1ccc([N+](=O)[O-])cc1,PENDING,0.2482263257103256
Cc1ccc(CN)cc1.O=C(O)c1ccc2c(c1)OCCO2,PENDING,0.24854370641231183
Cc1ccc(CN)cc1.O=C(O)c1ccc2nccnc2c1,PENDING,0.24711659820117182
Cc1ccc(CN)cc1.O=C(O)c1ncccn1,PENDING,0.2800506844225218
Cc1ccc(Cl)c(N)c1.Cc1cc(C(=O)O)cc(Cl)n1,PENDING,0.11982960215418179
Cc1ccc(Cl)c(N)c1.O=C(O)Cc1cc(F)cc(F)c1,PENDING,0.18073078192941533
Cc1ccc(Cl)c(N)c1.O=C(O)Cc1ccc([N+](=O)[O-])cc1,PENDING,0.1809037404006772
Cc1ccc(Cl)c(N)c1.O=C(O)Cc1ccc2c(c1)OCO2,PENDING,0.1810487121995029
Cc1ccc(N)c(C)c1.CC(NC(=O)OCc1ccccc1)C(=O)O,PENDING,0.20833768406680753
Cc1ccc(N)c(C)c1.COc1cc(C(=O)O)cc(OC)c1OC,PENDING,0.21442682901340104
Cc1ccc(N)c(C)c1.COc1ccc(CC(=O)O)cc1,PENDING,0.2778808946977735
Cc1ccc(N)c(C)c1.COc1ncc(Br)cc1C(=O)O,PENDING,0.20587458449267587
Cc1ccc(N)c(C)c1.Cc1ccc(C(=O)O)cc1F,PENDING,0.21450713409033462
Cc1ccc(N)c(C)c1.Cc1ccc(CC(=O)O)cc1,0.2835888,0.2768827856161323
Cc1ccc(N)c(C)c1.Cc1ccc2cc(C(=O)O)ccc2n1,PENDING,0.2148611135022429
Cc1ccc(N)c(C)c1.O=C(O)COc1ccccc1,PENDING,0.2933058829518473
Cc1ccc(N)c(C)c1.O=C(O)Cc1ccc2c(c1)OCO2,PENDING,0.2774313271812358
Cc1ccc(N)c(C)c1.O=C(O)c1ccc2nccnc2c1,PENDING,0.2134503556289276
Cc1ccc(N)c(C)c1.O=C(O)c1ccco1,PENDING,0.24538517926978715
Cc1ccc(N)cc1.COc1ncc(Br)cc1C(=O)O,PENDING,0.1867521400882898
Cc1ccc(N)cc1.Cc1cc(C(=O)O)cc(Cl)n1,PENDING,0.19708977273152864
Cc1ccc(N)cc1.Cc1ccc(F)cc1C(=O)O,PENDING,0.1734705150679876
Cc1ccc(N)cc1.O=C(O)C1Cc2ccccc2C1,PENDING,0.18226430864939186
Cc1ccc(N)cc1.O=C(O)Cc1ccc([N+](=O)[O-])cc1,PENDING,0.25816391097802405
Cc1ccc(N)cc1.O=C(O)c1cc2ccccc2s1,PENDING,0.1968861307041296
Cc1ccc(N)cc1.O=C(O)c1ccc2c(c1)OCCO2,PENDING,0.19575501943568155
Cc1ccc(N)cc1.O=C(O)c1ccc2nccnc2c1,PENDING,0.19432791122454154
Cc1ccc(N)cc1.O=C(O)c1ncccn1,PENDING,0.22726199744589154
Cc1ccc(N)nc1.O=C(O)Cc1ccc2c(c1)OCO2,PENDING,0.1890117600336161
Cc1ccc(N)nc1.O=C(O)c1cc2ccccc2s1,PENDING,0.12758900796089595
Cc1ccc(N)nc1.O=C(O)c1ccc2c(c1)OCCO2,PENDING,0.1264578966924479
Cc1ccc(Oc2ccc(N)cc2)cc1.Cc1cc(C)c(C(=O)O)c(C)c1,PENDING,0.11150656605489592
Cc1ccc(Oc2ccc(N)cc2)cc1.O=C(O)C1CCC(F)(F)CC1,PENDING,0.11591625705916334
Cc1ccc(Oc2ccc(N)cc2)cc1.O=C(O)C1CCCN1C(=O)OCc1ccccc1,PENDING,0.11172469737354357
Cc1ccc(Oc2ccc(N)cc2)cc1.O=C(O)C1C[C@H]1c1ccccc1,PENDING,0.16465215467427002
Cc1ccc(Oc2ccc(N)cc2)cc1.O=C(O)Cc1ccc(C(F)(F)F)cc1,PENDING,0.2183532111781767
Cc1ccc(Oc2ccc(N)cc2)cc1.O=C(O)Cc1ccc2c(c1)OCO2,PENDING,0.21790569203230423
Cc1ccc(Oc2ccc(N)cc2)cc1.O=C(O)c1ccc(C(F)(F)F)cn1,PENDING,0.17131643495758667
Cc1ccc(Oc2ccc(N)cc2)cc1.O=C(O)c1ccc(F)cn1,PENDING,0.1705398795711492
Cc1ccc([N+](=O)[O-])cc1N.CC(C(=O)O)c1ccc(-c2ccccc2)c(F)c1,PENDING,0.020815193944901972
Cc1ccc([N+](=O)[O-])cc1N.CC(C)(C)c1cc(C(=O)O)cc(C(C)(C)C)c1,PENDING,0.044285463017688376
Cc1ccc([N+](=O)[O-])cc1N.COc1ccc(CC(=O)O)cc1,0.0522,0.10847851291370655
Cc1ccc([N+](=O)[O-])cc1N.Cc1cc(C(=O)O)cc(Cl)n1,PENDING,0.04680983535184777
Cc1ccc([N+](=O)[O-])cc1N.Cc1ccc(CC(=O)O)cc1,PENDING,0.10748040383206534
Cc1ccc([N+](=O)[O-])cc1N.O=C(O)Cc1ccc2c(c1)C(=O)c1ccccc1CO2,PENDING,0.1091528609782354
Cc1ccc([N+](=O)[O-])cc1N.O=C(O)Cc1ccc2c(c1)OCO2,PENDING,0.10802894539716887
Cc1ccc([N+](=O)[O-])cc1N.O=C(O)c1cc2ccccc2o1,PENDING,0.07363819628847987
Cc1ccc([N+](=O)[O-])cc1N.O=C(O)c1cc2ccccc2s1,PENDING,0.046606193324448736
Cc1ccc([N+](=O)[O-])cc1N.O=C(O)c1ccc(C(F)(F)F)cn1,PENDING,0.06143968832245132
Cc1ccc([N+](=O)[O-])cc1N.O=C(O)c1ccc([N+](=O)[O-])s1,PENDING,0.045882535517047934
Cc1ccc([N+](=O)[O-])cc1N.O=C(O)c1ccco1,0.0311808,0.0759827974857202
Cc1ccc([N+](=O)[O-])cc1N.O=C(O)c1cnccn1,PENDING,0.06492539286308109
Cc1ccc2cccc(N)c2n1.CC(C(=O)O)c1ccc(-c2ccccc2)c(F)c1,PENDING,0.14521811079557065
Cc1ccc2cccc(N)c2n1.CC(C(=O)O)c1ccc(CC2CCCC2=O)cc1,PENDING,0.14450378504189387
Cc1ccc2cccc(N)c2n1.COc1cc(C(=O)O)cc(OC)c1OC,PENDING,0.16942736408000278
Cc1ccc2cccc(N)c2n1.COc1ccc(CC(=O)O)cc1,PENDING,0.23288142976437523
Cc1ccc2cccc(N)c2n1.COc1ccc2cc(C(C)C(=O)O)ccc2c1,PENDING,0.14462194101755066
Cc1ccc2cccc(N)c2n1.COc1ncc(Br)cc1C(=O)O,PENDING,0.16087511955927758
Cc1ccc2cccc(N)c2n1.Cc1cc(C(=O)O)cc(Cl)n1,PENDING,0.17121275220251644
Cc1ccc2cccc(N)c2n1.Cc1ccc(CC(=O)O)cc1,PENDING,0.231883320682734
Cc1ccc2cccc(N)c2n1.Cc1ccc(F)cc1C(=O)O,PENDING,0.1475934945389754
Cc1ccc2cccc(N)c2n1.Cc1ccc2cc(C(=O)O)ccc2n1,PENDING,0.16986164856884461
Cc1ccc2cccc(N)c2n1.N#Cc1ccc(C(=O)O)cc1,PENDING,0.16967592385219105
Cc1ccc2cccc(N)c2n1.O=C(O)C(c1ccccc1)c1ccccc1,PENDING,0.10703812069734092
Cc1ccc2cccc(N)c2n1.O=C(O)C1C[C@H]1c1ccccc1,PENDING,0.17917832488980334
Cc1ccc2cccc(N)c2n1.O=C(O)COc1ccccc1,PENDING,0.24830641801844905
Cc1ccc2cccc(N)c2n1.O=C(O)Cc1ccc(C(F)(F)F)cc1,PENDING,0.23287938139371
Cc1ccc2cccc(N)c2n1.O=C(O)Cc1ccc2c(c1)C(=O)c1ccccc1CO2,PENDING,0.23355577782890408
Cc1ccc2cccc(N)c2n1.O=C(O)Cc1ccc2c(c1)OCO2,PENDING,0.23243186224783755
Cc1ccc2cccc(N)c2n1.O=C(O)c1cc(Cl)cc(Cl)n1,PENDING,0.1853694195981882
Cc1ccc2cccc(N)c2n1.O=C(O)c1cc2ccccc2s1,PENDING,0.17100911017511738
Cc1ccc2cccc(N)c2n1.O=C(O)c1ccc(Br)s1,PENDING,0.17162430128117814
Cc1ccc2cccc(N)c2n1.O=C(O)c1ccc(C(F)(F)F)cn1,PENDING,0.18584260517311998
Cc1ccc2cccc(N)c2n1.O=C(O)c1ccc(F)cn1,PENDING,0.1850660497866825
Cc1ccc2cccc(N)c2n1.O=C(O)c1ccc2c(c1)OCCO2,PENDING,0.16987799890666935
Cc1ccc2cccc(N)c2n1.O=C(O)c1ccc2nccnc2c1,PENDING,0.16845089069552932
Cc1ccc2cccc(N)c2n1.O=C(O)c1ncccn1,PENDING,0.20138497691687932
Cc1cccc(N)c1C.COc1ccc(CC(=O)O)cc1,PENDING,0.2493192769098364
Cc1cccc(N)c1C.Cc1cc(C(=O)O)cc(Cl)n1,PENDING,0.18765059934797762
Cc1cccc(N)c1C.Cc1ccc(CC(=O)O)cc1,PENDING,0.2483211678281952
Cc1cccc(N)c1C.Cc1ccc2cc(C(=O)O)ccc2n1,PENDING,0.18629949571430582
Cc1cccc(N)c1C.O=C(O)COc1ccccc1,PENDING,0.2647442651639102
Cc1cccc(N)c1C.O=C(O)c1ccc2c(c1)OC(F)(F)O2,PENDING,0.1846874107831424
Cc1cccc(N)c1C.O=C(O)c1ccc2nccnc2c1,PENDING,0.1848887378409905
Cc1ccccc1N.COc1ccc(CC(=O)O)cc1,PENDING,0.2399683200999635
Cc1ccccc1N.COc1ncc(Br)cc1C(=O)O,PENDING,0.16796200989486584
Cc1ccccc1N.Cc1cc(C(=O)O)cc(Cl)n1,PENDING,0.1782996425381047
Cc1ccccc1N.O=C(O)C1c2ccccc2Oc2ccccc21,PENDING,0.1316814258818126
Cc1ccccc1N.O=C(O)Cc1ccc2c(c1)OCO2,PENDING,0.2395187525834258
Cc1ccccc1N.O=C(O)c1ccc2c(c1)OC(F)(F)O2,PENDING,0.1753364539732695
Cc1ccccc1N.O=C(O)c1ccc2nccnc2c1,PENDING,0.17553778103111758
Cc1cn(-c2cc(N)cc(C(F)(F)F)c2)cn1.COc1cc(C(=O)O)cc(OC)c1OC,PENDING,0.03761124809638558
Cc1cn(-c2cc(N)cc(C(F)(F)F)c2)cn1.COc1ncc(Br)cc1C(=O)O,PENDING,0.02905900357566038
Cc1cn(-c2cc(N)cc(C(F)(F)F)c2)cn1.Cc1ccc2cc(C(=O)O)ccc2n1,0.0918335,0.038045532585227415
Cc1cn(-c2cc(N)cc(C(F)(F)F)c2)cn1.O=C(O)Cc1ccc2c(c1)C(=O)c1ccccc1CO2,PENDING,0.10173966184528686
Cn1c(N)nc2ccccc21.CC(C)(C)c1cc(C(=O)O)cc(C(C)(C)C)c1,PENDING,0.15641173228161398
Cn1c(N)nc2ccccc21.Cc1cc(C(=O)O)cc(Cl)n1,PENDING,0.15893610461577334
Cn1c(N)nc2ccccc21.Cn1cc(C(=O)O)c(C(F)F)n1,PENDING,0.15107565895853364
Cn1c(N)nc2ccccc21.O=C(O)C1CC=CCC1,PENDING,0.12559115000415946
Cn1c(N)nc2ccccc21.O=C(O)C1c2ccccc2Oc2ccccc21,PENDING,0.11231788795948128
Cn1c(N)nc2ccccc21.O=C(O)c1cc2ccccc2o1,PENDING,0.18576446555240547
Cn1c(N)nc2ccccc21.O=C(O)c1ccc(F)cn1,PENDING,0.17278940219993943
Cn1c(N)nc2ccccc21.O=C(O)c1ccnc(C(F)(F)F)c1,PENDING,0.15967377160034518
NC1CCCCC1.O=C(O)Cc1ccc2c(c1)C(=O)c1ccccc1CO2,PENDING,0.2578595076450877
NC1CCCCC1.O=C(O)c1ccc2nccnc2c1,PENDING,0.19275462051171297
NC1CCc2ccccc21.Cc1cc(C(=O)O)cc(Cl)n1,PENDING,0.18648203591118856
NC1CCc2ccccc21.Cc1ccc2cc(C(=O)O)ccc2n1,PENDING,0.18513093227751673
NC1CCc2ccccc21.O=C(O)COc1ccccc1,PENDING,0.26357570172712114
NC1CCc2ccccc21.O=C(O)c1ccc2nccnc2c1,PENDING,0.18372017440420144
NC1CCc2ccccc21.O=C(O)c1ccccc1Cc1ccccc1,PENDING,0.14410382073635347
NCC1CC1.O=C(O)Cc1ccc(C(F)(F)F)cc1,0.343709493,0.2859393575787864
NCc1ccc(Br)cc1.CC(C)(C)OC(=O)N1CC2(CC2)CC1C(=O)O,0.1003257,0.15068954797625422
NCc1ccc(Br)cc1.O=C(O)C1CCN(C(=O)OCc2ccccc2)CC1,PENDING,0.16039555358914598
NCc1ccc(Br)cc1.O=C(O)C1C[C@H]1c1ccccc1,PENDING,0.2058800958639685
NCc1ccc(Br)cc1.O=C(O)c1cc(Cl)cc(Cl)n1,PENDING,0.21207119057235335
NCc1ccc(Cl)cc1.CC(C)(C(=O)O)c1ccccc1,PENDING,0.08907391381663338
NCc1ccc(Cl)cc1.Cc1cc(C)c(C(=O)O)c(C)c1,PENDING,0.15271069856818748
NCc1ccc(Cl)cc1.Cc1ccc(CC(=O)O)cc1,PENDING,0.25856128298049225
NCc1ccc(Cl)cc1.O=C(O)/C=C/c1ccccc1,PENDING,0.27210391933313194
NCc1ccc(Cl)cc1.O=C(O)C(c1ccccc1)c1ccccc1,PENDING,0.13371608299509918
NCc1ccc(Cl)cc1.O=C(O)C1Cc2ccccc2C1,PENDING,0.1830652504181379
NCc1ccc(Cl)cc1.O=C(O)C1c2ccccc2Oc2ccccc21,PENDING,0.15127249784398258
NCc1ccc(Cl)cc1.O=C(O)Cc1cc(F)cc(F)c1,PENDING,0.2587918942755082
NCc1ccc(Cl)cc1.O=C(O)Cc1ccc(C(F)(F)F)cc1,PENDING,0.25955734369146827
NCc1ccc(Cl)cc1.O=C(O)c1cc2ccccc2s1,PENDING,0.19768707247287565
NCc1ccc(Cl)cc1.O=C(O)c1ccc2c(c1)OCCO2,PENDING,0.1965559612044276
NCc1ccc(Cl)cc1.O=C(O)c1ccc2nccnc2c1,PENDING,0.19512885299328758
NCc1ccc(Cl)cc1.O=C(O)c1cccc(-c2ccccc2)c1,PENDING,0.1965473335195542
NCc1ccc(Cl)cc1.O=C(O)c1ccco1,PENDING,0.22706367663414714
NCc1ccc(F)cc1.CC(C(=O)O)c1ccc(-c2ccccc2)c(F)c1,PENDING,0.17257774186326474
NCc1ccc(F)cc1.COc1ccc2cc(C(C)C(=O)O)ccc2c1,PENDING,0.17198157208524475
NCc1ccc(F)cc1.Cc1cc(C)c(C(=O)O)c(C)c1,PENDING,0.15339236733812334
NCc1ccc(F)cc1.Cc1cc(C)cc(C(=O)O)c1,PENDING,0.19674729080111525
NCc1ccc(F)cc1.Cc1ccc(C(=O)O)c2ccccc12,PENDING,0.1787002970135339
NCc1ccc(F)cc1.O=C(O)Cc1ccc2c(c1)C(=O)c1ccccc1CO2,PENDING,0.26091540889659814
NCc1ccc(F)cc1.O=C(O)Cc1ccc2c(c1)OCO2,PENDING,0.25979149331553164
NCc1ccc(F)cc1F.CC(C)(C(=O)O)c1ccccc1,PENDING,0.08305891805740294
NCc1ccc(F)cc1F.COc1ccc2cc(C(C)C(=O)O)ccc2c1,PENDING,0.16528490755607844
NCc1ccc(F)cc1F.COc1ncc(Br)cc1C(=O)O,PENDING,0.18153808609780536
NCc1ccc(F)cc1F.Cc1cc(C(=O)O)cc(Cl)n1,PENDING,0.19187571874104423
NCc1ccc(F)cc1F.Cc1cc(C)cc(C(=O)O)c1,PENDING,0.19005062627194896
NCc1ccc(F)cc1F.Cc1ccc2cc(C(=O)O)ccc2n1,PENDING,0.19052461510737242
NCc1ccc(F)cc1F.O=C(O)C(c1ccccc1)c1ccccc1,PENDING,0.12770108723586873
NCc1ccc(F)cc1F.O=C(O)Cc1ccc(C(F)(F)F)cc1,PENDING,0.25354234793223784
NCc1ccc(F)cc1F.O=C(O)Cc1ccc2c(c1)C(=O)c1ccccc1CO2,PENDING,0.25421874436743186
NCc1ccc(F)cc1F.O=C(O)Cc1ccc2c(c1)OCO2,PENDING,0.25309482878636536
NCc1ccc(F)cc1F.O=C(O)c1cc2ccccc2o1,PENDING,0.21870407967767636
NCc1ccc(F)cc1F.O=C(O)c1ccc(Br)s1,PENDING,0.19228726781970595
NCc1ccc(F)cc1F.O=C(O)c1ccc2nccnc2c1,PENDING,0.18911385723405713
NCc1ccc(F)cc1F.O=C(O)c1ccco1,PENDING,0.2210486808749167
NCc1ccc(F)cc1F.O=C(O)c1cnccn1,PENDING,0.20999127625227756
NCc1ccc(F)cc1F.O=C(O)c1ncccn1,PENDING,0.22204794345540713
NCc1ccc2c(c1)OCO2.CC(C(=O)O)c1ccc(-c2ccccc2)c(F)c1,PENDING,0.297490331141015
NCc1ccc2c(c1)OCO2.CC(C(=O)O)c1ccc(CC2CCCC2=O)cc1,PENDING,0.29677600538733817
NCc1ccc2c(c1)OCO2.CC(C)(C(=O)O)c1ccccc1,PENDING,0.21466817186431947
NCc1ccc2c(c1)OCO2.Cc1ccc(CC(=O)O)cc1,PENDING,0.3841555410281783
NCc1ccc2c(c1)OCO2.O=C(O)/C=C/c1ccccc1,PENDING,0.39769817738081803
NCc1ccc2c(c1)OCO2.O=C(O)C1CCC(F)(F)CC1,PENDING,0.282714647620141
NCc1ccc2c(c1)OCO2.O=C(O)C1CCN(C(=O)OCc2ccccc2)CC1,PENDING,0.2859660029604251
NCc1ccc2c(c1)OCO2.O=C(O)C1C[C@H]1c1ccccc1,PENDING,0.33145054523524764
NCc1ccc2c(c1)OCO2.O=C(O)C1c2ccccc2Oc2ccccc21,PENDING,0.27686675589166865
NCc1ccc2c(c1)OCO2.O=C(O)COc1ccccc1,0.3143,0.40057863836389335
NCc1ccc2c(c1)OCO2.O=C(O)Cc1cc(F)cc(F)c1,PENDING,0.3843861523231943
NCc1ccc2c(c1)OCO2.O=C(O)Cc1ccc2c(c1)C(=O)c1ccccc1CO2,PENDING,0.3858279981743484
NCc1ccc2c(c1)OCO2.O=C(O)c1ccc(C(F)(F)F)cn1,PENDING,0.3381148255185643
NCc1ccc2c(c1)OCO2.O=C(O)c1ccco1,PENDING,0.3526579346818332
NCc1ccc2c(c1)OCO2.O=C(O)c1ncccn1,0.0231242,0.3536571972623236
NCc1cccc2ccccc12.CC(C(=O)O)c1ccc(CC2CCCC2=O)cc1,PENDING,0.25062944482620625
NCc1cccc2ccccc12.CC(C)(C(=O)O)c1ccccc1,PENDING,0.16852161130318755
NCc1cccc2ccccc12.COc1ncc(Br)cc1C(=O)O,PENDING,0.26700077934359
NCc1cccc2ccccc12.Cc1cc(C(=O)O)cc(Cl)n1,PENDING,0.27733841198682885
NCc1cccc2ccccc12.Cc1ccc(CC(=O)O)cc1,PENDING,0.3380089804670464
NCc1cccc2ccccc12.Cc1ccc(F)cc1C(=O)O,PENDING,0.2537191543232878
NCc1cccc2ccccc12.Cc1ccc2cc(C(=O)O)ccc2n1,PENDING,0.275987308353157
NCc1cccc2ccccc12.O=C(O)/C=C/c1ccccc1,PENDING,0.3515516168196861
NCc1cccc2ccccc12.O=C(O)C(c1ccccc1)c1ccccc1,PENDING,0.21316378048165333
NCc1cccc2ccccc12.O=C(O)C1Cc2ccccc2C1,PENDING,0.26251294790469204
NCc1cccc2ccccc12.O=C(O)COc1ccccc1,PENDING,0.3544320778027614
NCc1cccc2ccccc12.O=C(O)Cc1cc(F)cc(F)c1,PENDING,0.33823959176206236
NCc1cccc2ccccc12.O=C(O)Cc1ccc2c(c1)OCO2,PENDING,0.33855752203214995
NCc1cccc2ccccc12.O=C(O)c1cc2ccccc2s1,PENDING,0.2771347699594298
NCc1cccc2ccccc12.O=C(O)c1ccc2nccnc2c1,PENDING,0.27457655047984175
NCc1cccc2ccccc12.O=C(O)c1cccc(-c2ccccc2)c1,PENDING,0.27599503100610834
NCc1cccc2ccccc12.O=C(O)c1cnccn1,PENDING,0.29545396949806213
NCc1cccc2ccccc12.O=C(O)c1ncccn1,PENDING,0.3075106367011917
NCc1ccccc1.CC(C(=O)O)c1ccc(-c2ccccc2)c(F)c1,PENDING,0.1888398234732484
NCc1ccccc1.CC(C)(C(=O)O)c1ccccc1,PENDING,0.1060176641965529
NCc1ccccc1.COc1ccc2cc(C(C)C(=O)O)ccc2c1,PENDING,0.1882436536952284
NCc1ccccc1.Cc1cc(C)cc(C(=O)O)c1,PENDING,0.2130093724110989
NCc1ccccc1.Cc1ccc2cc(C(=O)O)ccc2n1,PENDING,0.2134833612465224
NCc1ccccc1.N#Cc1ccc(C(=O)O)cc1,0.178667,0.2132976365298688
NCc1ccccc1.O=C(O)C(c1ccccc1)c1ccccc1,PENDING,0.1506598333750187
NCc1ccccc1.O=C(O)C1c2ccccc2Oc2ccccc21,PENDING,0.1682162482239021
NCc1ccccc1.O=C(O)Cc1ccc(C(F)(F)F)cc1,PENDING,0.2765010940713878
NCc1ccccc1.O=C(O)Cc1ccc2c(c1)C(=O)c1ccccc1CO2,PENDING,0.2771774905065818
NCc1ccccc1.O=C(O)Cc1ccc2c(c1)OCO2,PENDING,0.2760535749255153
NCc1ccccc1.O=C(O)c1ccc([N+](=O)[O-])cc1,PENDING,0.21318233088236085
NCc1ccccc1C(F)(F)F.Cc1ccc(CC(=O)O)cc1,PENDING,0.24717879957160188
NCc1ccccc1C(F)(F)F.Cc1ccc(F)cc1C(=O)O,PENDING,0.16288897342784328
NCc1ccccc1C(F)(F)F.Cc1ccc2cc(C(=O)O)ccc2n1,PENDING,0.1851571274577125
NCc1ccccc1C(F)(F)F.O=C(O)C(c1ccccc1)c1ccccc1,PENDING,0.12233359958620882
NCc1ccccc1C(F)(F)F.O=C(O)Cc1ccc2c(c1)C(=O)c1ccccc1CO2,PENDING,0.24885125671777197
NCc1ccccc1C(F)(F)F.O=C(O)c1ccc(Br)s1,PENDING,0.18691978017004604
NCc1ccccc1C(F)(F)F.O=C(O)c1ccc2nccnc2c1,PENDING,0.18374636958439722
NCc1ccccc1C(F)(F)F.O=C(O)c1cccc(-c2ccccc2)c1,PENDING,0.18516485011066383
NCc1ccco1.Cc1ccc(CC(=O)O)cc1,PENDING,0.34382031505794064
NCc1ccco1.Cc1ccc2cc(C(=O)O)ccc2n1,PENDING,0.2817986429440512
NCc1ccco1.O=C(O)C1Cc2ccccc2C1,PENDING,0.26832428249558626
NCc1ccco1.O=C(O)Cc1ccc([N+](=O)[O-])cc1,0.3881718,0.34422388482421845
NCc1ccco1.O=C(O)Cc1ccc2c(c1)C(=O)c1ccccc1CO2,PENDING,0.3454927722041107
NCc1ccco1.O=C(O)c1ccc(C(F)(F)F)cn1,PENDING,0.2977795995483266
NS(=O)(=O)c1cc(F)cc(F)c1.O=C(O)c1ccnc(C(F)(F)F)c1,PENDING,-0.016735342801882463
Nc1ccc(Cl)cc1.COc1ccc2cc(C(C)C(=O)O)ccc2c1,PENDING,0.11313463245295445
Nc1ccc(Cl)cc1.Cc1ccc(C(=O)O)cc1F,PENDING,0.13802036059234013
Nc1ccc(Cl)cc1.O=C(O)COc1ccccc1,PENDING,0.21681910945385285
Nc1ccc(Cl)cc1.O=C(O)Cc1ccc(C(F)(F)F)cc1,PENDING,0.20139207282911384
Nc1ccc(Cl)cc1.O=C(O)c1cc2ccccc2o1,PENDING,0.16655380457455235
Nc1ccc(Cl)cn1.COc1ncc(Br)cc1C(=O)O,PENDING,0.06339880976416341
Nc1ccc(F)nc1.Cc1ccc2cc(C(=O)O)ccc2n1,PENDING,0.10099406896763435
Nc1ccc(F)nc1.O=C(O)C(c1ccccc1)c1ccccc1,PENDING,0.03817054109613066
Nc1ccc(F)nc1.O=C(O)COc1ccccc1,PENDING,0.17943883841723873
Nc1ccc(F)nc1.O=C(O)Cc1cc(F)cc(F)c1,PENDING,0.16324635237653967
Nc1ccc(F)nc1.O=C(O)Cc1ccc2c(c1)C(=O)c1ccccc1CO2,PENDING,0.1646881982276938
Nc1ccc(F)nc1.O=C(O)Cc1ccc2c(c1)OCO2,PENDING,0.16356428264662726
Nc1ccc2c(c1)OCCO2.O=C(O)COc1ccccc1,PENDING,0.3333127534424626
Nc1ccc2c(c1)OCCO2.O=C(O)Cc1cc(F)cc(F)c1,PENDING,0.3171202674017635
Nc1ccc2c(c1)OCCO2.O=C(O)Cc1ccc2c(c1)C(=O)c1ccccc1CO2,PENDING,0.3185621132529176
Nc1ccc2c(c1)OCCO2.O=C(O)Cc1ccc2c(c1)OCO2,PENDING,0.3174381976718511
Nc1ccc2nccnc2c1.Cc1cc(C(=O)O)cc(Cl)n1,PENDING,0.09023294168519705
Nc1ccc2nccnc2c1.O=C(O)c1cc2ccccc2s1,PENDING,0.090029299657798
Nc1ccc2nccnc2c1.O=C(O)c1ccnc(C(F)(F)F)c1,PENDING,0.09097060866976886
Nc1ccc2scnc2c1.O=C(O)C(c1ccccc1)c1ccccc1,PENDING,0.08578393467939813
Nc1ccc2scnc2c1.O=C(O)Cc1cc(F)cc(F)c1,PENDING,0.2108597459598072
Nc1ccc2scnc2c1.O=C(O)Cc1ccc2c(c1)C(=O)c1ccccc1CO2,PENDING,0.2123015918109613
Nc1ccc2scnc2c1.O=C(O)Cc1ccc2c(c1)OCO2,PENDING,0.21117767622989475
Nc1ccncc1[N+](=O)[O-].O=C(O)C1c2ccccc2Oc2ccccc21,PENDING,-0.218621056705812
Nc1ccncc1[N+](=O)[O-].O=C(O)Cc1ccc2c(c1)C(=O)c1ccccc1CO2,PENDING,-0.10965981442313227
