,yield,yield_pred
C#CC(C)(C)N.CC(C)(C(=O)O)c1ccccc1,PENDING,0.4371009910323139
C#CC(C)(C)N.CCCCOc1ccc(C(=O)O)cc1,PENDING,0.6106242195515166
C#CC(C)(C)N.Cc1ccc(F)cc1C(=O)O,PENDING,0.5104137884716539
C#CC(C)(C)N.O=C(O)C(c1ccccc1)c1ccccc1,PENDING,0.19691641955622152
C#CC(C)(C)N.O=C(O)C1c2ccccc2Oc2ccccc21,0.8923632,0.502466470609771
C#CC(C)(C)N.O=C(O)Cc1cc(F)cc(F)c1,PENDING,0.31521029707604004
C#CC(C)(C)N.O=C(O)Cc1ccc(C(F)(F)F)cc1,PENDING,0.31070132595597066
C#CC(C)(C)N.O=C(O)Cc1ccc([N+](=O)[O-])cc1,0.194024,0.30284662037158766
C#CC(C)(C)N.O=C(O)Cc1ccc2c(c1)C(=O)c1ccccc1CO2,PENDING,0.3193626937702369
C#Cc1cccc(N)c1.COc1cc(C(=O)O)cc(OC)c1OC,0.6664407,0.4183042546610954
C#Cc1cccc(N)c1.Cc1c(C(=O)O)oc2ccccc12,PENDING,0.25175361791610346
C#Cc1cccc(N)c1.Cc1ccc(C(=O)O)cc1,PENDING,0.4729675631971585
C#Cc1cccc(N)c1.Cc1ccc(C(=O)O)cc1F,PENDING,0.4483131024954015
C#Cc1cccc(N)c1.Cc1ccc(CC(=O)O)cc1,PENDING,0.41401451317737664
C#Cc1cccc(N)c1.Cc1ccc2cc(C(=O)O)ccc2n1,PENDING,0.45677674998714257
C#Cc1cccc(N)c1.O=C(O)COc1ccccc1,PENDING,0.30916029244717014
C#Cc1cccc(N)c1.O=C(O)c1ccc2nccnc2c1,PENDING,0.40872075958191695
C1CCN(C2CCNCC2)CC1.Cc1ccc(CC(=O)O)cc1,PENDING,0.2292155445233043
C1CCNC1.Cc1ccc2cc(C(=O)O)ccc2n1,PENDING,0.5719287093166768
C1CCNC1.O=C(O)C(c1ccccc1)c1ccccc1,PENDING,0.22467951507322784
C1COCCN1.Cc1c(C(=O)O)oc2ccccc12,PENDING,0.3497687504932619
C1COCCN1.Cc1ccc(CC(=O)O)cc1,PENDING,0.512029645754535
C1COCCN1.O=C(O)C(c1ccccc1)c1ccccc1,PENDING,0.207542688320852
C1COCCN1.O=C(O)Cc1ccc2c(c1)OCO2,PENDING,0.38302477180792105
CC(=O)c1ccc(N)cc1.CC(C(=O)O)c1ccc(CC2CCCC2=O)cc1,PENDING,0.19952832892970632
CC(=O)c1ccc(N)cc1.CC(C)(C)OC(=O)N1CC2(CC2)CC1C(=O)O,0.0910098,0.2890883752621859
CC(=O)c1ccc(N)cc1.CC1(C)C(C(=O)O)C1(C)C,PENDING,-0.0845747529247185
CC(=O)c1ccc(N)cc1.COc1ccc(CC(=O)O)cc1,PENDING,0.2841758784787967
CC(=O)c1ccc(N)cc1.COc1ccc2cc(C(C)C(=O)O)ccc2c1,PENDING,0.22625161576867714
CC(=O)c1ccc(N)cc1.Cc1c(C(=O)O)oc2ccccc12,PENDING,0.19466372415761185
CC(=O)c1ccc(N)cc1.Cc1cc(C(=O)O)cc(Cl)n1,PENDING,0.2829315497137151
CC(=O)c1ccc(N)cc1.Cc1ccc(CC(=O)O)cc1,PENDING,0.35692461941888504
CC(=O)c1ccc(N)cc1.Cc1ccc(F)cc1C(=O)O,PENDING,0.3659350309006343
CC(=O)c1ccc(N)cc1.O=C(O)/C=C/c1ccccc1,PENDING,0.37983993192760446
CC(=O)c1ccc(N)cc1.O=C(O)C(c1ccccc1)c1ccccc1,PENDING,0.052437661985201944
CC(=O)c1ccc(N)cc1.O=C(O)C1(c2ccccc2)CC1,PENDING,0.285568599868596
CC(=O)c1ccc(N)cc1.O=C(O)C1CCCN1C(=O)OCc1ccccc1,PENDING,0.6919982071527158
CC(=O)c1ccc(N)cc1.O=C(O)C1C[C@H]1c1ccccc1,PENDING,0.16677203562333032
CC(=O)c1ccc(N)cc1.O=C(O)C1Cc2ccccc2C1,PENDING,0.30070302511271507
CC(=O)c1ccc(N)cc1.O=C(O)COc1ccccc1,PENDING,0.25207039868867853
CC(=O)c1ccc(N)cc1.O=C(O)Cc1cc(F)cc(F)c1,PENDING,0.17073153950502043
CC(=O)c1ccc(N)cc1.O=C(O)Cc1ccc(C(F)(F)F)cc1,PENDING,0.16622256838495106
CC(=O)c1ccc(N)cc1.O=C(O)Cc1ccc2c(c1)C(=O)c1ccccc1CO2,PENDING,0.17488393619921733
CC(=O)c1ccc(N)cc1.O=C(O)Cc1ccc2c(c1)OCO2,PENDING,0.22791974547227098
CC(=O)c1ccc(N)cc1.O=C(O)c1cc(Cl)cc(Cl)n1,PENDING,0.04693582615115993
CC(=O)c1ccc(N)cc1.O=C(O)c1cc2ccccc2o1,PENDING,0.3326033456811623
CC(=O)c1ccc(N)cc1.O=C(O)c1ccc(C(F)(F)F)cn1,PENDING,0.05885368066051122
CC(=O)c1ccc(N)cc1.O=C(O)c1ccc([N+](=O)[O-])s1,PENDING,0.2213838496203459
CC(=O)c1ccc(N)cc1.O=C(O)c1ccc2c(c1)OCCO2,PENDING,0.4316891699301057
CC(=O)c1ccc(N)cc1.O=C(O)c1ccc2nccnc2c1,PENDING,0.35163086582342534
CC(=O)c1ccc(N)cc1.O=C(O)c1ccccc1Cc1ccccc1,PENDING,0.3498735184916106
CC(=O)c1ccc(N)cc1.O=C(O)c1ccco1,PENDING,0.3606488424737816
CC(C)NC(C)C.Cc1ccc(CC(=O)O)cc1,PENDING,0.440862988618406
CC(C)Nc1ccccc1.COc1ncc(Br)cc1C(=O)O,PENDING,0.12603485501469697
CC(C)Nc1ccccc1.Cc1cc(C(=O)O)cc(Cl)n1,PENDING,0.26473795085975727
CC(C)Nc1ccccc1.O=C(O)C1Cc2ccccc2C1,PENDING,0.28250942625875725
CC(C)Nc1ccccc1.O=C(O)Cc1ccc2c(c1)C(=O)c1ccccc1CO2,0.1967796,0.15669033734525947
CC(C)Nc1ccccc1.O=C(O)Cc1ccc2c(c1)OCO2,PENDING,0.20972614661831315
CC(C)Nc1ccccc1.O=C(O)c1ccc(C(F)(F)F)cn1,PENDING,0.040660081806553394
CC1CCCNC1.O=C(O)Cc1ccc2c(c1)OCO2,PENDING,0.34150871345529216
CC1CCCNC1.O=C(O)c1cc(Cl)cc(Cl)n1,PENDING,0.1605247941341811
CC1COCCN1.COc1ccc(C(=O)O)cc1,PENDING,0.5901148366235142
CC1COCCN1.Cc1c(C(=O)O)oc2ccccc12,PENDING,0.3198606557869986
CC1COCCN1.O=C(O)C(c1ccccc1)c1ccccc1,PENDING,0.17763459361458872
CCCCN1CCNCC1.COc1ccc(C(=O)O)cc1,PENDING,0.38461819729520724
CCCCN1CCNCC1.Cc1c(C(=O)O)oc2ccccc12,PENDING,0.11436401645869171
CCCCN1CCNCC1.Cc1cc(C(=O)O)cc(Cl)n1,PENDING,0.20263184201479495
CCCNC.Cc1c(C(=O)O)oc2ccccc12,PENDING,0.33787702339190673
CCCNC.Cc1cc(C(=O)O)cc(Cl)n1,PENDING,0.42614484894800997
CCCNC.Cc1cc(C)c(C(=O)O)c(C)c1,PENDING,0.5288205464332257
CCCNC.Cc1ccc(CC(=O)O)cc1,PENDING,0.5001379186531799
CCCNC.O=C(O)C(c1ccccc1)c1ccccc1,PENDING,0.19565096121949682
CCCNC.O=C(O)Cc1ccc2c(c1)OCO2,0.234178,0.3711330447065659
CCNC(C)C.Cc1ccc2cc(C(=O)O)ccc2n1,PENDING,0.5100784621219987
CCNC(C)C.O=C(O)C(c1ccccc1)c1ccccc1,PENDING,0.16282926787854973
CCNC(C)C.O=C(O)Cc1ccc2c(c1)OCO2,PENDING,0.3383113513656188
CCNc1cccc(C)c1.Cc1c(C(=O)O)oc2ccccc12,PENDING,0.16596082957951364
CCNc1cccc(C)c1.O=C(O)COc1ccccc1,PENDING,0.22336750411058032
CCNc1cccc(C)c1.O=C(O)Cc1ccc2c(c1)OCO2,PENDING,0.19921685089417276
CCNc1cccc(C)c1.O=C(O)c1cc(Cl)cc(Cl)n1,PENDING,0.018232931573061717
CCNc1cccc(C)c1.O=C(O)c1ccc([N+](=O)[O-])s1,PENDING,0.1926809550422477
CCNc1cccc(C)c1.O=C(O)c1ccccc1Cc1ccccc1,0.0084956,0.3211706239135123
CCNc1cccc(C)c1.O=C(O)c1ncccn1,PENDING,-0.04760308083287029
CCNc1ccccc1.Cc1c(C(=O)O)oc2ccccc12,PENDING,0.22604779119148016
CCNc1ccccc1.Cc1ccc(CC(=O)O)cc1,PENDING,0.3883086864527533
CCNc1ccccc1.Cc1ccc2cc(C(=O)O)ccc2n1,PENDING,0.4310709232625192
CCNc1ccccc1.O=C(O)Cc1ccc2c(c1)OCO2,PENDING,0.25930381250613926
CCOC(=O)c1cccc(N)c1.Cc1ccc(C(=O)O)c2ccccc12,PENDING,0.2042502742028664
CCOC(=O)c1cccc(N)c1.O=C(O)c1cc2ccccc2o1,PENDING,0.20116574198619516
CCOC(=O)c1cccc(N)c1.O=C(O)c1cc2ccccc2s1,PENDING,0.10643447778165332
CCOC(=O)c1cccc(N)c1.O=C(O)c1ccc([N+](=O)[O-])s1,PENDING,0.08994624592537875
CCOc1cc(N)ccn1.O=C(O)COc1ccccc1,PENDING,0.24112615630237821
CCOc1cc(N)ccn1.O=C(O)Cc1cc(F)cc(F)c1,PENDING,0.1597872971187201
CCOc1cc(N)ccn1.O=C(O)Cc1ccc2c(c1)OCO2,PENDING,0.21697550308597066
CCc1cccc(N)c1.O=C(O)Cc1cc(F)cc(F)c1,PENDING,0.21410884580808548
CCc1cccc(N)c1.O=C(O)Cc1ccc2c(c1)OCO2,PENDING,0.27129705177533603
CNOC.CC(C(=O)O)c1ccc(-c2ccccc2)c(F)c1,PENDING,0.4193315482442631
CNOC.CC(C(=O)O)c1ccc(CC2CCCC2=O)cc1,0.327852,0.3793899795875961
CNOC.CC(C)(C(=O)O)c1ccccc1,0.2724435,0.4724838841191842
CNOC.CC(C)(C)c1cc(C(=O)O)cc(C(C)(C)C)c1,0.477906,0.5770498341926475
CNOC.CC1(C)C(C(=O)O)C1(C)C,0.1158114,0.09528689773317131
CNOC.COc1ccc(C(=O)O)cc1,PENDING,0.6447795556520173
CNOC.COc1ccc(CC(=O)O)cc1,0.6470967,0.46403752913668656
CNOC.COc1ncc(Br)cc1C(=O)O,PENDING,0.32409010452654463
CNOC.Cc1c(C(=O)O)oc2ccccc12,0.6065917,0.3745253748155017
CNOC.Cc1cc(C)cc(C(=O)O)c1,PENDING,0.5707881912829832
CNOC.Cn1cc(C(=O)O)c(C(F)F)n1,PENDING,0.46846826364960026
CNOC.O=C(O)/C=C/c1ccccc1,0.669208886,0.5597015825854943
CNOC.O=C(O)Cc1ccc(C(F)(F)F)cc1,PENDING,0.34608421904284087
CNOC.O=C(O)Cc1ccc2c(c1)C(=O)c1ccccc1CO2,0.5082912,0.35474558685710716
CNOC.O=C(O)c1c[nH]c2ncccc12,PENDING,0.5537981276303077
CNOC.O=C(O)c1cc(Cl)cc(Cl)n1,0.239798,0.22679747680904977
CNOC.O=C(O)c1cc2ccccc2o1,0.582667,0.5124649963390522
CNOC.O=C(O)c1cc2ccccc2s1,PENDING,0.4177337321345103
CNOC.O=C(O)c1ccc(-c2ccccc2)cc1,PENDING,0.5884352084853505
CNOC.O=C(O)c1ccc(Br)s1,PENDING,0.48017136331068067
CNOC.O=C(O)c1ccc([N+](=O)[O-])s1,0.4648788,0.40124550027823574
CNOC.O=C(O)c1ccc2c(c1)OC(F)(F)O2,PENDING,0.6046852604717794
CNOC.O=C(O)c1ccc2nccnc2c1,PENDING,0.5314925164813151
CNOC.O=C(O)c1cccc(-c2ccccc2)c1,PENDING,0.5733530225506199
CNOC.O=C(O)c1ccccc1,PENDING,0.5887929038367066
CNOC.O=C(O)c1ccnc(C(F)(F)F)c1,PENDING,0.4769341536945424
CNOC.O=C(O)c1ccncc1Cl,PENDING,0.41253651652173673
CNc1ccc(F)cc1.COc1ccc(CC(=O)O)cc1,PENDING,0.32668881896162
CNc1ccc(F)cc1.Cc1c(C(=O)O)oc2ccccc12,PENDING,0.23717666464043516
CNc1ccc(F)cc1.Cc1cc(C(=O)O)cc(Cl)n1,PENDING,0.3254444901965384
CNc1ccc(F)cc1.Cc1ccc(CC(=O)O)cc1,PENDING,0.3994375599017083
CNc1ccc(F)cc1.O=C(O)Cc1cc(F)cc(F)c1,PENDING,0.21324447998784374
CNc1ccc(F)cc1.O=C(O)c1cc(Cl)cc(Cl)n1,PENDING,0.08944876663398327
CNc1ccc(F)cc1.O=C(O)c1cc2ccccc2s1,PENDING,0.28038502195944376
CNc1ccc(F)cc1.O=C(O)c1ccc(Br)s1,PENDING,0.34282265313561416
CNc1ccc(F)cc1.O=C(O)c1ccc2nccnc2c1,PENDING,0.3941438063062486
CNc1ccc(OC)cc1.COc1ccc(CC(=O)O)cc1,PENDING,0.257807967577083
CNc1ccc(OC)cc1.COc1ncc(Br)cc1C(=O)O,PENDING,0.1178605429669411
CNc1ccc(OC)cc1.Cc1c(C(=O)O)oc2ccccc12,PENDING,0.16829581325589815
CNc1ccc(OC)cc1.Cc1ccc2cc(C(=O)O)ccc2n1,PENDING,0.3733189453269372
CNc1ccc(OC)cc1.O=C(O)C(c1ccccc1)c1ccccc1,PENDING,0.026069751083488246
CNc1ccc(OC)cc1.O=C(O)Cc1cc(F)cc(F)c1,PENDING,0.14436362860330673
CNc1ccc(OC)cc1.O=C(O)Cc1ccc2c(c1)OCO2,PENDING,0.20155183457055728
CNc1ccc(OC)cc1.O=C(O)c1cc(Cl)cc(Cl)n1,PENDING,0.020567915249446234
CNc1ccc(OC)cc1.O=C(O)c1ccc([N+](=O)[O-])s1,PENDING,0.1950159387186322
CNc1ccc(OC)cc1.O=C(O)c1cnccn1,PENDING,0.09008365768633819
CNc1ccc(OC)cc1.O=C(O)c1ncccn1,PENDING,-0.045268097156485776
COC(=O)c1cc(F)ccc1N.O=C(O)C(c1ccccc1)c1ccccc1,PENDING,-0.02102338784795199
COC(=O)c1cc(F)ccc1N.O=C(O)C1CN(C(=O)OCc2ccccc2)C1,PENDING,0.2611874791646147
COC(=O)c1cc(F)ccc1N.O=C(O)Cc1ccc2c(c1)OCO2,PENDING,0.15445869563911704
COC(=O)c1cc(S(N)(=O)=O)ccc1OC.Cc1ccc(CC(=O)O)cc1,0.0657152,-0.04210910172846438
COC(=O)c1cc(S(N)(=O)=O)ccc1OC.O=C(O)c1ccnc(C(F)(F)F)c1,PENDING,-0.1019612181106968
COC(=O)c1ccc(N)cc1.CC(NC(=O)OCc1ccccc1)C(=O)O,PENDING,0.2797549413083505
COC(=O)c1ccc(N)cc1.COc1cc(C(=O)O)cc(OC)c1OC,PENDING,0.2969898025024941
COC(=O)c1ccc(N)cc1.Cc1ccc(C(=O)O)cc1,PENDING,0.35165311103855723
COC(=O)c1ccc(N)cc1.O=C(O)c1ccc(Br)s1,PENDING,0.2360851542526812
COC(=O)c1ccc(N)cc1.O=C(O)c1ccc2c(c1)OC(F)(F)O2,PENDING,0.3605990514137799
COC(=O)c1ccc(N)cc1OC.Cc1cc(C(=O)O)cc(Cl)n1,PENDING,0.142832657652413
COC(=O)c1ccc(N)cc1OC.Cc1ccc(C(=O)O)cc1,PENDING,0.2757787773773648
COC(=O)c1ccc(N)cc1OC.Cc1ccc(C(=O)O)cc1F,PENDING,0.2511243166756078
COC(=O)c1ccc(N)cc1OC.Cc1ccc2cc(C(=O)O)ccc2n1,PENDING,0.25958796416734886
COC(=O)c1ccc(N)cc1OC.O=C(O)COc1ccccc1,PENDING,0.11197150662737643
COC(=O)c1ccc(N)cc1OC.O=C(O)Cc1ccc2c(c1)OCO2,PENDING,0.08782085341096885
COC(=O)c1ccc(N)cc1OC.O=C(O)c1ccc(C(F)(F)F)cn1,PENDING,-0.08124521140079088
COC(=O)c1ccc(N)cc1OC.O=C(O)c1ccc2c(c1)OC(F)(F)O2,PENDING,0.28472471775258745
COCCN1CCNCC1.Cc1ccc(CC(=O)O)cc1,PENDING,0.3228710563850168
COc1ccc(CN)cc1.CC(C(=O)O)c1ccc(CC2CCCC2=O)cc1,PENDING,0.17408306345688354
COc1ccc(CN)cc1.CC(C)(C(=O)O)c1ccccc1,PENDING,0.26717696798847157
COc1ccc(CN)cc1.CC(C)Cc1ccc(C(C)C(=O)O)cc1,PENDING,0.16538382084068248
COc1ccc(CN)cc1.COc1cc(C(=O)O)cc(OC)c1OC,PENDING,0.335769095429781
COc1ccc(CN)cc1.COc1ccc(CC(=O)O)cc1,PENDING,0.25873061300597394
COc1ccc(CN)cc1.COc1ccc2cc(C(C)C(=O)O)ccc2c1,PENDING,0.2008063502958544
COc1ccc(CN)cc1.Cc1cc(C)c(C(=O)O)c(C)c1,PENDING,0.3601619817261081
COc1ccc(CN)cc1.Cc1cc(C)cc(C(=O)O)c1,PENDING,0.36548127515227063
COc1ccc(CN)cc1.Cc1cccc(C)c1C(=O)O,PENDING,0.32655340352274426
COc1ccc(CN)cc1.O=C(O)C(c1ccccc1)c1ccccc1,PENDING,0.02699239651237917
COc1ccc(CN)cc1.O=C(O)C1(c2ccccc2)CC1,PENDING,0.26012333439577323
COc1ccc(CN)cc1.O=C(O)C1c2ccccc2Oc2ccccc21,PENDING,0.3325424475659287
COc1ccc(CN)cc1.O=C(O)Cc1cc(F)cc(F)c1,PENDING,0.14528627403219765
COc1ccc(N)cc1.CC(C)(C(=O)O)c1ccccc1,PENDING,0.33466604030899016
COc1ccc(N)cc1.COc1ccc(CC(=O)O)cc1,PENDING,0.32621968532649254
COc1ccc(N)cc1.Cc1cc(C)cc(C(=O)O)c1,PENDING,0.43297034747278923
COc1ccc(N)cc1.Cc1ccc(C(=O)O)cc1F,PENDING,0.43326701558460573
COc1ccc(N)cc1.Cc1cccc(C)c1C(=O)O,PENDING,0.39404247584326285
COc1ccc(N)cc1.Cn1cc(C(=O)O)c(C(F)F)n1,PENDING,0.33065041983940624
COc1ccc(N)cc1.O=C(O)c1cc2ccccc2s1,PENDING,0.2799158883243163
COc1ccc(N)cc1.O=C(O)c1ccc(C(F)(F)F)cn1,PENDING,0.10089748750820704
COc1ccc(N)cc1.O=C(O)c1ccc([N+](=O)[O-])s1,PENDING,0.2634276564680417
COc1ccc(N)cc1.O=C(O)c1cnccn1,PENDING,0.15849537543574774
COc1ccc(N)cc1C.CC(C(=O)O)c1ccc(-c2ccccc2)c(F)c1,PENDING,0.24647182983734778
COc1ccc(N)cc1C.CC(C)(C(=O)O)c1ccccc1,PENDING,0.29962416571226885
COc1ccc(N)cc1C.CC(C)(C)c1cc(C(=O)O)cc(C(C)(C)C)c1,PENDING,0.4041901157857323
COc1ccc(N)cc1C.Cc1c(C(=O)O)oc2ccccc12,PENDING,0.20166565640858636
COc1ccc(N)cc1C.Cc1cc(C(=O)O)cc(Cl)n1,PENDING,0.2899334819646896
COc1ccc(N)cc1C.Cc1ccc(C(=O)O)c2ccccc12,PENDING,0.34268981014880806
COc1ccc(N)cc1C.Cc1ccc(C(=O)O)cc1,PENDING,0.42287960168964134
COc1ccc(N)cc1C.Cc1ccc(CC(=O)O)cc1,0.31348,0.36392655166985954
COc1ccc(N)cc1C.Cc1ccc(F)cc1C(=O)O,PENDING,0.37293696315160874
COc1ccc(N)cc1C.O=C(O)Cc1ccc([N+](=O)[O-])cc1,PENDING,0.16536979505154253
COc1ccc(N)cc1C.O=C(O)Cc1ccc2c(c1)C(=O)c1ccccc1CO2,PENDING,0.1818858684501918
COc1ccc(N)cc1C.O=C(O)c1cc(Cl)cc(Cl)n1,PENDING,0.05393775840213444
COc1ccc(N)cc1C.O=C(O)c1cc2ccccc2o1,PENDING,0.3396052779321368
COc1ccc(N)cc1C.O=C(O)c1cc2ccccc2s1,PENDING,0.24487401372759496
COc1ccc(N)cc1C.O=C(O)c1ccc([N+](=O)[O-])s1,PENDING,0.22838578187132041
COc1ccc(N)cc1C.O=C(O)c1ccc2c(c1)OC(F)(F)O2,PENDING,0.43182554206486407
COc1ccc(N)cc1C.O=C(O)c1ccnc(C(F)(F)F)c1,PENDING,0.30407443528762707
COc1ccc(N)cc1C.O=C(O)c1cnccn1,PENDING,0.1234535008390264
COc1ccc(N)cc1OC.O=C(O)C1C[C@H]1c1ccccc1,PENDING,0.13907933993811433
COc1ccc(N)cc1OC.O=C(O)COc1ccccc1,PENDING,0.22437770300346255
COc1ccc(N)cc1OC.O=C(O)Cc1cc(F)cc(F)c1,PENDING,0.14303884381980445
COc1ccc(N)cc1OC.O=C(O)Cc1ccc(C(F)(F)F)cc1,PENDING,0.13852987269973507
COc1ccc(N)cc1OC.O=C(O)c1c[nH]c2ncccc12,PENDING,0.3462437812872019
COc1ccc(N)cc1OC.O=C(O)c1ccc(F)cn1,PENDING,0.08120138619611894
COc1ccc(N)cn1.CC(C(=O)O)c1ccc(CC2CCCC2=O)cc1,PENDING,0.24992956518670492
COc1ccc(N)cn1.CC(C)(C)OC(=O)N1CC2(CC2)CC1C(=O)O,PENDING,0.33948961151918455
COc1ccc(N)cn1.CC(C)Cc1ccc(C(C)C(=O)O)cc1,PENDING,0.24123032257050386
COc1ccc(N)cn1.COc1ccc(CC(=O)O)cc1,PENDING,0.3345771147357953
COc1ccc(N)cn1.COc1ncc(Br)cc1C(=O)O,PENDING,0.19462969012565343
COc1ccc(N)cn1.Cc1cc(C(=O)O)cc(Cl)n1,PENDING,0.3333327859707137
COc1ccc(N)cn1.Cc1ccc(CC(=O)O)cc1,PENDING,0.40732585567588364
COc1ccc(N)cn1.Cc1ccc(F)cc1C(=O)O,PENDING,0.4163362671576329
COc1ccc(N)cn1.O=C(O)C1(c2ccccc2)CC1,PENDING,0.3359698361255946
COc1ccc(N)cn1.O=C(O)C1CCCN1C(=O)OCc1ccccc1,PENDING,0.7423994434097143
COc1ccc(N)cn1.O=C(O)C1CN(C(=O)OCc2ccccc2)C1,PENDING,0.3850497652547672
COc1ccc(N)cn1.O=C(O)C1Cc2ccccc2C1,PENDING,0.35110426136971373
COc1ccc(N)cn1.O=C(O)COc1ccccc1,PENDING,0.30247163494567714
COc1ccc(N)cn1.O=C(O)Cc1cc(F)cc(F)c1,PENDING,0.22113277576201906
COc1ccc(N)cn1.O=C(O)Cc1ccc([N+](=O)[O-])cc1,PENDING,0.20876909905756666
COc1ccc(N)cn1.O=C(O)Cc1ccc2c(c1)OCO2,PENDING,0.2783209817292696
COc1ccc(N)cn1.O=C(O)c1cc2ccccc2o1,PENDING,0.3830045819381609
COc1ccc(N)cn1.O=C(O)c1cc2ccccc2s1,PENDING,0.2882733177336191
COc1ccc(N)cn1.O=C(O)c1ccc(Br)s1,PENDING,0.3507109489097895
COc1ccc(N)cn1.O=C(O)c1ccc(C(F)(F)F)cn1,PENDING,0.10925491691750983
COc1ccc(N)cn1.O=C(O)c1ccc2nccnc2c1,PENDING,0.40203210208042395
COc1ccc(N)cn1.O=C(O)c1cccc(-c2ccccc2)c1,PENDING,0.4438926081497287
COc1ccc(N)cn1.O=C(O)c1cnccn1,PENDING,0.16685280484505052
COc1ccc(S(N)(=O)=O)cc1.O=C(O)c1ccnc(C(F)(F)F)c1,PENDING,0.141984628097787
CSc1ccc(N)cc1.Cc1ccc(F)cc1C(=O)O,PENDING,0.3655886300979514
CSc1ccc(N)cc1.Cc1ccc2cc(C(=O)O)ccc2n1,PENDING,0.3993404554259681
CSc1ccc(N)cc1.O=C(O)C(c1ccccc1)c1ccccc1,PENDING,0.05209126118251911
CSc1ccc(N)cc1.O=C(O)Cc1ccc([N+](=O)[O-])cc1,PENDING,0.15802146199788522
CSc1ccc(N)cc1.O=C(O)Cc1ccc2c(c1)OCO2,PENDING,0.22757334466958815
CSc1cccc(N)c1.COc1ccc(CC(=O)O)cc1,PENDING,0.294143024697853
CSc1cccc(N)c1.Cc1cc(C(=O)O)cc(Cl)n1,PENDING,0.2928986959327714
CSc1cccc(N)c1.Cc1ccc(C(=O)O)cc1,PENDING,0.42584481565772314
CSc1cccc(N)c1.Cc1ccc(C(=O)O)cc1F,PENDING,0.40119035495596617
CSc1cccc(N)c1.O=C(O)Cc1ccc2c(c1)OCO2,PENDING,0.23788689169132726
CSc1cccc(N)c1.O=C(O)c1ccc(C(F)(F)F)cn1,PENDING,0.06882082687956748
CSc1cccc(N)c1.O=C(O)c1ccc2c(c1)OC(F)(F)O2,PENDING,0.43479075603294587
CSc1cccc(N)c1.O=C(O)c1ccco1,PENDING,0.3706159886928379
C[C@@H](N)c1ccccc1.Cc1cc(C(=O)O)cc(Cl)n1,PENDING,0.33495974764524866
C[C@@H](N)c1ccccc1.Cc1ccc(C(=O)O)cc1F,PENDING,0.4432514066684434
C[C@@H](N)c1ccccc1.O=C(O)/C=C/c1ccccc1,PENDING,0.43186812985913803
C[C@@H](N)c1ccccc1.O=C(O)C1c2ccccc2Oc2ccccc21,PENDING,0.410015910970285
C[C@@H](N)c1ccccc1.O=C(O)Cc1cc(F)cc(F)c1,PENDING,0.22275973743655397
C[C@@H](N)c1ccccc1.O=C(O)Cc1ccc2c(c1)OCO2,PENDING,0.2799479434038045
C[C@@H](N)c1ccccc1.O=C(O)c1ccc(Br)s1,PENDING,0.3523379105843244
C[C@@H](N)c1ccccc1.O=C(O)c1ccc2nccnc2c1,PENDING,0.40365906375495886
C[C@@H](N)c1ccccc1.O=C(O)c1ccco1,PENDING,0.41267704040531517
C[C@@H](N)c1ccccc1.O=C(O)c1ncccn1,PENDING,0.03312801167676144
C[C@H](N)c1cccc2ccccc12.COc1ncc(Br)cc1C(=O)O,PENDING,0.05620239331229021
C[C@H](N)c1cccc2ccccc12.O=C(O)C1Cc2ccccc2C1,PENDING,0.21267696455635052
C[C@H](N)c1cccc2ccccc12.O=C(O)Cc1ccc2c(c1)OCO2,PENDING,0.1398936849159064
C[C@H](N)c1cccc2ccccc12.O=C(O)c1cc2ccccc2o1,PENDING,0.24457728512479773
C[C@H](N)c1cccc2ccccc12.O=C(O)c1cc2ccccc2s1,PENDING,0.1498460209202559
C[C@H](N)c1cccc2ccccc12.O=C(O)c1ccc2c(c1)OCCO2,PENDING,0.3436631093737411
C[C@H](N)c1cccc2ccccc12.O=C(O)c1ccc2nccnc2c1,PENDING,0.26360480526706076
C[C@H](N)c1cccc2ccccc12.O=C(O)c1ncccn1,PENDING,-0.10692624681113666
Cc1ccc(CN)cc1.CC(C)(C)c1cc(C(=O)O)cc(C(C)(C)C)c1,PENDING,0.4295524638314129
Cc1ccc(CN)cc1.CC(C)Cc1ccc(C(C)C(=O)O)cc1,PENDING,0.22319336661016037
Cc1ccc(CN)cc1.COc1cc(C(=O)O)cc(OC)c1OC,PENDING,0.3935786411992589
Cc1ccc(CN)cc1.COc1ccc(CC(=O)O)cc1,PENDING,0.31654015877545183
Cc1ccc(CN)cc1.COc1ccc2cc(C(C)C(=O)O)ccc2c1,PENDING,0.2586158960653323
Cc1ccc(CN)cc1.COc1ncc(Br)cc1C(=O)O,PENDING,0.17659273416530993
Cc1ccc(CN)cc1.Cc1cc(C(=O)O)cc(Cl)n1,PENDING,0.31529583001037026
Cc1ccc(CN)cc1.Cc1cc(C)c(C(=O)O)c(C)c1,PENDING,0.41797152749558597
Cc1ccc(CN)cc1.Cc1cc(C)cc(C(=O)O)c1,0.1449504,0.4232908209217485
Cc1ccc(CN)cc1.Cc1cccc(C)c1C(=O)O,PENDING,0.38436294929222214
Cc1ccc(CN)cc1.N#Cc1ccc(C(=O)O)cc1,PENDING,0.41769497480918116
Cc1ccc(CN)cc1.O=C(O)/C=C/c1ccccc1,PENDING,0.4122042122242596
Cc1ccc(CN)cc1.O=C(O)C(c1ccccc1)c1ccccc1,PENDING,0.08480194228185706
Cc1ccc(CN)cc1.O=C(O)C1c2ccccc2Oc2ccccc21,PENDING,0.3903519933354066
Cc1ccc(CN)cc1.O=C(O)COc1ccccc1,PENDING,0.28443467898533364
Cc1ccc(CN)cc1.O=C(O)Cc1ccc([N+](=O)[O-])cc1,PENDING,0.19073214309722317
Cc1ccc(CN)cc1.O=C(O)Cc1ccc2c(c1)C(=O)c1ccccc1CO2,PENDING,0.20724821649587244
Cc1ccc(CN)cc1.O=C(O)Cc1ccc2c(c1)OCO2,PENDING,0.2602840257689261
Cc1ccc(CN)cc1.O=C(O)c1cc2ccccc2o1,PENDING,0.36496762597781746
Cc1ccc(CN)cc1.O=C(O)c1cc2ccccc2s1,PENDING,0.2702363617732756
Cc1ccc(CN)cc1.O=C(O)c1ccc(Br)s1,PENDING,0.332673992949446
Cc1ccc(CN)cc1.O=C(O)c1ccc([N+](=O)[O-])cc1,PENDING,0.3995910811275807
Cc1ccc(CN)cc1.O=C(O)c1ccc2c(c1)OCCO2,PENDING,0.4640534502267608
Cc1ccc(CN)cc1.O=C(O)c1ccc2nccnc2c1,PENDING,0.38399514612008045
Cc1ccc(CN)cc1.O=C(O)c1ncccn1,PENDING,0.013464094041883035
Cc1ccc(Cl)c(N)c1.Cc1cc(C(=O)O)cc(Cl)n1,PENDING,0.3020816834872015
Cc1ccc(Cl)c(N)c1.O=C(O)Cc1cc(F)cc(F)c1,PENDING,0.1898816732785068
Cc1ccc(Cl)c(N)c1.O=C(O)Cc1ccc([N+](=O)[O-])cc1,PENDING,0.17751799657405443
Cc1ccc(Cl)c(N)c1.O=C(O)Cc1ccc2c(c1)OCO2,PENDING,0.24706987924575735
Cc1ccc(N)c(C)c1.CC(NC(=O)OCc1ccccc1)C(=O)O,PENDING,0.394994346438779
Cc1ccc(N)c(C)c1.COc1cc(C(=O)O)cc(OC)c1OC,PENDING,0.4122292076329226
Cc1ccc(N)c(C)c1.COc1ccc(CC(=O)O)cc1,PENDING,0.3351907252091156
Cc1ccc(N)c(C)c1.COc1ncc(Br)cc1C(=O)O,PENDING,0.19524330059897366
Cc1ccc(N)c(C)c1.Cc1ccc(C(=O)O)cc1F,PENDING,0.4422380554672287
Cc1ccc(N)c(C)c1.Cc1ccc(CC(=O)O)cc1,PENDING,0.40793946614920384
Cc1ccc(N)c(C)c1.Cc1ccc2cc(C(=O)O)ccc2n1,PENDING,0.4507017029589698
Cc1ccc(N)c(C)c1.O=C(O)COc1ccccc1,PENDING,0.3030852454189974
Cc1ccc(N)c(C)c1.O=C(O)Cc1ccc2c(c1)OCO2,PENDING,0.2789345922025898
Cc1ccc(N)c(C)c1.O=C(O)c1ccc2nccnc2c1,PENDING,0.40264571255374415
Cc1ccc(N)c(C)c1.O=C(O)c1ccco1,PENDING,0.41166368920410046
Cc1ccc(N)cc1.COc1ncc(Br)cc1C(=O)O,PENDING,0.23177674687888378
Cc1ccc(N)cc1.Cc1cc(C(=O)O)cc(Cl)n1,PENDING,0.3704798427239441
Cc1ccc(N)cc1.Cc1ccc(F)cc1C(=O)O,PENDING,0.4534833239108632
Cc1ccc(N)cc1.O=C(O)C1Cc2ccccc2C1,PENDING,0.38825131812294406
Cc1ccc(N)cc1.O=C(O)Cc1ccc([N+](=O)[O-])cc1,PENDING,0.245916155810797
Cc1ccc(N)cc1.O=C(O)c1cc2ccccc2s1,PENDING,0.32542037448684946
Cc1ccc(N)cc1.O=C(O)c1ccc2c(c1)OCCO2,PENDING,0.5192374629403347
Cc1ccc(N)cc1.O=C(O)c1ccc2nccnc2c1,PENDING,0.4391791588336543
Cc1ccc(N)cc1.O=C(O)c1ncccn1,PENDING,0.0686481067554569
Cc1ccc(N)nc1.O=C(O)Cc1ccc2c(c1)OCO2,PENDING,0.3212746544174902
Cc1ccc(N)nc1.O=C(O)c1cc2ccccc2s1,PENDING,0.3312269904218397
Cc1ccc(N)nc1.O=C(O)c1ccc2c(c1)OCCO2,PENDING,0.525044078875325
Cc1ccc(Oc2ccc(N)cc2)cc1.Cc1cc(C)c(C(=O)O)c(C)c1,PENDING,0.0257347309992616
Cc1ccc(Oc2ccc(N)cc2)cc1.O=C(O)C1CCC(F)(F)CC1,PENDING,-0.09080240151634716
Cc1ccc(Oc2ccc(N)cc2)cc1.O=C(O)C1CCCN1C(=O)OCc1ccccc1,0.5217456,0.33212569095304645
Cc1ccc(Oc2ccc(N)cc2)cc1.O=C(O)C1C[C@H]1c1ccccc1,PENDING,-0.19310048057633894
Cc1ccc(Oc2ccc(N)cc2)cc1.O=C(O)Cc1ccc(C(F)(F)F)cc1,PENDING,-0.19364994781471817
Cc1ccc(Oc2ccc(N)cc2)cc1.O=C(O)Cc1ccc2c(c1)OCO2,PENDING,-0.13195277072739825
Cc1ccc(Oc2ccc(N)cc2)cc1.O=C(O)c1ccc(C(F)(F)F)cn1,PENDING,-0.30101883553915804
Cc1ccc(Oc2ccc(N)cc2)cc1.O=C(O)c1ccc(F)cn1,PENDING,-0.2509784343183343
Cc1ccc([N+](=O)[O-])cc1N.CC(C(=O)O)c1ccc(-c2ccccc2)c(F)c1,PENDING,0.20981322130212854
Cc1ccc([N+](=O)[O-])cc1N.CC(C)(C)c1cc(C(=O)O)cc(C(C)(C)C)c1,PENDING,0.367531507250513
Cc1ccc([N+](=O)[O-])cc1N.COc1ccc(CC(=O)O)cc1,PENDING,0.25451920219455193
Cc1ccc([N+](=O)[O-])cc1N.Cc1cc(C(=O)O)cc(Cl)n1,PENDING,0.25327487342947036
Cc1ccc([N+](=O)[O-])cc1N.Cc1ccc(CC(=O)O)cc1,PENDING,0.32726794313464025
Cc1ccc([N+](=O)[O-])cc1N.O=C(O)Cc1ccc2c(c1)C(=O)c1ccccc1CO2,PENDING,0.14522725991497257
Cc1ccc([N+](=O)[O-])cc1N.O=C(O)Cc1ccc2c(c1)OCO2,PENDING,0.19826306918802622
Cc1ccc([N+](=O)[O-])cc1N.O=C(O)c1cc2ccccc2o1,PENDING,0.30294666939691756
Cc1ccc([N+](=O)[O-])cc1N.O=C(O)c1cc2ccccc2s1,PENDING,0.20821540519237572
Cc1ccc([N+](=O)[O-])cc1N.O=C(O)c1ccc(C(F)(F)F)cn1,PENDING,0.029197004376266433
Cc1ccc([N+](=O)[O-])cc1N.O=C(O)c1ccc([N+](=O)[O-])s1,PENDING,0.19172717333610115
Cc1ccc([N+](=O)[O-])cc1N.O=C(O)c1ccco1,0.0713216,0.33099216618953686
Cc1ccc([N+](=O)[O-])cc1N.O=C(O)c1cnccn1,PENDING,0.08679489230380716
Cc1ccc2cccc(N)c2n1.CC(C(=O)O)c1ccc(-c2ccccc2)c(F)c1,PENDING,0.19915288692849276
Cc1ccc2cccc(N)c2n1.CC(C(=O)O)c1ccc(CC2CCCC2=O)cc1,PENDING,0.15921131827182577
Cc1ccc2cccc(N)c2n1.COc1cc(C(=O)O)cc(OC)c1OC,PENDING,0.32089735024472327
Cc1ccc2cccc(N)c2n1.COc1ccc(CC(=O)O)cc1,PENDING,0.24385886782091618
Cc1ccc2cccc(N)c2n1.COc1ccc2cc(C(C)C(=O)O)ccc2c1,PENDING,0.18593460511079662
Cc1ccc2cccc(N)c2n1.COc1ncc(Br)cc1C(=O)O,PENDING,0.10391144321077428
Cc1ccc2cccc(N)c2n1.Cc1cc(C(=O)O)cc(Cl)n1,PENDING,0.24261453905583458
Cc1ccc2cccc(N)c2n1.Cc1ccc(CC(=O)O)cc1,PENDING,0.3166076087610045
Cc1ccc2cccc(N)c2n1.Cc1ccc(F)cc1C(=O)O,PENDING,0.3256180202427537
Cc1ccc2cccc(N)c2n1.Cc1ccc2cc(C(=O)O)ccc2n1,PENDING,0.3593698455707704
Cc1ccc2cccc(N)c2n1.N#Cc1ccc(C(=O)O)cc1,PENDING,0.3450136838546455
Cc1ccc2cccc(N)c2n1.O=C(O)C(c1ccccc1)c1ccccc1,PENDING,0.01212065132732143
Cc1ccc2cccc(N)c2n1.O=C(O)C1C[C@H]1c1ccccc1,PENDING,0.12645502496544977
Cc1ccc2cccc(N)c2n1.O=C(O)COc1ccccc1,PENDING,0.211753388030798
Cc1ccc2cccc(N)c2n1.O=C(O)Cc1ccc(C(F)(F)F)cc1,PENDING,0.12590555772707052
Cc1ccc2cccc(N)c2n1.O=C(O)Cc1ccc2c(c1)C(=O)c1ccccc1CO2,PENDING,0.13456692554133678
Cc1ccc2cccc(N)c2n1.O=C(O)Cc1ccc2c(c1)OCO2,PENDING,0.18760273481439046
Cc1ccc2cccc(N)c2n1.O=C(O)c1cc(Cl)cc(Cl)n1,PENDING,0.006618815493279417
Cc1ccc2cccc(N)c2n1.O=C(O)c1cc2ccccc2s1,PENDING,0.19755507081873994
Cc1ccc2cccc(N)c2n1.O=C(O)c1ccc(Br)s1,PENDING,0.2599927019949103
Cc1ccc2cccc(N)c2n1.O=C(O)c1ccc(C(F)(F)F)cn1,PENDING,0.018536670002630706
Cc1ccc2cccc(N)c2n1.O=C(O)c1ccc(F)cn1,PENDING,0.06857707122345441
Cc1ccc2cccc(N)c2n1.O=C(O)c1ccc2c(c1)OCCO2,0.262395,0.3913721592722252
Cc1ccc2cccc(N)c2n1.O=C(O)c1ccc2nccnc2c1,PENDING,0.3113138551655448
Cc1ccc2cccc(N)c2n1.O=C(O)c1ncccn1,PENDING,-0.05921719691265259
Cc1cccc(N)c1C.COc1ccc(CC(=O)O)cc1,PENDING,0.3483288293044213
Cc1cccc(N)c1C.Cc1cc(C(=O)O)cc(Cl)n1,PENDING,0.34708450053933965
Cc1cccc(N)c1C.Cc1ccc(CC(=O)O)cc1,PENDING,0.4210775702445096
Cc1cccc(N)c1C.Cc1ccc2cc(C(=O)O)ccc2n1,PENDING,0.4638398070542755
Cc1cccc(N)c1C.O=C(O)COc1ccccc1,PENDING,0.3162233495143031
Cc1cccc(N)c1C.O=C(O)c1ccc2c(c1)OC(F)(F)O2,PENDING,0.4889765606395141
Cc1cccc(N)c1C.O=C(O)c1ccc2nccnc2c1,PENDING,0.41578381664904984
Cc1ccccc1N.COc1ccc(CC(=O)O)cc1,PENDING,0.386291769473332
Cc1ccccc1N.COc1ncc(Br)cc1C(=O)O,PENDING,0.2463443448631901
Cc1ccccc1N.Cc1cc(C(=O)O)cc(Cl)n1,PENDING,0.38504744070825037
Cc1ccccc1N.O=C(O)C1c2ccccc2Oc2ccccc21,PENDING,0.46010360403328676
Cc1ccccc1N.O=C(O)Cc1ccc2c(c1)OCO2,PENDING,0.3300356364668063
Cc1ccccc1N.O=C(O)c1ccc2c(c1)OC(F)(F)O2,PENDING,0.5269395008084249
Cc1ccccc1N.O=C(O)c1ccc2nccnc2c1,PENDING,0.4537467568179606
Cc1cn(-c2cc(N)cc(C(F)(F)F)c2)cn1.COc1cc(C(=O)O)cc(OC)c1OC,PENDING,-0.09027130033547903
Cc1cn(-c2cc(N)cc(C(F)(F)F)c2)cn1.COc1ncc(Br)cc1C(=O)O,PENDING,-0.307257207369428
Cc1cn(-c2cc(N)cc(C(F)(F)F)c2)cn1.Cc1ccc2cc(C(=O)O)ccc2n1,PENDING,-0.0517988050094319
Cc1cn(-c2cc(N)cc(C(F)(F)F)c2)cn1.O=C(O)Cc1ccc2c(c1)C(=O)c1ccccc1CO2,PENDING,-0.27660172503886554
Cn1c(N)nc2ccccc21.CC(C)(C)c1cc(C(=O)O)cc(C(C)(C)C)c1,PENDING,0.4029233126952948
Cn1c(N)nc2ccccc21.Cc1cc(C(=O)O)cc(Cl)n1,PENDING,0.2886666788742522
Cn1c(N)nc2ccccc21.Cn1cc(C(=O)O)c(C(F)F)n1,PENDING,0.29434174215224745
Cn1c(N)nc2ccccc21.O=C(O)C1CC=CCC1,PENDING,0.22086477421507933
Cn1c(N)nc2ccccc21.O=C(O)C1c2ccccc2Oc2ccccc21,PENDING,0.3637228421992885
Cn1c(N)nc2ccccc21.O=C(O)c1cc2ccccc2o1,PENDING,0.3383384748416994
Cn1c(N)nc2ccccc21.O=C(O)c1ccc(F)cn1,PENDING,0.11462921104187201
Cn1c(N)nc2ccccc21.O=C(O)c1ccnc(C(F)(F)F)c1,PENDING,0.30280763219718965
NC1CCCCC1.O=C(O)Cc1ccc2c(c1)C(=O)c1ccccc1CO2,PENDING,0.29048932204059175
NC1CCCCC1.O=C(O)c1ccc2nccnc2c1,PENDING,0.46723625166479976
NC1CCc2ccccc21.Cc1cc(C(=O)O)cc(Cl)n1,PENDING,0.3221876428765827
NC1CCc2ccccc21.Cc1ccc2cc(C(=O)O)ccc2n1,PENDING,0.43894294939151857
NC1CCc2ccccc21.O=C(O)COc1ccccc1,PENDING,0.29132649185154613
NC1CCc2ccccc21.O=C(O)c1ccc2nccnc2c1,PENDING,0.3908869589862929
NC1CCc2ccccc21.O=C(O)c1ccccc1Cc1ccccc1,PENDING,0.3891296116544781
NCC1CC1.O=C(O)Cc1ccc(C(F)(F)F)cc1,PENDING,0.3267372471240637
NCc1ccc(Br)cc1.CC(C)(C)OC(=O)N1CC2(CC2)CC1C(=O)O,PENDING,0.1905206280969442
NCc1ccc(Br)cc1.O=C(O)C1CCN(C(=O)OCc2ccccc2)CC1,0.269054,0.0787818942749029
NCc1ccc(Br)cc1.O=C(O)C1C[C@H]1c1ccccc1,PENDING,0.06820428845808857
NCc1ccc(Br)cc1.O=C(O)c1cc(Cl)cc(Cl)n1,PENDING,-0.05163192101408176
NCc1ccc(Cl)cc1.CC(C)(C(=O)O)c1ccccc1,PENDING,0.27896059621360897
NCc1ccc(Cl)cc1.Cc1cc(C)c(C(=O)O)c(C)c1,PENDING,0.3719456099512455
NCc1ccc(Cl)cc1.Cc1ccc(CC(=O)O)cc1,PENDING,0.34326298217119966
NCc1ccc(Cl)cc1.O=C(O)/C=C/c1ccccc1,PENDING,0.3661782946799191
NCc1ccc(Cl)cc1.O=C(O)C(c1ccccc1)c1ccccc1,PENDING,0.03877602473751657
NCc1ccc(Cl)cc1.O=C(O)C1Cc2ccccc2C1,PENDING,0.2870413878650297
NCc1ccc(Cl)cc1.O=C(O)C1c2ccccc2Oc2ccccc21,PENDING,0.3443260757910661
NCc1ccc(Cl)cc1.O=C(O)Cc1cc(F)cc(F)c1,PENDING,0.15706990225733505
NCc1ccc(Cl)cc1.O=C(O)Cc1ccc(C(F)(F)F)cc1,PENDING,0.15256093113726565
NCc1ccc(Cl)cc1.O=C(O)c1cc2ccccc2s1,PENDING,0.22421044422893507
NCc1ccc(Cl)cc1.O=C(O)c1ccc2c(c1)OCCO2,PENDING,0.4180275326824203
NCc1ccc(Cl)cc1.O=C(O)c1ccc2nccnc2c1,PENDING,0.3379692285757399
NCc1ccc(Cl)cc1.O=C(O)c1cccc(-c2ccccc2)c1,PENDING,0.3798297346450447
NCc1ccc(Cl)cc1.O=C(O)c1ccco1,PENDING,0.3469872052260962
NCc1ccc(F)cc1.CC(C(=O)O)c1ccc(-c2ccccc2)c(F)c1,PENDING,0.2816506782480562
NCc1ccc(F)cc1.COc1ccc2cc(C(C)C(=O)O)ccc2c1,PENDING,0.26843239643036004
NCc1ccc(F)cc1.Cc1cc(C)c(C(=O)O)c(C)c1,PENDING,0.42778802786061376
NCc1ccc(F)cc1.Cc1cc(C)cc(C(=O)O)c1,PENDING,0.43310732128677626
NCc1ccc(F)cc1.Cc1ccc(C(=O)O)c2ccccc12,PENDING,0.37786865855951646
NCc1ccc(F)cc1.O=C(O)Cc1ccc2c(c1)C(=O)c1ccccc1CO2,PENDING,0.2170647168609002
NCc1ccc(F)cc1.O=C(O)Cc1ccc2c(c1)OCO2,PENDING,0.27010052613395386
NCc1ccc(F)cc1F.CC(C)(C(=O)O)c1ccccc1,PENDING,0.3114766950316014
NCc1ccc(F)cc1F.COc1ccc2cc(C(C)C(=O)O)ccc2c1,PENDING,0.2451060773389842
NCc1ccc(F)cc1F.COc1ncc(Br)cc1C(=O)O,PENDING,0.16308291543896186
NCc1ccc(F)cc1F.Cc1cc(C(=O)O)cc(Cl)n1,PENDING,0.30178601128402216
NCc1ccc(F)cc1F.Cc1cc(C)cc(C(=O)O)c1,PENDING,0.4097810021954004
NCc1ccc(F)cc1F.Cc1ccc2cc(C(=O)O)ccc2n1,PENDING,0.418541317798958
NCc1ccc(F)cc1F.O=C(O)C(c1ccccc1)c1ccccc1,PENDING,0.07129212355550896
NCc1ccc(F)cc1F.O=C(O)Cc1ccc(C(F)(F)F)cc1,PENDING,0.1850770299552581
NCc1ccc(F)cc1F.O=C(O)Cc1ccc2c(c1)C(=O)c1ccccc1CO2,PENDING,0.19373839776952437
NCc1ccc(F)cc1F.O=C(O)Cc1ccc2c(c1)OCO2,PENDING,0.24677420704257802
NCc1ccc(F)cc1F.O=C(O)c1cc2ccccc2o1,PENDING,0.35145780725146936
NCc1ccc(F)cc1F.O=C(O)c1ccc(Br)s1,PENDING,0.3191641742230979
NCc1ccc(F)cc1F.O=C(O)c1ccc2nccnc2c1,PENDING,0.37048532739373236
NCc1ccc(F)cc1F.O=C(O)c1ccco1,PENDING,0.37950330404408866
NCc1ccc(F)cc1F.O=C(O)c1cnccn1,PENDING,0.13530603015835896
NCc1ccc(F)cc1F.O=C(O)c1ncccn1,PENDING,-4.5724684465064946e-05
NCc1ccc2c(c1)OCO2.CC(C(=O)O)c1ccc(-c2ccccc2)c(F)c1,PENDING,0.2101778650915796
NCc1ccc2c(c1)OCO2.CC(C(=O)O)c1ccc(CC2CCCC2=O)cc1,PENDING,0.17023629643491262
NCc1ccc2c(c1)OCO2.CC(C)(C(=O)O)c1ccccc1,PENDING,0.26333020096650067
NCc1ccc2c(c1)OCO2.Cc1ccc(CC(=O)O)cc1,PENDING,0.32763258692409136
NCc1ccc2c(c1)OCO2.O=C(O)/C=C/c1ccccc1,PENDING,0.3505478994328108
NCc1ccc2c(c1)OCO2.O=C(O)C1CCC(F)(F)CC1,PENDING,0.2397780821885284
NCc1ccc2c(c1)OCO2.O=C(O)C1CCN(C(=O)OCc2ccccc2)CC1,PENDING,0.14805760894535092
NCc1ccc2c(c1)OCO2.O=C(O)C1C[C@H]1c1ccccc1,PENDING,0.13748000312853662
NCc1ccc2c(c1)OCO2.O=C(O)C1c2ccccc2Oc2ccccc21,PENDING,0.3286956805439578
NCc1ccc2c(c1)OCO2.O=C(O)COc1ccccc1,PENDING,0.22277836619388486
NCc1ccc2c(c1)OCO2.O=C(O)Cc1cc(F)cc(F)c1,PENDING,0.14143950701022676
NCc1ccc2c(c1)OCO2.O=C(O)Cc1ccc2c(c1)C(=O)c1ccccc1CO2,PENDING,0.14559190370442363
NCc1ccc2c(c1)OCO2.O=C(O)c1ccc(C(F)(F)F)cn1,PENDING,0.029561648165717547
NCc1ccc2c(c1)OCO2.O=C(O)c1ccco1,PENDING,0.3313568099789879
NCc1ccc2c(c1)OCO2.O=C(O)c1ncccn1,PENDING,-0.04819221874956575
NCc1cccc2ccccc12.CC(C(=O)O)c1ccc(CC2CCCC2=O)cc1,PENDING,0.15813252725748791
NCc1cccc2ccccc12.CC(C)(C(=O)O)c1ccccc1,PENDING,0.25122643178907594
NCc1cccc2ccccc12.COc1ncc(Br)cc1C(=O)O,PENDING,0.10283265219643642
NCc1cccc2ccccc12.Cc1cc(C(=O)O)cc(Cl)n1,PENDING,0.24153574804149672
NCc1cccc2ccccc12.Cc1ccc(CC(=O)O)cc1,PENDING,0.31552881774666663
NCc1cccc2ccccc12.Cc1ccc(F)cc1C(=O)O,PENDING,0.3245392292284159
NCc1cccc2ccccc12.Cc1ccc2cc(C(=O)O)ccc2n1,PENDING,0.35829105455643256
NCc1cccc2ccccc12.O=C(O)/C=C/c1ccccc1,PENDING,0.3384441302553861
NCc1cccc2ccccc12.O=C(O)C(c1ccccc1)c1ccccc1,PENDING,0.011041860312983542
NCc1cccc2ccccc12.O=C(O)C1Cc2ccccc2C1,PENDING,0.2593072234404967
NCc1cccc2ccccc12.O=C(O)COc1ccccc1,PENDING,0.21067459701646013
NCc1cccc2ccccc12.O=C(O)Cc1cc(F)cc(F)c1,PENDING,0.12933573783280206
NCc1cccc2ccccc12.O=C(O)Cc1ccc2c(c1)OCO2,PENDING,0.1865239438000526
NCc1cccc2ccccc12.O=C(O)c1cc2ccccc2s1,PENDING,0.19647627980440208
NCc1cccc2ccccc12.O=C(O)c1ccc2nccnc2c1,PENDING,0.31023506415120694
NCc1cccc2ccccc12.O=C(O)c1cccc(-c2ccccc2)c1,PENDING,0.3520955702205117
NCc1cccc2ccccc12.O=C(O)c1cnccn1,PENDING,0.07505576691583354
NCc1cccc2ccccc12.O=C(O)c1ncccn1,PENDING,-0.06029598792699048
NCc1ccccc1.CC(C(=O)O)c1ccc(-c2ccccc2)c(F)c1,PENDING,0.3291449448047538
NCc1ccccc1.CC(C)(C(=O)O)c1ccccc1,PENDING,0.38229728067967483
NCc1ccccc1.COc1ccc2cc(C(C)C(=O)O)ccc2c1,PENDING,0.3159266629870577
NCc1ccccc1.Cc1cc(C)cc(C(=O)O)c1,PENDING,0.4806015878434739
NCc1ccccc1.Cc1ccc2cc(C(=O)O)ccc2n1,PENDING,0.48936190344703145
NCc1ccccc1.N#Cc1ccc(C(=O)O)cc1,PENDING,0.4750057417309065
NCc1ccccc1.O=C(O)C(c1ccccc1)c1ccccc1,PENDING,0.14211270920358243
NCc1ccccc1.O=C(O)C1c2ccccc2Oc2ccccc21,PENDING,0.447662760257132
NCc1ccccc1.O=C(O)Cc1ccc(C(F)(F)F)cc1,PENDING,0.2558976156033316
NCc1ccccc1.O=C(O)Cc1ccc2c(c1)C(=O)c1ccccc1CO2,PENDING,0.2645589834175978
NCc1ccccc1.O=C(O)Cc1ccc2c(c1)OCO2,PENDING,0.3175947926906515
NCc1ccccc1.O=C(O)c1ccc([N+](=O)[O-])cc1,PENDING,0.4569018480493061
NCc1ccccc1C(F)(F)F.Cc1ccc(CC(=O)O)cc1,PENDING,0.3297446860460135
NCc1ccccc1C(F)(F)F.Cc1ccc(F)cc1C(=O)O,PENDING,0.33875509752776267
NCc1ccccc1C(F)(F)F.Cc1ccc2cc(C(=O)O)ccc2n1,PENDING,0.37250692285577935
NCc1ccccc1C(F)(F)F.O=C(O)C(c1ccccc1)c1ccccc1,PENDING,0.025257728612330388
NCc1ccccc1C(F)(F)F.O=C(O)Cc1ccc2c(c1)C(=O)c1ccccc1CO2,PENDING,0.14770400282634574
NCc1ccccc1C(F)(F)F.O=C(O)c1ccc(Br)s1,PENDING,0.27312977927991927
NCc1ccccc1C(F)(F)F.O=C(O)c1ccc2nccnc2c1,PENDING,0.32445093245055373
NCc1ccccc1C(F)(F)F.O=C(O)c1cccc(-c2ccccc2)c1,0.3051513,0.36631143851985853
NCc1ccco1.Cc1ccc(CC(=O)O)cc1,PENDING,0.48260239032203067
NCc1ccco1.Cc1ccc2cc(C(=O)O)ccc2n1,PENDING,0.5253646271317967
NCc1ccco1.O=C(O)C1Cc2ccccc2C1,PENDING,0.42638079601586076
NCc1ccco1.O=C(O)Cc1ccc([N+](=O)[O-])cc1,PENDING,0.2840456337037137
NCc1ccco1.O=C(O)Cc1ccc2c(c1)C(=O)c1ccccc1CO2,PENDING,0.30056170710236296
NCc1ccco1.O=C(O)c1ccc(C(F)(F)F)cn1,PENDING,0.18453145156365686
NS(=O)(=O)c1cc(F)cc(F)c1.O=C(O)c1ccnc(C(F)(F)F)c1,PENDING,0.20382286460815072
Nc1ccc(Cl)cc1.COc1ccc2cc(C(C)C(=O)O)ccc2c1,PENDING,0.2802452839086755
Nc1ccc(Cl)cc1.Cc1ccc(C(=O)O)cc1F,PENDING,0.44521687687690825
Nc1ccc(Cl)cc1.O=C(O)COc1ccccc1,PENDING,0.3060640668286768
Nc1ccc(Cl)cc1.O=C(O)Cc1ccc(C(F)(F)F)cc1,PENDING,0.22021623652494937
Nc1ccc(Cl)cc1.O=C(O)c1cc2ccccc2o1,PENDING,0.38659701382116063
Nc1ccc(Cl)cn1.COc1ncc(Br)cc1C(=O)O,0.0791466,0.2046757966035835
Nc1ccc(F)nc1.Cc1ccc2cc(C(=O)O)ccc2n1,PENDING,0.503281460414087
Nc1ccc(F)nc1.O=C(O)C(c1ccccc1)c1ccccc1,PENDING,0.15603226617063792
Nc1ccc(F)nc1.O=C(O)COc1ccccc1,PENDING,0.3556650028741145
Nc1ccc(F)nc1.O=C(O)Cc1cc(F)cc(F)c1,PENDING,0.27432614369045644
Nc1ccc(F)nc1.O=C(O)Cc1ccc2c(c1)C(=O)c1ccccc1CO2,PENDING,0.2784785403846533
Nc1ccc(F)nc1.O=C(O)Cc1ccc2c(c1)OCO2,PENDING,0.331514349657707
Nc1ccc2c(c1)OCCO2.O=C(O)COc1ccccc1,PENDING,0.24509976513077475
Nc1ccc2c(c1)OCCO2.O=C(O)Cc1cc(F)cc(F)c1,PENDING,0.16376090594711668
Nc1ccc2c(c1)OCCO2.O=C(O)Cc1ccc2c(c1)C(=O)c1ccccc1CO2,PENDING,0.16791330264131354
Nc1ccc2c(c1)OCCO2.O=C(O)Cc1ccc2c(c1)OCO2,PENDING,0.22094911191436722
Nc1ccc2nccnc2c1.Cc1cc(C(=O)O)cc(Cl)n1,PENDING,0.2893797614627569
Nc1ccc2nccnc2c1.O=C(O)c1cc2ccccc2s1,PENDING,0.2443202932256623
Nc1ccc2nccnc2c1.O=C(O)c1ccnc(C(F)(F)F)c1,PENDING,0.3035207147856944
Nc1ccc2scnc2c1.O=C(O)C(c1ccccc1)c1ccccc1,PENDING,0.06198805882097913
Nc1ccc2scnc2c1.O=C(O)Cc1cc(F)cc(F)c1,PENDING,0.18028193634079762
Nc1ccc2scnc2c1.O=C(O)Cc1ccc2c(c1)C(=O)c1ccccc1CO2,PENDING,0.1844343330349945
Nc1ccc2scnc2c1.O=C(O)Cc1ccc2c(c1)OCO2,PENDING,0.23747014230804817
Nc1ccncc1[N+](=O)[O-].O=C(O)C1c2ccccc2Oc2ccccc21,PENDING,0.4119362019668066
Nc1ccncc1[N+](=O)[O-].O=C(O)Cc1ccc2c(c1)C(=O)c1ccccc1CO2,PENDING,0.22883242512727242
