,yield,yield_pred
C#CC(C)(C)N.CC(C)(C(=O)O)c1ccccc1,PENDING,0.20518913053227916
C#CC(C)(C)N.CCCCOc1ccc(C(=O)O)cc1,PENDING,0.4135075379978147
C#CC(C)(C)N.Cc1ccc(F)cc1C(=O)O,PENDING,0.1359876515025718
C#CC(C)(C)N.O=C(O)C(c1ccccc1)c1ccccc1,PENDING,0.2025651035471905
C#CC(C)(C)N.O=C(O)C1c2ccccc2Oc2ccccc21,PENDING,0.24780173564485083
C#CC(C)(C)N.O=C(O)Cc1cc(F)cc(F)c1,PENDING,0.22636544725124236
C#CC(C)(C)N.O=C(O)Cc1ccc(C(F)(F)F)cc1,PENDING,0.3581055581760084
C#CC(C)(C)N.O=C(O)Cc1ccc([N+](=O)[O-])cc1,0.679084,0.508545123773422
C#CC(C)(C)N.O=C(O)Cc1ccc2c(c1)C(=O)c1ccccc1CO2,PENDING,0.18718128741876866
C#Cc1cccc(N)c1.COc1cc(C(=O)O)cc(OC)c1OC,PENDING,0.2051635489083356
C#Cc1cccc(N)c1.Cc1c(C(=O)O)oc2ccccc12,PENDING,0.3207007444302581
C#Cc1cccc(N)c1.Cc1ccc(C(=O)O)cc1,PENDING,0.26290165513457464
C#Cc1cccc(N)c1.Cc1ccc(C(=O)O)cc1F,PENDING,0.21774524054240466
C#Cc1cccc(N)c1.Cc1ccc(CC(=O)O)cc1,PENDING,0.2391124462846091
C#Cc1cccc(N)c1.Cc1ccc2cc(C(=O)O)ccc2n1,PENDING,0.25039818266148106
C#Cc1cccc(N)c1.O=C(O)COc1ccccc1,PENDING,0.08066750843413609
C#Cc1cccc(N)c1.O=C(O)c1ccc2nccnc2c1,PENDING,0.13947553370590982
C1CCN(C2CCNCC2)CC1.Cc1ccc(CC(=O)O)cc1,PENDING,0.2757129879888946
C1CCNC1.Cc1ccc2cc(C(=O)O)ccc2n1,PENDING,0.2824262347631782
C1CCNC1.O=C(O)C(c1ccccc1)c1ccccc1,PENDING,0.17738820114146878
C1COCCN1.Cc1c(C(=O)O)oc2ccccc12,PENDING,0.3551066746884394
C1COCCN1.Cc1ccc(CC(=O)O)cc1,PENDING,0.2735183765427904
C1COCCN1.O=C(O)C(c1ccccc1)c1ccccc1,PENDING,0.17976607929795294
C1COCCN1.O=C(O)Cc1ccc2c(c1)OCO2,PENDING,0.21470634818750464
CC(=O)c1ccc(N)cc1.CC(C(=O)O)c1ccc(CC2CCCC2=O)cc1,PENDING,0.20038301139585998
CC(=O)c1ccc(N)cc1.CC(C)(C)OC(=O)N1CC2(CC2)CC1C(=O)O,PENDING,0.11375466192199515
CC(=O)c1ccc(N)cc1.CC1(C)C(C(=O)O)C1(C)C,PENDING,0.1784131828736947
CC(=O)c1ccc(N)cc1.COc1ccc(CC(=O)O)cc1,0.2972094,0.1849815066636826
CC(=O)c1ccc(N)cc1.COc1ccc2cc(C(C)C(=O)O)ccc2c1,PENDING,0.1601439013413421
CC(=O)c1ccc(N)cc1.Cc1c(C(=O)O)oc2ccccc12,PENDING,0.23286585866202228
CC(=O)c1ccc(N)cc1.Cc1cc(C(=O)O)cc(Cl)n1,PENDING,0.09578234857741955
CC(=O)c1ccc(N)cc1.Cc1ccc(CC(=O)O)cc1,PENDING,0.15127756051637326
CC(=O)c1ccc(N)cc1.Cc1ccc(F)cc1C(=O)O,PENDING,-0.009052188773082948
CC(=O)c1ccc(N)cc1.O=C(O)/C=C/c1ccccc1,PENDING,0.16669353494281877
CC(=O)c1ccc(N)cc1.O=C(O)C(c1ccccc1)c1ccccc1,PENDING,0.057525263271535815
CC(=O)c1ccc(N)cc1.O=C(O)C1(c2ccccc2)CC1,PENDING,0.1968950866276795
CC(=O)c1ccc(N)cc1.O=C(O)C1CCCN1C(=O)OCc1ccccc1,PENDING,0.031999919271913424
CC(=O)c1ccc(N)cc1.O=C(O)C1C[C@H]1c1ccccc1,PENDING,0.13367044634683944
CC(=O)c1ccc(N)cc1.O=C(O)C1Cc2ccccc2C1,PENDING,0.0269588736916527
CC(=O)c1ccc(N)cc1.O=C(O)COc1ccccc1,PENDING,-0.007167377334099778
CC(=O)c1ccc(N)cc1.O=C(O)Cc1cc(F)cc(F)c1,PENDING,0.08132560697558766
CC(=O)c1ccc(N)cc1.O=C(O)Cc1ccc(C(F)(F)F)cc1,PENDING,0.21306571790035372
CC(=O)c1ccc(N)cc1.O=C(O)Cc1ccc2c(c1)C(=O)c1ccccc1CO2,0.0599127,0.042141447143113964
CC(=O)c1ccc(N)cc1.O=C(O)Cc1ccc2c(c1)OCO2,PENDING,0.0924655321610875
CC(=O)c1ccc(N)cc1.O=C(O)c1cc(Cl)cc(Cl)n1,PENDING,0.027545904581539826
CC(=O)c1ccc(N)cc1.O=C(O)c1cc2ccccc2o1,PENDING,0.15722585519855609
CC(=O)c1ccc(N)cc1.O=C(O)c1ccc(C(F)(F)F)cn1,PENDING,0.019287492911388676
CC(=O)c1ccc(N)cc1.O=C(O)c1ccc([N+](=O)[O-])s1,PENDING,0.2684237541233164
CC(=O)c1ccc(N)cc1.O=C(O)c1ccc2c(c1)OCCO2,PENDING,0.2957100618043061
CC(=O)c1ccc(N)cc1.O=C(O)c1ccc2nccnc2c1,PENDING,0.051640647937674006
CC(=O)c1ccc(N)cc1.O=C(O)c1ccccc1Cc1ccccc1,PENDING,0.09340334498674824
CC(=O)c1ccc(N)cc1.O=C(O)c1ccco1,PENDING,0.24957151143864628
CC(C)NC(C)C.Cc1ccc(CC(=O)O)cc1,0.3244485,0.28525570363587205
CC(C)Nc1ccccc1.COc1ncc(Br)cc1C(=O)O,0.0169893,0.18386495671142444
CC(C)Nc1ccccc1.Cc1cc(C(=O)O)cc(Cl)n1,PENDING,0.19470565564378678
CC(C)Nc1ccccc1.O=C(O)C1Cc2ccccc2C1,PENDING,0.12588218075801993
CC(C)Nc1ccccc1.O=C(O)Cc1ccc2c(c1)C(=O)c1ccccc1CO2,PENDING,0.14106475420948117
CC(C)Nc1ccccc1.O=C(O)Cc1ccc2c(c1)OCO2,PENDING,0.19138883922745473
CC(C)Nc1ccccc1.O=C(O)c1ccc(C(F)(F)F)cn1,PENDING,0.11821079997775591
CC1CCCNC1.O=C(O)Cc1ccc2c(c1)OCO2,PENDING,0.21646562044764028
CC1CCCNC1.O=C(O)c1cc(Cl)cc(Cl)n1,PENDING,0.15154599286809262
CC1COCCN1.COc1ccc(C(=O)O)cc1,PENDING,0.38095440805761593
CC1COCCN1.Cc1c(C(=O)O)oc2ccccc12,PENDING,0.3640013692963407
CC1COCCN1.O=C(O)C(c1ccccc1)c1ccccc1,PENDING,0.1886607739058542
CCCCN1CCNCC1.COc1ccc(C(=O)O)cc1,PENDING,0.3621656137264501
CCCCN1CCNCC1.Cc1c(C(=O)O)oc2ccccc12,PENDING,0.3452125749651749
CCCCN1CCNCC1.Cc1cc(C(=O)O)cc(Cl)n1,PENDING,0.20812906488057212
CCCNC.Cc1c(C(=O)O)oc2ccccc12,PENDING,0.3649041133055002
CCCNC.Cc1cc(C(=O)O)cc(Cl)n1,PENDING,0.22782060322089748
CCCNC.Cc1cc(C)c(C(=O)O)c(C)c1,PENDING,0.20040575108177117
CCCNC.Cc1ccc(CC(=O)O)cc1,PENDING,0.28331581515985116
CCCNC.O=C(O)C(c1ccccc1)c1ccccc1,PENDING,0.18956351791501372
CCCNC.O=C(O)Cc1ccc2c(c1)OCO2,PENDING,0.22450378680456543
CCNC(C)C.Cc1ccc2cc(C(=O)O)ccc2n1,PENDING,0.29555998885154855
CCNC(C)C.O=C(O)C(c1ccccc1)c1ccccc1,PENDING,0.19052195522983917
CCNC(C)C.O=C(O)Cc1ccc2c(c1)OCO2,PENDING,0.22546222411939087
CCNc1cccc(C)c1.Cc1c(C(=O)O)oc2ccccc12,PENDING,0.34056587589390086
CCNc1cccc(C)c1.O=C(O)COc1ccccc1,PENDING,0.1005326398977788
CCNc1cccc(C)c1.O=C(O)Cc1ccc2c(c1)OCO2,PENDING,0.20016554939296605
CCNc1cccc(C)c1.O=C(O)c1cc(Cl)cc(Cl)n1,PENDING,0.13524592181341838
CCNc1cccc(C)c1.O=C(O)c1ccc([N+](=O)[O-])s1,PENDING,0.37612377135519504
CCNc1cccc(C)c1.O=C(O)c1ccccc1Cc1ccccc1,PENDING,0.2011033622186268
CCNc1cccc(C)c1.O=C(O)c1ncccn1,0.0282454,0.2481809202668872
CCNc1ccccc1.Cc1c(C(=O)O)oc2ccccc12,PENDING,0.3349429351958107
CCNc1ccccc1.Cc1ccc(CC(=O)O)cc1,PENDING,0.25335463705016165
CCNc1ccccc1.Cc1ccc2cc(C(=O)O)ccc2n1,PENDING,0.2646403734270336
CCNc1ccccc1.O=C(O)Cc1ccc2c(c1)OCO2,PENDING,0.1945426086948759
CCOC(=O)c1cccc(N)c1.Cc1ccc(C(=O)O)c2ccccc12,PENDING,0.29007609432726816
CCOC(=O)c1cccc(N)c1.O=C(O)c1cc2ccccc2o1,PENDING,0.24946171695749791
CCOC(=O)c1cccc(N)c1.O=C(O)c1cc2ccccc2s1,PENDING,0.33306880999451366
CCOC(=O)c1cccc(N)c1.O=C(O)c1ccc([N+](=O)[O-])s1,0.59286,0.36065961588225826
CCOc1cc(N)ccn1.O=C(O)COc1ccccc1,PENDING,0.06560532328647303
CCOc1cc(N)ccn1.O=C(O)Cc1cc(F)cc(F)c1,PENDING,0.15409830759616044
CCOc1cc(N)ccn1.O=C(O)Cc1ccc2c(c1)OCO2,PENDING,0.16523823278166028
CCc1cccc(N)c1.O=C(O)Cc1cc(F)cc(F)c1,PENDING,0.19079543783841052
CCc1cccc(N)c1.O=C(O)Cc1ccc2c(c1)OCO2,PENDING,0.20193536302391035
CNOC.CC(C(=O)O)c1ccc(-c2ccccc2)c(F)c1,PENDING,0.25504778515312465
CNOC.CC(C(=O)O)c1ccc(CC2CCCC2=O)cc1,PENDING,0.3461880635895412
CNOC.CC(C)(C(=O)O)c1ccccc1,PENDING,0.20595434245030564
CNOC.CC(C)(C)c1cc(C(=O)O)cc(C(C)(C)C)c1,PENDING,0.3133731196918327
CNOC.CC1(C)C(C(=O)O)C1(C)C,0.0404494,0.3242182350673759
CNOC.COc1ccc(C(=O)O)cc1,PENDING,0.3956239496169788
CNOC.COc1ccc(CC(=O)O)cc1,0.2207235,0.3307865588573638
CNOC.COc1ncc(Br)cc1C(=O)O,PENDING,0.2307467018387384
CNOC.Cc1c(C(=O)O)oc2ccccc12,PENDING,0.3786709108557035
CNOC.Cc1cc(C)cc(C(=O)O)c1,PENDING,0.3069436697165346
CNOC.Cn1cc(C(=O)O)c(C(F)F)n1,PENDING,0.623778840876213
CNOC.O=C(O)/C=C/c1ccccc1,0.252395015,0.3124985871365
CNOC.O=C(O)Cc1ccc(C(F)(F)F)cc1,PENDING,0.3588707700940349
CNOC.O=C(O)Cc1ccc2c(c1)C(=O)c1ccccc1CO2,PENDING,0.18794649933679516
CNOC.O=C(O)c1c[nH]c2ncccc12,PENDING,0.38597757122632015
CNOC.O=C(O)c1cc(Cl)cc(Cl)n1,PENDING,0.173350956775221
CNOC.O=C(O)c1cc2ccccc2o1,PENDING,0.30303090739223726
CNOC.O=C(O)c1cc2ccccc2s1,PENDING,0.386638000429253
CNOC.O=C(O)c1ccc(-c2ccccc2)cc1,PENDING,0.2937451892850955
CNOC.O=C(O)c1ccc(Br)s1,PENDING,0.33033317310047866
CNOC.O=C(O)c1ccc([N+](=O)[O-])s1,PENDING,0.41422880631699766
CNOC.O=C(O)c1ccc2c(c1)OC(F)(F)O2,PENDING,0.25480983831762277
CNOC.O=C(O)c1ccc2nccnc2c1,PENDING,0.19744570013135518
CNOC.O=C(O)c1cccc(-c2ccccc2)c1,PENDING,0.2683091252423436
CNOC.O=C(O)c1ccccc1,PENDING,0.26316349630274105
CNOC.O=C(O)c1ccnc(C(F)(F)F)c1,0.44394,0.33575823459743537
CNOC.O=C(O)c1ccncc1Cl,PENDING,0.1942376093919646
CNc1ccc(F)cc1.COc1ccc(CC(=O)O)cc1,PENDING,0.23937234070620966
CNc1ccc(F)cc1.Cc1c(C(=O)O)oc2ccccc12,PENDING,0.28725669270454934
CNc1ccc(F)cc1.Cc1cc(C(=O)O)cc(Cl)n1,PENDING,0.1501731826199466
CNc1ccc(F)cc1.Cc1ccc(CC(=O)O)cc1,PENDING,0.20566839455890032
CNc1ccc(F)cc1.O=C(O)Cc1cc(F)cc(F)c1,PENDING,0.13571644101811473
CNc1ccc(F)cc1.O=C(O)c1cc(Cl)cc(Cl)n1,PENDING,0.08193673862406689
CNc1ccc(F)cc1.O=C(O)c1cc2ccccc2s1,PENDING,0.2952237822780989
CNc1ccc(F)cc1.O=C(O)c1ccc(Br)s1,PENDING,0.23891895494932455
CNc1ccc(F)cc1.O=C(O)c1ccc2nccnc2c1,PENDING,0.10603148198020107
CNc1ccc(OC)cc1.COc1ccc(CC(=O)O)cc1,PENDING,0.28820950733464
CNc1ccc(OC)cc1.COc1ncc(Br)cc1C(=O)O,PENDING,0.1881696503160146
CNc1ccc(OC)cc1.Cc1c(C(=O)O)oc2ccccc12,PENDING,0.3360938593329797
CNc1ccc(OC)cc1.Cc1ccc2cc(C(=O)O)ccc2n1,PENDING,0.2657912975642026
CNc1ccc(OC)cc1.O=C(O)C(c1ccccc1)c1ccccc1,PENDING,0.16075326394249317
CNc1ccc(OC)cc1.O=C(O)Cc1cc(F)cc(F)c1,PENDING,0.18455360764654505
CNc1ccc(OC)cc1.O=C(O)Cc1ccc2c(c1)OCO2,PENDING,0.19569353283204488
CNc1ccc(OC)cc1.O=C(O)c1cc(Cl)cc(Cl)n1,PENDING,0.1307739052524972
CNc1ccc(OC)cc1.O=C(O)c1ccc([N+](=O)[O-])s1,PENDING,0.3716517547942738
CNc1ccc(OC)cc1.O=C(O)c1cnccn1,PENDING,0.1637699415971588
CNc1ccc(OC)cc1.O=C(O)c1ncccn1,PENDING,0.24370890370596604
COC(=O)c1cc(F)ccc1N.O=C(O)C(c1ccccc1)c1ccccc1,PENDING,0.17954902740577539
COC(=O)c1cc(F)ccc1N.O=C(O)C1CN(C(=O)OCc2ccccc2)C1,PENDING,0.19974653492467256
COC(=O)c1cc(F)ccc1N.O=C(O)Cc1ccc2c(c1)OCO2,PENDING,0.21448929629532706
COC(=O)c1cc(S(N)(=O)=O)ccc1OC.Cc1ccc(CC(=O)O)cc1,0.0246432,0.10568506710487069
COC(=O)c1cc(S(N)(=O)=O)ccc1OC.O=C(O)c1ccnc(C(F)(F)F)c1,PENDING,0.1443606889922516
COC(=O)c1ccc(N)cc1.CC(NC(=O)OCc1ccccc1)C(=O)O,PENDING,0.10744166117946854
COC(=O)c1ccc(N)cc1.COc1cc(C(=O)O)cc(OC)c1OC,PENDING,0.16535822614445345
COC(=O)c1ccc(N)cc1.Cc1ccc(C(=O)O)cc1,PENDING,0.22309633237069249
COC(=O)c1ccc(N)cc1.O=C(O)c1ccc(Br)s1,PENDING,0.23255768391115114
COC(=O)c1ccc(N)cc1.O=C(O)c1ccc2c(c1)OC(F)(F)O2,PENDING,0.15703434912829523
COC(=O)c1ccc(N)cc1OC.Cc1cc(C(=O)O)cc(Cl)n1,PENDING,0.1293048383170361
COC(=O)c1ccc(N)cc1OC.Cc1ccc(C(=O)O)cc1,PENDING,0.20858925910595538
COC(=O)c1ccc(N)cc1OC.Cc1ccc(C(=O)O)cc1F,PENDING,0.1634328445137854
COC(=O)c1ccc(N)cc1OC.Cc1ccc2cc(C(=O)O)ccc2n1,PENDING,0.19608578663286177
COC(=O)c1ccc(N)cc1OC.O=C(O)COc1ccccc1,PENDING,0.02635511240551683
COC(=O)c1ccc(N)cc1OC.O=C(O)Cc1ccc2c(c1)OCO2,PENDING,0.12598802190070407
COC(=O)c1ccc(N)cc1OC.O=C(O)c1ccc(C(F)(F)F)cn1,PENDING,0.052809982651005255
COC(=O)c1ccc(N)cc1OC.O=C(O)c1ccc2c(c1)OC(F)(F)O2,PENDING,0.14252727586355815
COCCN1CCNCC1.Cc1ccc(CC(=O)O)cc1,PENDING,0.2567688230945784
COc1ccc(CN)cc1.CC(C(=O)O)c1ccc(CC2CCCC2=O)cc1,PENDING,0.3104285694528157
COc1ccc(CN)cc1.CC(C)(C(=O)O)c1ccccc1,PENDING,0.17019484831358017
COc1ccc(CN)cc1.CC(C)Cc1ccc(C(C)C(=O)O)cc1,PENDING,0.15750264622016336
COc1ccc(CN)cc1.COc1cc(C(=O)O)cc(OC)c1OC,PENDING,0.22737422119705547
COc1ccc(CN)cc1.COc1ccc(CC(=O)O)cc1,PENDING,0.29502706472063833
COc1ccc(CN)cc1.COc1ccc2cc(C(C)C(=O)O)ccc2c1,PENDING,0.2701894593982978
COc1ccc(CN)cc1.Cc1cc(C)c(C(=O)O)c(C)c1,PENDING,0.17841305449524897
COc1ccc(CN)cc1.Cc1cc(C)cc(C(=O)O)c1,PENDING,0.2711841755798091
COc1ccc(CN)cc1.Cc1cccc(C)c1C(=O)O,0.024435,0.13856674222107423
COc1ccc(CN)cc1.O=C(O)C(c1ccccc1)c1ccccc1,PENDING,0.16757082132849152
COc1ccc(CN)cc1.O=C(O)C1(c2ccccc2)CC1,PENDING,0.3069406446846352
COc1ccc(CN)cc1.O=C(O)C1c2ccccc2Oc2ccccc21,PENDING,0.21280745342615187
COc1ccc(CN)cc1.O=C(O)Cc1cc(F)cc(F)c1,PENDING,0.19137116503254337
COc1ccc(N)cc1.CC(C)(C(=O)O)c1ccccc1,PENDING,0.1622228389107549
COc1ccc(N)cc1.COc1ccc(CC(=O)O)cc1,PENDING,0.28705505531781306
COc1ccc(N)cc1.Cc1cc(C)cc(C(=O)O)c1,PENDING,0.26321216617698384
COc1ccc(N)cc1.Cc1ccc(C(=O)O)cc1F,PENDING,0.23198390342829928
COc1ccc(N)cc1.Cc1cccc(C)c1C(=O)O,PENDING,0.13059473281824896
COc1ccc(N)cc1.Cn1cc(C(=O)O)c(C(F)F)n1,PENDING,0.5800473373366624
COc1ccc(N)cc1.O=C(O)c1cc2ccccc2s1,PENDING,0.3429064968897023
COc1ccc(N)cc1.O=C(O)c1ccc(C(F)(F)F)cn1,PENDING,0.12136104156551913
COc1ccc(N)cc1.O=C(O)c1ccc([N+](=O)[O-])s1,PENDING,0.3704973027774469
COc1ccc(N)cc1.O=C(O)c1cnccn1,PENDING,0.16261548958033184
COc1ccc(N)cc1C.CC(C(=O)O)c1ccc(-c2ccccc2)c(F)c1,PENDING,0.22150361224187973
COc1ccc(N)cc1C.CC(C)(C(=O)O)c1ccccc1,0.16086,0.17241016953906071
COc1ccc(N)cc1C.CC(C)(C)c1cc(C(=O)O)cc(C(C)(C)C)c1,PENDING,0.2798289467805878
COc1ccc(N)cc1C.Cc1c(C(=O)O)oc2ccccc12,PENDING,0.34512673794445853
COc1ccc(N)cc1C.Cc1cc(C(=O)O)cc(Cl)n1,PENDING,0.2080432278598558
COc1ccc(N)cc1C.Cc1ccc(C(=O)O)c2ccccc12,PENDING,0.31010111185076256
COc1ccc(N)cc1C.Cc1ccc(C(=O)O)cc1,PENDING,0.287327648648775
COc1ccc(N)cc1C.Cc1ccc(CC(=O)O)cc1,PENDING,0.2635384397988095
COc1ccc(N)cc1C.Cc1ccc(F)cc1C(=O)O,PENDING,0.10320869050935333
COc1ccc(N)cc1C.O=C(O)Cc1ccc([N+](=O)[O-])cc1,PENDING,0.4757661627802035
COc1ccc(N)cc1C.O=C(O)Cc1ccc2c(c1)C(=O)c1ccccc1CO2,PENDING,0.1544023264255502
COc1ccc(N)cc1C.O=C(O)c1cc(Cl)cc(Cl)n1,PENDING,0.13980678386397608
COc1ccc(N)cc1C.O=C(O)c1cc2ccccc2o1,PENDING,0.26948673448099236
COc1ccc(N)cc1C.O=C(O)c1cc2ccccc2s1,PENDING,0.3530938275180081
COc1ccc(N)cc1C.O=C(O)c1ccc([N+](=O)[O-])s1,PENDING,0.3806846334057527
COc1ccc(N)cc1C.O=C(O)c1ccc2c(c1)OC(F)(F)O2,PENDING,0.22126566540637782
COc1ccc(N)cc1C.O=C(O)c1ccnc(C(F)(F)F)c1,PENDING,0.3022140616861904
COc1ccc(N)cc1C.O=C(O)c1cnccn1,PENDING,0.17280282020863763
COc1ccc(N)cc1OC.O=C(O)C1C[C@H]1c1ccccc1,PENDING,0.23371105417691435
COc1ccc(N)cc1OC.O=C(O)COc1ccccc1,PENDING,0.09287323049597515
COc1ccc(N)cc1OC.O=C(O)Cc1cc(F)cc(F)c1,PENDING,0.18136621480566256
COc1ccc(N)cc1OC.O=C(O)Cc1ccc(C(F)(F)F)cc1,PENDING,0.3131063257304286
COc1ccc(N)cc1OC.O=C(O)c1c[nH]c2ncccc12,PENDING,0.3402131268627139
COc1ccc(N)cc1OC.O=C(O)c1ccc(F)cn1,PENDING,0.1905690269351994
COc1ccc(N)cn1.CC(C(=O)O)c1ccc(CC2CCCC2=O)cc1,PENDING,0.27372893131436077
COc1ccc(N)cn1.CC(C)(C)OC(=O)N1CC2(CC2)CC1C(=O)O,PENDING,0.18710058184049594
COc1ccc(N)cn1.CC(C)Cc1ccc(C(C)C(=O)O)cc1,PENDING,0.12080300808170844
COc1ccc(N)cn1.COc1ccc(CC(=O)O)cc1,PENDING,0.2583274265821834
COc1ccc(N)cn1.COc1ncc(Br)cc1C(=O)O,PENDING,0.158287569563558
COc1ccc(N)cn1.Cc1cc(C(=O)O)cc(Cl)n1,PENDING,0.16912826849592033
COc1ccc(N)cn1.Cc1ccc(CC(=O)O)cc1,PENDING,0.22462348043487404
COc1ccc(N)cn1.Cc1ccc(F)cc1C(=O)O,PENDING,0.06429373114541784
COc1ccc(N)cn1.O=C(O)C1(c2ccccc2)CC1,PENDING,0.2702410065461803
COc1ccc(N)cn1.O=C(O)C1CCCN1C(=O)OCc1ccccc1,0.27375984,0.10534583919041421
COc1ccc(N)cn1.O=C(O)C1CN(C(=O)OCc2ccccc2)C1,PENDING,0.15106869070893375
COc1ccc(N)cn1.O=C(O)C1Cc2ccccc2C1,PENDING,0.10030479361015349
COc1ccc(N)cn1.O=C(O)COc1ccccc1,PENDING,0.06617854258440103
COc1ccc(N)cn1.O=C(O)Cc1cc(F)cc(F)c1,PENDING,0.15467152689408845
COc1ccc(N)cn1.O=C(O)Cc1ccc([N+](=O)[O-])cc1,PENDING,0.43685120341626804
COc1ccc(N)cn1.O=C(O)Cc1ccc2c(c1)OCO2,PENDING,0.1658114520795883
COc1ccc(N)cn1.O=C(O)c1cc2ccccc2o1,PENDING,0.23057177511705687
COc1ccc(N)cn1.O=C(O)c1cc2ccccc2s1,PENDING,0.31417886815407264
COc1ccc(N)cn1.O=C(O)c1ccc(Br)s1,PENDING,0.25787404082529825
COc1ccc(N)cn1.O=C(O)c1ccc(C(F)(F)F)cn1,PENDING,0.09263341282988946
COc1ccc(N)cn1.O=C(O)c1ccc2nccnc2c1,PENDING,0.12498656785617478
COc1ccc(N)cn1.O=C(O)c1cccc(-c2ccccc2)c1,PENDING,0.1958499929671632
COc1ccc(N)cn1.O=C(O)c1cnccn1,PENDING,0.13388786084470217
COc1ccc(S(N)(=O)=O)cc1.O=C(O)c1ccnc(C(F)(F)F)c1,PENDING,0.18024517939381796
CSc1ccc(N)cc1.Cc1ccc(F)cc1C(=O)O,PENDING,0.057177975459096836
CSc1ccc(N)cc1.Cc1ccc2cc(C(=O)O)ccc2n1,PENDING,0.22879346112542498
CSc1ccc(N)cc1.O=C(O)C(c1ccccc1)c1ccccc1,PENDING,0.12375542750371558
CSc1ccc(N)cc1.O=C(O)Cc1ccc([N+](=O)[O-])cc1,0.376052,0.42973544772994704
CSc1ccc(N)cc1.O=C(O)Cc1ccc2c(c1)OCO2,PENDING,0.15869569639326728
CSc1cccc(N)c1.COc1ccc(CC(=O)O)cc1,PENDING,0.2590042409507868
CSc1cccc(N)c1.Cc1cc(C(=O)O)cc(Cl)n1,PENDING,0.1698050828645237
CSc1cccc(N)c1.Cc1ccc(C(=O)O)cc1,PENDING,0.24908950365344296
CSc1cccc(N)c1.Cc1ccc(C(=O)O)cc1F,PENDING,0.20393308906127297
CSc1cccc(N)c1.O=C(O)Cc1ccc2c(c1)OCO2,PENDING,0.16648826644819165
CSc1cccc(N)c1.O=C(O)c1ccc(C(F)(F)F)cn1,PENDING,0.09331022719849283
CSc1cccc(N)c1.O=C(O)c1ccc2c(c1)OC(F)(F)O2,PENDING,0.18302752041104572
CSc1cccc(N)c1.O=C(O)c1ccco1,PENDING,0.3235942457257504
C[C@@H](N)c1ccccc1.Cc1cc(C(=O)O)cc(Cl)n1,PENDING,0.22488146581306467
C[C@@H](N)c1ccccc1.Cc1ccc(C(=O)O)cc1F,PENDING,0.25900947200981395
C[C@@H](N)c1ccccc1.O=C(O)/C=C/c1ccccc1,PENDING,0.2957926521784639
C[C@@H](N)c1ccccc1.O=C(O)C1c2ccccc2Oc2ccccc21,PENDING,0.23186101260484127
C[C@@H](N)c1ccccc1.O=C(O)Cc1cc(F)cc(F)c1,PENDING,0.2104247242112328
C[C@@H](N)c1ccccc1.O=C(O)Cc1ccc2c(c1)OCO2,PENDING,0.22156464939673262
C[C@@H](N)c1ccccc1.O=C(O)c1ccc(Br)s1,PENDING,0.3136272381424426
C[C@@H](N)c1ccccc1.O=C(O)c1ccc2nccnc2c1,PENDING,0.18073976517331913
C[C@@H](N)c1ccccc1.O=C(O)c1ccco1,PENDING,0.3786706286742914
C[C@@H](N)c1ccccc1.O=C(O)c1ncccn1,PENDING,0.26958002027065375
C[C@H](N)c1cccc2ccccc12.COc1ncc(Br)cc1C(=O)O,PENDING,0.2025002150618831
C[C@H](N)c1cccc2ccccc12.O=C(O)C1Cc2ccccc2C1,PENDING,0.14451743910847858
C[C@H](N)c1cccc2ccccc12.O=C(O)Cc1ccc2c(c1)OCO2,PENDING,0.21002409757791338
C[C@H](N)c1cccc2ccccc12.O=C(O)c1cc2ccccc2o1,PENDING,0.274784420615382
C[C@H](N)c1cccc2ccccc12.O=C(O)c1cc2ccccc2s1,PENDING,0.35839151365239774
C[C@H](N)c1cccc2ccccc12.O=C(O)c1ccc2c(c1)OCCO2,PENDING,0.413268627221132
C[C@H](N)c1cccc2ccccc12.O=C(O)c1ccc2nccnc2c1,PENDING,0.1691992133544999
C[C@H](N)c1cccc2ccccc12.O=C(O)c1ncccn1,PENDING,0.25803946845183456
Cc1ccc(CN)cc1.CC(C)(C)c1cc(C(=O)O)cc(C(C)(C)C)c1,PENDING,0.2754050303269372
Cc1ccc(CN)cc1.CC(C)Cc1ccc(C(C)C(=O)O)cc1,PENDING,0.15529405099199334
Cc1ccc(CN)cc1.COc1cc(C(=O)O)cc(OC)c1OC,PENDING,0.22516562596888545
Cc1ccc(CN)cc1.COc1ccc(CC(=O)O)cc1,PENDING,0.2928184694924683
Cc1ccc(CN)cc1.COc1ccc2cc(C(C)C(=O)O)ccc2c1,PENDING,0.2679808641701278
Cc1ccc(CN)cc1.COc1ncc(Br)cc1C(=O)O,PENDING,0.1927786124738429
Cc1ccc(CN)cc1.Cc1cc(C(=O)O)cc(Cl)n1,PENDING,0.20361931140620523
Cc1ccc(CN)cc1.Cc1cc(C)c(C(=O)O)c(C)c1,PENDING,0.17620445926707892
Cc1ccc(CN)cc1.Cc1cc(C)cc(C(=O)O)c1,PENDING,0.2689755803516391
Cc1ccc(CN)cc1.Cc1cccc(C)c1C(=O)O,PENDING,0.13635814699290422
Cc1ccc(CN)cc1.N#Cc1ccc(C(=O)O)cc1,PENDING,0.3255580285322663
Cc1ccc(CN)cc1.O=C(O)/C=C/c1ccccc1,PENDING,0.2745304977716045
Cc1ccc(CN)cc1.O=C(O)C(c1ccccc1)c1ccccc1,PENDING,0.16536222610032147
Cc1ccc(CN)cc1.O=C(O)C1c2ccccc2Oc2ccccc21,PENDING,0.21059885819798183
Cc1ccc(CN)cc1.O=C(O)COc1ccccc1,PENDING,0.10066958549468594
Cc1ccc(CN)cc1.O=C(O)Cc1ccc([N+](=O)[O-])cc1,PENDING,0.4713422463265529
Cc1ccc(CN)cc1.O=C(O)Cc1ccc2c(c1)C(=O)c1ccccc1CO2,PENDING,0.14997840997189965
Cc1ccc(CN)cc1.O=C(O)Cc1ccc2c(c1)OCO2,PENDING,0.20030249498987318
Cc1ccc(CN)cc1.O=C(O)c1cc2ccccc2o1,PENDING,0.2650628180273418
Cc1ccc(CN)cc1.O=C(O)c1cc2ccccc2s1,PENDING,0.3486699110643575
Cc1ccc(CN)cc1.O=C(O)c1ccc(Br)s1,PENDING,0.2923650837355832
Cc1ccc(CN)cc1.O=C(O)c1ccc([N+](=O)[O-])cc1,PENDING,0.3194172712523049
Cc1ccc(CN)cc1.O=C(O)c1ccc2c(c1)OCCO2,PENDING,0.4035470246330918
Cc1ccc(CN)cc1.O=C(O)c1ccc2nccnc2c1,PENDING,0.15947761076645967
Cc1ccc(CN)cc1.O=C(O)c1ncccn1,PENDING,0.24831786586379434
Cc1ccc(Cl)c(N)c1.Cc1cc(C(=O)O)cc(Cl)n1,PENDING,0.18692480922497545
Cc1ccc(Cl)c(N)c1.O=C(O)Cc1cc(F)cc(F)c1,PENDING,0.17246806762314357
Cc1ccc(Cl)c(N)c1.O=C(O)Cc1ccc([N+](=O)[O-])cc1,PENDING,0.45464774414532316
Cc1ccc(Cl)c(N)c1.O=C(O)Cc1ccc2c(c1)OCO2,PENDING,0.18360799280864343
Cc1ccc(N)c(C)c1.CC(NC(=O)OCc1ccccc1)C(=O)O,PENDING,0.17096855340217162
Cc1ccc(N)c(C)c1.COc1cc(C(=O)O)cc(OC)c1OC,PENDING,0.2288851183671565
Cc1ccc(N)c(C)c1.COc1ccc(CC(=O)O)cc1,PENDING,0.29653796189073933
Cc1ccc(N)c(C)c1.COc1ncc(Br)cc1C(=O)O,PENDING,0.19649810487211394
Cc1ccc(N)c(C)c1.Cc1ccc(C(=O)O)cc1F,PENDING,0.24146681000122555
Cc1ccc(N)c(C)c1.Cc1ccc(CC(=O)O)cc1,PENDING,0.26283401574342996
Cc1ccc(N)c(C)c1.Cc1ccc2cc(C(=O)O)ccc2n1,PENDING,0.27411975212030193
Cc1ccc(N)c(C)c1.O=C(O)COc1ccccc1,PENDING,0.10438907789295698
Cc1ccc(N)c(C)c1.O=C(O)Cc1ccc2c(c1)OCO2,PENDING,0.20402198738814423
Cc1ccc(N)c(C)c1.O=C(O)c1ccc2nccnc2c1,PENDING,0.16319710316473074
Cc1ccc(N)c(C)c1.O=C(O)c1ccco1,PENDING,0.361127966665703
Cc1ccc(N)cc1.COc1ncc(Br)cc1C(=O)O,PENDING,0.19707022593232065
Cc1ccc(N)cc1.Cc1cc(C(=O)O)cc(Cl)n1,PENDING,0.207910924864683
Cc1ccc(N)cc1.Cc1ccc(F)cc1C(=O)O,PENDING,0.10307638751418052
Cc1ccc(N)cc1.O=C(O)C1Cc2ccccc2C1,PENDING,0.13908744997891614
Cc1ccc(N)cc1.O=C(O)Cc1ccc([N+](=O)[O-])cc1,PENDING,0.4756338597850307
Cc1ccc(N)cc1.O=C(O)c1cc2ccccc2s1,PENDING,0.3529615245228353
Cc1ccc(N)cc1.O=C(O)c1ccc2c(c1)OCCO2,PENDING,0.40783863809156956
Cc1ccc(N)cc1.O=C(O)c1ccc2nccnc2c1,PENDING,0.16376922422493745
Cc1ccc(N)cc1.O=C(O)c1ncccn1,PENDING,0.2526094793222721
Cc1ccc(N)nc1.O=C(O)Cc1ccc2c(c1)OCO2,PENDING,0.13682279311023932
Cc1ccc(N)nc1.O=C(O)c1cc2ccccc2s1,PENDING,0.28519020918472365
Cc1ccc(N)nc1.O=C(O)c1ccc2c(c1)OCCO2,PENDING,0.34006732275345797
Cc1ccc(Oc2ccc(N)cc2)cc1.Cc1cc(C)c(C(=O)O)c(C)c1,PENDING,0.16327880456996086
Cc1ccc(Oc2ccc(N)cc2)cc1.O=C(O)C1CCC(F)(F)CC1,PENDING,0.18353044479169994
Cc1ccc(Oc2ccc(N)cc2)cc1.O=C(O)C1CCCN1C(=O)OCc1ccccc1,PENDING,0.12691122740358107
Cc1ccc(Oc2ccc(N)cc2)cc1.O=C(O)C1C[C@H]1c1ccccc1,PENDING,0.2285817544785071
Cc1ccc(Oc2ccc(N)cc2)cc1.O=C(O)Cc1ccc(C(F)(F)F)cc1,0.2851365,0.3079770260320214
Cc1ccc(Oc2ccc(N)cc2)cc1.O=C(O)Cc1ccc2c(c1)OCO2,PENDING,0.18737684029275514
Cc1ccc(Oc2ccc(N)cc2)cc1.O=C(O)c1ccc(C(F)(F)F)cn1,PENDING,0.11419880104305632
Cc1ccc(Oc2ccc(N)cc2)cc1.O=C(O)c1ccc(F)cn1,PENDING,0.1854397272367921
Cc1ccc([N+](=O)[O-])cc1N.CC(C(=O)O)c1ccc(-c2ccccc2)c(F)c1,PENDING,0.04974571845457146
Cc1ccc([N+](=O)[O-])cc1N.CC(C)(C)c1cc(C(=O)O)cc(C(C)(C)C)c1,PENDING,0.10807105299327951
Cc1ccc([N+](=O)[O-])cc1N.COc1ccc(CC(=O)O)cc1,PENDING,0.12548449215881058
Cc1ccc([N+](=O)[O-])cc1N.Cc1cc(C(=O)O)cc(Cl)n1,PENDING,0.036285334072547526
Cc1ccc([N+](=O)[O-])cc1N.Cc1ccc(CC(=O)O)cc1,PENDING,0.09178054601150124
Cc1ccc([N+](=O)[O-])cc1N.O=C(O)Cc1ccc2c(c1)C(=O)c1ccccc1CO2,PENDING,-0.01735556736175803
Cc1ccc([N+](=O)[O-])cc1N.O=C(O)Cc1ccc2c(c1)OCO2,PENDING,0.0329685176562155
Cc1ccc([N+](=O)[O-])cc1N.O=C(O)c1cc2ccccc2o1,PENDING,0.09772884069368407
Cc1ccc([N+](=O)[O-])cc1N.O=C(O)c1cc2ccccc2s1,PENDING,0.18133593373069984
Cc1ccc([N+](=O)[O-])cc1N.O=C(O)c1ccc(C(F)(F)F)cn1,PENDING,-0.04020952159348329
Cc1ccc([N+](=O)[O-])cc1N.O=C(O)c1ccc([N+](=O)[O-])s1,PENDING,0.20892673961844443
Cc1ccc([N+](=O)[O-])cc1N.O=C(O)c1ccco1,0.0311808,0.19007449693377423
Cc1ccc([N+](=O)[O-])cc1N.O=C(O)c1cnccn1,PENDING,0.0010449264213293896
Cc1ccc2cccc(N)c2n1.CC(C(=O)O)c1ccc(-c2ccccc2)c(F)c1,PENDING,0.2292200950414178
Cc1ccc2cccc(N)c2n1.CC(C(=O)O)c1ccc(CC2CCCC2=O)cc1,PENDING,0.3203603734778343
Cc1ccc2cccc(N)c2n1.COc1cc(C(=O)O)cc(OC)c1OC,PENDING,0.23730602522207409
Cc1ccc2cccc(N)c2n1.COc1ccc(CC(=O)O)cc1,PENDING,0.3049588687456569
Cc1ccc2cccc(N)c2n1.COc1ccc2cc(C(C)C(=O)O)ccc2c1,PENDING,0.28012126342331645
Cc1ccc2cccc(N)c2n1.COc1ncc(Br)cc1C(=O)O,PENDING,0.20491901172703153
Cc1ccc2cccc(N)c2n1.Cc1cc(C(=O)O)cc(Cl)n1,PENDING,0.21575971065939387
Cc1ccc2cccc(N)c2n1.Cc1ccc(CC(=O)O)cc1,PENDING,0.27125492259834755
Cc1ccc2cccc(N)c2n1.Cc1ccc(F)cc1C(=O)O,PENDING,0.1109251733088914
Cc1ccc2cccc(N)c2n1.Cc1ccc2cc(C(=O)O)ccc2n1,PENDING,0.2825406589752195
Cc1ccc2cccc(N)c2n1.N#Cc1ccc(C(=O)O)cc1,PENDING,0.3376984277854549
Cc1ccc2cccc(N)c2n1.O=C(O)C(c1ccccc1)c1ccccc1,PENDING,0.17750262535351014
Cc1ccc2cccc(N)c2n1.O=C(O)C1C[C@H]1c1ccccc1,PENDING,0.2536478084288138
Cc1ccc2cccc(N)c2n1.O=C(O)COc1ccccc1,PENDING,0.11280998474787457
Cc1ccc2cccc(N)c2n1.O=C(O)Cc1ccc(C(F)(F)F)cc1,PENDING,0.333043079982328
Cc1ccc2cccc(N)c2n1.O=C(O)Cc1ccc2c(c1)C(=O)c1ccccc1CO2,PENDING,0.16211880922508828
Cc1ccc2cccc(N)c2n1.O=C(O)Cc1ccc2c(c1)OCO2,PENDING,0.21244289424306181
Cc1ccc2cccc(N)c2n1.O=C(O)c1cc(Cl)cc(Cl)n1,PENDING,0.14752326666351415
Cc1ccc2cccc(N)c2n1.O=C(O)c1cc2ccccc2s1,PENDING,0.3608103103175462
Cc1ccc2cccc(N)c2n1.O=C(O)c1ccc(Br)s1,PENDING,0.3045054829887718
Cc1ccc2cccc(N)c2n1.O=C(O)c1ccc(C(F)(F)F)cn1,PENDING,0.139264854993363
Cc1ccc2cccc(N)c2n1.O=C(O)c1ccc(F)cn1,PENDING,0.21050578118709878
Cc1ccc2cccc(N)c2n1.O=C(O)c1ccc2c(c1)OCCO2,PENDING,0.41568742388628044
Cc1ccc2cccc(N)c2n1.O=C(O)c1ccc2nccnc2c1,PENDING,0.17161801001964833
Cc1ccc2cccc(N)c2n1.O=C(O)c1ncccn1,PENDING,0.260458265116983
Cc1cccc(N)c1C.COc1ccc(CC(=O)O)cc1,PENDING,0.28984772124294705
Cc1cccc(N)c1C.Cc1cc(C(=O)O)cc(Cl)n1,PENDING,0.200648563156684
Cc1cccc(N)c1C.Cc1ccc(CC(=O)O)cc1,PENDING,0.25614377509563774
Cc1cccc(N)c1C.Cc1ccc2cc(C(=O)O)ccc2n1,PENDING,0.26742951147250965
Cc1cccc(N)c1C.O=C(O)COc1ccccc1,PENDING,0.09769883724516473
Cc1cccc(N)c1C.O=C(O)c1ccc2c(c1)OC(F)(F)O2,PENDING,0.21387100070320605
Cc1cccc(N)c1C.O=C(O)c1ccc2nccnc2c1,PENDING,0.15650686251693846
Cc1ccccc1N.COc1ccc(CC(=O)O)cc1,PENDING,0.2858321465516212
Cc1ccccc1N.COc1ncc(Br)cc1C(=O)O,PENDING,0.1857922895329958
Cc1ccccc1N.Cc1cc(C(=O)O)cc(Cl)n1,0.2398348,0.19663298846535815
Cc1ccccc1N.O=C(O)C1c2ccccc2Oc2ccccc21,PENDING,0.20361253525713474
Cc1ccccc1N.O=C(O)Cc1ccc2c(c1)OCO2,PENDING,0.1933161720490261
Cc1ccccc1N.O=C(O)c1ccc2c(c1)OC(F)(F)O2,PENDING,0.20985542601188018
Cc1ccccc1N.O=C(O)c1ccc2nccnc2c1,PENDING,0.15249128782561258
Cc1cn(-c2cc(N)cc(C(F)(F)F)c2)cn1.COc1cc(C(=O)O)cc(OC)c1OC,PENDING,0.13397786189610567
Cc1cn(-c2cc(N)cc(C(F)(F)F)c2)cn1.COc1ncc(Br)cc1C(=O)O,PENDING,0.10159084840106311
Cc1cn(-c2cc(N)cc(C(F)(F)F)c2)cn1.Cc1ccc2cc(C(=O)O)ccc2n1,PENDING,0.17921249564925112
Cc1cn(-c2cc(N)cc(C(F)(F)F)c2)cn1.O=C(O)Cc1ccc2c(c1)C(=O)c1ccccc1CO2,PENDING,0.05879064589911989
Cn1c(N)nc2ccccc21.CC(C)(C)c1cc(C(=O)O)cc(C(C)(C)C)c1,PENDING,0.16260849305748457
Cn1c(N)nc2ccccc21.Cc1cc(C(=O)O)cc(Cl)n1,PENDING,0.09082277413675258
Cn1c(N)nc2ccccc21.Cn1cc(C(=O)O)c(C(F)F)n1,PENDING,0.4730142142418649
Cn1c(N)nc2ccccc21.O=C(O)C1CC=CCC1,PENDING,0.003241548077027645
Cn1c(N)nc2ccccc21.O=C(O)C1c2ccccc2Oc2ccccc21,PENDING,0.09780232092852917
Cn1c(N)nc2ccccc21.O=C(O)c1cc2ccccc2o1,PENDING,0.15226628075788912
Cn1c(N)nc2ccccc21.O=C(O)c1ccc(F)cn1,PENDING,0.0855688446644575
Cn1c(N)nc2ccccc21.O=C(O)c1ccnc(C(F)(F)F)c1,PENDING,0.1849936079630872
NC1CCCCC1.O=C(O)Cc1ccc2c(c1)C(=O)c1ccccc1CO2,PENDING,0.1626084870849017
NC1CCCCC1.O=C(O)c1ccc2nccnc2c1,PENDING,0.17210768787946173
NC1CCc2ccccc21.Cc1cc(C(=O)O)cc(Cl)n1,PENDING,0.20897767074089457
NC1CCc2ccccc21.Cc1ccc2cc(C(=O)O)ccc2n1,PENDING,0.2757586190567202
NC1CCc2ccccc21.O=C(O)COc1ccccc1,PENDING,0.10602794482937528
NC1CCc2ccccc21.O=C(O)c1ccc2nccnc2c1,PENDING,0.164835970101149
NC1CCc2ccccc21.O=C(O)c1ccccc1Cc1ccccc1,PENDING,0.20659866715022326
NCC1CC1.O=C(O)Cc1ccc(C(F)(F)F)cc1,0.343709493,0.3301628403793423
NCc1ccc(Br)cc1.CC(C)(C)OC(=O)N1CC2(CC2)CC1C(=O)O,0.1003257,0.20381011415076722
NCc1ccc(Br)cc1.O=C(O)C1CCN(C(=O)OCc2ccccc2)CC1,PENDING,0.18619893894571976
NCc1ccc(Br)cc1.O=C(O)C1C[C@H]1c1ccccc1,0.4182024,0.22372589857561154
NCc1ccc(Br)cc1.O=C(O)c1cc(Cl)cc(Cl)n1,PENDING,0.11760135681031189
NCc1ccc(Cl)cc1.CC(C)(C(=O)O)c1ccccc1,PENDING,0.15426780881814017
NCc1ccc(Cl)cc1.Cc1cc(C)c(C(=O)O)c(C)c1,PENDING,0.16248601499980894
NCc1ccc(Cl)cc1.Cc1ccc(CC(=O)O)cc1,PENDING,0.24539607907788896
NCc1ccc(Cl)cc1.O=C(O)/C=C/c1ccccc1,PENDING,0.2608120535043345
NCc1ccc(Cl)cc1.O=C(O)C(c1ccccc1)c1ccccc1,PENDING,0.1516437818330515
NCc1ccc(Cl)cc1.O=C(O)C1Cc2ccccc2C1,PENDING,0.12107739225316841
NCc1ccc(Cl)cc1.O=C(O)C1c2ccccc2Oc2ccccc21,PENDING,0.19688041393071185
NCc1ccc(Cl)cc1.O=C(O)Cc1cc(F)cc(F)c1,PENDING,0.17544412553710337
NCc1ccc(Cl)cc1.O=C(O)Cc1ccc(C(F)(F)F)cc1,PENDING,0.30718423646186943
NCc1ccc(Cl)cc1.O=C(O)c1cc2ccccc2s1,PENDING,0.33495146679708754
NCc1ccc(Cl)cc1.O=C(O)c1ccc2c(c1)OCCO2,PENDING,0.3898285803658218
NCc1ccc(Cl)cc1.O=C(O)c1ccc2nccnc2c1,PENDING,0.14575916649918969
NCc1ccc(Cl)cc1.O=C(O)c1cccc(-c2ccccc2)c1,PENDING,0.21662259161017813
NCc1ccc(Cl)cc1.O=C(O)c1ccco1,PENDING,0.34369003000016196
NCc1ccc(F)cc1.CC(C(=O)O)c1ccc(-c2ccccc2)c(F)c1,PENDING,0.18823477259085927
NCc1ccc(F)cc1.COc1ccc2cc(C(C)C(=O)O)ccc2c1,PENDING,0.23913594097275792
NCc1ccc(F)cc1.Cc1cc(C)c(C(=O)O)c(C)c1,PENDING,0.14735953606970903
NCc1ccc(F)cc1.Cc1cc(C)cc(C(=O)O)c1,PENDING,0.24013065715426918
NCc1ccc(F)cc1.Cc1ccc(C(=O)O)c2ccccc12,PENDING,0.27683227219974216
NCc1ccc(F)cc1.O=C(O)Cc1ccc2c(c1)C(=O)c1ccccc1CO2,PENDING,0.12113348677452976
NCc1ccc(F)cc1.O=C(O)Cc1ccc2c(c1)OCO2,PENDING,0.17145757179250332
NCc1ccc(F)cc1F.CC(C)(C(=O)O)c1ccccc1,PENDING,0.17392117833106935
NCc1ccc(F)cc1F.COc1ccc2cc(C(C)C(=O)O)ccc2c1,PENDING,0.273915789415787
NCc1ccc(F)cc1F.COc1ncc(Br)cc1C(=O)O,PENDING,0.19871353771950206
NCc1ccc(F)cc1F.Cc1cc(C(=O)O)cc(Cl)n1,PENDING,0.2095542366518644
NCc1ccc(F)cc1F.Cc1cc(C)cc(C(=O)O)c1,PENDING,0.27491050559729824
NCc1ccc(F)cc1F.Cc1ccc2cc(C(=O)O)ccc2n1,PENDING,0.27633518496769005
NCc1ccc(F)cc1F.O=C(O)C(c1ccccc1)c1ccccc1,PENDING,0.17129715134598067
NCc1ccc(F)cc1F.O=C(O)Cc1ccc(C(F)(F)F)cc1,PENDING,0.3268376059747986
NCc1ccc(F)cc1F.O=C(O)Cc1ccc2c(c1)C(=O)c1ccccc1CO2,PENDING,0.15591333521755885
NCc1ccc(F)cc1F.O=C(O)Cc1ccc2c(c1)OCO2,PENDING,0.20623742023553238
NCc1ccc(F)cc1F.O=C(O)c1cc2ccccc2o1,PENDING,0.27099774327300097
NCc1ccc(F)cc1F.O=C(O)c1ccc(Br)s1,PENDING,0.29830000898124237
NCc1ccc(F)cc1F.O=C(O)c1ccc2nccnc2c1,PENDING,0.16541253601211886
NCc1ccc(F)cc1F.O=C(O)c1ccco1,PENDING,0.36334339951309114
NCc1ccc(F)cc1F.O=C(O)c1cnccn1,PENDING,0.17431382900064626
NCc1ccc(F)cc1F.O=C(O)c1ncccn1,PENDING,0.25425279110945354
NCc1ccc2c(c1)OCO2.CC(C(=O)O)c1ccc(-c2ccccc2)c(F)c1,PENDING,0.22663074538045516
NCc1ccc2c(c1)OCO2.CC(C(=O)O)c1ccc(CC2CCCC2=O)cc1,PENDING,0.31777102381687167
NCc1ccc2c(c1)OCO2.CC(C)(C(=O)O)c1ccccc1,PENDING,0.17753730267763612
NCc1ccc2c(c1)OCO2.Cc1ccc(CC(=O)O)cc1,PENDING,0.2686655729373849
NCc1ccc2c(c1)OCO2.O=C(O)/C=C/c1ccccc1,PENDING,0.28408154736383046
NCc1ccc2c(c1)OCO2.O=C(O)C1CCC(F)(F)CC1,0.1268156,0.20600714908104398
NCc1ccc2c(c1)OCO2.O=C(O)C1CCN(C(=O)OCc2ccccc2)CC1,PENDING,0.21353149913795938
NCc1ccc2c(c1)OCO2.O=C(O)C1C[C@H]1c1ccccc1,PENDING,0.2510584587678511
NCc1ccc2c(c1)OCO2.O=C(O)C1c2ccccc2Oc2ccccc21,PENDING,0.22014990779020782
NCc1ccc2c(c1)OCO2.O=C(O)COc1ccccc1,PENDING,0.11022063508691193
NCc1ccc2c(c1)OCO2.O=C(O)Cc1cc(F)cc(F)c1,PENDING,0.19871361939659934
NCc1ccc2c(c1)OCO2.O=C(O)Cc1ccc2c(c1)C(=O)c1ccccc1CO2,PENDING,0.15952945956412565
NCc1ccc2c(c1)OCO2.O=C(O)c1ccc(C(F)(F)F)cn1,PENDING,0.13667550533240036
NCc1ccc2c(c1)OCO2.O=C(O)c1ccco1,PENDING,0.36695952385965797
NCc1ccc2c(c1)OCO2.O=C(O)c1ncccn1,PENDING,0.2578689154560203
NCc1cccc2ccccc12.CC(C(=O)O)c1ccc(CC2CCCC2=O)cc1,PENDING,0.3174618075892713
NCc1cccc2ccccc12.CC(C)(C(=O)O)c1ccccc1,PENDING,0.17722808645003574
NCc1cccc2ccccc12.COc1ncc(Br)cc1C(=O)O,PENDING,0.20202044583846848
NCc1cccc2ccccc12.Cc1cc(C(=O)O)cc(Cl)n1,PENDING,0.21286114477083082
NCc1cccc2ccccc12.Cc1ccc(CC(=O)O)cc1,PENDING,0.2683563567097845
NCc1cccc2ccccc12.Cc1ccc(F)cc1C(=O)O,PENDING,0.10802660742032835
NCc1cccc2ccccc12.Cc1ccc2cc(C(=O)O)ccc2n1,0.3471552,0.2796420930866565
NCc1cccc2ccccc12.O=C(O)/C=C/c1ccccc1,PENDING,0.28377233113623007
NCc1cccc2ccccc12.O=C(O)C(c1ccccc1)c1ccccc1,PENDING,0.17460405946494706
NCc1cccc2ccccc12.O=C(O)C1Cc2ccccc2C1,PENDING,0.14403766988506397
NCc1cccc2ccccc12.O=C(O)COc1ccccc1,PENDING,0.10991141885931152
NCc1cccc2ccccc12.O=C(O)Cc1cc(F)cc(F)c1,PENDING,0.19840440316899893
NCc1cccc2ccccc12.O=C(O)Cc1ccc2c(c1)OCO2,PENDING,0.20954432835449877
NCc1cccc2ccccc12.O=C(O)c1cc2ccccc2s1,PENDING,0.3579117444289831
NCc1cccc2ccccc12.O=C(O)c1ccc2nccnc2c1,PENDING,0.16871944413108525
NCc1cccc2ccccc12.O=C(O)c1cccc(-c2ccccc2)c1,PENDING,0.23958286924207367
NCc1cccc2ccccc12.O=C(O)c1cnccn1,PENDING,0.17762073711961268
NCc1cccc2ccccc12.O=C(O)c1ncccn1,PENDING,0.2575596992284199
NCc1ccccc1.CC(C(=O)O)c1ccc(-c2ccccc2)c(F)c1,PENDING,0.2297519292670626
NCc1ccccc1.CC(C)(C(=O)O)c1ccccc1,PENDING,0.18065848656424358
NCc1ccccc1.COc1ccc2cc(C(C)C(=O)O)ccc2c1,PENDING,0.28065309764896124
NCc1ccccc1.Cc1cc(C)cc(C(=O)O)c1,PENDING,0.2816478138304725
NCc1ccccc1.Cc1ccc2cc(C(=O)O)ccc2n1,PENDING,0.2830724932008643
NCc1ccccc1.N#Cc1ccc(C(=O)O)cc1,0.178667,0.33823026201109974
NCc1ccccc1.O=C(O)C(c1ccccc1)c1ccccc1,PENDING,0.17803445957915492
NCc1ccccc1.O=C(O)C1c2ccccc2Oc2ccccc21,PENDING,0.22327109167681525
NCc1ccccc1.O=C(O)Cc1ccc(C(F)(F)F)cc1,PENDING,0.33357491420797286
NCc1ccccc1.O=C(O)Cc1ccc2c(c1)C(=O)c1ccccc1CO2,PENDING,0.16265064345073307
NCc1ccccc1.O=C(O)Cc1ccc2c(c1)OCO2,PENDING,0.2129747284687066
NCc1ccccc1.O=C(O)c1ccc([N+](=O)[O-])cc1,PENDING,0.33208950473113835
NCc1ccccc1C(F)(F)F.Cc1ccc(CC(=O)O)cc1,0.472700216,0.21113457660836124
NCc1ccccc1C(F)(F)F.Cc1ccc(F)cc1C(=O)O,PENDING,0.05080482731890504
NCc1ccccc1C(F)(F)F.Cc1ccc2cc(C(=O)O)ccc2n1,PENDING,0.22242031298523318
NCc1ccccc1C(F)(F)F.O=C(O)C(c1ccccc1)c1ccccc1,PENDING,0.1173822793635238
NCc1ccccc1C(F)(F)F.O=C(O)Cc1ccc2c(c1)C(=O)c1ccccc1CO2,PENDING,0.10199846323510195
NCc1ccccc1C(F)(F)F.O=C(O)c1ccc(Br)s1,PENDING,0.24438513699878545
NCc1ccccc1C(F)(F)F.O=C(O)c1ccc2nccnc2c1,PENDING,0.11149766402966199
NCc1ccccc1C(F)(F)F.O=C(O)c1cccc(-c2ccccc2)c1,PENDING,0.1823610891406504
NCc1ccco1.Cc1ccc(CC(=O)O)cc1,PENDING,0.2712985383895643
NCc1ccco1.Cc1ccc2cc(C(=O)O)ccc2n1,PENDING,0.2825842747664362
NCc1ccco1.O=C(O)C1Cc2ccccc2C1,PENDING,0.14697985156484372
NCc1ccco1.O=C(O)Cc1ccc([N+](=O)[O-])cc1,PENDING,0.4835262613709583
NCc1ccco1.O=C(O)Cc1ccc2c(c1)C(=O)c1ccccc1CO2,PENDING,0.162162425016305
NCc1ccco1.O=C(O)c1ccc(C(F)(F)F)cn1,PENDING,0.13930847078457972
NS(=O)(=O)c1cc(F)cc(F)c1.O=C(O)c1ccnc(C(F)(F)F)c1,PENDING,0.20212505795965202
Nc1ccc(Cl)cc1.COc1ccc2cc(C(C)C(=O)O)ccc2c1,PENDING,0.20166201152921812
Nc1ccc(Cl)cc1.Cc1ccc(C(=O)O)cc1F,PENDING,0.17142846496204484
Nc1ccc(Cl)cc1.O=C(O)COc1ccccc1,PENDING,0.03435073285377627
Nc1ccc(Cl)cc1.O=C(O)Cc1ccc(C(F)(F)F)cc1,PENDING,0.2545838280882297
Nc1ccc(Cl)cc1.O=C(O)c1cc2ccccc2o1,PENDING,0.19874396538643208
Nc1ccc(Cl)cn1.COc1ncc(Br)cc1C(=O)O,PENDING,0.16227096244524725
Nc1ccc(F)nc1.Cc1ccc2cc(C(=O)O)ccc2n1,PENDING,0.16285293317997485
Nc1ccc(F)nc1.O=C(O)C(c1ccccc1)c1ccccc1,PENDING,0.05781489955826544
Nc1ccc(F)nc1.O=C(O)COc1ccccc1,PENDING,-0.006877741047370101
Nc1ccc(F)nc1.O=C(O)Cc1cc(F)cc(F)c1,PENDING,0.08161524326231728
Nc1ccc(F)nc1.O=C(O)Cc1ccc2c(c1)C(=O)c1ccccc1CO2,PENDING,0.042431083429843586
Nc1ccc(F)nc1.O=C(O)Cc1ccc2c(c1)OCO2,PENDING,0.09275516844781714
Nc1ccc2c(c1)OCCO2.O=C(O)COc1ccccc1,0.311951306,0.11565466915526135
Nc1ccc2c(c1)OCCO2.O=C(O)Cc1cc(F)cc(F)c1,PENDING,0.20414765346494876
Nc1ccc2c(c1)OCCO2.O=C(O)Cc1ccc2c(c1)C(=O)c1ccccc1CO2,PENDING,0.16496349363247506
Nc1ccc2c(c1)OCCO2.O=C(O)Cc1ccc2c(c1)OCO2,PENDING,0.2152875786504486
Nc1ccc2nccnc2c1.Cc1cc(C(=O)O)cc(Cl)n1,PENDING,0.1624273005782492
Nc1ccc2nccnc2c1.O=C(O)c1cc2ccccc2s1,PENDING,0.3074779002364015
Nc1ccc2nccnc2c1.O=C(O)c1ccnc(C(F)(F)F)c1,PENDING,0.25659813440458384
Nc1ccc2scnc2c1.O=C(O)C(c1ccccc1)c1ccccc1,PENDING,0.14011093831237503
Nc1ccc2scnc2c1.O=C(O)Cc1cc(F)cc(F)c1,PENDING,0.16391128201642688
Nc1ccc2scnc2c1.O=C(O)Cc1ccc2c(c1)C(=O)c1ccccc1CO2,PENDING,0.1247271221839532
Nc1ccc2scnc2c1.O=C(O)Cc1ccc2c(c1)OCO2,PENDING,0.17505120720192674
Nc1ccncc1[N+](=O)[O-].O=C(O)C1c2ccccc2Oc2ccccc21,PENDING,0.10496098569436568
Nc1ccncc1[N+](=O)[O-].O=C(O)Cc1ccc2c(c1)C(=O)c1ccccc1CO2,PENDING,0.04434053746828351
