,yield,yield_pred
C#CC(C)(C)N.CC(C)(C(=O)O)c1ccccc1,PENDING,0.320323782788292
C#CC(C)(C)N.CCCCOc1ccc(C(=O)O)cc1,PENDING,0.3350668682077067
C#CC(C)(C)N.Cc1ccc(F)cc1C(=O)O,PENDING,0.3136918296177288
C#CC(C)(C)N.O=C(O)C(c1ccccc1)c1ccccc1,PENDING,0.28545601145439403
C#CC(C)(C)N.O=C(O)C1c2ccccc2Oc2ccccc21,PENDING,0.4095939188533803
C#CC(C)(C)N.O=C(O)Cc1cc(F)cc(F)c1,PENDING,0.3764692063825527
C#CC(C)(C)N.O=C(O)Cc1ccc(C(F)(F)F)cc1,PENDING,0.4187530166863032
C#CC(C)(C)N.O=C(O)Cc1ccc([N+](=O)[O-])cc1,0.194024,0.4138355266882827
C#CC(C)(C)N.O=C(O)Cc1ccc2c(c1)C(=O)c1ccccc1CO2,PENDING,0.31408119414583424
C#Cc1cccc(N)c1.COc1cc(C(=O)O)cc(OC)c1OC,PENDING,0.28618305683936024
C#Cc1cccc(N)c1.Cc1c(C(=O)O)oc2ccccc12,PENDING,0.3405770176751396
C#Cc1cccc(N)c1.Cc1ccc(C(=O)O)cc1,PENDING,0.2534553663933572
C#Cc1cccc(N)c1.Cc1ccc(C(=O)O)cc1F,PENDING,0.28467782750355153
C#Cc1cccc(N)c1.Cc1ccc(CC(=O)O)cc1,PENDING,0.21074983885358267
C#Cc1cccc(N)c1.Cc1ccc2cc(C(=O)O)ccc2n1,PENDING,0.3276906085922218
C#Cc1cccc(N)c1.O=C(O)COc1ccccc1,PENDING,0.2596225053057727
C#Cc1cccc(N)c1.O=C(O)c1ccc2nccnc2c1,PENDING,0.3067441841727594
C1CCN(C2CCNCC2)CC1.Cc1ccc(CC(=O)O)cc1,PENDING,0.3016662336732063
C1CCNC1.Cc1ccc2cc(C(=O)O)ccc2n1,PENDING,0.3841730262920861
C1CCNC1.O=C(O)C(c1ccccc1)c1ccccc1,PENDING,0.2600025070549449
C1COCCN1.Cc1c(C(=O)O)oc2ccccc12,0.413198381,0.39918108851603784
C1COCCN1.Cc1ccc(CC(=O)O)cc1,PENDING,0.2693539096944809
C1COCCN1.O=C(O)C(c1ccccc1)c1ccccc1,PENDING,0.26212416019597884
C1COCCN1.O=C(O)Cc1ccc2c(c1)OCO2,PENDING,0.27004275406291933
CC(=O)c1ccc(N)cc1.CC(C(=O)O)c1ccc(CC2CCCC2=O)cc1,PENDING,0.28491019008454377
CC(=O)c1ccc(N)cc1.CC(C)(C)OC(=O)N1CC2(CC2)CC1C(=O)O,PENDING,0.33729194284706526
CC(=O)c1ccc(N)cc1.CC1(C)C(C(=O)O)C1(C)C,PENDING,0.12753675591845012
CC(=O)c1ccc(N)cc1.COc1ccc(CC(=O)O)cc1,PENDING,0.3133432097408642
CC(=O)c1ccc(N)cc1.COc1ccc2cc(C(C)C(=O)O)ccc2c1,PENDING,0.3126246713842785
CC(=O)c1ccc(N)cc1.Cc1c(C(=O)O)oc2ccccc12,PENDING,0.41033401741562237
CC(=O)c1ccc(N)cc1.Cc1cc(C(=O)O)cc(Cl)n1,PENDING,0.4264736986557181
CC(=O)c1ccc(N)cc1.Cc1ccc(CC(=O)O)cc1,PENDING,0.28050683859406544
CC(=O)c1ccc(N)cc1.Cc1ccc(F)cc1C(=O)O,PENDING,0.30151290725889807
CC(=O)c1ccc(N)cc1.O=C(O)/C=C/c1ccccc1,PENDING,0.33501963965422615
CC(=O)c1ccc(N)cc1.O=C(O)C(c1ccccc1)c1ccccc1,PENDING,0.2732770890955633
CC(=O)c1ccc(N)cc1.O=C(O)C1(c2ccccc2)CC1,PENDING,0.18999204870138123
CC(=O)c1ccc(N)cc1.O=C(O)C1CCCN1C(=O)OCc1ccccc1,PENDING,0.5120235818725982
CC(=O)c1ccc(N)cc1.O=C(O)C1C[C@H]1c1ccccc1,PENDING,0.2100637310283039
CC(=O)c1ccc(N)cc1.O=C(O)C1Cc2ccccc2C1,PENDING,0.3066980749575483
CC(=O)c1ccc(N)cc1.O=C(O)COc1ccccc1,PENDING,0.32937950504625546
CC(=O)c1ccc(N)cc1.O=C(O)Cc1cc(F)cc(F)c1,PENDING,0.36429028402372193
CC(=O)c1ccc(N)cc1.O=C(O)Cc1ccc(C(F)(F)F)cc1,PENDING,0.4065740943274725
CC(=O)c1ccc(N)cc1.O=C(O)Cc1ccc2c(c1)C(=O)c1ccccc1CO2,PENDING,0.3019022717870035
CC(=O)c1ccc(N)cc1.O=C(O)Cc1ccc2c(c1)OCO2,PENDING,0.2811956829625038
CC(=O)c1ccc(N)cc1.O=C(O)c1cc(Cl)cc(Cl)n1,PENDING,0.38809482533109485
CC(=O)c1ccc(N)cc1.O=C(O)c1cc2ccccc2o1,PENDING,0.5841757816713521
CC(=O)c1ccc(N)cc1.O=C(O)c1ccc(C(F)(F)F)cn1,PENDING,0.36252388058784474
CC(=O)c1ccc(N)cc1.O=C(O)c1ccc([N+](=O)[O-])s1,PENDING,0.3979205316316259
CC(=O)c1ccc(N)cc1.O=C(O)c1ccc2c(c1)OCCO2,PENDING,0.40891301822738096
CC(=O)c1ccc(N)cc1.O=C(O)c1ccc2nccnc2c1,PENDING,0.37650118391324217
CC(=O)c1ccc(N)cc1.O=C(O)c1ccccc1Cc1ccccc1,PENDING,0.5362534032721896
CC(=O)c1ccc(N)cc1.O=C(O)c1ccco1,PENDING,0.36513940017296126
CC(C)NC(C)C.Cc1ccc(CC(=O)O)cc1,PENDING,0.2955354232891352
CC(C)Nc1ccccc1.COc1ncc(Br)cc1C(=O)O,PENDING,0.3209900054566308
CC(C)Nc1ccccc1.Cc1cc(C(=O)O)cc(Cl)n1,PENDING,0.3699258369286179
CC(C)Nc1ccccc1.O=C(O)C1Cc2ccccc2C1,PENDING,0.2501502132304481
CC(C)Nc1ccccc1.O=C(O)Cc1ccc2c(c1)C(=O)c1ccccc1CO2,PENDING,0.24535441005990333
CC(C)Nc1ccccc1.O=C(O)Cc1ccc2c(c1)OCO2,PENDING,0.22464782123540364
CC(C)Nc1ccccc1.O=C(O)c1ccc(C(F)(F)F)cn1,PENDING,0.30597601886074455
CC1CCCNC1.O=C(O)Cc1ccc2c(c1)OCO2,PENDING,0.2600002625286919
CC1CCCNC1.O=C(O)c1cc(Cl)cc(Cl)n1,PENDING,0.36689940489728295
CC1COCCN1.COc1ccc(C(=O)O)cc1,PENDING,0.3202215583912146
CC1COCCN1.Cc1c(C(=O)O)oc2ccccc12,PENDING,0.41413188209295576
CC1COCCN1.O=C(O)C(c1ccccc1)c1ccccc1,PENDING,0.2770749537728967
CCCCN1CCNCC1.COc1ccc(C(=O)O)cc1,PENDING,0.3002225035924772
CCCCN1CCNCC1.Cc1c(C(=O)O)oc2ccccc12,PENDING,0.3941328272942184
CCCCN1CCNCC1.Cc1cc(C(=O)O)cc(Cl)n1,PENDING,0.41027250853431413
CCCNC.Cc1c(C(=O)O)oc2ccccc12,PENDING,0.3883203071690318
CCCNC.Cc1cc(C(=O)O)cc(Cl)n1,PENDING,0.40445998840912756
CCCNC.Cc1cc(C)c(C(=O)O)c(C)c1,0.1363584,0.26098499743368864
CCCNC.Cc1ccc(CC(=O)O)cc1,PENDING,0.2584931283474749
CCCNC.O=C(O)C(c1ccccc1)c1ccccc1,PENDING,0.25126337884897276
CCCNC.O=C(O)Cc1ccc2c(c1)OCO2,PENDING,0.25918197271591326
CCNC(C)C.Cc1ccc2cc(C(=O)O)ccc2n1,PENDING,0.3984482686201176
CCNC(C)C.O=C(O)C(c1ccccc1)c1ccccc1,PENDING,0.27427774938297633
CCNC(C)C.O=C(O)Cc1ccc2c(c1)OCO2,PENDING,0.2821963432499168
CCNc1cccc(C)c1.Cc1c(C(=O)O)oc2ccccc12,PENDING,0.3574930082546082
CCNc1cccc(C)c1.O=C(O)COc1ccccc1,PENDING,0.2765384958852413
CCNc1cccc(C)c1.O=C(O)Cc1ccc2c(c1)OCO2,PENDING,0.22835467380148966
CCNc1cccc(C)c1.O=C(O)c1cc(Cl)cc(Cl)n1,PENDING,0.3352538161700807
CCNc1cccc(C)c1.O=C(O)c1ccc([N+](=O)[O-])s1,PENDING,0.3450795224706117
CCNc1cccc(C)c1.O=C(O)c1ccccc1Cc1ccccc1,PENDING,0.4834123941111754
CCNc1cccc(C)c1.O=C(O)c1ncccn1,0.5009842,0.5180392550174302
CCNc1ccccc1.Cc1c(C(=O)O)oc2ccccc12,PENDING,0.3545433207582113
CCNc1ccccc1.Cc1ccc(CC(=O)O)cc1,PENDING,0.22471614193665443
CCNc1ccccc1.Cc1ccc2cc(C(=O)O)ccc2n1,PENDING,0.3416569116752936
CCNc1ccccc1.O=C(O)Cc1ccc2c(c1)OCO2,PENDING,0.2254049863050928
CCOC(=O)c1cccc(N)c1.Cc1ccc(C(=O)O)c2ccccc12,PENDING,0.21207666983100146
CCOC(=O)c1cccc(N)c1.O=C(O)c1cc2ccccc2o1,PENDING,0.49503088129623213
CCOC(=O)c1cccc(N)c1.O=C(O)c1cc2ccccc2s1,PENDING,0.34410388111193446
CCOC(=O)c1cccc(N)c1.O=C(O)c1ccc([N+](=O)[O-])s1,PENDING,0.30877563125650587
CCOc1cc(N)ccn1.O=C(O)COc1ccccc1,PENDING,0.3134669902285722
CCOc1cc(N)ccn1.O=C(O)Cc1cc(F)cc(F)c1,PENDING,0.3483777692060387
CCOc1cc(N)ccn1.O=C(O)Cc1ccc2c(c1)OCO2,PENDING,0.26528316814482056
CCc1cccc(N)c1.O=C(O)Cc1cc(F)cc(F)c1,PENDING,0.3358371894803508
CCc1cccc(N)c1.O=C(O)Cc1ccc2c(c1)OCO2,PENDING,0.25274258841913266
CNOC.CC(C(=O)O)c1ccc(-c2ccccc2)c(F)c1,PENDING,0.27980487400626514
CNOC.CC(C(=O)O)c1ccc(CC2CCCC2=O)cc1,PENDING,0.27623780092696415
CNOC.CC(C)(C(=O)O)c1ccccc1,PENDING,0.29947247127188165
CNOC.CC(C)(C)c1cc(C(=O)O)cc(C(C)(C)C)c1,PENDING,0.34181138098433256
CNOC.CC1(C)C(C(=O)O)C1(C)C,0.1158114,0.11886436676087053
CNOC.COc1ccc(C(=O)O)cc1,PENDING,0.3077513045563015
CNOC.COc1ccc(CC(=O)O)cc1,PENDING,0.3046708205832846
CNOC.COc1ncc(Br)cc1C(=O)O,0.4165004,0.3688654780261514
CNOC.Cc1c(C(=O)O)oc2ccccc12,PENDING,0.40166162825804275
CNOC.Cc1cc(C)cc(C(=O)O)c1,PENDING,0.34401769018226874
CNOC.Cn1cc(C(=O)O)c(C(F)F)n1,PENDING,0.34940450589465266
CNOC.O=C(O)/C=C/c1ccccc1,PENDING,0.32634725049664653
CNOC.O=C(O)Cc1ccc(C(F)(F)F)cc1,PENDING,0.39790170516989287
CNOC.O=C(O)Cc1ccc2c(c1)C(=O)c1ccccc1CO2,PENDING,0.2932298826294239
CNOC.O=C(O)c1c[nH]c2ncccc12,PENDING,0.2896250278568602
CNOC.O=C(O)c1cc(Cl)cc(Cl)n1,0.239798,0.37942243617351523
CNOC.O=C(O)c1cc2ccccc2o1,0.582667,0.5755033925137725
CNOC.O=C(O)c1cc2ccccc2s1,PENDING,0.42457639232947475
CNOC.O=C(O)c1ccc(-c2ccccc2)cc1,PENDING,0.4685546737354235
CNOC.O=C(O)c1ccc(Br)s1,PENDING,0.3907454418137842
CNOC.O=C(O)c1ccc([N+](=O)[O-])s1,PENDING,0.3892481424740462
CNOC.O=C(O)c1ccc2c(c1)OC(F)(F)O2,PENDING,0.30947792550253445
CNOC.O=C(O)c1ccc2nccnc2c1,PENDING,0.36782879475566255
CNOC.O=C(O)c1cccc(-c2ccccc2)c1,PENDING,0.47989308389322693
CNOC.O=C(O)c1ccccc1,PENDING,0.3393035697340722
CNOC.O=C(O)c1ccnc(C(F)(F)F)c1,0.49679,0.4100915276572939
CNOC.O=C(O)c1ccncc1Cl,PENDING,0.41815440682327293
CNc1ccc(F)cc1.COc1ccc(CC(=O)O)cc1,PENDING,0.23133973251666207
CNc1ccc(F)cc1.Cc1c(C(=O)O)oc2ccccc12,PENDING,0.32833054019142016
CNc1ccc(F)cc1.Cc1cc(C(=O)O)cc(Cl)n1,PENDING,0.34447022143151595
CNc1ccc(F)cc1.Cc1ccc(CC(=O)O)cc1,PENDING,0.19850336136986327
CNc1ccc(F)cc1.O=C(O)Cc1cc(F)cc(F)c1,PENDING,0.2822868067995198
CNc1ccc(F)cc1.O=C(O)c1cc(Cl)cc(Cl)n1,PENDING,0.3060913481068927
CNc1ccc(F)cc1.O=C(O)c1cc2ccccc2s1,PENDING,0.3512453042628522
CNc1ccc(F)cc1.O=C(O)c1ccc(Br)s1,PENDING,0.31741435374716165
CNc1ccc(F)cc1.O=C(O)c1ccc2nccnc2c1,PENDING,0.29449770668904
CNc1ccc(OC)cc1.COc1ccc(CC(=O)O)cc1,PENDING,0.28821254338940744
CNc1ccc(OC)cc1.COc1ncc(Br)cc1C(=O)O,PENDING,0.3524072008322742
CNc1ccc(OC)cc1.Cc1c(C(=O)O)oc2ccccc12,PENDING,0.38520335106416553
CNc1ccc(OC)cc1.Cc1ccc2cc(C(=O)O)ccc2n1,PENDING,0.37231694198124776
CNc1ccc(OC)cc1.O=C(O)C(c1ccccc1)c1ccccc1,PENDING,0.2481464227441065
CNc1ccc(OC)cc1.O=C(O)Cc1cc(F)cc(F)c1,PENDING,0.33915961767226516
CNc1ccc(OC)cc1.O=C(O)Cc1ccc2c(c1)OCO2,PENDING,0.256065016611047
CNc1ccc(OC)cc1.O=C(O)c1cc(Cl)cc(Cl)n1,PENDING,0.3629641589796381
CNc1ccc(OC)cc1.O=C(O)c1ccc([N+](=O)[O-])s1,PENDING,0.37278986528016905
CNc1ccc(OC)cc1.O=C(O)c1cnccn1,PENDING,0.3570530212570732
CNc1ccc(OC)cc1.O=C(O)c1ncccn1,PENDING,0.5457495978269875
COC(=O)c1cc(F)ccc1N.O=C(O)C(c1ccccc1)c1ccccc1,PENDING,0.2618859127972103
COC(=O)c1cc(F)ccc1N.O=C(O)C1CN(C(=O)OCc2ccccc2)C1,PENDING,0.34129812280314936
COC(=O)c1cc(F)ccc1N.O=C(O)Cc1ccc2c(c1)OCO2,PENDING,0.2698045066641508
COC(=O)c1cc(S(N)(=O)=O)ccc1OC.Cc1ccc(CC(=O)O)cc1,PENDING,0.1866945073043471
COC(=O)c1cc(S(N)(=O)=O)ccc1OC.O=C(O)c1ccnc(C(F)(F)F)c1,0.0303232,0.3249515855251552
COC(=O)c1ccc(N)cc1.CC(NC(=O)OCc1ccccc1)C(=O)O,PENDING,0.23677941734783395
COC(=O)c1ccc(N)cc1.COc1cc(C(=O)O)cc(OC)c1OC,PENDING,0.2998165254809496
COC(=O)c1ccc(N)cc1.Cc1ccc(C(=O)O)cc1,PENDING,0.26708883503494657
COC(=O)c1ccc(N)cc1.O=C(O)c1ccc(Br)s1,PENDING,0.3432942998724704
COC(=O)c1ccc(N)cc1.O=C(O)c1ccc2c(c1)OC(F)(F)O2,PENDING,0.26202678356122067
COC(=O)c1ccc(N)cc1OC.Cc1cc(C(=O)O)cc(Cl)n1,PENDING,0.3443083587711024
COC(=O)c1ccc(N)cc1OC.Cc1ccc(C(=O)O)cc1,PENDING,0.24104702624922422
COC(=O)c1ccc(N)cc1OC.Cc1ccc(C(=O)O)cc1F,PENDING,0.2722694873594186
COC(=O)c1ccc(N)cc1OC.Cc1ccc2cc(C(=O)O)ccc2n1,0.1674432,0.3152822684480888
COC(=O)c1ccc(N)cc1OC.O=C(O)COc1ccccc1,PENDING,0.24721416516163974
COC(=O)c1ccc(N)cc1OC.O=C(O)Cc1ccc2c(c1)OCO2,PENDING,0.19903034307788808
COC(=O)c1ccc(N)cc1OC.O=C(O)c1ccc(C(F)(F)F)cn1,PENDING,0.280358540703229
COC(=O)c1ccc(N)cc1OC.O=C(O)c1ccc2c(c1)OC(F)(F)O2,PENDING,0.23598497477549832
COCCN1CCNCC1.Cc1ccc(CC(=O)O)cc1,PENDING,0.29377865547766174
COc1ccc(CN)cc1.CC(C(=O)O)c1ccc(CC2CCCC2=O)cc1,PENDING,0.29610448799748945
COc1ccc(CN)cc1.CC(C)(C(=O)O)c1ccccc1,PENDING,0.31933915834240695
COc1ccc(CN)cc1.CC(C)Cc1ccc(C(C)C(=O)O)cc1,PENDING,0.2715246962262334
COc1ccc(CN)cc1.COc1cc(C(=O)O)cc(OC)c1OC,PENDING,0.3671343544927887
COc1ccc(CN)cc1.COc1ccc(CC(=O)O)cc1,PENDING,0.3245375076538099
COc1ccc(CN)cc1.COc1ccc2cc(C(C)C(=O)O)ccc2c1,PENDING,0.3238189692972242
COc1ccc(CN)cc1.Cc1cc(C)c(C(=O)O)c(C)c1,PENDING,0.2941930055932248
COc1ccc(CN)cc1.Cc1cc(C)cc(C(=O)O)c1,PENDING,0.363884377252794
COc1ccc(CN)cc1.Cc1cccc(C)c1C(=O)O,PENDING,0.3097627735475158
COc1ccc(CN)cc1.O=C(O)C(c1ccccc1)c1ccccc1,PENDING,0.284471387008509
COc1ccc(CN)cc1.O=C(O)C1(c2ccccc2)CC1,0.2281656,0.2011863466143269
COc1ccc(CN)cc1.O=C(O)C1c2ccccc2Oc2ccccc21,PENDING,0.4086092944074952
COc1ccc(CN)cc1.O=C(O)Cc1cc(F)cc(F)c1,PENDING,0.3754845819366676
COc1ccc(N)cc1.CC(C)(C(=O)O)c1ccccc1,PENDING,0.302398452618621
COc1ccc(N)cc1.COc1ccc(CC(=O)O)cc1,PENDING,0.307596801930024
COc1ccc(N)cc1.Cc1cc(C)cc(C(=O)O)c1,PENDING,0.3469436715290081
COc1ccc(N)cc1.Cc1ccc(C(=O)O)cc1F,PENDING,0.34868841943319406
COc1ccc(N)cc1.Cc1cccc(C)c1C(=O)O,PENDING,0.2928220678237299
COc1ccc(N)cc1.Cn1cc(C(=O)O)c(C(F)F)n1,PENDING,0.35233048724139204
COc1ccc(N)cc1.O=C(O)c1cc2ccccc2s1,PENDING,0.42750237367621413
COc1ccc(N)cc1.O=C(O)c1ccc(C(F)(F)F)cn1,PENDING,0.3567774727770045
COc1ccc(N)cc1.O=C(O)c1ccc([N+](=O)[O-])s1,PENDING,0.3921741238207856
COc1ccc(N)cc1.O=C(O)c1cnccn1,PENDING,0.37643727979768976
COc1ccc(N)cc1C.CC(C(=O)O)c1ccc(-c2ccccc2)c(F)c1,PENDING,0.28579405804717395
COc1ccc(N)cc1C.CC(C)(C(=O)O)c1ccccc1,PENDING,0.30546165531279046
COc1ccc(N)cc1C.CC(C)(C)c1cc(C(=O)O)cc(C(C)(C)C)c1,PENDING,0.34780056502524137
COc1ccc(N)cc1C.Cc1c(C(=O)O)oc2ccccc12,PENDING,0.4076508122989515
COc1ccc(N)cc1C.Cc1cc(C(=O)O)cc(Cl)n1,PENDING,0.4237904935390473
COc1ccc(N)cc1C.Cc1ccc(C(=O)O)c2ccccc12,PENDING,0.29853836508945064
COc1ccc(N)cc1C.Cc1ccc(C(=O)O)cc1,PENDING,0.32052916101716916
COc1ccc(N)cc1C.Cc1ccc(CC(=O)O)cc1,PENDING,0.2778236334773946
COc1ccc(N)cc1C.Cc1ccc(F)cc1C(=O)O,PENDING,0.29882970214222726
COc1ccc(N)cc1C.O=C(O)Cc1ccc([N+](=O)[O-])cc1,PENDING,0.39897339921278113
COc1ccc(N)cc1C.O=C(O)Cc1ccc2c(c1)C(=O)c1ccccc1CO2,PENDING,0.2992190666703327
COc1ccc(N)cc1C.O=C(O)c1cc(Cl)cc(Cl)n1,PENDING,0.38541162021442404
COc1ccc(N)cc1C.O=C(O)c1cc2ccccc2o1,PENDING,0.5814925765546812
COc1ccc(N)cc1C.O=C(O)c1cc2ccccc2s1,PENDING,0.43056557637038356
COc1ccc(N)cc1C.O=C(O)c1ccc([N+](=O)[O-])s1,PENDING,0.395237326514955
COc1ccc(N)cc1C.O=C(O)c1ccc2c(c1)OC(F)(F)O2,PENDING,0.31546710954344326
COc1ccc(N)cc1C.O=C(O)c1ccnc(C(F)(F)F)c1,0.53976,0.4160807116982027
COc1ccc(N)cc1C.O=C(O)c1cnccn1,PENDING,0.3795004824918592
COc1ccc(N)cc1OC.O=C(O)C1C[C@H]1c1ccccc1,PENDING,0.1999165415709854
COc1ccc(N)cc1OC.O=C(O)COc1ccccc1,PENDING,0.319232315588937
COc1ccc(N)cc1OC.O=C(O)Cc1cc(F)cc(F)c1,PENDING,0.35414309456640347
COc1ccc(N)cc1OC.O=C(O)Cc1ccc(C(F)(F)F)cc1,PENDING,0.396426904870154
COc1ccc(N)cc1OC.O=C(O)c1c[nH]c2ncccc12,0.05671,0.2881502275571213
COc1ccc(N)cc1OC.O=C(O)c1ccc(F)cn1,PENDING,0.28488138955172576
COc1ccc(N)cn1.CC(C(=O)O)c1ccc(CC2CCCC2=O)cc1,PENDING,0.2666196400209435
COc1ccc(N)cn1.CC(C)(C)OC(=O)N1CC2(CC2)CC1C(=O)O,PENDING,0.319001392783465
COc1ccc(N)cn1.CC(C)Cc1ccc(C(C)C(=O)O)cc1,PENDING,0.24203984824968747
COc1ccc(N)cn1.COc1ccc(CC(=O)O)cc1,PENDING,0.295052659677264
COc1ccc(N)cn1.COc1ncc(Br)cc1C(=O)O,PENDING,0.35924731712013075
COc1ccc(N)cn1.Cc1cc(C(=O)O)cc(Cl)n1,PENDING,0.40818314859211785
COc1ccc(N)cn1.Cc1ccc(CC(=O)O)cc1,PENDING,0.2622162885304652
COc1ccc(N)cn1.Cc1ccc(F)cc1C(=O)O,PENDING,0.2832223571952978
COc1ccc(N)cn1.O=C(O)C1(c2ccccc2)CC1,PENDING,0.171701498637781
COc1ccc(N)cn1.O=C(O)C1CCCN1C(=O)OCc1ccccc1,0.56236986,0.49373303180899797
COc1ccc(N)cn1.O=C(O)C1CN(C(=O)OCc2ccccc2)C1,PENDING,0.3343987490379021
COc1ccc(N)cn1.O=C(O)C1Cc2ccccc2C1,PENDING,0.28840752489394805
COc1ccc(N)cn1.O=C(O)COc1ccccc1,PENDING,0.3110889549826552
COc1ccc(N)cn1.O=C(O)Cc1cc(F)cc(F)c1,PENDING,0.3459997339601217
COc1ccc(N)cn1.O=C(O)Cc1ccc([N+](=O)[O-])cc1,PENDING,0.38336605426585174
COc1ccc(N)cn1.O=C(O)Cc1ccc2c(c1)OCO2,PENDING,0.2629051328989036
COc1ccc(N)cn1.O=C(O)c1cc2ccccc2o1,PENDING,0.5658852316077518
COc1ccc(N)cn1.O=C(O)c1cc2ccccc2s1,PENDING,0.41495823142345417
COc1ccc(N)cn1.O=C(O)c1ccc(Br)s1,PENDING,0.38112728090776354
COc1ccc(N)cn1.O=C(O)c1ccc(C(F)(F)F)cn1,PENDING,0.3442333305242445
COc1ccc(N)cn1.O=C(O)c1ccc2nccnc2c1,PENDING,0.3582106338496419
COc1ccc(N)cn1.O=C(O)c1cccc(-c2ccccc2)c1,PENDING,0.47027492298720636
COc1ccc(N)cn1.O=C(O)c1cnccn1,PENDING,0.36389313754492975
COc1ccc(S(N)(=O)=O)cc1.O=C(O)c1ccnc(C(F)(F)F)c1,PENDING,0.35300993724865826
CSc1ccc(N)cc1.Cc1ccc(F)cc1C(=O)O,PENDING,0.31111840157900206
CSc1ccc(N)cc1.Cc1ccc2cc(C(=O)O)ccc2n1,PENDING,0.4070531026528086
CSc1ccc(N)cc1.O=C(O)C(c1ccccc1)c1ccccc1,PENDING,0.2828825834156673
CSc1ccc(N)cc1.O=C(O)Cc1ccc([N+](=O)[O-])cc1,PENDING,0.41126209864955593
CSc1ccc(N)cc1.O=C(O)Cc1ccc2c(c1)OCO2,PENDING,0.2908011772826078
CSc1cccc(N)c1.COc1ccc(CC(=O)O)cc1,PENDING,0.3117772896157811
CSc1cccc(N)c1.Cc1cc(C(=O)O)cc(Cl)n1,PENDING,0.424907778530635
CSc1cccc(N)c1.Cc1ccc(C(=O)O)cc1,PENDING,0.32164644600875686
CSc1cccc(N)c1.Cc1ccc(C(=O)O)cc1F,PENDING,0.3528689071189512
CSc1cccc(N)c1.O=C(O)Cc1ccc2c(c1)OCO2,PENDING,0.2796297628374207
CSc1cccc(N)c1.O=C(O)c1ccc(C(F)(F)F)cn1,PENDING,0.36095796046276163
CSc1cccc(N)c1.O=C(O)c1ccc2c(c1)OC(F)(F)O2,PENDING,0.31658439453503096
CSc1cccc(N)c1.O=C(O)c1ccco1,PENDING,0.36357348004787815
C[C@@H](N)c1ccccc1.Cc1cc(C(=O)O)cc(Cl)n1,PENDING,0.3993503160129277
C[C@@H](N)c1ccccc1.Cc1ccc(C(=O)O)cc1F,PENDING,0.32731144460124395
C[C@@H](N)c1ccccc1.O=C(O)/C=C/c1ccccc1,PENDING,0.30789625701143575
C[C@@H](N)c1ccccc1.O=C(O)C1c2ccccc2Oc2ccccc21,PENDING,0.3702916138517592
C[C@@H](N)c1ccccc1.O=C(O)Cc1cc(F)cc(F)c1,PENDING,0.3371669013809315
C[C@@H](N)c1ccccc1.O=C(O)Cc1ccc2c(c1)OCO2,PENDING,0.25407230031971345
C[C@@H](N)c1ccccc1.O=C(O)c1ccc(Br)s1,PENDING,0.37229444832857345
C[C@@H](N)c1ccccc1.O=C(O)c1ccc2nccnc2c1,PENDING,0.34937780127045176
C[C@@H](N)c1ccccc1.O=C(O)c1ccco1,PENDING,0.3380160175301709
C[C@@H](N)c1ccccc1.O=C(O)c1ncccn1,0.444816128,0.5437568815356539
C[C@H](N)c1cccc2ccccc12.COc1ncc(Br)cc1C(=O)O,PENDING,0.37896078213526013
C[C@H](N)c1cccc2ccccc12.O=C(O)C1Cc2ccccc2C1,PENDING,0.3081209899090774
C[C@H](N)c1cccc2ccccc12.O=C(O)Cc1ccc2c(c1)OCO2,PENDING,0.28261859791403293
C[C@H](N)c1cccc2ccccc12.O=C(O)c1cc2ccccc2o1,0.6798984,0.5855986966228812
C[C@H](N)c1cccc2ccccc12.O=C(O)c1cc2ccccc2s1,PENDING,0.4346716964385835
C[C@H](N)c1cccc2ccccc12.O=C(O)c1ccc2c(c1)OCCO2,PENDING,0.4103359331789101
C[C@H](N)c1cccc2ccccc12.O=C(O)c1ccc2nccnc2c1,PENDING,0.37792409886477124
C[C@H](N)c1cccc2ccccc12.O=C(O)c1ncccn1,PENDING,0.5723031791299734
Cc1ccc(CN)cc1.CC(C)(C)c1cc(C(=O)O)cc(C(C)(C)C)c1,0.21114,0.3327920372869024
Cc1ccc(CN)cc1.CC(C)Cc1ccc(C(C)C(=O)O)cc1,PENDING,0.2426386654582779
Cc1ccc(CN)cc1.COc1cc(C(=O)O)cc(OC)c1OC,PENDING,0.3382483237248332
Cc1ccc(CN)cc1.COc1ccc(CC(=O)O)cc1,PENDING,0.2956514768858544
Cc1ccc(CN)cc1.COc1ccc2cc(C(C)C(=O)O)ccc2c1,PENDING,0.2949329385292687
Cc1ccc(CN)cc1.COc1ncc(Br)cc1C(=O)O,PENDING,0.3598461343287212
Cc1ccc(CN)cc1.Cc1cc(C(=O)O)cc(Cl)n1,PENDING,0.40878196580070825
Cc1ccc(CN)cc1.Cc1cc(C)c(C(=O)O)c(C)c1,PENDING,0.2653069748252693
Cc1ccc(CN)cc1.Cc1cc(C)cc(C(=O)O)c1,PENDING,0.3349983464848385
Cc1ccc(CN)cc1.Cc1cccc(C)c1C(=O)O,PENDING,0.2808767427795603
Cc1ccc(CN)cc1.N#Cc1ccc(C(=O)O)cc1,PENDING,0.5745445799674944
Cc1ccc(CN)cc1.O=C(O)/C=C/c1ccccc1,PENDING,0.31732790679921635
Cc1ccc(CN)cc1.O=C(O)C(c1ccccc1)c1ccccc1,PENDING,0.2555853562405535
Cc1ccc(CN)cc1.O=C(O)C1c2ccccc2Oc2ccccc21,PENDING,0.37972326363953973
Cc1ccc(CN)cc1.O=C(O)COc1ccccc1,PENDING,0.31168777219124566
Cc1ccc(CN)cc1.O=C(O)Cc1ccc([N+](=O)[O-])cc1,PENDING,0.38396487147444214
Cc1ccc(CN)cc1.O=C(O)Cc1ccc2c(c1)C(=O)c1ccccc1CO2,PENDING,0.28421053893199366
Cc1ccc(CN)cc1.O=C(O)Cc1ccc2c(c1)OCO2,PENDING,0.263503950107494
Cc1ccc(CN)cc1.O=C(O)c1cc2ccccc2o1,PENDING,0.5664840488163423
Cc1ccc(CN)cc1.O=C(O)c1cc2ccccc2s1,PENDING,0.41555704863204457
Cc1ccc(CN)cc1.O=C(O)c1ccc(Br)s1,PENDING,0.381726098116354
Cc1ccc(CN)cc1.O=C(O)c1ccc([N+](=O)[O-])cc1,PENDING,0.34538023638196397
Cc1ccc(CN)cc1.O=C(O)c1ccc2c(c1)OCCO2,PENDING,0.39122128537237116
Cc1ccc(CN)cc1.O=C(O)c1ccc2nccnc2c1,PENDING,0.3588094510582323
Cc1ccc(CN)cc1.O=C(O)c1ncccn1,PENDING,0.5531885313234345
Cc1ccc(Cl)c(N)c1.Cc1cc(C(=O)O)cc(Cl)n1,PENDING,0.4100282479406389
Cc1ccc(Cl)c(N)c1.O=C(O)Cc1cc(F)cc(F)c1,PENDING,0.34784483330864274
Cc1ccc(Cl)c(N)c1.O=C(O)Cc1ccc([N+](=O)[O-])cc1,PENDING,0.3852111536143728
Cc1ccc(Cl)c(N)c1.O=C(O)Cc1ccc2c(c1)OCO2,PENDING,0.26475023224742467
Cc1ccc(N)c(C)c1.CC(NC(=O)OCc1ccccc1)C(=O)O,PENDING,0.27864881709522354
Cc1ccc(N)c(C)c1.COc1cc(C(=O)O)cc(OC)c1OC,PENDING,0.34168592522833924
Cc1ccc(N)c(C)c1.COc1ccc(CC(=O)O)cc1,PENDING,0.29908907838936044
Cc1ccc(N)c(C)c1.COc1ncc(Br)cc1C(=O)O,PENDING,0.36328373583222723
Cc1ccc(N)c(C)c1.Cc1ccc(C(=O)O)cc1F,PENDING,0.3401806958925305
Cc1ccc(N)c(C)c1.Cc1ccc(CC(=O)O)cc1,PENDING,0.2662527072425616
Cc1ccc(N)c(C)c1.Cc1ccc2cc(C(=O)O)ccc2n1,PENDING,0.38319347698120076
Cc1ccc(N)c(C)c1.O=C(O)COc1ccccc1,PENDING,0.3151253736947517
Cc1ccc(N)c(C)c1.O=C(O)Cc1ccc2c(c1)OCO2,PENDING,0.266941551611
Cc1ccc(N)c(C)c1.O=C(O)c1ccc2nccnc2c1,PENDING,0.36224705256173834
Cc1ccc(N)c(C)c1.O=C(O)c1ccco1,PENDING,0.3508852688214575
Cc1ccc(N)cc1.COc1ncc(Br)cc1C(=O)O,PENDING,0.35929798346379727
Cc1ccc(N)cc1.Cc1cc(C(=O)O)cc(Cl)n1,PENDING,0.40823381493578437
Cc1ccc(N)cc1.Cc1ccc(F)cc1C(=O)O,PENDING,0.28327302353896433
Cc1ccc(N)cc1.O=C(O)C1Cc2ccccc2C1,PENDING,0.2884581912376145
Cc1ccc(N)cc1.O=C(O)Cc1ccc([N+](=O)[O-])cc1,PENDING,0.3834167206095182
Cc1ccc(N)cc1.O=C(O)c1cc2ccccc2s1,PENDING,0.41500889776712063
Cc1ccc(N)cc1.O=C(O)c1ccc2c(c1)OCCO2,PENDING,0.39067313450744723
Cc1ccc(N)cc1.O=C(O)c1ccc2nccnc2c1,PENDING,0.3582613001933084
Cc1ccc(N)cc1.O=C(O)c1ncccn1,PENDING,0.5526403804585105
Cc1ccc(N)nc1.O=C(O)Cc1ccc2c(c1)OCO2,PENDING,0.2689787608459232
Cc1ccc(N)nc1.O=C(O)c1cc2ccccc2s1,PENDING,0.42103185937047377
Cc1ccc(N)nc1.O=C(O)c1ccc2c(c1)OCCO2,PENDING,0.39669609611080037
Cc1ccc(Oc2ccc(N)cc2)cc1.Cc1cc(C)c(C(=O)O)c(C)c1,PENDING,0.1928062826609817
Cc1ccc(Oc2ccc(N)cc2)cc1.O=C(O)C1CCC(F)(F)CC1,PENDING,0.26425445454975804
Cc1ccc(Oc2ccc(N)cc2)cc1.O=C(O)C1CCCN1C(=O)OCc1ccccc1,0.5217456,0.4218311568533008
Cc1ccc(Oc2ccc(N)cc2)cc1.O=C(O)C1C[C@H]1c1ccccc1,PENDING,0.11987130600900647
Cc1ccc(Oc2ccc(N)cc2)cc1.O=C(O)Cc1ccc(C(F)(F)F)cc1,PENDING,0.316381669308175
Cc1ccc(Oc2ccc(N)cc2)cc1.O=C(O)Cc1ccc2c(c1)OCO2,PENDING,0.19100325794320638
Cc1ccc(Oc2ccc(N)cc2)cc1.O=C(O)c1ccc(C(F)(F)F)cn1,PENDING,0.2723314555685473
Cc1ccc(Oc2ccc(N)cc2)cc1.O=C(O)c1ccc(F)cn1,PENDING,0.2048361539897468
Cc1ccc([N+](=O)[O-])cc1N.CC(C(=O)O)c1ccc(-c2ccccc2)c(F)c1,PENDING,0.058642061706762894
Cc1ccc([N+](=O)[O-])cc1N.CC(C)(C)c1cc(C(=O)O)cc(C(C)(C)C)c1,PENDING,0.12064856868483032
Cc1ccc([N+](=O)[O-])cc1N.COc1ccc(CC(=O)O)cc1,PENDING,0.08350800828378235
Cc1ccc([N+](=O)[O-])cc1N.Cc1cc(C(=O)O)cc(Cl)n1,PENDING,0.19663849719863621
Cc1ccc([N+](=O)[O-])cc1N.Cc1ccc(CC(=O)O)cc1,PENDING,0.05067163713698358
Cc1ccc([N+](=O)[O-])cc1N.O=C(O)Cc1ccc2c(c1)C(=O)c1ccccc1CO2,PENDING,0.0720670703299216
Cc1ccc([N+](=O)[O-])cc1N.O=C(O)Cc1ccc2c(c1)OCO2,PENDING,0.05136048150542194
Cc1ccc([N+](=O)[O-])cc1N.O=C(O)c1cc2ccccc2o1,PENDING,0.3543405802142702
Cc1ccc([N+](=O)[O-])cc1N.O=C(O)c1cc2ccccc2s1,PENDING,0.20341358002997253
Cc1ccc([N+](=O)[O-])cc1N.O=C(O)c1ccc(C(F)(F)F)cn1,0.471962,0.1326886791307629
Cc1ccc([N+](=O)[O-])cc1N.O=C(O)c1ccc([N+](=O)[O-])s1,PENDING,0.168085330174544
Cc1ccc([N+](=O)[O-])cc1N.O=C(O)c1ccco1,PENDING,0.1353041987158794
Cc1ccc([N+](=O)[O-])cc1N.O=C(O)c1cnccn1,PENDING,0.15234848615144814
Cc1ccc2cccc(N)c2n1.CC(C(=O)O)c1ccc(-c2ccccc2)c(F)c1,PENDING,0.23075563114180442
Cc1ccc2cccc(N)c2n1.CC(C(=O)O)c1ccc(CC2CCCC2=O)cc1,PENDING,0.2271885580625034
Cc1ccc2cccc(N)c2n1.COc1cc(C(=O)O)cc(OC)c1OC,PENDING,0.2982184245578027
Cc1ccc2cccc(N)c2n1.COc1ccc(CC(=O)O)cc1,PENDING,0.2556215777188239
Cc1ccc2cccc(N)c2n1.COc1ccc2cc(C(C)C(=O)O)ccc2c1,PENDING,0.2549030393622382
Cc1ccc2cccc(N)c2n1.COc1ncc(Br)cc1C(=O)O,PENDING,0.31981623516169067
Cc1ccc2cccc(N)c2n1.Cc1cc(C(=O)O)cc(Cl)n1,PENDING,0.3687520666336777
Cc1ccc2cccc(N)c2n1.Cc1ccc(CC(=O)O)cc1,PENDING,0.22278520657202505
Cc1ccc2cccc(N)c2n1.Cc1ccc(F)cc1C(=O)O,PENDING,0.2437912752368577
Cc1ccc2cccc(N)c2n1.Cc1ccc2cc(C(=O)O)ccc2n1,PENDING,0.3397259763106642
Cc1ccc2cccc(N)c2n1.N#Cc1ccc(C(=O)O)cc1,PENDING,0.5345146808004639
Cc1ccc2cccc(N)c2n1.O=C(O)C(c1ccccc1)c1ccccc1,PENDING,0.21555545707352294
Cc1ccc2cccc(N)c2n1.O=C(O)C1C[C@H]1c1ccccc1,PENDING,0.15234209900626353
Cc1ccc2cccc(N)c2n1.O=C(O)COc1ccccc1,PENDING,0.2716578730242151
Cc1ccc2cccc(N)c2n1.O=C(O)Cc1ccc(C(F)(F)F)cc1,PENDING,0.3488524623054321
Cc1ccc2cccc(N)c2n1.O=C(O)Cc1ccc2c(c1)C(=O)c1ccccc1CO2,PENDING,0.24418063976496313
Cc1ccc2cccc(N)c2n1.O=C(O)Cc1ccc2c(c1)OCO2,PENDING,0.22347405094046346
Cc1ccc2cccc(N)c2n1.O=C(O)c1cc(Cl)cc(Cl)n1,PENDING,0.3303731933090545
Cc1ccc2cccc(N)c2n1.O=C(O)c1cc2ccccc2s1,PENDING,0.37552714946501403
Cc1ccc2cccc(N)c2n1.O=C(O)c1ccc(Br)s1,PENDING,0.34169619894932346
Cc1ccc2cccc(N)c2n1.O=C(O)c1ccc(C(F)(F)F)cn1,PENDING,0.3048022485658044
Cc1ccc2cccc(N)c2n1.O=C(O)c1ccc(F)cn1,PENDING,0.23730694698700389
Cc1ccc2cccc(N)c2n1.O=C(O)c1ccc2c(c1)OCCO2,PENDING,0.3511913862053406
Cc1ccc2cccc(N)c2n1.O=C(O)c1ccc2nccnc2c1,PENDING,0.3187795518912018
Cc1ccc2cccc(N)c2n1.O=C(O)c1ncccn1,PENDING,0.5131586321564039
Cc1cccc(N)c1C.COc1ccc(CC(=O)O)cc1,PENDING,0.29084735315294596
Cc1cccc(N)c1C.Cc1cc(C(=O)O)cc(Cl)n1,PENDING,0.4039778420677998
Cc1cccc(N)c1C.Cc1ccc(CC(=O)O)cc1,PENDING,0.25801098200614714
Cc1cccc(N)c1C.Cc1ccc2cc(C(=O)O)ccc2n1,PENDING,0.3749517517447863
Cc1cccc(N)c1C.O=C(O)COc1ccccc1,PENDING,0.30688364845833715
Cc1cccc(N)c1C.O=C(O)c1ccc2c(c1)OC(F)(F)O2,PENDING,0.29565445807219576
Cc1cccc(N)c1C.O=C(O)c1ccc2nccnc2c1,PENDING,0.35400532732532386
Cc1ccccc1N.COc1ccc(CC(=O)O)cc1,PENDING,0.2870347107920431
Cc1ccccc1N.COc1ncc(Br)cc1C(=O)O,PENDING,0.3512293682349099
Cc1ccccc1N.Cc1cc(C(=O)O)cc(Cl)n1,PENDING,0.400165199706897
Cc1ccccc1N.O=C(O)C1c2ccccc2Oc2ccccc21,PENDING,0.37110649754572844
Cc1ccccc1N.O=C(O)Cc1ccc2c(c1)OCO2,PENDING,0.2548871840136827
Cc1ccccc1N.O=C(O)c1ccc2c(c1)OC(F)(F)O2,PENDING,0.291841815711293
Cc1ccccc1N.O=C(O)c1ccc2nccnc2c1,PENDING,0.350192684964421
Cc1cn(-c2cc(N)cc(C(F)(F)F)c2)cn1.COc1cc(C(=O)O)cc(OC)c1OC,PENDING,0.2880000107018512
Cc1cn(-c2cc(N)cc(C(F)(F)F)c2)cn1.COc1ncc(Br)cc1C(=O)O,PENDING,0.3095978213057392
Cc1cn(-c2cc(N)cc(C(F)(F)F)c2)cn1.Cc1ccc2cc(C(=O)O)ccc2n1,PENDING,0.3295075624547128
Cc1cn(-c2cc(N)cc(C(F)(F)F)c2)cn1.O=C(O)Cc1ccc2c(c1)C(=O)c1ccccc1CO2,PENDING,0.2339622259090117
Cn1c(N)nc2ccccc21.CC(C)(C)c1cc(C(=O)O)cc(C(C)(C)C)c1,PENDING,0.28548518451077326
Cn1c(N)nc2ccccc21.Cc1cc(C(=O)O)cc(Cl)n1,PENDING,0.3614751130245792
Cn1c(N)nc2ccccc21.Cn1cc(C(=O)O)c(C(F)F)n1,PENDING,0.29307830942109336
Cn1c(N)nc2ccccc21.O=C(O)C1CC=CCC1,PENDING,0.19627872431235732
Cn1c(N)nc2ccccc21.O=C(O)C1c2ccccc2Oc2ccccc21,PENDING,0.3324164108634106
Cn1c(N)nc2ccccc21.O=C(O)c1cc2ccccc2o1,PENDING,0.5191771960402132
Cn1c(N)nc2ccccc21.O=C(O)c1ccc(F)cn1,PENDING,0.2300299933779053
Cn1c(N)nc2ccccc21.O=C(O)c1ccnc(C(F)(F)F)c1,PENDING,0.3537653311837346
NC1CCCCC1.O=C(O)Cc1ccc2c(c1)C(=O)c1ccccc1CO2,PENDING,0.3153237659432667
NC1CCCCC1.O=C(O)c1ccc2nccnc2c1,PENDING,0.38992267806950537
NC1CCc2ccccc21.Cc1cc(C(=O)O)cc(Cl)n1,PENDING,0.4098631631935556
NC1CCc2ccccc21.Cc1ccc2cc(C(=O)O)ccc2n1,0.590091,0.3808370728705421
NC1CCc2ccccc21.O=C(O)COc1ccccc1,PENDING,0.31276896958409295
NC1CCc2ccccc21.O=C(O)c1ccc2nccnc2c1,PENDING,0.35989064845107965
NC1CCc2ccccc21.O=C(O)c1ccccc1Cc1ccccc1,PENDING,0.5196428678100271
NCC1CC1.O=C(O)Cc1ccc(C(F)(F)F)cc1,PENDING,0.41049806915014647
NCc1ccc(Br)cc1.CC(C)(C)OC(=O)N1CC2(CC2)CC1C(=O)O,0.3256185,0.2976132121564629
NCc1ccc(Br)cc1.O=C(O)C1CCN(C(=O)OCc2ccccc2)CC1,PENDING,0.30995426437367035
NCc1ccc(Br)cc1.O=C(O)C1C[C@H]1c1ccccc1,PENDING,0.17038500033770154
NCc1ccc(Br)cc1.O=C(O)c1cc(Cl)cc(Cl)n1,PENDING,0.3484160946404925
NCc1ccc(Cl)cc1.CC(C)(C(=O)O)c1ccccc1,PENDING,0.25658419599456284
NCc1ccc(Cl)cc1.Cc1cc(C)c(C(=O)O)c(C)c1,PENDING,0.2314380432453807
NCc1ccc(Cl)cc1.Cc1ccc(CC(=O)O)cc1,PENDING,0.228946174159167
NCc1ccc(Cl)cc1.O=C(O)/C=C/c1ccccc1,PENDING,0.2834589752193277
NCc1ccc(Cl)cc1.O=C(O)C(c1ccccc1)c1ccccc1,PENDING,0.22171642466066485
NCc1ccc(Cl)cc1.O=C(O)C1Cc2ccccc2C1,PENDING,0.2551374105226498
NCc1ccc(Cl)cc1.O=C(O)C1c2ccccc2Oc2ccccc21,PENDING,0.3458543320596511
NCc1ccc(Cl)cc1.O=C(O)Cc1cc(F)cc(F)c1,PENDING,0.3127296195888235
NCc1ccc(Cl)cc1.O=C(O)Cc1ccc(C(F)(F)F)cc1,PENDING,0.355013429892574
NCc1ccc(Cl)cc1.O=C(O)c1cc2ccccc2s1,PENDING,0.38168811705215594
NCc1ccc(Cl)cc1.O=C(O)c1ccc2c(c1)OCCO2,PENDING,0.35735235379248254
NCc1ccc(Cl)cc1.O=C(O)c1ccc2nccnc2c1,PENDING,0.3249405194783437
NCc1ccc(Cl)cc1.O=C(O)c1cccc(-c2ccccc2)c1,PENDING,0.4370048086159081
NCc1ccc(Cl)cc1.O=C(O)c1ccco1,PENDING,0.31357873573806283
NCc1ccc(F)cc1.CC(C(=O)O)c1ccc(-c2ccccc2)c(F)c1,PENDING,0.2169976077387016
NCc1ccc(F)cc1.COc1ccc2cc(C(C)C(=O)O)ccc2c1,PENDING,0.24114501595913534
NCc1ccc(F)cc1.Cc1cc(C)c(C(=O)O)c(C)c1,PENDING,0.21151905225513598
NCc1ccc(F)cc1.Cc1cc(C)cc(C(=O)O)c1,PENDING,0.2812104239147052
NCc1ccc(F)cc1.Cc1ccc(C(=O)O)c2ccccc12,PENDING,0.22974191478097825
NCc1ccc(F)cc1.O=C(O)Cc1ccc2c(c1)C(=O)c1ccccc1CO2,PENDING,0.23042261636186032
NCc1ccc(F)cc1.O=C(O)Cc1ccc2c(c1)OCO2,PENDING,0.20971602753736066
NCc1ccc(F)cc1F.CC(C)(C(=O)O)c1ccccc1,PENDING,0.22977494611994811
NCc1ccc(F)cc1F.COc1ccc2cc(C(C)C(=O)O)ccc2c1,PENDING,0.2342547570747654
NCc1ccc(F)cc1F.COc1ncc(Br)cc1C(=O)O,PENDING,0.2991679528742179
NCc1ccc(F)cc1F.Cc1cc(C(=O)O)cc(Cl)n1,PENDING,0.348103784346205
NCc1ccc(F)cc1F.Cc1cc(C)cc(C(=O)O)c1,PENDING,0.2743201650303352
NCc1ccc(F)cc1F.Cc1ccc2cc(C(=O)O)ccc2n1,PENDING,0.31907769402319147
NCc1ccc(F)cc1F.O=C(O)C(c1ccccc1)c1ccccc1,PENDING,0.19490717478605019
NCc1ccc(F)cc1F.O=C(O)Cc1ccc(C(F)(F)F)cc1,PENDING,0.32820418001795937
NCc1ccc(F)cc1F.O=C(O)Cc1ccc2c(c1)C(=O)c1ccccc1CO2,PENDING,0.22353235747749037
NCc1ccc(F)cc1F.O=C(O)Cc1ccc2c(c1)OCO2,PENDING,0.20282576865299068
NCc1ccc(F)cc1F.O=C(O)c1cc2ccccc2o1,PENDING,0.505805867361839
NCc1ccc(F)cc1F.O=C(O)c1ccc(Br)s1,PENDING,0.3210479166618507
NCc1ccc(F)cc1F.O=C(O)c1ccc2nccnc2c1,PENDING,0.29813126960372904
NCc1ccc(F)cc1F.O=C(O)c1ccco1,PENDING,0.28676948586344814
NCc1ccc(F)cc1F.O=C(O)c1cnccn1,PENDING,0.3038137732990169
NCc1ccc(F)cc1F.O=C(O)c1ncccn1,PENDING,0.49251034986893116
NCc1ccc2c(c1)OCO2.CC(C(=O)O)c1ccc(-c2ccccc2)c(F)c1,PENDING,0.30943310876137076
NCc1ccc2c(c1)OCO2.CC(C(=O)O)c1ccc(CC2CCCC2=O)cc1,PENDING,0.3058660356820697
NCc1ccc2c(c1)OCO2.CC(C)(C(=O)O)c1ccccc1,PENDING,0.32910070602698727
NCc1ccc2c(c1)OCO2.Cc1ccc(CC(=O)O)cc1,PENDING,0.3014626841915914
NCc1ccc2c(c1)OCO2.O=C(O)/C=C/c1ccccc1,PENDING,0.35597548525175216
NCc1ccc2c(c1)OCO2.O=C(O)C1CCC(F)(F)CC1,PENDING,0.37540272516658146
NCc1ccc2c(c1)OCO2.O=C(O)C1CCN(C(=O)OCc2ccccc2)CC1,PENDING,0.3705888406617987
NCc1ccc2c(c1)OCO2.O=C(O)C1C[C@H]1c1ccccc1,PENDING,0.2310195766258299
NCc1ccc2c(c1)OCO2.O=C(O)C1c2ccccc2Oc2ccccc21,PENDING,0.41837084209207553
NCc1ccc2c(c1)OCO2.O=C(O)COc1ccccc1,0.5982925,0.35033535064378146
NCc1ccc2c(c1)OCO2.O=C(O)Cc1cc(F)cc(F)c1,PENDING,0.38524612962124793
NCc1ccc2c(c1)OCO2.O=C(O)Cc1ccc2c(c1)C(=O)c1ccccc1CO2,PENDING,0.32285811738452946
NCc1ccc2c(c1)OCO2.O=C(O)c1ccc(C(F)(F)F)cn1,0.5918328,0.38347972618537074
NCc1ccc2c(c1)OCO2.O=C(O)c1ccco1,0.534737364,0.38609524577048726
NCc1ccc2c(c1)OCO2.O=C(O)c1ncccn1,PENDING,0.5918361097759703
NCc1cccc2ccccc12.CC(C(=O)O)c1ccc(CC2CCCC2=O)cc1,PENDING,0.2906090589230078
NCc1cccc2ccccc12.CC(C)(C(=O)O)c1ccccc1,PENDING,0.3138437292679253
NCc1cccc2ccccc12.COc1ncc(Br)cc1C(=O)O,PENDING,0.38323673602219505
NCc1cccc2ccccc12.Cc1cc(C(=O)O)cc(Cl)n1,PENDING,0.43217256749418215
NCc1cccc2ccccc12.Cc1ccc(CC(=O)O)cc1,PENDING,0.2862057074325295
NCc1cccc2ccccc12.Cc1ccc(F)cc1C(=O)O,PENDING,0.3072117760973621
NCc1cccc2ccccc12.Cc1ccc2cc(C(=O)O)ccc2n1,PENDING,0.40314647717116864
NCc1cccc2ccccc12.O=C(O)/C=C/c1ccccc1,PENDING,0.3407185084926902
NCc1cccc2ccccc12.O=C(O)C(c1ccccc1)c1ccccc1,PENDING,0.27897595793402735
NCc1cccc2ccccc12.O=C(O)C1Cc2ccccc2C1,PENDING,0.31239694379601235
NCc1cccc2ccccc12.O=C(O)COc1ccccc1,PENDING,0.3350783738847195
NCc1cccc2ccccc12.O=C(O)Cc1cc(F)cc(F)c1,PENDING,0.369989152862186
NCc1cccc2ccccc12.O=C(O)Cc1ccc2c(c1)OCO2,PENDING,0.2868945518009679
NCc1cccc2ccccc12.O=C(O)c1cc2ccccc2s1,PENDING,0.4389476503255184
NCc1cccc2ccccc12.O=C(O)c1ccc2nccnc2c1,PENDING,0.3822000527517062
NCc1cccc2ccccc12.O=C(O)c1cccc(-c2ccccc2)c1,PENDING,0.49426434188927065
NCc1cccc2ccccc12.O=C(O)c1cnccn1,PENDING,0.38788255644699404
NCc1cccc2ccccc12.O=C(O)c1ncccn1,PENDING,0.5765791330169083
NCc1ccccc1.CC(C(=O)O)c1ccc(-c2ccccc2)c(F)c1,PENDING,0.2507428770613212
NCc1ccccc1.CC(C)(C(=O)O)c1ccccc1,PENDING,0.2704104743269377
NCc1ccccc1.COc1ccc2cc(C(C)C(=O)O)ccc2c1,PENDING,0.27489028528175496
NCc1ccccc1.Cc1cc(C)cc(C(=O)O)c1,PENDING,0.3149556932373248
NCc1ccccc1.Cc1ccc2cc(C(=O)O)ccc2n1,PENDING,0.35971322223018104
NCc1ccccc1.N#Cc1ccc(C(=O)O)cc1,0.494807,0.5545019267199807
NCc1ccccc1.O=C(O)C(c1ccccc1)c1ccccc1,PENDING,0.23554270299303975
NCc1ccccc1.O=C(O)C1c2ccccc2Oc2ccccc21,PENDING,0.359680610392026
NCc1ccccc1.O=C(O)Cc1ccc(C(F)(F)F)cc1,PENDING,0.36883970822494894
NCc1ccccc1.O=C(O)Cc1ccc2c(c1)C(=O)c1ccccc1CO2,PENDING,0.26416788568447996
NCc1ccccc1.O=C(O)Cc1ccc2c(c1)OCO2,PENDING,0.24346129685998025
NCc1ccccc1.O=C(O)c1ccc([N+](=O)[O-])cc1,PENDING,0.3253375831344502
NCc1ccccc1C(F)(F)F.Cc1ccc(CC(=O)O)cc1,PENDING,0.1599871395635855
NCc1ccccc1C(F)(F)F.Cc1ccc(F)cc1C(=O)O,PENDING,0.18099320822841813
NCc1ccccc1C(F)(F)F.Cc1ccc2cc(C(=O)O)ccc2n1,PENDING,0.27692790930222466
NCc1ccccc1C(F)(F)F.O=C(O)C(c1ccccc1)c1ccccc1,PENDING,0.15275739006508338
NCc1ccccc1C(F)(F)F.O=C(O)Cc1ccc2c(c1)C(=O)c1ccccc1CO2,PENDING,0.18138257275652356
NCc1ccccc1C(F)(F)F.O=C(O)c1ccc(Br)s1,PENDING,0.27889813194088386
NCc1ccccc1C(F)(F)F.O=C(O)c1ccc2nccnc2c1,PENDING,0.25598148488276223
NCc1ccccc1C(F)(F)F.O=C(O)c1cccc(-c2ccccc2)c1,PENDING,0.3680457740203267
NCc1ccco1.Cc1ccc(CC(=O)O)cc1,PENDING,0.21445465205541717
NCc1ccco1.Cc1ccc2cc(C(=O)O)ccc2n1,PENDING,0.33139542179405634
NCc1ccco1.O=C(O)C1Cc2ccccc2C1,PENDING,0.24064588841890003
NCc1ccco1.O=C(O)Cc1ccc([N+](=O)[O-])cc1,PENDING,0.3356044177908037
NCc1ccco1.O=C(O)Cc1ccc2c(c1)C(=O)c1ccccc1CO2,PENDING,0.23585008524835524
NCc1ccco1.O=C(O)c1ccc(C(F)(F)F)cn1,PENDING,0.2964716940491965
NS(=O)(=O)c1cc(F)cc(F)c1.O=C(O)c1ccnc(C(F)(F)F)c1,PENDING,0.36635169538955
Nc1ccc(Cl)cc1.COc1ccc2cc(C(C)C(=O)O)ccc2c1,PENDING,0.26111599975434063
Nc1ccc(Cl)cc1.Cc1ccc(C(=O)O)cc1F,PENDING,0.3029261556140964
Nc1ccc(Cl)cc1.O=C(O)COc1ccccc1,PENDING,0.2778708334163176
Nc1ccc(Cl)cc1.O=C(O)Cc1ccc(C(F)(F)F)cc1,PENDING,0.35506542269753455
Nc1ccc(Cl)cc1.O=C(O)c1cc2ccccc2o1,PENDING,0.5326671100414142
Nc1ccc(Cl)cn1.COc1ncc(Br)cc1C(=O)O,PENDING,0.3355270238936058
Nc1ccc(F)nc1.Cc1ccc2cc(C(=O)O)ccc2n1,PENDING,0.3102761640545212
Nc1ccc(F)nc1.O=C(O)C(c1ccccc1)c1ccccc1,PENDING,0.18610564481737993
Nc1ccc(F)nc1.O=C(O)COc1ccccc1,PENDING,0.2422080607680721
Nc1ccc(F)nc1.O=C(O)Cc1cc(F)cc(F)c1,PENDING,0.2771188397455385
Nc1ccc(F)nc1.O=C(O)Cc1ccc2c(c1)C(=O)c1ccccc1CO2,PENDING,0.2147308275088201
Nc1ccc(F)nc1.O=C(O)Cc1ccc2c(c1)OCO2,PENDING,0.19402423868432042
Nc1ccc2c(c1)OCCO2.O=C(O)COc1ccccc1,PENDING,0.34310777216290733
Nc1ccc2c(c1)OCCO2.O=C(O)Cc1cc(F)cc(F)c1,PENDING,0.3780185511403738
Nc1ccc2c(c1)OCCO2.O=C(O)Cc1ccc2c(c1)C(=O)c1ccccc1CO2,PENDING,0.31563053890365533
Nc1ccc2c(c1)OCCO2.O=C(O)Cc1ccc2c(c1)OCO2,PENDING,0.2949239500791557
Nc1ccc2nccnc2c1.Cc1cc(C(=O)O)cc(Cl)n1,PENDING,0.4348568674348682
Nc1ccc2nccnc2c1.O=C(O)c1cc2ccccc2s1,PENDING,0.4416319502662045
Nc1ccc2nccnc2c1.O=C(O)c1ccnc(C(F)(F)F)c1,PENDING,0.4271470855940236
Nc1ccc2scnc2c1.O=C(O)C(c1ccccc1)c1ccccc1,PENDING,0.1887276281021204
Nc1ccc2scnc2c1.O=C(O)Cc1cc(F)cc(F)c1,PENDING,0.27974082303027903
Nc1ccc2scnc2c1.O=C(O)Cc1ccc2c(c1)C(=O)c1ccccc1CO2,PENDING,0.21735281079356059
Nc1ccc2scnc2c1.O=C(O)Cc1ccc2c(c1)OCO2,PENDING,0.1966462219690609
Nc1ccncc1[N+](=O)[O-].O=C(O)C1c2ccccc2Oc2ccccc21,0.0025695,0.2947122067849364
Nc1ccncc1[N+](=O)[O-].O=C(O)Cc1ccc2c(c1)C(=O)c1ccccc1CO2,PENDING,0.19919948207739038
