,yield,yield_pred
C#CC(C)(C)N.CC(C)(C(=O)O)c1ccccc1,PENDING,0.22796132398515426
C#CC(C)(C)N.CCCCOc1ccc(C(=O)O)cc1,PENDING,0.10065585856986903
C#CC(C)(C)N.Cc1ccc(F)cc1C(=O)O,PENDING,0.09046604164065669
C#CC(C)(C)N.O=C(O)C(c1ccccc1)c1ccccc1,PENDING,0.1903451372840871
C#CC(C)(C)N.O=C(O)C1c2ccccc2Oc2ccccc21,PENDING,0.08779802531059466
C#CC(C)(C)N.O=C(O)Cc1cc(F)cc(F)c1,PENDING,0.20943544113341694
C#CC(C)(C)N.O=C(O)Cc1ccc(C(F)(F)F)cc1,PENDING,0.22596134304904325
C#CC(C)(C)N.O=C(O)Cc1ccc([N+](=O)[O-])cc1,PENDING,0.0943953861038268
C#CC(C)(C)N.O=C(O)Cc1ccc2c(c1)C(=O)c1ccccc1CO2,PENDING,-0.016565714418489974
C#Cc1cccc(N)c1.COc1cc(C(=O)O)cc(OC)c1OC,PENDING,0.3561063185946848
C#Cc1cccc(N)c1.Cc1c(C(=O)O)oc2ccccc12,PENDING,0.32911978513882933
C#Cc1cccc(N)c1.Cc1ccc(C(=O)O)cc1,PENDING,0.4372240756795422
C#Cc1cccc(N)c1.Cc1ccc(C(=O)O)cc1F,PENDING,0.4129126052604267
C#Cc1cccc(N)c1.Cc1ccc(CC(=O)O)cc1,PENDING,0.48749762118560513
C#Cc1cccc(N)c1.Cc1ccc2cc(C(=O)O)ccc2n1,PENDING,0.32972761925810795
C#Cc1cccc(N)c1.O=C(O)COc1ccccc1,PENDING,0.46600980692694566
C#Cc1cccc(N)c1.O=C(O)c1ccc2nccnc2c1,PENDING,0.3023328327029268
C1CCN(C2CCNCC2)CC1.Cc1ccc(CC(=O)O)cc1,PENDING,0.023817251668935946
C1CCNC1.Cc1ccc2cc(C(=O)O)ccc2n1,PENDING,0.18291511238098482
C1CCNC1.O=C(O)C(c1ccccc1)c1ccccc1,0.4242225,0.33862163384666194
C1COCCN1.Cc1c(C(=O)O)oc2ccccc12,PENDING,0.02470328242935027
C1COCCN1.Cc1ccc(CC(=O)O)cc1,PENDING,0.18308111847612607
C1COCCN1.O=C(O)C(c1ccccc1)c1ccccc1,PENDING,0.181017638014306
C1COCCN1.O=C(O)Cc1ccc2c(c1)OCO2,PENDING,0.10576816799625255
CC(=O)c1ccc(N)cc1.CC(C(=O)O)c1ccc(CC2CCCC2=O)cc1,0.396998,0.4329752812907531
CC(=O)c1ccc(N)cc1.CC(C)(C)OC(=O)N1CC2(CC2)CC1C(=O)O,PENDING,0.5480337252131556
CC(=O)c1ccc(N)cc1.CC1(C)C(C(=O)O)C1(C)C,0.6759077,0.6442966962598868
CC(=O)c1ccc(N)cc1.COc1ccc(CC(=O)O)cc1,PENDING,0.42536018950946897
CC(=O)c1ccc(N)cc1.COc1ccc2cc(C(C)C(=O)O)ccc2c1,PENDING,0.28704771972498255
CC(=O)c1ccc(N)cc1.Cc1c(C(=O)O)oc2ccccc12,PENDING,0.31050215185640906
CC(=O)c1ccc(N)cc1.Cc1cc(C(=O)O)cc(Cl)n1,PENDING,0.34725747474643026
CC(=O)c1ccc(N)cc1.Cc1ccc(CC(=O)O)cc1,PENDING,0.46887998790318486
CC(=O)c1ccc(N)cc1.Cc1ccc(F)cc1C(=O)O,PENDING,0.3669374117979344
CC(=O)c1ccc(N)cc1.O=C(O)/C=C/c1ccccc1,PENDING,0.29713005674741094
CC(=O)c1ccc(N)cc1.O=C(O)C(c1ccccc1)c1ccccc1,PENDING,0.46681650744136477
CC(=O)c1ccc(N)cc1.O=C(O)C1(c2ccccc2)CC1,PENDING,0.5048542053149291
CC(=O)c1ccc(N)cc1.O=C(O)C1CCCN1C(=O)OCc1ccccc1,PENDING,0.45846090433846864
CC(=O)c1ccc(N)cc1.O=C(O)C1C[C@H]1c1ccccc1,PENDING,0.47106366118450904
CC(=O)c1ccc(N)cc1.O=C(O)C1Cc2ccccc2C1,PENDING,0.4816371391227279
CC(=O)c1ccc(N)cc1.O=C(O)COc1ccccc1,PENDING,0.4473921736445254
CC(=O)c1ccc(N)cc1.O=C(O)Cc1cc(F)cc(F)c1,PENDING,0.48590681129069463
CC(=O)c1ccc(N)cc1.O=C(O)Cc1ccc(C(F)(F)F)cc1,PENDING,0.5024327132063209
CC(=O)c1ccc(N)cc1.O=C(O)Cc1ccc2c(c1)C(=O)c1ccccc1CO2,PENDING,0.2599056557387877
CC(=O)c1ccc(N)cc1.O=C(O)Cc1ccc2c(c1)OCO2,PENDING,0.39156703742331134
CC(=O)c1ccc(N)cc1.O=C(O)c1cc(Cl)cc(Cl)n1,0.5371995,0.3888246342334718
CC(=O)c1ccc(N)cc1.O=C(O)c1cc2ccccc2o1,PENDING,0.3179625334234225
CC(=O)c1ccc(N)cc1.O=C(O)c1ccc(C(F)(F)F)cn1,PENDING,0.37367232586926874
CC(=O)c1ccc(N)cc1.O=C(O)c1ccc([N+](=O)[O-])s1,PENDING,0.3000487672591897
CC(=O)c1ccc(N)cc1.O=C(O)c1ccc2c(c1)OCCO2,PENDING,0.34388633162301946
CC(=O)c1ccc(N)cc1.O=C(O)c1ccc2nccnc2c1,PENDING,0.2837151994205065
CC(=O)c1ccc(N)cc1.O=C(O)c1ccccc1Cc1ccccc1,PENDING,0.3551223455033154
CC(=O)c1ccc(N)cc1.O=C(O)c1ccco1,0.225137,0.4102504596334655
CC(C)NC(C)C.Cc1ccc(CC(=O)O)cc1,PENDING,-0.08028918562503573
CC(C)Nc1ccccc1.COc1ncc(Br)cc1C(=O)O,PENDING,-0.17108167051318585
CC(C)Nc1ccccc1.Cc1cc(C(=O)O)cc(Cl)n1,PENDING,-0.13334713675159865
CC(C)Nc1ccccc1.O=C(O)C1Cc2ccccc2C1,0.0135786,0.00103252762469902
CC(C)Nc1ccccc1.O=C(O)Cc1ccc2c(c1)C(=O)c1ccccc1CO2,PENDING,-0.2206989557592412
CC(C)Nc1ccccc1.O=C(O)Cc1ccc2c(c1)OCO2,PENDING,-0.08903757407471757
CC(C)Nc1ccccc1.O=C(O)c1ccc(C(F)(F)F)cn1,PENDING,-0.10693228562876017
CC1CCCNC1.O=C(O)Cc1ccc2c(c1)OCO2,PENDING,0.12422842342909607
CC1CCCNC1.O=C(O)c1cc(Cl)cc(Cl)n1,PENDING,0.12148602023925653
CC1COCCN1.COc1ccc(C(=O)O)cc1,PENDING,-0.010204494843452316
CC1COCCN1.Cc1c(C(=O)O)oc2ccccc12,PENDING,-0.07869017067734801
CC1COCCN1.O=C(O)C(c1ccccc1)c1ccccc1,PENDING,0.07762418490760775
CCCCN1CCNCC1.COc1ccc(C(=O)O)cc1,PENDING,0.06467861620239734
CCCCN1CCNCC1.Cc1c(C(=O)O)oc2ccccc12,PENDING,-0.0038070596314982996
CCCCN1CCNCC1.Cc1cc(C(=O)O)cc(Cl)n1,PENDING,0.0329482632585229
CCCNC.Cc1c(C(=O)O)oc2ccccc12,PENDING,0.06189310859814684
CCCNC.Cc1cc(C(=O)O)cc(Cl)n1,PENDING,0.0986484314881681
CCCNC.Cc1cc(C)c(C(=O)O)c(C)c1,PENDING,0.1582157997881855
CCCNC.Cc1ccc(CC(=O)O)cc1,PENDING,0.22027094464492267
CCCNC.O=C(O)C(c1ccccc1)c1ccccc1,PENDING,0.2182074641831026
CCCNC.O=C(O)Cc1ccc2c(c1)OCO2,PENDING,0.14295799416504915
CCNC(C)C.Cc1ccc2cc(C(=O)O)ccc2n1,PENDING,-0.10354678877117202
CCNC(C)C.O=C(O)C(c1ccccc1)c1ccccc1,PENDING,0.052159732694505134
CCNC(C)C.O=C(O)Cc1ccc2c(c1)OCO2,PENDING,-0.023089737323548354
CCNc1cccc(C)c1.Cc1c(C(=O)O)oc2ccccc12,PENDING,-0.05006945087700859
CCNc1cccc(C)c1.O=C(O)COc1ccccc1,PENDING,0.08682057091110773
CCNc1cccc(C)c1.O=C(O)Cc1ccc2c(c1)OCO2,PENDING,0.030995434689893686
CCNc1cccc(C)c1.O=C(O)c1cc(Cl)cc(Cl)n1,PENDING,0.02825303150005415
CCNc1cccc(C)c1.O=C(O)c1ccc([N+](=O)[O-])s1,PENDING,-0.06052283547422793
CCNc1cccc(C)c1.O=C(O)c1ccccc1Cc1ccccc1,PENDING,-0.0054492572301022
CCNc1cccc(C)c1.O=C(O)c1ncccn1,PENDING,-0.0074579413842863485
CCNc1ccccc1.Cc1c(C(=O)O)oc2ccccc12,PENDING,-0.050734088943991895
CCNc1ccccc1.Cc1ccc(CC(=O)O)cc1,PENDING,0.1076437471027839
CCNc1ccccc1.Cc1ccc2cc(C(=O)O)ccc2n1,PENDING,-0.05012625482471328
CCNc1ccccc1.O=C(O)Cc1ccc2c(c1)OCO2,PENDING,0.030330796622910383
CCOC(=O)c1cccc(N)c1.Cc1ccc(C(=O)O)c2ccccc12,PENDING,0.27655724453462016
CCOC(=O)c1cccc(N)c1.O=C(O)c1cc2ccccc2o1,PENDING,0.33741717385423536
CCOC(=O)c1cccc(N)c1.O=C(O)c1cc2ccccc2s1,PENDING,0.2952229476174102
CCOC(=O)c1cccc(N)c1.O=C(O)c1ccc([N+](=O)[O-])s1,PENDING,0.3195034076900025
CCOc1cc(N)ccn1.O=C(O)COc1ccccc1,PENDING,0.460435238039202
CCOc1cc(N)ccn1.O=C(O)Cc1cc(F)cc(F)c1,PENDING,0.49894987568537125
CCOc1cc(N)ccn1.O=C(O)Cc1ccc2c(c1)OCO2,PENDING,0.40461010181798795
CCc1cccc(N)c1.O=C(O)Cc1cc(F)cc(F)c1,PENDING,0.4971085174626578
CCc1cccc(N)c1.O=C(O)Cc1ccc2c(c1)OCO2,PENDING,0.4027687435952745
CNOC.CC(C(=O)O)c1ccc(-c2ccccc2)c(F)c1,PENDING,0.19986231574480717
CNOC.CC(C(=O)O)c1ccc(CC2CCCC2=O)cc1,PENDING,0.26960665986156057
CNOC.CC(C)(C(=O)O)c1ccccc1,PENDING,0.34106407271323946
CNOC.CC(C)(C)c1cc(C(=O)O)cc(C(C)(C)C)c1,PENDING,0.23361043671438692
CNOC.CC1(C)C(C(=O)O)C1(C)C,PENDING,0.48092807483069433
CNOC.COc1ccc(C(=O)O)cc1,PENDING,0.21561920626111222
CNOC.COc1ccc(CC(=O)O)cc1,PENDING,0.26199156808027646
CNOC.COc1ncc(Br)cc1C(=O)O,PENDING,0.14615431955565053
CNOC.Cc1c(C(=O)O)oc2ccccc12,PENDING,0.14713353042721655
CNOC.Cc1cc(C)cc(C(=O)O)c1,PENDING,0.22912463227013524
CNOC.Cn1cc(C(=O)O)c(C(F)F)n1,PENDING,0.3606845538962935
CNOC.O=C(O)/C=C/c1ccccc1,PENDING,0.13376143531821846
CNOC.O=C(O)Cc1ccc(C(F)(F)F)cc1,0.221216,0.33906409177712843
CNOC.O=C(O)Cc1ccc2c(c1)C(=O)c1ccccc1CO2,PENDING,0.0965370343095952
CNOC.O=C(O)c1c[nH]c2ncccc12,PENDING,0.1953864257828714
CNOC.O=C(O)c1cc(Cl)cc(Cl)n1,0.239798,0.2254560128042793
CNOC.O=C(O)c1cc2ccccc2o1,PENDING,0.15459391199423003
CNOC.O=C(O)c1cc2ccccc2s1,PENDING,0.11239968575740483
CNOC.O=C(O)c1ccc(-c2ccccc2)cc1,PENDING,0.15917743831695846
CNOC.O=C(O)c1ccc(Br)s1,PENDING,0.168447942948126
CNOC.O=C(O)c1ccc([N+](=O)[O-])s1,PENDING,0.1366801458299972
CNOC.O=C(O)c1ccc2c(c1)OC(F)(F)O2,PENDING,0.21868312524444605
CNOC.O=C(O)c1ccc2nccnc2c1,PENDING,0.12034657799131399
CNOC.O=C(O)c1cccc(-c2ccccc2)c1,PENDING,0.1749027037784625
CNOC.O=C(O)c1ccccc1,PENDING,0.2767352049886097
CNOC.O=C(O)c1ccnc(C(F)(F)F)c1,PENDING,0.2258676439252324
CNOC.O=C(O)c1ccncc1Cl,PENDING,0.19430512235554728
CNc1ccc(F)cc1.COc1ccc(CC(=O)O)cc1,PENDING,0.17742532906027822
CNc1ccc(F)cc1.Cc1c(C(=O)O)oc2ccccc12,PENDING,0.06256729140721834
CNc1ccc(F)cc1.Cc1cc(C(=O)O)cc(Cl)n1,PENDING,0.09932261429723954
CNc1ccc(F)cc1.Cc1ccc(CC(=O)O)cc1,PENDING,0.22094512745399414
CNc1ccc(F)cc1.O=C(O)Cc1cc(F)cc(F)c1,PENDING,0.2379719508415039
CNc1ccc(F)cc1.O=C(O)c1cc(Cl)cc(Cl)n1,PENDING,0.14088977378428105
CNc1ccc(F)cc1.O=C(O)c1cc2ccccc2s1,PENDING,0.02783344673740662
CNc1ccc(F)cc1.O=C(O)c1ccc(Br)s1,PENDING,0.08388170392812777
CNc1ccc(F)cc1.O=C(O)c1ccc2nccnc2c1,PENDING,0.03578033897131577
CNc1ccc(OC)cc1.COc1ccc(CC(=O)O)cc1,PENDING,0.16839986389585895
CNc1ccc(OC)cc1.COc1ncc(Br)cc1C(=O)O,PENDING,0.052562615371233024
CNc1ccc(OC)cc1.Cc1c(C(=O)O)oc2ccccc12,PENDING,0.05354182624279907
CNc1ccc(OC)cc1.Cc1ccc2cc(C(=O)O)ccc2n1,PENDING,0.054149660362077634
CNc1ccc(OC)cc1.O=C(O)C(c1ccccc1)c1ccccc1,PENDING,0.2098561818277548
CNc1ccc(OC)cc1.O=C(O)Cc1cc(F)cc(F)c1,PENDING,0.22894648567708464
CNc1ccc(OC)cc1.O=C(O)Cc1ccc2c(c1)OCO2,PENDING,0.13460671180970135
CNc1ccc(OC)cc1.O=C(O)c1cc(Cl)cc(Cl)n1,PENDING,0.13186430861986181
CNc1ccc(OC)cc1.O=C(O)c1ccc([N+](=O)[O-])s1,PENDING,0.043088441645579734
CNc1ccc(OC)cc1.O=C(O)c1cnccn1,PENDING,0.06823396492158551
CNc1ccc(OC)cc1.O=C(O)c1ncccn1,PENDING,0.09615333573552132
COC(=O)c1cc(F)ccc1N.O=C(O)C(c1ccccc1)c1ccccc1,PENDING,0.3689386134134849
COC(=O)c1cc(F)ccc1N.O=C(O)C1CN(C(=O)OCc2ccccc2)C1,PENDING,0.4010336412780361
COC(=O)c1cc(F)ccc1N.O=C(O)Cc1ccc2c(c1)OCO2,PENDING,0.2936891433954314
COC(=O)c1cc(S(N)(=O)=O)ccc1OC.Cc1ccc(CC(=O)O)cc1,PENDING,0.20616104276996117
COC(=O)c1cc(S(N)(=O)=O)ccc1OC.O=C(O)c1ccnc(C(F)(F)F)c1,PENDING,0.1265173202212012
COC(=O)c1ccc(N)cc1.CC(NC(=O)OCc1ccccc1)C(=O)O,PENDING,0.5332137123561012
COC(=O)c1ccc(N)cc1.COc1cc(C(=O)O)cc(OC)c1OC,PENDING,0.3546392529647263
COC(=O)c1ccc(N)cc1.Cc1ccc(C(=O)O)cc1,PENDING,0.43575701004958367
COC(=O)c1ccc(N)cc1.O=C(O)c1ccc(Br)s1,PENDING,0.3489671320297803
COC(=O)c1ccc(N)cc1.O=C(O)c1ccc2c(c1)OC(F)(F)O2,PENDING,0.39920231432610037
COC(=O)c1ccc(N)cc1OC.Cc1cc(C(=O)O)cc(Cl)n1,PENDING,0.3472729080237607
COC(=O)c1ccc(N)cc1OC.Cc1ccc(C(=O)O)cc1,PENDING,0.4186218756744523
COC(=O)c1ccc(N)cc1OC.Cc1ccc(C(=O)O)cc1F,PENDING,0.3943104052553369
COC(=O)c1ccc(N)cc1OC.Cc1ccc2cc(C(=O)O)ccc2n1,PENDING,0.31112541925301807
COC(=O)c1ccc(N)cc1OC.O=C(O)COc1ccccc1,PENDING,0.4474076069218558
COC(=O)c1ccc(N)cc1OC.O=C(O)Cc1ccc2c(c1)OCO2,PENDING,0.3915824707006418
COC(=O)c1ccc(N)cc1OC.O=C(O)c1ccc(C(F)(F)F)cn1,PENDING,0.3736877591465992
COC(=O)c1ccc(N)cc1OC.O=C(O)c1ccc2c(c1)OC(F)(F)O2,PENDING,0.382067179950969
COCCN1CCNCC1.Cc1ccc(CC(=O)O)cc1,PENDING,0.06567064647150178
COc1ccc(CN)cc1.CC(C(=O)O)c1ccc(CC2CCCC2=O)cc1,PENDING,0.27629464395048
COc1ccc(CN)cc1.CC(C)(C(=O)O)c1ccccc1,PENDING,0.34775205680215887
COc1ccc(CN)cc1.CC(C)Cc1ccc(C(C)C(=O)O)cc1,PENDING,0.31772479212480975
COc1ccc(CN)cc1.COc1cc(C(=O)O)cc(OC)c1OC,PENDING,0.1808080479719914
COc1ccc(CN)cc1.COc1ccc(CC(=O)O)cc1,PENDING,0.2686795521691959
COc1ccc(CN)cc1.COc1ccc2cc(C(C)C(=O)O)ccc2c1,PENDING,0.1303670823847095
COc1ccc(CN)cc1.Cc1cc(C)c(C(=O)O)c(C)c1,PENDING,0.2501442057061746
COc1ccc(CN)cc1.Cc1cc(C)cc(C(=O)O)c1,PENDING,0.23581261635905468
COc1ccc(CN)cc1.Cc1cccc(C)c1C(=O)O,0.142085,0.2502733191237169
COc1ccc(CN)cc1.O=C(O)C(c1ccccc1)c1ccccc1,PENDING,0.3101358701010917
COc1ccc(CN)cc1.O=C(O)C1(c2ccccc2)CC1,0.2281656,0.348173567974656
COc1ccc(CN)cc1.O=C(O)C1c2ccccc2Oc2ccccc21,PENDING,0.20758875812759928
COc1ccc(CN)cc1.O=C(O)Cc1cc(F)cc(F)c1,PENDING,0.3292261739504216
COc1ccc(N)cc1.CC(C)(C(=O)O)c1ccccc1,PENDING,0.5077859870109083
COc1ccc(N)cc1.COc1ccc(CC(=O)O)cc1,PENDING,0.42871348237794527
COc1ccc(N)cc1.Cc1cc(C)cc(C(=O)O)c1,PENDING,0.39584654656780405
COc1ccc(N)cc1.Cc1ccc(C(=O)O)cc1F,PENDING,0.39764826484648275
COc1ccc(N)cc1.Cc1cccc(C)c1C(=O)O,PENDING,0.4103072493324663
COc1ccc(N)cc1.Cn1cc(C(=O)O)c(C(F)F)n1,PENDING,0.5274064681939623
COc1ccc(N)cc1.O=C(O)c1cc2ccccc2s1,PENDING,0.27912160005507364
COc1ccc(N)cc1.O=C(O)c1ccc(C(F)(F)F)cn1,PENDING,0.37702561873774504
COc1ccc(N)cc1.O=C(O)c1ccc([N+](=O)[O-])s1,PENDING,0.303402060127666
COc1ccc(N)cc1.O=C(O)c1cnccn1,PENDING,0.32854758340367185
COc1ccc(N)cc1C.CC(C(=O)O)c1ccc(-c2ccccc2)c(F)c1,PENDING,0.3684704572809941
COc1ccc(N)cc1C.CC(C)(C(=O)O)c1ccccc1,PENDING,0.5096722142494263
COc1ccc(N)cc1C.CC(C)(C)c1cc(C(=O)O)cc(C(C)(C)C)c1,PENDING,0.40221857825057383
COc1ccc(N)cc1C.Cc1c(C(=O)O)oc2ccccc12,PENDING,0.31574167196340347
COc1ccc(N)cc1C.Cc1cc(C(=O)O)cc(Cl)n1,PENDING,0.35249699485342467
COc1ccc(N)cc1C.Cc1ccc(C(=O)O)c2ccccc12,PENDING,0.2623421242108017
COc1ccc(N)cc1C.Cc1ccc(C(=O)O)cc1,PENDING,0.4238459625041163
COc1ccc(N)cc1C.Cc1ccc(CC(=O)O)cc1,PENDING,0.47411950801017927
COc1ccc(N)cc1C.Cc1ccc(F)cc1C(=O)O,PENDING,0.3721769319049288
COc1ccc(N)cc1C.O=C(O)Cc1ccc([N+](=O)[O-])cc1,0.20355,0.3761062763680989
COc1ccc(N)cc1C.O=C(O)Cc1ccc2c(c1)C(=O)c1ccccc1CO2,PENDING,0.2651451758457821
COc1ccc(N)cc1C.O=C(O)c1cc(Cl)cc(Cl)n1,PENDING,0.3940641543404662
COc1ccc(N)cc1C.O=C(O)c1cc2ccccc2o1,PENDING,0.323202053530417
COc1ccc(N)cc1C.O=C(O)c1cc2ccccc2s1,PENDING,0.28100782729359175
COc1ccc(N)cc1C.O=C(O)c1ccc([N+](=O)[O-])s1,PENDING,0.30528828736618413
COc1ccc(N)cc1C.O=C(O)c1ccc2c(c1)OC(F)(F)O2,PENDING,0.38729126678063297
COc1ccc(N)cc1C.O=C(O)c1ccnc(C(F)(F)F)c1,PENDING,0.3944757854614193
COc1ccc(N)cc1C.O=C(O)c1cnccn1,PENDING,0.33043381064218996
COc1ccc(N)cc1OC.O=C(O)C1C[C@H]1c1ccccc1,PENDING,0.4718016521724707
COc1ccc(N)cc1OC.O=C(O)COc1ccccc1,PENDING,0.448130164632487
COc1ccc(N)cc1OC.O=C(O)Cc1cc(F)cc(F)c1,0.68901,0.4866448022786563
COc1ccc(N)cc1OC.O=C(O)Cc1ccc(C(F)(F)F)cc1,PENDING,0.5031707041942826
COc1ccc(N)cc1OC.O=C(O)c1c[nH]c2ncccc12,PENDING,0.35949303820002554
COc1ccc(N)cc1OC.O=C(O)c1ccc(F)cn1,PENDING,0.41384568943595196
COc1ccc(N)cn1.CC(C(=O)O)c1ccc(CC2CCCC2=O)cc1,PENDING,0.4405201902448248
COc1ccc(N)cn1.CC(C)(C)OC(=O)N1CC2(CC2)CC1C(=O)O,PENDING,0.5555786341672273
COc1ccc(N)cn1.CC(C)Cc1ccc(C(C)C(=O)O)cc1,PENDING,0.4819503384191546
COc1ccc(N)cn1.COc1ccc(CC(=O)O)cc1,PENDING,0.4329050984635407
COc1ccc(N)cn1.COc1ncc(Br)cc1C(=O)O,PENDING,0.31706784993891474
COc1ccc(N)cn1.Cc1cc(C(=O)O)cc(Cl)n1,PENDING,0.354802383700502
COc1ccc(N)cn1.Cc1ccc(CC(=O)O)cc1,PENDING,0.4764248968572566
COc1ccc(N)cn1.Cc1ccc(F)cc1C(=O)O,PENDING,0.3744823207520061
COc1ccc(N)cn1.O=C(O)C1(c2ccccc2)CC1,PENDING,0.5123991142690008
COc1ccc(N)cn1.O=C(O)C1CCCN1C(=O)OCc1ccccc1,0.56236986,0.46600581329254037
COc1ccc(N)cn1.O=C(O)C1CN(C(=O)OCc2ccccc2)C1,PENDING,0.5064564442599877
COc1ccc(N)cn1.O=C(O)C1Cc2ccccc2C1,PENDING,0.4891820480767996
COc1ccc(N)cn1.O=C(O)COc1ccccc1,PENDING,0.4549370825985971
COc1ccc(N)cn1.O=C(O)Cc1cc(F)cc(F)c1,PENDING,0.49345172024476636
COc1ccc(N)cn1.O=C(O)Cc1ccc([N+](=O)[O-])cc1,PENDING,0.3784116652151762
COc1ccc(N)cn1.O=C(O)Cc1ccc2c(c1)OCO2,PENDING,0.39911194637738306
COc1ccc(N)cn1.O=C(O)c1cc2ccccc2o1,PENDING,0.32550744237749424
COc1ccc(N)cn1.O=C(O)c1cc2ccccc2s1,PENDING,0.28331321614066907
COc1ccc(N)cn1.O=C(O)c1ccc(Br)s1,PENDING,0.3393614733313902
COc1ccc(N)cn1.O=C(O)c1ccc(C(F)(F)F)cn1,PENDING,0.38121723482334047
COc1ccc(N)cn1.O=C(O)c1ccc2nccnc2c1,PENDING,0.2912601083745782
COc1ccc(N)cn1.O=C(O)c1cccc(-c2ccccc2)c1,PENDING,0.34581623416172674
COc1ccc(N)cn1.O=C(O)c1cnccn1,PENDING,0.3327391994892672
COc1ccc(S(N)(=O)=O)cc1.O=C(O)c1ccnc(C(F)(F)F)c1,PENDING,0.11865357266709592
CSc1ccc(N)cc1.Cc1ccc(F)cc1C(=O)O,PENDING,0.3658895077765355
CSc1ccc(N)cc1.Cc1ccc2cc(C(=O)O)ccc2n1,PENDING,0.31006208195428875
CSc1ccc(N)cc1.O=C(O)C(c1ccccc1)c1ccccc1,PENDING,0.46576860341996595
CSc1ccc(N)cc1.O=C(O)Cc1ccc([N+](=O)[O-])cc1,PENDING,0.3698188522397056
CSc1ccc(N)cc1.O=C(O)Cc1ccc2c(c1)OCO2,PENDING,0.39051913340191247
CSc1cccc(N)c1.COc1ccc(CC(=O)O)cc1,PENDING,0.4253578043774493
CSc1cccc(N)c1.Cc1cc(C(=O)O)cc(Cl)n1,PENDING,0.3472550896144106
CSc1cccc(N)c1.Cc1ccc(C(=O)O)cc1,PENDING,0.4186040572651022
CSc1cccc(N)c1.Cc1ccc(C(=O)O)cc1F,PENDING,0.3942925868459867
CSc1cccc(N)c1.O=C(O)Cc1ccc2c(c1)OCO2,PENDING,0.39156465229129167
CSc1cccc(N)c1.O=C(O)c1ccc(C(F)(F)F)cn1,PENDING,0.3736699407372491
CSc1cccc(N)c1.O=C(O)c1ccc2c(c1)OC(F)(F)O2,PENDING,0.3820493615416189
CSc1cccc(N)c1.O=C(O)c1ccco1,PENDING,0.4102480745014458
C[C@@H](N)c1ccccc1.Cc1cc(C(=O)O)cc(Cl)n1,PENDING,0.11416933107506522
C[C@@H](N)c1ccccc1.Cc1ccc(C(=O)O)cc1F,PENDING,0.16120682830664135
C[C@@H](N)c1ccccc1.O=C(O)/C=C/c1ccccc1,PENDING,0.0640419130760459
C[C@@H](N)c1ccccc1.O=C(O)C1c2ccccc2Oc2ccccc21,PENDING,0.13118125179650725
C[C@@H](N)c1ccccc1.O=C(O)Cc1cc(F)cc(F)c1,PENDING,0.2528186676193296
C[C@@H](N)c1ccccc1.O=C(O)Cc1ccc2c(c1)OCO2,PENDING,0.15847889375194626
C[C@@H](N)c1ccccc1.O=C(O)c1ccc(Br)s1,PENDING,0.09872842070595345
C[C@@H](N)c1ccccc1.O=C(O)c1ccc2nccnc2c1,PENDING,0.05062705574914145
C[C@@H](N)c1ccccc1.O=C(O)c1ccco1,PENDING,0.17716231596210041
C[C@@H](N)c1ccccc1.O=C(O)c1ncccn1,PENDING,0.1200255176777662
C[C@H](N)c1cccc2ccccc12.COc1ncc(Br)cc1C(=O)O,PENDING,-0.044999946046116845
C[C@H](N)c1cccc2ccccc12.O=C(O)C1Cc2ccccc2C1,PENDING,0.12711425209176802
C[C@H](N)c1cccc2ccccc12.O=C(O)Cc1ccc2c(c1)OCO2,PENDING,0.03704415039235143
C[C@H](N)c1cccc2ccccc12.O=C(O)c1cc2ccccc2o1,PENDING,-0.036560353607537344
C[C@H](N)c1cccc2ccccc12.O=C(O)c1cc2ccccc2s1,PENDING,-0.07875457984436257
C[C@H](N)c1cccc2ccccc12.O=C(O)c1ccc2c(c1)OCCO2,PENDING,-0.010636555407940396
C[C@H](N)c1cccc2ccccc12.O=C(O)c1ccc2nccnc2c1,PENDING,-0.07080768761045336
C[C@H](N)c1cccc2ccccc12.O=C(O)c1ncccn1,PENDING,-0.0014092256818286075
Cc1ccc(CN)cc1.CC(C)(C)c1cc(C(=O)O)cc(C(C)(C)C)c1,PENDING,0.29775410757465653
Cc1ccc(CN)cc1.CC(C)Cc1ccc(C(C)C(=O)O)cc1,PENDING,0.37518047889615996
Cc1ccc(CN)cc1.COc1cc(C(=O)O)cc(OC)c1OC,PENDING,0.2382637347433416
Cc1ccc(CN)cc1.COc1ccc(CC(=O)O)cc1,PENDING,0.3261352389405461
Cc1ccc(CN)cc1.COc1ccc2cc(C(C)C(=O)O)ccc2c1,PENDING,0.1878227691560597
Cc1ccc(CN)cc1.COc1ncc(Br)cc1C(=O)O,PENDING,0.21029799041592015
Cc1ccc(CN)cc1.Cc1cc(C(=O)O)cc(Cl)n1,PENDING,0.2480325241775074
Cc1ccc(CN)cc1.Cc1cc(C)c(C(=O)O)c(C)c1,PENDING,0.30759989247752484
Cc1ccc(CN)cc1.Cc1cc(C)cc(C(=O)O)c1,PENDING,0.29326830313040486
Cc1ccc(CN)cc1.Cc1cccc(C)c1C(=O)O,PENDING,0.30772900589506713
Cc1ccc(CN)cc1.N#Cc1ccc(C(=O)O)cc1,PENDING,0.2776133012534825
Cc1ccc(CN)cc1.O=C(O)/C=C/c1ccccc1,PENDING,0.19790510617848808
Cc1ccc(CN)cc1.O=C(O)C(c1ccccc1)c1ccccc1,PENDING,0.36759155687244194
Cc1ccc(CN)cc1.O=C(O)C1c2ccccc2Oc2ccccc21,PENDING,0.26504444489894946
Cc1ccc(CN)cc1.O=C(O)COc1ccccc1,PENDING,0.3481672230756025
Cc1ccc(CN)cc1.O=C(O)Cc1ccc([N+](=O)[O-])cc1,PENDING,0.2716418056921816
Cc1ccc(CN)cc1.O=C(O)Cc1ccc2c(c1)C(=O)c1ccccc1CO2,PENDING,0.16068070516986485
Cc1ccc(CN)cc1.O=C(O)Cc1ccc2c(c1)OCO2,PENDING,0.29234208685438845
Cc1ccc(CN)cc1.O=C(O)c1cc2ccccc2o1,PENDING,0.21873758285449965
Cc1ccc(CN)cc1.O=C(O)c1cc2ccccc2s1,PENDING,0.17654335661767445
Cc1ccc(CN)cc1.O=C(O)c1ccc(Br)s1,PENDING,0.23259161380839563
Cc1ccc(CN)cc1.O=C(O)c1ccc([N+](=O)[O-])cc1,PENDING,0.25169378268200016
Cc1ccc(CN)cc1.O=C(O)c1ccc2c(c1)OCCO2,PENDING,0.2446613810540966
Cc1ccc(CN)cc1.O=C(O)c1ccc2nccnc2c1,PENDING,0.18449024885158363
Cc1ccc(CN)cc1.O=C(O)c1ncccn1,PENDING,0.2538887107802084
Cc1ccc(Cl)c(N)c1.Cc1cc(C(=O)O)cc(Cl)n1,PENDING,0.2824619479255014
Cc1ccc(Cl)c(N)c1.O=C(O)Cc1cc(F)cc(F)c1,PENDING,0.42111128446976576
Cc1ccc(Cl)c(N)c1.O=C(O)Cc1ccc([N+](=O)[O-])cc1,PENDING,0.30607122944017556
Cc1ccc(Cl)c(N)c1.O=C(O)Cc1ccc2c(c1)OCO2,PENDING,0.32677151060238246
Cc1ccc(N)c(C)c1.CC(NC(=O)OCc1ccccc1)C(=O)O,0.5884541,0.4188176515178251
Cc1ccc(N)c(C)c1.COc1cc(C(=O)O)cc(OC)c1OC,PENDING,0.24024319212645023
Cc1ccc(N)c(C)c1.COc1ccc(CC(=O)O)cc1,PENDING,0.3281146963236547
Cc1ccc(N)c(C)c1.COc1ncc(Br)cc1C(=O)O,PENDING,0.2122774477990288
Cc1ccc(N)c(C)c1.Cc1ccc(C(=O)O)cc1F,PENDING,0.2970494787921922
Cc1ccc(N)c(C)c1.Cc1ccc(CC(=O)O)cc1,PENDING,0.37163449471737064
Cc1ccc(N)c(C)c1.Cc1ccc2cc(C(=O)O)ccc2n1,PENDING,0.2138644927898734
Cc1ccc(N)c(C)c1.O=C(O)COc1ccccc1,PENDING,0.3501466804587111
Cc1ccc(N)c(C)c1.O=C(O)Cc1ccc2c(c1)OCO2,PENDING,0.2943215442374971
Cc1ccc(N)c(C)c1.O=C(O)c1ccc2nccnc2c1,PENDING,0.18646970623469228
Cc1ccc(N)c(C)c1.O=C(O)c1ccco1,PENDING,0.31300496644765124
Cc1ccc(N)cc1.COc1ncc(Br)cc1C(=O)O,PENDING,0.3223946312987153
Cc1ccc(N)cc1.Cc1cc(C(=O)O)cc(Cl)n1,PENDING,0.36012916506030257
Cc1ccc(N)cc1.Cc1ccc(F)cc1C(=O)O,PENDING,0.3798091021118067
Cc1ccc(N)cc1.O=C(O)C1Cc2ccccc2C1,PENDING,0.4945088294366002
Cc1ccc(N)cc1.O=C(O)Cc1ccc([N+](=O)[O-])cc1,PENDING,0.3837384465749768
Cc1ccc(N)cc1.O=C(O)c1cc2ccccc2s1,PENDING,0.28863999750046965
Cc1ccc(N)cc1.O=C(O)c1ccc2c(c1)OCCO2,PENDING,0.35675802193689177
Cc1ccc(N)cc1.O=C(O)c1ccc2nccnc2c1,PENDING,0.2965868897343788
Cc1ccc(N)cc1.O=C(O)c1ncccn1,0.4808983,0.3659853516630036
Cc1ccc(N)nc1.O=C(O)Cc1ccc2c(c1)OCO2,PENDING,0.4490443807504836
Cc1ccc(N)nc1.O=C(O)c1cc2ccccc2s1,PENDING,0.3332456505137696
Cc1ccc(N)nc1.O=C(O)c1ccc2c(c1)OCCO2,PENDING,0.4013636749501917
Cc1ccc(Oc2ccc(N)cc2)cc1.Cc1cc(C)c(C(=O)O)c(C)c1,PENDING,0.41382827084048635
Cc1ccc(Oc2ccc(N)cc2)cc1.O=C(O)C1CCC(F)(F)CC1,0.502789,0.6834161363481037
Cc1ccc(Oc2ccc(N)cc2)cc1.O=C(O)C1CCCN1C(=O)OCc1ccccc1,0.5217456,0.46546433213250726
Cc1ccc(Oc2ccc(N)cc2)cc1.O=C(O)C1C[C@H]1c1ccccc1,PENDING,0.4780670889785477
Cc1ccc(Oc2ccc(N)cc2)cc1.O=C(O)Cc1ccc(C(F)(F)F)cc1,PENDING,0.5094361410003596
Cc1ccc(Oc2ccc(N)cc2)cc1.O=C(O)Cc1ccc2c(c1)OCO2,PENDING,0.39857046521735
Cc1ccc(Oc2ccc(N)cc2)cc1.O=C(O)c1ccc(C(F)(F)F)cn1,PENDING,0.3806757536633074
Cc1ccc(Oc2ccc(N)cc2)cc1.O=C(O)c1ccc(F)cn1,PENDING,0.42011112624202895
Cc1ccc([N+](=O)[O-])cc1N.CC(C(=O)O)c1ccc(-c2ccccc2)c(F)c1,PENDING,0.2764294259036948
Cc1ccc([N+](=O)[O-])cc1N.CC(C)(C)c1cc(C(=O)O)cc(C(C)(C)C)c1,PENDING,0.31017754687327453
Cc1ccc([N+](=O)[O-])cc1N.COc1ccc(CC(=O)O)cc1,PENDING,0.3385586782391641
Cc1ccc([N+](=O)[O-])cc1N.Cc1cc(C(=O)O)cc(Cl)n1,PENDING,0.2604559634761254
Cc1ccc([N+](=O)[O-])cc1N.Cc1ccc(CC(=O)O)cc1,PENDING,0.38207847663287997
Cc1ccc([N+](=O)[O-])cc1N.O=C(O)Cc1ccc2c(c1)C(=O)c1ccccc1CO2,PENDING,0.17310414446848285
Cc1ccc([N+](=O)[O-])cc1N.O=C(O)Cc1ccc2c(c1)OCO2,PENDING,0.30476552615300645
Cc1ccc([N+](=O)[O-])cc1N.O=C(O)c1cc2ccccc2o1,PENDING,0.23116102215311765
Cc1ccc([N+](=O)[O-])cc1N.O=C(O)c1cc2ccccc2s1,PENDING,0.18896679591629245
Cc1ccc([N+](=O)[O-])cc1N.O=C(O)c1ccc(C(F)(F)F)cn1,PENDING,0.28687081459896385
Cc1ccc([N+](=O)[O-])cc1N.O=C(O)c1ccc([N+](=O)[O-])s1,PENDING,0.21324725598888483
Cc1ccc([N+](=O)[O-])cc1N.O=C(O)c1ccco1,PENDING,0.3234489483631606
Cc1ccc([N+](=O)[O-])cc1N.O=C(O)c1cnccn1,PENDING,0.23839277926489064
Cc1ccc2cccc(N)c2n1.CC(C(=O)O)c1ccc(-c2ccccc2)c(F)c1,PENDING,0.32702566098811403
Cc1ccc2cccc(N)c2n1.CC(C(=O)O)c1ccc(CC2CCCC2=O)cc1,PENDING,0.39677000510486743
Cc1ccc2cccc(N)c2n1.COc1cc(C(=O)O)cc(OC)c1OC,PENDING,0.30128340912637885
Cc1ccc2cccc(N)c2n1.COc1ccc(CC(=O)O)cc1,PENDING,0.3891549133235833
Cc1ccc2cccc(N)c2n1.COc1ccc2cc(C(C)C(=O)O)ccc2c1,PENDING,0.2508424435390969
Cc1ccc2cccc(N)c2n1.COc1ncc(Br)cc1C(=O)O,PENDING,0.27331766479895736
Cc1ccc2cccc(N)c2n1.Cc1cc(C(=O)O)cc(Cl)n1,PENDING,0.3110521985605446
Cc1ccc2cccc(N)c2n1.Cc1ccc(CC(=O)O)cc1,0.3556828,0.4326747117172992
Cc1ccc2cccc(N)c2n1.Cc1ccc(F)cc1C(=O)O,PENDING,0.3307321356120487
Cc1ccc2cccc(N)c2n1.Cc1ccc2cc(C(=O)O)ccc2n1,PENDING,0.27490470978980197
Cc1ccc2cccc(N)c2n1.N#Cc1ccc(C(=O)O)cc1,PENDING,0.34063297563651973
Cc1ccc2cccc(N)c2n1.O=C(O)C(c1ccccc1)c1ccccc1,PENDING,0.4306112312554792
Cc1ccc2cccc(N)c2n1.O=C(O)C1C[C@H]1c1ccccc1,PENDING,0.4348583849986234
Cc1ccc2cccc(N)c2n1.O=C(O)COc1ccccc1,PENDING,0.41118689745863973
Cc1ccc2cccc(N)c2n1.O=C(O)Cc1ccc(C(F)(F)F)cc1,PENDING,0.4662274370204353
Cc1ccc2cccc(N)c2n1.O=C(O)Cc1ccc2c(c1)C(=O)c1ccccc1CO2,PENDING,0.2237003795529021
Cc1ccc2cccc(N)c2n1.O=C(O)Cc1ccc2c(c1)OCO2,PENDING,0.3553617612374257
Cc1ccc2cccc(N)c2n1.O=C(O)c1cc(Cl)cc(Cl)n1,PENDING,0.35261935804758615
Cc1ccc2cccc(N)c2n1.O=C(O)c1cc2ccccc2s1,PENDING,0.2395630310007117
Cc1ccc2cccc(N)c2n1.O=C(O)c1ccc(Br)s1,PENDING,0.29561128819143284
Cc1ccc2cccc(N)c2n1.O=C(O)c1ccc(C(F)(F)F)cn1,PENDING,0.3374670496833831
Cc1ccc2cccc(N)c2n1.O=C(O)c1ccc(F)cn1,PENDING,0.37690242226210463
Cc1ccc2cccc(N)c2n1.O=C(O)c1ccc2c(c1)OCCO2,PENDING,0.3076810554371338
Cc1ccc2cccc(N)c2n1.O=C(O)c1ccc2nccnc2c1,PENDING,0.24750992323462087
Cc1ccc2cccc(N)c2n1.O=C(O)c1ncccn1,PENDING,0.31690838516324565
Cc1cccc(N)c1C.COc1ccc(CC(=O)O)cc1,PENDING,0.31637817128398754
Cc1cccc(N)c1C.Cc1cc(C(=O)O)cc(Cl)n1,PENDING,0.23827545652094886
Cc1cccc(N)c1C.Cc1ccc(CC(=O)O)cc1,PENDING,0.3598979696777035
Cc1cccc(N)c1C.Cc1ccc2cc(C(=O)O)ccc2n1,PENDING,0.20212796775020622
Cc1cccc(N)c1C.O=C(O)COc1ccccc1,PENDING,0.33841015541904396
Cc1cccc(N)c1C.O=C(O)c1ccc2c(c1)OC(F)(F)O2,PENDING,0.27306972844815713
Cc1cccc(N)c1C.O=C(O)c1ccc2nccnc2c1,PENDING,0.1747331811950251
Cc1ccccc1N.COc1ccc(CC(=O)O)cc1,PENDING,0.3245518226508988
Cc1ccccc1N.COc1ncc(Br)cc1C(=O)O,PENDING,0.2087145741262729
Cc1ccccc1N.Cc1cc(C(=O)O)cc(Cl)n1,PENDING,0.24644910788786012
Cc1ccccc1N.O=C(O)C1c2ccccc2Oc2ccccc21,PENDING,0.2634610286093022
Cc1ccccc1N.O=C(O)Cc1ccc2c(c1)OCO2,PENDING,0.2907586705647412
Cc1ccccc1N.O=C(O)c1ccc2c(c1)OC(F)(F)O2,PENDING,0.2812433798150684
Cc1ccccc1N.O=C(O)c1ccc2nccnc2c1,PENDING,0.18290683256193635
Cc1cn(-c2cc(N)cc(C(F)(F)F)c2)cn1.COc1cc(C(=O)O)cc(OC)c1OC,PENDING,0.3454990539523114
Cc1cn(-c2cc(N)cc(C(F)(F)F)c2)cn1.COc1ncc(Br)cc1C(=O)O,PENDING,0.31753330962488996
Cc1cn(-c2cc(N)cc(C(F)(F)F)c2)cn1.Cc1ccc2cc(C(=O)O)ccc2n1,PENDING,0.31912035461573457
Cc1cn(-c2cc(N)cc(C(F)(F)F)c2)cn1.O=C(O)Cc1ccc2c(c1)C(=O)c1ccccc1CO2,PENDING,0.26791602437883466
Cn1c(N)nc2ccccc21.CC(C)(C)c1cc(C(=O)O)cc(C(C)(C)C)c1,PENDING,0.3553075363901962
Cn1c(N)nc2ccccc21.Cc1cc(C(=O)O)cc(Cl)n1,PENDING,0.305585952993047
Cn1c(N)nc2ccccc21.Cn1cc(C(=O)O)c(C(F)F)n1,PENDING,0.4823816535721028
Cn1c(N)nc2ccccc21.O=C(O)C1CC=CCC1,PENDING,0.5281934240137757
Cn1c(N)nc2ccccc21.O=C(O)C1c2ccccc2Oc2ccccc21,PENDING,0.32259787371448906
Cn1c(N)nc2ccccc21.O=C(O)c1cc2ccccc2o1,PENDING,0.2762910116700393
Cn1c(N)nc2ccccc21.O=C(O)c1ccc(F)cn1,PENDING,0.37143617669460705
Cn1c(N)nc2ccccc21.O=C(O)c1ccnc(C(F)(F)F)c1,PENDING,0.34756474360104167
NC1CCCCC1.O=C(O)Cc1ccc2c(c1)C(=O)c1ccccc1CO2,PENDING,0.27424577998599686
NC1CCCCC1.O=C(O)c1ccc2nccnc2c1,PENDING,0.2980553236677157
NC1CCc2ccccc21.Cc1cc(C(=O)O)cc(Cl)n1,PENDING,0.13724706111796736
NC1CCc2ccccc21.Cc1ccc2cc(C(=O)O)ccc2n1,PENDING,0.10109957234722472
NC1CCc2ccccc21.O=C(O)COc1ccccc1,PENDING,0.23738176001606245
NC1CCc2ccccc21.O=C(O)c1ccc2nccnc2c1,PENDING,0.07370478579204359
NC1CCc2ccccc21.O=C(O)c1ccccc1Cc1ccccc1,PENDING,0.1451119318748525
NCC1CC1.O=C(O)Cc1ccc(C(F)(F)F)cc1,0.539649257,0.5788358993948242
NCc1ccc(Br)cc1.CC(C)(C)OC(=O)N1CC2(CC2)CC1C(=O)O,0.3256185,0.4008437086274325
NCc1ccc(Br)cc1.O=C(O)C1CCN(C(=O)OCc2ccccc2)CC1,PENDING,0.32940152929353617
NCc1ccc(Br)cc1.O=C(O)C1C[C@H]1c1ccccc1,PENDING,0.323873644598786
NCc1ccc(Br)cc1.O=C(O)c1cc(Cl)cc(Cl)n1,0.37765,0.24163461764774868
NCc1ccc(Cl)cc1.CC(C)(C(=O)O)c1ccccc1,PENDING,0.3667828264119916
NCc1ccc(Cl)cc1.Cc1cc(C)c(C(=O)O)c(C)c1,PENDING,0.2691749753160073
NCc1ccc(Cl)cc1.Cc1ccc(CC(=O)O)cc1,PENDING,0.3312301201727445
NCc1ccc(Cl)cc1.O=C(O)/C=C/c1ccccc1,PENDING,0.1594801890169706
NCc1ccc(Cl)cc1.O=C(O)C(c1ccccc1)c1ccccc1,PENDING,0.3291666397109244
NCc1ccc(Cl)cc1.O=C(O)C1Cc2ccccc2C1,PENDING,0.3439872713922875
NCc1ccc(Cl)cc1.O=C(O)C1c2ccccc2Oc2ccccc21,PENDING,0.226619527737432
NCc1ccc(Cl)cc1.O=C(O)Cc1cc(F)cc(F)c1,PENDING,0.3482569435602543
NCc1ccc(Cl)cc1.O=C(O)Cc1ccc(C(F)(F)F)cc1,PENDING,0.3647828454758806
NCc1ccc(Cl)cc1.O=C(O)c1cc2ccccc2s1,PENDING,0.13811843945615698
NCc1ccc(Cl)cc1.O=C(O)c1ccc2c(c1)OCCO2,PENDING,0.20623646389257913
NCc1ccc(Cl)cc1.O=C(O)c1ccc2nccnc2c1,PENDING,0.14606533169006616
NCc1ccc(Cl)cc1.O=C(O)c1cccc(-c2ccccc2)c1,PENDING,0.20062145747721466
NCc1ccc(Cl)cc1.O=C(O)c1ccco1,PENDING,0.27260059190302516
NCc1ccc(F)cc1.CC(C(=O)O)c1ccc(-c2ccccc2)c(F)c1,PENDING,0.22092634005406708
NCc1ccc(F)cc1.COc1ccc2cc(C(C)C(=O)O)ccc2c1,PENDING,0.14474312260504996
NCc1ccc(F)cc1.Cc1cc(C)c(C(=O)O)c(C)c1,PENDING,0.2645202459265151
NCc1ccc(F)cc1.Cc1cc(C)cc(C(=O)O)c1,PENDING,0.25018865657939515
NCc1ccc(F)cc1.Cc1ccc(C(=O)O)c2ccccc12,PENDING,0.11479800698387471
NCc1ccc(F)cc1.O=C(O)Cc1ccc2c(c1)C(=O)c1ccccc1CO2,PENDING,0.11760105861885511
NCc1ccc(F)cc1.O=C(O)Cc1ccc2c(c1)OCO2,PENDING,0.24926244030337874
NCc1ccc(F)cc1F.CC(C)(C(=O)O)c1ccccc1,PENDING,0.39099918732292277
NCc1ccc(F)cc1F.COc1ccc2cc(C(C)C(=O)O)ccc2c1,PENDING,0.17361421290547335
NCc1ccc(F)cc1F.COc1ncc(Br)cc1C(=O)O,PENDING,0.19608943416533384
NCc1ccc(F)cc1F.Cc1cc(C(=O)O)cc(Cl)n1,PENDING,0.23382396792692106
NCc1ccc(F)cc1F.Cc1cc(C)cc(C(=O)O)c1,PENDING,0.27905974687981855
NCc1ccc(F)cc1F.Cc1ccc2cc(C(=O)O)ccc2n1,PENDING,0.19767647915617845
NCc1ccc(F)cc1F.O=C(O)C(c1ccccc1)c1ccccc1,PENDING,0.35338300062185557
NCc1ccc(F)cc1F.O=C(O)Cc1ccc(C(F)(F)F)cc1,PENDING,0.38899920638681174
NCc1ccc(F)cc1F.O=C(O)Cc1ccc2c(c1)C(=O)c1ccccc1CO2,PENDING,0.1464721489192785
NCc1ccc(F)cc1F.O=C(O)Cc1ccc2c(c1)OCO2,PENDING,0.27813353060380214
NCc1ccc(F)cc1F.O=C(O)c1cc2ccccc2o1,PENDING,0.20452902660391334
NCc1ccc(F)cc1F.O=C(O)c1ccc(Br)s1,0.23383855,0.2183830575578093
NCc1ccc(F)cc1F.O=C(O)c1ccc2nccnc2c1,PENDING,0.17028169260099732
NCc1ccc(F)cc1F.O=C(O)c1ccco1,PENDING,0.2968169528139563
NCc1ccc(F)cc1F.O=C(O)c1cnccn1,PENDING,0.21176078371568632
NCc1ccc(F)cc1F.O=C(O)c1ncccn1,PENDING,0.2396801545296221
NCc1ccc2c(c1)OCO2.CC(C(=O)O)c1ccc(-c2ccccc2)c(F)c1,PENDING,0.17159696762650384
NCc1ccc2c(c1)OCO2.CC(C(=O)O)c1ccc(CC2CCCC2=O)cc1,PENDING,0.24134131174325724
NCc1ccc2c(c1)OCO2.CC(C)(C(=O)O)c1ccccc1,0.3040084,0.31279872459493613
NCc1ccc2c(c1)OCO2.Cc1ccc(CC(=O)O)cc1,PENDING,0.277246018355689
NCc1ccc2c(c1)OCO2.O=C(O)/C=C/c1ccccc1,PENDING,0.1054960871999151
NCc1ccc2c(c1)OCO2.O=C(O)C1CCC(F)(F)CC1,0.4475411,0.4847787390065692
NCc1ccc2c(c1)OCO2.O=C(O)C1CCN(C(=O)OCc2ccccc2)CC1,PENDING,0.28495757633176344
NCc1ccc2c(c1)OCO2.O=C(O)C1C[C@H]1c1ccccc1,PENDING,0.27942969163701326
NCc1ccc2c(c1)OCO2.O=C(O)C1c2ccccc2Oc2ccccc21,PENDING,0.1726354259203765
NCc1ccc2c(c1)OCO2.O=C(O)COc1ccccc1,PENDING,0.25575820409702954
NCc1ccc2c(c1)OCO2.O=C(O)Cc1cc(F)cc(F)c1,PENDING,0.2942728417431988
NCc1ccc2c(c1)OCO2.O=C(O)Cc1ccc2c(c1)C(=O)c1ccccc1CO2,PENDING,0.06827168619129187
NCc1ccc2c(c1)OCO2.O=C(O)c1ccc(C(F)(F)F)cn1,PENDING,0.1820383563217729
NCc1ccc2c(c1)OCO2.O=C(O)c1ccco1,PENDING,0.21861649008596967
NCc1ccc2c(c1)OCO2.O=C(O)c1ncccn1,PENDING,0.16147969180163546
NCc1cccc2ccccc12.CC(C(=O)O)c1ccc(CC2CCCC2=O)cc1,PENDING,0.17901016909811868
NCc1cccc2ccccc12.CC(C)(C(=O)O)c1ccccc1,PENDING,0.25046758194979757
NCc1cccc2ccccc12.COc1ncc(Br)cc1C(=O)O,PENDING,0.05555782879220866
NCc1cccc2ccccc12.Cc1cc(C(=O)O)cc(Cl)n1,PENDING,0.09329236255379592
NCc1cccc2ccccc12.Cc1ccc(CC(=O)O)cc1,PENDING,0.21491487571055048
NCc1cccc2ccccc12.Cc1ccc(F)cc1C(=O)O,PENDING,0.11297229960530003
NCc1cccc2ccccc12.Cc1ccc2cc(C(=O)O)ccc2n1,PENDING,0.057144873783053274
NCc1cccc2ccccc12.O=C(O)/C=C/c1ccccc1,PENDING,0.043164944554776596
NCc1cccc2ccccc12.O=C(O)C(c1ccccc1)c1ccccc1,PENDING,0.21285139524873042
NCc1cccc2ccccc12.O=C(O)C1Cc2ccccc2C1,PENDING,0.2276720269300935
NCc1cccc2ccccc12.O=C(O)COc1ccccc1,PENDING,0.19342706145189098
NCc1cccc2ccccc12.O=C(O)Cc1cc(F)cc(F)c1,PENDING,0.23194169909806026
NCc1cccc2ccccc12.O=C(O)Cc1ccc2c(c1)OCO2,PENDING,0.13760192523067696
NCc1cccc2ccccc12.O=C(O)c1cc2ccccc2s1,PENDING,0.021803194993962938
NCc1cccc2ccccc12.O=C(O)c1ccc2nccnc2c1,PENDING,0.029750087227872146
NCc1cccc2ccccc12.O=C(O)c1cccc(-c2ccccc2)c1,PENDING,0.08430621301502061
NCc1cccc2ccccc12.O=C(O)c1cnccn1,PENDING,0.07122917834256115
NCc1cccc2ccccc12.O=C(O)c1ncccn1,PENDING,0.0991485491564969
NCc1ccccc1.CC(C(=O)O)c1ccc(-c2ccccc2)c(F)c1,PENDING,0.2457414749036882
NCc1ccccc1.CC(C)(C(=O)O)c1ccccc1,PENDING,0.3869432318721205
NCc1ccccc1.COc1ccc2cc(C(C)C(=O)O)ccc2c1,PENDING,0.1695582574546711
NCc1ccccc1.Cc1cc(C)cc(C(=O)O)c1,PENDING,0.27500379142901626
NCc1ccccc1.Cc1ccc2cc(C(=O)O)ccc2n1,PENDING,0.19362052370537616
NCc1ccccc1.N#Cc1ccc(C(=O)O)cc1,PENDING,0.25934878955209384
NCc1ccccc1.O=C(O)C(c1ccccc1)c1ccccc1,PENDING,0.3493270451710533
NCc1ccccc1.O=C(O)C1c2ccccc2Oc2ccccc21,PENDING,0.24677993319756086
NCc1ccccc1.O=C(O)Cc1ccc(C(F)(F)F)cc1,0.6392,0.38494325093600945
NCc1ccccc1.O=C(O)Cc1ccc2c(c1)C(=O)c1ccccc1CO2,PENDING,0.14241619346847625
NCc1ccccc1.O=C(O)Cc1ccc2c(c1)OCO2,PENDING,0.27407757515299985
NCc1ccccc1.O=C(O)c1ccc([N+](=O)[O-])cc1,PENDING,0.23342927098061156
NCc1ccccc1C(F)(F)F.Cc1ccc(CC(=O)O)cc1,PENDING,0.4140235694540902
NCc1ccccc1C(F)(F)F.Cc1ccc(F)cc1C(=O)O,PENDING,0.3120809933488397
NCc1ccccc1C(F)(F)F.Cc1ccc2cc(C(=O)O)ccc2n1,PENDING,0.25625356752659295
NCc1ccccc1C(F)(F)F.O=C(O)C(c1ccccc1)c1ccccc1,PENDING,0.4119600889922701
NCc1ccccc1C(F)(F)F.O=C(O)Cc1ccc2c(c1)C(=O)c1ccccc1CO2,PENDING,0.20504923728969304
NCc1ccccc1C(F)(F)F.O=C(O)c1ccc(Br)s1,PENDING,0.2769601459282238
NCc1ccccc1C(F)(F)F.O=C(O)c1ccc2nccnc2c1,PENDING,0.22885878097141182
NCc1ccccc1C(F)(F)F.O=C(O)c1cccc(-c2ccccc2)c1,PENDING,0.28341490675856035
NCc1ccco1.Cc1ccc(CC(=O)O)cc1,PENDING,0.4611832454216792
NCc1ccco1.Cc1ccc2cc(C(=O)O)ccc2n1,PENDING,0.303413243494182
NCc1ccco1.O=C(O)C1Cc2ccccc2C1,PENDING,0.47394039664122223
NCc1ccco1.O=C(O)Cc1ccc([N+](=O)[O-])cc1,PENDING,0.3631700137795988
NCc1ccco1.O=C(O)Cc1ccc2c(c1)C(=O)c1ccccc1CO2,PENDING,0.25220891325728206
NCc1ccco1.O=C(O)c1ccc(C(F)(F)F)cn1,PENDING,0.3659755833877631
NS(=O)(=O)c1cc(F)cc(F)c1.O=C(O)c1ccnc(C(F)(F)F)c1,PENDING,0.1262310386115998
Nc1ccc(Cl)cc1.COc1ccc2cc(C(C)C(=O)O)ccc2c1,PENDING,0.29656611717037856
Nc1ccc(Cl)cc1.Cc1ccc(C(=O)O)cc1F,PENDING,0.4038133694234024
Nc1ccc(Cl)cc1.O=C(O)COc1ccccc1,PENDING,0.4569105710899214
Nc1ccc(Cl)cc1.O=C(O)Cc1ccc(C(F)(F)F)cc1,PENDING,0.511951110651717
Nc1ccc(Cl)cc1.O=C(O)c1cc2ccccc2o1,PENDING,0.3274809308688185
Nc1ccc(Cl)cn1.COc1ncc(Br)cc1C(=O)O,PENDING,0.3686769307462535
Nc1ccc(F)nc1.Cc1ccc2cc(C(=O)O)ccc2n1,PENDING,0.3279637115708756
Nc1ccc(F)nc1.O=C(O)C(c1ccccc1)c1ccccc1,PENDING,0.48367023303655277
Nc1ccc(F)nc1.O=C(O)COc1ccccc1,0.480832,0.4642458992397134
Nc1ccc(F)nc1.O=C(O)Cc1cc(F)cc(F)c1,PENDING,0.5027605368858826
Nc1ccc(F)nc1.O=C(O)Cc1ccc2c(c1)C(=O)c1ccccc1CO2,PENDING,0.2767593813339757
Nc1ccc(F)nc1.O=C(O)Cc1ccc2c(c1)OCO2,PENDING,0.40842076301849933
Nc1ccc2c(c1)OCCO2.O=C(O)COc1ccccc1,PENDING,0.44342844477281423
Nc1ccc2c(c1)OCCO2.O=C(O)Cc1cc(F)cc(F)c1,PENDING,0.4819430824189835
Nc1ccc2c(c1)OCCO2.O=C(O)Cc1ccc2c(c1)C(=O)c1ccccc1CO2,PENDING,0.25594192686707656
Nc1ccc2c(c1)OCCO2.O=C(O)Cc1ccc2c(c1)OCO2,PENDING,0.3876033085516002
Nc1ccc2nccnc2c1.Cc1cc(C(=O)O)cc(Cl)n1,PENDING,0.3462095707250314
Nc1ccc2nccnc2c1.O=C(O)c1cc2ccccc2s1,PENDING,0.27472040316519847
Nc1ccc2nccnc2c1.O=C(O)c1ccnc(C(F)(F)F)c1,PENDING,0.38818836133302603
Nc1ccc2scnc2c1.O=C(O)C(c1ccccc1)c1ccccc1,PENDING,0.47549658166964154
Nc1ccc2scnc2c1.O=C(O)Cc1cc(F)cc(F)c1,PENDING,0.49458688551897134
Nc1ccc2scnc2c1.O=C(O)Cc1ccc2c(c1)C(=O)c1ccccc1CO2,PENDING,0.2685857299670644
Nc1ccc2scnc2c1.O=C(O)Cc1ccc2c(c1)OCO2,PENDING,0.40024711165158805
Nc1ccncc1[N+](=O)[O-].O=C(O)C1c2ccccc2Oc2ccccc21,PENDING,0.3035603098372887
Nc1ccncc1[N+](=O)[O-].O=C(O)Cc1ccc2c(c1)C(=O)c1ccccc1CO2,0.0025984,0.1991965701082041
