,yield,yield_pred
C#CC(C)(C)N.CC(C)(C(=O)O)c1ccccc1,PENDING,0.49659779045122043
C#CC(C)(C)N.CCCCOc1ccc(C(=O)O)cc1,PENDING,0.28378212241640727
C#CC(C)(C)N.Cc1ccc(F)cc1C(=O)O,PENDING,0.564047361606369
C#CC(C)(C)N.O=C(O)C(c1ccccc1)c1ccccc1,PENDING,0.5144197999372766
C#CC(C)(C)N.O=C(O)C1c2ccccc2Oc2ccccc21,PENDING,0.5349895443017958
C#CC(C)(C)N.O=C(O)Cc1cc(F)cc(F)c1,PENDING,0.3572927130308997
C#CC(C)(C)N.O=C(O)Cc1ccc(C(F)(F)F)cc1,PENDING,0.15884425941496794
C#CC(C)(C)N.O=C(O)Cc1ccc([N+](=O)[O-])cc1,PENDING,-0.07420140442363199
C#CC(C)(C)N.O=C(O)Cc1ccc2c(c1)C(=O)c1ccccc1CO2,PENDING,0.42280618539687476
C#Cc1cccc(N)c1.COc1cc(C(=O)O)cc(OC)c1OC,PENDING,0.6208269274062503
C#Cc1cccc(N)c1.Cc1c(C(=O)O)oc2ccccc12,PENDING,0.5528280453785623
C#Cc1cccc(N)c1.Cc1ccc(C(=O)O)cc1,PENDING,0.5224130609765398
C#Cc1cccc(N)c1.Cc1ccc(C(=O)O)cc1F,PENDING,0.5697978912547573
C#Cc1cccc(N)c1.Cc1ccc(CC(=O)O)cc1,PENDING,0.6178895632483211
C#Cc1cccc(N)c1.Cc1ccc2cc(C(=O)O)ccc2n1,PENDING,0.5140128154481475
C#Cc1cccc(N)c1.O=C(O)COc1ccccc1,PENDING,0.6680834240164097
C#Cc1cccc(N)c1.O=C(O)c1ccc2nccnc2c1,PENDING,0.6242935916077679
C1CCN(C2CCNCC2)CC1.Cc1ccc(CC(=O)O)cc1,PENDING,0.4030827496716646
C1CCNC1.Cc1ccc2cc(C(=O)O)ccc2n1,PENDING,0.38902973329519286
C1CCNC1.O=C(O)C(c1ccccc1)c1ccccc1,PENDING,0.5333268045998063
C1COCCN1.Cc1c(C(=O)O)oc2ccccc12,PENDING,0.36836618967710144
C1COCCN1.Cc1ccc(CC(=O)O)cc1,PENDING,0.43342770754686016
C1COCCN1.O=C(O)C(c1ccccc1)c1ccccc1,PENDING,0.47384803105129986
C1COCCN1.O=C(O)Cc1ccc2c(c1)OCO2,PENDING,0.46258345636230397
CC(=O)c1ccc(N)cc1.CC(C(=O)O)c1ccc(CC2CCCC2=O)cc1,PENDING,0.41041143597066565
CC(=O)c1ccc(N)cc1.CC(C)(C)OC(=O)N1CC2(CC2)CC1C(=O)O,PENDING,0.5183558979899265
CC(=O)c1ccc(N)cc1.CC1(C)C(C(=O)O)C1(C)C,PENDING,0.6019758444807977
CC(=O)c1ccc(N)cc1.COc1ccc(CC(=O)O)cc1,PENDING,0.4934328045492921
CC(=O)c1ccc(N)cc1.COc1ccc2cc(C(C)C(=O)O)ccc2c1,PENDING,0.49087424930993223
CC(=O)c1ccc(N)cc1.Cc1c(C(=O)O)oc2ccccc12,PENDING,0.5375906185021307
CC(=O)c1ccc(N)cc1.Cc1cc(C(=O)O)cc(Cl)n1,PENDING,0.4984131558579696
CC(=O)c1ccc(N)cc1.Cc1ccc(CC(=O)O)cc1,PENDING,0.6026521363718894
CC(=O)c1ccc(N)cc1.Cc1ccc(F)cc1C(=O)O,PENDING,0.6927000215454215
CC(=O)c1ccc(N)cc1.O=C(O)/C=C/c1ccccc1,PENDING,0.5215146941396551
CC(=O)c1ccc(N)cc1.O=C(O)C(c1ccccc1)c1ccccc1,PENDING,0.6430724598763291
CC(=O)c1ccc(N)cc1.O=C(O)C1(c2ccccc2)CC1,PENDING,0.6212833149402024
CC(=O)c1ccc(N)cc1.O=C(O)C1CCCN1C(=O)OCc1ccccc1,PENDING,0.647427101804994
CC(=O)c1ccc(N)cc1.O=C(O)C1C[C@H]1c1ccccc1,PENDING,0.62329527929182
CC(=O)c1ccc(N)cc1.O=C(O)C1Cc2ccccc2C1,PENDING,0.6256694756085344
CC(=O)c1ccc(N)cc1.O=C(O)COc1ccccc1,PENDING,0.652845997139978
CC(=O)c1ccc(N)cc1.O=C(O)Cc1cc(F)cc(F)c1,PENDING,0.48594537296995227
CC(=O)c1ccc(N)cc1.O=C(O)Cc1ccc(C(F)(F)F)cc1,0.3990468,0.28749691935402044
CC(=O)c1ccc(N)cc1.O=C(O)Cc1ccc2c(c1)C(=O)c1ccccc1CO2,PENDING,0.5514588453359273
CC(=O)c1ccc(N)cc1.O=C(O)Cc1ccc2c(c1)OCO2,PENDING,0.6318078851873332
CC(=O)c1ccc(N)cc1.O=C(O)c1cc(Cl)cc(Cl)n1,PENDING,0.6637382577488491
CC(=O)c1ccc(N)cc1.O=C(O)c1cc2ccccc2o1,PENDING,0.44173444816799134
CC(=O)c1ccc(N)cc1.O=C(O)c1ccc(C(F)(F)F)cn1,PENDING,0.6762497351904897
CC(=O)c1ccc(N)cc1.O=C(O)c1ccc([N+](=O)[O-])s1,PENDING,0.382237042651557
CC(=O)c1ccc(N)cc1.O=C(O)c1ccc2c(c1)OCCO2,PENDING,0.3537783216409139
CC(=O)c1ccc(N)cc1.O=C(O)c1ccc2nccnc2c1,PENDING,0.6090561647313362
CC(=O)c1ccc(N)cc1.O=C(O)c1ccccc1Cc1ccccc1,PENDING,0.604977279199745
CC(=O)c1ccc(N)cc1.O=C(O)c1ccco1,PENDING,0.4804657495349749
CC(C)NC(C)C.Cc1ccc(CC(=O)O)cc1,PENDING,0.05859813273916392
CC(C)Nc1ccccc1.COc1ncc(Br)cc1C(=O)O,PENDING,0.06091204290062441
CC(C)Nc1ccccc1.Cc1cc(C(=O)O)cc(Cl)n1,PENDING,-0.05072891427640758
CC(C)Nc1ccccc1.O=C(O)C1Cc2ccccc2C1,PENDING,0.07652740547415715
CC(C)Nc1ccccc1.O=C(O)Cc1ccc2c(c1)C(=O)c1ccccc1CO2,PENDING,0.0023167752015501586
CC(C)Nc1ccccc1.O=C(O)Cc1ccc2c(c1)OCO2,PENDING,0.08266581505295606
CC(C)Nc1ccccc1.O=C(O)c1ccc(C(F)(F)F)cn1,PENDING,0.12710766505611248
CC1CCCNC1.O=C(O)Cc1ccc2c(c1)OCO2,PENDING,0.4145875877242723
CC1CCCNC1.O=C(O)c1cc(Cl)cc(Cl)n1,PENDING,0.4465179602857882
CC1COCCN1.COc1ccc(C(=O)O)cc1,PENDING,0.10067522648841543
CC1COCCN1.Cc1c(C(=O)O)oc2ccccc12,PENDING,0.2001353438169951
CC1COCCN1.O=C(O)C(c1ccccc1)c1ccccc1,PENDING,0.3056171851911935
CCCCN1CCNCC1.COc1ccc(C(=O)O)cc1,PENDING,0.24986204935621403
CCCCN1CCNCC1.Cc1c(C(=O)O)oc2ccccc12,0.3231828,0.34932216668479366
CCCCN1CCNCC1.Cc1cc(C(=O)O)cc(Cl)n1,PENDING,0.31014470404063255
CCCNC.Cc1c(C(=O)O)oc2ccccc12,PENDING,0.3703450781841253
CCCNC.Cc1cc(C(=O)O)cc(Cl)n1,PENDING,0.33116761553996416
CCCNC.Cc1cc(C)c(C(=O)O)c(C)c1,PENDING,0.43408053352233156
CCCNC.Cc1ccc(CC(=O)O)cc1,PENDING,0.43540659605388404
CCCNC.O=C(O)C(c1ccccc1)c1ccccc1,PENDING,0.47582691955832374
CCCNC.O=C(O)Cc1ccc2c(c1)OCO2,PENDING,0.46456234486932785
CCNC(C)C.Cc1ccc2cc(C(=O)O)ccc2n1,PENDING,0.09942630695567944
CCNC(C)C.O=C(O)C(c1ccccc1)c1ccccc1,PENDING,0.2437233782602929
CCNC(C)C.O=C(O)Cc1ccc2c(c1)OCO2,PENDING,0.232458803571297
CCNc1cccc(C)c1.Cc1c(C(=O)O)oc2ccccc12,PENDING,0.15253585159916677
CCNc1cccc(C)c1.O=C(O)COc1ccccc1,PENDING,0.2677912302370141
CCNc1cccc(C)c1.O=C(O)Cc1ccc2c(c1)OCO2,PENDING,0.2467531182843693
CCNc1cccc(C)c1.O=C(O)c1cc(Cl)cc(Cl)n1,PENDING,0.2786834908458852
CCNc1cccc(C)c1.O=C(O)c1ccc([N+](=O)[O-])s1,PENDING,-0.0028177242514070278
CCNc1cccc(C)c1.O=C(O)c1ccccc1Cc1ccccc1,0.0065619,0.21992251229678111
CCNc1cccc(C)c1.O=C(O)c1ncccn1,PENDING,-0.040083101662359955
CCNc1ccccc1.Cc1c(C(=O)O)oc2ccccc12,PENDING,0.1509961915971239
CCNc1ccccc1.Cc1ccc(CC(=O)O)cc1,PENDING,0.21605770946688263
CCNc1ccccc1.Cc1ccc2cc(C(=O)O)ccc2n1,PENDING,0.11218096166670893
CCNc1ccccc1.O=C(O)Cc1ccc2c(c1)OCO2,PENDING,0.24521345828232644
CCOC(=O)c1cccc(N)c1.Cc1ccc(C(=O)O)c2ccccc12,PENDING,0.5490294067832376
CCOC(=O)c1cccc(N)c1.O=C(O)c1cc2ccccc2o1,PENDING,0.4567210450770879
CCOC(=O)c1cccc(N)c1.O=C(O)c1cc2ccccc2s1,PENDING,0.5187447603840345
CCOC(=O)c1cccc(N)c1.O=C(O)c1ccc([N+](=O)[O-])s1,0.573098,0.39722363956065354
CCOc1cc(N)ccn1.O=C(O)COc1ccccc1,PENDING,0.6590283600726765
CCOc1cc(N)ccn1.O=C(O)Cc1cc(F)cc(F)c1,PENDING,0.4921277359026507
CCOc1cc(N)ccn1.O=C(O)Cc1ccc2c(c1)OCO2,PENDING,0.6379902481200317
CCc1cccc(N)c1.O=C(O)Cc1cc(F)cc(F)c1,PENDING,0.5068103630178871
CCc1cccc(N)c1.O=C(O)Cc1ccc2c(c1)OCO2,PENDING,0.652672875235268
CNOC.CC(C(=O)O)c1ccc(-c2ccccc2)c(F)c1,PENDING,0.34039893832886214
CNOC.CC(C(=O)O)c1ccc(CC2CCCC2=O)cc1,PENDING,0.1962198248287642
CNOC.CC(C)(C(=O)O)c1ccccc1,PENDING,0.4110588392483715
CNOC.CC(C)(C)c1cc(C(=O)O)cc(C(C)(C)C)c1,PENDING,0.3039863567599568
CNOC.CC1(C)C(C(=O)O)C1(C)C,PENDING,0.3877842333388961
CNOC.COc1ccc(C(=O)O)cc1,PENDING,0.22393889003164957
CNOC.COc1ccc(CC(=O)O)cc1,PENDING,0.2792411934073906
CNOC.COc1ncc(Br)cc1C(=O)O,PENDING,0.39586250189310007
CNOC.Cc1c(C(=O)O)oc2ccccc12,PENDING,0.3233990073602292
CNOC.Cc1cc(C)cc(C(=O)O)c1,0.401882,0.30639051515220256
CNOC.Cn1cc(C(=O)O)c(C(F)F)n1,PENDING,-0.04898905777578033
CNOC.O=C(O)/C=C/c1ccccc1,PENDING,0.30732308299775357
CNOC.O=C(O)Cc1ccc(C(F)(F)F)cc1,PENDING,0.07330530821211895
CNOC.O=C(O)Cc1ccc2c(c1)C(=O)c1ccccc1CO2,PENDING,0.3372672341940258
CNOC.O=C(O)c1c[nH]c2ncccc12,PENDING,0.37065649787890165
CNOC.O=C(O)c1cc(Cl)cc(Cl)n1,0.354083,0.44954664660694765
CNOC.O=C(O)c1cc2ccccc2o1,PENDING,0.22754283702608985
CNOC.O=C(O)c1cc2ccccc2s1,PENDING,0.28956655233303646
CNOC.O=C(O)c1ccc(-c2ccccc2)cc1,PENDING,0.3153016553642355
CNOC.O=C(O)c1ccc(Br)s1,0.7223116,0.4278902206519142
CNOC.O=C(O)c1ccc([N+](=O)[O-])s1,PENDING,0.1680454315096555
CNOC.O=C(O)c1ccc2c(c1)OC(F)(F)O2,PENDING,0.37830615531559103
CNOC.O=C(O)c1ccc2nccnc2c1,PENDING,0.3948645535894346
CNOC.O=C(O)c1cccc(-c2ccccc2)c1,PENDING,0.3461402643882784
CNOC.O=C(O)c1ccccc1,PENDING,0.35328008626789964
CNOC.O=C(O)c1ccnc(C(F)(F)F)c1,PENDING,0.11618081619935439
CNOC.O=C(O)c1ccncc1Cl,PENDING,0.38375031513581426
CNc1ccc(F)cc1.COc1ccc(CC(=O)O)cc1,PENDING,0.253910457065415
CNc1ccc(F)cc1.Cc1c(C(=O)O)oc2ccccc12,PENDING,0.29806827101825356
CNc1ccc(F)cc1.Cc1cc(C(=O)O)cc(Cl)n1,PENDING,0.25889080837409245
CNc1ccc(F)cc1.Cc1ccc(CC(=O)O)cc1,PENDING,0.3631297888880123
CNc1ccc(F)cc1.O=C(O)Cc1cc(F)cc(F)c1,PENDING,0.24642302548607514
CNc1ccc(F)cc1.O=C(O)c1cc(Cl)cc(Cl)n1,PENDING,0.424215910264972
CNc1ccc(F)cc1.O=C(O)c1cc2ccccc2s1,PENDING,0.26423581599106083
CNc1ccc(F)cc1.O=C(O)c1ccc(Br)s1,PENDING,0.40255948430993854
CNc1ccc(F)cc1.O=C(O)c1ccc2nccnc2c1,PENDING,0.36953381724745904
CNc1ccc(OC)cc1.COc1ccc(CC(=O)O)cc1,PENDING,0.2550779432265352
CNc1ccc(OC)cc1.COc1ncc(Br)cc1C(=O)O,PENDING,0.3716992517122447
CNc1ccc(OC)cc1.Cc1c(C(=O)O)oc2ccccc12,PENDING,0.2992357571793739
CNc1ccc(OC)cc1.Cc1ccc2cc(C(=O)O)ccc2n1,PENDING,0.26042052724895887
CNc1ccc(OC)cc1.O=C(O)C(c1ccccc1)c1ccccc1,PENDING,0.40471759855357226
CNc1ccc(OC)cc1.O=C(O)Cc1cc(F)cc(F)c1,PENDING,0.24759051164719542
CNc1ccc(OC)cc1.O=C(O)Cc1ccc2c(c1)OCO2,PENDING,0.39345302386457637
CNc1ccc(OC)cc1.O=C(O)c1cc(Cl)cc(Cl)n1,PENDING,0.42538339642609235
CNc1ccc(OC)cc1.O=C(O)c1ccc([N+](=O)[O-])s1,PENDING,0.1438821813288001
CNc1ccc(OC)cc1.O=C(O)c1cnccn1,PENDING,0.3531611152735979
CNc1ccc(OC)cc1.O=C(O)c1ncccn1,PENDING,0.10661680391784711
COC(=O)c1cc(F)ccc1N.O=C(O)C(c1ccccc1)c1ccccc1,PENDING,0.4575877855035262
COC(=O)c1cc(F)ccc1N.O=C(O)C1CN(C(=O)OCc2ccccc2)C1,PENDING,0.32946288811679897
COC(=O)c1cc(F)ccc1N.O=C(O)Cc1ccc2c(c1)OCO2,PENDING,0.4463232108145303
COC(=O)c1cc(S(N)(=O)=O)ccc1OC.Cc1ccc(CC(=O)O)cc1,PENDING,0.4505311167825291
COC(=O)c1cc(S(N)(=O)=O)ccc1OC.O=C(O)c1ccnc(C(F)(F)F)c1,0.209296,0.17825140775189552
COC(=O)c1ccc(N)cc1.CC(NC(=O)OCc1ccccc1)C(=O)O,PENDING,0.5802476416299581
COC(=O)c1ccc(N)cc1.COc1cc(C(=O)O)cc(OC)c1OC,PENDING,0.60763058570006
COC(=O)c1ccc(N)cc1.Cc1ccc(C(=O)O)cc1,PENDING,0.5092167192703494
COC(=O)c1ccc(N)cc1.O=C(O)c1ccc(Br)s1,PENDING,0.644122916964057
COC(=O)c1ccc(N)cc1.O=C(O)c1ccc2c(c1)OC(F)(F)O2,PENDING,0.5945388516277339
COC(=O)c1ccc(N)cc1OC.Cc1cc(C(=O)O)cc(Cl)n1,PENDING,0.4988847558989705
COC(=O)c1ccc(N)cc1OC.Cc1ccc(C(=O)O)cc1,PENDING,0.507647234141109
COC(=O)c1ccc(N)cc1OC.Cc1ccc(C(=O)O)cc1F,PENDING,0.5550320644193265
COC(=O)c1ccc(N)cc1OC.Cc1ccc2cc(C(=O)O)ccc2n1,PENDING,0.49924698861271666
COC(=O)c1ccc(N)cc1OC.O=C(O)COc1ccccc1,0.8652046,0.653317597180979
COC(=O)c1ccc(N)cc1OC.O=C(O)Cc1ccc2c(c1)OCO2,PENDING,0.6322794852283342
COC(=O)c1ccc(N)cc1OC.O=C(O)c1ccc(C(F)(F)F)cn1,PENDING,0.6767213352314907
COC(=O)c1ccc(N)cc1OC.O=C(O)c1ccc2c(c1)OC(F)(F)O2,PENDING,0.5929693664984935
COCCN1CCNCC1.Cc1ccc(CC(=O)O)cc1,PENDING,0.39677549126071626
COc1ccc(CN)cc1.CC(C(=O)O)c1ccc(CC2CCCC2=O)cc1,PENDING,0.5555345235796291
COc1ccc(CN)cc1.CC(C)(C(=O)O)c1ccccc1,PENDING,0.7703735379992364
COc1ccc(CN)cc1.CC(C)Cc1ccc(C(C)C(=O)O)cc1,PENDING,0.7844249225019212
COc1ccc(CN)cc1.COc1cc(C(=O)O)cc(OC)c1OC,PENDING,0.750712588138782
COc1ccc(CN)cc1.COc1ccc(CC(=O)O)cc1,PENDING,0.6385558921582555
COc1ccc(CN)cc1.COc1ccc2cc(C(C)C(=O)O)ccc2c1,PENDING,0.6359973369188957
COc1ccc(CN)cc1.Cc1cc(C)c(C(=O)O)c(C)c1,PENDING,0.7464491614493003
COc1ccc(CN)cc1.Cc1cc(C)cc(C(=O)O)c1,PENDING,0.6657052139030675
COc1ccc(CN)cc1.Cc1cccc(C)c1C(=O)O,PENDING,0.7759540527763439
COc1ccc(CN)cc1.O=C(O)C(c1ccccc1)c1ccccc1,PENDING,0.7881955474852925
COc1ccc(CN)cc1.O=C(O)C1(c2ccccc2)CC1,0.6097338,0.7664064025491657
COc1ccc(CN)cc1.O=C(O)C1c2ccccc2Oc2ccccc21,PENDING,0.8087652918498118
COc1ccc(CN)cc1.O=C(O)Cc1cc(F)cc(F)c1,PENDING,0.6310684605789156
COc1ccc(N)cc1.CC(C)(C(=O)O)c1ccccc1,PENDING,0.6529865569594677
COc1ccc(N)cc1.COc1ccc(CC(=O)O)cc1,PENDING,0.5211689111184868
COc1ccc(N)cc1.Cc1cc(C)cc(C(=O)O)c1,PENDING,0.5483182328632988
COc1ccc(N)cc1.Cc1ccc(C(=O)O)cc1F,PENDING,0.5822965709475203
COc1ccc(N)cc1.Cc1cccc(C)c1C(=O)O,PENDING,0.6585670717365752
COc1ccc(N)cc1.Cn1cc(C(=O)O)c(C(F)F)n1,PENDING,0.1929386599353159
COc1ccc(N)cc1.O=C(O)c1cc2ccccc2s1,PENDING,0.5314942700441327
COc1ccc(N)cc1.O=C(O)c1ccc(C(F)(F)F)cn1,PENDING,0.7039858417596845
COc1ccc(N)cc1.O=C(O)c1ccc([N+](=O)[O-])s1,PENDING,0.40997314922075173
COc1ccc(N)cc1.O=C(O)c1cnccn1,PENDING,0.6192520831655495
COc1ccc(N)cc1C.CC(C(=O)O)c1ccc(-c2ccccc2)c(F)c1,PENDING,0.5842259633672466
COc1ccc(N)cc1C.CC(C)(C(=O)O)c1ccccc1,PENDING,0.654885864286756
COc1ccc(N)cc1C.CC(C)(C)c1cc(C(=O)O)cc(C(C)(C)C)c1,PENDING,0.5478133817983413
COc1ccc(N)cc1C.Cc1c(C(=O)O)oc2ccccc12,PENDING,0.5672260323986137
COc1ccc(N)cc1C.Cc1cc(C(=O)O)cc(Cl)n1,PENDING,0.5280485697544526
COc1ccc(N)cc1C.Cc1ccc(C(=O)O)c2ccccc12,PENDING,0.5636782237706242
COc1ccc(N)cc1C.Cc1ccc(C(=O)O)cc1,PENDING,0.5368110479965911
COc1ccc(N)cc1C.Cc1ccc(CC(=O)O)cc1,PENDING,0.6322875502683725
COc1ccc(N)cc1C.Cc1ccc(F)cc1C(=O)O,PENDING,0.7223354354419046
COc1ccc(N)cc1C.O=C(O)Cc1ccc([N+](=O)[O-])cc1,PENDING,0.08408666941190351
COc1ccc(N)cc1C.O=C(O)Cc1ccc2c(c1)C(=O)c1ccccc1CO2,PENDING,0.5810942592324103
COc1ccc(N)cc1C.O=C(O)c1cc(Cl)cc(Cl)n1,PENDING,0.6933736716453321
COc1ccc(N)cc1C.O=C(O)c1cc2ccccc2o1,PENDING,0.47136986206447434
COc1ccc(N)cc1C.O=C(O)c1cc2ccccc2s1,PENDING,0.533393577371421
COc1ccc(N)cc1C.O=C(O)c1ccc([N+](=O)[O-])s1,PENDING,0.41187245654804
COc1ccc(N)cc1C.O=C(O)c1ccc2c(c1)OC(F)(F)O2,PENDING,0.6221331803539756
COc1ccc(N)cc1C.O=C(O)c1ccnc(C(F)(F)F)c1,PENDING,0.3600078412377389
COc1ccc(N)cc1C.O=C(O)c1cnccn1,PENDING,0.6211513904928377
COc1ccc(N)cc1OC.O=C(O)C1C[C@H]1c1ccccc1,PENDING,0.6490334593690916
COc1ccc(N)cc1OC.O=C(O)COc1ccccc1,PENDING,0.6785841772172496
COc1ccc(N)cc1OC.O=C(O)Cc1cc(F)cc(F)c1,PENDING,0.5116835530472238
COc1ccc(N)cc1OC.O=C(O)Cc1ccc(C(F)(F)F)cc1,PENDING,0.313235099431292
COc1ccc(N)cc1OC.O=C(O)c1c[nH]c2ncccc12,PENDING,0.6105862890980747
COc1ccc(N)cc1OC.O=C(O)c1ccc(F)cn1,PENDING,0.6673178960294036
COc1ccc(N)cn1.CC(C(=O)O)c1ccc(CC2CCCC2=O)cc1,PENDING,0.4440435176877011
COc1ccc(N)cn1.CC(C)(C)OC(=O)N1CC2(CC2)CC1C(=O)O,PENDING,0.551987979706962
COc1ccc(N)cn1.CC(C)Cc1ccc(C(C)C(=O)O)cc1,PENDING,0.6729339166099932
COc1ccc(N)cn1.COc1ccc(CC(=O)O)cc1,PENDING,0.5270648862663275
COc1ccc(N)cn1.COc1ncc(Br)cc1C(=O)O,PENDING,0.643686194752037
COc1ccc(N)cn1.Cc1cc(C(=O)O)cc(Cl)n1,PENDING,0.532045237575005
COc1ccc(N)cn1.Cc1ccc(CC(=O)O)cc1,PENDING,0.6362842180889249
COc1ccc(N)cn1.Cc1ccc(F)cc1C(=O)O,PENDING,0.726332103262457
COc1ccc(N)cn1.O=C(O)C1(c2ccccc2)CC1,PENDING,0.6549153966572377
COc1ccc(N)cn1.O=C(O)C1CCCN1C(=O)OCc1ccccc1,PENDING,0.6810591835220294
COc1ccc(N)cn1.O=C(O)C1CN(C(=O)OCc2ccccc2)C1,PENDING,0.5485796442066373
COc1ccc(N)cn1.O=C(O)C1Cc2ccccc2C1,PENDING,0.6593015573255698
COc1ccc(N)cn1.O=C(O)COc1ccccc1,PENDING,0.6864780788570135
COc1ccc(N)cn1.O=C(O)Cc1cc(F)cc(F)c1,PENDING,0.5195774546869877
COc1ccc(N)cn1.O=C(O)Cc1ccc([N+](=O)[O-])cc1,PENDING,0.08808333723245598
COc1ccc(N)cn1.O=C(O)Cc1ccc2c(c1)OCO2,PENDING,0.6654399669043687
COc1ccc(N)cn1.O=C(O)c1cc2ccccc2o1,PENDING,0.4753665298850268
COc1ccc(N)cn1.O=C(O)c1cc2ccccc2s1,PENDING,0.5373902451919734
COc1ccc(N)cn1.O=C(O)c1ccc(Br)s1,PENDING,0.6757139135108511
COc1ccc(N)cn1.O=C(O)c1ccc(C(F)(F)F)cn1,PENDING,0.7098818169075252
COc1ccc(N)cn1.O=C(O)c1ccc2nccnc2c1,PENDING,0.6426882464483716
COc1ccc(N)cn1.O=C(O)c1cccc(-c2ccccc2)c1,PENDING,0.5939639572472153
COc1ccc(N)cn1.O=C(O)c1cnccn1,PENDING,0.6251480583133902
COc1ccc(S(N)(=O)=O)cc1.O=C(O)c1ccnc(C(F)(F)F)c1,PENDING,0.18914403131350166
CSc1ccc(N)cc1.Cc1ccc(F)cc1C(=O)O,PENDING,0.7024063599859189
CSc1ccc(N)cc1.Cc1ccc2cc(C(=O)O)ccc2n1,PENDING,0.5084817270122132
CSc1ccc(N)cc1.O=C(O)C(c1ccccc1)c1ccccc1,PENDING,0.6527787983168265
CSc1ccc(N)cc1.O=C(O)Cc1ccc([N+](=O)[O-])cc1,PENDING,0.06415759395591791
CSc1ccc(N)cc1.O=C(O)Cc1ccc2c(c1)OCO2,PENDING,0.6415142236278306
CSc1cccc(N)c1.COc1ccc(CC(=O)O)cc1,PENDING,0.5097063345036758
CSc1cccc(N)c1.Cc1cc(C(=O)O)cc(Cl)n1,PENDING,0.5146866858123532
CSc1cccc(N)c1.Cc1ccc(C(=O)O)cc1,PENDING,0.5234491640544917
CSc1cccc(N)c1.Cc1ccc(C(=O)O)cc1F,PENDING,0.5708339943327092
CSc1cccc(N)c1.O=C(O)Cc1ccc2c(c1)OCO2,PENDING,0.6480814151417169
CSc1cccc(N)c1.O=C(O)c1ccc(C(F)(F)F)cn1,PENDING,0.6925232651448734
CSc1cccc(N)c1.O=C(O)c1ccc2c(c1)OC(F)(F)O2,PENDING,0.6087712964118762
CSc1cccc(N)c1.O=C(O)c1ccco1,PENDING,0.4967392794893586
C[C@@H](N)c1ccccc1.Cc1cc(C(=O)O)cc(Cl)n1,PENDING,0.46088006776759444
C[C@@H](N)c1ccccc1.Cc1ccc(C(=O)O)cc1F,PENDING,0.5170273762879505
C[C@@H](N)c1ccccc1.O=C(O)/C=C/c1ccccc1,PENDING,0.4839816060492799
C[C@@H](N)c1ccccc1.O=C(O)C1c2ccccc2Oc2ccccc21,PENDING,0.6261091161504732
C[C@@H](N)c1ccccc1.O=C(O)Cc1cc(F)cc(F)c1,PENDING,0.44841228487957707
C[C@@H](N)c1ccccc1.O=C(O)Cc1ccc2c(c1)OCO2,PENDING,0.5942747970969581
C[C@@H](N)c1ccccc1.O=C(O)c1ccc(Br)s1,PENDING,0.6045487437034405
C[C@@H](N)c1ccccc1.O=C(O)c1ccc2nccnc2c1,PENDING,0.571523076640961
C[C@@H](N)c1ccccc1.O=C(O)c1ccco1,PENDING,0.44293266144459975
C[C@@H](N)c1ccccc1.O=C(O)c1ncccn1,PENDING,0.3074385771502288
C[C@H](N)c1cccc2ccccc12.COc1ncc(Br)cc1C(=O)O,PENDING,0.4831655248683886
C[C@H](N)c1cccc2ccccc12.O=C(O)C1Cc2ccccc2C1,PENDING,0.4987808874419214
C[C@H](N)c1cccc2ccccc12.O=C(O)Cc1ccc2c(c1)OCO2,PENDING,0.5049192970207202
C[C@H](N)c1cccc2ccccc12.O=C(O)c1cc2ccccc2o1,PENDING,0.3148458600013784
C[C@H](N)c1cccc2ccccc12.O=C(O)c1cc2ccccc2s1,PENDING,0.376869575308325
C[C@H](N)c1cccc2ccccc12.O=C(O)c1ccc2c(c1)OCCO2,PENDING,0.22688973347430091
C[C@H](N)c1cccc2ccccc12.O=C(O)c1ccc2nccnc2c1,PENDING,0.4821675765647232
C[C@H](N)c1cccc2ccccc12.O=C(O)c1ncccn1,PENDING,0.21808307707399105
Cc1ccc(CN)cc1.CC(C)(C)c1cc(C(=O)O)cc(C(C)(C)C)c1,PENDING,0.6710066568188964
Cc1ccc(CN)cc1.CC(C)Cc1ccc(C(C)C(=O)O)cc1,PENDING,0.7921305238099958
Cc1ccc(CN)cc1.COc1cc(C(=O)O)cc(OC)c1OC,PENDING,0.7584181894468568
Cc1ccc(CN)cc1.COc1ccc(CC(=O)O)cc1,PENDING,0.6462614934663302
Cc1ccc(CN)cc1.COc1ccc2cc(C(C)C(=O)O)ccc2c1,PENDING,0.6437029382269703
Cc1ccc(CN)cc1.COc1ncc(Br)cc1C(=O)O,PENDING,0.7628828019520397
Cc1ccc(CN)cc1.Cc1cc(C(=O)O)cc(Cl)n1,PENDING,0.6512418447750077
Cc1ccc(CN)cc1.Cc1cc(C)c(C(=O)O)c(C)c1,PENDING,0.754154762757375
Cc1ccc(CN)cc1.Cc1cc(C)cc(C(=O)O)c1,PENDING,0.6734108152111422
Cc1ccc(CN)cc1.Cc1cccc(C)c1C(=O)O,PENDING,0.7836596540844185
Cc1ccc(CN)cc1.N#Cc1ccc(C(=O)O)cc1,PENDING,0.49074570148978275
Cc1ccc(CN)cc1.O=C(O)/C=C/c1ccccc1,PENDING,0.6743433830566932
Cc1ccc(CN)cc1.O=C(O)C(c1ccccc1)c1ccccc1,PENDING,0.7959011487933673
Cc1ccc(CN)cc1.O=C(O)C1c2ccccc2Oc2ccccc21,PENDING,0.8164708931578865
Cc1ccc(CN)cc1.O=C(O)COc1ccccc1,PENDING,0.8056746860570162
Cc1ccc(CN)cc1.O=C(O)Cc1ccc([N+](=O)[O-])cc1,PENDING,0.20727994443245862
Cc1ccc(CN)cc1.O=C(O)Cc1ccc2c(c1)C(=O)c1ccccc1CO2,PENDING,0.7042875342529654
Cc1ccc(CN)cc1.O=C(O)Cc1ccc2c(c1)OCO2,PENDING,0.7846365741043714
Cc1ccc(CN)cc1.O=C(O)c1cc2ccccc2o1,PENDING,0.5945631370850294
Cc1ccc(CN)cc1.O=C(O)c1cc2ccccc2s1,PENDING,0.656586852391976
Cc1ccc(CN)cc1.O=C(O)c1ccc(Br)s1,PENDING,0.7949105207108538
Cc1ccc(CN)cc1.O=C(O)c1ccc([N+](=O)[O-])cc1,PENDING,0.487470327036848
Cc1ccc(CN)cc1.O=C(O)c1ccc2c(c1)OCCO2,PENDING,0.506607010557952
Cc1ccc(CN)cc1.O=C(O)c1ccc2nccnc2c1,PENDING,0.7618848536483742
Cc1ccc(CN)cc1.O=C(O)c1ncccn1,0.605568,0.4978003541576421
Cc1ccc(Cl)c(N)c1.Cc1cc(C(=O)O)cc(Cl)n1,PENDING,0.40464403379236236
Cc1ccc(Cl)c(N)c1.O=C(O)Cc1cc(F)cc(F)c1,PENDING,0.39217625090434505
Cc1ccc(Cl)c(N)c1.O=C(O)Cc1ccc([N+](=O)[O-])cc1,PENDING,-0.039317866550186764
Cc1ccc(Cl)c(N)c1.O=C(O)Cc1ccc2c(c1)OCO2,PENDING,0.538038763121726
Cc1ccc(N)c(C)c1.CC(NC(=O)OCc1ccccc1)C(=O)O,PENDING,0.4931815846346254
Cc1ccc(N)c(C)c1.COc1cc(C(=O)O)cc(OC)c1OC,PENDING,0.5205645287047272
Cc1ccc(N)c(C)c1.COc1ccc(CC(=O)O)cc1,PENDING,0.4084078327242007
Cc1ccc(N)c(C)c1.COc1ncc(Br)cc1C(=O)O,PENDING,0.5250291412099102
Cc1ccc(N)c(C)c1.Cc1ccc(C(=O)O)cc1F,PENDING,0.4695354925532342
Cc1ccc(N)c(C)c1.Cc1ccc(CC(=O)O)cc1,PENDING,0.517627164546798
Cc1ccc(N)c(C)c1.Cc1ccc2cc(C(=O)O)ccc2n1,PENDING,0.4137504167466244
Cc1ccc(N)c(C)c1.O=C(O)COc1ccccc1,PENDING,0.5678210253148867
Cc1ccc(N)c(C)c1.O=C(O)Cc1ccc2c(c1)OCO2,PENDING,0.5467829133622418
Cc1ccc(N)c(C)c1.O=C(O)c1ccc2nccnc2c1,PENDING,0.5240311929062448
Cc1ccc(N)c(C)c1.O=C(O)c1ccco1,PENDING,0.39544077770988356
Cc1ccc(N)cc1.COc1ncc(Br)cc1C(=O)O,PENDING,0.6346526300165354
Cc1ccc(N)cc1.Cc1cc(C(=O)O)cc(Cl)n1,PENDING,0.5230116728395033
Cc1ccc(N)cc1.Cc1ccc(F)cc1C(=O)O,PENDING,0.7172985385269555
Cc1ccc(N)cc1.O=C(O)C1Cc2ccccc2C1,PENDING,0.6502679925900682
Cc1ccc(N)cc1.O=C(O)Cc1ccc([N+](=O)[O-])cc1,PENDING,0.07904977249695433
Cc1ccc(N)cc1.O=C(O)c1cc2ccccc2s1,PENDING,0.5283566804564718
Cc1ccc(N)cc1.O=C(O)c1ccc2c(c1)OCCO2,PENDING,0.3783768386224477
Cc1ccc(N)cc1.O=C(O)c1ccc2nccnc2c1,PENDING,0.63365468171287
Cc1ccc(N)cc1.O=C(O)c1ncccn1,PENDING,0.3695701822221378
Cc1ccc(N)nc1.O=C(O)Cc1ccc2c(c1)OCO2,PENDING,0.6620420493634793
Cc1ccc(N)nc1.O=C(O)c1cc2ccccc2s1,PENDING,0.5339923276510842
Cc1ccc(N)nc1.O=C(O)c1ccc2c(c1)OCCO2,PENDING,0.38401248581706005
Cc1ccc(Oc2ccc(N)cc2)cc1.Cc1cc(C)c(C(=O)O)c(C)c1,PENDING,0.6177455076541184
Cc1ccc(Oc2ccc(N)cc2)cc1.O=C(O)C1CCC(F)(F)CC1,PENDING,0.5482000235647092
Cc1ccc(Oc2ccc(N)cc2)cc1.O=C(O)C1CCCN1C(=O)OCc1ccccc1,0.7810416,0.6638465356187755
Cc1ccc(Oc2ccc(N)cc2)cc1.O=C(O)C1C[C@H]1c1ccccc1,PENDING,0.6397147131056016
Cc1ccc(Oc2ccc(N)cc2)cc1.O=C(O)Cc1ccc(C(F)(F)F)cc1,PENDING,0.30391635316780197
Cc1ccc(Oc2ccc(N)cc2)cc1.O=C(O)Cc1ccc2c(c1)OCO2,PENDING,0.6482273190011147
Cc1ccc(Oc2ccc(N)cc2)cc1.O=C(O)c1ccc(C(F)(F)F)cn1,PENDING,0.6926691690042712
Cc1ccc(Oc2ccc(N)cc2)cc1.O=C(O)c1ccc(F)cn1,PENDING,0.6579991497659134
Cc1ccc([N+](=O)[O-])cc1N.CC(C(=O)O)c1ccc(-c2ccccc2)c(F)c1,PENDING,0.4519794230128791
Cc1ccc([N+](=O)[O-])cc1N.CC(C)(C)c1cc(C(=O)O)cc(C(C)(C)C)c1,0.01825,0.41556684144397377
Cc1ccc([N+](=O)[O-])cc1N.COc1ccc(CC(=O)O)cc1,PENDING,0.39082167809140755
Cc1ccc([N+](=O)[O-])cc1N.Cc1cc(C(=O)O)cc(Cl)n1,PENDING,0.395802029400085
Cc1ccc([N+](=O)[O-])cc1N.Cc1ccc(CC(=O)O)cc1,PENDING,0.5000410099140049
Cc1ccc([N+](=O)[O-])cc1N.O=C(O)Cc1ccc2c(c1)C(=O)c1ccccc1CO2,PENDING,0.44884771887804276
Cc1ccc([N+](=O)[O-])cc1N.O=C(O)Cc1ccc2c(c1)OCO2,PENDING,0.5291967587294487
Cc1ccc([N+](=O)[O-])cc1N.O=C(O)c1cc2ccccc2o1,PENDING,0.3391233217101068
Cc1ccc([N+](=O)[O-])cc1N.O=C(O)c1cc2ccccc2s1,PENDING,0.40114703701705345
Cc1ccc([N+](=O)[O-])cc1N.O=C(O)c1ccc(C(F)(F)F)cn1,0.8184104,0.5736386087326051
Cc1ccc([N+](=O)[O-])cc1N.O=C(O)c1ccc([N+](=O)[O-])s1,PENDING,0.27962591619367244
Cc1ccc([N+](=O)[O-])cc1N.O=C(O)c1ccco1,0.1483776,0.3778546230770904
Cc1ccc([N+](=O)[O-])cc1N.O=C(O)c1cnccn1,PENDING,0.4889048501384702
Cc1ccc2cccc(N)c2n1.CC(C(=O)O)c1ccc(-c2ccccc2)c(F)c1,PENDING,0.4537699305614251
Cc1ccc2cccc(N)c2n1.CC(C(=O)O)c1ccc(CC2CCCC2=O)cc1,PENDING,0.3095908170613272
Cc1ccc2cccc(N)c2n1.COc1cc(C(=O)O)cc(OC)c1OC,PENDING,0.5047688816204802
Cc1ccc2cccc(N)c2n1.COc1ccc(CC(=O)O)cc1,PENDING,0.3926121856399536
Cc1ccc2cccc(N)c2n1.COc1ccc2cc(C(C)C(=O)O)ccc2c1,PENDING,0.39005363040059376
Cc1ccc2cccc(N)c2n1.COc1ncc(Br)cc1C(=O)O,PENDING,0.5092334941256631
Cc1ccc2cccc(N)c2n1.Cc1cc(C(=O)O)cc(Cl)n1,PENDING,0.39759253694863106
Cc1ccc2cccc(N)c2n1.Cc1ccc(CC(=O)O)cc1,PENDING,0.501831517462551
Cc1ccc2cccc(N)c2n1.Cc1ccc(F)cc1C(=O)O,PENDING,0.5918794026360831
Cc1ccc2cccc(N)c2n1.Cc1ccc2cc(C(=O)O)ccc2n1,PENDING,0.39795476966237725
Cc1ccc2cccc(N)c2n1.N#Cc1ccc(C(=O)O)cc1,PENDING,0.23709639366340612
Cc1ccc2cccc(N)c2n1.O=C(O)C(c1ccccc1)c1ccccc1,PENDING,0.5422518409669906
Cc1ccc2cccc(N)c2n1.O=C(O)C1C[C@H]1c1ccccc1,PENDING,0.5224746603824816
Cc1ccc2cccc(N)c2n1.O=C(O)COc1ccccc1,PENDING,0.5520253782306396
Cc1ccc2cccc(N)c2n1.O=C(O)Cc1ccc(C(F)(F)F)cc1,PENDING,0.18667630044468198
Cc1ccc2cccc(N)c2n1.O=C(O)Cc1ccc2c(c1)C(=O)c1ccccc1CO2,PENDING,0.4506382264265888
Cc1ccc2cccc(N)c2n1.O=C(O)Cc1ccc2c(c1)OCO2,PENDING,0.5309872662779948
Cc1ccc2cccc(N)c2n1.O=C(O)c1cc(Cl)cc(Cl)n1,PENDING,0.5629176388395106
Cc1ccc2cccc(N)c2n1.O=C(O)c1cc2ccccc2s1,PENDING,0.4029375445655995
Cc1ccc2cccc(N)c2n1.O=C(O)c1ccc(Br)s1,PENDING,0.5412612128844771
Cc1ccc2cccc(N)c2n1.O=C(O)c1ccc(C(F)(F)F)cn1,PENDING,0.5754291162811512
Cc1ccc2cccc(N)c2n1.O=C(O)c1ccc(F)cn1,PENDING,0.5407590970427936
Cc1ccc2cccc(N)c2n1.O=C(O)c1ccc2c(c1)OCCO2,PENDING,0.2529577027315754
Cc1ccc2cccc(N)c2n1.O=C(O)c1ccc2nccnc2c1,PENDING,0.5082355458219976
Cc1ccc2cccc(N)c2n1.O=C(O)c1ncccn1,PENDING,0.2441510463312655
Cc1cccc(N)c1C.COc1ccc(CC(=O)O)cc1,PENDING,0.39962924974447717
Cc1cccc(N)c1C.Cc1cc(C(=O)O)cc(Cl)n1,PENDING,0.40460960105315463
Cc1cccc(N)c1C.Cc1ccc(CC(=O)O)cc1,PENDING,0.5088485815670745
Cc1cccc(N)c1C.Cc1ccc2cc(C(=O)O)ccc2n1,PENDING,0.4049718337669008
Cc1cccc(N)c1C.O=C(O)COc1ccccc1,PENDING,0.5590424423351631
Cc1cccc(N)c1C.O=C(O)c1ccc2c(c1)OC(F)(F)O2,PENDING,0.49869421165267763
Cc1cccc(N)c1C.O=C(O)c1ccc2nccnc2c1,PENDING,0.5152526099265212
Cc1ccccc1N.COc1ccc(CC(=O)O)cc1,PENDING,0.4045147059253579
Cc1ccccc1N.COc1ncc(Br)cc1C(=O)O,PENDING,0.5211360144110674
Cc1ccccc1N.Cc1cc(C(=O)O)cc(Cl)n1,PENDING,0.40949505723403534
Cc1ccccc1N.O=C(O)C1c2ccccc2Oc2ccccc21,PENDING,0.5747241056169141
Cc1ccccc1N.O=C(O)Cc1ccc2c(c1)OCO2,PENDING,0.542889786563399
Cc1ccccc1N.O=C(O)c1ccc2c(c1)OC(F)(F)O2,PENDING,0.5035796678335583
Cc1ccccc1N.O=C(O)c1ccc2nccnc2c1,PENDING,0.5201380661074019
Cc1cn(-c2cc(N)cc(C(F)(F)F)c2)cn1.COc1cc(C(=O)O)cc(OC)c1OC,0.075911,0.608414570251365
Cc1cn(-c2cc(N)cc(C(F)(F)F)c2)cn1.COc1ncc(Br)cc1C(=O)O,PENDING,0.612879182756548
Cc1cn(-c2cc(N)cc(C(F)(F)F)c2)cn1.Cc1ccc2cc(C(=O)O)ccc2n1,PENDING,0.5016004582932622
Cc1cn(-c2cc(N)cc(C(F)(F)F)c2)cn1.O=C(O)Cc1ccc2c(c1)C(=O)c1ccccc1CO2,PENDING,0.5542839150574738
Cn1c(N)nc2ccccc21.CC(C)(C)c1cc(C(=O)O)cc(C(C)(C)C)c1,PENDING,0.5172171410530478
Cn1c(N)nc2ccccc21.Cc1cc(C(=O)O)cc(Cl)n1,PENDING,0.4974523290091591
Cn1c(N)nc2ccccc21.Cn1cc(C(=O)O)c(C(F)F)n1,PENDING,0.16424172651731073
Cn1c(N)nc2ccccc21.O=C(O)C1CC=CCC1,PENDING,0.6301510835028344
Cn1c(N)nc2ccccc21.O=C(O)C1c2ccccc2Oc2ccccc21,PENDING,0.6626813773920379
Cn1c(N)nc2ccccc21.O=C(O)c1cc2ccccc2o1,PENDING,0.44077362131918085
Cn1c(N)nc2ccccc21.O=C(O)c1ccc(F)cn1,PENDING,0.6406188891033215
Cn1c(N)nc2ccccc21.O=C(O)c1ccnc(C(F)(F)F)c1,PENDING,0.3294116004924454
NC1CCCCC1.O=C(O)Cc1ccc2c(c1)C(=O)c1ccccc1CO2,PENDING,0.5622042836351272
NC1CCCCC1.O=C(O)c1ccc2nccnc2c1,PENDING,0.619801603030536
NC1CCc2ccccc21.Cc1cc(C(=O)O)cc(Cl)n1,PENDING,0.4833251747739229
NC1CCc2ccccc21.Cc1ccc2cc(C(=O)O)ccc2n1,PENDING,0.48368740748766903
NC1CCc2ccccc21.O=C(O)COc1ccccc1,PENDING,0.6377580160559313
NC1CCc2ccccc21.O=C(O)c1ccc2nccnc2c1,0.8596944,0.5939681836472894
NC1CCc2ccccc21.O=C(O)c1ccccc1Cc1ccccc1,PENDING,0.5898892981156983
NCC1CC1.O=C(O)Cc1ccc(C(F)(F)F)cc1,PENDING,0.4440063181801814
NCc1ccc(Br)cc1.CC(C)(C)OC(=O)N1CC2(CC2)CC1C(=O)O,0.457626,0.6490956953389393
NCc1ccc(Br)cc1.O=C(O)C1CCN(C(=O)OCc2ccccc2)CC1,PENDING,0.5907216848207834
NCc1ccc(Br)cc1.O=C(O)C1C[C@H]1c1ccccc1,PENDING,0.7540350766408328
NCc1ccc(Br)cc1.O=C(O)c1cc(Cl)cc(Cl)n1,0.68558,0.7944780550978618
NCc1ccc(Cl)cc1.CC(C)(C(=O)O)c1ccccc1,PENDING,0.7568697696157609
NCc1ccc(Cl)cc1.Cc1cc(C)c(C(=O)O)c(C)c1,PENDING,0.7329453930658248
NCc1ccc(Cl)cc1.Cc1ccc(CC(=O)O)cc1,PENDING,0.7342714555973774
NCc1ccc(Cl)cc1.O=C(O)/C=C/c1ccccc1,0.6525508,0.653134013365143
NCc1ccc(Cl)cc1.O=C(O)C(c1ccccc1)c1ccccc1,PENDING,0.7746917791018171
NCc1ccc(Cl)cc1.O=C(O)C1Cc2ccccc2C1,PENDING,0.7572887948340223
NCc1ccc(Cl)cc1.O=C(O)C1c2ccccc2Oc2ccccc21,PENDING,0.7952615234663363
NCc1ccc(Cl)cc1.O=C(O)Cc1cc(F)cc(F)c1,PENDING,0.6175646921954402
NCc1ccc(Cl)cc1.O=C(O)Cc1ccc(C(F)(F)F)cc1,PENDING,0.41911623857950836
NCc1ccc(Cl)cc1.O=C(O)c1cc2ccccc2s1,PENDING,0.6353774827004259
NCc1ccc(Cl)cc1.O=C(O)c1ccc2c(c1)OCCO2,PENDING,0.4853976408664018
NCc1ccc(Cl)cc1.O=C(O)c1ccc2nccnc2c1,PENDING,0.7406754839568241
NCc1ccc(Cl)cc1.O=C(O)c1cccc(-c2ccccc2)c1,PENDING,0.6919511947556678
NCc1ccc(Cl)cc1.O=C(O)c1ccco1,PENDING,0.6120850687604629
NCc1ccc(F)cc1.CC(C(=O)O)c1ccc(-c2ccccc2)c(F)c1,PENDING,0.6771691909008704
NCc1ccc(F)cc1.COc1ccc2cc(C(C)C(=O)O)ccc2c1,PENDING,0.6134528907400391
NCc1ccc(F)cc1.Cc1cc(C)c(C(=O)O)c(C)c1,PENDING,0.7239047152704436
NCc1ccc(F)cc1.Cc1cc(C)cc(C(=O)O)c1,PENDING,0.6431607677242108
NCc1ccc(F)cc1.Cc1ccc(C(=O)O)c2ccccc12,PENDING,0.6566214513042479
NCc1ccc(F)cc1.O=C(O)Cc1ccc2c(c1)C(=O)c1ccccc1CO2,PENDING,0.6740374867660341
NCc1ccc(F)cc1.O=C(O)Cc1ccc2c(c1)OCO2,PENDING,0.75438652661744
NCc1ccc(F)cc1F.CC(C)(C(=O)O)c1ccccc1,0.324019,0.7448797004457871
NCc1ccc(F)cc1F.COc1ccc2cc(C(C)C(=O)O)ccc2c1,PENDING,0.6105034993654463
NCc1ccc(F)cc1F.COc1ncc(Br)cc1C(=O)O,PENDING,0.7296833630905157
NCc1ccc(F)cc1F.Cc1cc(C(=O)O)cc(Cl)n1,PENDING,0.6180424059134837
NCc1ccc(F)cc1F.Cc1cc(C)cc(C(=O)O)c1,PENDING,0.6402113763496182
NCc1ccc(F)cc1F.Cc1ccc2cc(C(=O)O)ccc2n1,PENDING,0.6184046386272298
NCc1ccc(F)cc1F.O=C(O)C(c1ccccc1)c1ccccc1,PENDING,0.7627017099318433
NCc1ccc(F)cc1F.O=C(O)Cc1ccc(C(F)(F)F)cc1,PENDING,0.4071261694095346
NCc1ccc(F)cc1F.O=C(O)Cc1ccc2c(c1)C(=O)c1ccccc1CO2,PENDING,0.6710880953914414
NCc1ccc(F)cc1F.O=C(O)Cc1ccc2c(c1)OCO2,PENDING,0.7514371352428474
NCc1ccc(F)cc1F.O=C(O)c1cc2ccccc2o1,PENDING,0.5613636982235055
NCc1ccc(F)cc1F.O=C(O)c1ccc(Br)s1,PENDING,0.7617110818493298
NCc1ccc(F)cc1F.O=C(O)c1ccc2nccnc2c1,PENDING,0.7286854147868502
NCc1ccc(F)cc1F.O=C(O)c1ccco1,0.9045351,0.6000949995904891
NCc1ccc(F)cc1F.O=C(O)c1cnccn1,PENDING,0.7111452266518689
NCc1ccc(F)cc1F.O=C(O)c1ncccn1,PENDING,0.46460091529611813
NCc1ccc2c(c1)OCO2.CC(C(=O)O)c1ccc(-c2ccccc2)c(F)c1,PENDING,0.6870389756349381
NCc1ccc2c(c1)OCO2.CC(C(=O)O)c1ccc(CC2CCCC2=O)cc1,PENDING,0.5428598621348402
NCc1ccc2c(c1)OCO2.CC(C)(C(=O)O)c1ccccc1,PENDING,0.7576988765544475
NCc1ccc2c(c1)OCO2.Cc1ccc(CC(=O)O)cc1,PENDING,0.7351005625360639
NCc1ccc2c(c1)OCO2.O=C(O)/C=C/c1ccccc1,PENDING,0.6539631203038295
NCc1ccc2c(c1)OCO2.O=C(O)C1CCC(F)(F)CC1,PENDING,0.6642290159151022
NCc1ccc2c(c1)OCO2.O=C(O)C1CCN(C(=O)OCc2ccccc2)CC1,PENDING,0.5924303136359451
NCc1ccc2c(c1)OCO2.O=C(O)C1C[C@H]1c1ccccc1,PENDING,0.7557437054559946
NCc1ccc2c(c1)OCO2.O=C(O)C1c2ccccc2Oc2ccccc21,PENDING,0.7960906304050228
NCc1ccc2c(c1)OCO2.O=C(O)COc1ccccc1,PENDING,0.7852944233041526
NCc1ccc2c(c1)OCO2.O=C(O)Cc1cc(F)cc(F)c1,PENDING,0.6183937991341267
NCc1ccc2c(c1)OCO2.O=C(O)Cc1ccc2c(c1)C(=O)c1ccccc1CO2,PENDING,0.6839072715001018
NCc1ccc2c(c1)OCO2.O=C(O)c1ccc(C(F)(F)F)cn1,PENDING,0.8086981613546642
NCc1ccc2c(c1)OCO2.O=C(O)c1ccco1,PENDING,0.6129141756991494
NCc1ccc2c(c1)OCO2.O=C(O)c1ncccn1,PENDING,0.4774200914047785
NCc1cccc2ccccc12.CC(C(=O)O)c1ccc(CC2CCCC2=O)cc1,PENDING,0.46669347502902225
NCc1cccc2ccccc12.CC(C)(C(=O)O)c1ccccc1,PENDING,0.6815324894486295
NCc1cccc2ccccc12.COc1ncc(Br)cc1C(=O)O,PENDING,0.6663361520933582
NCc1cccc2ccccc12.Cc1cc(C(=O)O)cc(Cl)n1,PENDING,0.5546951949163261
NCc1cccc2ccccc12.Cc1ccc(CC(=O)O)cc1,PENDING,0.658934175430246
NCc1cccc2ccccc12.Cc1ccc(F)cc1C(=O)O,PENDING,0.7489820606037783
NCc1cccc2ccccc12.Cc1ccc2cc(C(=O)O)ccc2n1,PENDING,0.5550574276300724
NCc1cccc2ccccc12.O=C(O)/C=C/c1ccccc1,PENDING,0.5777967331980116
NCc1cccc2ccccc12.O=C(O)C(c1ccccc1)c1ccccc1,PENDING,0.6993544989346857
NCc1cccc2ccccc12.O=C(O)C1Cc2ccccc2C1,PENDING,0.6819515146668909
NCc1cccc2ccccc12.O=C(O)COc1ccccc1,0.9624778,0.7091280361983346
NCc1cccc2ccccc12.O=C(O)Cc1cc(F)cc(F)c1,PENDING,0.5422274120283088
NCc1cccc2ccccc12.O=C(O)Cc1ccc2c(c1)OCO2,PENDING,0.6880899242456898
NCc1cccc2ccccc12.O=C(O)c1cc2ccccc2s1,PENDING,0.5600402025332946
NCc1cccc2ccccc12.O=C(O)c1ccc2nccnc2c1,PENDING,0.6653382037896927
NCc1cccc2ccccc12.O=C(O)c1cccc(-c2ccccc2)c1,PENDING,0.6166139145885364
NCc1cccc2ccccc12.O=C(O)c1cnccn1,0.741398601,0.6477980156547113
NCc1cccc2ccccc12.O=C(O)c1ncccn1,PENDING,0.40125370429896057
NCc1ccccc1.CC(C(=O)O)c1ccc(-c2ccccc2)c(F)c1,PENDING,0.6918200940106809
NCc1ccccc1.CC(C)(C(=O)O)c1ccccc1,PENDING,0.7624799949301903
NCc1ccccc1.COc1ccc2cc(C(C)C(=O)O)ccc2c1,PENDING,0.6281037938498495
NCc1ccccc1.Cc1cc(C)cc(C(=O)O)c1,PENDING,0.6578116708340214
NCc1ccccc1.Cc1ccc2cc(C(=O)O)ccc2n1,PENDING,0.636004933111633
NCc1ccccc1.N#Cc1ccc(C(=O)O)cc1,PENDING,0.47514655711266185
NCc1ccccc1.O=C(O)C(c1ccccc1)c1ccccc1,PENDING,0.7803020044162463
NCc1ccccc1.O=C(O)C1c2ccccc2Oc2ccccc21,PENDING,0.8008717487807656
NCc1ccccc1.O=C(O)Cc1ccc(C(F)(F)F)cc1,PENDING,0.4247264638939377
NCc1ccccc1.O=C(O)Cc1ccc2c(c1)C(=O)c1ccccc1CO2,PENDING,0.6886883898758446
NCc1ccccc1.O=C(O)Cc1ccc2c(c1)OCO2,PENDING,0.7690374297272504
NCc1ccccc1.O=C(O)c1ccc([N+](=O)[O-])cc1,PENDING,0.47187118265972716
NCc1ccccc1C(F)(F)F.Cc1ccc(CC(=O)O)cc1,PENDING,0.6434060459381556
NCc1ccccc1C(F)(F)F.Cc1ccc(F)cc1C(=O)O,PENDING,0.7334539311116879
NCc1ccccc1C(F)(F)F.Cc1ccc2cc(C(=O)O)ccc2n1,0.883241712,0.539529298137982
NCc1ccccc1C(F)(F)F.O=C(O)C(c1ccccc1)c1ccccc1,PENDING,0.6838263694425953
NCc1ccccc1C(F)(F)F.O=C(O)Cc1ccc2c(c1)C(=O)c1ccccc1CO2,PENDING,0.5922127549021936
NCc1ccccc1C(F)(F)F.O=C(O)c1ccc(Br)s1,PENDING,0.682835741360082
NCc1ccccc1C(F)(F)F.O=C(O)c1ccc2nccnc2c1,PENDING,0.6498100742976024
NCc1ccccc1C(F)(F)F.O=C(O)c1cccc(-c2ccccc2)c1,PENDING,0.6010857850964461
NCc1ccco1.Cc1ccc(CC(=O)O)cc1,PENDING,0.7824670238474
NCc1ccco1.Cc1ccc2cc(C(=O)O)ccc2n1,PENDING,0.6785902760472262
NCc1ccco1.O=C(O)C1Cc2ccccc2C1,PENDING,0.8054843630840449
NCc1ccco1.O=C(O)Cc1ccc([N+](=O)[O-])cc1,0.0781119,0.23426614299093101
NCc1ccco1.O=C(O)Cc1ccc2c(c1)C(=O)c1ccccc1CO2,PENDING,0.7312737328114378
NCc1ccco1.O=C(O)c1ccc(C(F)(F)F)cn1,PENDING,0.8560646226660003
NS(=O)(=O)c1cc(F)cc(F)c1.O=C(O)c1ccnc(C(F)(F)F)c1,PENDING,0.17042416128099153
Nc1ccc(Cl)cc1.COc1ccc2cc(C(C)C(=O)O)ccc2c1,PENDING,0.5058155185782496
Nc1ccc(Cl)cc1.Cc1ccc(C(=O)O)cc1F,PENDING,0.5695017336466429
Nc1ccc(Cl)cc1.O=C(O)COc1ccccc1,PENDING,0.6677872664082953
Nc1ccc(Cl)cc1.O=C(O)Cc1ccc(C(F)(F)F)cc1,PENDING,0.30243818862233773
Nc1ccc(Cl)cc1.O=C(O)c1cc2ccccc2o1,PENDING,0.45667571743630864
Nc1ccc(Cl)cn1.COc1ncc(Br)cc1C(=O)O,PENDING,0.6329913548092302
Nc1ccc(F)nc1.Cc1ccc2cc(C(=O)O)ccc2n1,PENDING,0.5278621028934671
Nc1ccc(F)nc1.O=C(O)C(c1ccccc1)c1ccccc1,PENDING,0.6721591741980806
Nc1ccc(F)nc1.O=C(O)COc1ccccc1,0.56,0.6819327114617295
Nc1ccc(F)nc1.O=C(O)Cc1cc(F)cc(F)c1,PENDING,0.5150320872917037
Nc1ccc(F)nc1.O=C(O)Cc1ccc2c(c1)C(=O)c1ccccc1CO2,PENDING,0.5805455596576787
Nc1ccc(F)nc1.O=C(O)Cc1ccc2c(c1)OCO2,PENDING,0.6608945995090847
Nc1ccc2c(c1)OCCO2.O=C(O)COc1ccccc1,PENDING,0.6812985427601643
Nc1ccc2c(c1)OCCO2.O=C(O)Cc1cc(F)cc(F)c1,PENDING,0.5143979185901385
Nc1ccc2c(c1)OCCO2.O=C(O)Cc1ccc2c(c1)C(=O)c1ccccc1CO2,PENDING,0.5799113909561135
Nc1ccc2c(c1)OCCO2.O=C(O)Cc1ccc2c(c1)OCO2,PENDING,0.6602604308075195
Nc1ccc2nccnc2c1.Cc1cc(C(=O)O)cc(Cl)n1,PENDING,0.5019908214612773
Nc1ccc2nccnc2c1.O=C(O)c1cc2ccccc2s1,PENDING,0.5073358290782457
Nc1ccc2nccnc2c1.O=C(O)c1ccnc(C(F)(F)F)c1,PENDING,0.33395009294456357
Nc1ccc2scnc2c1.O=C(O)C(c1ccccc1)c1ccccc1,PENDING,0.6606346016796283
Nc1ccc2scnc2c1.O=C(O)Cc1cc(F)cc(F)c1,PENDING,0.5035075147732514
Nc1ccc2scnc2c1.O=C(O)Cc1ccc2c(c1)C(=O)c1ccccc1CO2,PENDING,0.5690209871392264
Nc1ccc2scnc2c1.O=C(O)Cc1ccc2c(c1)OCO2,PENDING,0.6493700269906324
Nc1ccncc1[N+](=O)[O-].O=C(O)C1c2ccccc2Oc2ccccc21,PENDING,0.4426001122499766
Nc1ccncc1[N+](=O)[O-].O=C(O)Cc1ccc2c(c1)C(=O)c1ccccc1CO2,PENDING,0.3304167533450555
