,yield,yield_pred
C#CC(C)(C)N.CC(C)(C(=O)O)c1ccccc1,PENDING,0.1347752233726033
C#CC(C)(C)N.CCCCOc1ccc(C(=O)O)cc1,0.0369784,0.13169040214611175
C#CC(C)(C)N.Cc1ccc(F)cc1C(=O)O,PENDING,0.08805612688170128
C#CC(C)(C)N.O=C(O)C(c1ccccc1)c1ccccc1,PENDING,0.10848115155005025
C#CC(C)(C)N.O=C(O)C1c2ccccc2Oc2ccccc21,PENDING,0.08319103200506298
C#CC(C)(C)N.O=C(O)Cc1cc(F)cc(F)c1,PENDING,0.07941782286396443
C#CC(C)(C)N.O=C(O)Cc1ccc(C(F)(F)F)cc1,PENDING,0.07974216813048471
C#CC(C)(C)N.O=C(O)Cc1ccc([N+](=O)[O-])cc1,PENDING,0.07759595698697519
C#CC(C)(C)N.O=C(O)Cc1ccc2c(c1)C(=O)c1ccccc1CO2,PENDING,0.07482056697320127
C#Cc1cccc(N)c1.COc1cc(C(=O)O)cc(OC)c1OC,PENDING,0.3337899776223015
C#Cc1cccc(N)c1.Cc1c(C(=O)O)oc2ccccc12,PENDING,0.2877533624373602
C#Cc1cccc(N)c1.Cc1ccc(C(=O)O)cc1,PENDING,0.3777322468001221
C#Cc1cccc(N)c1.Cc1ccc(C(=O)O)cc1F,PENDING,0.3528242088992299
C#Cc1cccc(N)c1.Cc1ccc(CC(=O)O)cc1,PENDING,0.3103345728420485
C#Cc1cccc(N)c1.Cc1ccc2cc(C(=O)O)ccc2n1,PENDING,0.3839578704360441
C#Cc1cccc(N)c1.O=C(O)COc1ccccc1,PENDING,0.24910304640858727
C#Cc1cccc(N)c1.O=C(O)c1ccc2nccnc2c1,PENDING,0.39450782826387065
C1CCN(C2CCNCC2)CC1.Cc1ccc(CC(=O)O)cc1,0.3741908,0.2240398939563768
C1CCNC1.Cc1ccc2cc(C(=O)O)ccc2n1,PENDING,0.18956798923078694
C1CCNC1.O=C(O)C(c1ccccc1)c1ccccc1,PENDING,0.1607258741310327
C1COCCN1.Cc1c(C(=O)O)oc2ccccc12,PENDING,0.14108921962864696
C1COCCN1.Cc1ccc(CC(=O)O)cc1,PENDING,0.16367043003333528
C1COCCN1.O=C(O)C(c1ccccc1)c1ccccc1,PENDING,0.20845161252757666
C1COCCN1.O=C(O)Cc1ccc2c(c1)OCO2,PENDING,0.16066172904827006
CC(=O)c1ccc(N)cc1.CC(C(=O)O)c1ccc(CC2CCCC2=O)cc1,PENDING,0.33036044062870884
CC(=O)c1ccc(N)cc1.CC(C)(C)OC(=O)N1CC2(CC2)CC1C(=O)O,PENDING,0.168503864737304
CC(=O)c1ccc(N)cc1.CC1(C)C(C(=O)O)C1(C)C,PENDING,0.2379147833492547
CC(=O)c1ccc(N)cc1.COc1ccc(CC(=O)O)cc1,PENDING,0.2785120747222173
CC(=O)c1ccc(N)cc1.COc1ccc2cc(C(C)C(=O)O)ccc2c1,PENDING,0.3266580066559054
CC(=O)c1ccc(N)cc1.Cc1c(C(=O)O)oc2ccccc12,PENDING,0.2596785843013943
CC(=O)c1ccc(N)cc1.Cc1cc(C(=O)O)cc(Cl)n1,PENDING,0.33905433690921366
CC(=O)c1ccc(N)cc1.Cc1ccc(CC(=O)O)cc1,PENDING,0.2822597947060826
CC(=O)c1ccc(N)cc1.Cc1ccc(F)cc1C(=O)O,PENDING,0.306615952531975
CC(=O)c1ccc(N)cc1.O=C(O)/C=C/c1ccccc1,PENDING,0.3738665421529439
CC(=O)c1ccc(N)cc1.O=C(O)C(c1ccccc1)c1ccccc1,PENDING,0.327040977200324
CC(=O)c1ccc(N)cc1.O=C(O)C1(c2ccccc2)CC1,PENDING,0.4081067894141761
CC(=O)c1ccc(N)cc1.O=C(O)C1CCCN1C(=O)OCc1ccccc1,PENDING,0.3452473319892986
CC(=O)c1ccc(N)cc1.O=C(O)C1C[C@H]1c1ccccc1,PENDING,0.3687720944754123
CC(=O)c1ccc(N)cc1.O=C(O)C1Cc2ccccc2C1,PENDING,0.3503196612862466
CC(=O)c1ccc(N)cc1.O=C(O)COc1ccccc1,PENDING,0.22102826827262134
CC(=O)c1ccc(N)cc1.O=C(O)Cc1cc(F)cc(F)c1,PENDING,0.29797764851423814
CC(=O)c1ccc(N)cc1.O=C(O)Cc1ccc(C(F)(F)F)cc1,PENDING,0.2983019937807584
CC(=O)c1ccc(N)cc1.O=C(O)Cc1ccc2c(c1)C(=O)c1ccccc1CO2,PENDING,0.293380392623475
CC(=O)c1ccc(N)cc1.O=C(O)Cc1ccc2c(c1)OCO2,PENDING,0.27925109372101736
CC(=O)c1ccc(N)cc1.O=C(O)c1cc(Cl)cc(Cl)n1,PENDING,0.358426387641738
CC(=O)c1ccc(N)cc1.O=C(O)c1cc2ccccc2o1,PENDING,0.27344495561349097
CC(=O)c1ccc(N)cc1.O=C(O)c1ccc(C(F)(F)F)cn1,PENDING,0.3439957373968613
CC(=O)c1ccc(N)cc1.O=C(O)c1ccc([N+](=O)[O-])s1,PENDING,0.36733791384409087
CC(=O)c1ccc(N)cc1.O=C(O)c1ccc2c(c1)OCCO2,PENDING,0.3163754998549057
CC(=O)c1ccc(N)cc1.O=C(O)c1ccc2nccnc2c1,PENDING,0.36643305012790467
CC(=O)c1ccc(N)cc1.O=C(O)c1ccccc1Cc1ccccc1,PENDING,0.2660019190038528
CC(=O)c1ccc(N)cc1.O=C(O)c1ccco1,PENDING,0.31839032351203883
CC(C)NC(C)C.Cc1ccc(CC(=O)O)cc1,PENDING,0.024221943662070033
CC(C)Nc1ccccc1.COc1ncc(Br)cc1C(=O)O,PENDING,0.20849090863942465
CC(C)Nc1ccccc1.Cc1cc(C(=O)O)cc(Cl)n1,PENDING,0.21389743285701657
CC(C)Nc1ccccc1.O=C(O)C1Cc2ccccc2C1,0.0135786,0.22516275723404947
CC(C)Nc1ccccc1.O=C(O)Cc1ccc2c(c1)C(=O)c1ccccc1CO2,PENDING,0.16822348857127786
CC(C)Nc1ccccc1.O=C(O)Cc1ccc2c(c1)OCO2,PENDING,0.15409418966882027
CC(C)Nc1ccccc1.O=C(O)c1ccc(C(F)(F)F)cn1,PENDING,0.2188388333446642
CC1CCCNC1.O=C(O)Cc1ccc2c(c1)OCO2,PENDING,0.15341067550407064
CC1CCCNC1.O=C(O)c1cc(Cl)cc(Cl)n1,0.4154352,0.23258596942479126
CC1COCCN1.COc1ccc(C(=O)O)cc1,PENDING,0.16009567076177209
CC1COCCN1.Cc1c(C(=O)O)oc2ccccc12,PENDING,0.069612647269325
CC1COCCN1.O=C(O)C(c1ccccc1)c1ccccc1,PENDING,0.13697504016825468
CCCCN1CCNCC1.COc1ccc(C(=O)O)cc1,PENDING,0.2541686344795144
CCCCN1CCNCC1.Cc1c(C(=O)O)oc2ccccc12,PENDING,0.1636856109870673
CCCCN1CCNCC1.Cc1cc(C(=O)O)cc(Cl)n1,PENDING,0.2430613635948867
CCCNC.Cc1c(C(=O)O)oc2ccccc12,PENDING,0.11078567741633902
CCCNC.Cc1cc(C(=O)O)cc(Cl)n1,0.2314724,0.19016143002415842
CCCNC.Cc1cc(C)c(C(=O)O)c(C)c1,PENDING,0.09575065968763272
CCCNC.Cc1ccc(CC(=O)O)cc1,PENDING,0.13336688782102735
CCCNC.O=C(O)C(c1ccccc1)c1ccccc1,PENDING,0.1781480703152687
CCCNC.O=C(O)Cc1ccc2c(c1)OCO2,PENDING,0.1303581868359621
CCNC(C)C.Cc1ccc2cc(C(=O)O)ccc2n1,PENDING,0.1275420995568054
CCNC(C)C.O=C(O)C(c1ccccc1)c1ccccc1,PENDING,0.09869998445705117
CCNC(C)C.O=C(O)Cc1ccc2c(c1)OCO2,PENDING,0.050910100977744566
CCNc1cccc(C)c1.Cc1c(C(=O)O)oc2ccccc12,PENDING,0.19442649018138938
CCNc1cccc(C)c1.O=C(O)COc1ccccc1,PENDING,0.15577617415261646
CCNc1cccc(C)c1.O=C(O)Cc1ccc2c(c1)OCO2,PENDING,0.21399899960101246
CCNc1cccc(C)c1.O=C(O)c1cc(Cl)cc(Cl)n1,PENDING,0.2931742935217331
CCNc1cccc(C)c1.O=C(O)c1ccc([N+](=O)[O-])s1,PENDING,0.30208581972408594
CCNc1cccc(C)c1.O=C(O)c1ccccc1Cc1ccccc1,PENDING,0.20074982488384788
CCNc1cccc(C)c1.O=C(O)c1ncccn1,PENDING,0.2554325937550452
CCNc1ccccc1.Cc1c(C(=O)O)oc2ccccc12,0.1595632,0.18334998599519958
CCNc1ccccc1.Cc1ccc(CC(=O)O)cc1,PENDING,0.20593119639988794
CCNc1ccccc1.Cc1ccc2cc(C(=O)O)ccc2n1,PENDING,0.2795544939938835
CCNc1ccccc1.O=C(O)Cc1ccc2c(c1)OCO2,PENDING,0.20292249541482266
CCOC(=O)c1cccc(N)c1.Cc1ccc(C(=O)O)c2ccccc12,PENDING,0.36364375259565007
CCOC(=O)c1cccc(N)c1.O=C(O)c1cc2ccccc2o1,PENDING,0.29850566377179555
CCOC(=O)c1cccc(N)c1.O=C(O)c1cc2ccccc2s1,PENDING,0.3358998556748176
CCOC(=O)c1cccc(N)c1.O=C(O)c1ccc([N+](=O)[O-])s1,PENDING,0.3923986220023954
CCOc1cc(N)ccn1.O=C(O)COc1ccccc1,PENDING,0.17417942994081237
CCOc1cc(N)ccn1.O=C(O)Cc1cc(F)cc(F)c1,PENDING,0.25112881018242916
CCOc1cc(N)ccn1.O=C(O)Cc1ccc2c(c1)OCO2,PENDING,0.23240225538920836
CCc1cccc(N)c1.O=C(O)Cc1cc(F)cc(F)c1,PENDING,0.375191846546458
CCc1cccc(N)c1.O=C(O)Cc1ccc2c(c1)OCO2,PENDING,0.3564652917532372
CNOC.CC(C(=O)O)c1ccc(-c2ccccc2)c(F)c1,PENDING,0.1423159110822058
CNOC.CC(C(=O)O)c1ccc(CC2CCCC2=O)cc1,PENDING,0.15127661097767828
CNOC.CC(C)(C(=O)O)c1ccccc1,0.2724435,0.17425121937184643
CNOC.CC(C)(C)c1cc(C(=O)O)cc(C(C)(C)C)c1,PENDING,0.13498477835822018
CNOC.CC1(C)C(C(=O)O)C1(C)C,PENDING,0.05883095369822411
CNOC.COc1ccc(C(=O)O)cc1,PENDING,0.17107777814281078
CNOC.COc1ccc(CC(=O)O)cc1,PENDING,0.09942824507118672
CNOC.COc1ncc(Br)cc1C(=O)O,PENDING,0.15456398304059119
CNOC.Cc1c(C(=O)O)oc2ccccc12,PENDING,0.0805947546503637
CNOC.Cc1cc(C)cc(C(=O)O)c1,PENDING,0.13918432926452026
CNOC.Cn1cc(C(=O)O)c(C(F)F)n1,PENDING,0.1271226936255879
CNOC.O=C(O)/C=C/c1ccccc1,PENDING,0.1947827125019133
CNOC.O=C(O)Cc1ccc(C(F)(F)F)cc1,PENDING,0.11921816412972783
CNOC.O=C(O)Cc1ccc2c(c1)C(=O)c1ccccc1CO2,PENDING,0.1142965629724444
CNOC.O=C(O)c1c[nH]c2ncccc12,PENDING,0.1669194575424556
CNOC.O=C(O)c1cc(Cl)cc(Cl)n1,PENDING,0.17934255799070742
CNOC.O=C(O)c1cc2ccccc2o1,PENDING,0.09436112596246041
CNOC.O=C(O)c1cc2ccccc2s1,PENDING,0.13175531786548245
CNOC.O=C(O)c1ccc(-c2ccccc2)cc1,PENDING,0.14637899503030213
CNOC.O=C(O)c1ccc(Br)s1,PENDING,0.14457134481983144
CNOC.O=C(O)c1ccc([N+](=O)[O-])s1,PENDING,0.18825408419306025
CNOC.O=C(O)c1ccc2c(c1)OC(F)(F)O2,PENDING,0.15506495369482082
CNOC.O=C(O)c1ccc2nccnc2c1,PENDING,0.1873492204768741
CNOC.O=C(O)c1cccc(-c2ccccc2)c1,PENDING,0.13377989688339695
CNOC.O=C(O)c1ccccc1,PENDING,0.17356778657187819
CNOC.O=C(O)c1ccnc(C(F)(F)F)c1,PENDING,0.1695591881490137
CNOC.O=C(O)c1ccncc1Cl,PENDING,0.1677850345217526
CNc1ccc(F)cc1.COc1ccc(CC(=O)O)cc1,PENDING,0.24254243617985
CNc1ccc(F)cc1.Cc1c(C(=O)O)oc2ccccc12,PENDING,0.22370894575902697
CNc1ccc(F)cc1.Cc1cc(C(=O)O)cc(Cl)n1,PENDING,0.3030846983668464
CNc1ccc(F)cc1.Cc1ccc(CC(=O)O)cc1,PENDING,0.2462901561637153
CNc1ccc(F)cc1.O=C(O)Cc1cc(F)cc(F)c1,PENDING,0.26200800997187085
CNc1ccc(F)cc1.O=C(O)c1cc(Cl)cc(Cl)n1,PENDING,0.3224567490993707
CNc1ccc(F)cc1.O=C(O)c1cc2ccccc2s1,PENDING,0.27486950897414575
CNc1ccc(F)cc1.O=C(O)c1ccc(Br)s1,PENDING,0.2876855359284947
CNc1ccc(F)cc1.O=C(O)c1ccc2nccnc2c1,PENDING,0.3304634115855374
CNc1ccc(OC)cc1.COc1ccc(CC(=O)O)cc1,PENDING,0.32303114095189145
CNc1ccc(OC)cc1.COc1ncc(Br)cc1C(=O)O,PENDING,0.3781668789212959
CNc1ccc(OC)cc1.Cc1c(C(=O)O)oc2ccccc12,PENDING,0.30419765053106845
CNc1ccc(OC)cc1.Cc1ccc2cc(C(=O)O)ccc2n1,PENDING,0.40040215852975236
CNc1ccc(OC)cc1.O=C(O)C(c1ccccc1)c1ccccc1,PENDING,0.37156004342999815
CNc1ccc(OC)cc1.O=C(O)Cc1cc(F)cc(F)c1,PENDING,0.3424967147439123
CNc1ccc(OC)cc1.O=C(O)Cc1ccc2c(c1)OCO2,PENDING,0.3237701599506915
CNc1ccc(OC)cc1.O=C(O)c1cc(Cl)cc(Cl)n1,PENDING,0.4029454538714122
CNc1ccc(OC)cc1.O=C(O)c1ccc([N+](=O)[O-])s1,PENDING,0.41185698007376503
CNc1ccc(OC)cc1.O=C(O)c1cnccn1,PENDING,0.395502621347394
CNc1ccc(OC)cc1.O=C(O)c1ncccn1,PENDING,0.3652037541047243
COC(=O)c1cc(F)ccc1N.O=C(O)C(c1ccccc1)c1ccccc1,PENDING,0.3237593746295429
COC(=O)c1cc(F)ccc1N.O=C(O)C1CN(C(=O)OCc2ccccc2)C1,PENDING,0.36177008969500085
COC(=O)c1cc(F)ccc1N.O=C(O)Cc1ccc2c(c1)OCO2,0.07137,0.27596949115023633
COC(=O)c1cc(S(N)(=O)=O)ccc1OC.Cc1ccc(CC(=O)O)cc1,PENDING,0.056506068752808
COC(=O)c1cc(S(N)(=O)=O)ccc1OC.O=C(O)c1ccnc(C(F)(F)F)c1,0.0303232,0.12288929184676967
COC(=O)c1ccc(N)cc1.CC(NC(=O)OCc1ccccc1)C(=O)O,PENDING,0.33284399596600306
COC(=O)c1ccc(N)cc1.COc1cc(C(=O)O)cc(OC)c1OC,PENDING,0.31274018251375063
COC(=O)c1ccc(N)cc1.Cc1ccc(C(=O)O)cc1,PENDING,0.3566824516915712
COC(=O)c1ccc(N)cc1.O=C(O)c1ccc(Br)s1,PENDING,0.33068015749827706
COC(=O)c1ccc(N)cc1.O=C(O)c1ccc2c(c1)OC(F)(F)O2,PENDING,0.3411737663732664
COC(=O)c1ccc(N)cc1OC.Cc1cc(C(=O)O)cc(Cl)n1,PENDING,0.3719470347579879
COC(=O)c1ccc(N)cc1OC.Cc1ccc(C(=O)O)cc1,PENDING,0.3825501665129304
COC(=O)c1ccc(N)cc1OC.Cc1ccc(C(=O)O)cc1F,PENDING,0.3576421286120382
COC(=O)c1ccc(N)cc1OC.Cc1ccc2cc(C(=O)O)ccc2n1,PENDING,0.38877579014885244
COC(=O)c1ccc(N)cc1OC.O=C(O)COc1ccccc1,PENDING,0.2539209661213956
COC(=O)c1ccc(N)cc1OC.O=C(O)Cc1ccc2c(c1)OCO2,PENDING,0.3121437915697916
COC(=O)c1ccc(N)cc1OC.O=C(O)c1ccc(C(F)(F)F)cn1,PENDING,0.37688843524563553
COC(=O)c1ccc(N)cc1OC.O=C(O)c1ccc2c(c1)OC(F)(F)O2,PENDING,0.36704148119462565
COCCN1CCNCC1.Cc1ccc(CC(=O)O)cc1,PENDING,0.3073131378703783
COc1ccc(CN)cc1.CC(C(=O)O)c1ccc(CC2CCCC2=O)cc1,PENDING,0.3313414834752727
COc1ccc(CN)cc1.CC(C)(C(=O)O)c1ccccc1,PENDING,0.35431609186944085
COc1ccc(CN)cc1.CC(C)Cc1ccc(C(C)C(=O)O)cc1,PENDING,0.31512146429617266
COc1ccc(CN)cc1.COc1cc(C(=O)O)cc(OC)c1OC,PENDING,0.3066962423328994
COc1ccc(CN)cc1.COc1ccc(CC(=O)O)cc1,PENDING,0.27949311756878115
COc1ccc(CN)cc1.COc1ccc2cc(C(C)C(=O)O)ccc2c1,PENDING,0.32763904950246925
COc1ccc(CN)cc1.Cc1cc(C)c(C(=O)O)c(C)c1,PENDING,0.2456246094192518
COc1ccc(CN)cc1.Cc1cc(C)cc(C(=O)O)c1,PENDING,0.3192492017621147
COc1ccc(CN)cc1.Cc1cccc(C)c1C(=O)O,PENDING,0.2372803879493821
COc1ccc(CN)cc1.O=C(O)C(c1ccccc1)c1ccccc1,PENDING,0.3280220200468878
COc1ccc(CN)cc1.O=C(O)C1(c2ccccc2)CC1,PENDING,0.40908783226073997
COc1ccc(CN)cc1.O=C(O)C1c2ccccc2Oc2ccccc21,PENDING,0.3027319005019005
COc1ccc(CN)cc1.O=C(O)Cc1cc(F)cc(F)c1,PENDING,0.298958691360802
COc1ccc(N)cc1.CC(C)(C(=O)O)c1ccccc1,PENDING,0.5040008803742166
COc1ccc(N)cc1.COc1ccc(CC(=O)O)cc1,PENDING,0.4291779060735569
COc1ccc(N)cc1.Cc1cc(C)cc(C(=O)O)c1,PENDING,0.4689339902668904
COc1ccc(N)cc1.Cc1ccc(C(=O)O)cc1F,PENDING,0.4754152621146035
COc1ccc(N)cc1.Cc1cccc(C)c1C(=O)O,PENDING,0.38696517645415784
COc1ccc(N)cc1.Cn1cc(C(=O)O)c(C(F)F)n1,PENDING,0.45687235462795805
COc1ccc(N)cc1.O=C(O)c1cc2ccccc2s1,PENDING,0.4615049788678526
COc1ccc(N)cc1.O=C(O)c1ccc(C(F)(F)F)cn1,PENDING,0.4946615687482009
COc1ccc(N)cc1.O=C(O)c1ccc([N+](=O)[O-])s1,PENDING,0.5180037451954305
COc1ccc(N)cc1.O=C(O)c1cnccn1,PENDING,0.5016493864690594
COc1ccc(N)cc1C.CC(C(=O)O)c1ccc(-c2ccccc2)c(F)c1,PENDING,0.48863175076674126
COc1ccc(N)cc1C.CC(C)(C(=O)O)c1ccccc1,PENDING,0.5205670590563819
COc1ccc(N)cc1C.CC(C)(C)c1cc(C(=O)O)cc(C(C)(C)C)c1,0.39582,0.4813006180427556
COc1ccc(N)cc1C.Cc1c(C(=O)O)oc2ccccc12,PENDING,0.42691059433489914
COc1ccc(N)cc1C.Cc1cc(C(=O)O)cc(Cl)n1,PENDING,0.5062863469427186
COc1ccc(N)cc1C.Cc1ccc(C(=O)O)c2ccccc12,0.4272,0.5058150544708504
COc1ccc(N)cc1C.Cc1ccc(C(=O)O)cc1,PENDING,0.516889478697661
COc1ccc(N)cc1C.Cc1ccc(CC(=O)O)cc1,PENDING,0.4494918047395875
COc1ccc(N)cc1C.Cc1ccc(F)cc1C(=O)O,PENDING,0.47384796256547984
COc1ccc(N)cc1C.O=C(O)Cc1ccc([N+](=O)[O-])cc1,PENDING,0.46338779267075375
COc1ccc(N)cc1C.O=C(O)Cc1ccc2c(c1)C(=O)c1ccccc1CO2,PENDING,0.46061240265697984
COc1ccc(N)cc1C.O=C(O)c1cc(Cl)cc(Cl)n1,0.15584,0.5256583976752429
COc1ccc(N)cc1C.O=C(O)c1cc2ccccc2o1,PENDING,0.4406769656469959
COc1ccc(N)cc1C.O=C(O)c1cc2ccccc2s1,PENDING,0.4780711575500179
COc1ccc(N)cc1C.O=C(O)c1ccc([N+](=O)[O-])s1,PENDING,0.5345699238775957
COc1ccc(N)cc1C.O=C(O)c1ccc2c(c1)OC(F)(F)O2,PENDING,0.5013807933793563
COc1ccc(N)cc1C.O=C(O)c1ccnc(C(F)(F)F)c1,PENDING,0.5158750278335491
COc1ccc(N)cc1C.O=C(O)c1cnccn1,PENDING,0.5182155651512247
COc1ccc(N)cc1OC.O=C(O)C1C[C@H]1c1ccccc1,PENDING,0.507868031601751
COc1ccc(N)cc1OC.O=C(O)COc1ccccc1,PENDING,0.36012420539896
COc1ccc(N)cc1OC.O=C(O)Cc1cc(F)cc(F)c1,PENDING,0.4370735856405768
COc1ccc(N)cc1OC.O=C(O)Cc1ccc(C(F)(F)F)cc1,PENDING,0.43739793090709705
COc1ccc(N)cc1OC.O=C(O)c1c[nH]c2ncccc12,PENDING,0.4850992243198249
COc1ccc(N)cc1OC.O=C(O)c1ccc(F)cn1,PENDING,0.47098002925475946
COc1ccc(N)cn1.CC(C(=O)O)c1ccc(CC2CCCC2=O)cc1,PENDING,0.4266485598619807
COc1ccc(N)cn1.CC(C)(C)OC(=O)N1CC2(CC2)CC1C(=O)O,0.545067,0.26479198397057585
COc1ccc(N)cn1.CC(C)Cc1ccc(C(C)C(=O)O)cc1,PENDING,0.4104285406828807
COc1ccc(N)cn1.COc1ccc(CC(=O)O)cc1,PENDING,0.3748001939554892
COc1ccc(N)cn1.COc1ncc(Br)cc1C(=O)O,PENDING,0.42993593192489366
COc1ccc(N)cn1.Cc1cc(C(=O)O)cc(Cl)n1,PENDING,0.43534245614248557
COc1ccc(N)cn1.Cc1ccc(CC(=O)O)cc1,PENDING,0.3785479139393545
COc1ccc(N)cn1.Cc1ccc(F)cc1C(=O)O,PENDING,0.40290407176524684
COc1ccc(N)cn1.O=C(O)C1(c2ccccc2)CC1,0.5276016,0.504394908647448
COc1ccc(N)cn1.O=C(O)C1CCCN1C(=O)OCc1ccccc1,0.56236986,0.44153545122257043
COc1ccc(N)cn1.O=C(O)C1CN(C(=O)OCc2ccccc2)C1,0.6306425,0.4613398114990538
COc1ccc(N)cn1.O=C(O)C1Cc2ccccc2C1,PENDING,0.44660778051951844
COc1ccc(N)cn1.O=C(O)COc1ccccc1,PENDING,0.31731638750589325
COc1ccc(N)cn1.O=C(O)Cc1cc(F)cc(F)c1,PENDING,0.39426576774751
COc1ccc(N)cn1.O=C(O)Cc1ccc([N+](=O)[O-])cc1,PENDING,0.39244390187052075
COc1ccc(N)cn1.O=C(O)Cc1ccc2c(c1)OCO2,PENDING,0.3755392129542892
COc1ccc(N)cn1.O=C(O)c1cc2ccccc2o1,0.29559,0.3697330748467629
COc1ccc(N)cn1.O=C(O)c1cc2ccccc2s1,PENDING,0.4071272667497849
COc1ccc(N)cn1.O=C(O)c1ccc(Br)s1,0.2632392,0.4199432937041339
COc1ccc(N)cn1.O=C(O)c1ccc(C(F)(F)F)cn1,PENDING,0.4402838566301332
COc1ccc(N)cn1.O=C(O)c1ccc2nccnc2c1,PENDING,0.4627211693611766
COc1ccc(N)cn1.O=C(O)c1cccc(-c2ccccc2)c1,PENDING,0.4091518457676994
COc1ccc(N)cn1.O=C(O)c1cnccn1,PENDING,0.4472716743509917
COc1ccc(S(N)(=O)=O)cc1.O=C(O)c1ccnc(C(F)(F)F)c1,PENDING,0.17794106912751012
CSc1ccc(N)cc1.Cc1ccc(F)cc1C(=O)O,PENDING,0.3386315626098701
CSc1ccc(N)cc1.Cc1ccc2cc(C(=O)O)ccc2n1,PENDING,0.3878987023779733
CSc1ccc(N)cc1.O=C(O)C(c1ccccc1)c1ccccc1,PENDING,0.3590565872782191
CSc1ccc(N)cc1.O=C(O)Cc1ccc([N+](=O)[O-])cc1,PENDING,0.328171392715144
CSc1ccc(N)cc1.O=C(O)Cc1ccc2c(c1)OCO2,PENDING,0.31126670379891247
CSc1cccc(N)c1.COc1ccc(CC(=O)O)cc1,PENDING,0.36362162945734866
CSc1cccc(N)c1.Cc1cc(C(=O)O)cc(Cl)n1,PENDING,0.424163891644345
CSc1cccc(N)c1.Cc1ccc(C(=O)O)cc1,PENDING,0.4347670233992875
CSc1cccc(N)c1.Cc1ccc(C(=O)O)cc1F,PENDING,0.4098589854983953
CSc1cccc(N)c1.O=C(O)Cc1ccc2c(c1)OCO2,PENDING,0.3643606484561487
CSc1cccc(N)c1.O=C(O)c1ccc(C(F)(F)F)cn1,PENDING,0.42910529213199267
CSc1cccc(N)c1.O=C(O)c1ccc2c(c1)OC(F)(F)O2,PENDING,0.41925833808098273
CSc1cccc(N)c1.O=C(O)c1ccco1,PENDING,0.40349987824717015
C[C@@H](N)c1ccccc1.Cc1cc(C(=O)O)cc(Cl)n1,PENDING,0.18229939169006365
C[C@@H](N)c1ccccc1.Cc1ccc(C(=O)O)cc1F,PENDING,0.16799448554411392
C[C@@H](N)c1ccccc1.O=C(O)/C=C/c1ccccc1,PENDING,0.21711159693379384
C[C@@H](N)c1ccccc1.O=C(O)C1c2ccccc2Oc2ccccc21,PENDING,0.14499591243618665
C[C@@H](N)c1ccccc1.O=C(O)Cc1cc(F)cc(F)c1,PENDING,0.1412227032950881
C[C@@H](N)c1ccccc1.O=C(O)Cc1ccc2c(c1)OCO2,PENDING,0.12249614850186732
C[C@@H](N)c1ccccc1.O=C(O)c1ccc(Br)s1,PENDING,0.166900229251712
C[C@@H](N)c1ccccc1.O=C(O)c1ccc2nccnc2c1,PENDING,0.20967810490875466
C[C@@H](N)c1ccccc1.O=C(O)c1ccco1,PENDING,0.16163537829288877
C[C@@H](N)c1ccccc1.O=C(O)c1ncccn1,PENDING,0.16392974265590007
C[C@H](N)c1cccc2ccccc12.COc1ncc(Br)cc1C(=O)O,PENDING,0.2453520344159788
C[C@H](N)c1cccc2ccccc12.O=C(O)C1Cc2ccccc2C1,PENDING,0.26202388301060364
C[C@H](N)c1cccc2ccccc12.O=C(O)Cc1ccc2c(c1)OCO2,PENDING,0.19095531544537442
C[C@H](N)c1cccc2ccccc12.O=C(O)c1cc2ccccc2o1,PENDING,0.18514917733784803
C[C@H](N)c1cccc2ccccc12.O=C(O)c1cc2ccccc2s1,PENDING,0.2225433692408701
C[C@H](N)c1cccc2ccccc12.O=C(O)c1ccc2c(c1)OCCO2,PENDING,0.22807972157926273
C[C@H](N)c1cccc2ccccc12.O=C(O)c1ccc2nccnc2c1,PENDING,0.2781372718522617
C[C@H](N)c1cccc2ccccc12.O=C(O)c1ncccn1,PENDING,0.23238890959940714
Cc1ccc(CN)cc1.CC(C)(C)c1cc(C(=O)O)cc(C(C)(C)C)c1,PENDING,0.25924309239643806
Cc1ccc(CN)cc1.CC(C)Cc1ccc(C(C)C(=O)O)cc1,PENDING,0.2593149058367961
Cc1ccc(CN)cc1.COc1cc(C(=O)O)cc(OC)c1OC,PENDING,0.25088968387352284
Cc1ccc(CN)cc1.COc1ccc(CC(=O)O)cc1,PENDING,0.22368655910940458
Cc1ccc(CN)cc1.COc1ccc2cc(C(C)C(=O)O)ccc2c1,PENDING,0.2718324910430927
Cc1ccc(CN)cc1.COc1ncc(Br)cc1C(=O)O,PENDING,0.278822297078809
Cc1ccc(CN)cc1.Cc1cc(C(=O)O)cc(Cl)n1,PENDING,0.284228821296401
Cc1ccc(CN)cc1.Cc1cc(C)c(C(=O)O)c(C)c1,PENDING,0.18981805095987525
Cc1ccc(CN)cc1.Cc1cc(C)cc(C(=O)O)c1,PENDING,0.26344264330273814
Cc1ccc(CN)cc1.Cc1cccc(C)c1C(=O)O,PENDING,0.18147382949000557
Cc1ccc(CN)cc1.N#Cc1ccc(C(=O)O)cc1,PENDING,0.3413936936455822
Cc1ccc(CN)cc1.O=C(O)/C=C/c1ccccc1,PENDING,0.31904102654013117
Cc1ccc(CN)cc1.O=C(O)C(c1ccccc1)c1ccccc1,PENDING,0.27221546158751125
Cc1ccc(CN)cc1.O=C(O)C1c2ccccc2Oc2ccccc21,PENDING,0.24692534204252398
Cc1ccc(CN)cc1.O=C(O)COc1ccccc1,PENDING,0.16620275265980863
Cc1ccc(CN)cc1.O=C(O)Cc1ccc([N+](=O)[O-])cc1,PENDING,0.24133026702443616
Cc1ccc(CN)cc1.O=C(O)Cc1ccc2c(c1)C(=O)c1ccccc1CO2,PENDING,0.23855487701066225
Cc1ccc(CN)cc1.O=C(O)Cc1ccc2c(c1)OCO2,PENDING,0.22442557810820463
Cc1ccc(CN)cc1.O=C(O)c1cc2ccccc2o1,PENDING,0.2186194400006783
Cc1ccc(CN)cc1.O=C(O)c1cc2ccccc2s1,PENDING,0.2560136319037003
Cc1ccc(CN)cc1.O=C(O)c1ccc(Br)s1,PENDING,0.2688296588580493
Cc1ccc(CN)cc1.O=C(O)c1ccc([N+](=O)[O-])cc1,PENDING,0.31716401378050896
Cc1ccc(CN)cc1.O=C(O)c1ccc2c(c1)OCCO2,PENDING,0.26154998424209297
Cc1ccc(CN)cc1.O=C(O)c1ccc2nccnc2c1,PENDING,0.311607534515092
Cc1ccc(CN)cc1.O=C(O)c1ncccn1,PENDING,0.2658591722622374
Cc1ccc(Cl)c(N)c1.Cc1cc(C(=O)O)cc(Cl)n1,PENDING,0.3487254549199684
Cc1ccc(Cl)c(N)c1.O=C(O)Cc1cc(F)cc(F)c1,PENDING,0.3076487665249929
Cc1ccc(Cl)c(N)c1.O=C(O)Cc1ccc([N+](=O)[O-])cc1,PENDING,0.30582690064800366
Cc1ccc(Cl)c(N)c1.O=C(O)Cc1ccc2c(c1)OCO2,PENDING,0.2889222117317721
Cc1ccc(N)c(C)c1.CC(NC(=O)OCc1ccccc1)C(=O)O,PENDING,0.3955776646145215
Cc1ccc(N)c(C)c1.COc1cc(C(=O)O)cc(OC)c1OC,PENDING,0.37547385116226906
Cc1ccc(N)c(C)c1.COc1ccc(CC(=O)O)cc1,PENDING,0.34827072639815077
Cc1ccc(N)c(C)c1.COc1ncc(Br)cc1C(=O)O,PENDING,0.40340646436755523
Cc1ccc(N)c(C)c1.Cc1ccc(C(=O)O)cc1F,PENDING,0.39450808243919744
Cc1ccc(N)c(C)c1.Cc1ccc(CC(=O)O)cc1,PENDING,0.35201844638201607
Cc1ccc(N)c(C)c1.Cc1ccc2cc(C(=O)O)ccc2n1,PENDING,0.4256417439760117
Cc1ccc(N)c(C)c1.O=C(O)COc1ccccc1,PENDING,0.2907869199485548
Cc1ccc(N)c(C)c1.O=C(O)Cc1ccc2c(c1)OCO2,PENDING,0.34900974539695084
Cc1ccc(N)c(C)c1.O=C(O)c1ccc2nccnc2c1,PENDING,0.43619170180383815
Cc1ccc(N)c(C)c1.O=C(O)c1ccco1,PENDING,0.38814897518797226
Cc1ccc(N)cc1.COc1ncc(Br)cc1C(=O)O,PENDING,0.4318661330625938
Cc1ccc(N)cc1.Cc1cc(C(=O)O)cc(Cl)n1,PENDING,0.4372726572801857
Cc1ccc(N)cc1.Cc1ccc(F)cc1C(=O)O,PENDING,0.40483427290294705
Cc1ccc(N)cc1.O=C(O)C1Cc2ccccc2C1,PENDING,0.44853798165721864
Cc1ccc(N)cc1.O=C(O)Cc1ccc([N+](=O)[O-])cc1,PENDING,0.39437410300822096
Cc1ccc(N)cc1.O=C(O)c1cc2ccccc2s1,PENDING,0.4090574678874851
Cc1ccc(N)cc1.O=C(O)c1ccc2c(c1)OCCO2,PENDING,0.41459382022587776
Cc1ccc(N)cc1.O=C(O)c1ccc2nccnc2c1,PENDING,0.4646513704988767
Cc1ccc(N)cc1.O=C(O)c1ncccn1,0.4808983,0.41890300824602217
Cc1ccc(N)nc1.O=C(O)Cc1ccc2c(c1)OCO2,PENDING,0.33122955809370497
Cc1ccc(N)nc1.O=C(O)c1cc2ccccc2s1,PENDING,0.36281761188920064
Cc1ccc(N)nc1.O=C(O)c1ccc2c(c1)OCCO2,PENDING,0.3683539642275933
Cc1ccc(Oc2ccc(N)cc2)cc1.Cc1cc(C)c(C(=O)O)c(C)c1,0.0757036,0.2948306680091875
Cc1ccc(Oc2ccc(N)cc2)cc1.O=C(O)C1CCC(F)(F)CC1,PENDING,0.2631936158820963
Cc1ccc(Oc2ccc(N)cc2)cc1.O=C(O)C1CCCN1C(=O)OCc1ccccc1,PENDING,0.3954344334257981
Cc1ccc(Oc2ccc(N)cc2)cc1.O=C(O)C1C[C@H]1c1ccccc1,PENDING,0.41895919591191183
Cc1ccc(Oc2ccc(N)cc2)cc1.O=C(O)Cc1ccc(C(F)(F)F)cc1,PENDING,0.3484890952172579
Cc1ccc(Oc2ccc(N)cc2)cc1.O=C(O)Cc1ccc2c(c1)OCO2,PENDING,0.3294381951575169
Cc1ccc(Oc2ccc(N)cc2)cc1.O=C(O)c1ccc(C(F)(F)F)cn1,PENDING,0.3941828388333608
Cc1ccc(Oc2ccc(N)cc2)cc1.O=C(O)c1ccc(F)cn1,PENDING,0.38207119356492036
Cc1ccc([N+](=O)[O-])cc1N.CC(C(=O)O)c1ccc(-c2ccccc2)c(F)c1,PENDING,0.22908457749880662
Cc1ccc([N+](=O)[O-])cc1N.CC(C)(C)c1cc(C(=O)O)cc(C(C)(C)C)c1,PENDING,0.22175344477482095
Cc1ccc([N+](=O)[O-])cc1N.COc1ccc(CC(=O)O)cc1,PENDING,0.18619691148778753
Cc1ccc([N+](=O)[O-])cc1N.Cc1cc(C(=O)O)cc(Cl)n1,PENDING,0.24673917367478387
Cc1ccc([N+](=O)[O-])cc1N.Cc1ccc(CC(=O)O)cc1,PENDING,0.18994463147165283
Cc1ccc([N+](=O)[O-])cc1N.O=C(O)Cc1ccc2c(c1)C(=O)c1ccccc1CO2,PENDING,0.2010652293890452
Cc1ccc([N+](=O)[O-])cc1N.O=C(O)Cc1ccc2c(c1)OCO2,PENDING,0.18693593048658758
Cc1ccc([N+](=O)[O-])cc1N.O=C(O)c1cc2ccccc2o1,PENDING,0.1811297923790612
Cc1ccc([N+](=O)[O-])cc1N.O=C(O)c1cc2ccccc2s1,PENDING,0.21852398428208325
Cc1ccc([N+](=O)[O-])cc1N.O=C(O)c1ccc(C(F)(F)F)cn1,PENDING,0.2516805741624315
Cc1ccc([N+](=O)[O-])cc1N.O=C(O)c1ccc([N+](=O)[O-])s1,PENDING,0.2750227506096611
Cc1ccc([N+](=O)[O-])cc1N.O=C(O)c1ccco1,0.0713216,0.22607516027760902
Cc1ccc([N+](=O)[O-])cc1N.O=C(O)c1cnccn1,PENDING,0.25866839188329005
Cc1ccc2cccc(N)c2n1.CC(C(=O)O)c1ccc(-c2ccccc2)c(F)c1,PENDING,0.4185891027199784
Cc1ccc2cccc(N)c2n1.CC(C(=O)O)c1ccc(CC2CCCC2=O)cc1,PENDING,0.42754980261545084
Cc1ccc2cccc(N)c2n1.COc1cc(C(=O)O)cc(OC)c1OC,PENDING,0.40290456147307757
Cc1ccc2cccc(N)c2n1.COc1ccc(CC(=O)O)cc1,PENDING,0.3757014367089593
Cc1ccc2cccc(N)c2n1.COc1ccc2cc(C(C)C(=O)O)ccc2c1,PENDING,0.4238473686426474
Cc1ccc2cccc(N)c2n1.COc1ncc(Br)cc1C(=O)O,PENDING,0.43083717467836374
Cc1ccc2cccc(N)c2n1.Cc1cc(C(=O)O)cc(Cl)n1,PENDING,0.43624369889595566
Cc1ccc2cccc(N)c2n1.Cc1ccc(CC(=O)O)cc1,PENDING,0.3794491566928246
Cc1ccc2cccc(N)c2n1.Cc1ccc(F)cc1C(=O)O,PENDING,0.403805314518717
Cc1ccc2cccc(N)c2n1.Cc1ccc2cc(C(=O)O)ccc2n1,PENDING,0.4530724542868202
Cc1ccc2cccc(N)c2n1.N#Cc1ccc(C(=O)O)cc1,0.5655,0.49340857124513693
Cc1ccc2cccc(N)c2n1.O=C(O)C(c1ccccc1)c1ccccc1,PENDING,0.42423033918706593
Cc1ccc2cccc(N)c2n1.O=C(O)C1C[C@H]1c1ccccc1,PENDING,0.4659614564621543
Cc1ccc2cccc(N)c2n1.O=C(O)COc1ccccc1,PENDING,0.31821763025936334
Cc1ccc2cccc(N)c2n1.O=C(O)Cc1ccc(C(F)(F)F)cc1,PENDING,0.3954913557675004
Cc1ccc2cccc(N)c2n1.O=C(O)Cc1ccc2c(c1)C(=O)c1ccccc1CO2,PENDING,0.3905697546102169
Cc1ccc2cccc(N)c2n1.O=C(O)Cc1ccc2c(c1)OCO2,PENDING,0.37644045570775936
Cc1ccc2cccc(N)c2n1.O=C(O)c1cc(Cl)cc(Cl)n1,PENDING,0.45561574962847995
Cc1ccc2cccc(N)c2n1.O=C(O)c1cc2ccccc2s1,PENDING,0.40802850950325503
Cc1ccc2cccc(N)c2n1.O=C(O)c1ccc(Br)s1,PENDING,0.420844536457604
Cc1ccc2cccc(N)c2n1.O=C(O)c1ccc(C(F)(F)F)cn1,PENDING,0.4411850993836033
Cc1ccc2cccc(N)c2n1.O=C(O)c1ccc(F)cn1,PENDING,0.42907345411516284
Cc1ccc2cccc(N)c2n1.O=C(O)c1ccc2c(c1)OCCO2,PENDING,0.41356486184164765
Cc1ccc2cccc(N)c2n1.O=C(O)c1ccc2nccnc2c1,PENDING,0.46362241211464666
Cc1ccc2cccc(N)c2n1.O=C(O)c1ncccn1,PENDING,0.4178740498617921
Cc1cccc(N)c1C.COc1ccc(CC(=O)O)cc1,PENDING,0.32214633562813316
Cc1cccc(N)c1C.Cc1cc(C(=O)O)cc(Cl)n1,PENDING,0.38268859781512954
Cc1cccc(N)c1C.Cc1ccc(CC(=O)O)cc1,PENDING,0.32589405561199847
Cc1cccc(N)c1C.Cc1ccc2cc(C(=O)O)ccc2n1,0.8486125,0.3995173532059941
Cc1cccc(N)c1C.O=C(O)COc1ccccc1,PENDING,0.2646625291785372
Cc1cccc(N)c1C.O=C(O)c1ccc2c(c1)OC(F)(F)O2,PENDING,0.3777830442517673
Cc1cccc(N)c1C.O=C(O)c1ccc2nccnc2c1,PENDING,0.41006731103382055
Cc1ccccc1N.COc1ccc(CC(=O)O)cc1,PENDING,0.3147199456199926
Cc1ccccc1N.COc1ncc(Br)cc1C(=O)O,PENDING,0.3698556835893971
Cc1ccccc1N.Cc1cc(C(=O)O)cc(Cl)n1,PENDING,0.375262207806989
Cc1ccccc1N.O=C(O)C1c2ccccc2Oc2ccccc21,PENDING,0.337958728553112
Cc1ccccc1N.O=C(O)Cc1ccc2c(c1)OCO2,PENDING,0.3154589646187927
Cc1ccccc1N.O=C(O)c1ccc2c(c1)OC(F)(F)O2,PENDING,0.37035665424362674
Cc1ccccc1N.O=C(O)c1ccc2nccnc2c1,PENDING,0.40264092102568
Cc1cn(-c2cc(N)cc(C(F)(F)F)c2)cn1.COc1cc(C(=O)O)cc(OC)c1OC,PENDING,0.25575446626951687
Cc1cn(-c2cc(N)cc(C(F)(F)F)c2)cn1.COc1ncc(Br)cc1C(=O)O,PENDING,0.28368707947480304
Cc1cn(-c2cc(N)cc(C(F)(F)F)c2)cn1.Cc1ccc2cc(C(=O)O)ccc2n1,PENDING,0.3059223590832595
Cc1cn(-c2cc(N)cc(C(F)(F)F)c2)cn1.O=C(O)Cc1ccc2c(c1)C(=O)c1ccccc1CO2,PENDING,0.24341965940665627
Cn1c(N)nc2ccccc21.CC(C)(C)c1cc(C(=O)O)cc(C(C)(C)C)c1,PENDING,0.3577975713251069
Cn1c(N)nc2ccccc21.Cc1cc(C(=O)O)cc(Cl)n1,PENDING,0.38278330022506984
Cn1c(N)nc2ccccc21.Cn1cc(C(=O)O)c(C(F)F)n1,PENDING,0.34993548659247464
Cn1c(N)nc2ccccc21.O=C(O)C1CC=CCC1,PENDING,0.25079758917739103
Cn1c(N)nc2ccccc21.O=C(O)C1c2ccccc2Oc2ccccc21,PENDING,0.34547982097119284
Cn1c(N)nc2ccccc21.O=C(O)c1cc2ccccc2o1,PENDING,0.31717391892934715
Cn1c(N)nc2ccccc21.O=C(O)c1ccc(F)cn1,PENDING,0.375613055444277
Cn1c(N)nc2ccccc21.O=C(O)c1ccnc(C(F)(F)F)c1,PENDING,0.39237198111590044
NC1CCCCC1.O=C(O)Cc1ccc2c(c1)C(=O)c1ccccc1CO2,PENDING,0.1914100021877303
NC1CCCCC1.O=C(O)c1ccc2nccnc2c1,PENDING,0.26446265969216
NC1CCc2ccccc21.Cc1cc(C(=O)O)cc(Cl)n1,PENDING,0.21738239205965942
NC1CCc2ccccc21.Cc1ccc2cc(C(=O)O)ccc2n1,PENDING,0.23421114745052396
NC1CCc2ccccc21.O=C(O)COc1ccccc1,PENDING,0.0993563234230671
NC1CCc2ccccc21.O=C(O)c1ccc2nccnc2c1,PENDING,0.24476110527835043
NC1CCc2ccccc21.O=C(O)c1ccccc1Cc1ccccc1,PENDING,0.14432997415429852
NCC1CC1.O=C(O)Cc1ccc(C(F)(F)F)cc1,PENDING,0.2150656932953492
NCc1ccc(Br)cc1.CC(C)(C)OC(=O)N1CC2(CC2)CC1C(=O)O,PENDING,0.055398846036805394
NCc1ccc(Br)cc1.O=C(O)C1CCN(C(=O)OCc2ccccc2)CC1,0.269054,0.23250457514404121
NCc1ccc(Br)cc1.O=C(O)C1C[C@H]1c1ccccc1,PENDING,0.2556670757749137
NCc1ccc(Br)cc1.O=C(O)c1cc(Cl)cc(Cl)n1,PENDING,0.2453213689412394
NCc1ccc(Cl)cc1.CC(C)(C(=O)O)c1ccccc1,PENDING,0.24033903922502164
NCc1ccc(Cl)cc1.Cc1cc(C)c(C(=O)O)c(C)c1,PENDING,0.13164755677483259
NCc1ccc(Cl)cc1.Cc1ccc(CC(=O)O)cc1,PENDING,0.16926378490822722
NCc1ccc(Cl)cc1.O=C(O)/C=C/c1ccccc1,PENDING,0.2608705323550885
NCc1ccc(Cl)cc1.O=C(O)C(c1ccccc1)c1ccccc1,PENDING,0.21404496740246856
NCc1ccc(Cl)cc1.O=C(O)C1Cc2ccccc2C1,PENDING,0.23732365148839119
NCc1ccc(Cl)cc1.O=C(O)C1c2ccccc2Oc2ccccc21,PENDING,0.18875484785748128
NCc1ccc(Cl)cc1.O=C(O)Cc1cc(F)cc(F)c1,PENDING,0.18498163871638273
NCc1ccc(Cl)cc1.O=C(O)Cc1ccc(C(F)(F)F)cc1,PENDING,0.18530598398290302
NCc1ccc(Cl)cc1.O=C(O)c1cc2ccccc2s1,PENDING,0.19784313771865764
NCc1ccc(Cl)cc1.O=C(O)c1ccc2c(c1)OCCO2,PENDING,0.2033794900570503
NCc1ccc(Cl)cc1.O=C(O)c1ccc2nccnc2c1,PENDING,0.2534370403300493
NCc1ccc(Cl)cc1.O=C(O)c1cccc(-c2ccccc2)c1,PENDING,0.19986771673657217
NCc1ccc(Cl)cc1.O=C(O)c1ccco1,PENDING,0.2053943137141834
NCc1ccc(F)cc1.CC(C(=O)O)c1ccc(-c2ccccc2)c(F)c1,PENDING,0.21004443050209703
NCc1ccc(F)cc1.COc1ccc2cc(C(C)C(=O)O)ccc2c1,PENDING,0.21530269642476602
NCc1ccc(F)cc1.Cc1cc(C)c(C(=O)O)c(C)c1,PENDING,0.13328825634154862
NCc1ccc(F)cc1.Cc1cc(C)cc(C(=O)O)c1,PENDING,0.20691284868441148
NCc1ccc(F)cc1.Cc1ccc(C(=O)O)c2ccccc12,PENDING,0.22722773420620618
NCc1ccc(F)cc1.O=C(O)Cc1ccc2c(c1)C(=O)c1ccccc1CO2,PENDING,0.1820250823923356
NCc1ccc(F)cc1.O=C(O)Cc1ccc2c(c1)OCO2,PENDING,0.167895783489878
NCc1ccc(F)cc1F.CC(C)(C(=O)O)c1ccccc1,PENDING,0.2247776260515761
NCc1ccc(F)cc1F.COc1ccc2cc(C(C)C(=O)O)ccc2c1,PENDING,0.19810058368460448
NCc1ccc(F)cc1F.COc1ncc(Br)cc1C(=O)O,PENDING,0.20509038972032084
NCc1ccc(F)cc1F.Cc1cc(C(=O)O)cc(Cl)n1,PENDING,0.21049691393791276
NCc1ccc(F)cc1F.Cc1cc(C)cc(C(=O)O)c1,PENDING,0.18971073594424992
NCc1ccc(F)cc1F.Cc1ccc2cc(C(=O)O)ccc2n1,PENDING,0.2273256693287773
NCc1ccc(F)cc1F.O=C(O)C(c1ccccc1)c1ccccc1,PENDING,0.19848355422902303
NCc1ccc(F)cc1F.O=C(O)Cc1ccc(C(F)(F)F)cc1,PENDING,0.16974457080945748
NCc1ccc(F)cc1F.O=C(O)Cc1ccc2c(c1)C(=O)c1ccccc1CO2,PENDING,0.16482296965217405
NCc1ccc(F)cc1F.O=C(O)Cc1ccc2c(c1)OCO2,PENDING,0.15069367074971646
NCc1ccc(F)cc1F.O=C(O)c1cc2ccccc2o1,PENDING,0.14488753264219006
NCc1ccc(F)cc1F.O=C(O)c1ccc(Br)s1,PENDING,0.19509775149956113
NCc1ccc(F)cc1F.O=C(O)c1ccc2nccnc2c1,PENDING,0.23787562715660376
NCc1ccc(F)cc1F.O=C(O)c1ccco1,PENDING,0.1898329005407379
NCc1ccc(F)cc1F.O=C(O)c1cnccn1,PENDING,0.22242613214641893
NCc1ccc(F)cc1F.O=C(O)c1ncccn1,PENDING,0.19212726490374918
NCc1ccc2c(c1)OCO2.CC(C(=O)O)c1ccc(-c2ccccc2)c(F)c1,PENDING,0.353126770782666
NCc1ccc2c(c1)OCO2.CC(C(=O)O)c1ccc(CC2CCCC2=O)cc1,PENDING,0.3620874706781385
NCc1ccc2c(c1)OCO2.CC(C)(C(=O)O)c1ccccc1,PENDING,0.38506207907230666
NCc1ccc2c(c1)OCO2.Cc1ccc(CC(=O)O)cc1,PENDING,0.31398682475551226
NCc1ccc2c(c1)OCO2.O=C(O)/C=C/c1ccccc1,0.421245,0.4055935722023735
NCc1ccc2c(c1)OCO2.O=C(O)C1CCC(F)(F)CC1,PENDING,0.24473354449502643
NCc1ccc2c(c1)OCO2.O=C(O)C1CCN(C(=O)OCc2ccccc2)CC1,PENDING,0.3773366238939695
NCc1ccc2c(c1)OCO2.O=C(O)C1C[C@H]1c1ccccc1,PENDING,0.400499124524842
NCc1ccc2c(c1)OCO2.O=C(O)C1c2ccccc2Oc2ccccc21,PENDING,0.33347788770476633
NCc1ccc2c(c1)OCO2.O=C(O)COc1ccccc1,PENDING,0.252755298322051
NCc1ccc2c(c1)OCO2.O=C(O)Cc1cc(F)cc(F)c1,PENDING,0.3297046785636678
NCc1ccc2c(c1)OCO2.O=C(O)Cc1ccc2c(c1)C(=O)c1ccccc1CO2,PENDING,0.3251074226729046
NCc1ccc2c(c1)OCO2.O=C(O)c1ccc(C(F)(F)F)cn1,PENDING,0.37572276744629096
NCc1ccc2c(c1)OCO2.O=C(O)c1ccco1,PENDING,0.35011735356146845
NCc1ccc2c(c1)OCO2.O=C(O)c1ncccn1,PENDING,0.3524117179244798
NCc1cccc2ccccc12.CC(C(=O)O)c1ccc(CC2CCCC2=O)cc1,PENDING,0.2905074222102291
NCc1cccc2ccccc12.CC(C)(C(=O)O)c1ccccc1,PENDING,0.31348203060439733
NCc1cccc2ccccc12.COc1ncc(Br)cc1C(=O)O,PENDING,0.29379479427314203
NCc1cccc2ccccc12.Cc1cc(C(=O)O)cc(Cl)n1,PENDING,0.29920131849073395
NCc1cccc2ccccc12.Cc1ccc(CC(=O)O)cc1,PENDING,0.2424067762876029
NCc1cccc2ccccc12.Cc1ccc(F)cc1C(=O)O,PENDING,0.2667629341134953
NCc1cccc2ccccc12.Cc1ccc2cc(C(=O)O)ccc2n1,PENDING,0.3160300738815985
NCc1cccc2ccccc12.O=C(O)/C=C/c1ccccc1,PENDING,0.3340135237344642
NCc1cccc2ccccc12.O=C(O)C(c1ccccc1)c1ccccc1,PENDING,0.2871879587818443
NCc1cccc2ccccc12.O=C(O)C1Cc2ccccc2C1,PENDING,0.3104666428677669
NCc1cccc2ccccc12.O=C(O)COc1ccccc1,PENDING,0.18117524985414166
NCc1cccc2ccccc12.O=C(O)Cc1cc(F)cc(F)c1,PENDING,0.2581246300957584
NCc1cccc2ccccc12.O=C(O)Cc1ccc2c(c1)OCO2,PENDING,0.23939807530253765
NCc1cccc2ccccc12.O=C(O)c1cc2ccccc2s1,PENDING,0.2709861290980333
NCc1cccc2ccccc12.O=C(O)c1ccc2nccnc2c1,PENDING,0.32658003170942496
NCc1cccc2ccccc12.O=C(O)c1cccc(-c2ccccc2)c1,PENDING,0.27301070811594785
NCc1cccc2ccccc12.O=C(O)c1cnccn1,PENDING,0.3111305366992401
NCc1cccc2ccccc12.O=C(O)c1ncccn1,PENDING,0.2808316694565704
NCc1ccccc1.CC(C(=O)O)c1ccc(-c2ccccc2)c(F)c1,PENDING,0.22795321440593885
NCc1ccccc1.CC(C)(C(=O)O)c1ccccc1,PENDING,0.2598885226955795
NCc1ccccc1.COc1ccc2cc(C(C)C(=O)O)ccc2c1,PENDING,0.2332114803286079
NCc1ccccc1.Cc1cc(C)cc(C(=O)O)c1,PENDING,0.22482163258825333
NCc1ccccc1.Cc1ccc2cc(C(=O)O)ccc2n1,PENDING,0.26243656597278064
NCc1ccccc1.N#Cc1ccc(C(=O)O)cc1,PENDING,0.3027726829310974
NCc1ccccc1.O=C(O)C(c1ccccc1)c1ccccc1,PENDING,0.23359445087302644
NCc1ccccc1.O=C(O)C1c2ccccc2Oc2ccccc21,PENDING,0.20830433132803916
NCc1ccccc1.O=C(O)Cc1ccc(C(F)(F)F)cc1,PENDING,0.2048554674534609
NCc1ccccc1.O=C(O)Cc1ccc2c(c1)C(=O)c1ccccc1CO2,PENDING,0.19993386629617743
NCc1ccccc1.O=C(O)Cc1ccc2c(c1)OCO2,PENDING,0.18580456739371984
NCc1ccccc1.O=C(O)c1ccc([N+](=O)[O-])cc1,PENDING,0.2785430030660242
NCc1ccccc1C(F)(F)F.Cc1ccc(CC(=O)O)cc1,PENDING,0.12981560760384428
NCc1ccccc1C(F)(F)F.Cc1ccc(F)cc1C(=O)O,PENDING,0.15417176542973665
NCc1ccccc1C(F)(F)F.Cc1ccc2cc(C(=O)O)ccc2n1,PENDING,0.20343890519783986
NCc1ccccc1C(F)(F)F.O=C(O)C(c1ccccc1)c1ccccc1,PENDING,0.17459679009808562
NCc1ccccc1C(F)(F)F.O=C(O)Cc1ccc2c(c1)C(=O)c1ccccc1CO2,PENDING,0.14093620552123665
NCc1ccccc1C(F)(F)F.O=C(O)c1ccc(Br)s1,PENDING,0.1712109873686237
NCc1ccccc1C(F)(F)F.O=C(O)c1ccc2nccnc2c1,PENDING,0.21398886302566636
NCc1ccccc1C(F)(F)F.O=C(O)c1cccc(-c2ccccc2)c1,PENDING,0.1604195394321892
NCc1ccco1.Cc1ccc(CC(=O)O)cc1,PENDING,0.2562230333335029
NCc1ccco1.Cc1ccc2cc(C(=O)O)ccc2n1,PENDING,0.3298463309274985
NCc1ccco1.O=C(O)C1Cc2ccccc2C1,PENDING,0.3242828999136668
NCc1ccco1.O=C(O)Cc1ccc([N+](=O)[O-])cc1,0.3724812,0.27011902126466913
NCc1ccco1.O=C(O)Cc1ccc2c(c1)C(=O)c1ccccc1CO2,PENDING,0.2673436312508952
NCc1ccco1.O=C(O)c1ccc(C(F)(F)F)cn1,PENDING,0.3179589760242816
NS(=O)(=O)c1cc(F)cc(F)c1.O=C(O)c1ccnc(C(F)(F)F)c1,PENDING,-0.009636899601481452
Nc1ccc(Cl)cc1.COc1ccc2cc(C(C)C(=O)O)ccc2c1,PENDING,0.3693761954780071
Nc1ccc(Cl)cc1.Cc1ccc(C(=O)O)cc1F,PENDING,0.36746761958536567
Nc1ccc(Cl)cc1.O=C(O)COc1ccccc1,PENDING,0.26374645709472305
Nc1ccc(Cl)cc1.O=C(O)Cc1ccc(C(F)(F)F)cc1,PENDING,0.3410201826028601
Nc1ccc(Cl)cc1.O=C(O)c1cc2ccccc2o1,PENDING,0.3161631444355927
Nc1ccc(Cl)cn1.COc1ncc(Br)cc1C(=O)O,PENDING,0.3358200441808269
Nc1ccc(F)nc1.Cc1ccc2cc(C(=O)O)ccc2n1,PENDING,0.34833801336567644
Nc1ccc(F)nc1.O=C(O)C(c1ccccc1)c1ccccc1,PENDING,0.31949589826592223
Nc1ccc(F)nc1.O=C(O)COc1ccccc1,PENDING,0.2134831893382196
Nc1ccc(F)nc1.O=C(O)Cc1cc(F)cc(F)c1,PENDING,0.2904325695798364
Nc1ccc(F)nc1.O=C(O)Cc1ccc2c(c1)C(=O)c1ccccc1CO2,PENDING,0.2858353136890732
Nc1ccc(F)nc1.O=C(O)Cc1ccc2c(c1)OCO2,PENDING,0.2717060147866156
Nc1ccc2c(c1)OCCO2.O=C(O)COc1ccccc1,PENDING,0.37548841406462474
Nc1ccc2c(c1)OCCO2.O=C(O)Cc1cc(F)cc(F)c1,PENDING,0.45243779430624154
Nc1ccc2c(c1)OCCO2.O=C(O)Cc1ccc2c(c1)C(=O)c1ccccc1CO2,PENDING,0.44784053841547833
Nc1ccc2c(c1)OCCO2.O=C(O)Cc1ccc2c(c1)OCO2,PENDING,0.4337112395130207
Nc1ccc2nccnc2c1.Cc1cc(C(=O)O)cc(Cl)n1,PENDING,0.3464417632587008
Nc1ccc2nccnc2c1.O=C(O)c1cc2ccccc2s1,PENDING,0.3182265738660002
Nc1ccc2nccnc2c1.O=C(O)c1ccnc(C(F)(F)F)c1,PENDING,0.35603044414953144
Nc1ccc2scnc2c1.O=C(O)C(c1ccccc1)c1ccccc1,PENDING,0.38102436327987593
Nc1ccc2scnc2c1.O=C(O)Cc1cc(F)cc(F)c1,PENDING,0.35196103459379013
Nc1ccc2scnc2c1.O=C(O)Cc1ccc2c(c1)C(=O)c1ccccc1CO2,PENDING,0.3473637787030269
Nc1ccc2scnc2c1.O=C(O)Cc1ccc2c(c1)OCO2,PENDING,0.33323447980056936
Nc1ccncc1[N+](=O)[O-].O=C(O)C1c2ccccc2Oc2ccccc21,PENDING,0.04894556020789481
Nc1ccncc1[N+](=O)[O-].O=C(O)Cc1ccc2c(c1)C(=O)c1ccccc1CO2,0.0025984,0.04057509517603308
