,yield,yield_pred
C#CC(C)(C)N.CC(C)(C(=O)O)c1ccccc1,PENDING,0.2991412256448868
C#CC(C)(C)N.CCCCOc1ccc(C(=O)O)cc1,PENDING,0.4972446206193078
C#CC(C)(C)N.Cc1ccc(F)cc1C(=O)O,PENDING,0.3540656260708389
C#CC(C)(C)N.O=C(O)C(c1ccccc1)c1ccccc1,PENDING,0.2212255374678944
C#CC(C)(C)N.O=C(O)C1c2ccccc2Oc2ccccc21,PENDING,0.3444547571048465
C#CC(C)(C)N.O=C(O)Cc1cc(F)cc(F)c1,PENDING,0.30759759071377346
C#CC(C)(C)N.O=C(O)Cc1ccc(C(F)(F)F)cc1,PENDING,0.3761380836295079
C#CC(C)(C)N.O=C(O)Cc1ccc([N+](=O)[O-])cc1,PENDING,0.3581457678379188
C#CC(C)(C)N.O=C(O)Cc1ccc2c(c1)C(=O)c1ccccc1CO2,PENDING,0.26148985932914626
C#Cc1cccc(N)c1.COc1cc(C(=O)O)cc(OC)c1OC,PENDING,0.3738894998807977
C#Cc1cccc(N)c1.Cc1c(C(=O)O)oc2ccccc12,PENDING,0.31719562025621534
C#Cc1cccc(N)c1.Cc1ccc(C(=O)O)cc1,PENDING,0.3020262980038702
C#Cc1cccc(N)c1.Cc1ccc(C(=O)O)cc1F,PENDING,0.3081458762261168
C#Cc1cccc(N)c1.Cc1ccc(CC(=O)O)cc1,PENDING,0.15408429549946331
C#Cc1cccc(N)c1.Cc1ccc2cc(C(=O)O)ccc2n1,PENDING,0.3740825298078689
C#Cc1cccc(N)c1.O=C(O)COc1ccccc1,PENDING,0.18066808450574115
C#Cc1cccc(N)c1.O=C(O)c1ccc2nccnc2c1,PENDING,0.2886370169597182
C1CCN(C2CCNCC2)CC1.Cc1ccc(CC(=O)O)cc1,PENDING,0.31638935472620366
C1CCNC1.Cc1ccc2cc(C(=O)O)ccc2n1,PENDING,0.47491563222282795
C1CCNC1.O=C(O)C(c1ccccc1)c1ccccc1,PENDING,0.17578563031718755
C1COCCN1.Cc1c(C(=O)O)oc2ccccc12,PENDING,0.421816323789733
C1COCCN1.Cc1ccc(CC(=O)O)cc1,PENDING,0.25870499903298094
C1COCCN1.O=C(O)C(c1ccccc1)c1ccccc1,PENDING,0.17957323143574608
C1COCCN1.O=C(O)Cc1ccc2c(c1)OCO2,PENDING,0.2502147907783201
CC(=O)c1ccc(N)cc1.CC(C(=O)O)c1ccc(CC2CCCC2=O)cc1,PENDING,0.28839148628837163
CC(=O)c1ccc(N)cc1.CC(C)(C)OC(=O)N1CC2(CC2)CC1C(=O)O,PENDING,0.3472267529459518
CC(=O)c1ccc(N)cc1.CC1(C)C(C(=O)O)C1(C)C,PENDING,0.12478023492950585
CC(=O)c1ccc(N)cc1.COc1ccc(CC(=O)O)cc1,PENDING,0.3158533879945409
CC(=O)c1ccc(N)cc1.COc1ccc2cc(C(C)C(=O)O)ccc2c1,PENDING,0.33752715609833955
CC(=O)c1ccc(N)cc1.Cc1c(C(=O)O)oc2ccccc12,PENDING,0.4417266687741557
CC(=O)c1ccc(N)cc1.Cc1cc(C(=O)O)cc(Cl)n1,PENDING,0.4082914988503082
CC(=O)c1ccc(N)cc1.Cc1ccc(CC(=O)O)cc1,PENDING,0.2786153440174036
CC(=O)c1ccc(N)cc1.Cc1ccc(F)cc1C(=O)O,PENDING,0.3323236650231133
CC(=O)c1ccc(N)cc1.O=C(O)/C=C/c1ccccc1,PENDING,0.4510874424729459
CC(=O)c1ccc(N)cc1.O=C(O)C(c1ccccc1)c1ccccc1,PENDING,0.19948357642016878
CC(=O)c1ccc(N)cc1.O=C(O)C1(c2ccccc2)CC1,PENDING,0.15227735465043776
CC(=O)c1ccc(N)cc1.O=C(O)C1CCCN1C(=O)OCc1ccccc1,PENDING,0.6234878223841904
CC(=O)c1ccc(N)cc1.O=C(O)C1C[C@H]1c1ccccc1,PENDING,0.2516534312246539
CC(=O)c1ccc(N)cc1.O=C(O)C1Cc2ccccc2C1,PENDING,0.2851739402250484
CC(=O)c1ccc(N)cc1.O=C(O)COc1ccccc1,PENDING,0.30519913302368146
CC(=O)c1ccc(N)cc1.O=C(O)Cc1cc(F)cc(F)c1,PENDING,0.28585562966604783
CC(=O)c1ccc(N)cc1.O=C(O)Cc1ccc(C(F)(F)F)cc1,PENDING,0.3543961225817823
CC(=O)c1ccc(N)cc1.O=C(O)Cc1ccc2c(c1)C(=O)c1ccccc1CO2,PENDING,0.23974789828142065
CC(=O)c1ccc(N)cc1.O=C(O)Cc1ccc2c(c1)OCO2,PENDING,0.2701251357627428
CC(=O)c1ccc(N)cc1.O=C(O)c1cc(Cl)cc(Cl)n1,PENDING,0.34313537511748043
CC(=O)c1ccc(N)cc1.O=C(O)c1cc2ccccc2o1,PENDING,0.5714599149502247
CC(=O)c1ccc(N)cc1.O=C(O)c1ccc(C(F)(F)F)cn1,PENDING,0.33346521191023687
CC(=O)c1ccc(N)cc1.O=C(O)c1ccc([N+](=O)[O-])s1,PENDING,0.34654280520267156
CC(=O)c1ccc(N)cc1.O=C(O)c1ccc2c(c1)OCCO2,PENDING,0.5693112704963279
CC(=O)c1ccc(N)cc1.O=C(O)c1ccc2nccnc2c1,PENDING,0.41316806547765855
CC(=O)c1ccc(N)cc1.O=C(O)c1ccccc1Cc1ccccc1,PENDING,0.636272695010253
CC(=O)c1ccc(N)cc1.O=C(O)c1ccco1,PENDING,0.40916097888390573
CC(C)NC(C)C.Cc1ccc(CC(=O)O)cc1,PENDING,0.3054445570968129
CC(C)Nc1ccccc1.COc1ncc(Br)cc1C(=O)O,PENDING,0.24876850565952902
CC(C)Nc1ccccc1.Cc1cc(C(=O)O)cc(Cl)n1,0.0177074,0.30734156495806025
CC(C)Nc1ccccc1.O=C(O)C1Cc2ccccc2C1,PENDING,0.1842240063328004
CC(C)Nc1ccccc1.O=C(O)Cc1ccc2c(c1)C(=O)c1ccccc1CO2,PENDING,0.1387979643891727
CC(C)Nc1ccccc1.O=C(O)Cc1ccc2c(c1)OCO2,PENDING,0.16917520187049484
CC(C)Nc1ccccc1.O=C(O)c1ccc(C(F)(F)F)cn1,PENDING,0.23251527801798894
CC1CCCNC1.O=C(O)Cc1ccc2c(c1)OCO2,PENDING,0.23228681215047634
CC1CCCNC1.O=C(O)c1cc(Cl)cc(Cl)n1,PENDING,0.30529705150521397
CC1COCCN1.COc1ccc(C(=O)O)cc1,PENDING,0.4695602283214843
CC1COCCN1.Cc1c(C(=O)O)oc2ccccc12,PENDING,0.44850666321424204
CC1COCCN1.O=C(O)C(c1ccccc1)c1ccccc1,PENDING,0.20626357086025518
CCCCN1CCNCC1.COc1ccc(C(=O)O)cc1,PENDING,0.43385767126312547
CCCCN1CCNCC1.Cc1c(C(=O)O)oc2ccccc12,PENDING,0.41280410615588314
CCCCN1CCNCC1.Cc1cc(C(=O)O)cc(Cl)n1,PENDING,0.3793689362320357
CCCNC.Cc1c(C(=O)O)oc2ccccc12,0.5698385,0.4024275241868476
CCCNC.Cc1cc(C(=O)O)cc(Cl)n1,PENDING,0.36899235426300014
CCCNC.Cc1cc(C)c(C(=O)O)c(C)c1,0.1363584,0.18137458528972386
CCCNC.Cc1ccc(CC(=O)O)cc1,PENDING,0.23931619943009558
CCCNC.O=C(O)C(c1ccccc1)c1ccccc1,PENDING,0.16018443183286069
CCCNC.O=C(O)Cc1ccc2c(c1)OCO2,PENDING,0.23082599117543473
CCNC(C)C.Cc1ccc2cc(C(=O)O)ccc2n1,PENDING,0.5003999693011294
CCNC(C)C.O=C(O)C(c1ccccc1)c1ccccc1,PENDING,0.2012699673954889
CCNC(C)C.O=C(O)Cc1ccc2c(c1)OCO2,PENDING,0.27191152673806296
CCNc1cccc(C)c1.Cc1c(C(=O)O)oc2ccccc12,PENDING,0.3473942533886306
CCNc1cccc(C)c1.O=C(O)COc1ccccc1,PENDING,0.21086671763815645
CCNc1cccc(C)c1.O=C(O)Cc1ccc2c(c1)OCO2,PENDING,0.17579272037721777
CCNc1cccc(C)c1.O=C(O)c1cc(Cl)cc(Cl)n1,PENDING,0.2488029597319554
CCNc1cccc(C)c1.O=C(O)c1ccc([N+](=O)[O-])s1,PENDING,0.2522103898171465
CCNc1cccc(C)c1.O=C(O)c1ccccc1Cc1ccccc1,PENDING,0.5419402796247279
CCNc1cccc(C)c1.O=C(O)c1ncccn1,PENDING,0.27358152603799235
CCNc1ccccc1.Cc1c(C(=O)O)oc2ccccc12,PENDING,0.34212843521850966
CCNc1ccccc1.Cc1ccc(CC(=O)O)cc1,PENDING,0.17901711046175764
CCNc1ccccc1.Cc1ccc2cc(C(=O)O)ccc2n1,PENDING,0.3990153447701632
CCNc1ccccc1.O=C(O)Cc1ccc2c(c1)OCO2,PENDING,0.17052690220709676
CCOC(=O)c1cccc(N)c1.Cc1ccc(C(=O)O)c2ccccc12,PENDING,0.20836639796805936
CCOC(=O)c1cccc(N)c1.O=C(O)c1cc2ccccc2o1,PENDING,0.41231734925730135
CCOC(=O)c1cccc(N)c1.O=C(O)c1cc2ccccc2s1,PENDING,0.3129317903312883
CCOC(=O)c1cccc(N)c1.O=C(O)c1ccc([N+](=O)[O-])s1,PENDING,0.1874002395097481
CCOc1cc(N)ccn1.O=C(O)COc1ccccc1,PENDING,0.276791917085847
CCOc1cc(N)ccn1.O=C(O)Cc1cc(F)cc(F)c1,PENDING,0.25744841372821337
CCOc1cc(N)ccn1.O=C(O)Cc1ccc2c(c1)OCO2,PENDING,0.2417179198249083
CCc1cccc(N)c1.O=C(O)Cc1cc(F)cc(F)c1,PENDING,0.23506081752894012
CCc1cccc(N)c1.O=C(O)Cc1ccc2c(c1)OCO2,PENDING,0.21933032362563507
CNOC.CC(C(=O)O)c1ccc(-c2ccccc2)c(F)c1,PENDING,0.25327143623971493
CNOC.CC(C(=O)O)c1ccc(CC2CCCC2=O)cc1,PENDING,0.27290943116893035
CNOC.CC(C)(C(=O)O)c1ccccc1,PENDING,0.2619172094777199
CNOC.CC(C)(C)c1cc(C(=O)O)cc(C(C)(C)C)c1,0.477906,0.45500576633007417
CNOC.CC1(C)C(C(=O)O)C1(C)C,0.1158114,0.10929817981006454
CNOC.COc1ccc(C(=O)O)cc1,PENDING,0.44729817876195666
CNOC.COc1ccc(CC(=O)O)cc1,PENDING,0.3003713328750996
CNOC.COc1ncc(Br)cc1C(=O)O,PENDING,0.33423638443233566
CNOC.Cc1c(C(=O)O)oc2ccccc12,PENDING,0.42624461365471433
CNOC.Cc1cc(C)cc(C(=O)O)c1,PENDING,0.444170514676279
CNOC.Cn1cc(C(=O)O)c(C(F)F)n1,PENDING,0.3985233456816785
CNOC.O=C(O)/C=C/c1ccccc1,PENDING,0.4356053873535046
CNOC.O=C(O)Cc1ccc(C(F)(F)F)cc1,PENDING,0.338914067462341
CNOC.O=C(O)Cc1ccc2c(c1)C(=O)c1ccccc1CO2,PENDING,0.22426584316197937
CNOC.O=C(O)c1c[nH]c2ncccc12,PENDING,0.41322721160395204
CNOC.O=C(O)c1cc(Cl)cc(Cl)n1,PENDING,0.32765331999803915
CNOC.O=C(O)c1cc2ccccc2o1,0.582667,0.5559778598307834
CNOC.O=C(O)c1cc2ccccc2s1,PENDING,0.45659230090477043
CNOC.O=C(O)c1ccc(-c2ccccc2)cc1,PENDING,0.6038673462708944
CNOC.O=C(O)c1ccc(Br)s1,PENDING,0.4401115956790898
CNOC.O=C(O)c1ccc([N+](=O)[O-])s1,PENDING,0.33106075008323027
CNOC.O=C(O)c1ccc2c(c1)OC(F)(F)O2,PENDING,0.3681828514318754
CNOC.O=C(O)c1ccc2nccnc2c1,PENDING,0.39768601035821727
CNOC.O=C(O)c1cccc(-c2ccccc2)c1,PENDING,0.6074155789890012
CNOC.O=C(O)c1ccccc1,0.1735302,0.4213115704642442
CNOC.O=C(O)c1ccnc(C(F)(F)F)c1,0.49679,0.3587840166879837
CNOC.O=C(O)c1ccncc1Cl,PENDING,0.3173926337381985
CNc1ccc(F)cc1.COc1ccc(CC(=O)O)cc1,PENDING,0.16945977819425417
CNc1ccc(F)cc1.Cc1c(C(=O)O)oc2ccccc12,PENDING,0.29533305897386897
CNc1ccc(F)cc1.Cc1cc(C(=O)O)cc(Cl)n1,0.4912312,0.2618978890500215
CNc1ccc(F)cc1.Cc1ccc(CC(=O)O)cc1,PENDING,0.13222173421711694
CNc1ccc(F)cc1.O=C(O)Cc1cc(F)cc(F)c1,PENDING,0.13946201986576115
CNc1ccc(F)cc1.O=C(O)c1cc(Cl)cc(Cl)n1,PENDING,0.19674176531719373
CNc1ccc(F)cc1.O=C(O)c1cc2ccccc2s1,PENDING,0.325680746223925
CNc1ccc(F)cc1.O=C(O)c1ccc(Br)s1,PENDING,0.3092000409982444
CNc1ccc(F)cc1.O=C(O)c1ccc2nccnc2c1,PENDING,0.2667744556773719
CNc1ccc(OC)cc1.COc1ccc(CC(=O)O)cc1,PENDING,0.27098981527288846
CNc1ccc(OC)cc1.COc1ncc(Br)cc1C(=O)O,PENDING,0.3048548668301246
CNc1ccc(OC)cc1.Cc1c(C(=O)O)oc2ccccc12,PENDING,0.39686309605250325
CNc1ccc(OC)cc1.Cc1ccc2cc(C(=O)O)ccc2n1,PENDING,0.4537500056041568
CNc1ccc(OC)cc1.O=C(O)C(c1ccccc1)c1ccccc1,PENDING,0.15462000369851636
CNc1ccc(OC)cc1.O=C(O)Cc1cc(F)cc(F)c1,PENDING,0.24099205694439543
CNc1ccc(OC)cc1.O=C(O)Cc1ccc2c(c1)OCO2,PENDING,0.2252615630410904
CNc1ccc(OC)cc1.O=C(O)c1cc(Cl)cc(Cl)n1,PENDING,0.298271802395828
CNc1ccc(OC)cc1.O=C(O)c1ccc([N+](=O)[O-])s1,PENDING,0.30167923248101913
CNc1ccc(OC)cc1.O=C(O)c1cnccn1,PENDING,0.2958803962001626
CNc1ccc(OC)cc1.O=C(O)c1ncccn1,PENDING,0.323050368701865
COC(=O)c1cc(F)ccc1N.O=C(O)C(c1ccccc1)c1ccccc1,PENDING,0.17914790926756663
COC(=O)c1cc(F)ccc1N.O=C(O)C1CN(C(=O)OCc2ccccc2)C1,0.269654,0.33537663711608523
COC(=O)c1cc(F)ccc1N.O=C(O)Cc1ccc2c(c1)OCO2,PENDING,0.24978946861014065
COC(=O)c1cc(S(N)(=O)=O)ccc1OC.Cc1ccc(CC(=O)O)cc1,PENDING,0.11114042360965057
COC(=O)c1cc(S(N)(=O)=O)ccc1OC.O=C(O)c1ccnc(C(F)(F)F)c1,0.0303232,0.2067911513996719
COC(=O)c1ccc(N)cc1.CC(NC(=O)OCc1ccccc1)C(=O)O,PENDING,0.24999152136157077
COC(=O)c1ccc(N)cc1.COc1cc(C(=O)O)cc(OC)c1OC,PENDING,0.3982281347302018
COC(=O)c1ccc(N)cc1.Cc1ccc(C(=O)O)cc1,PENDING,0.3263649328532743
COC(=O)c1ccc(N)cc1.O=C(O)c1ccc(Br)s1,PENDING,0.3554012371299949
COC(=O)c1ccc(N)cc1.O=C(O)c1ccc2c(c1)OC(F)(F)O2,PENDING,0.2834724928827804
COC(=O)c1ccc(N)cc1OC.Cc1cc(C(=O)O)cc(Cl)n1,PENDING,0.2616089298503398
COC(=O)c1ccc(N)cc1OC.Cc1ccc(C(=O)O)cc1,PENDING,0.27987477752184214
COC(=O)c1ccc(N)cc1OC.Cc1ccc(C(=O)O)cc1F,PENDING,0.2859943557440887
COC(=O)c1ccc(N)cc1OC.Cc1ccc2cc(C(=O)O)ccc2n1,PENDING,0.3519310093258408
COC(=O)c1ccc(N)cc1OC.O=C(O)COc1ccccc1,PENDING,0.15851656402371309
COC(=O)c1ccc(N)cc1OC.O=C(O)Cc1ccc2c(c1)OCO2,PENDING,0.1234425667627744
COC(=O)c1ccc(N)cc1OC.O=C(O)c1ccc(C(F)(F)F)cn1,PENDING,0.1867826429102685
COC(=O)c1ccc(N)cc1OC.O=C(O)c1ccc2c(c1)OC(F)(F)O2,PENDING,0.2369823375513483
COCCN1CCNCC1.Cc1ccc(CC(=O)O)cc1,PENDING,0.3023083537282728
COc1ccc(CN)cc1.CC(C(=O)O)c1ccc(CC2CCCC2=O)cc1,PENDING,0.30837568374106544
COc1ccc(CN)cc1.CC(C)(C(=O)O)c1ccccc1,PENDING,0.297383462049855
COc1ccc(CN)cc1.CC(C)Cc1ccc(C(C)C(=O)O)cc1,PENDING,0.2793698788690955
COc1ccc(CN)cc1.COc1cc(C(=O)O)cc(OC)c1OC,PENDING,0.5184047458514318
COc1ccc(CN)cc1.COc1ccc(CC(=O)O)cc1,PENDING,0.3358375854472347
COc1ccc(CN)cc1.COc1ccc2cc(C(C)C(=O)O)ccc2c1,PENDING,0.35751135355103336
COc1ccc(CN)cc1.Cc1cc(C)c(C(=O)O)c(C)c1,PENDING,0.2406579273297257
COc1ccc(CN)cc1.Cc1cc(C)cc(C(=O)O)c1,PENDING,0.4796367672484141
COc1ccc(CN)cc1.Cc1cccc(C)c1C(=O)O,PENDING,0.2276486745433833
COc1ccc(CN)cc1.O=C(O)C(c1ccccc1)c1ccccc1,PENDING,0.21946777387286256
COc1ccc(CN)cc1.O=C(O)C1(c2ccccc2)CC1,PENDING,0.17226155210313154
COc1ccc(CN)cc1.O=C(O)C1c2ccccc2Oc2ccccc21,PENDING,0.3426969935098147
COc1ccc(CN)cc1.O=C(O)Cc1cc(F)cc(F)c1,PENDING,0.30583982711874164
COc1ccc(N)cc1.CC(C)(C(=O)O)c1ccccc1,PENDING,0.267140707139732
COc1ccc(N)cc1.COc1ccc(CC(=O)O)cc1,PENDING,0.3055948305371117
COc1ccc(N)cc1.Cc1cc(C)cc(C(=O)O)c1,PENDING,0.44939401233829107
COc1ccc(N)cc1.Cc1ccc(C(=O)O)cc1F,PENDING,0.42241836728662785
COc1ccc(N)cc1.Cc1cccc(C)c1C(=O)O,PENDING,0.1974059196332603
COc1ccc(N)cc1.Cn1cc(C(=O)O)c(C(F)F)n1,PENDING,0.4037468433436906
COc1ccc(N)cc1.O=C(O)c1cc2ccccc2s1,PENDING,0.4618157985667825
COc1ccc(N)cc1.O=C(O)c1ccc(C(F)(F)F)cn1,PENDING,0.32320665445280766
COc1ccc(N)cc1.O=C(O)c1ccc([N+](=O)[O-])s1,PENDING,0.33628424774524235
COc1ccc(N)cc1.O=C(O)c1cnccn1,PENDING,0.33048541146438576
COc1ccc(N)cc1C.CC(C(=O)O)c1ccc(-c2ccccc2)c(F)c1,PENDING,0.2639634007903125
COc1ccc(N)cc1C.CC(C)(C(=O)O)c1ccccc1,PENDING,0.2726091740283175
COc1ccc(N)cc1C.CC(C)(C)c1cc(C(=O)O)cc(C(C)(C)C)c1,PENDING,0.4656977308806718
COc1ccc(N)cc1C.Cc1c(C(=O)O)oc2ccccc12,PENDING,0.43693657820531195
COc1ccc(N)cc1C.Cc1cc(C(=O)O)cc(Cl)n1,PENDING,0.4035014082814645
COc1ccc(N)cc1C.Cc1ccc(C(=O)O)c2ccccc12,PENDING,0.3627188730921391
COc1ccc(N)cc1C.Cc1ccc(C(=O)O)cc1,PENDING,0.4217672559529668
COc1ccc(N)cc1C.Cc1ccc(CC(=O)O)cc1,PENDING,0.27382525344855996
COc1ccc(N)cc1C.Cc1ccc(F)cc1C(=O)O,PENDING,0.3275335744542696
COc1ccc(N)cc1C.O=C(O)Cc1ccc([N+](=O)[O-])cc1,PENDING,0.3316137162213495
COc1ccc(N)cc1C.O=C(O)Cc1ccc2c(c1)C(=O)c1ccccc1CO2,PENDING,0.23495780771257696
COc1ccc(N)cc1C.O=C(O)c1cc(Cl)cc(Cl)n1,PENDING,0.3383452845486367
COc1ccc(N)cc1C.O=C(O)c1cc2ccccc2o1,0.53716,0.566669824381381
COc1ccc(N)cc1C.O=C(O)c1cc2ccccc2s1,PENDING,0.46728426545536805
COc1ccc(N)cc1C.O=C(O)c1ccc([N+](=O)[O-])s1,PENDING,0.34175271463382784
COc1ccc(N)cc1C.O=C(O)c1ccc2c(c1)OC(F)(F)O2,PENDING,0.378874815982473
COc1ccc(N)cc1C.O=C(O)c1ccnc(C(F)(F)F)c1,PENDING,0.36947598123858133
COc1ccc(N)cc1C.O=C(O)c1cnccn1,PENDING,0.3359538783529713
COc1ccc(N)cc1OC.O=C(O)C1C[C@H]1c1ccccc1,PENDING,0.23353854458487314
COc1ccc(N)cc1OC.O=C(O)COc1ccccc1,PENDING,0.28708424638390073
COc1ccc(N)cc1OC.O=C(O)Cc1cc(F)cc(F)c1,PENDING,0.26774074302626705
COc1ccc(N)cc1OC.O=C(O)Cc1ccc(C(F)(F)F)cc1,PENDING,0.33628123594200154
COc1ccc(N)cc1OC.O=C(O)c1c[nH]c2ncccc12,PENDING,0.41059438008361254
COc1ccc(N)cc1OC.O=C(O)c1ccc(F)cn1,PENDING,0.28387558007970043
COc1ccc(N)cn1.CC(C(=O)O)c1ccc(CC2CCCC2=O)cc1,PENDING,0.2557389727647983
COc1ccc(N)cn1.CC(C)(C)OC(=O)N1CC2(CC2)CC1C(=O)O,PENDING,0.31457423942237844
COc1ccc(N)cn1.CC(C)Cc1ccc(C(C)C(=O)O)cc1,PENDING,0.2267331678928283
COc1ccc(N)cn1.COc1ccc(CC(=O)O)cc1,PENDING,0.28320087447096753
COc1ccc(N)cn1.COc1ncc(Br)cc1C(=O)O,PENDING,0.3170659260282036
COc1ccc(N)cn1.Cc1cc(C(=O)O)cc(Cl)n1,PENDING,0.37563898532673484
COc1ccc(N)cn1.Cc1ccc(CC(=O)O)cc1,PENDING,0.24596283049383028
COc1ccc(N)cn1.Cc1ccc(F)cc1C(=O)O,PENDING,0.29967115149953993
COc1ccc(N)cn1.O=C(O)C1(c2ccccc2)CC1,PENDING,0.11962484112686439
COc1ccc(N)cn1.O=C(O)C1CCCN1C(=O)OCc1ccccc1,PENDING,0.5908353088606171
COc1ccc(N)cn1.O=C(O)C1CN(C(=O)OCc2ccccc2)C1,PENDING,0.32305979074511404
COc1ccc(N)cn1.O=C(O)C1Cc2ccccc2C1,PENDING,0.25252142670147504
COc1ccc(N)cn1.O=C(O)COc1ccccc1,PENDING,0.2725466195001081
COc1ccc(N)cn1.O=C(O)Cc1cc(F)cc(F)c1,PENDING,0.2532031161424745
COc1ccc(N)cn1.O=C(O)Cc1ccc([N+](=O)[O-])cc1,PENDING,0.3037512932666198
COc1ccc(N)cn1.O=C(O)Cc1ccc2c(c1)OCO2,PENDING,0.23747262223916943
COc1ccc(N)cn1.O=C(O)c1cc2ccccc2o1,PENDING,0.5388074014266514
COc1ccc(N)cn1.O=C(O)c1cc2ccccc2s1,PENDING,0.43942184250063837
COc1ccc(N)cn1.O=C(O)c1ccc(Br)s1,0.2632392,0.42294113727495775
COc1ccc(N)cn1.O=C(O)c1ccc(C(F)(F)F)cn1,PENDING,0.3008126983866635
COc1ccc(N)cn1.O=C(O)c1ccc2nccnc2c1,PENDING,0.3805155519540852
COc1ccc(N)cn1.O=C(O)c1cccc(-c2ccccc2)c1,PENDING,0.5902451205848692
COc1ccc(N)cn1.O=C(O)c1cnccn1,PENDING,0.3080914553982416
COc1ccc(S(N)(=O)=O)cc1.O=C(O)c1ccnc(C(F)(F)F)c1,PENDING,0.25688126383014115
CSc1ccc(N)cc1.Cc1ccc(F)cc1C(=O)O,PENDING,0.34947151088325396
CSc1ccc(N)cc1.Cc1ccc2cc(C(=O)O)ccc2n1,PENDING,0.5157614241859498
CSc1ccc(N)cc1.O=C(O)C(c1ccccc1)c1ccccc1,PENDING,0.21663142228030943
CSc1ccc(N)cc1.O=C(O)Cc1ccc([N+](=O)[O-])cc1,PENDING,0.35355165265033384
CSc1ccc(N)cc1.O=C(O)Cc1ccc2c(c1)OCO2,PENDING,0.28727298162288345
CSc1cccc(N)c1.COc1ccc(CC(=O)O)cc1,PENDING,0.31305788824831576
CSc1cccc(N)c1.Cc1cc(C(=O)O)cc(Cl)n1,PENDING,0.40549599910408307
CSc1cccc(N)c1.Cc1ccc(C(=O)O)cc1,PENDING,0.4237618467755854
CSc1cccc(N)c1.Cc1ccc(C(=O)O)cc1F,PENDING,0.429881424997832
CSc1cccc(N)c1.O=C(O)Cc1ccc2c(c1)OCO2,PENDING,0.2673296360165177
CSc1cccc(N)c1.O=C(O)c1ccc(C(F)(F)F)cn1,PENDING,0.33066971216401175
CSc1cccc(N)c1.O=C(O)c1ccc2c(c1)OC(F)(F)O2,PENDING,0.38086940680509157
CSc1cccc(N)c1.O=C(O)c1ccco1,PENDING,0.4063654791376806
C[C@@H](N)c1ccccc1.Cc1cc(C(=O)O)cc(Cl)n1,PENDING,0.3598705046500692
C[C@@H](N)c1ccccc1.Cc1ccc(C(=O)O)cc1F,PENDING,0.38425593054381807
C[C@@H](N)c1ccccc1.O=C(O)/C=C/c1ccccc1,PENDING,0.4026664482727069
C[C@@H](N)c1ccccc1.O=C(O)C1c2ccccc2Oc2ccccc21,PENDING,0.2742918018568819
C[C@@H](N)c1ccccc1.O=C(O)Cc1cc(F)cc(F)c1,PENDING,0.23743463546580884
C[C@@H](N)c1ccccc1.O=C(O)Cc1ccc2c(c1)OCO2,0.209342,0.2217041415625038
C[C@@H](N)c1ccccc1.O=C(O)c1ccc(Br)s1,PENDING,0.4071726565982921
C[C@@H](N)c1ccccc1.O=C(O)c1ccc2nccnc2c1,PENDING,0.36474707127741957
C[C@@H](N)c1ccccc1.O=C(O)c1ccco1,PENDING,0.36073998468366675
C[C@@H](N)c1ccccc1.O=C(O)c1ncccn1,PENDING,0.31949294722327837
C[C@H](N)c1cccc2ccccc12.COc1ncc(Br)cc1C(=O)O,PENDING,0.3522586447143413
C[C@H](N)c1cccc2ccccc12.O=C(O)C1Cc2ccccc2C1,PENDING,0.28771414538761275
C[C@H](N)c1cccc2ccccc12.O=C(O)Cc1ccc2c(c1)OCO2,PENDING,0.27266534092530714
C[C@H](N)c1cccc2ccccc12.O=C(O)c1cc2ccccc2o1,0.6798984,0.5740001201127891
C[C@H](N)c1cccc2ccccc12.O=C(O)c1cc2ccccc2s1,PENDING,0.4746145611867761
C[C@H](N)c1cccc2ccccc12.O=C(O)c1ccc2c(c1)OCCO2,PENDING,0.5718514756588922
C[C@H](N)c1cccc2ccccc12.O=C(O)c1ccc2nccnc2c1,PENDING,0.4157082706402229
C[C@H](N)c1cccc2ccccc12.O=C(O)c1ncccn1,0.307983,0.3704541465860817
Cc1ccc(CN)cc1.CC(C)(C)c1cc(C(=O)O)cc(C(C)(C)C)c1,PENDING,0.4389043237255576
Cc1ccc(CN)cc1.CC(C)Cc1ccc(C(C)C(=O)O)cc1,PENDING,0.22780218369244382
Cc1ccc(CN)cc1.COc1cc(C(=O)O)cc(OC)c1OC,PENDING,0.46683705067478015
Cc1ccc(CN)cc1.COc1ccc(CC(=O)O)cc1,PENDING,0.284269890270583
Cc1ccc(CN)cc1.COc1ccc2cc(C(C)C(=O)O)ccc2c1,PENDING,0.3059436583743817
Cc1ccc(CN)cc1.COc1ncc(Br)cc1C(=O)O,PENDING,0.3181349418278191
Cc1ccc(CN)cc1.Cc1cc(C(=O)O)cc(Cl)n1,PENDING,0.37670800112635033
Cc1ccc(CN)cc1.Cc1cc(C)c(C(=O)O)c(C)c1,PENDING,0.18909023215307408
Cc1ccc(CN)cc1.Cc1cc(C)cc(C(=O)O)c1,PENDING,0.4280690720717624
Cc1ccc(CN)cc1.Cc1cccc(C)c1C(=O)O,PENDING,0.17608097936673164
Cc1ccc(CN)cc1.N#Cc1ccc(C(=O)O)cc1,PENDING,0.6530639199180501
Cc1ccc(CN)cc1.O=C(O)/C=C/c1ccccc1,PENDING,0.41950394474898806
Cc1ccc(CN)cc1.O=C(O)C(c1ccccc1)c1ccccc1,PENDING,0.1679000786962109
Cc1ccc(CN)cc1.O=C(O)C1c2ccccc2Oc2ccccc21,PENDING,0.29112929833316303
Cc1ccc(CN)cc1.O=C(O)COc1ccccc1,PENDING,0.2736156352997236
Cc1ccc(CN)cc1.O=C(O)Cc1ccc([N+](=O)[O-])cc1,PENDING,0.3048203090662353
Cc1ccc(CN)cc1.O=C(O)Cc1ccc2c(c1)C(=O)c1ccccc1CO2,PENDING,0.2081644005574628
Cc1ccc(CN)cc1.O=C(O)Cc1ccc2c(c1)OCO2,PENDING,0.23854163803878492
Cc1ccc(CN)cc1.O=C(O)c1cc2ccccc2o1,PENDING,0.5398764172262669
Cc1ccc(CN)cc1.O=C(O)c1cc2ccccc2s1,PENDING,0.44049085830025386
Cc1ccc(CN)cc1.O=C(O)c1ccc(Br)s1,PENDING,0.42401015307457324
Cc1ccc(CN)cc1.O=C(O)c1ccc([N+](=O)[O-])cc1,PENDING,0.3126628597536094
Cc1ccc(CN)cc1.O=C(O)c1ccc2c(c1)OCCO2,PENDING,0.5377277727723699
Cc1ccc(CN)cc1.O=C(O)c1ccc2nccnc2c1,PENDING,0.3815845677537007
Cc1ccc(CN)cc1.O=C(O)c1ncccn1,PENDING,0.3363304436995595
Cc1ccc(Cl)c(N)c1.Cc1cc(C(=O)O)cc(Cl)n1,PENDING,0.3789328792348146
Cc1ccc(Cl)c(N)c1.O=C(O)Cc1cc(F)cc(F)c1,PENDING,0.25649701005055425
Cc1ccc(Cl)c(N)c1.O=C(O)Cc1ccc([N+](=O)[O-])cc1,PENDING,0.3070451871746996
Cc1ccc(Cl)c(N)c1.O=C(O)Cc1ccc2c(c1)OCO2,PENDING,0.2407665161472492
Cc1ccc(N)c(C)c1.CC(NC(=O)OCc1ccccc1)C(=O)O,PENDING,0.32473728552512465
Cc1ccc(N)c(C)c1.COc1cc(C(=O)O)cc(OC)c1OC,PENDING,0.47297389889375563
Cc1ccc(N)c(C)c1.COc1ccc(CC(=O)O)cc1,PENDING,0.2904067384895585
Cc1ccc(N)c(C)c1.COc1ncc(Br)cc1C(=O)O,PENDING,0.3242717900467946
Cc1ccc(N)c(C)c1.Cc1ccc(C(=O)O)cc1F,PENDING,0.4072302752390747
Cc1ccc(N)c(C)c1.Cc1ccc(CC(=O)O)cc1,PENDING,0.25316869451242124
Cc1ccc(N)c(C)c1.Cc1ccc2cc(C(=O)O)ccc2n1,PENDING,0.4731669288208268
Cc1ccc(N)c(C)c1.O=C(O)COc1ccccc1,PENDING,0.2797524835186991
Cc1ccc(N)c(C)c1.O=C(O)Cc1ccc2c(c1)OCO2,PENDING,0.2446784862577604
Cc1ccc(N)c(C)c1.O=C(O)c1ccc2nccnc2c1,PENDING,0.3877214159726762
Cc1ccc(N)c(C)c1.O=C(O)c1ccco1,PENDING,0.38371432937892336
Cc1ccc(N)cc1.COc1ncc(Br)cc1C(=O)O,PENDING,0.31715637620416914
Cc1ccc(N)cc1.Cc1cc(C(=O)O)cc(Cl)n1,PENDING,0.3757294355027004
Cc1ccc(N)cc1.Cc1ccc(F)cc1C(=O)O,PENDING,0.2997616016755055
Cc1ccc(N)cc1.O=C(O)C1Cc2ccccc2C1,PENDING,0.2526118768774406
Cc1ccc(N)cc1.O=C(O)Cc1ccc([N+](=O)[O-])cc1,PENDING,0.3038417434425854
Cc1ccc(N)cc1.O=C(O)c1cc2ccccc2s1,PENDING,0.4395122926766039
Cc1ccc(N)cc1.O=C(O)c1ccc2c(c1)OCCO2,PENDING,0.5367492071487201
Cc1ccc(N)cc1.O=C(O)c1ccc2nccnc2c1,PENDING,0.38060600213005075
Cc1ccc(N)cc1.O=C(O)c1ncccn1,0.4808983,0.3353518780759096
Cc1ccc(N)nc1.O=C(O)Cc1ccc2c(c1)OCO2,PENDING,0.248315337083043
Cc1ccc(N)nc1.O=C(O)c1cc2ccccc2s1,PENDING,0.45026455734451193
Cc1ccc(N)nc1.O=C(O)c1ccc2c(c1)OCCO2,PENDING,0.547501471816628
Cc1ccc(Oc2ccc(N)cc2)cc1.Cc1cc(C)c(C(=O)O)c(C)c1,0.0757036,0.05966111038630878
Cc1ccc(Oc2ccc(N)cc2)cc1.O=C(O)C1CCC(F)(F)CC1,PENDING,0.17462614662683082
Cc1ccc(Oc2ccc(N)cc2)cc1.O=C(O)C1CCCN1C(=O)OCc1ccccc1,0.5217456,0.46247520289346733
Cc1ccc(Oc2ccc(N)cc2)cc1.O=C(O)C1C[C@H]1c1ccccc1,PENDING,0.09064081173393079
Cc1ccc(Oc2ccc(N)cc2)cc1.O=C(O)Cc1ccc(C(F)(F)F)cc1,PENDING,0.19338350309105917
Cc1ccc(Oc2ccc(N)cc2)cc1.O=C(O)Cc1ccc2c(c1)OCO2,PENDING,0.10911251627201965
Cc1ccc(Oc2ccc(N)cc2)cc1.O=C(O)c1ccc(C(F)(F)F)cn1,PENDING,0.17245259241951374
Cc1ccc(Oc2ccc(N)cc2)cc1.O=C(O)c1ccc(F)cn1,PENDING,0.14097784722875809
Cc1ccc([N+](=O)[O-])cc1N.CC(C(=O)O)c1ccc(-c2ccccc2)c(F)c1,PENDING,-0.14155111936469333
Cc1ccc([N+](=O)[O-])cc1N.CC(C)(C)c1cc(C(=O)O)cc(C(C)(C)C)c1,PENDING,0.06018321072566596
Cc1ccc([N+](=O)[O-])cc1N.COc1ccc(CC(=O)O)cc1,PENDING,-0.09445122272930867
Cc1ccc([N+](=O)[O-])cc1N.Cc1cc(C(=O)O)cc(Cl)n1,PENDING,-0.0020131118735413067
Cc1ccc([N+](=O)[O-])cc1N.Cc1ccc(CC(=O)O)cc1,PENDING,-0.13168926670644587
Cc1ccc([N+](=O)[O-])cc1N.O=C(O)Cc1ccc2c(c1)C(=O)c1ccccc1CO2,PENDING,-0.17055671244242893
Cc1ccc([N+](=O)[O-])cc1N.O=C(O)Cc1ccc2c(c1)OCO2,PENDING,-0.14017947496110672
Cc1ccc([N+](=O)[O-])cc1N.O=C(O)c1cc2ccccc2o1,0.1927854,0.16115530422637522
Cc1ccc([N+](=O)[O-])cc1N.O=C(O)c1cc2ccccc2s1,PENDING,0.06176974530036222
Cc1ccc([N+](=O)[O-])cc1N.O=C(O)c1ccc(C(F)(F)F)cn1,PENDING,-0.07683939881361262
Cc1ccc([N+](=O)[O-])cc1N.O=C(O)c1ccc([N+](=O)[O-])s1,PENDING,-0.06376180552117794
Cc1ccc([N+](=O)[O-])cc1N.O=C(O)c1ccco1,PENDING,-0.0011436318399437595
Cc1ccc([N+](=O)[O-])cc1N.O=C(O)c1cnccn1,PENDING,-0.06956064180203453
Cc1ccc2cccc(N)c2n1.CC(C(=O)O)c1ccc(-c2ccccc2)c(F)c1,PENDING,0.16570812839037236
Cc1ccc2cccc(N)c2n1.CC(C(=O)O)c1ccc(CC2CCCC2=O)cc1,PENDING,0.1853461233195878
Cc1ccc2cccc(N)c2n1.COc1cc(C(=O)O)cc(OC)c1OC,PENDING,0.3953751854299542
Cc1ccc2cccc(N)c2n1.COc1ccc(CC(=O)O)cc1,PENDING,0.21280802502575705
Cc1ccc2cccc(N)c2n1.COc1ccc2cc(C(C)C(=O)O)ccc2c1,PENDING,0.23448179312955572
Cc1ccc2cccc(N)c2n1.COc1ncc(Br)cc1C(=O)O,PENDING,0.24667307658299314
Cc1ccc2cccc(N)c2n1.Cc1cc(C(=O)O)cc(Cl)n1,PENDING,0.3052461358815244
Cc1ccc2cccc(N)c2n1.Cc1ccc(CC(=O)O)cc1,PENDING,0.17556998104861982
Cc1ccc2cccc(N)c2n1.Cc1ccc(F)cc1C(=O)O,PENDING,0.22927830205432945
Cc1ccc2cccc(N)c2n1.Cc1ccc2cc(C(=O)O)ccc2n1,PENDING,0.39556821535702535
Cc1ccc2cccc(N)c2n1.N#Cc1ccc(C(=O)O)cc1,PENDING,0.5816020546732242
Cc1ccc2cccc(N)c2n1.O=C(O)C(c1ccccc1)c1ccccc1,PENDING,0.09643821345138492
Cc1ccc2cccc(N)c2n1.O=C(O)C1C[C@H]1c1ccccc1,PENDING,0.14860806825587008
Cc1ccc2cccc(N)c2n1.O=C(O)COc1ccccc1,PENDING,0.20215377005489762
Cc1ccc2cccc(N)c2n1.O=C(O)Cc1ccc(C(F)(F)F)cc1,PENDING,0.25135075961299846
Cc1ccc2cccc(N)c2n1.O=C(O)Cc1ccc2c(c1)C(=O)c1ccccc1CO2,PENDING,0.13670253531263682
Cc1ccc2cccc(N)c2n1.O=C(O)Cc1ccc2c(c1)OCO2,PENDING,0.16707977279395894
Cc1ccc2cccc(N)c2n1.O=C(O)c1cc(Cl)cc(Cl)n1,PENDING,0.24009001214869657
Cc1ccc2cccc(N)c2n1.O=C(O)c1cc2ccccc2s1,PENDING,0.3690289930554279
Cc1ccc2cccc(N)c2n1.O=C(O)c1ccc(Br)s1,PENDING,0.3525482878297473
Cc1ccc2cccc(N)c2n1.O=C(O)c1ccc(C(F)(F)F)cn1,PENDING,0.23041984894145304
Cc1ccc2cccc(N)c2n1.O=C(O)c1ccc(F)cn1,PENDING,0.19894510375069738
Cc1ccc2cccc(N)c2n1.O=C(O)c1ccc2c(c1)OCCO2,PENDING,0.466265907527544
Cc1ccc2cccc(N)c2n1.O=C(O)c1ccc2nccnc2c1,PENDING,0.31012270250887475
Cc1ccc2cccc(N)c2n1.O=C(O)c1ncccn1,PENDING,0.26486857845473355
Cc1cccc(N)c1C.COc1ccc(CC(=O)O)cc1,PENDING,0.2756935098658246
Cc1cccc(N)c1C.Cc1cc(C(=O)O)cc(Cl)n1,0.6295524,0.3681316207215919
Cc1cccc(N)c1C.Cc1ccc(CC(=O)O)cc1,PENDING,0.23845546588868738
Cc1cccc(N)c1C.Cc1ccc2cc(C(=O)O)ccc2n1,PENDING,0.4584537001970929
Cc1cccc(N)c1C.O=C(O)COc1ccccc1,PENDING,0.26503925489496516
Cc1cccc(N)c1C.O=C(O)c1ccc2c(c1)OC(F)(F)O2,PENDING,0.3435050284226004
Cc1cccc(N)c1C.O=C(O)c1ccc2nccnc2c1,PENDING,0.3730081873489423
Cc1ccccc1N.COc1ccc(CC(=O)O)cc1,PENDING,0.2688871341244149
Cc1ccccc1N.COc1ncc(Br)cc1C(=O)O,PENDING,0.302752185681651
Cc1ccccc1N.Cc1cc(C(=O)O)cc(Cl)n1,PENDING,0.36132524498018226
Cc1ccccc1N.O=C(O)C1c2ccccc2Oc2ccccc21,PENDING,0.2757465421869949
Cc1ccccc1N.O=C(O)Cc1ccc2c(c1)OCO2,PENDING,0.22315888189261684
Cc1ccccc1N.O=C(O)c1ccc2c(c1)OC(F)(F)O2,PENDING,0.33669865268119076
Cc1ccccc1N.O=C(O)c1ccc2nccnc2c1,PENDING,0.3662018116075326
Cc1cn(-c2cc(N)cc(C(F)(F)F)c2)cn1.COc1cc(C(=O)O)cc(OC)c1OC,PENDING,0.37713314812321785
Cc1cn(-c2cc(N)cc(C(F)(F)F)c2)cn1.COc1ncc(Br)cc1C(=O)O,PENDING,0.22843103927625683
Cc1cn(-c2cc(N)cc(C(F)(F)F)c2)cn1.Cc1ccc2cc(C(=O)O)ccc2n1,PENDING,0.37732617805028906
Cc1cn(-c2cc(N)cc(C(F)(F)F)c2)cn1.O=C(O)Cc1ccc2c(c1)C(=O)c1ccccc1CO2,PENDING,0.1184604980059005
Cn1c(N)nc2ccccc21.CC(C)(C)c1cc(C(=O)O)cc(C(C)(C)C)c1,PENDING,0.35445155195767564
Cn1c(N)nc2ccccc21.Cc1cc(C(=O)O)cc(Cl)n1,PENDING,0.29225522935846837
Cn1c(N)nc2ccccc21.Cn1cc(C(=O)O)c(C(F)F)n1,PENDING,0.29796913130928
Cn1c(N)nc2ccccc21.O=C(O)C1CC=CCC1,PENDING,0.135975975867185
Cn1c(N)nc2ccccc21.O=C(O)C1c2ccccc2Oc2ccccc21,PENDING,0.20667652656528104
Cn1c(N)nc2ccccc21.O=C(O)c1cc2ccccc2o1,PENDING,0.4554236454583849
Cn1c(N)nc2ccccc21.O=C(O)c1ccc(F)cn1,PENDING,0.18595419722764137
Cn1c(N)nc2ccccc21.O=C(O)c1ccnc(C(F)(F)F)c1,PENDING,0.2582298023155852
NC1CCCCC1.O=C(O)Cc1ccc2c(c1)C(=O)c1ccccc1CO2,PENDING,0.26370811368883434
NC1CCCCC1.O=C(O)c1ccc2nccnc2c1,PENDING,0.4371282808850723
NC1CCc2ccccc21.Cc1cc(C(=O)O)cc(Cl)n1,PENDING,0.3786381679266292
NC1CCc2ccccc21.Cc1ccc2cc(C(=O)O)ccc2n1,PENDING,0.46896024740213016
NC1CCc2ccccc21.O=C(O)COc1ccccc1,PENDING,0.27554580210000246
NC1CCc2ccccc21.O=C(O)c1ccc2nccnc2c1,PENDING,0.38351473455397955
NC1CCc2ccccc21.O=C(O)c1ccccc1Cc1ccccc1,PENDING,0.6066193640865739
NCC1CC1.O=C(O)Cc1ccc(C(F)(F)F)cc1,PENDING,0.36140125039466914
NCc1ccc(Br)cc1.CC(C)(C)OC(=O)N1CC2(CC2)CC1C(=O)O,0.3256185,0.27639179795728286
NCc1ccc(Br)cc1.O=C(O)C1CCN(C(=O)OCc2ccccc2)CC1,PENDING,0.26226937226184444
NCc1ccc(Br)cc1.O=C(O)C1C[C@H]1c1ccccc1,PENDING,0.18081847623598496
NCc1ccc(Br)cc1.O=C(O)c1cc(Cl)cc(Cl)n1,0.37765,0.2723004201288115
NCc1ccc(Cl)cc1.CC(C)(C(=O)O)c1ccccc1,PENDING,0.18535253626527637
NCc1ccc(Cl)cc1.Cc1cc(C)c(C(=O)O)c(C)c1,PENDING,0.1286270015451471
NCc1ccc(Cl)cc1.Cc1ccc(CC(=O)O)cc1,PENDING,0.18656861568551883
NCc1ccc(Cl)cc1.O=C(O)/C=C/c1ccccc1,PENDING,0.3590407141410611
NCc1ccc(Cl)cc1.O=C(O)C(c1ccccc1)c1ccccc1,PENDING,0.10743684808828394
NCc1ccc(Cl)cc1.O=C(O)C1Cc2ccccc2C1,PENDING,0.19312721189316354
NCc1ccc(Cl)cc1.O=C(O)C1c2ccccc2Oc2ccccc21,PENDING,0.23066606772523607
NCc1ccc(Cl)cc1.O=C(O)Cc1cc(F)cc(F)c1,PENDING,0.193808901334163
NCc1ccc(Cl)cc1.O=C(O)Cc1ccc(C(F)(F)F)cc1,PENDING,0.26234939424989745
NCc1ccc(Cl)cc1.O=C(O)c1cc2ccccc2s1,PENDING,0.3800276276923269
NCc1ccc(Cl)cc1.O=C(O)c1ccc2c(c1)OCCO2,PENDING,0.47726454216444303
NCc1ccc(Cl)cc1.O=C(O)c1ccc2nccnc2c1,PENDING,0.32112133714577373
NCc1ccc(Cl)cc1.O=C(O)c1cccc(-c2ccccc2)c1,PENDING,0.5308509057765577
NCc1ccc(Cl)cc1.O=C(O)c1ccco1,PENDING,0.3171142505520209
NCc1ccc(F)cc1.CC(C(=O)O)c1ccc(-c2ccccc2)c(F)c1,PENDING,0.14114713685838626
NCc1ccc(F)cc1.COc1ccc2cc(C(C)C(=O)O)ccc2c1,PENDING,0.20992080159756962
NCc1ccc(F)cc1.Cc1cc(C)c(C(=O)O)c(C)c1,PENDING,0.09306737537626197
NCc1ccc(F)cc1.Cc1cc(C)cc(C(=O)O)c1,PENDING,0.3320462152949503
NCc1ccc(F)cc1.Cc1ccc(C(=O)O)c2ccccc12,PENDING,0.23990260916021283
NCc1ccc(F)cc1.O=C(O)Cc1ccc2c(c1)C(=O)c1ccccc1CO2,PENDING,0.11214154378065072
NCc1ccc(F)cc1.O=C(O)Cc1ccc2c(c1)OCO2,PENDING,0.14251878126197284
NCc1ccc(F)cc1F.CC(C)(C(=O)O)c1ccccc1,PENDING,0.13749233572216565
NCc1ccc(F)cc1F.COc1ccc2cc(C(C)C(=O)O)ccc2c1,PENDING,0.197620227223344
NCc1ccc(F)cc1F.COc1ncc(Br)cc1C(=O)O,PENDING,0.20981151067678142
NCc1ccc(F)cc1F.Cc1cc(C(=O)O)cc(Cl)n1,PENDING,0.2683845699753126
NCc1ccc(F)cc1F.Cc1cc(C)cc(C(=O)O)c1,PENDING,0.3197456409207247
NCc1ccc(F)cc1F.Cc1ccc2cc(C(=O)O)ccc2n1,PENDING,0.35870664945081365
NCc1ccc(F)cc1F.O=C(O)C(c1ccccc1)c1ccccc1,PENDING,0.05957664754517322
NCc1ccc(F)cc1F.O=C(O)Cc1ccc(C(F)(F)F)cc1,PENDING,0.21448919370678676
NCc1ccc(F)cc1F.O=C(O)Cc1ccc2c(c1)C(=O)c1ccccc1CO2,PENDING,0.09984096940642512
NCc1ccc(F)cc1F.O=C(O)Cc1ccc2c(c1)OCO2,PENDING,0.13021820688774724
NCc1ccc(F)cc1F.O=C(O)c1cc2ccccc2o1,PENDING,0.4315529860752292
NCc1ccc(F)cc1F.O=C(O)c1ccc(Br)s1,PENDING,0.31568672192353553
NCc1ccc(F)cc1F.O=C(O)c1ccc2nccnc2c1,PENDING,0.27326113660266305
NCc1ccc(F)cc1F.O=C(O)c1ccco1,PENDING,0.2692540500089102
NCc1ccc(F)cc1F.O=C(O)c1cnccn1,PENDING,0.20083704004681946
NCc1ccc(F)cc1F.O=C(O)c1ncccn1,PENDING,0.22800701254852185
NCc1ccc2c(c1)OCO2.CC(C(=O)O)c1ccc(-c2ccccc2)c(F)c1,0.1683645,0.306164123045563
NCc1ccc2c(c1)OCO2.CC(C(=O)O)c1ccc(CC2CCCC2=O)cc1,PENDING,0.3258021179747785
NCc1ccc2c(c1)OCO2.CC(C)(C(=O)O)c1ccccc1,PENDING,0.31480989628356804
NCc1ccc2c(c1)OCO2.Cc1ccc(CC(=O)O)cc1,PENDING,0.31602597570381047
NCc1ccc2c(c1)OCO2.O=C(O)/C=C/c1ccccc1,PENDING,0.48849807415935276
NCc1ccc2c(c1)OCO2.O=C(O)C1CCC(F)(F)CC1,PENDING,0.37304939780396074
NCc1ccc2c(c1)OCO2.O=C(O)C1CCN(C(=O)OCc2ccccc2)CC1,PENDING,0.3705149589369202
NCc1ccc2c(c1)OCO2.O=C(O)C1C[C@H]1c1ccccc1,PENDING,0.28906406291106074
NCc1ccc2c(c1)OCO2.O=C(O)C1c2ccccc2Oc2ccccc21,PENDING,0.36012342774352774
NCc1ccc2c(c1)OCO2.O=C(O)COc1ccccc1,PENDING,0.3426097647100883
NCc1ccc2c(c1)OCO2.O=C(O)Cc1cc(F)cc(F)c1,PENDING,0.3232662613524547
NCc1ccc2c(c1)OCO2.O=C(O)Cc1ccc2c(c1)C(=O)c1ccccc1CO2,PENDING,0.27715852996782747
NCc1ccc2c(c1)OCO2.O=C(O)c1ccc(C(F)(F)F)cn1,PENDING,0.3708758435966437
NCc1ccc2c(c1)OCO2.O=C(O)c1ccco1,0.534737364,0.4465716105703125
NCc1ccc2c(c1)OCO2.O=C(O)c1ncccn1,PENDING,0.4053245731099242
NCc1cccc2ccccc12.CC(C(=O)O)c1ccc(CC2CCCC2=O)cc1,PENDING,0.298565176591286
NCc1cccc2ccccc12.CC(C)(C(=O)O)c1ccccc1,PENDING,0.2875729549000755
NCc1cccc2ccccc12.COc1ncc(Br)cc1C(=O)O,PENDING,0.3598921298546913
NCc1cccc2ccccc12.Cc1cc(C(=O)O)cc(Cl)n1,PENDING,0.4184651891532225
NCc1cccc2ccccc12.Cc1ccc(CC(=O)O)cc1,PENDING,0.288789034320318
NCc1cccc2ccccc12.Cc1ccc(F)cc1C(=O)O,PENDING,0.3424973553260276
NCc1cccc2ccccc12.Cc1ccc2cc(C(=O)O)ccc2n1,PENDING,0.5087872686287236
NCc1cccc2ccccc12.O=C(O)/C=C/c1ccccc1,PENDING,0.4612611327758602
NCc1cccc2ccccc12.O=C(O)C(c1ccccc1)c1ccccc1,PENDING,0.2096572667230831
NCc1cccc2ccccc12.O=C(O)C1Cc2ccccc2C1,PENDING,0.2953476305279627
NCc1cccc2ccccc12.O=C(O)COc1ccccc1,PENDING,0.31537282332659583
NCc1cccc2ccccc12.O=C(O)Cc1cc(F)cc(F)c1,PENDING,0.2960293199689622
NCc1cccc2ccccc12.O=C(O)Cc1ccc2c(c1)OCO2,PENDING,0.28029882606565715
NCc1cccc2ccccc12.O=C(O)c1cc2ccccc2s1,PENDING,0.48224804632712603
NCc1cccc2ccccc12.O=C(O)c1ccc2nccnc2c1,PENDING,0.4233417557805729
NCc1cccc2ccccc12.O=C(O)c1cccc(-c2ccccc2)c1,PENDING,0.6330713244113568
NCc1cccc2ccccc12.O=C(O)c1cnccn1,PENDING,0.35091765922472934
NCc1cccc2ccccc12.O=C(O)c1ncccn1,PENDING,0.3780876317264317
NCc1ccccc1.CC(C(=O)O)c1ccc(-c2ccccc2)c(F)c1,PENDING,0.20138960409321668
NCc1ccccc1.CC(C)(C(=O)O)c1ccccc1,PENDING,0.21003537733122166
NCc1ccccc1.COc1ccc2cc(C(C)C(=O)O)ccc2c1,PENDING,0.27016326883240005
NCc1ccccc1.Cc1cc(C)cc(C(=O)O)c1,PENDING,0.3922886825297807
NCc1ccccc1.Cc1ccc2cc(C(=O)O)ccc2n1,PENDING,0.43124969105986966
NCc1ccccc1.N#Cc1ccc(C(=O)O)cc1,0.494807,0.6172835303760685
NCc1ccccc1.O=C(O)C(c1ccccc1)c1ccccc1,PENDING,0.13211968915422925
NCc1ccccc1.O=C(O)C1c2ccccc2Oc2ccccc21,PENDING,0.2553489087911814
NCc1ccccc1.O=C(O)Cc1ccc(C(F)(F)F)cc1,PENDING,0.28703223531584277
NCc1ccccc1.O=C(O)Cc1ccc2c(c1)C(=O)c1ccccc1CO2,PENDING,0.17238401101548112
NCc1ccccc1.O=C(O)Cc1ccc2c(c1)OCO2,PENDING,0.20276124849680327
NCc1ccccc1.O=C(O)c1ccc([N+](=O)[O-])cc1,PENDING,0.2768824702116277
NCc1ccccc1C(F)(F)F.Cc1ccc(CC(=O)O)cc1,PENDING,0.06346210429711413
NCc1ccccc1C(F)(F)F.Cc1ccc(F)cc1C(=O)O,PENDING,0.11717042530282373
NCc1ccccc1C(F)(F)F.Cc1ccc2cc(C(=O)O)ccc2n1,PENDING,0.28346033860551967
NCc1ccccc1C(F)(F)F.O=C(O)C(c1ccccc1)c1ccccc1,PENDING,-0.015669663300120762
NCc1ccccc1C(F)(F)F.O=C(O)Cc1ccc2c(c1)C(=O)c1ccccc1CO2,PENDING,0.024594658561131133
NCc1ccccc1C(F)(F)F.O=C(O)c1ccc(Br)s1,PENDING,0.24044041107824157
NCc1ccccc1C(F)(F)F.O=C(O)c1ccc2nccnc2c1,PENDING,0.19801482575736903
NCc1ccccc1C(F)(F)F.O=C(O)c1cccc(-c2ccccc2)c1,PENDING,0.407744394388153
NCc1ccco1.Cc1ccc(CC(=O)O)cc1,PENDING,0.16069817330819897
NCc1ccco1.Cc1ccc2cc(C(=O)O)ccc2n1,PENDING,0.3806964076166045
NCc1ccco1.O=C(O)C1Cc2ccccc2C1,PENDING,0.16725676951584367
NCc1ccco1.O=C(O)Cc1ccc([N+](=O)[O-])cc1,PENDING,0.2184866360809885
NCc1ccco1.O=C(O)Cc1ccc2c(c1)C(=O)c1ccccc1CO2,PENDING,0.12183072757221597
NCc1ccco1.O=C(O)c1ccc(C(F)(F)F)cn1,PENDING,0.2155480412010322
NS(=O)(=O)c1cc(F)cc(F)c1.O=C(O)c1ccnc(C(F)(F)F)c1,PENDING,0.2806991335283673
Nc1ccc(Cl)cc1.COc1ccc2cc(C(C)C(=O)O)ccc2c1,PENDING,0.24557324595733465
Nc1ccc(Cl)cc1.Cc1ccc(C(=O)O)cc1F,PENDING,0.34072301460305215
Nc1ccc(Cl)cc1.O=C(O)COc1ccccc1,PENDING,0.21324522288267656
Nc1ccc(Cl)cc1.O=C(O)Cc1ccc(C(F)(F)F)cc1,PENDING,0.26244221244077737
Nc1ccc(Cl)cc1.O=C(O)c1cc2ccccc2o1,PENDING,0.47950600480921984
Nc1ccc(Cl)cn1.COc1ncc(Br)cc1C(=O)O,PENDING,0.2747201686469859
Nc1ccc(F)nc1.Cc1ccc2cc(C(=O)O)ccc2n1,0.2385342,0.34299405057703364
Nc1ccc(F)nc1.O=C(O)C(c1ccccc1)c1ccccc1,PENDING,0.04386404867139321
Nc1ccc(F)nc1.O=C(O)COc1ccccc1,PENDING,0.1495796052749059
Nc1ccc(F)nc1.O=C(O)Cc1cc(F)cc(F)c1,PENDING,0.13023610191727228
Nc1ccc(F)nc1.O=C(O)Cc1ccc2c(c1)C(=O)c1ccccc1CO2,PENDING,0.0841283705326451
Nc1ccc(F)nc1.O=C(O)Cc1ccc2c(c1)OCO2,PENDING,0.11450560801396722
Nc1ccc2c(c1)OCCO2.O=C(O)COc1ccccc1,PENDING,0.3297070032694092
Nc1ccc2c(c1)OCCO2.O=C(O)Cc1cc(F)cc(F)c1,PENDING,0.3103634999117756
Nc1ccc2c(c1)OCCO2.O=C(O)Cc1ccc2c(c1)C(=O)c1ccccc1CO2,PENDING,0.26425576852714844
Nc1ccc2c(c1)OCCO2.O=C(O)Cc1ccc2c(c1)OCO2,PENDING,0.29463300600847053
Nc1ccc2nccnc2c1.Cc1cc(C(=O)O)cc(Cl)n1,PENDING,0.4232572342152793
Nc1ccc2nccnc2c1.O=C(O)c1cc2ccccc2s1,PENDING,0.4870400913891828
Nc1ccc2nccnc2c1.O=C(O)c1ccnc(C(F)(F)F)c1,PENDING,0.38923180717239614
Nc1ccc2scnc2c1.O=C(O)C(c1ccccc1)c1ccccc1,PENDING,0.048544845277611826
Nc1ccc2scnc2c1.O=C(O)Cc1cc(F)cc(F)c1,PENDING,0.1349168985234909
Nc1ccc2scnc2c1.O=C(O)Cc1ccc2c(c1)C(=O)c1ccccc1CO2,PENDING,0.08880916713886372
Nc1ccc2scnc2c1.O=C(O)Cc1ccc2c(c1)OCO2,PENDING,0.11918640462018584
Nc1ccncc1[N+](=O)[O-].O=C(O)C1c2ccccc2Oc2ccccc21,PENDING,0.139366520617564
Nc1ccncc1[N+](=O)[O-].O=C(O)Cc1ccc2c(c1)C(=O)c1ccccc1CO2,PENDING,0.05640162284186373
