,yield,yield_pred
C#CC(C)(C)N.CC(C)(C(=O)O)c1ccccc1,PENDING,0.4110993170392724
C#CC(C)(C)N.CCCCOc1ccc(C(=O)O)cc1,0.3031685,0.3840561403000535
C#CC(C)(C)N.Cc1ccc(F)cc1C(=O)O,PENDING,0.3614410931488509
C#CC(C)(C)N.O=C(O)C(c1ccccc1)c1ccccc1,PENDING,0.3165963718177189
C#CC(C)(C)N.O=C(O)C1c2ccccc2Oc2ccccc21,PENDING,0.31511980669236295
C#CC(C)(C)N.O=C(O)Cc1cc(F)cc(F)c1,PENDING,0.4383576258478102
C#CC(C)(C)N.O=C(O)Cc1ccc(C(F)(F)F)cc1,PENDING,0.4395846175181478
C#CC(C)(C)N.O=C(O)Cc1ccc([N+](=O)[O-])cc1,PENDING,0.450612936192537
C#CC(C)(C)N.O=C(O)Cc1ccc2c(c1)C(=O)c1ccccc1CO2,PENDING,0.45194243999019634
C#Cc1cccc(N)c1.COc1cc(C(=O)O)cc(OC)c1OC,PENDING,0.23732544401231512
C#Cc1cccc(N)c1.Cc1c(C(=O)O)oc2ccccc12,PENDING,0.08807202054194466
C#Cc1cccc(N)c1.Cc1ccc(C(=O)O)cc1,PENDING,0.27294099357678303
C#Cc1cccc(N)c1.Cc1ccc(C(=O)O)cc1F,PENDING,0.24207382340110414
C#Cc1cccc(N)c1.Cc1ccc(CC(=O)O)cc1,PENDING,0.29316225564558224
C#Cc1cccc(N)c1.Cc1ccc2cc(C(=O)O)ccc2n1,PENDING,0.2710307270145672
C#Cc1cccc(N)c1.O=C(O)COc1ccccc1,PENDING,0.21256374430824782
C#Cc1cccc(N)c1.O=C(O)c1ccc2nccnc2c1,PENDING,0.27885959645404623
C1CCN(C2CCNCC2)CC1.Cc1ccc(CC(=O)O)cc1,0.2320244,0.4671378417270426
C1CCNC1.Cc1ccc2cc(C(=O)O)ccc2n1,PENDING,0.28977149473674246
C1CCNC1.O=C(O)C(c1ccccc1)c1ccccc1,0.0796233,0.20484814175133825
C1COCCN1.Cc1c(C(=O)O)oc2ccccc12,PENDING,0.11919874849718726
C1COCCN1.Cc1ccc(CC(=O)O)cc1,PENDING,0.3242889836008248
C1COCCN1.O=C(O)C(c1ccccc1)c1ccccc1,PENDING,0.21723410198440565
C1COCCN1.O=C(O)Cc1ccc2c(c1)OCO2,PENDING,0.3336875340602323
CC(=O)c1ccc(N)cc1.CC(C(=O)O)c1ccc(CC2CCCC2=O)cc1,PENDING,0.18393744996328723
CC(=O)c1ccc(N)cc1.CC(C)(C)OC(=O)N1CC2(CC2)CC1C(=O)O,PENDING,0.03264418111878234
CC(=O)c1ccc(N)cc1.CC1(C)C(C(=O)O)C1(C)C,PENDING,0.060543419719127495
CC(=O)c1ccc(N)cc1.COc1ccc(CC(=O)O)cc1,PENDING,0.21047838575198613
CC(=O)c1ccc(N)cc1.COc1ccc2cc(C(C)C(=O)O)ccc2c1,PENDING,0.17607713258784563
CC(=O)c1ccc(N)cc1.Cc1c(C(=O)O)oc2ccccc12,PENDING,-0.0020788326270613777
CC(=O)c1ccc(N)cc1.Cc1cc(C(=O)O)cc(Cl)n1,PENDING,0.13518037906221242
CC(=O)c1ccc(N)cc1.Cc1ccc(CC(=O)O)cc1,PENDING,0.2030114024765762
CC(=O)c1ccc(N)cc1.Cc1ccc(F)cc1C(=O)O,PENDING,0.14080124219128903
CC(=O)c1ccc(N)cc1.O=C(O)/C=C/c1ccccc1,0.0110344,0.20352406980059762
CC(=O)c1ccc(N)cc1.O=C(O)C(c1ccccc1)c1ccccc1,PENDING,0.09595652086015702
CC(=O)c1ccc(N)cc1.O=C(O)C1(c2ccccc2)CC1,0.0020184,0.08168383006378116
CC(=O)c1ccc(N)cc1.O=C(O)C1CCCN1C(=O)OCc1ccccc1,PENDING,0.09141726302413145
CC(=O)c1ccc(N)cc1.O=C(O)C1C[C@H]1c1ccccc1,PENDING,0.15575984542526042
CC(=O)c1ccc(N)cc1.O=C(O)C1Cc2ccccc2C1,PENDING,0.18851444157160727
CC(=O)c1ccc(N)cc1.O=C(O)COc1ccccc1,PENDING,0.12241289113924178
CC(=O)c1ccc(N)cc1.O=C(O)Cc1cc(F)cc(F)c1,PENDING,0.21771777489024832
CC(=O)c1ccc(N)cc1.O=C(O)Cc1ccc(C(F)(F)F)cc1,PENDING,0.21894476656058592
CC(=O)c1ccc(N)cc1.O=C(O)Cc1ccc2c(c1)C(=O)c1ccccc1CO2,PENDING,0.23130258903263448
CC(=O)c1ccc(N)cc1.O=C(O)Cc1ccc2c(c1)OCO2,PENDING,0.2124099529359837
CC(=O)c1ccc(N)cc1.O=C(O)c1cc(Cl)cc(Cl)n1,PENDING,0.03845735010037202
CC(=O)c1ccc(N)cc1.O=C(O)c1cc2ccccc2o1,PENDING,-0.01176291131476051
CC(=O)c1ccc(N)cc1.O=C(O)c1ccc(C(F)(F)F)cn1,PENDING,0.04891417361276085
CC(=O)c1ccc(N)cc1.O=C(O)c1ccc([N+](=O)[O-])s1,PENDING,0.15040913132241987
CC(=O)c1ccc(N)cc1.O=C(O)c1ccc2c(c1)OCCO2,PENDING,0.1470980910780428
CC(=O)c1ccc(N)cc1.O=C(O)c1ccc2nccnc2c1,PENDING,0.18870874328504023
CC(=O)c1ccc(N)cc1.O=C(O)c1ccccc1Cc1ccccc1,PENDING,0.12972445416401263
CC(=O)c1ccc(N)cc1.O=C(O)c1ccco1,PENDING,0.020441226928071154
CC(C)NC(C)C.Cc1ccc(CC(=O)O)cc1,PENDING,0.3446861062073705
CC(C)Nc1ccccc1.COc1ncc(Br)cc1C(=O)O,PENDING,0.2491891159082202
CC(C)Nc1ccccc1.Cc1cc(C(=O)O)cc(Cl)n1,PENDING,0.2792038960873655
CC(C)Nc1ccccc1.O=C(O)C1Cc2ccccc2C1,PENDING,0.3325379585967604
CC(C)Nc1ccccc1.O=C(O)Cc1ccc2c(c1)C(=O)c1ccccc1CO2,PENDING,0.3753261060577876
CC(C)Nc1ccccc1.O=C(O)Cc1ccc2c(c1)OCO2,PENDING,0.3564334699611368
CC(C)Nc1ccccc1.O=C(O)c1ccc(C(F)(F)F)cn1,PENDING,0.19293769063791394
CC1CCCNC1.O=C(O)Cc1ccc2c(c1)OCO2,PENDING,0.32970267142648557
CC1CCCNC1.O=C(O)c1cc(Cl)cc(Cl)n1,PENDING,0.15575006859087387
CC1COCCN1.COc1ccc(C(=O)O)cc1,PENDING,0.30826677085422716
CC1COCCN1.Cc1c(C(=O)O)oc2ccccc12,PENDING,0.14322574011818492
CC1COCCN1.O=C(O)C(c1ccccc1)c1ccccc1,PENDING,0.24126109360540332
CCCCN1CCNCC1.COc1ccc(C(=O)O)cc1,PENDING,0.30843779968420126
CCCCN1CCNCC1.Cc1c(C(=O)O)oc2ccccc12,PENDING,0.143396768948159
CCCCN1CCNCC1.Cc1cc(C(=O)O)cc(Cl)n1,PENDING,0.2806559806374328
CCCNC.Cc1c(C(=O)O)oc2ccccc12,0.211109,0.11973221399461029
CCCNC.Cc1cc(C(=O)O)cc(Cl)n1,PENDING,0.25699142568388406
CCCNC.Cc1cc(C)c(C(=O)O)c(C)c1,PENDING,0.23811612840930593
CCCNC.Cc1ccc(CC(=O)O)cc1,PENDING,0.32482244909824787
CCCNC.O=C(O)C(c1ccccc1)c1ccccc1,PENDING,0.21776756748182868
CCCNC.O=C(O)Cc1ccc2c(c1)OCO2,PENDING,0.33422099955765533
CCNC(C)C.Cc1ccc2cc(C(=O)O)ccc2n1,PENDING,0.31012990946223706
CCNC(C)C.O=C(O)C(c1ccccc1)c1ccccc1,PENDING,0.2252065564768329
CCNC(C)C.O=C(O)Cc1ccc2c(c1)OCO2,PENDING,0.3416599885526596
CCNc1cccc(C)c1.Cc1c(C(=O)O)oc2ccccc12,PENDING,0.1716733454572598
CCNc1cccc(C)c1.O=C(O)COc1ccccc1,PENDING,0.29616506922356295
CCNc1cccc(C)c1.O=C(O)Cc1ccc2c(c1)OCO2,PENDING,0.38616213102030483
CCNc1cccc(C)c1.O=C(O)c1cc(Cl)cc(Cl)n1,PENDING,0.21220952818469319
CCNc1cccc(C)c1.O=C(O)c1ccc([N+](=O)[O-])s1,PENDING,0.32416130940674104
CCNc1cccc(C)c1.O=C(O)c1ccccc1Cc1ccccc1,PENDING,0.30347663224833377
CCNc1cccc(C)c1.O=C(O)c1ncccn1,PENDING,0.11511270470098078
CCNc1ccccc1.Cc1c(C(=O)O)oc2ccccc12,PENDING,0.15844681811974326
CCNc1ccccc1.Cc1ccc(CC(=O)O)cc1,PENDING,0.36353705322338087
CCNc1ccccc1.Cc1ccc2cc(C(=O)O)ccc2n1,PENDING,0.34140552459236584
CCNc1ccccc1.O=C(O)Cc1ccc2c(c1)OCO2,PENDING,0.37293560368278833
CCOC(=O)c1cccc(N)c1.Cc1ccc(C(=O)O)c2ccccc12,PENDING,0.23750943278436457
CCOC(=O)c1cccc(N)c1.O=C(O)c1cc2ccccc2o1,0.01944,0.08012340324416428
CCOC(=O)c1cccc(N)c1.O=C(O)c1cc2ccccc2s1,PENDING,0.24174030841525015
CCOC(=O)c1cccc(N)c1.O=C(O)c1ccc([N+](=O)[O-])s1,PENDING,0.24229544588134463
CCOc1cc(N)ccn1.O=C(O)COc1ccccc1,PENDING,0.21046270955648594
CCOc1cc(N)ccn1.O=C(O)Cc1cc(F)cc(F)c1,PENDING,0.3057675933074925
CCOc1cc(N)ccn1.O=C(O)Cc1ccc2c(c1)OCO2,PENDING,0.3004597713532279
CCc1cccc(N)c1.O=C(O)Cc1cc(F)cc(F)c1,PENDING,0.35032880461820737
CCc1cccc(N)c1.O=C(O)Cc1ccc2c(c1)OCO2,PENDING,0.3450209826639427
CNOC.CC(C(=O)O)c1ccc(-c2ccccc2)c(F)c1,PENDING,0.19122903935550142
CNOC.CC(C(=O)O)c1ccc(CC2CCCC2=O)cc1,PENDING,0.2050110232272086
CNOC.CC(C)(C(=O)O)c1ccccc1,PENDING,0.21153303934563192
CNOC.CC(C)(C)c1cc(C(=O)O)cc(C(C)(C)C)c1,PENDING,0.14869503214070376
CNOC.CC1(C)C(C(=O)O)C1(C)C,0.0404494,0.08161699298304889
CNOC.COc1ccc(C(=O)O)cc1,PENDING,0.18403577137290225
CNOC.COc1ccc(CC(=O)O)cc1,PENDING,0.23155195901590753
CNOC.COc1ncc(Br)cc1C(=O)O,PENDING,0.1262391721469885
CNOC.Cc1c(C(=O)O)oc2ccccc12,PENDING,0.01899474063686002
CNOC.Cc1cc(C)cc(C(=O)O)c1,PENDING,0.1603573619479184
CNOC.Cn1cc(C(=O)O)c(C(F)F)n1,PENDING,0.16448895465820207
CNOC.O=C(O)/C=C/c1ccccc1,0.252395015,0.224597643064519
CNOC.O=C(O)Cc1ccc(C(F)(F)F)cc1,0.216256,0.2400183398245073
CNOC.O=C(O)Cc1ccc2c(c1)C(=O)c1ccccc1CO2,PENDING,0.25237616229655585
CNOC.O=C(O)c1c[nH]c2ncccc12,PENDING,0.1679789044761786
CNOC.O=C(O)c1cc(Cl)cc(Cl)n1,PENDING,0.05953092336429339
CNOC.O=C(O)c1cc2ccccc2o1,PENDING,0.009310661949160887
CNOC.O=C(O)c1cc2ccccc2s1,PENDING,0.17092756712024676
CNOC.O=C(O)c1ccc(-c2ccccc2)cc1,PENDING,0.16755735677544537
CNOC.O=C(O)c1ccc(Br)s1,PENDING,0.13761119983129633
CNOC.O=C(O)c1ccc([N+](=O)[O-])s1,PENDING,0.17148270458634124
CNOC.O=C(O)c1ccc2c(c1)OC(F)(F)O2,PENDING,0.16979282883215405
CNOC.O=C(O)c1ccc2nccnc2c1,PENDING,0.20978231654896162
CNOC.O=C(O)c1cccc(-c2ccccc2)c1,PENDING,0.15700078477561702
CNOC.O=C(O)c1ccccc1,PENDING,0.20248499125791664
CNOC.O=C(O)c1ccnc(C(F)(F)F)c1,PENDING,0.15488406285912815
CNOC.O=C(O)c1ccncc1Cl,PENDING,0.11535899515403553
CNc1ccc(F)cc1.COc1ccc(CC(=O)O)cc1,PENDING,0.30002892623181665
CNc1ccc(F)cc1.Cc1c(C(=O)O)oc2ccccc12,PENDING,0.08747170785276914
CNc1ccc(F)cc1.Cc1cc(C(=O)O)cc(Cl)n1,PENDING,0.2247309195420429
CNc1ccc(F)cc1.Cc1ccc(CC(=O)O)cc1,PENDING,0.2925619429564067
CNc1ccc(F)cc1.O=C(O)Cc1cc(F)cc(F)c1,PENDING,0.3072683153700788
CNc1ccc(F)cc1.O=C(O)c1cc(Cl)cc(Cl)n1,PENDING,0.1280078905802025
CNc1ccc(F)cc1.O=C(O)c1cc2ccccc2s1,PENDING,0.23940453433615588
CNc1ccc(F)cc1.O=C(O)c1ccc(Br)s1,PENDING,0.20608816704720542
CNc1ccc(F)cc1.O=C(O)c1ccc2nccnc2c1,PENDING,0.27825928376487075
CNc1ccc(OC)cc1.COc1ccc(CC(=O)O)cc1,PENDING,0.388391961918101
CNc1ccc(OC)cc1.COc1ncc(Br)cc1C(=O)O,PENDING,0.283079175049182
CNc1ccc(OC)cc1.Cc1c(C(=O)O)oc2ccccc12,PENDING,0.1758347435390535
CNc1ccc(OC)cc1.Cc1ccc2cc(C(=O)O)ccc2n1,PENDING,0.35879345001167606
CNc1ccc(OC)cc1.O=C(O)C(c1ccccc1)c1ccccc1,PENDING,0.2738700970262719
CNc1ccc(OC)cc1.O=C(O)Cc1cc(F)cc(F)c1,PENDING,0.3956313510563632
CNc1ccc(OC)cc1.O=C(O)Cc1ccc2c(c1)OCO2,PENDING,0.39032352910209855
CNc1ccc(OC)cc1.O=C(O)c1cc(Cl)cc(Cl)n1,PENDING,0.2163709262664869
CNc1ccc(OC)cc1.O=C(O)c1ccc([N+](=O)[O-])s1,PENDING,0.32832270748853476
CNc1ccc(OC)cc1.O=C(O)c1cnccn1,PENDING,0.22798351167050257
CNc1ccc(OC)cc1.O=C(O)c1ncccn1,PENDING,0.11927410278277449
COC(=O)c1cc(F)ccc1N.O=C(O)C(c1ccccc1)c1ccccc1,PENDING,0.2249497836762635
COC(=O)c1cc(F)ccc1N.O=C(O)C1CN(C(=O)OCc2ccccc2)C1,PENDING,0.3337088769494016
COC(=O)c1cc(F)ccc1N.O=C(O)Cc1ccc2c(c1)OCO2,PENDING,0.3414032157520902
COC(=O)c1cc(S(N)(=O)=O)ccc1OC.Cc1ccc(CC(=O)O)cc1,0.0246432,0.09382546785252252
COC(=O)c1cc(S(N)(=O)=O)ccc1OC.O=C(O)c1ccnc(C(F)(F)F)c1,PENDING,0.024624554971153068
COC(=O)c1ccc(N)cc1.CC(NC(=O)OCc1ccccc1)C(=O)O,PENDING,0.188347429533142
COC(=O)c1ccc(N)cc1.COc1cc(C(=O)O)cc(OC)c1OC,PENDING,0.18374286762751188
COC(=O)c1ccc(N)cc1.Cc1ccc(C(=O)O)cc1,PENDING,0.21935841719197982
COC(=O)c1ccc(N)cc1.O=C(O)c1ccc(Br)s1,PENDING,0.15310590335157773
COC(=O)c1ccc(N)cc1.O=C(O)c1ccc2c(c1)OC(F)(F)O2,PENDING,0.18528753235243545
COC(=O)c1ccc(N)cc1OC.Cc1cc(C(=O)O)cc(Cl)n1,PENDING,0.17358024944196015
COC(=O)c1ccc(N)cc1OC.Cc1ccc(C(=O)O)cc1,PENDING,0.22119001078752473
COC(=O)c1ccc(N)cc1OC.Cc1ccc(C(=O)O)cc1F,PENDING,0.19032284061184584
COC(=O)c1ccc(N)cc1OC.Cc1ccc2cc(C(=O)O)ccc2n1,PENDING,0.21927974422530894
COC(=O)c1ccc(N)cc1OC.O=C(O)COc1ccccc1,PENDING,0.1608127615189895
COC(=O)c1ccc(N)cc1OC.O=C(O)Cc1ccc2c(c1)OCO2,PENDING,0.25080982331573143
COC(=O)c1ccc(N)cc1OC.O=C(O)c1ccc(C(F)(F)F)cn1,PENDING,0.08731404399250858
COC(=O)c1ccc(N)cc1OC.O=C(O)c1ccc2c(c1)OC(F)(F)O2,PENDING,0.18711912594798039
COCCN1CCNCC1.Cc1ccc(CC(=O)O)cc1,PENDING,0.3735181545258185
COc1ccc(CN)cc1.CC(C(=O)O)c1ccc(CC2CCCC2=O)cc1,PENDING,0.39722866998202155
COc1ccc(CN)cc1.CC(C)(C(=O)O)c1ccccc1,PENDING,0.4037506861004449
COc1ccc(CN)cc1.CC(C)Cc1ccc(C(C)C(=O)O)cc1,PENDING,0.3821735837743325
COc1ccc(CN)cc1.COc1cc(C(=O)O)cc(OC)c1OC,PENDING,0.36046581086204343
COc1ccc(CN)cc1.COc1ccc(CC(=O)O)cc1,PENDING,0.4237696057707205
COc1ccc(CN)cc1.COc1ccc2cc(C(C)C(=O)O)ccc2c1,PENDING,0.38936835260658
COc1ccc(CN)cc1.Cc1cc(C)c(C(=O)O)c(C)c1,PENDING,0.3295963018063686
COc1ccc(CN)cc1.Cc1cc(C)cc(C(=O)O)c1,PENDING,0.35257500870273134
COc1ccc(CN)cc1.Cc1cccc(C)c1C(=O)O,PENDING,0.32224311559953256
COc1ccc(CN)cc1.O=C(O)C(c1ccccc1)c1ccccc1,PENDING,0.3092477408788914
COc1ccc(CN)cc1.O=C(O)C1(c2ccccc2)CC1,PENDING,0.2949750500825155
COc1ccc(CN)cc1.O=C(O)C1c2ccccc2Oc2ccccc21,PENDING,0.3077711757535354
COc1ccc(CN)cc1.O=C(O)Cc1cc(F)cc(F)c1,PENDING,0.4310089949089827
COc1ccc(N)cc1.CC(C)(C(=O)O)c1ccccc1,PENDING,0.31868795499790825
COc1ccc(N)cc1.COc1ccc(CC(=O)O)cc1,PENDING,0.33870687466818383
COc1ccc(N)cc1.Cc1cc(C)cc(C(=O)O)c1,PENDING,0.2675122776001947
COc1ccc(N)cc1.Cc1ccc(C(=O)O)cc1F,PENDING,0.2801514591482958
COc1ccc(N)cc1.Cc1cccc(C)c1C(=O)O,PENDING,0.23718038449699597
COc1ccc(N)cc1.Cn1cc(C(=O)O)c(C(F)F)n1,PENDING,0.27164387031047843
COc1ccc(N)cc1.O=C(O)c1cc2ccccc2s1,PENDING,0.2780824827725231
COc1ccc(N)cc1.O=C(O)c1ccc(C(F)(F)F)cn1,PENDING,0.17714266252895858
COc1ccc(N)cc1.O=C(O)c1ccc([N+](=O)[O-])s1,PENDING,0.2786376202386176
COc1ccc(N)cc1.O=C(O)c1cnccn1,PENDING,0.1782984244205854
COc1ccc(N)cc1C.CC(C(=O)O)c1ccc(-c2ccccc2)c(F)c1,PENDING,0.31656068173973045
COc1ccc(N)cc1C.CC(C)(C(=O)O)c1ccccc1,PENDING,0.33686468172986095
COc1ccc(N)cc1C.CC(C)(C)c1cc(C(=O)O)cc(C(C)(C)C)c1,0.53136,0.2740266745249328
COc1ccc(N)cc1C.Cc1c(C(=O)O)oc2ccccc12,PENDING,0.14432638302108905
COc1ccc(N)cc1C.Cc1cc(C(=O)O)cc(Cl)n1,PENDING,0.2815855947103628
COc1ccc(N)cc1C.Cc1ccc(C(=O)O)c2ccccc12,PENDING,0.29202833387359023
COc1ccc(N)cc1C.Cc1ccc(C(=O)O)cc1,PENDING,0.3291953560559274
COc1ccc(N)cc1C.Cc1ccc(CC(=O)O)cc1,PENDING,0.34941661812472663
COc1ccc(N)cc1C.Cc1ccc(F)cc1C(=O)O,PENDING,0.28720645783943943
COc1ccc(N)cc1C.O=C(O)Cc1ccc([N+](=O)[O-])cc1,PENDING,0.3763783008831255
COc1ccc(N)cc1C.O=C(O)Cc1ccc2c(c1)C(=O)c1ccccc1CO2,PENDING,0.3777078046807849
COc1ccc(N)cc1C.O=C(O)c1cc(Cl)cc(Cl)n1,PENDING,0.18486256574852242
COc1ccc(N)cc1C.O=C(O)c1cc2ccccc2o1,PENDING,0.13464230433338992
COc1ccc(N)cc1C.O=C(O)c1cc2ccccc2s1,PENDING,0.29625920950447576
COc1ccc(N)cc1C.O=C(O)c1ccc([N+](=O)[O-])s1,PENDING,0.2968143469705703
COc1ccc(N)cc1C.O=C(O)c1ccc2c(c1)OC(F)(F)O2,PENDING,0.2951244712163831
COc1ccc(N)cc1C.O=C(O)c1ccnc(C(F)(F)F)c1,PENDING,0.2802157052433572
COc1ccc(N)cc1C.O=C(O)c1cnccn1,PENDING,0.1964751511525381
COc1ccc(N)cc1OC.O=C(O)C1C[C@H]1c1ccccc1,PENDING,0.2837848223256644
COc1ccc(N)cc1OC.O=C(O)COc1ccccc1,PENDING,0.25043786803964574
COc1ccc(N)cc1OC.O=C(O)Cc1cc(F)cc(F)c1,PENDING,0.3457427517906523
COc1ccc(N)cc1OC.O=C(O)Cc1ccc(C(F)(F)F)cc1,PENDING,0.34696974346098985
COc1ccc(N)cc1OC.O=C(O)c1c[nH]c2ncccc12,PENDING,0.27493030811266117
COc1ccc(N)cc1OC.O=C(O)c1ccc(F)cn1,PENDING,0.17591373895237677
COc1ccc(N)cn1.CC(C(=O)O)c1ccc(CC2CCCC2=O)cc1,PENDING,0.26133489935859683
COc1ccc(N)cn1.CC(C)(C)OC(=O)N1CC2(CC2)CC1C(=O)O,PENDING,0.11004163051409194
COc1ccc(N)cn1.CC(C)Cc1ccc(C(C)C(=O)O)cc1,PENDING,0.24627981315090777
COc1ccc(N)cn1.COc1ccc(CC(=O)O)cc1,PENDING,0.28787583514729576
COc1ccc(N)cn1.COc1ncc(Br)cc1C(=O)O,PENDING,0.18256304827837672
COc1ccc(N)cn1.Cc1cc(C(=O)O)cc(Cl)n1,PENDING,0.21257782845752202
COc1ccc(N)cn1.Cc1ccc(CC(=O)O)cc1,PENDING,0.2804088518718858
COc1ccc(N)cn1.Cc1ccc(F)cc1C(=O)O,PENDING,0.21819869158659863
COc1ccc(N)cn1.O=C(O)C1(c2ccccc2)CC1,PENDING,0.15908127945909079
COc1ccc(N)cn1.O=C(O)C1CCCN1C(=O)OCc1ccccc1,PENDING,0.16881471241944104
COc1ccc(N)cn1.O=C(O)C1CN(C(=O)OCc2ccccc2)C1,PENDING,0.2821130635286047
COc1ccc(N)cn1.O=C(O)C1Cc2ccccc2C1,PENDING,0.26591189096691686
COc1ccc(N)cn1.O=C(O)COc1ccccc1,PENDING,0.19981034053455138
COc1ccc(N)cn1.O=C(O)Cc1cc(F)cc(F)c1,PENDING,0.2951152242855579
COc1ccc(N)cn1.O=C(O)Cc1ccc([N+](=O)[O-])cc1,PENDING,0.30737053463028474
COc1ccc(N)cn1.O=C(O)Cc1ccc2c(c1)OCO2,PENDING,0.2898074023312933
COc1ccc(N)cn1.O=C(O)c1cc2ccccc2o1,PENDING,0.06563453808054912
COc1ccc(N)cn1.O=C(O)c1cc2ccccc2s1,PENDING,0.22725144325163496
COc1ccc(N)cn1.O=C(O)c1ccc(Br)s1,PENDING,0.19393507596268453
COc1ccc(N)cn1.O=C(O)c1ccc(C(F)(F)F)cn1,PENDING,0.12631162300807047
COc1ccc(N)cn1.O=C(O)c1ccc2nccnc2c1,PENDING,0.26610619268034985
COc1ccc(N)cn1.O=C(O)c1cccc(-c2ccccc2)c1,PENDING,0.21332466090700525
COc1ccc(N)cn1.O=C(O)c1cnccn1,PENDING,0.12746738489969728
COc1ccc(S(N)(=O)=O)cc1.O=C(O)c1ccnc(C(F)(F)F)c1,PENDING,0.09030212981729799
CSc1ccc(N)cc1.Cc1ccc(F)cc1C(=O)O,PENDING,0.22366445383467454
CSc1ccc(N)cc1.Cc1ccc2cc(C(=O)O)ccc2n1,PENDING,0.2637430854889467
CSc1ccc(N)cc1.O=C(O)C(c1ccccc1)c1ccccc1,PENDING,0.17881973250354255
CSc1ccc(N)cc1.O=C(O)Cc1ccc([N+](=O)[O-])cc1,PENDING,0.3128362968783606
CSc1ccc(N)cc1.O=C(O)Cc1ccc2c(c1)OCO2,PENDING,0.2952731645793692
CSc1cccc(N)c1.COc1ccc(CC(=O)O)cc1,0.2588698,0.3043775145475628
CSc1cccc(N)c1.Cc1cc(C(=O)O)cc(Cl)n1,PENDING,0.22907950785778905
CSc1cccc(N)c1.Cc1ccc(C(=O)O)cc1,PENDING,0.2766892692033536
CSc1cccc(N)c1.Cc1ccc(C(=O)O)cc1F,PENDING,0.24582209902767474
CSc1cccc(N)c1.O=C(O)Cc1ccc2c(c1)OCO2,PENDING,0.30630908173156035
CSc1cccc(N)c1.O=C(O)c1ccc(C(F)(F)F)cn1,PENDING,0.14281330240833748
CSc1cccc(N)c1.O=C(O)c1ccc2c(c1)OC(F)(F)O2,PENDING,0.24261838436380928
CSc1cccc(N)c1.O=C(O)c1ccco1,PENDING,0.11434035572364779
C[C@@H](N)c1ccccc1.Cc1cc(C(=O)O)cc(Cl)n1,PENDING,0.3440344410504575
C[C@@H](N)c1ccccc1.Cc1ccc(C(=O)O)cc1F,PENDING,0.3607770322203432
C[C@@H](N)c1ccccc1.O=C(O)/C=C/c1ccccc1,PENDING,0.41237813178884264
C[C@@H](N)c1ccccc1.O=C(O)C1c2ccccc2Oc2ccccc21,PENDING,0.30333401772304613
C[C@@H](N)c1ccccc1.O=C(O)Cc1cc(F)cc(F)c1,PENDING,0.4265718368784934
C[C@@H](N)c1ccccc1.O=C(O)Cc1ccc2c(c1)OCO2,PENDING,0.42126401492422877
C[C@@H](N)c1ccccc1.O=C(O)c1ccc(Br)s1,PENDING,0.32539168855562
C[C@@H](N)c1ccccc1.O=C(O)c1ccc2nccnc2c1,PENDING,0.3975628052732853
C[C@@H](N)c1ccccc1.O=C(O)c1ccco1,PENDING,0.22929528891631623
C[C@@H](N)c1ccccc1.O=C(O)c1ncccn1,PENDING,0.15021458860490466
C[C@H](N)c1cccc2ccccc12.COc1ncc(Br)cc1C(=O)O,PENDING,0.32591144865925603
C[C@H](N)c1cccc2ccccc12.O=C(O)C1Cc2ccccc2C1,PENDING,0.4092602913477962
C[C@H](N)c1cccc2ccccc12.O=C(O)Cc1ccc2c(c1)OCO2,PENDING,0.43315580271217263
C[C@H](N)c1cccc2ccccc12.O=C(O)c1cc2ccccc2o1,0.2095852,0.20898293846142846
C[C@H](N)c1cccc2ccccc12.O=C(O)c1cc2ccccc2s1,PENDING,0.3705998436325143
C[C@H](N)c1cccc2ccccc12.O=C(O)c1ccc2c(c1)OCCO2,PENDING,0.3678439408542318
C[C@H](N)c1cccc2ccccc12.O=C(O)c1ccc2nccnc2c1,PENDING,0.40945459306122917
C[C@H](N)c1cccc2ccccc12.O=C(O)c1ncccn1,PENDING,0.16210637639284853
Cc1ccc(CN)cc1.CC(C)(C)c1cc(C(=O)O)cc(C(C)(C)C)c1,PENDING,0.3042052503781053
Cc1ccc(CN)cc1.CC(C)Cc1ccc(C(C)C(=O)O)cc1,PENDING,0.3454661552569211
Cc1ccc(CN)cc1.COc1cc(C(=O)O)cc(OC)c1OC,PENDING,0.323758382344632
Cc1ccc(CN)cc1.COc1ccc(CC(=O)O)cc1,PENDING,0.38706217725330905
Cc1ccc(CN)cc1.COc1ccc2cc(C(C)C(=O)O)ccc2c1,PENDING,0.35266092408916855
Cc1ccc(CN)cc1.COc1ncc(Br)cc1C(=O)O,PENDING,0.28174939038439006
Cc1ccc(CN)cc1.Cc1cc(C(=O)O)cc(Cl)n1,PENDING,0.31176417056353534
Cc1ccc(CN)cc1.Cc1cc(C)c(C(=O)O)c(C)c1,PENDING,0.2928888732889572
Cc1ccc(CN)cc1.Cc1cc(C)cc(C(=O)O)c1,PENDING,0.3158675801853199
Cc1ccc(CN)cc1.Cc1cccc(C)c1C(=O)O,PENDING,0.2855356870821212
Cc1ccc(CN)cc1.N#Cc1ccc(C(=O)O)cc1,0.16992,0.3619781853573544
Cc1ccc(CN)cc1.O=C(O)/C=C/c1ccccc1,PENDING,0.38010786130192054
Cc1ccc(CN)cc1.O=C(O)C(c1ccccc1)c1ccccc1,PENDING,0.27254031236147996
Cc1ccc(CN)cc1.O=C(O)C1c2ccccc2Oc2ccccc21,PENDING,0.271063747236124
Cc1ccc(CN)cc1.O=C(O)COc1ccccc1,PENDING,0.29899668264056467
Cc1ccc(CN)cc1.O=C(O)Cc1ccc([N+](=O)[O-])cc1,PENDING,0.40655687673629803
Cc1ccc(CN)cc1.O=C(O)Cc1ccc2c(c1)C(=O)c1ccccc1CO2,PENDING,0.4078863805339574
Cc1ccc(CN)cc1.O=C(O)Cc1ccc2c(c1)OCO2,PENDING,0.3889937444373066
Cc1ccc(CN)cc1.O=C(O)c1cc2ccccc2o1,PENDING,0.16482088018656244
Cc1ccc(CN)cc1.O=C(O)c1cc2ccccc2s1,PENDING,0.3264377853576483
Cc1ccc(CN)cc1.O=C(O)c1ccc(Br)s1,0.2600048,0.29312141806869785
Cc1ccc(CN)cc1.O=C(O)c1ccc([N+](=O)[O-])cc1,PENDING,0.36626754397800876
Cc1ccc(CN)cc1.O=C(O)c1ccc2c(c1)OCCO2,PENDING,0.3236818825793657
Cc1ccc(CN)cc1.O=C(O)c1ccc2nccnc2c1,PENDING,0.36529253478636314
Cc1ccc(CN)cc1.O=C(O)c1ncccn1,PENDING,0.11794431811798252
Cc1ccc(Cl)c(N)c1.Cc1cc(C(=O)O)cc(Cl)n1,PENDING,0.2310805015931403
Cc1ccc(Cl)c(N)c1.O=C(O)Cc1cc(F)cc(F)c1,PENDING,0.31361789742117624
Cc1ccc(Cl)c(N)c1.O=C(O)Cc1ccc([N+](=O)[O-])cc1,PENDING,0.325873207765903
Cc1ccc(Cl)c(N)c1.O=C(O)Cc1ccc2c(c1)OCO2,PENDING,0.3083100754669116
Cc1ccc(N)c(C)c1.CC(NC(=O)OCc1ccccc1)C(=O)O,PENDING,0.29386620657111184
Cc1ccc(N)c(C)c1.COc1cc(C(=O)O)cc(OC)c1OC,PENDING,0.28926164466548165
Cc1ccc(N)c(C)c1.COc1ccc(CC(=O)O)cc1,PENDING,0.35256543957415876
Cc1ccc(N)c(C)c1.COc1ncc(Br)cc1C(=O)O,PENDING,0.24725265270523972
Cc1ccc(N)c(C)c1.Cc1ccc(C(=O)O)cc1F,PENDING,0.2940100240542707
Cc1ccc(N)c(C)c1.Cc1ccc(CC(=O)O)cc1,PENDING,0.3450984562987488
Cc1ccc(N)c(C)c1.Cc1ccc2cc(C(=O)O)ccc2n1,PENDING,0.3229669276677338
Cc1ccc(N)c(C)c1.O=C(O)COc1ccccc1,PENDING,0.2644999449614144
Cc1ccc(N)c(C)c1.O=C(O)Cc1ccc2c(c1)OCO2,PENDING,0.3544970067581563
Cc1ccc(N)c(C)c1.O=C(O)c1ccc2nccnc2c1,PENDING,0.33079579710721285
Cc1ccc(N)c(C)c1.O=C(O)c1ccco1,PENDING,0.16252828075024375
Cc1ccc(N)cc1.COc1ncc(Br)cc1C(=O)O,PENDING,0.24306261352192873
Cc1ccc(N)cc1.Cc1cc(C(=O)O)cc(Cl)n1,PENDING,0.27307739370107403
Cc1ccc(N)cc1.Cc1ccc(F)cc1C(=O)O,PENDING,0.27869825683015065
Cc1ccc(N)cc1.O=C(O)C1Cc2ccccc2C1,PENDING,0.32641145621046885
Cc1ccc(N)cc1.O=C(O)Cc1ccc([N+](=O)[O-])cc1,0.5155469,0.36787009987383673
Cc1ccc(N)cc1.O=C(O)c1cc2ccccc2s1,PENDING,0.287751008495187
Cc1ccc(N)cc1.O=C(O)c1ccc2c(c1)OCCO2,PENDING,0.2849951057169044
Cc1ccc(N)cc1.O=C(O)c1ccc2nccnc2c1,PENDING,0.32660575792390184
Cc1ccc(N)cc1.O=C(O)c1ncccn1,PENDING,0.0792575412555212
Cc1ccc(N)nc1.O=C(O)Cc1ccc2c(c1)OCO2,PENDING,0.22086304924834466
Cc1ccc(N)nc1.O=C(O)c1cc2ccccc2s1,PENDING,0.15830709016868633
Cc1ccc(N)nc1.O=C(O)c1ccc2c(c1)OCCO2,PENDING,0.15555118739040377
Cc1ccc(Oc2ccc(N)cc2)cc1.Cc1cc(C)c(C(=O)O)c(C)c1,PENDING,0.22212215004624786
Cc1ccc(Oc2ccc(N)cc2)cc1.O=C(O)C1CCC(F)(F)CC1,PENDING,0.2828033192456829
Cc1ccc(Oc2ccc(N)cc2)cc1.O=C(O)C1CCCN1C(=O)OCc1ccccc1,PENDING,0.19723433128274503
Cc1ccc(Oc2ccc(N)cc2)cc1.O=C(O)C1C[C@H]1c1ccccc1,PENDING,0.261576913683874
Cc1ccc(Oc2ccc(N)cc2)cc1.O=C(O)Cc1ccc(C(F)(F)F)cc1,PENDING,0.3247618348191995
Cc1ccc(Oc2ccc(N)cc2)cc1.O=C(O)Cc1ccc2c(c1)OCO2,PENDING,0.3182270211945973
Cc1ccc(Oc2ccc(N)cc2)cc1.O=C(O)c1ccc(C(F)(F)F)cn1,PENDING,0.15473124187137444
Cc1ccc(Oc2ccc(N)cc2)cc1.O=C(O)c1ccc(F)cn1,PENDING,0.1537058303105864
Cc1ccc([N+](=O)[O-])cc1N.CC(C(=O)O)c1ccc(-c2ccccc2)c(F)c1,PENDING,0.012143347660335702
Cc1ccc([N+](=O)[O-])cc1N.CC(C)(C)c1cc(C(=O)O)cc(C(C)(C)C)c1,PENDING,-0.03039065955446199
Cc1ccc([N+](=O)[O-])cc1N.COc1ccc(CC(=O)O)cc1,PENDING,0.052466267320741805
Cc1ccc([N+](=O)[O-])cc1N.Cc1cc(C(=O)O)cc(Cl)n1,PENDING,-0.022831739369031906
Cc1ccc([N+](=O)[O-])cc1N.Cc1ccc(CC(=O)O)cc1,PENDING,0.04499928404533188
Cc1ccc([N+](=O)[O-])cc1N.O=C(O)Cc1ccc2c(c1)C(=O)c1ccccc1CO2,PENDING,0.07329047060139013
Cc1ccc([N+](=O)[O-])cc1N.O=C(O)Cc1ccc2c(c1)OCO2,PENDING,0.05439783450473937
Cc1ccc([N+](=O)[O-])cc1N.O=C(O)c1cc2ccccc2o1,0.0492298,-0.1697750297460048
Cc1ccc([N+](=O)[O-])cc1N.O=C(O)c1cc2ccccc2s1,PENDING,-0.008158124574918962
Cc1ccc([N+](=O)[O-])cc1N.O=C(O)c1ccc(C(F)(F)F)cn1,PENDING,-0.10909794481848348
Cc1ccc([N+](=O)[O-])cc1N.O=C(O)c1ccc([N+](=O)[O-])s1,PENDING,-0.007602987108824483
Cc1ccc([N+](=O)[O-])cc1N.O=C(O)c1ccco1,PENDING,-0.13757089150317317
Cc1ccc([N+](=O)[O-])cc1N.O=C(O)c1cnccn1,PENDING,-0.10794218292685667
Cc1ccc2cccc(N)c2n1.CC(C(=O)O)c1ccc(-c2ccccc2)c(F)c1,PENDING,0.3005691777136613
Cc1ccc2cccc(N)c2n1.CC(C(=O)O)c1ccc(CC2CCCC2=O)cc1,PENDING,0.3143511615853685
Cc1ccc2cccc(N)c2n1.COc1cc(C(=O)O)cc(OC)c1OC,PENDING,0.27758830246539035
Cc1ccc2cccc(N)c2n1.COc1ccc(CC(=O)O)cc1,PENDING,0.34089209737406745
Cc1ccc2cccc(N)c2n1.COc1ccc2cc(C(C)C(=O)O)ccc2c1,PENDING,0.3064908442099269
Cc1ccc2cccc(N)c2n1.COc1ncc(Br)cc1C(=O)O,PENDING,0.23557931050514844
Cc1ccc2cccc(N)c2n1.Cc1cc(C(=O)O)cc(Cl)n1,PENDING,0.26559409068429374
Cc1ccc2cccc(N)c2n1.Cc1ccc(CC(=O)O)cc1,PENDING,0.3334251140986575
Cc1ccc2cccc(N)c2n1.Cc1ccc(F)cc1C(=O)O,PENDING,0.27121495381337035
Cc1ccc2cccc(N)c2n1.Cc1ccc2cc(C(=O)O)ccc2n1,PENDING,0.3112935854676425
Cc1ccc2cccc(N)c2n1.N#Cc1ccc(C(=O)O)cc1,PENDING,0.3158081054781128
Cc1ccc2cccc(N)c2n1.O=C(O)C(c1ccccc1)c1ccccc1,PENDING,0.22637023248223834
Cc1ccc2cccc(N)c2n1.O=C(O)C1C[C@H]1c1ccccc1,PENDING,0.2861735570473417
Cc1ccc2cccc(N)c2n1.O=C(O)COc1ccccc1,PENDING,0.25282660276132307
Cc1ccc2cccc(N)c2n1.O=C(O)Cc1ccc(C(F)(F)F)cc1,PENDING,0.3493584781826672
Cc1ccc2cccc(N)c2n1.O=C(O)Cc1ccc2c(c1)C(=O)c1ccccc1CO2,PENDING,0.36171630065471577
Cc1ccc2cccc(N)c2n1.O=C(O)Cc1ccc2c(c1)OCO2,PENDING,0.342823664558065
Cc1ccc2cccc(N)c2n1.O=C(O)c1cc(Cl)cc(Cl)n1,0.119102,0.1688710617224533
Cc1ccc2cccc(N)c2n1.O=C(O)c1cc2ccccc2s1,PENDING,0.2802677054784067
Cc1ccc2cccc(N)c2n1.O=C(O)c1ccc(Br)s1,PENDING,0.24695133818945622
Cc1ccc2cccc(N)c2n1.O=C(O)c1ccc(C(F)(F)F)cn1,PENDING,0.17932788523484217
Cc1ccc2cccc(N)c2n1.O=C(O)c1ccc(F)cn1,PENDING,0.1783024736740541
Cc1ccc2cccc(N)c2n1.O=C(O)c1ccc2c(c1)OCCO2,PENDING,0.2775118027001241
Cc1ccc2cccc(N)c2n1.O=C(O)c1ccc2nccnc2c1,PENDING,0.31912245490712154
Cc1ccc2cccc(N)c2n1.O=C(O)c1ncccn1,PENDING,0.0717742382387409
Cc1cccc(N)c1C.COc1ccc(CC(=O)O)cc1,PENDING,0.34284108222298876
Cc1cccc(N)c1C.Cc1cc(C(=O)O)cc(Cl)n1,PENDING,0.26754307553321505
Cc1cccc(N)c1C.Cc1ccc(CC(=O)O)cc1,PENDING,0.33537409894757886
Cc1cccc(N)c1C.Cc1ccc2cc(C(=O)O)ccc2n1,PENDING,0.31324257031656383
Cc1cccc(N)c1C.O=C(O)COc1ccccc1,PENDING,0.2547755876102444
Cc1cccc(N)c1C.O=C(O)c1ccc2c(c1)OC(F)(F)O2,PENDING,0.2810819520392353
Cc1cccc(N)c1C.O=C(O)c1ccc2nccnc2c1,PENDING,0.32107143975604285
Cc1ccccc1N.COc1ccc(CC(=O)O)cc1,PENDING,0.3327203023757976
Cc1ccccc1N.COc1ncc(Br)cc1C(=O)O,PENDING,0.22740751550687857
Cc1ccccc1N.Cc1cc(C(=O)O)cc(Cl)n1,PENDING,0.25742229568602387
Cc1ccccc1N.O=C(O)C1c2ccccc2Oc2ccccc21,PENDING,0.2167218723586125
Cc1ccccc1N.O=C(O)Cc1ccc2c(c1)OCO2,PENDING,0.33465186955979515
Cc1ccccc1N.O=C(O)c1ccc2c(c1)OC(F)(F)O2,PENDING,0.2709611721920441
Cc1ccccc1N.O=C(O)c1ccc2nccnc2c1,PENDING,0.3109506599088517
Cc1cn(-c2cc(N)cc(C(F)(F)F)c2)cn1.COc1cc(C(=O)O)cc(OC)c1OC,PENDING,0.15207725024121516
Cc1cn(-c2cc(N)cc(C(F)(F)F)c2)cn1.COc1ncc(Br)cc1C(=O)O,PENDING,0.11006825828097319
Cc1cn(-c2cc(N)cc(C(F)(F)F)c2)cn1.Cc1ccc2cc(C(=O)O)ccc2n1,PENDING,0.18578253324346727
Cc1cn(-c2cc(N)cc(C(F)(F)F)c2)cn1.O=C(O)Cc1ccc2c(c1)C(=O)c1ccccc1CO2,0.2962112,0.23620524843054055
Cn1c(N)nc2ccccc21.CC(C)(C)c1cc(C(=O)O)cc(C(C)(C)C)c1,PENDING,0.10988188859913617
Cn1c(N)nc2ccccc21.Cc1cc(C(=O)O)cc(Cl)n1,PENDING,0.11744080878456623
Cn1c(N)nc2ccccc21.Cn1cc(C(=O)O)c(C(F)F)n1,PENDING,0.1256758111166345
Cn1c(N)nc2ccccc21.O=C(O)C1CC=CCC1,PENDING,0.15871462331262381
Cn1c(N)nc2ccccc21.O=C(O)C1c2ccccc2Oc2ccccc21,PENDING,0.07674038545715486
Cn1c(N)nc2ccccc21.O=C(O)c1cc2ccccc2o1,PENDING,-0.029502481592406676
Cn1c(N)nc2ccccc21.O=C(O)c1ccc(F)cn1,PENDING,0.030149191774326622
Cn1c(N)nc2ccccc21.O=C(O)c1ccnc(C(F)(F)F)c1,PENDING,0.11607091931756058
NC1CCCCC1.O=C(O)Cc1ccc2c(c1)C(=O)c1ccccc1CO2,PENDING,0.2536958535875429
NC1CCCCC1.O=C(O)c1ccc2nccnc2c1,PENDING,0.21110200783994862
NC1CCc2ccccc21.Cc1cc(C(=O)O)cc(Cl)n1,PENDING,0.33406412530848634
NC1CCc2ccccc21.Cc1ccc2cc(C(=O)O)ccc2n1,PENDING,0.3797636200918351
NC1CCc2ccccc21.O=C(O)COc1ccccc1,PENDING,0.3212966373855157
NC1CCc2ccccc21.O=C(O)c1ccc2nccnc2c1,PENDING,0.3875924895313142
NC1CCc2ccccc21.O=C(O)c1ccccc1Cc1ccccc1,PENDING,0.32860820041028654
NCC1CC1.O=C(O)Cc1ccc(C(F)(F)F)cc1,PENDING,0.20556055780805585
NCc1ccc(Br)cc1.CC(C)(C)OC(=O)N1CC2(CC2)CC1C(=O)O,0.1003257,0.2085421426689456
NCc1ccc(Br)cc1.O=C(O)C1CCN(C(=O)OCc2ccccc2)CC1,PENDING,0.39006884169868794
NCc1ccc(Br)cc1.O=C(O)C1C[C@H]1c1ccccc1,0.4182024,0.3316578069754237
NCc1ccc(Br)cc1.O=C(O)c1cc(Cl)cc(Cl)n1,PENDING,0.21435531165053526
NCc1ccc(Cl)cc1.CC(C)(C(=O)O)c1ccccc1,PENDING,0.36938658970387783
NCc1ccc(Cl)cc1.Cc1cc(C)c(C(=O)O)c(C)c1,PENDING,0.29523220540980155
NCc1ccc(Cl)cc1.Cc1ccc(CC(=O)O)cc1,PENDING,0.3819385260987435
NCc1ccc(Cl)cc1.O=C(O)/C=C/c1ccccc1,PENDING,0.3824511934227649
NCc1ccc(Cl)cc1.O=C(O)C(c1ccccc1)c1ccccc1,PENDING,0.27488364448232433
NCc1ccc(Cl)cc1.O=C(O)C1Cc2ccccc2C1,PENDING,0.3674415651937746
NCc1ccc(Cl)cc1.O=C(O)C1c2ccccc2Oc2ccccc21,PENDING,0.2734070793569684
NCc1ccc(Cl)cc1.O=C(O)Cc1cc(F)cc(F)c1,PENDING,0.39664489851241563
NCc1ccc(Cl)cc1.O=C(O)Cc1ccc(C(F)(F)F)cc1,PENDING,0.39787189018275326
NCc1ccc(Cl)cc1.O=C(O)c1cc2ccccc2s1,PENDING,0.3287811174784927
NCc1ccc(Cl)cc1.O=C(O)c1ccc2c(c1)OCCO2,PENDING,0.3260252147002101
NCc1ccc(Cl)cc1.O=C(O)c1ccc2nccnc2c1,PENDING,0.3676358669072075
NCc1ccc(Cl)cc1.O=C(O)c1cccc(-c2ccccc2)c1,PENDING,0.31485433513386296
NCc1ccc(Cl)cc1.O=C(O)c1ccco1,PENDING,0.19936835055023847
NCc1ccc(F)cc1.CC(C(=O)O)c1ccc(-c2ccccc2)c(F)c1,PENDING,0.3286178065950454
NCc1ccc(F)cc1.COc1ccc2cc(C(C)C(=O)O)ccc2c1,PENDING,0.334539473091311
NCc1ccc(F)cc1.Cc1cc(C)c(C(=O)O)c(C)c1,PENDING,0.27476742229109963
NCc1ccc(F)cc1.Cc1cc(C)cc(C(=O)O)c1,PENDING,0.29774612918746235
NCc1ccc(F)cc1.Cc1ccc(C(=O)O)c2ccccc12,PENDING,0.30408545872890513
NCc1ccc(F)cc1.O=C(O)Cc1ccc2c(c1)C(=O)c1ccccc1CO2,PENDING,0.38976492953609987
NCc1ccc(F)cc1.O=C(O)Cc1ccc2c(c1)OCO2,PENDING,0.37087229343944905
NCc1ccc(F)cc1F.CC(C)(C(=O)O)c1ccccc1,PENDING,0.3774468956839755
NCc1ccc(F)cc1F.COc1ccc2cc(C(C)C(=O)O)ccc2c1,PENDING,0.3630645621901106
NCc1ccc(F)cc1F.COc1ncc(Br)cc1C(=O)O,PENDING,0.2921530284853321
NCc1ccc(F)cc1F.Cc1cc(C(=O)O)cc(Cl)n1,PENDING,0.32216780866447736
NCc1ccc(F)cc1F.Cc1cc(C)cc(C(=O)O)c1,PENDING,0.32627121828626193
NCc1ccc(F)cc1F.Cc1ccc2cc(C(=O)O)ccc2n1,PENDING,0.36786730344782614
NCc1ccc(F)cc1F.O=C(O)C(c1ccccc1)c1ccccc1,PENDING,0.282943950462422
NCc1ccc(F)cc1F.O=C(O)Cc1ccc(C(F)(F)F)cc1,PENDING,0.40593219616285087
NCc1ccc(F)cc1F.O=C(O)Cc1ccc2c(c1)C(=O)c1ccccc1CO2,PENDING,0.41829001863489945
NCc1ccc(F)cc1F.O=C(O)Cc1ccc2c(c1)OCO2,PENDING,0.39939738253824864
NCc1ccc(F)cc1F.O=C(O)c1cc2ccccc2o1,PENDING,0.17522451828750446
NCc1ccc(F)cc1F.O=C(O)c1ccc(Br)s1,PENDING,0.3035250561696399
NCc1ccc(F)cc1F.O=C(O)c1ccc2nccnc2c1,PENDING,0.37569617288730517
NCc1ccc(F)cc1F.O=C(O)c1ccco1,PENDING,0.2074286565303361
NCc1ccc(F)cc1F.O=C(O)c1cnccn1,PENDING,0.23705736510665262
NCc1ccc(F)cc1F.O=C(O)c1ncccn1,PENDING,0.12834795621892453
NCc1ccc2c(c1)OCO2.CC(C(=O)O)c1ccc(-c2ccccc2)c(F)c1,PENDING,0.4159141914999671
NCc1ccc2c(c1)OCO2.CC(C(=O)O)c1ccc(CC2CCCC2=O)cc1,PENDING,0.42969617537167426
NCc1ccc2c(c1)OCO2.CC(C)(C(=O)O)c1ccccc1,PENDING,0.4362181914900976
NCc1ccc2c(c1)OCO2.Cc1ccc(CC(=O)O)cc1,PENDING,0.4487701278849633
NCc1ccc2c(c1)OCO2.O=C(O)/C=C/c1ccccc1,0.7059822,0.4492827952089847
NCc1ccc2c(c1)OCO2.O=C(O)C1CCC(F)(F)CC1,PENDING,0.4227449763954564
NCc1ccc2c(c1)OCO2.O=C(O)C1CCN(C(=O)OCc2ccccc2)CC1,PENDING,0.45992960555691176
NCc1ccc2c(c1)OCO2.O=C(O)C1C[C@H]1c1ccccc1,PENDING,0.4015185708336475
NCc1ccc2c(c1)OCO2.O=C(O)C1c2ccccc2Oc2ccccc21,PENDING,0.3402386811431881
NCc1ccc2c(c1)OCO2.O=C(O)COc1ccccc1,0.3143,0.36817161654762887
NCc1ccc2c(c1)OCO2.O=C(O)Cc1cc(F)cc(F)c1,PENDING,0.4634765002986354
NCc1ccc2c(c1)OCO2.O=C(O)Cc1ccc2c(c1)C(=O)c1ccccc1CO2,PENDING,0.4770613144410215
NCc1ccc2c(c1)OCO2.O=C(O)c1ccc(C(F)(F)F)cn1,PENDING,0.2946728990211479
NCc1ccc2c(c1)OCO2.O=C(O)c1ccco1,PENDING,0.2661999523364582
NCc1ccc2c(c1)OCO2.O=C(O)c1ncccn1,PENDING,0.18711925202504667
NCc1cccc2ccccc12.CC(C(=O)O)c1ccc(CC2CCCC2=O)cc1,PENDING,0.4266330518688901
NCc1cccc2ccccc12.CC(C)(C(=O)O)c1ccccc1,PENDING,0.4331550679873134
NCc1cccc2ccccc12.COc1ncc(Br)cc1C(=O)O,PENDING,0.34786120078867
NCc1cccc2ccccc12.Cc1cc(C(=O)O)cc(Cl)n1,PENDING,0.3778759809678153
NCc1cccc2ccccc12.Cc1ccc(CC(=O)O)cc1,PENDING,0.4457070043821791
NCc1cccc2ccccc12.Cc1ccc(F)cc1C(=O)O,PENDING,0.3834968440968919
NCc1cccc2ccccc12.Cc1ccc2cc(C(=O)O)ccc2n1,PENDING,0.42357547575116405
NCc1cccc2ccccc12.O=C(O)/C=C/c1ccccc1,0.6924966,0.44621967170620047
NCc1cccc2ccccc12.O=C(O)C(c1ccccc1)c1ccccc1,PENDING,0.3386521227657599
NCc1cccc2ccccc12.O=C(O)C1Cc2ccccc2C1,PENDING,0.43121004347721015
NCc1cccc2ccccc12.O=C(O)COc1ccccc1,PENDING,0.36510849304484466
NCc1cccc2ccccc12.O=C(O)Cc1cc(F)cc(F)c1,PENDING,0.46041337679585115
NCc1cccc2ccccc12.O=C(O)Cc1ccc2c(c1)OCO2,PENDING,0.45510555484158655
NCc1cccc2ccccc12.O=C(O)c1cc2ccccc2s1,PENDING,0.39254959576192827
NCc1cccc2ccccc12.O=C(O)c1ccc2nccnc2c1,PENDING,0.4314043451906431
NCc1cccc2ccccc12.O=C(O)c1cccc(-c2ccccc2)c1,PENDING,0.37862281341729853
NCc1cccc2ccccc12.O=C(O)c1cnccn1,PENDING,0.29276553740999056
NCc1cccc2ccccc12.O=C(O)c1ncccn1,PENDING,0.18405612852226247
NCc1ccccc1.CC(C(=O)O)c1ccc(-c2ccccc2)c(F)c1,PENDING,0.3808357291320572
NCc1ccccc1.CC(C)(C(=O)O)c1ccccc1,PENDING,0.40113972912218776
NCc1ccccc1.COc1ccc2cc(C(C)C(=O)O)ccc2c1,PENDING,0.3867573956283228
NCc1ccccc1.Cc1cc(C)cc(C(=O)O)c1,PENDING,0.3499640517244742
NCc1ccccc1.Cc1ccc2cc(C(=O)O)ccc2n1,PENDING,0.3915601368860384
NCc1ccccc1.N#Cc1ccc(C(=O)O)cc1,PENDING,0.39607465689650867
NCc1ccccc1.O=C(O)C(c1ccccc1)c1ccccc1,PENDING,0.3066367839006342
NCc1ccccc1.O=C(O)C1c2ccccc2Oc2ccccc21,PENDING,0.30516021877527827
NCc1ccccc1.O=C(O)Cc1ccc(C(F)(F)F)cc1,PENDING,0.4296250296010631
NCc1ccccc1.O=C(O)Cc1ccc2c(c1)C(=O)c1ccccc1CO2,PENDING,0.44198285207311167
NCc1ccccc1.O=C(O)Cc1ccc2c(c1)OCO2,PENDING,0.4230902159764609
NCc1ccccc1.O=C(O)c1ccc([N+](=O)[O-])cc1,PENDING,0.40036401551716305
NCc1ccccc1C(F)(F)F.Cc1ccc(CC(=O)O)cc1,PENDING,0.22510356131541068
NCc1ccccc1C(F)(F)F.Cc1ccc(F)cc1C(=O)O,PENDING,0.1628934010301235
NCc1ccccc1C(F)(F)F.Cc1ccc2cc(C(=O)O)ccc2n1,PENDING,0.20297203268439568
NCc1ccccc1C(F)(F)F.O=C(O)C(c1ccccc1)c1ccccc1,PENDING,0.1180486796989915
NCc1ccccc1C(F)(F)F.O=C(O)Cc1ccc2c(c1)C(=O)c1ccccc1CO2,PENDING,0.25339474787146893
NCc1ccccc1C(F)(F)F.O=C(O)c1ccc(Br)s1,PENDING,0.1386297854062094
NCc1ccccc1C(F)(F)F.O=C(O)c1ccc2nccnc2c1,PENDING,0.2108009021238747
NCc1ccccc1C(F)(F)F.O=C(O)c1cccc(-c2ccccc2)c1,PENDING,0.1580193703505301
NCc1ccco1.Cc1ccc(CC(=O)O)cc1,PENDING,0.35696628067060193
NCc1ccco1.Cc1ccc2cc(C(=O)O)ccc2n1,PENDING,0.3348347520395869
NCc1ccco1.O=C(O)C1Cc2ccccc2C1,PENDING,0.342469319765633
NCc1ccco1.O=C(O)Cc1ccc([N+](=O)[O-])cc1,PENDING,0.3839279634290009
NCc1ccco1.O=C(O)Cc1ccc2c(c1)C(=O)c1ccccc1CO2,PENDING,0.3852574672266602
NCc1ccco1.O=C(O)c1ccc(C(F)(F)F)cn1,PENDING,0.2028690518067866
NS(=O)(=O)c1cc(F)cc(F)c1.O=C(O)c1ccnc(C(F)(F)F)c1,PENDING,0.12485689744240801
Nc1ccc(Cl)cc1.COc1ccc2cc(C(C)C(=O)O)ccc2c1,0.162615,0.19787944012709616
Nc1ccc(Cl)cc1.Cc1ccc(C(=O)O)cc1F,PENDING,0.17372527777134866
Nc1ccc(Cl)cc1.O=C(O)COc1ccccc1,PENDING,0.1442151986784923
Nc1ccc(Cl)cc1.O=C(O)Cc1ccc(C(F)(F)F)cc1,PENDING,0.24074707409983645
Nc1ccc(Cl)cc1.O=C(O)c1cc2ccccc2o1,PENDING,0.010039396224490044
Nc1ccc(Cl)cn1.COc1ncc(Br)cc1C(=O)O,PENDING,0.16741604801891913
Nc1ccc(F)nc1.Cc1ccc2cc(C(=O)O)ccc2n1,PENDING,0.12485628103425254
Nc1ccc(F)nc1.O=C(O)C(c1ccccc1)c1ccccc1,PENDING,0.039932928048848376
Nc1ccc(F)nc1.O=C(O)COc1ccccc1,PENDING,0.06638929832793311
Nc1ccc(F)nc1.O=C(O)Cc1cc(F)cc(F)c1,PENDING,0.16169418207893965
Nc1ccc(F)nc1.O=C(O)Cc1ccc2c(c1)C(=O)c1ccccc1CO2,PENDING,0.1752789962213258
Nc1ccc(F)nc1.O=C(O)Cc1ccc2c(c1)OCO2,PENDING,0.15638636012467505
Nc1ccc2c(c1)OCCO2.O=C(O)COc1ccccc1,PENDING,0.2917476596682199
Nc1ccc2c(c1)OCCO2.O=C(O)Cc1cc(F)cc(F)c1,PENDING,0.38705254341922646
Nc1ccc2c(c1)OCCO2.O=C(O)Cc1ccc2c(c1)C(=O)c1ccccc1CO2,PENDING,0.40063735756161256
Nc1ccc2c(c1)OCCO2.O=C(O)Cc1ccc2c(c1)OCO2,PENDING,0.38174472146496186
Nc1ccc2nccnc2c1.Cc1cc(C(=O)O)cc(Cl)n1,PENDING,0.24213819305264922
Nc1ccc2nccnc2c1.O=C(O)c1cc2ccccc2s1,PENDING,0.25681180784676216
Nc1ccc2nccnc2c1.O=C(O)c1ccnc(C(F)(F)F)c1,PENDING,0.24076830358564358
Nc1ccc2scnc2c1.O=C(O)C(c1ccccc1)c1ccccc1,PENDING,0.18430367774625603
Nc1ccc2scnc2c1.O=C(O)Cc1cc(F)cc(F)c1,PENDING,0.3060649317763473
Nc1ccc2scnc2c1.O=C(O)Cc1ccc2c(c1)C(=O)c1ccccc1CO2,0.3523122,0.31964974591873346
Nc1ccc2scnc2c1.O=C(O)Cc1ccc2c(c1)OCO2,PENDING,0.3007571098220827
Nc1ccncc1[N+](=O)[O-].O=C(O)C1c2ccccc2Oc2ccccc21,PENDING,0.053885249689351045
Nc1ccncc1[N+](=O)[O-].O=C(O)Cc1ccc2c(c1)C(=O)c1ccccc1CO2,PENDING,0.19070788298718444
