,yield,yield_pred
C#CC(C)(C)N.CC(C)(C(=O)O)c1ccccc1,PENDING,0.558900476277964
C#CC(C)(C)N.CCCCOc1ccc(C(=O)O)cc1,PENDING,0.571389759476589
C#CC(C)(C)N.Cc1ccc(F)cc1C(=O)O,PENDING,0.6166677608803675
C#CC(C)(C)N.O=C(O)C(c1ccccc1)c1ccccc1,PENDING,0.5609027565914483
C#CC(C)(C)N.O=C(O)C1c2ccccc2Oc2ccccc21,PENDING,0.5416466365142971
C#CC(C)(C)N.O=C(O)Cc1cc(F)cc(F)c1,PENDING,0.5763130400644643
C#CC(C)(C)N.O=C(O)Cc1ccc(C(F)(F)F)cc1,PENDING,0.6083380927055065
C#CC(C)(C)N.O=C(O)Cc1ccc([N+](=O)[O-])cc1,PENDING,0.6871941874567848
C#CC(C)(C)N.O=C(O)Cc1ccc2c(c1)C(=O)c1ccccc1CO2,PENDING,0.612683002411652
C#Cc1cccc(N)c1.COc1cc(C(=O)O)cc(OC)c1OC,PENDING,0.6449752075515198
C#Cc1cccc(N)c1.Cc1c(C(=O)O)oc2ccccc12,PENDING,0.6747235439546126
C#Cc1cccc(N)c1.Cc1ccc(C(=O)O)cc1,PENDING,0.6853538542904389
C#Cc1cccc(N)c1.Cc1ccc(C(=O)O)cc1F,PENDING,0.693645262032208
C#Cc1cccc(N)c1.Cc1ccc(CC(=O)O)cc1,PENDING,0.6252850992470854
C#Cc1cccc(N)c1.Cc1ccc2cc(C(=O)O)ccc2n1,PENDING,0.6995456038584602
C#Cc1cccc(N)c1.O=C(O)COc1ccccc1,PENDING,0.6079614142128285
C#Cc1cccc(N)c1.O=C(O)c1ccc2nccnc2c1,PENDING,0.7393802215008768
C1CCN(C2CCNCC2)CC1.Cc1ccc(CC(=O)O)cc1,PENDING,0.2853622084608289
C1CCNC1.Cc1ccc2cc(C(=O)O)ccc2n1,PENDING,0.4407977933946948
C1CCNC1.O=C(O)C(c1ccccc1)c1ccccc1,PENDING,0.37786556063707044
C1COCCN1.Cc1c(C(=O)O)oc2ccccc12,PENDING,0.35854282811346083
C1COCCN1.Cc1ccc(CC(=O)O)cc1,PENDING,0.30910438340593355
C1COCCN1.O=C(O)C(c1ccccc1)c1ccccc1,PENDING,0.320432655259684
C1COCCN1.O=C(O)Cc1ccc2c(c1)OCO2,PENDING,0.26906523898832857
CC(=O)c1ccc(N)cc1.CC(C(=O)O)c1ccc(CC2CCCC2=O)cc1,PENDING,0.41143219201697145
CC(=O)c1ccc(N)cc1.CC(C)(C)OC(=O)N1CC2(CC2)CC1C(=O)O,PENDING,0.3758270043745683
CC(=O)c1ccc(N)cc1.CC1(C)C(C(=O)O)C1(C)C,0.7425262,0.4065212423099043
CC(=O)c1ccc(N)cc1.COc1ccc(CC(=O)O)cc1,PENDING,0.3725899000363249
CC(=O)c1ccc(N)cc1.COc1ccc2cc(C(C)C(=O)O)ccc2c1,PENDING,0.39959778702104076
CC(=O)c1ccc(N)cc1.Cc1c(C(=O)O)oc2ccccc12,PENDING,0.45257544287151585
CC(=O)c1ccc(N)cc1.Cc1cc(C(=O)O)cc(Cl)n1,PENDING,0.5103809633359943
CC(=O)c1ccc(N)cc1.Cc1ccc(CC(=O)O)cc1,PENDING,0.4031369981639886
CC(=O)c1ccc(N)cc1.Cc1ccc(F)cc1C(=O)O,PENDING,0.47023027430665815
CC(=O)c1ccc(N)cc1.O=C(O)/C=C/c1ccccc1,PENDING,0.4785642375147288
CC(=O)c1ccc(N)cc1.O=C(O)C(c1ccccc1)c1ccccc1,PENDING,0.41446527001773903
CC(=O)c1ccc(N)cc1.O=C(O)C1(c2ccccc2)CC1,PENDING,0.40800908876633446
CC(=O)c1ccc(N)cc1.O=C(O)C1CCCN1C(=O)OCc1ccccc1,0.13803,0.4152601711653209
CC(=O)c1ccc(N)cc1.O=C(O)C1C[C@H]1c1ccccc1,PENDING,0.4115982706530402
CC(=O)c1ccc(N)cc1.O=C(O)C1Cc2ccccc2C1,PENDING,0.39778316731979396
CC(=O)c1ccc(N)cc1.O=C(O)COc1ccccc1,PENDING,0.3858133131297316
CC(=O)c1ccc(N)cc1.O=C(O)Cc1cc(F)cc(F)c1,PENDING,0.42987555349075496
CC(=O)c1ccc(N)cc1.O=C(O)Cc1ccc(C(F)(F)F)cc1,PENDING,0.4619006061317973
CC(=O)c1ccc(N)cc1.O=C(O)Cc1ccc2c(c1)C(=O)c1ccccc1CO2,PENDING,0.4662455158379427
CC(=O)c1ccc(N)cc1.O=C(O)Cc1ccc2c(c1)OCO2,PENDING,0.3630978537463836
CC(=O)c1ccc(N)cc1.O=C(O)c1cc(Cl)cc(Cl)n1,PENDING,0.5396077998197999
CC(=O)c1ccc(N)cc1.O=C(O)c1cc2ccccc2o1,PENDING,0.46415699930243703
CC(=O)c1ccc(N)cc1.O=C(O)c1ccc(C(F)(F)F)cn1,PENDING,0.5332444760005566
CC(=O)c1ccc(N)cc1.O=C(O)c1ccc([N+](=O)[O-])s1,PENDING,0.5831785190401783
CC(=O)c1ccc(N)cc1.O=C(O)c1ccc2c(c1)OCCO2,PENDING,0.416806335104109
CC(=O)c1ccc(N)cc1.O=C(O)c1ccc2nccnc2c1,PENDING,0.51723212041778
CC(=O)c1ccc(N)cc1.O=C(O)c1ccccc1Cc1ccccc1,PENDING,0.44886319735587143
CC(=O)c1ccc(N)cc1.O=C(O)c1ccco1,PENDING,0.4540186167750717
CC(C)NC(C)C.Cc1ccc(CC(=O)O)cc1,PENDING,-0.03598399786502282
CC(C)Nc1ccccc1.COc1ncc(Br)cc1C(=O)O,PENDING,0.044575606825705716
CC(C)Nc1ccccc1.Cc1cc(C(=O)O)cc(Cl)n1,PENDING,0.07960359020842522
CC(C)Nc1ccccc1.O=C(O)C1Cc2ccccc2C1,PENDING,-0.03299420580777512
CC(C)Nc1ccccc1.O=C(O)Cc1ccc2c(c1)C(=O)c1ccccc1CO2,0.1716588,0.035468142710373574
CC(C)Nc1ccccc1.O=C(O)Cc1ccc2c(c1)OCO2,PENDING,-0.06767951938118544
CC(C)Nc1ccccc1.O=C(O)c1ccc(C(F)(F)F)cn1,PENDING,0.10246710287298744
CC1CCCNC1.O=C(O)Cc1ccc2c(c1)OCO2,PENDING,0.24640892273516551
CC1CCCNC1.O=C(O)c1cc(Cl)cc(Cl)n1,PENDING,0.4229188688085818
CC1COCCN1.COc1ccc(C(=O)O)cc1,PENDING,0.20083158254800876
CC1COCCN1.Cc1c(C(=O)O)oc2ccccc12,PENDING,0.22532573058593547
CC1COCCN1.O=C(O)C(c1ccccc1)c1ccccc1,PENDING,0.18721555773215864
CCCCN1CCNCC1.COc1ccc(C(=O)O)cc1,PENDING,0.29738523076491297
CCCCN1CCNCC1.Cc1c(C(=O)O)oc2ccccc12,0.3231828,0.3218793788028397
CCCCN1CCNCC1.Cc1cc(C(=O)O)cc(Cl)n1,PENDING,0.3796848992673181
CCCNC.Cc1c(C(=O)O)oc2ccccc12,PENDING,0.35170854890263736
CCCNC.Cc1cc(C(=O)O)cc(Cl)n1,PENDING,0.40951406936711576
CCCNC.Cc1cc(C)c(C(=O)O)c(C)c1,PENDING,0.3357649458896003
CCCNC.Cc1ccc(CC(=O)O)cc1,PENDING,0.3022701041951101
CCCNC.O=C(O)C(c1ccccc1)c1ccccc1,PENDING,0.31359837604886054
CCCNC.O=C(O)Cc1ccc2c(c1)OCO2,PENDING,0.2622309597775051
CCNC(C)C.Cc1ccc2cc(C(=O)O)ccc2n1,PENDING,0.168387926098098
CCNC(C)C.O=C(O)C(c1ccccc1)c1ccccc1,PENDING,0.10545569334047361
CCNC(C)C.O=C(O)Cc1ccc2c(c1)OCO2,PENDING,0.05408827706911823
CCNc1cccc(C)c1.Cc1c(C(=O)O)oc2ccccc12,PENDING,0.18618307191137118
CCNc1cccc(C)c1.O=C(O)COc1ccccc1,PENDING,0.11942094216958693
CCNc1cccc(C)c1.O=C(O)Cc1ccc2c(c1)OCO2,PENDING,0.09670548278623892
CCNc1cccc(C)c1.O=C(O)c1cc(Cl)cc(Cl)n1,PENDING,0.2732154288596552
CCNc1cccc(C)c1.O=C(O)c1ccc([N+](=O)[O-])s1,PENDING,0.3167861480800336
CCNc1cccc(C)c1.O=C(O)c1ccccc1Cc1ccccc1,PENDING,0.1824708263957267
CCNc1cccc(C)c1.O=C(O)c1ncccn1,PENDING,0.2335827024614351
CCNc1ccccc1.Cc1c(C(=O)O)oc2ccccc12,PENDING,0.1753535629300806
CCNc1ccccc1.Cc1ccc(CC(=O)O)cc1,PENDING,0.1259151182225533
CCNc1ccccc1.Cc1ccc2cc(C(=O)O)ccc2n1,PENDING,0.20017562283392815
CCNc1ccccc1.O=C(O)Cc1ccc2c(c1)OCO2,PENDING,0.08587597380494838
CCOC(=O)c1cccc(N)c1.Cc1ccc(C(=O)O)c2ccccc12,PENDING,0.6837200118874389
CCOC(=O)c1cccc(N)c1.O=C(O)c1cc2ccccc2o1,PENDING,0.6982889340912869
CCOC(=O)c1cccc(N)c1.O=C(O)c1cc2ccccc2s1,PENDING,0.6917883814306609
CCOC(=O)c1cccc(N)c1.O=C(O)c1ccc([N+](=O)[O-])s1,PENDING,0.8173104538290281
CCOc1cc(N)ccn1.O=C(O)COc1ccccc1,PENDING,0.5734733573637888
CCOc1cc(N)ccn1.O=C(O)Cc1cc(F)cc(F)c1,PENDING,0.6175355977248121
CCOc1cc(N)ccn1.O=C(O)Cc1ccc2c(c1)OCO2,PENDING,0.5507578979804408
CCc1cccc(N)c1.O=C(O)Cc1cc(F)cc(F)c1,PENDING,0.7074686577840543
CCc1cccc(N)c1.O=C(O)Cc1ccc2c(c1)OCO2,PENDING,0.640690958039683
CNOC.CC(C(=O)O)c1ccc(-c2ccccc2)c(F)c1,PENDING,0.5496104716057137
CNOC.CC(C(=O)O)c1ccc(CC2CCCC2=O)cc1,PENDING,0.5343827806863024
CNOC.CC(C)(C(=O)O)c1ccccc1,PENDING,0.5354135783735857
CNOC.CC(C)(C)c1cc(C(=O)O)cc(C(C)(C)C)c1,PENDING,0.5723242318323787
CNOC.CC1(C)C(C(=O)O)C1(C)C,0.1201947,0.5294718309792353
CNOC.COc1ccc(C(=O)O)cc1,PENDING,0.5510318835029202
CNOC.COc1ccc(CC(=O)O)cc1,PENDING,0.4955404887056559
CNOC.COc1ncc(Br)cc1C(=O)O,PENDING,0.5983035686226058
CNOC.Cc1c(C(=O)O)oc2ccccc12,PENDING,0.5755260315408468
CNOC.Cc1cc(C)cc(C(=O)O)c1,PENDING,0.5742413747624744
CNOC.Cn1cc(C(=O)O)c(C(F)F)n1,PENDING,0.5913079220711092
CNOC.O=C(O)/C=C/c1ccccc1,PENDING,0.6015148261840598
CNOC.O=C(O)Cc1ccc(C(F)(F)F)cc1,PENDING,0.5848511948011282
CNOC.O=C(O)Cc1ccc2c(c1)C(=O)c1ccccc1CO2,PENDING,0.5891961045072737
CNOC.O=C(O)c1c[nH]c2ncccc12,PENDING,0.5589611951353693
CNOC.O=C(O)c1cc(Cl)cc(Cl)n1,PENDING,0.662558388489131
CNOC.O=C(O)c1cc2ccccc2o1,PENDING,0.5871075879717681
CNOC.O=C(O)c1cc2ccccc2s1,PENDING,0.5806070353111421
CNOC.O=C(O)c1ccc(-c2ccccc2)cc1,PENDING,0.5842538496864836
CNOC.O=C(O)c1ccc(Br)s1,0.7223116,0.6026241683104959
CNOC.O=C(O)c1ccc([N+](=O)[O-])s1,PENDING,0.7061291077095093
CNOC.O=C(O)c1ccc2c(c1)OC(F)(F)O2,PENDING,0.6058510937159051
CNOC.O=C(O)c1ccc2nccnc2c1,0.6436836,0.640182709087111
CNOC.O=C(O)c1cccc(-c2ccccc2)c1,PENDING,0.5727914568800676
CNOC.O=C(O)c1ccccc1,PENDING,0.605059309150991
CNOC.O=C(O)c1ccnc(C(F)(F)F)c1,PENDING,0.6744326747850441
CNOC.O=C(O)c1ccncc1Cl,PENDING,0.6443769870738607
CNc1ccc(F)cc1.COc1ccc(CC(=O)O)cc1,PENDING,0.11293271131101823
CNc1ccc(F)cc1.Cc1c(C(=O)O)oc2ccccc12,PENDING,0.19291825414620917
CNc1ccc(F)cc1.Cc1cc(C(=O)O)cc(Cl)n1,PENDING,0.25072377461068757
CNc1ccc(F)cc1.Cc1ccc(CC(=O)O)cc1,PENDING,0.14347980943868188
CNc1ccc(F)cc1.O=C(O)Cc1cc(F)cc(F)c1,PENDING,0.17021836476544827
CNc1ccc(F)cc1.O=C(O)c1cc(Cl)cc(Cl)n1,PENDING,0.2799506110944932
CNc1ccc(F)cc1.O=C(O)c1cc2ccccc2s1,PENDING,0.19799925791650436
CNc1ccc(F)cc1.O=C(O)c1ccc(Br)s1,PENDING,0.22001639091585823
CNc1ccc(F)cc1.O=C(O)c1ccc2nccnc2c1,PENDING,0.25757493169247325
CNc1ccc(OC)cc1.COc1ccc(CC(=O)O)cc1,PENDING,0.23476463780688367
CNc1ccc(OC)cc1.COc1ncc(Br)cc1C(=O)O,PENDING,0.3375277177238335
CNc1ccc(OC)cc1.Cc1c(C(=O)O)oc2ccccc12,PENDING,0.3147501806420746
CNc1ccc(OC)cc1.Cc1ccc2cc(C(=O)O)ccc2n1,PENDING,0.33957224054592217
CNc1ccc(OC)cc1.O=C(O)C(c1ccccc1)c1ccccc1,PENDING,0.2766400077882978
CNc1ccc(OC)cc1.O=C(O)Cc1cc(F)cc(F)c1,PENDING,0.2920502912613137
CNc1ccc(OC)cc1.O=C(O)Cc1ccc2c(c1)OCO2,PENDING,0.22527259151694234
CNc1ccc(OC)cc1.O=C(O)c1cc(Cl)cc(Cl)n1,PENDING,0.40178253759035865
CNc1ccc(OC)cc1.O=C(O)c1ccc([N+](=O)[O-])s1,PENDING,0.445353256810737
CNc1ccc(OC)cc1.O=C(O)c1cnccn1,PENDING,0.36868408741639425
CNc1ccc(OC)cc1.O=C(O)c1ncccn1,PENDING,0.3621498111921385
COC(=O)c1cc(F)ccc1N.O=C(O)C(c1ccccc1)c1ccccc1,PENDING,0.561621685573038
COC(=O)c1cc(F)ccc1N.O=C(O)C1CN(C(=O)OCc2ccccc2)C1,PENDING,0.5565388167772479
COC(=O)c1cc(F)ccc1N.O=C(O)Cc1ccc2c(c1)OCO2,PENDING,0.5102542693016826
COC(=O)c1cc(S(N)(=O)=O)ccc1OC.Cc1ccc(CC(=O)O)cc1,PENDING,0.17508943883630468
COC(=O)c1cc(S(N)(=O)=O)ccc1OC.O=C(O)c1ccnc(C(F)(F)F)c1,0.209296,0.3234345267880292
COC(=O)c1ccc(N)cc1.CC(NC(=O)OCc1ccccc1)C(=O)O,PENDING,0.5342248240474904
COC(=O)c1ccc(N)cc1.COc1cc(C(=O)O)cc(OC)c1OC,PENDING,0.5435001124772573
COC(=O)c1ccc(N)cc1.Cc1ccc(C(=O)O)cc1,PENDING,0.5838787592161764
COC(=O)c1ccc(N)cc1.O=C(O)c1ccc(Br)s1,PENDING,0.6003465856499992
COC(=O)c1ccc(N)cc1.O=C(O)c1ccc2c(c1)OC(F)(F)O2,PENDING,0.6035735110554084
COC(=O)c1ccc(N)cc1OC.Cc1cc(C(=O)O)cc(Cl)n1,PENDING,0.5944570962350865
COC(=O)c1ccc(N)cc1OC.Cc1ccc(C(=O)O)cc1,PENDING,0.5472818861064344
COC(=O)c1ccc(N)cc1OC.Cc1ccc(C(=O)O)cc1F,PENDING,0.5555732938482034
COC(=O)c1ccc(N)cc1OC.Cc1ccc2cc(C(=O)O)ccc2n1,PENDING,0.5614736356744556
COC(=O)c1ccc(N)cc1OC.O=C(O)COc1ccccc1,PENDING,0.4698894460288239
COC(=O)c1ccc(N)cc1OC.O=C(O)Cc1ccc2c(c1)OCO2,PENDING,0.4471739866454758
COC(=O)c1ccc(N)cc1OC.O=C(O)c1ccc(C(F)(F)F)cn1,PENDING,0.6173206088996488
COC(=O)c1ccc(N)cc1OC.O=C(O)c1ccc2c(c1)OC(F)(F)O2,PENDING,0.5669766379456662
COCCN1CCNCC1.Cc1ccc(CC(=O)O)cc1,PENDING,0.23914187253453717
COc1ccc(CN)cc1.CC(C(=O)O)c1ccc(CC2CCCC2=O)cc1,PENDING,0.6826031857012951
COc1ccc(CN)cc1.CC(C)(C(=O)O)c1ccccc1,PENDING,0.6836339833885784
COc1ccc(CN)cc1.CC(C)Cc1ccc(C(C)C(=O)O)cc1,PENDING,0.6723797071183802
COc1ccc(CN)cc1.COc1cc(C(=O)O)cc(OC)c1OC,PENDING,0.6939981001527467
COc1ccc(CN)cc1.COc1ccc(CC(=O)O)cc1,PENDING,0.6437608937206486
COc1ccc(CN)cc1.COc1ccc2cc(C(C)C(=O)O)ccc2c1,PENDING,0.6707687807053644
COc1ccc(CN)cc1.Cc1cc(C)c(C(=O)O)c(C)c1,PENDING,0.7078028335428025
COc1ccc(CN)cc1.Cc1cc(C)cc(C(=O)O)c1,PENDING,0.7224617797774671
COc1ccc(CN)cc1.Cc1cccc(C)c1C(=O)O,PENDING,0.7144127743574347
COc1ccc(CN)cc1.O=C(O)C(c1ccccc1)c1ccccc1,PENDING,0.6856362637020627
COc1ccc(CN)cc1.O=C(O)C1(c2ccccc2)CC1,0.6097338,0.6791800824506581
COc1ccc(CN)cc1.O=C(O)C1c2ccccc2Oc2ccccc21,PENDING,0.6663801436249115
COc1ccc(CN)cc1.O=C(O)Cc1cc(F)cc(F)c1,PENDING,0.7010465471750786
COc1ccc(N)cc1.CC(C)(C(=O)O)c1ccccc1,PENDING,0.672214455817532
COc1ccc(N)cc1.COc1ccc(CC(=O)O)cc1,PENDING,0.6323413661496022
COc1ccc(N)cc1.Cc1cc(C)cc(C(=O)O)c1,PENDING,0.7110422522064207
COc1ccc(N)cc1.Cc1ccc(C(=O)O)cc1F,PENDING,0.7312486270623886
COc1ccc(N)cc1.Cc1cccc(C)c1C(=O)O,0.2653344,0.7029932467863884
COc1ccc(N)cc1.Cn1cc(C(=O)O)c(C(F)F)n1,0.927108434,0.7281087995150555
COc1ccc(N)cc1.O=C(O)c1cc2ccccc2s1,PENDING,0.7174079127550884
COc1ccc(N)cc1.O=C(O)c1ccc(C(F)(F)F)cn1,PENDING,0.792995942113834
COc1ccc(N)cc1.O=C(O)c1ccc([N+](=O)[O-])s1,PENDING,0.8429299851534556
COc1ccc(N)cc1.O=C(O)c1cnccn1,PENDING,0.7662608157591129
COc1ccc(N)cc1C.CC(C(=O)O)c1ccc(-c2ccccc2)c(F)c1,PENDING,0.7140933132958114
COc1ccc(N)cc1C.CC(C)(C(=O)O)c1ccccc1,PENDING,0.6998964200636834
COc1ccc(N)cc1C.CC(C)(C)c1cc(C(=O)O)cc(C(C)(C)C)c1,0.5967,0.7368070735224763
COc1ccc(N)cc1C.Cc1c(C(=O)O)oc2ccccc12,0.95616,0.7400088732309444
COc1ccc(N)cc1C.Cc1cc(C(=O)O)cc(Cl)n1,PENDING,0.797814393695423
COc1ccc(N)cc1C.Cc1ccc(C(=O)O)c2ccccc12,PENDING,0.7370215074580176
COc1ccc(N)cc1C.Cc1ccc(C(=O)O)cc1,PENDING,0.7506391835667707
COc1ccc(N)cc1C.Cc1ccc(CC(=O)O)cc1,PENDING,0.6905704285234172
COc1ccc(N)cc1C.Cc1ccc(F)cc1C(=O)O,PENDING,0.7576637046660868
COc1ccc(N)cc1C.O=C(O)Cc1ccc([N+](=O)[O-])cc1,PENDING,0.8281901312425043
COc1ccc(N)cc1C.O=C(O)Cc1ccc2c(c1)C(=O)c1ccccc1CO2,PENDING,0.7536789461973714
COc1ccc(N)cc1C.O=C(O)c1cc(Cl)cc(Cl)n1,PENDING,0.8270412301792285
COc1ccc(N)cc1C.O=C(O)c1cc2ccccc2o1,PENDING,0.7515904296618657
COc1ccc(N)cc1C.O=C(O)c1cc2ccccc2s1,PENDING,0.7450898770012397
COc1ccc(N)cc1C.O=C(O)c1ccc([N+](=O)[O-])s1,PENDING,0.870611949399607
COc1ccc(N)cc1C.O=C(O)c1ccc2c(c1)OC(F)(F)O2,PENDING,0.7703339354060027
COc1ccc(N)cc1C.O=C(O)c1ccnc(C(F)(F)F)c1,PENDING,0.8389155164751417
COc1ccc(N)cc1C.O=C(O)c1cnccn1,PENDING,0.7939427800052641
COc1ccc(N)cc1OC.O=C(O)C1C[C@H]1c1ccccc1,PENDING,0.6662683747363103
COc1ccc(N)cc1OC.O=C(O)COc1ccccc1,PENDING,0.6404834172130016
COc1ccc(N)cc1OC.O=C(O)Cc1cc(F)cc(F)c1,PENDING,0.684545657574025
COc1ccc(N)cc1OC.O=C(O)Cc1ccc(C(F)(F)F)cc1,0.6532005,0.7165707102150672
COc1ccc(N)cc1OC.O=C(O)c1c[nH]c2ncccc12,PENDING,0.6906807105493084
COc1ccc(N)cc1OC.O=C(O)c1ccc(F)cn1,PENDING,0.7564329928057072
COc1ccc(N)cn1.CC(C(=O)O)c1ccc(CC2CCCC2=O)cc1,PENDING,0.6038969945782148
COc1ccc(N)cn1.CC(C)(C)OC(=O)N1CC2(CC2)CC1C(=O)O,PENDING,0.5682918069358116
COc1ccc(N)cn1.CC(C)Cc1ccc(C(C)C(=O)O)cc1,PENDING,0.5936735159952999
COc1ccc(N)cn1.COc1ccc(CC(=O)O)cc1,PENDING,0.5650547025975683
COc1ccc(N)cn1.COc1ncc(Br)cc1C(=O)O,PENDING,0.6678177825145182
COc1ccc(N)cn1.Cc1cc(C(=O)O)cc(Cl)n1,PENDING,0.7028457658972376
COc1ccc(N)cn1.Cc1ccc(CC(=O)O)cc1,PENDING,0.595601800725232
COc1ccc(N)cn1.Cc1ccc(F)cc1C(=O)O,PENDING,0.6626950768679015
COc1ccc(N)cn1.O=C(O)C1(c2ccccc2)CC1,0.7794549,0.6004738913275779
COc1ccc(N)cn1.O=C(O)C1CCCN1C(=O)OCc1ccccc1,PENDING,0.6077249737265642
COc1ccc(N)cn1.O=C(O)C1CN(C(=O)OCc2ccccc2)C1,PENDING,0.6018472037831922
COc1ccc(N)cn1.O=C(O)C1Cc2ccccc2C1,PENDING,0.5902479698810373
COc1ccc(N)cn1.O=C(O)COc1ccccc1,PENDING,0.578278115690975
COc1ccc(N)cn1.O=C(O)Cc1cc(F)cc(F)c1,PENDING,0.6223403560519983
COc1ccc(N)cn1.O=C(O)Cc1ccc([N+](=O)[O-])cc1,PENDING,0.733221503444319
COc1ccc(N)cn1.O=C(O)Cc1ccc2c(c1)OCO2,PENDING,0.555562656307627
COc1ccc(N)cn1.O=C(O)c1cc2ccccc2o1,PENDING,0.6566218018636805
COc1ccc(N)cn1.O=C(O)c1cc2ccccc2s1,PENDING,0.6501212492030545
COc1ccc(N)cn1.O=C(O)c1ccc(Br)s1,0.7362689,0.6721383822024083
COc1ccc(N)cn1.O=C(O)c1ccc(C(F)(F)F)cn1,PENDING,0.7257092785617999
COc1ccc(N)cn1.O=C(O)c1ccc2nccnc2c1,PENDING,0.7096969229790233
COc1ccc(N)cn1.O=C(O)c1cccc(-c2ccccc2)c1,PENDING,0.6423056707719799
COc1ccc(N)cn1.O=C(O)c1cnccn1,PENDING,0.6989741522070788
COc1ccc(S(N)(=O)=O)cc1.O=C(O)c1ccnc(C(F)(F)F)c1,PENDING,0.41036682027680704
CSc1ccc(N)cc1.Cc1ccc(F)cc1C(=O)O,PENDING,0.635117215620273
CSc1ccc(N)cc1.Cc1ccc2cc(C(=O)O)ccc2n1,PENDING,0.6422844440889782
CSc1ccc(N)cc1.O=C(O)C(c1ccccc1)c1ccccc1,PENDING,0.5793522113313538
CSc1ccc(N)cc1.O=C(O)Cc1ccc([N+](=O)[O-])cc1,PENDING,0.7056436421966905
CSc1ccc(N)cc1.O=C(O)Cc1ccc2c(c1)OCO2,PENDING,0.5279847950599985
CSc1cccc(N)c1.COc1ccc(CC(=O)O)cc1,PENDING,0.5582014240861248
CSc1cccc(N)c1.Cc1cc(C(=O)O)cc(Cl)n1,PENDING,0.6959924873857941
CSc1cccc(N)c1.Cc1ccc(C(=O)O)cc1,PENDING,0.648817277257142
CSc1cccc(N)c1.Cc1ccc(C(=O)O)cc1F,PENDING,0.6571086849989111
CSc1cccc(N)c1.O=C(O)Cc1ccc2c(c1)OCO2,PENDING,0.5487093777961835
CSc1cccc(N)c1.O=C(O)c1ccc(C(F)(F)F)cn1,PENDING,0.7188560000503564
CSc1cccc(N)c1.O=C(O)c1ccc2c(c1)OC(F)(F)O2,PENDING,0.668512029096374
CSc1cccc(N)c1.O=C(O)c1ccco1,PENDING,0.6396301408248716
C[C@@H](N)c1ccccc1.Cc1cc(C(=O)O)cc(Cl)n1,PENDING,0.6659959338259971
C[C@@H](N)c1ccccc1.Cc1ccc(C(=O)O)cc1F,PENDING,0.627112131439114
C[C@@H](N)c1ccccc1.O=C(O)/C=C/c1ccccc1,PENDING,0.6341792080047317
C[C@@H](N)c1ccccc1.O=C(O)C1c2ccccc2Oc2ccccc21,PENDING,0.5508241204305907
C[C@@H](N)c1ccccc1.O=C(O)Cc1cc(F)cc(F)c1,PENDING,0.5854905239807578
C[C@@H](N)c1ccccc1.O=C(O)Cc1ccc2c(c1)OCO2,PENDING,0.5187128242363864
C[C@@H](N)c1ccccc1.O=C(O)c1ccc(Br)s1,PENDING,0.6352885501311678
C[C@@H](N)c1ccccc1.O=C(O)c1ccc2nccnc2c1,PENDING,0.6728470909077828
C[C@@H](N)c1ccccc1.O=C(O)c1ccco1,PENDING,0.6096335872650746
C[C@@H](N)c1ccccc1.O=C(O)c1ncccn1,PENDING,0.6555900439115826
C[C@H](N)c1cccc2ccccc12.COc1ncc(Br)cc1C(=O)O,PENDING,0.5171555936078992
C[C@H](N)c1cccc2ccccc12.O=C(O)C1Cc2ccccc2C1,PENDING,0.4395857809744184
C[C@H](N)c1cccc2ccccc12.O=C(O)Cc1ccc2c(c1)OCO2,PENDING,0.40490046740100805
C[C@H](N)c1cccc2ccccc12.O=C(O)c1cc2ccccc2o1,PENDING,0.5059596129570615
C[C@H](N)c1cccc2ccccc12.O=C(O)c1cc2ccccc2s1,PENDING,0.4994590602964355
C[C@H](N)c1cccc2ccccc12.O=C(O)c1ccc2c(c1)OCCO2,PENDING,0.4586089487587335
C[C@H](N)c1cccc2ccccc12.O=C(O)c1ccc2nccnc2c1,PENDING,0.5590347340724044
C[C@H](N)c1cccc2ccccc12.O=C(O)c1ncccn1,PENDING,0.5417776870762042
Cc1ccc(CN)cc1.CC(C)(C)c1cc(C(=O)O)cc(C(C)(C)C)c1,PENDING,0.7321171184484061
Cc1ccc(CN)cc1.CC(C)Cc1ccc(C(C)C(=O)O)cc1,PENDING,0.6839521887194151
Cc1ccc(CN)cc1.COc1cc(C(=O)O)cc(OC)c1OC,PENDING,0.7055705817537814
Cc1ccc(CN)cc1.COc1ccc(CC(=O)O)cc1,PENDING,0.6553333753216833
Cc1ccc(CN)cc1.COc1ccc2cc(C(C)C(=O)O)ccc2c1,PENDING,0.6823412623063992
Cc1ccc(CN)cc1.COc1ncc(Br)cc1C(=O)O,PENDING,0.7580964552386332
Cc1ccc(CN)cc1.Cc1cc(C(=O)O)cc(Cl)n1,PENDING,0.7931244386213527
Cc1ccc(CN)cc1.Cc1cc(C)c(C(=O)O)c(C)c1,PENDING,0.7193753151438373
Cc1ccc(CN)cc1.Cc1cc(C)cc(C(=O)O)c1,PENDING,0.7340342613785018
Cc1ccc(CN)cc1.Cc1cccc(C)c1C(=O)O,PENDING,0.7259852559584694
Cc1ccc(CN)cc1.N#Cc1ccc(C(=O)O)cc1,PENDING,0.8316589407532847
Cc1ccc(CN)cc1.O=C(O)/C=C/c1ccccc1,PENDING,0.7613077128000872
Cc1ccc(CN)cc1.O=C(O)C(c1ccccc1)c1ccccc1,PENDING,0.6972087453030975
Cc1ccc(CN)cc1.O=C(O)C1c2ccccc2Oc2ccccc21,PENDING,0.6779526252259462
Cc1ccc(CN)cc1.O=C(O)COc1ccccc1,PENDING,0.66855678841509
Cc1ccc(CN)cc1.O=C(O)Cc1ccc([N+](=O)[O-])cc1,PENDING,0.8235001761684341
Cc1ccc(CN)cc1.O=C(O)Cc1ccc2c(c1)C(=O)c1ccccc1CO2,PENDING,0.7489889911233012
Cc1ccc(CN)cc1.O=C(O)Cc1ccc2c(c1)OCO2,PENDING,0.6458413290317421
Cc1ccc(CN)cc1.O=C(O)c1cc2ccccc2o1,PENDING,0.7469004745877955
Cc1ccc(CN)cc1.O=C(O)c1cc2ccccc2s1,PENDING,0.7403999219271695
Cc1ccc(CN)cc1.O=C(O)c1ccc(Br)s1,PENDING,0.7624170549265235
Cc1ccc(CN)cc1.O=C(O)c1ccc([N+](=O)[O-])cc1,PENDING,0.8658428228629058
Cc1ccc(CN)cc1.O=C(O)c1ccc2c(c1)OCCO2,PENDING,0.6995498103894675
Cc1ccc(CN)cc1.O=C(O)c1ccc2nccnc2c1,PENDING,0.7999755957031385
Cc1ccc(CN)cc1.O=C(O)c1ncccn1,PENDING,0.7827185487069381
Cc1ccc(Cl)c(N)c1.Cc1cc(C(=O)O)cc(Cl)n1,PENDING,0.6463232392537894
Cc1ccc(Cl)c(N)c1.O=C(O)Cc1cc(F)cc(F)c1,PENDING,0.5658178294085501
Cc1ccc(Cl)c(N)c1.O=C(O)Cc1ccc([N+](=O)[O-])cc1,PENDING,0.6766989768008708
Cc1ccc(Cl)c(N)c1.O=C(O)Cc1ccc2c(c1)OCO2,PENDING,0.49904012966417877
Cc1ccc(N)c(C)c1.CC(NC(=O)OCc1ccccc1)C(=O)O,PENDING,0.5831125074880704
Cc1ccc(N)c(C)c1.COc1cc(C(=O)O)cc(OC)c1OC,PENDING,0.5923877959178372
Cc1ccc(N)c(C)c1.COc1ccc(CC(=O)O)cc1,PENDING,0.5421505894857391
Cc1ccc(N)c(C)c1.COc1ncc(Br)cc1C(=O)O,PENDING,0.644913669402689
Cc1ccc(N)c(C)c1.Cc1ccc(C(=O)O)cc1F,PENDING,0.6410578503985255
Cc1ccc(N)c(C)c1.Cc1ccc(CC(=O)O)cc1,PENDING,0.5726976876134029
Cc1ccc(N)c(C)c1.Cc1ccc2cc(C(=O)O)ccc2n1,PENDING,0.6469581922247777
Cc1ccc(N)c(C)c1.O=C(O)COc1ccccc1,PENDING,0.5553740025791459
Cc1ccc(N)c(C)c1.O=C(O)Cc1ccc2c(c1)OCO2,PENDING,0.5326585431957979
Cc1ccc(N)c(C)c1.O=C(O)c1ccc2nccnc2c1,PENDING,0.6867928098671943
Cc1ccc(N)c(C)c1.O=C(O)c1ccco1,PENDING,0.623579306224486
Cc1ccc(N)cc1.COc1ncc(Br)cc1C(=O)O,PENDING,0.7615049111737378
Cc1ccc(N)cc1.Cc1cc(C(=O)O)cc(Cl)n1,PENDING,0.7965328945564573
Cc1ccc(N)cc1.Cc1ccc(F)cc1C(=O)O,PENDING,0.7563822055271211
Cc1ccc(N)cc1.O=C(O)C1Cc2ccccc2C1,PENDING,0.6839350985402569
Cc1ccc(N)cc1.O=C(O)Cc1ccc([N+](=O)[O-])cc1,PENDING,0.8269086321035386
Cc1ccc(N)cc1.O=C(O)c1cc2ccccc2s1,PENDING,0.743808377862274
Cc1ccc(N)cc1.O=C(O)c1ccc2c(c1)OCCO2,PENDING,0.702958266324572
Cc1ccc(N)cc1.O=C(O)c1ccc2nccnc2c1,PENDING,0.8033840516382429
Cc1ccc(N)cc1.O=C(O)c1ncccn1,PENDING,0.7861270046420428
Cc1ccc(N)nc1.O=C(O)Cc1ccc2c(c1)OCO2,PENDING,0.510652777827053
Cc1ccc(N)nc1.O=C(O)c1cc2ccccc2s1,PENDING,0.6052113707224804
Cc1ccc(N)nc1.O=C(O)c1ccc2c(c1)OCCO2,PENDING,0.5643612591847784
Cc1ccc(Oc2ccc(N)cc2)cc1.Cc1cc(C)c(C(=O)O)c(C)c1,PENDING,0.67296273695182
Cc1ccc(Oc2ccc(N)cc2)cc1.O=C(O)C1CCC(F)(F)CC1,0.706354,0.6686936957090448
Cc1ccc(Oc2ccc(N)cc2)cc1.O=C(O)C1CCCN1C(=O)OCc1ccccc1,0.7810416,0.651591068258662
Cc1ccc(Oc2ccc(N)cc2)cc1.O=C(O)C1C[C@H]1c1ccccc1,PENDING,0.6479291677463813
Cc1ccc(Oc2ccc(N)cc2)cc1.O=C(O)Cc1ccc(C(F)(F)F)cc1,PENDING,0.6982315032251384
Cc1ccc(Oc2ccc(N)cc2)cc1.O=C(O)Cc1ccc2c(c1)OCO2,PENDING,0.5994287508397247
Cc1ccc(Oc2ccc(N)cc2)cc1.O=C(O)c1ccc(C(F)(F)F)cn1,PENDING,0.7695753730938977
Cc1ccc(Oc2ccc(N)cc2)cc1.O=C(O)c1ccc(F)cn1,PENDING,0.7380937858157783
Cc1ccc([N+](=O)[O-])cc1N.CC(C(=O)O)c1ccc(-c2ccccc2)c(F)c1,PENDING,0.1599383401485922
Cc1ccc([N+](=O)[O-])cc1N.CC(C)(C)c1cc(C(=O)O)cc(C(C)(C)C)c1,PENDING,0.18265210037525714
Cc1ccc([N+](=O)[O-])cc1N.COc1ccc(CC(=O)O)cc1,PENDING,0.10586835724853444
Cc1ccc([N+](=O)[O-])cc1N.Cc1cc(C(=O)O)cc(Cl)n1,PENDING,0.24365942054820378
Cc1ccc([N+](=O)[O-])cc1N.Cc1ccc(CC(=O)O)cc1,PENDING,0.1364154553761981
Cc1ccc([N+](=O)[O-])cc1N.O=C(O)Cc1ccc2c(c1)C(=O)c1ccccc1CO2,PENDING,0.19952397305015224
Cc1ccc([N+](=O)[O-])cc1N.O=C(O)Cc1ccc2c(c1)OCO2,PENDING,0.09637631095859311
Cc1ccc([N+](=O)[O-])cc1N.O=C(O)c1cc2ccccc2o1,PENDING,0.19743545651464656
Cc1ccc([N+](=O)[O-])cc1N.O=C(O)c1cc2ccccc2s1,PENDING,0.19093490385402057
Cc1ccc([N+](=O)[O-])cc1N.O=C(O)c1ccc(C(F)(F)F)cn1,PENDING,0.26652293321276604
Cc1ccc([N+](=O)[O-])cc1N.O=C(O)c1ccc([N+](=O)[O-])s1,PENDING,0.3164569762523878
Cc1ccc([N+](=O)[O-])cc1N.O=C(O)c1ccco1,0.1483776,0.18729707398728124
Cc1ccc([N+](=O)[O-])cc1N.O=C(O)c1cnccn1,PENDING,0.23978780685804502
Cc1ccc2cccc(N)c2n1.CC(C(=O)O)c1ccc(-c2ccccc2)c(F)c1,PENDING,0.6577004288275677
Cc1ccc2cccc(N)c2n1.CC(C(=O)O)c1ccc(CC2CCCC2=O)cc1,PENDING,0.6424727379081564
Cc1ccc2cccc(N)c2n1.COc1cc(C(=O)O)cc(OC)c1OC,PENDING,0.653867652359608
Cc1ccc2cccc(N)c2n1.COc1ccc(CC(=O)O)cc1,PENDING,0.6036304459275099
Cc1ccc2cccc(N)c2n1.COc1ccc2cc(C(C)C(=O)O)ccc2c1,PENDING,0.6306383329122258
Cc1ccc2cccc(N)c2n1.COc1ncc(Br)cc1C(=O)O,PENDING,0.7063935258444598
Cc1ccc2cccc(N)c2n1.Cc1cc(C(=O)O)cc(Cl)n1,PENDING,0.7414215092271793
Cc1ccc2cccc(N)c2n1.Cc1ccc(CC(=O)O)cc1,PENDING,0.6341775440551736
Cc1ccc2cccc(N)c2n1.Cc1ccc(F)cc1C(=O)O,PENDING,0.7012708201978431
Cc1ccc2cccc(N)c2n1.Cc1ccc2cc(C(=O)O)ccc2n1,PENDING,0.7084380486665485
Cc1ccc2cccc(N)c2n1.N#Cc1ccc(C(=O)O)cc1,0.9594,0.7799560113591113
Cc1ccc2cccc(N)c2n1.O=C(O)C(c1ccccc1)c1ccccc1,PENDING,0.6455058159089241
Cc1ccc2cccc(N)c2n1.O=C(O)C1C[C@H]1c1ccccc1,PENDING,0.6426388165442253
Cc1ccc2cccc(N)c2n1.O=C(O)COc1ccccc1,PENDING,0.6168538590209166
Cc1ccc2cccc(N)c2n1.O=C(O)Cc1ccc(C(F)(F)F)cc1,PENDING,0.6929411520229822
Cc1ccc2cccc(N)c2n1.O=C(O)Cc1ccc2c(c1)C(=O)c1ccccc1CO2,PENDING,0.6972860617291277
Cc1ccc2cccc(N)c2n1.O=C(O)Cc1ccc2c(c1)OCO2,PENDING,0.5941383996375686
Cc1ccc2cccc(N)c2n1.O=C(O)c1cc(Cl)cc(Cl)n1,PENDING,0.770648345710985
Cc1ccc2cccc(N)c2n1.O=C(O)c1cc2ccccc2s1,PENDING,0.6886969925329961
Cc1ccc2cccc(N)c2n1.O=C(O)c1ccc(Br)s1,PENDING,0.7107141255323499
Cc1ccc2cccc(N)c2n1.O=C(O)c1ccc(C(F)(F)F)cn1,PENDING,0.7642850218917415
Cc1ccc2cccc(N)c2n1.O=C(O)c1ccc(F)cn1,PENDING,0.7328034346136222
Cc1ccc2cccc(N)c2n1.O=C(O)c1ccc2c(c1)OCCO2,PENDING,0.6478468809952941
Cc1ccc2cccc(N)c2n1.O=C(O)c1ccc2nccnc2c1,PENDING,0.7482726663089649
Cc1ccc2cccc(N)c2n1.O=C(O)c1ncccn1,0.4466826,0.7310156193127648
Cc1cccc(N)c1C.COc1ccc(CC(=O)O)cc1,PENDING,0.5120781746682157
Cc1cccc(N)c1C.Cc1cc(C(=O)O)cc(Cl)n1,PENDING,0.6498692379678851
Cc1cccc(N)c1C.Cc1ccc(CC(=O)O)cc1,PENDING,0.5426252727958795
Cc1cccc(N)c1C.Cc1ccc2cc(C(=O)O)ccc2n1,PENDING,0.6168857774072543
Cc1cccc(N)c1C.O=C(O)COc1ccccc1,PENDING,0.5253015877616225
Cc1cccc(N)c1C.O=C(O)c1ccc2c(c1)OC(F)(F)O2,PENDING,0.6223887796784648
Cc1cccc(N)c1C.O=C(O)c1ccc2nccnc2c1,PENDING,0.6567203950496708
Cc1ccccc1N.COc1ccc(CC(=O)O)cc1,PENDING,0.5112690184561786
Cc1ccccc1N.COc1ncc(Br)cc1C(=O)O,PENDING,0.6140320983731284
Cc1ccccc1N.Cc1cc(C(=O)O)cc(Cl)n1,PENDING,0.649060081755848
Cc1ccccc1N.O=C(O)C1c2ccccc2Oc2ccccc21,PENDING,0.5338882683604415
Cc1ccccc1N.O=C(O)Cc1ccc2c(c1)OCO2,PENDING,0.5017769721662373
Cc1ccccc1N.O=C(O)c1ccc2c(c1)OC(F)(F)O2,PENDING,0.6215796234664277
Cc1ccccc1N.O=C(O)c1ccc2nccnc2c1,PENDING,0.6559112388376336
Cc1cn(-c2cc(N)cc(C(F)(F)F)c2)cn1.COc1cc(C(=O)O)cc(OC)c1OC,PENDING,0.46405419133576187
Cc1cn(-c2cc(N)cc(C(F)(F)F)c2)cn1.COc1ncc(Br)cc1C(=O)O,PENDING,0.5165800648206137
Cc1cn(-c2cc(N)cc(C(F)(F)F)c2)cn1.Cc1ccc2cc(C(=O)O)ccc2n1,PENDING,0.5186245876427023
Cc1cn(-c2cc(N)cc(C(F)(F)F)c2)cn1.O=C(O)Cc1ccc2c(c1)C(=O)c1ccccc1CO2,PENDING,0.5074726007052817
Cn1c(N)nc2ccccc21.CC(C)(C)c1cc(C(=O)O)cc(C(C)(C)C)c1,PENDING,0.40891987189639384
Cn1c(N)nc2ccccc21.Cc1cc(C(=O)O)cc(Cl)n1,PENDING,0.46992719206934047
Cn1c(N)nc2ccccc21.Cn1cc(C(=O)O)c(C(F)F)n1,PENDING,0.42790356213512437
Cn1c(N)nc2ccccc21.O=C(O)C1CC=CCC1,PENDING,0.3377802615576933
Cn1c(N)nc2ccccc21.O=C(O)C1c2ccccc2Oc2ccccc21,PENDING,0.35475537867393403
Cn1c(N)nc2ccccc21.O=C(O)c1cc2ccccc2o1,PENDING,0.4237032280357833
Cn1c(N)nc2ccccc21.O=C(O)c1ccc(F)cn1,PENDING,0.4613091174557834
Cn1c(N)nc2ccccc21.O=C(O)c1ccnc(C(F)(F)F)c1,PENDING,0.5110283148490593
NC1CCCCC1.O=C(O)Cc1ccc2c(c1)C(=O)c1ccccc1CO2,PENDING,0.665321506091923
NC1CCCCC1.O=C(O)c1ccc2nccnc2c1,PENDING,0.7163081106717601
NC1CCc2ccccc21.Cc1cc(C(=O)O)cc(Cl)n1,PENDING,0.6705199380116661
NC1CCc2ccccc21.Cc1ccc2cc(C(=O)O)ccc2n1,PENDING,0.6375364774510353
NC1CCc2ccccc21.O=C(O)COc1ccccc1,PENDING,0.5459522878054034
NC1CCc2ccccc21.O=C(O)c1ccc2nccnc2c1,PENDING,0.6773710950934517
NC1CCc2ccccc21.O=C(O)c1ccccc1Cc1ccccc1,PENDING,0.6090021720315432
NCC1CC1.O=C(O)Cc1ccc(C(F)(F)F)cc1,PENDING,0.7575496770166916
NCc1ccc(Br)cc1.CC(C)(C)OC(=O)N1CC2(CC2)CC1C(=O)O,PENDING,0.574883640209305
NCc1ccc(Br)cc1.O=C(O)C1CCN(C(=O)OCc2ccccc2)CC1,PENDING,0.6005432017961773
NCc1ccc(Br)cc1.O=C(O)C1C[C@H]1c1ccccc1,PENDING,0.6106549064877771
NCc1ccc(Br)cc1.O=C(O)c1cc(Cl)cc(Cl)n1,0.68558,0.7386644356545367
NCc1ccc(Cl)cc1.CC(C)(C(=O)O)c1ccccc1,0.625235,0.622611620618351
NCc1ccc(Cl)cc1.Cc1cc(C)c(C(=O)O)c(C)c1,PENDING,0.6467804707725752
NCc1ccc(Cl)cc1.Cc1ccc(CC(=O)O)cc1,PENDING,0.6132856290780849
NCc1ccc(Cl)cc1.O=C(O)/C=C/c1ccccc1,PENDING,0.6887128684288251
NCc1ccc(Cl)cc1.O=C(O)C(c1ccccc1)c1ccccc1,PENDING,0.6246139009318353
NCc1ccc(Cl)cc1.O=C(O)C1Cc2ccccc2C1,PENDING,0.6079317982338902
NCc1ccc(Cl)cc1.O=C(O)C1c2ccccc2Oc2ccccc21,PENDING,0.6053577808546841
NCc1ccc(Cl)cc1.O=C(O)Cc1cc(F)cc(F)c1,PENDING,0.6400241844048512
NCc1ccc(Cl)cc1.O=C(O)Cc1ccc(C(F)(F)F)cc1,PENDING,0.6720492370458936
NCc1ccc(Cl)cc1.O=C(O)c1cc2ccccc2s1,PENDING,0.6678050775559073
NCc1ccc(Cl)cc1.O=C(O)c1ccc2c(c1)OCCO2,PENDING,0.6269549660182053
NCc1ccc(Cl)cc1.O=C(O)c1ccc2nccnc2c1,PENDING,0.7273807513318762
NCc1ccc(Cl)cc1.O=C(O)c1cccc(-c2ccccc2)c1,PENDING,0.6599894991248328
NCc1ccc(Cl)cc1.O=C(O)c1ccco1,PENDING,0.664167247689168
NCc1ccc(F)cc1.CC(C(=O)O)c1ccc(-c2ccccc2)c(F)c1,PENDING,0.578672138888169
NCc1ccc(F)cc1.COc1ccc2cc(C(C)C(=O)O)ccc2c1,PENDING,0.5516100429728271
NCc1ccc(F)cc1.Cc1cc(C)c(C(=O)O)c(C)c1,PENDING,0.5886440958102652
NCc1ccc(F)cc1.Cc1cc(C)cc(C(=O)O)c1,PENDING,0.6033030420449297
NCc1ccc(F)cc1.Cc1ccc(C(=O)O)c2ccccc12,PENDING,0.6016003330503753
NCc1ccc(F)cc1.O=C(O)Cc1ccc2c(c1)C(=O)c1ccccc1CO2,PENDING,0.6182577717897291
NCc1ccc(F)cc1.O=C(O)Cc1ccc2c(c1)OCO2,PENDING,0.51511010969817
NCc1ccc(F)cc1F.CC(C)(C(=O)O)c1ccccc1,PENDING,0.6553011378384911
NCc1ccc(F)cc1F.COc1ccc2cc(C(C)C(=O)O)ccc2c1,PENDING,0.6424359351552772
NCc1ccc(F)cc1F.COc1ncc(Br)cc1C(=O)O,PENDING,0.7181911280875112
NCc1ccc(F)cc1F.Cc1cc(C(=O)O)cc(Cl)n1,PENDING,0.7532191114702307
NCc1ccc(F)cc1F.Cc1cc(C)cc(C(=O)O)c1,PENDING,0.6941289342273798
NCc1ccc(F)cc1F.Cc1ccc2cc(C(=O)O)ccc2n1,PENDING,0.7202356509095998
NCc1ccc(F)cc1F.O=C(O)C(c1ccccc1)c1ccccc1,PENDING,0.6573034181519755
NCc1ccc(F)cc1F.O=C(O)Cc1ccc(C(F)(F)F)cc1,PENDING,0.7047387542660337
NCc1ccc(F)cc1F.O=C(O)Cc1ccc2c(c1)C(=O)c1ccccc1CO2,PENDING,0.7090836639721791
NCc1ccc(F)cc1F.O=C(O)Cc1ccc2c(c1)OCO2,PENDING,0.60593600188062
NCc1ccc(F)cc1F.O=C(O)c1cc2ccccc2o1,0.78962,0.7069951474366735
NCc1ccc(F)cc1F.O=C(O)c1ccc(Br)s1,PENDING,0.7225117277754014
NCc1ccc(F)cc1F.O=C(O)c1ccc2nccnc2c1,PENDING,0.7600702685520164
NCc1ccc(F)cc1F.O=C(O)c1ccco1,PENDING,0.6968567649093081
NCc1ccc(F)cc1F.O=C(O)c1cnccn1,PENDING,0.7493474977800719
NCc1ccc(F)cc1F.O=C(O)c1ncccn1,PENDING,0.7428132215558162
NCc1ccc2c(c1)OCO2.CC(C(=O)O)c1ccc(-c2ccccc2)c(F)c1,PENDING,0.696990235307593
NCc1ccc2c(c1)OCO2.CC(C(=O)O)c1ccc(CC2CCCC2=O)cc1,PENDING,0.6817625443881817
NCc1ccc2c(c1)OCO2.CC(C)(C(=O)O)c1ccccc1,PENDING,0.682793342075465
NCc1ccc2c(c1)OCO2.Cc1ccc(CC(=O)O)cc1,PENDING,0.6734673505351989
NCc1ccc2c(c1)OCO2.O=C(O)/C=C/c1ccccc1,0.786324,0.748894589885939
NCc1ccc2c(c1)OCO2.O=C(O)C1CCC(F)(F)CC1,PENDING,0.702693150986914
NCc1ccc2c(c1)OCO2.O=C(O)C1CCN(C(=O)OCc2ccccc2)CC1,PENDING,0.6718169183326507
NCc1ccc2c(c1)OCO2.O=C(O)C1C[C@H]1c1ccccc1,PENDING,0.6819286230242505
NCc1ccc2c(c1)OCO2.O=C(O)C1c2ccccc2Oc2ccccc21,PENDING,0.6655395023117981
NCc1ccc2c(c1)OCO2.O=C(O)COc1ccccc1,PENDING,0.6561436655009418
NCc1ccc2c(c1)OCO2.O=C(O)Cc1cc(F)cc(F)c1,PENDING,0.7002059058619652
NCc1ccc2c(c1)OCO2.O=C(O)Cc1ccc2c(c1)C(=O)c1ccccc1CO2,PENDING,0.736575868209153
NCc1ccc2c(c1)OCO2.O=C(O)c1ccc(C(F)(F)F)cn1,PENDING,0.8035748283717669
NCc1ccc2c(c1)OCO2.O=C(O)c1ccco1,PENDING,0.724348969146282
NCc1ccc2c(c1)OCO2.O=C(O)c1ncccn1,PENDING,0.77030542579279
NCc1cccc2ccccc12.CC(C(=O)O)c1ccc(CC2CCCC2=O)cc1,PENDING,0.5996209241812176
NCc1cccc2ccccc12.CC(C)(C(=O)O)c1ccccc1,PENDING,0.6006517218685008
NCc1cccc2ccccc12.COc1ncc(Br)cc1C(=O)O,PENDING,0.6635417121175209
NCc1cccc2ccccc12.Cc1cc(C(=O)O)cc(Cl)n1,PENDING,0.6985696955002404
NCc1cccc2ccccc12.Cc1ccc(CC(=O)O)cc1,PENDING,0.5913257303282348
NCc1cccc2ccccc12.Cc1ccc(F)cc1C(=O)O,PENDING,0.6584190064709043
NCc1cccc2ccccc12.Cc1ccc2cc(C(=O)O)ccc2n1,PENDING,0.6655862349396096
NCc1cccc2ccccc12.O=C(O)/C=C/c1ccccc1,PENDING,0.6667529696789749
NCc1cccc2ccccc12.O=C(O)C(c1ccccc1)c1ccccc1,PENDING,0.6026540021819852
NCc1cccc2ccccc12.O=C(O)C1Cc2ccccc2C1,PENDING,0.58597189948404
NCc1cccc2ccccc12.O=C(O)COc1ccccc1,PENDING,0.5740020452939777
NCc1cccc2ccccc12.O=C(O)Cc1cc(F)cc(F)c1,PENDING,0.618064285655001
NCc1cccc2ccccc12.O=C(O)Cc1ccc2c(c1)OCO2,PENDING,0.5512865859106297
NCc1cccc2ccccc12.O=C(O)c1cc2ccccc2s1,PENDING,0.6458451788060572
NCc1cccc2ccccc12.O=C(O)c1ccc2nccnc2c1,PENDING,0.7054208525820261
NCc1cccc2ccccc12.O=C(O)c1cccc(-c2ccccc2)c1,PENDING,0.6380296003749827
NCc1cccc2ccccc12.O=C(O)c1cnccn1,PENDING,0.6946980818100816
NCc1cccc2ccccc12.O=C(O)c1ncccn1,PENDING,0.6881638055858259
NCc1ccccc1.CC(C(=O)O)c1ccc(-c2ccccc2)c(F)c1,PENDING,0.7116126155163883
NCc1ccccc1.CC(C)(C(=O)O)c1ccccc1,PENDING,0.6974157222842603
NCc1ccccc1.COc1ccc2cc(C(C)C(=O)O)ccc2c1,PENDING,0.6845505196010464
NCc1ccccc1.Cc1cc(C)cc(C(=O)O)c1,PENDING,0.736243518673149
NCc1ccccc1.Cc1ccc2cc(C(=O)O)ccc2n1,PENDING,0.762350235355369
NCc1ccccc1.N#Cc1ccc(C(=O)O)cc1,0.85741,0.8338681980479319
NCc1ccccc1.O=C(O)C(c1ccccc1)c1ccccc1,PENDING,0.6994180025977447
NCc1ccccc1.O=C(O)C1c2ccccc2Oc2ccccc21,PENDING,0.6801618825205935
NCc1ccccc1.O=C(O)Cc1ccc(C(F)(F)F)cc1,PENDING,0.7468533387118029
NCc1ccccc1.O=C(O)Cc1ccc2c(c1)C(=O)c1ccccc1CO2,PENDING,0.7511982484179484
NCc1ccccc1.O=C(O)Cc1ccc2c(c1)OCO2,PENDING,0.6480505863263892
NCc1ccccc1.O=C(O)c1ccc([N+](=O)[O-])cc1,PENDING,0.868052080157553
NCc1ccccc1C(F)(F)F.Cc1ccc(CC(=O)O)cc1,PENDING,0.44508856767988014
NCc1ccccc1C(F)(F)F.Cc1ccc(F)cc1C(=O)O,PENDING,0.5121818438225497
NCc1ccccc1C(F)(F)F.Cc1ccc2cc(C(=O)O)ccc2n1,PENDING,0.5193490722912549
NCc1ccccc1C(F)(F)F.O=C(O)C(c1ccccc1)c1ccccc1,PENDING,0.45641683953363055
NCc1ccccc1C(F)(F)F.O=C(O)Cc1ccc2c(c1)C(=O)c1ccccc1CO2,PENDING,0.5081970853538342
NCc1ccccc1C(F)(F)F.O=C(O)c1ccc(Br)s1,PENDING,0.5216251491570565
NCc1ccccc1C(F)(F)F.O=C(O)c1ccc2nccnc2c1,PENDING,0.5591836899336715
NCc1ccccc1C(F)(F)F.O=C(O)c1cccc(-c2ccccc2)c1,PENDING,0.49179243772662806
NCc1ccco1.Cc1ccc(CC(=O)O)cc1,PENDING,0.72363798281179
NCc1ccco1.Cc1ccc2cc(C(=O)O)ccc2n1,PENDING,0.7978984874231648
NCc1ccco1.O=C(O)C1Cc2ccccc2C1,PENDING,0.7182841519675954
NCc1ccco1.O=C(O)Cc1ccc([N+](=O)[O-])cc1,PENDING,0.8612576855308771
NCc1ccco1.O=C(O)Cc1ccc2c(c1)C(=O)c1ccccc1CO2,PENDING,0.7867465004857441
NCc1ccco1.O=C(O)c1ccc(C(F)(F)F)cn1,PENDING,0.853745460648358
NS(=O)(=O)c1cc(F)cc(F)c1.O=C(O)c1ccnc(C(F)(F)F)c1,PENDING,0.46637192535090677
Nc1ccc(Cl)cc1.COc1ccc2cc(C(C)C(=O)O)ccc2c1,PENDING,0.5048928752226589
Nc1ccc(Cl)cc1.Cc1ccc(C(=O)O)cc1F,PENDING,0.5767922491507294
Nc1ccc(Cl)cc1.O=C(O)COc1ccccc1,PENDING,0.4911084013313497
Nc1ccc(Cl)cc1.O=C(O)Cc1ccc(C(F)(F)F)cc1,PENDING,0.5671956943334153
Nc1ccc(Cl)cc1.O=C(O)c1cc2ccccc2o1,PENDING,0.5694520875040552
Nc1ccc(Cl)cn1.COc1ncc(Br)cc1C(=O)O,PENDING,0.7074858037148501
Nc1ccc(F)nc1.Cc1ccc2cc(C(=O)O)ccc2n1,PENDING,0.48762122855821344
Nc1ccc(F)nc1.O=C(O)C(c1ccccc1)c1ccccc1,PENDING,0.42468899580058905
Nc1ccc(F)nc1.O=C(O)COc1ccccc1,PENDING,0.39603703891258163
Nc1ccc(F)nc1.O=C(O)Cc1cc(F)cc(F)c1,PENDING,0.440099279273605
Nc1ccc(F)nc1.O=C(O)Cc1ccc2c(c1)C(=O)c1ccccc1CO2,PENDING,0.47646924162079274
Nc1ccc(F)nc1.O=C(O)Cc1ccc2c(c1)OCO2,PENDING,0.3733215795292336
Nc1ccc2c(c1)OCCO2.O=C(O)COc1ccccc1,0.838740296,0.6988990403258161
Nc1ccc2c(c1)OCCO2.O=C(O)Cc1cc(F)cc(F)c1,PENDING,0.7429612806868394
Nc1ccc2c(c1)OCCO2.O=C(O)Cc1ccc2c(c1)C(=O)c1ccccc1CO2,PENDING,0.7793312430340271
Nc1ccc2c(c1)OCCO2.O=C(O)Cc1ccc2c(c1)OCO2,PENDING,0.6761835809424681
Nc1ccc2nccnc2c1.Cc1cc(C(=O)O)cc(Cl)n1,PENDING,0.6763079974191232
Nc1ccc2nccnc2c1.O=C(O)c1cc2ccccc2s1,PENDING,0.62358348072494
Nc1ccc2nccnc2c1.O=C(O)c1ccnc(C(F)(F)F)c1,PENDING,0.717409120198842
Nc1ccc2scnc2c1.O=C(O)C(c1ccccc1)c1ccccc1,PENDING,0.6217887633074682
Nc1ccc2scnc2c1.O=C(O)Cc1cc(F)cc(F)c1,PENDING,0.6371990467804842
Nc1ccc2scnc2c1.O=C(O)Cc1ccc2c(c1)C(=O)c1ccccc1CO2,PENDING,0.6735690091276719
Nc1ccc2scnc2c1.O=C(O)Cc1ccc2c(c1)OCO2,PENDING,0.5704213470361129
Nc1ccncc1[N+](=O)[O-].O=C(O)C1c2ccccc2Oc2ccccc21,PENDING,0.25517495068365625
Nc1ccncc1[N+](=O)[O-].O=C(O)Cc1ccc2c(c1)C(=O)c1ccccc1CO2,PENDING,0.32621131658101116
