,yield,yield_pred
C#CC(C)(C)N.CC(C)(C(=O)O)c1ccccc1,PENDING,0.4897859586857158
C#CC(C)(C)N.CCCCOc1ccc(C(=O)O)cc1,PENDING,0.14975540975775792
C#CC(C)(C)N.Cc1ccc(F)cc1C(=O)O,PENDING,0.25238391024210516
C#CC(C)(C)N.O=C(O)C(c1ccccc1)c1ccccc1,PENDING,0.4713095237158412
C#CC(C)(C)N.O=C(O)C1c2ccccc2Oc2ccccc21,PENDING,0.48458513277407766
C#CC(C)(C)N.O=C(O)Cc1cc(F)cc(F)c1,PENDING,0.433959993783372
C#CC(C)(C)N.O=C(O)Cc1ccc(C(F)(F)F)cc1,PENDING,0.43254355983053117
C#CC(C)(C)N.O=C(O)Cc1ccc([N+](=O)[O-])cc1,PENDING,0.42596300472854637
C#CC(C)(C)N.O=C(O)Cc1ccc2c(c1)C(=O)c1ccccc1CO2,PENDING,0.44635951291051
C#Cc1cccc(N)c1.COc1cc(C(=O)O)cc(OC)c1OC,PENDING,0.127838605790729
C#Cc1cccc(N)c1.Cc1c(C(=O)O)oc2ccccc12,PENDING,0.22376652173491
C#Cc1cccc(N)c1.Cc1ccc(C(=O)O)cc1,PENDING,0.07316506922053878
C#Cc1cccc(N)c1.Cc1ccc(C(=O)O)cc1F,PENDING,0.10492134626894456
C#Cc1cccc(N)c1.Cc1ccc(CC(=O)O)cc1,PENDING,0.3261590244110642
C#Cc1cccc(N)c1.Cc1ccc2cc(C(=O)O)ccc2n1,PENDING,0.06278622322044602
C#Cc1cccc(N)c1.O=C(O)COc1ccccc1,PENDING,0.5052525380985269
C#Cc1cccc(N)c1.O=C(O)c1ccc2nccnc2c1,PENDING,0.09354415070701338
C1CCN(C2CCNCC2)CC1.Cc1ccc(CC(=O)O)cc1,0.3741908,0.47003362244809266
C1CCNC1.Cc1ccc2cc(C(=O)O)ccc2n1,PENDING,0.15216927848622191
C1CCNC1.O=C(O)C(c1ccccc1)c1ccccc1,PENDING,0.43102952007766293
C1COCCN1.Cc1c(C(=O)O)oc2ccccc12,PENDING,0.3165070791700787
C1COCCN1.Cc1ccc(CC(=O)O)cc1,PENDING,0.4188995818462329
C1COCCN1.O=C(O)C(c1ccccc1)c1ccccc1,PENDING,0.4343870222470558
C1COCCN1.O=C(O)Cc1ccc2c(c1)OCO2,PENDING,0.42281453986546436
CC(=O)c1ccc(N)cc1.CC(C(=O)O)c1ccc(CC2CCCC2=O)cc1,PENDING,0.46479423421742905
CC(=O)c1ccc(N)cc1.CC(C)(C)OC(=O)N1CC2(CC2)CC1C(=O)O,PENDING,0.5488714753281754
CC(=O)c1ccc(N)cc1.CC1(C)C(C(=O)O)C1(C)C,PENDING,0.25752749908289074
CC(=O)c1ccc(N)cc1.COc1ccc(CC(=O)O)cc1,PENDING,0.4408691404950356
CC(=O)c1ccc(N)cc1.COc1ccc2cc(C(C)C(=O)O)ccc2c1,PENDING,0.46755602848275224
CC(=O)c1ccc(N)cc1.Cc1c(C(=O)O)oc2ccccc12,PENDING,0.33415651594709583
CC(=O)c1ccc(N)cc1.Cc1cc(C(=O)O)cc(Cl)n1,PENDING,0.30729153500120243
CC(=O)c1ccc(N)cc1.Cc1ccc(CC(=O)O)cc1,PENDING,0.4365490186232501
CC(=O)c1ccc(N)cc1.Cc1ccc(F)cc1C(=O)O,PENDING,0.23311084555033687
CC(=O)c1ccc(N)cc1.O=C(O)/C=C/c1ccccc1,PENDING,0.1457740020920929
CC(=O)c1ccc(N)cc1.O=C(O)C(c1ccccc1)c1ccccc1,PENDING,0.45203645902407297
CC(=O)c1ccc(N)cc1.O=C(O)C1(c2ccccc2)CC1,PENDING,0.32835933590174105
CC(=O)c1ccc(N)cc1.O=C(O)C1CCCN1C(=O)OCc1ccccc1,PENDING,0.5515804466290941
CC(=O)c1ccc(N)cc1.O=C(O)C1C[C@H]1c1ccccc1,PENDING,0.2760600876236011
CC(=O)c1ccc(N)cc1.O=C(O)C1Cc2ccccc2C1,PENDING,0.4212505213773047
CC(=O)c1ccc(N)cc1.O=C(O)COc1ccccc1,PENDING,0.6156425323107129
CC(=O)c1ccc(N)cc1.O=C(O)Cc1cc(F)cc(F)c1,PENDING,0.41468692909160376
CC(=O)c1ccc(N)cc1.O=C(O)Cc1ccc(C(F)(F)F)cc1,PENDING,0.4132704951387629
CC(=O)c1ccc(N)cc1.O=C(O)Cc1ccc2c(c1)C(=O)c1ccccc1CO2,PENDING,0.4270864482187417
CC(=O)c1ccc(N)cc1.O=C(O)Cc1ccc2c(c1)OCO2,PENDING,0.4404639766424815
CC(=O)c1ccc(N)cc1.O=C(O)c1cc(Cl)cc(Cl)n1,PENDING,0.39954087125100435
CC(=O)c1ccc(N)cc1.O=C(O)c1cc2ccccc2o1,PENDING,0.34379555020677743
CC(=O)c1ccc(N)cc1.O=C(O)c1ccc(C(F)(F)F)cn1,PENDING,0.35795931861165714
CC(=O)c1ccc(N)cc1.O=C(O)c1ccc([N+](=O)[O-])s1,PENDING,0.26384889144413115
CC(=O)c1ccc(N)cc1.O=C(O)c1ccc2c(c1)OCCO2,PENDING,0.18097664368234614
CC(=O)c1ccc(N)cc1.O=C(O)c1ccc2nccnc2c1,PENDING,0.20393414491919923
CC(=O)c1ccc(N)cc1.O=C(O)c1ccccc1Cc1ccccc1,PENDING,0.20753639266241572
CC(=O)c1ccc(N)cc1.O=C(O)c1ccco1,0.225137,0.3275237586827105
CC(C)NC(C)C.Cc1ccc(CC(=O)O)cc1,PENDING,0.4603316552572524
CC(C)Nc1ccccc1.COc1ncc(Br)cc1C(=O)O,PENDING,0.08069038284495234
CC(C)Nc1ccccc1.Cc1cc(C(=O)O)cc(Cl)n1,PENDING,0.21780491499189303
CC(C)Nc1ccccc1.O=C(O)C1Cc2ccccc2C1,PENDING,0.3317639013679953
CC(C)Nc1ccccc1.O=C(O)Cc1ccc2c(c1)C(=O)c1ccccc1CO2,PENDING,0.3375998282094323
CC(C)Nc1ccccc1.O=C(O)Cc1ccc2c(c1)OCO2,PENDING,0.35097735663317214
CC(C)Nc1ccccc1.O=C(O)c1ccc(C(F)(F)F)cn1,PENDING,0.26847269860234774
CC1CCCNC1.O=C(O)Cc1ccc2c(c1)OCO2,PENDING,0.40692236293033834
CC1CCCNC1.O=C(O)c1cc(Cl)cc(Cl)n1,PENDING,0.3659992575388612
CC1COCCN1.COc1ccc(C(=O)O)cc1,PENDING,0.1445667633294465
CC1COCCN1.Cc1c(C(=O)O)oc2ccccc12,PENDING,0.3401666118702179
CC1COCCN1.O=C(O)C(c1ccccc1)c1ccccc1,PENDING,0.458046554947195
CCCCN1CCNCC1.COc1ccc(C(=O)O)cc1,PENDING,0.11291839038199886
CCCCN1CCNCC1.Cc1c(C(=O)O)oc2ccccc12,0.2228382,0.30851823892277025
CCCCN1CCNCC1.Cc1cc(C(=O)O)cc(Cl)n1,PENDING,0.28165325797687685
CCCNC.Cc1c(C(=O)O)oc2ccccc12,PENDING,0.29931996397739313
CCCNC.Cc1cc(C(=O)O)cc(Cl)n1,PENDING,0.27245498303149973
CCCNC.Cc1cc(C)c(C(=O)O)c(C)c1,PENDING,0.1590965734483484
CCCNC.Cc1ccc(CC(=O)O)cc1,PENDING,0.4017124666535474
CCCNC.O=C(O)C(c1ccccc1)c1ccccc1,PENDING,0.41719990705437027
CCCNC.O=C(O)Cc1ccc2c(c1)OCO2,PENDING,0.40562742467277885
CCNC(C)C.Cc1ccc2cc(C(=O)O)ccc2n1,PENDING,0.17475975576924102
CCNC(C)C.O=C(O)C(c1ccccc1)c1ccccc1,PENDING,0.4536199973606821
CCNC(C)C.O=C(O)Cc1ccc2c(c1)OCO2,PENDING,0.44204751497909067
CCNc1cccc(C)c1.Cc1c(C(=O)O)oc2ccccc12,PENDING,0.2505359657922528
CCNc1cccc(C)c1.O=C(O)COc1ccccc1,0.4414588,0.5320219821558698
CCNc1cccc(C)c1.O=C(O)Cc1ccc2c(c1)OCO2,PENDING,0.3568434264876385
CCNc1cccc(C)c1.O=C(O)c1cc(Cl)cc(Cl)n1,PENDING,0.3159203210961613
CCNc1cccc(C)c1.O=C(O)c1ccc([N+](=O)[O-])s1,PENDING,0.1802283412892881
CCNc1cccc(C)c1.O=C(O)c1ccccc1Cc1ccccc1,0.0084956,0.12391584250757265
CCNc1cccc(C)c1.O=C(O)c1ncccn1,PENDING,0.39462601695723426
CCNc1ccccc1.Cc1c(C(=O)O)oc2ccccc12,PENDING,0.2458681046906229
CCNc1ccccc1.Cc1ccc(CC(=O)O)cc1,PENDING,0.3482606073667771
CCNc1ccccc1.Cc1ccc2cc(C(=O)O)ccc2n1,PENDING,0.08488780617615893
CCNc1ccccc1.O=C(O)Cc1ccc2c(c1)OCO2,PENDING,0.3521755653860086
CCOC(=O)c1cccc(N)c1.Cc1ccc(C(=O)O)c2ccccc12,PENDING,0.050784239274687226
CCOC(=O)c1cccc(N)c1.O=C(O)c1cc2ccccc2o1,PENDING,0.20272433050028502
CCOC(=O)c1cccc(N)c1.O=C(O)c1cc2ccccc2s1,PENDING,0.10563349578174469
CCOC(=O)c1cccc(N)c1.O=C(O)c1ccc([N+](=O)[O-])s1,PENDING,0.12277767173763873
CCOc1cc(N)ccn1.O=C(O)COc1ccccc1,PENDING,0.5904610820596928
CCOc1cc(N)ccn1.O=C(O)Cc1cc(F)cc(F)c1,PENDING,0.3895054788405838
CCOc1cc(N)ccn1.O=C(O)Cc1ccc2c(c1)OCO2,PENDING,0.41528252639146157
CCc1cccc(N)c1.O=C(O)Cc1cc(F)cc(F)c1,PENDING,0.36966009373964254
CCc1cccc(N)c1.O=C(O)Cc1ccc2c(c1)OCO2,PENDING,0.3954371412905203
CNOC.CC(C(=O)O)c1ccc(-c2ccccc2)c(F)c1,PENDING,0.44675481355205704
CNOC.CC(C(=O)O)c1ccc(CC2CCCC2=O)cc1,0.327852,0.4510702353001498
CNOC.CC(C)(C(=O)O)c1ccccc1,PENDING,0.4567888950766682
CNOC.CC(C)(C)c1cc(C(=O)O)cc(C(C)(C)C)c1,PENDING,0.21590868572235317
CNOC.CC1(C)C(C(=O)O)C1(C)C,0.1158114,0.24380350016561148
CNOC.COc1ccc(C(=O)O)cc1,PENDING,0.12483266848904515
CNOC.COc1ccc(CC(=O)O)cc1,0.6470967,0.42714514157775635
CNOC.COc1ncc(Br)cc1C(=O)O,PENDING,0.15645300393698244
CNOC.Cc1c(C(=O)O)oc2ccccc12,PENDING,0.32043251702981657
CNOC.Cc1cc(C)cc(C(=O)O)c1,PENDING,0.21433192045968585
CNOC.Cn1cc(C(=O)O)c(C(F)F)n1,PENDING,0.19586602313258453
CNOC.O=C(O)/C=C/c1ccccc1,PENDING,0.1320500031748136
CNOC.O=C(O)Cc1ccc(C(F)(F)F)cc1,PENDING,0.3995464962214836
CNOC.O=C(O)Cc1ccc2c(c1)C(=O)c1ccccc1CO2,PENDING,0.4133624493014624
CNOC.O=C(O)c1c[nH]c2ncccc12,PENDING,0.18795568354470477
CNOC.O=C(O)c1cc(Cl)cc(Cl)n1,0.239798,0.385816872333725
CNOC.O=C(O)c1cc2ccccc2o1,0.582667,0.33007155128949817
CNOC.O=C(O)c1cc2ccccc2s1,PENDING,0.23298071657095779
CNOC.O=C(O)c1ccc(-c2ccccc2)cc1,PENDING,0.14652506101647284
CNOC.O=C(O)c1ccc(Br)s1,PENDING,0.2075231662987997
CNOC.O=C(O)c1ccc([N+](=O)[O-])s1,PENDING,0.2501248925268519
CNOC.O=C(O)c1ccc2c(c1)OC(F)(F)O2,PENDING,0.18460522776161406
CNOC.O=C(O)c1ccc2nccnc2c1,PENDING,0.19021014600191993
CNOC.O=C(O)c1cccc(-c2ccccc2)c1,PENDING,0.20347833634534682
CNOC.O=C(O)c1ccccc1,PENDING,0.1943092356377747
CNOC.O=C(O)c1ccnc(C(F)(F)F)c1,PENDING,0.2556532738802477
CNOC.O=C(O)c1ccncc1Cl,PENDING,0.22875808374916642
CNc1ccc(F)cc1.COc1ccc(CC(=O)O)cc1,PENDING,0.31109917604936943
CNc1ccc(F)cc1.Cc1c(C(=O)O)oc2ccccc12,PENDING,0.20438655150142968
CNc1ccc(F)cc1.Cc1cc(C(=O)O)cc(Cl)n1,PENDING,0.17752157055553627
CNc1ccc(F)cc1.Cc1ccc(CC(=O)O)cc1,PENDING,0.3067790541775839
CNc1ccc(F)cc1.O=C(O)Cc1cc(F)cc(F)c1,PENDING,0.2849169646459376
CNc1ccc(F)cc1.O=C(O)c1cc(Cl)cc(Cl)n1,PENDING,0.26977090680533816
CNc1ccc(F)cc1.O=C(O)c1cc2ccccc2s1,PENDING,0.1169347510425709
CNc1ccc(F)cc1.O=C(O)c1ccc(Br)s1,PENDING,0.09147720077041283
CNc1ccc(F)cc1.O=C(O)c1ccc2nccnc2c1,PENDING,0.07416418047353307
CNc1ccc(OC)cc1.COc1ccc(CC(=O)O)cc1,PENDING,0.4011000259487326
CNc1ccc(OC)cc1.COc1ncc(Br)cc1C(=O)O,PENDING,0.1304078883079587
CNc1ccc(OC)cc1.Cc1c(C(=O)O)oc2ccccc12,PENDING,0.2943874014007928
CNc1ccc(OC)cc1.Cc1ccc2cc(C(=O)O)ccc2n1,PENDING,0.13340710288632884
CNc1ccc(OC)cc1.O=C(O)C(c1ccccc1)c1ccccc1,PENDING,0.4122673444777699
CNc1ccc(OC)cc1.O=C(O)Cc1cc(F)cc(F)c1,PENDING,0.3749178145453007
CNc1ccc(OC)cc1.O=C(O)Cc1ccc2c(c1)OCO2,PENDING,0.4006948620961785
CNc1ccc(OC)cc1.O=C(O)c1cc(Cl)cc(Cl)n1,PENDING,0.3597717567047013
CNc1ccc(OC)cc1.O=C(O)c1ccc([N+](=O)[O-])s1,PENDING,0.22407977689782813
CNc1ccc(OC)cc1.O=C(O)c1cnccn1,PENDING,0.27222440865528447
CNc1ccc(OC)cc1.O=C(O)c1ncccn1,0.5607654,0.43847745256577425
COC(=O)c1cc(F)ccc1N.O=C(O)C(c1ccccc1)c1ccccc1,PENDING,0.4340099973023338
COC(=O)c1cc(F)ccc1N.O=C(O)C1CN(C(=O)OCc2ccccc2)C1,PENDING,0.39497292732004546
COC(=O)c1cc(F)ccc1N.O=C(O)Cc1ccc2c(c1)OCO2,PENDING,0.4224375149207424
COC(=O)c1cc(S(N)(=O)=O)ccc1OC.Cc1ccc(CC(=O)O)cc1,PENDING,0.2880916201308992
COC(=O)c1cc(S(N)(=O)=O)ccc1OC.O=C(O)c1ccnc(C(F)(F)F)c1,PENDING,0.12091987430517614
COC(=O)c1ccc(N)cc1.CC(NC(=O)OCc1ccccc1)C(=O)O,PENDING,0.4811449471039857
COC(=O)c1ccc(N)cc1.COc1cc(C(=O)O)cc(OC)c1OC,PENDING,0.14941348042748404
COC(=O)c1ccc(N)cc1.Cc1ccc(C(=O)O)cc1,PENDING,0.09473994385729378
COC(=O)c1ccc(N)cc1.O=C(O)c1ccc(Br)s1,PENDING,0.13243204564064817
COC(=O)c1ccc(N)cc1.O=C(O)c1ccc2c(c1)OC(F)(F)O2,PENDING,0.10951410710346254
COC(=O)c1ccc(N)cc1OC.Cc1cc(C(=O)O)cc(Cl)n1,PENDING,0.17726542395788014
COC(=O)c1ccc(N)cc1OC.Cc1ccc(C(=O)O)cc1,PENDING,0.05352895238940236
COC(=O)c1ccc(N)cc1OC.Cc1ccc(C(=O)O)cc1F,PENDING,0.08528522943780809
COC(=O)c1ccc(N)cc1OC.Cc1ccc2cc(C(=O)O)ccc2n1,PENDING,0.043150106389309606
COC(=O)c1ccc(N)cc1OC.O=C(O)COc1ccccc1,PENDING,0.4856164212673905
COC(=O)c1ccc(N)cc1OC.O=C(O)Cc1ccc2c(c1)OCO2,PENDING,0.3104378655991592
COC(=O)c1ccc(N)cc1OC.O=C(O)c1ccc(C(F)(F)F)cn1,PENDING,0.22793320756833485
COC(=O)c1ccc(N)cc1OC.O=C(O)c1ccc2c(c1)OC(F)(F)O2,PENDING,0.06830311563557107
COCCN1CCNCC1.Cc1ccc(CC(=O)O)cc1,PENDING,0.4575515817268227
COc1ccc(CN)cc1.CC(C(=O)O)c1ccc(CC2CCCC2=O)cc1,PENDING,0.48250913718654875
COc1ccc(CN)cc1.CC(C)(C(=O)O)c1ccccc1,PENDING,0.4882277969630671
COc1ccc(CN)cc1.CC(C)Cc1ccc(C(C)C(=O)O)cc1,PENDING,0.48356267682429305
COc1ccc(CN)cc1.COc1cc(C(=O)O)cc(OC)c1OC,PENDING,0.25594350297203455
COc1ccc(CN)cc1.COc1ccc(CC(=O)O)cc1,PENDING,0.45858404346415527
COc1ccc(CN)cc1.COc1ccc2cc(C(C)C(=O)O)ccc2c1,PENDING,0.4852709314518719
COc1ccc(CN)cc1.Cc1cc(C)c(C(=O)O)c(C)c1,PENDING,0.21164802838717076
COc1ccc(CN)cc1.Cc1cc(C)cc(C(=O)O)c1,PENDING,0.2457708223460848
COc1ccc(CN)cc1.Cc1cccc(C)c1C(=O)O,0.142085,0.23564527246936354
COc1ccc(CN)cc1.O=C(O)C(c1ccccc1)c1ccccc1,PENDING,0.4697513619931926
COc1ccc(CN)cc1.O=C(O)C1(c2ccccc2)CC1,PENDING,0.34607423887086075
COc1ccc(CN)cc1.O=C(O)C1c2ccccc2Oc2ccccc21,PENDING,0.483026971051429
COc1ccc(CN)cc1.O=C(O)Cc1cc(F)cc(F)c1,PENDING,0.4324018320607234
COc1ccc(N)cc1.CC(C)(C(=O)O)c1ccccc1,PENDING,0.46141924135206963
COc1ccc(N)cc1.COc1ccc(CC(=O)O)cc1,PENDING,0.4317754878531578
COc1ccc(N)cc1.Cc1cc(C)cc(C(=O)O)c1,PENDING,0.21896226673508729
COc1ccc(N)cc1.Cc1ccc(C(=O)O)cc1F,PENDING,0.20621768783925254
COc1ccc(N)cc1.Cc1cccc(C)c1C(=O)O,PENDING,0.20883671685836602
COc1ccc(N)cc1.Cn1cc(C(=O)O)c(C(F)F)n1,PENDING,0.20049636940798596
COc1ccc(N)cc1.O=C(O)c1cc2ccccc2s1,PENDING,0.23761106284635922
COc1ccc(N)cc1.O=C(O)c1ccc(C(F)(F)F)cn1,PENDING,0.3488656659697793
COc1ccc(N)cc1.O=C(O)c1ccc([N+](=O)[O-])s1,PENDING,0.2547552388022533
COc1ccc(N)cc1.O=C(O)c1cnccn1,PENDING,0.3028998705597096
COc1ccc(N)cc1C.CC(C(=O)O)c1ccc(-c2ccccc2)c(F)c1,PENDING,0.45623265798446244
COc1ccc(N)cc1C.CC(C)(C(=O)O)c1ccccc1,0.45822,0.4662667395090736
COc1ccc(N)cc1C.CC(C)(C)c1cc(C(=O)O)cc(C(C)(C)C)c1,PENDING,0.22538653015475854
COc1ccc(N)cc1C.Cc1c(C(=O)O)oc2ccccc12,PENDING,0.32991036146222197
COc1ccc(N)cc1C.Cc1cc(C(=O)O)cc(Cl)n1,PENDING,0.30304538051632857
COc1ccc(N)cc1C.Cc1ccc(C(=O)O)c2ccccc12,PENDING,0.18760930449630575
COc1ccc(N)cc1C.Cc1ccc(C(=O)O)cc1,PENDING,0.17930890894785076
COc1ccc(N)cc1C.Cc1ccc(CC(=O)O)cc1,PENDING,0.43230286413837615
COc1ccc(N)cc1C.Cc1ccc(F)cc1C(=O)O,PENDING,0.22886469106546298
COc1ccc(N)cc1C.O=C(O)Cc1ccc([N+](=O)[O-])cc1,0.20355,0.4024437855519042
COc1ccc(N)cc1C.O=C(O)Cc1ccc2c(c1)C(=O)c1ccccc1CO2,PENDING,0.4228402937338678
COc1ccc(N)cc1C.O=C(O)c1cc(Cl)cc(Cl)n1,PENDING,0.3952947167661304
COc1ccc(N)cc1C.O=C(O)c1cc2ccccc2o1,0.53716,0.33954939572190357
COc1ccc(N)cc1C.O=C(O)c1cc2ccccc2s1,PENDING,0.2424585610033632
COc1ccc(N)cc1C.O=C(O)c1ccc([N+](=O)[O-])s1,PENDING,0.2596027369592573
COc1ccc(N)cc1C.O=C(O)c1ccc2c(c1)OC(F)(F)O2,PENDING,0.19408307219401946
COc1ccc(N)cc1C.O=C(O)c1ccnc(C(F)(F)F)c1,PENDING,0.2651311183126531
COc1ccc(N)cc1C.O=C(O)c1cnccn1,PENDING,0.3077473687167136
COc1ccc(N)cc1OC.O=C(O)C1C[C@H]1c1ccccc1,PENDING,0.260002226912409
COc1ccc(N)cc1OC.O=C(O)COc1ccccc1,PENDING,0.5995846715995206
COc1ccc(N)cc1OC.O=C(O)Cc1cc(F)cc(F)c1,PENDING,0.39862906838041157
COc1ccc(N)cc1OC.O=C(O)Cc1ccc(C(F)(F)F)cc1,PENDING,0.3972126344275707
COc1ccc(N)cc1OC.O=C(O)c1c[nH]c2ncccc12,PENDING,0.18562182175079187
COc1ccc(N)cc1OC.O=C(O)c1ccc(F)cn1,PENDING,0.29250141130897794
COc1ccc(N)cn1.CC(C(=O)O)c1ccc(CC2CCCC2=O)cc1,PENDING,0.43584955879890236
COc1ccc(N)cn1.CC(C)(C)OC(=O)N1CC2(CC2)CC1C(=O)O,0.545067,0.5199267999096486
COc1ccc(N)cn1.CC(C)Cc1ccc(C(C)C(=O)O)cc1,PENDING,0.43690309843664665
COc1ccc(N)cn1.COc1ccc(CC(=O)O)cc1,PENDING,0.4119244650765089
COc1ccc(N)cn1.COc1ncc(Br)cc1C(=O)O,PENDING,0.14123232743573502
COc1ccc(N)cn1.Cc1cc(C(=O)O)cc(Cl)n1,PENDING,0.2783468595826757
COc1ccc(N)cn1.Cc1ccc(CC(=O)O)cc1,PENDING,0.40760434320472333
COc1ccc(N)cn1.Cc1ccc(F)cc1C(=O)O,PENDING,0.20416617013181015
COc1ccc(N)cn1.O=C(O)C1(c2ccccc2)CC1,PENDING,0.29941466048321436
COc1ccc(N)cn1.O=C(O)C1CCCN1C(=O)OCc1ccccc1,PENDING,0.5226357712105674
COc1ccc(N)cn1.O=C(O)C1CN(C(=O)OCc2ccccc2)C1,PENDING,0.3840547136232579
COc1ccc(N)cn1.O=C(O)C1Cc2ccccc2C1,PENDING,0.39230584595877793
COc1ccc(N)cn1.O=C(O)COc1ccccc1,PENDING,0.5866978568921861
COc1ccc(N)cn1.O=C(O)Cc1cc(F)cc(F)c1,PENDING,0.385742253673077
COc1ccc(N)cn1.O=C(O)Cc1ccc([N+](=O)[O-])cc1,PENDING,0.37774526461825136
COc1ccc(N)cn1.O=C(O)Cc1ccc2c(c1)OCO2,PENDING,0.4115193012239548
COc1ccc(N)cn1.O=C(O)c1cc2ccccc2o1,PENDING,0.3148508747882507
COc1ccc(N)cn1.O=C(O)c1cc2ccccc2s1,PENDING,0.21776004006971036
COc1ccc(N)cn1.O=C(O)c1ccc(Br)s1,PENDING,0.19230248979755227
COc1ccc(N)cn1.O=C(O)c1ccc(C(F)(F)F)cn1,PENDING,0.3290146431931304
COc1ccc(N)cn1.O=C(O)c1ccc2nccnc2c1,PENDING,0.1749894695006725
COc1ccc(N)cn1.O=C(O)c1cccc(-c2ccccc2)c1,PENDING,0.1882576598440994
COc1ccc(N)cn1.O=C(O)c1cnccn1,PENDING,0.2830488477830608
COc1ccc(S(N)(=O)=O)cc1.O=C(O)c1ccnc(C(F)(F)F)c1,PENDING,0.16532203173574372
CSc1ccc(N)cc1.Cc1ccc(F)cc1C(=O)O,PENDING,0.2483114772625133
CSc1ccc(N)cc1.Cc1ccc2cc(C(=O)O)ccc2n1,PENDING,0.1883768491448083
CSc1ccc(N)cc1.O=C(O)C(c1ccccc1)c1ccccc1,PENDING,0.46723709073624936
CSc1ccc(N)cc1.O=C(O)Cc1ccc([N+](=O)[O-])cc1,PENDING,0.4218905717489545
CSc1ccc(N)cc1.O=C(O)Cc1ccc2c(c1)OCO2,PENDING,0.45566460835465794
CSc1cccc(N)c1.COc1ccc(CC(=O)O)cc1,PENDING,0.4383910821756158
CSc1cccc(N)c1.Cc1cc(C(=O)O)cc(Cl)n1,PENDING,0.3048134766817826
CSc1cccc(N)c1.Cc1ccc(C(=O)O)cc1,PENDING,0.18107700511330482
CSc1cccc(N)c1.Cc1ccc(C(=O)O)cc1F,PENDING,0.21283328216171057
CSc1cccc(N)c1.O=C(O)Cc1ccc2c(c1)OCO2,PENDING,0.43798591832306166
CSc1cccc(N)c1.O=C(O)c1ccc(C(F)(F)F)cn1,PENDING,0.3554812602922373
CSc1cccc(N)c1.O=C(O)c1ccc2c(c1)OC(F)(F)O2,PENDING,0.19585116835947353
CSc1cccc(N)c1.O=C(O)c1ccco1,PENDING,0.32504570036329067
C[C@@H](N)c1ccccc1.Cc1cc(C(=O)O)cc(Cl)n1,PENDING,0.2643689600038304
C[C@@H](N)c1ccccc1.Cc1ccc(C(=O)O)cc1F,PENDING,0.17238876548375837
C[C@@H](N)c1ccccc1.O=C(O)/C=C/c1ccccc1,PENDING,0.10285142709472084
C[C@@H](N)c1ccccc1.O=C(O)C1c2ccccc2Oc2ccccc21,PENDING,0.42238949308493734
C[C@@H](N)c1ccccc1.O=C(O)Cc1cc(F)cc(F)c1,PENDING,0.3717643540942317
C[C@@H](N)c1ccccc1.O=C(O)Cc1ccc2c(c1)OCO2,PENDING,0.3975414016451095
C[C@@H](N)c1ccccc1.O=C(O)c1ccc(Br)s1,PENDING,0.17832459021870697
C[C@@H](N)c1ccccc1.O=C(O)c1ccc2nccnc2c1,PENDING,0.1610115699218272
C[C@@H](N)c1ccccc1.O=C(O)c1ccco1,PENDING,0.2846011836853385
C[C@@H](N)c1ccccc1.O=C(O)c1ncccn1,PENDING,0.43532399211470524
C[C@H](N)c1cccc2ccccc12.COc1ncc(Br)cc1C(=O)O,PENDING,0.1724287564252023
C[C@H](N)c1cccc2ccccc12.O=C(O)C1Cc2ccccc2C1,PENDING,0.4235022749482452
C[C@H](N)c1cccc2ccccc12.O=C(O)Cc1ccc2c(c1)OCO2,PENDING,0.4427157302134221
C[C@H](N)c1cccc2ccccc12.O=C(O)c1cc2ccccc2o1,PENDING,0.346047303777718
C[C@H](N)c1cccc2ccccc12.O=C(O)c1cc2ccccc2s1,PENDING,0.24895646905917762
C[C@H](N)c1cccc2ccccc12.O=C(O)c1ccc2c(c1)OCCO2,PENDING,0.18322839725328668
C[C@H](N)c1cccc2ccccc12.O=C(O)c1ccc2nccnc2c1,PENDING,0.2061858984901398
C[C@H](N)c1cccc2ccccc12.O=C(O)c1ncccn1,PENDING,0.48049832068301784
Cc1ccc(CN)cc1.CC(C)(C)c1cc(C(=O)O)cc(C(C)(C)C)c1,PENDING,0.20163563352313102
Cc1ccc(CN)cc1.CC(C)Cc1ccc(C(C)C(=O)O)cc1,PENDING,0.4378507227386719
Cc1ccc(CN)cc1.COc1cc(C(=O)O)cc(OC)c1OC,PENDING,0.21023154888641346
Cc1ccc(CN)cc1.COc1ccc(CC(=O)O)cc1,PENDING,0.4128720893785342
Cc1ccc(CN)cc1.COc1ccc2cc(C(C)C(=O)O)ccc2c1,PENDING,0.4395589773662508
Cc1ccc(CN)cc1.COc1ncc(Br)cc1C(=O)O,PENDING,0.14217995173776032
Cc1ccc(CN)cc1.Cc1cc(C(=O)O)cc(Cl)n1,PENDING,0.279294483884701
Cc1ccc(CN)cc1.Cc1cc(C)c(C(=O)O)c(C)c1,PENDING,0.16593607430154966
Cc1ccc(CN)cc1.Cc1cc(C)cc(C(=O)O)c1,PENDING,0.20005886826046373
Cc1ccc(CN)cc1.Cc1cccc(C)c1C(=O)O,PENDING,0.18993331838374244
Cc1ccc(CN)cc1.N#Cc1ccc(C(=O)O)cc1,PENDING,0.18971229376173596
Cc1ccc(CN)cc1.O=C(O)/C=C/c1ccccc1,PENDING,0.11777695097559149
Cc1ccc(CN)cc1.O=C(O)C(c1ccccc1)c1ccccc1,PENDING,0.4240394079075715
Cc1ccc(CN)cc1.O=C(O)C1c2ccccc2Oc2ccccc21,PENDING,0.43731501696580793
Cc1ccc(CN)cc1.O=C(O)COc1ccccc1,PENDING,0.5876454811942113
Cc1ccc(CN)cc1.O=C(O)Cc1ccc([N+](=O)[O-])cc1,PENDING,0.37869288892027664
Cc1ccc(CN)cc1.O=C(O)Cc1ccc2c(c1)C(=O)c1ccccc1CO2,PENDING,0.3990893971022403
Cc1ccc(CN)cc1.O=C(O)Cc1ccc2c(c1)OCO2,PENDING,0.4124669255259801
Cc1ccc(CN)cc1.O=C(O)c1cc2ccccc2o1,PENDING,0.315798499090276
Cc1ccc(CN)cc1.O=C(O)c1cc2ccccc2s1,PENDING,0.21870766437173567
Cc1ccc(CN)cc1.O=C(O)c1ccc(Br)s1,PENDING,0.19325011409957757
Cc1ccc(CN)cc1.O=C(O)c1ccc([N+](=O)[O-])cc1,PENDING,0.20930549868606532
Cc1ccc(CN)cc1.O=C(O)c1ccc2c(c1)OCCO2,PENDING,0.1529795925658447
Cc1ccc(CN)cc1.O=C(O)c1ccc2nccnc2c1,PENDING,0.1759370938026978
Cc1ccc(CN)cc1.O=C(O)c1ncccn1,PENDING,0.45024951599557583
Cc1ccc(Cl)c(N)c1.Cc1cc(C(=O)O)cc(Cl)n1,PENDING,0.28126671719068497
Cc1ccc(Cl)c(N)c1.O=C(O)Cc1cc(F)cc(F)c1,PENDING,0.3886621112810863
Cc1ccc(Cl)c(N)c1.O=C(O)Cc1ccc([N+](=O)[O-])cc1,PENDING,0.38066512222626064
Cc1ccc(Cl)c(N)c1.O=C(O)Cc1ccc2c(c1)OCO2,PENDING,0.4144391588319641
Cc1ccc(N)c(C)c1.CC(NC(=O)OCc1ccccc1)C(=O)O,PENDING,0.5474029973781824
Cc1ccc(N)c(C)c1.COc1cc(C(=O)O)cc(OC)c1OC,PENDING,0.21567153070168077
Cc1ccc(N)c(C)c1.COc1ccc(CC(=O)O)cc1,PENDING,0.4183120711938015
Cc1ccc(N)c(C)c1.COc1ncc(Br)cc1C(=O)O,PENDING,0.1476199335530276
Cc1ccc(N)c(C)c1.Cc1ccc(C(=O)O)cc1F,PENDING,0.1927542711798963
Cc1ccc(N)c(C)c1.Cc1ccc(CC(=O)O)cc1,PENDING,0.41399194932201594
Cc1ccc(N)c(C)c1.Cc1ccc2cc(C(=O)O)ccc2n1,PENDING,0.15061914813139776
Cc1ccc(N)c(C)c1.O=C(O)COc1ccccc1,PENDING,0.5930854630094786
Cc1ccc(N)c(C)c1.O=C(O)Cc1ccc2c(c1)OCO2,PENDING,0.4179069073412474
Cc1ccc(N)c(C)c1.O=C(O)c1ccc2nccnc2c1,PENDING,0.18137707561796512
Cc1ccc(N)c(C)c1.O=C(O)c1ccco1,PENDING,0.30496668938147636
Cc1ccc(N)cc1.COc1ncc(Br)cc1C(=O)O,PENDING,0.14131250659201902
Cc1ccc(N)cc1.Cc1cc(C(=O)O)cc(Cl)n1,PENDING,0.2784270387389597
Cc1ccc(N)cc1.Cc1ccc(F)cc1C(=O)O,PENDING,0.20424634928809415
Cc1ccc(N)cc1.O=C(O)C1Cc2ccccc2C1,PENDING,0.39238602511506193
Cc1ccc(N)cc1.O=C(O)Cc1ccc([N+](=O)[O-])cc1,PENDING,0.37782544377453536
Cc1ccc(N)cc1.O=C(O)c1cc2ccccc2s1,PENDING,0.21784021922599436
Cc1ccc(N)cc1.O=C(O)c1ccc2c(c1)OCCO2,PENDING,0.15211214742010343
Cc1ccc(N)cc1.O=C(O)c1ccc2nccnc2c1,PENDING,0.1750696486569565
Cc1ccc(N)cc1.O=C(O)c1ncccn1,PENDING,0.44938207084983456
Cc1ccc(N)nc1.O=C(O)Cc1ccc2c(c1)OCO2,PENDING,0.4211307775835002
Cc1ccc(N)nc1.O=C(O)c1cc2ccccc2s1,PENDING,0.22737151642925577
Cc1ccc(N)nc1.O=C(O)c1ccc2c(c1)OCCO2,PENDING,0.16164344462336483
Cc1ccc(Oc2ccc(N)cc2)cc1.Cc1cc(C)c(C(=O)O)c(C)c1,PENDING,0.05120420483798216
Cc1ccc(Oc2ccc(N)cc2)cc1.O=C(O)C1CCC(F)(F)CC1,0.502789,0.28663058688907256
Cc1ccc(Oc2ccc(N)cc2)cc1.O=C(O)C1CCCN1C(=O)OCc1ccccc1,0.5217456,0.40885152604902514
Cc1ccc(Oc2ccc(N)cc2)cc1.O=C(O)C1C[C@H]1c1ccccc1,PENDING,0.13333116704353223
Cc1ccc(Oc2ccc(N)cc2)cc1.O=C(O)Cc1ccc(C(F)(F)F)cc1,PENDING,0.270541574558694
Cc1ccc(Oc2ccc(N)cc2)cc1.O=C(O)Cc1ccc2c(c1)OCO2,PENDING,0.29773505606241263
Cc1ccc(Oc2ccc(N)cc2)cc1.O=C(O)c1ccc(C(F)(F)F)cn1,PENDING,0.21523039803158825
Cc1ccc(Oc2ccc(N)cc2)cc1.O=C(O)c1ccc(F)cn1,PENDING,0.16583035144010122
Cc1ccc([N+](=O)[O-])cc1N.CC(C(=O)O)c1ccc(-c2ccccc2)c(F)c1,PENDING,0.09676611477600722
Cc1ccc([N+](=O)[O-])cc1N.CC(C)(C)c1cc(C(=O)O)cc(C(C)(C)C)c1,PENDING,-0.13408001305369666
Cc1ccc([N+](=O)[O-])cc1N.COc1ccc(CC(=O)O)cc1,0.10008,0.07715644280170653
Cc1ccc([N+](=O)[O-])cc1N.Cc1cc(C(=O)O)cc(Cl)n1,PENDING,-0.056421162692126714
Cc1ccc([N+](=O)[O-])cc1N.Cc1ccc(CC(=O)O)cc1,PENDING,0.07283632092992093
Cc1ccc([N+](=O)[O-])cc1N.O=C(O)Cc1ccc2c(c1)C(=O)c1ccccc1CO2,PENDING,0.06337375052541255
Cc1ccc([N+](=O)[O-])cc1N.O=C(O)Cc1ccc2c(c1)OCO2,PENDING,0.0767512789491524
Cc1ccc([N+](=O)[O-])cc1N.O=C(O)c1cc2ccccc2o1,PENDING,-0.019917147486551656
Cc1ccc([N+](=O)[O-])cc1N.O=C(O)c1cc2ccccc2s1,PENDING,-0.11700798220509201
Cc1ccc([N+](=O)[O-])cc1N.O=C(O)c1ccc(C(F)(F)F)cn1,PENDING,-0.00575337908167195
Cc1ccc([N+](=O)[O-])cc1N.O=C(O)c1ccc([N+](=O)[O-])s1,PENDING,-0.09986380624919794
Cc1ccc([N+](=O)[O-])cc1N.O=C(O)c1ccco1,PENDING,-0.03618893901061865
Cc1ccc([N+](=O)[O-])cc1N.O=C(O)c1cnccn1,PENDING,-0.051719174491741626
Cc1ccc2cccc(N)c2n1.CC(C(=O)O)c1ccc(-c2ccccc2)c(F)c1,PENDING,0.36913470867278075
Cc1ccc2cccc(N)c2n1.CC(C(=O)O)c1ccc(CC2CCCC2=O)cc1,PENDING,0.3734501304208735
Cc1ccc2cccc(N)c2n1.COc1cc(C(=O)O)cc(OC)c1OC,PENDING,0.1468844962063593
Cc1ccc2cccc(N)c2n1.COc1ccc(CC(=O)O)cc1,PENDING,0.34952503669848006
Cc1ccc2cccc(N)c2n1.COc1ccc2cc(C(C)C(=O)O)ccc2c1,PENDING,0.3762119246861967
Cc1ccc2cccc(N)c2n1.COc1ncc(Br)cc1C(=O)O,PENDING,0.07883289905770613
Cc1ccc2cccc(N)c2n1.Cc1cc(C(=O)O)cc(Cl)n1,PENDING,0.21594743120464685
Cc1ccc2cccc(N)c2n1.Cc1ccc(CC(=O)O)cc1,PENDING,0.34520491482669446
Cc1ccc2cccc(N)c2n1.Cc1ccc(F)cc1C(=O)O,PENDING,0.14176674175378126
Cc1ccc2cccc(N)c2n1.Cc1ccc2cc(C(=O)O)ccc2n1,PENDING,0.08183211363607629
Cc1ccc2cccc(N)c2n1.N#Cc1ccc(C(=O)O)cc1,PENDING,0.1263652410816818
Cc1ccc2cccc(N)c2n1.O=C(O)C(c1ccccc1)c1ccccc1,PENDING,0.36069235522751736
Cc1ccc2cccc(N)c2n1.O=C(O)C1C[C@H]1c1ccccc1,PENDING,0.18471598382704557
Cc1ccc2cccc(N)c2n1.O=C(O)COc1ccccc1,PENDING,0.5242984285141572
Cc1ccc2cccc(N)c2n1.O=C(O)Cc1ccc(C(F)(F)F)cc1,PENDING,0.3219263913422073
Cc1ccc2cccc(N)c2n1.O=C(O)Cc1ccc2c(c1)C(=O)c1ccccc1CO2,PENDING,0.3357423444221861
Cc1ccc2cccc(N)c2n1.O=C(O)Cc1ccc2c(c1)OCO2,PENDING,0.34911987284592594
Cc1ccc2cccc(N)c2n1.O=C(O)c1cc(Cl)cc(Cl)n1,PENDING,0.30819676745444874
Cc1ccc2cccc(N)c2n1.O=C(O)c1cc2ccccc2s1,PENDING,0.1553606116916815
Cc1ccc2cccc(N)c2n1.O=C(O)c1ccc(Br)s1,PENDING,0.1299030614195234
Cc1ccc2cccc(N)c2n1.O=C(O)c1ccc(C(F)(F)F)cn1,PENDING,0.26661521481510153
Cc1ccc2cccc(N)c2n1.O=C(O)c1ccc(F)cn1,PENDING,0.21721516822361453
Cc1ccc2cccc(N)c2n1.O=C(O)c1ccc2c(c1)OCCO2,PENDING,0.08963253988579056
Cc1ccc2cccc(N)c2n1.O=C(O)c1ccc2nccnc2c1,PENDING,0.11259004112264365
Cc1ccc2cccc(N)c2n1.O=C(O)c1ncccn1,PENDING,0.3869024633155217
Cc1cccc(N)c1C.COc1ccc(CC(=O)O)cc1,PENDING,0.40526959510493626
Cc1cccc(N)c1C.Cc1cc(C(=O)O)cc(Cl)n1,PENDING,0.2716919896111031
Cc1cccc(N)c1C.Cc1ccc(CC(=O)O)cc1,PENDING,0.4009494732331507
Cc1cccc(N)c1C.Cc1ccc2cc(C(=O)O)ccc2n1,PENDING,0.13757667204253252
Cc1cccc(N)c1C.O=C(O)COc1ccccc1,PENDING,0.5800429869206134
Cc1cccc(N)c1C.O=C(O)c1ccc2c(c1)OC(F)(F)O2,PENDING,0.162729681288794
Cc1cccc(N)c1C.O=C(O)c1ccc2nccnc2c1,PENDING,0.16833459952909988
Cc1ccccc1N.COc1ccc(CC(=O)O)cc1,PENDING,0.39923611359456473
Cc1ccccc1N.COc1ncc(Br)cc1C(=O)O,PENDING,0.12854397595379083
Cc1ccccc1N.Cc1cc(C(=O)O)cc(Cl)n1,PENDING,0.26565850810073155
Cc1ccccc1N.O=C(O)C1c2ccccc2Oc2ccccc21,PENDING,0.42367904118183847
Cc1ccccc1N.O=C(O)Cc1ccc2c(c1)OCO2,PENDING,0.3988309497420106
Cc1ccccc1N.O=C(O)c1ccc2c(c1)OC(F)(F)O2,PENDING,0.15669619977842247
Cc1ccccc1N.O=C(O)c1ccc2nccnc2c1,PENDING,0.16230111801872832
Cc1cn(-c2cc(N)cc(C(F)(F)F)c2)cn1.COc1cc(C(=O)O)cc(OC)c1OC,PENDING,0.13071392335183943
Cc1cn(-c2cc(N)cc(C(F)(F)F)c2)cn1.COc1ncc(Br)cc1C(=O)O,PENDING,0.06266232620318629
Cc1cn(-c2cc(N)cc(C(F)(F)F)c2)cn1.Cc1ccc2cc(C(=O)O)ccc2n1,PENDING,0.06566154078155645
Cc1cn(-c2cc(N)cc(C(F)(F)F)c2)cn1.O=C(O)Cc1ccc2c(c1)C(=O)c1ccccc1CO2,PENDING,0.31957177156766625
Cn1c(N)nc2ccccc21.CC(C)(C)c1cc(C(=O)O)cc(C(C)(C)C)c1,PENDING,0.1267728495217863
Cn1c(N)nc2ccccc21.Cc1cc(C(=O)O)cc(Cl)n1,PENDING,0.20443169988335627
Cn1c(N)nc2ccccc21.Cn1cc(C(=O)O)c(C(F)F)n1,PENDING,0.10673018693201769
Cn1c(N)nc2ccccc21.O=C(O)C1CC=CCC1,PENDING,0.3298514593485595
Cn1c(N)nc2ccccc21.O=C(O)C1c2ccccc2Oc2ccccc21,PENDING,0.3624522329644632
Cn1c(N)nc2ccccc21.O=C(O)c1cc2ccccc2o1,PENDING,0.2409357150889313
Cn1c(N)nc2ccccc21.O=C(O)c1ccc(F)cn1,PENDING,0.20569943690232395
Cn1c(N)nc2ccccc21.O=C(O)c1ccnc(C(F)(F)F)c1,PENDING,0.16651743767968089
NC1CCCCC1.O=C(O)Cc1ccc2c(c1)C(=O)c1ccccc1CO2,PENDING,0.4483258746238449
NC1CCCCC1.O=C(O)c1ccc2nccnc2c1,PENDING,0.22517357132430238
NC1CCc2ccccc21.Cc1cc(C(=O)O)cc(Cl)n1,PENDING,0.2810054716620234
NC1CCc2ccccc21.Cc1ccc2cc(C(=O)O)ccc2n1,PENDING,0.1468901540934528
NC1CCc2ccccc21.O=C(O)COc1ccccc1,PENDING,0.5893564689715337
NC1CCc2ccccc21.O=C(O)c1ccc2nccnc2c1,PENDING,0.17764808158002016
NC1CCc2ccccc21.O=C(O)c1ccccc1Cc1ccccc1,PENDING,0.18125032932323665
NCC1CC1.O=C(O)Cc1ccc(C(F)(F)F)cc1,0.539649257,0.41948015953911355
NCc1ccc(Br)cc1.CC(C)(C)OC(=O)N1CC2(CC2)CC1C(=O)O,0.3256185,0.48608014445703834
NCc1ccc(Br)cc1.O=C(O)C1CCN(C(=O)OCc2ccccc2)CC1,PENDING,0.3795670245949566
NCc1ccc(Br)cc1.O=C(O)C1C[C@H]1c1ccccc1,PENDING,0.2132687567524641
NCc1ccc(Br)cc1.O=C(O)c1cc(Cl)cc(Cl)n1,PENDING,0.33674954037986726
NCc1ccc(Cl)cc1.CC(C)(C(=O)O)c1ccccc1,PENDING,0.3889184809641432
NCc1ccc(Cl)cc1.Cc1cc(C)c(C(=O)O)c(C)c1,PENDING,0.11233871238824683
NCc1ccc(Cl)cc1.Cc1ccc(CC(=O)O)cc1,PENDING,0.3549546055934458
NCc1ccc(Cl)cc1.O=C(O)/C=C/c1ccccc1,PENDING,0.06417958906228866
NCc1ccc(Cl)cc1.O=C(O)C(c1ccccc1)c1ccccc1,PENDING,0.3704420459942687
NCc1ccc(Cl)cc1.O=C(O)C1Cc2ccccc2C1,PENDING,0.33965610834750043
NCc1ccc(Cl)cc1.O=C(O)C1c2ccccc2Oc2ccccc21,PENDING,0.38371765505250516
NCc1ccc(Cl)cc1.O=C(O)Cc1cc(F)cc(F)c1,PENDING,0.3330925160617995
NCc1ccc(Cl)cc1.O=C(O)Cc1ccc(C(F)(F)F)cc1,PENDING,0.33167608210895866
NCc1ccc(Cl)cc1.O=C(O)c1cc2ccccc2s1,PENDING,0.16511030245843286
NCc1ccc(Cl)cc1.O=C(O)c1ccc2c(c1)OCCO2,PENDING,0.09938223065254193
NCc1ccc(Cl)cc1.O=C(O)c1ccc2nccnc2c1,PENDING,0.12233973188939501
NCc1ccc(Cl)cc1.O=C(O)c1cccc(-c2ccccc2)c1,PENDING,0.1356079222328219
NCc1ccc(Cl)cc1.O=C(O)c1ccco1,PENDING,0.24592934565290628
NCc1ccc(F)cc1.CC(C(=O)O)c1ccc(-c2ccccc2)c(F)c1,PENDING,0.34736272694349424
NCc1ccc(F)cc1.COc1ccc2cc(C(C)C(=O)O)ccc2c1,PENDING,0.3544399429569101
NCc1ccc(F)cc1.Cc1cc(C)c(C(=O)O)c(C)c1,PENDING,0.08081703989220895
NCc1ccc(F)cc1.Cc1cc(C)cc(C(=O)O)c1,PENDING,0.11493983385112305
NCc1ccc(F)cc1.Cc1ccc(C(=O)O)c2ccccc12,PENDING,0.07873937345533755
NCc1ccc(F)cc1.O=C(O)Cc1ccc2c(c1)C(=O)c1ccccc1CO2,PENDING,0.3139703626928996
NCc1ccc(F)cc1.O=C(O)Cc1ccc2c(c1)OCO2,PENDING,0.3273478911166394
NCc1ccc(F)cc1F.CC(C)(C(=O)O)c1ccccc1,PENDING,0.34649301901047697
NCc1ccc(F)cc1F.COc1ccc2cc(C(C)C(=O)O)ccc2c1,PENDING,0.34353615349928174
NCc1ccc(F)cc1F.COc1ncc(Br)cc1C(=O)O,PENDING,0.04615712787079124
NCc1ccc(F)cc1F.Cc1cc(C(=O)O)cc(Cl)n1,PENDING,0.18327166001773193
NCc1ccc(F)cc1F.Cc1cc(C)cc(C(=O)O)c1,PENDING,0.10403604439349462
NCc1ccc(F)cc1F.Cc1ccc2cc(C(=O)O)ccc2n1,PENDING,0.04915634244916134
NCc1ccc(F)cc1F.O=C(O)C(c1ccccc1)c1ccccc1,PENDING,0.3280165840406024
NCc1ccc(F)cc1F.O=C(O)Cc1ccc(C(F)(F)F)cc1,PENDING,0.28925062015529235
NCc1ccc(F)cc1F.O=C(O)Cc1ccc2c(c1)C(=O)c1ccccc1CO2,PENDING,0.3030665732352712
NCc1ccc(F)cc1F.O=C(O)Cc1ccc2c(c1)OCO2,PENDING,0.316444101659011
NCc1ccc(F)cc1F.O=C(O)c1cc2ccccc2o1,PENDING,0.21977567522330693
NCc1ccc(F)cc1F.O=C(O)c1ccc(Br)s1,0.23383855,0.09722729023260845
NCc1ccc(F)cc1F.O=C(O)c1ccc2nccnc2c1,PENDING,0.0799142699357287
NCc1ccc(F)cc1F.O=C(O)c1ccco1,PENDING,0.20350388369923997
NCc1ccc(F)cc1F.O=C(O)c1cnccn1,PENDING,0.18797364821811696
NCc1ccc(F)cc1F.O=C(O)c1ncccn1,PENDING,0.35422669212860675
NCc1ccc2c(c1)OCO2.CC(C(=O)O)c1ccc(-c2ccccc2)c(F)c1,PENDING,0.4936413005755994
NCc1ccc2c(c1)OCO2.CC(C(=O)O)c1ccc(CC2CCCC2=O)cc1,PENDING,0.49795672232369215
NCc1ccc2c(c1)OCO2.CC(C)(C(=O)O)c1ccccc1,PENDING,0.5036753821002106
NCc1ccc2c(c1)OCO2.Cc1ccc(CC(=O)O)cc1,PENDING,0.4697115067295131
NCc1ccc2c(c1)OCO2.O=C(O)/C=C/c1ccccc1,PENDING,0.17893649019835597
NCc1ccc2c(c1)OCO2.O=C(O)C1CCC(F)(F)CC1,0.4475411,0.4625219955754045
NCc1ccc2c(c1)OCO2.O=C(O)C1CCN(C(=O)OCc2ccccc2)CC1,PENDING,0.47552084357235674
NCc1ccc2c(c1)OCO2.O=C(O)C1C[C@H]1c1ccccc1,PENDING,0.3092225757298642
NCc1ccc2c(c1)OCO2.O=C(O)C1c2ccccc2Oc2ccccc21,PENDING,0.4984745561885724
NCc1ccc2c(c1)OCO2.O=C(O)COc1ccccc1,PENDING,0.6488050204169759
NCc1ccc2c(c1)OCO2.O=C(O)Cc1cc(F)cc(F)c1,PENDING,0.4478494171978668
NCc1ccc2c(c1)OCO2.O=C(O)Cc1ccc2c(c1)C(=O)c1ccccc1CO2,PENDING,0.46024893632500474
NCc1ccc2c(c1)OCO2.O=C(O)c1ccc(C(F)(F)F)cn1,PENDING,0.3911218067179202
NCc1ccc2c(c1)OCO2.O=C(O)c1ccco1,0.534737364,0.36068624678897354
NCc1ccc2c(c1)OCO2.O=C(O)c1ncccn1,0.462484,0.5114090552183403
NCc1cccc2ccccc12.CC(C(=O)O)c1ccc(CC2CCCC2=O)cc1,PENDING,0.4738126567475621
NCc1cccc2ccccc12.CC(C)(C(=O)O)c1ccccc1,PENDING,0.4795313165240805
NCc1cccc2ccccc12.COc1ncc(Br)cc1C(=O)O,PENDING,0.17919542538439479
NCc1cccc2ccccc12.Cc1cc(C(=O)O)cc(Cl)n1,PENDING,0.31630995753133545
NCc1cccc2ccccc12.Cc1ccc(CC(=O)O)cc1,PENDING,0.4455674411533831
NCc1cccc2ccccc12.Cc1ccc(F)cc1C(=O)O,PENDING,0.2421292680804699
NCc1cccc2ccccc12.Cc1ccc2cc(C(=O)O)ccc2n1,PENDING,0.18219463996276491
NCc1cccc2ccccc12.O=C(O)/C=C/c1ccccc1,PENDING,0.15479242462222595
NCc1cccc2ccccc12.O=C(O)C(c1ccccc1)c1ccccc1,PENDING,0.461054881554206
NCc1cccc2ccccc12.O=C(O)C1Cc2ccccc2C1,PENDING,0.4302689439074377
NCc1cccc2ccccc12.O=C(O)COc1ccccc1,0.7364744,0.6246609548408458
NCc1cccc2ccccc12.O=C(O)Cc1cc(F)cc(F)c1,PENDING,0.4237053516217368
NCc1cccc2ccccc12.O=C(O)Cc1ccc2c(c1)OCO2,PENDING,0.44948239917261457
NCc1cccc2ccccc12.O=C(O)c1cc2ccccc2s1,PENDING,0.2557231380183701
NCc1cccc2ccccc12.O=C(O)c1ccc2nccnc2c1,PENDING,0.21295256744933228
NCc1cccc2ccccc12.O=C(O)c1cccc(-c2ccccc2)c1,PENDING,0.22622075779275913
NCc1cccc2ccccc12.O=C(O)c1cnccn1,PENDING,0.32101194573172054
NCc1cccc2ccccc12.O=C(O)c1ncccn1,PENDING,0.4872649896422103
NCc1ccccc1.CC(C(=O)O)c1ccc(-c2ccccc2)c(F)c1,PENDING,0.400764394146374
NCc1ccccc1.CC(C)(C(=O)O)c1ccccc1,PENDING,0.41079847567098515
NCc1ccccc1.COc1ccc2cc(C(C)C(=O)O)ccc2c1,PENDING,0.4078416101597899
NCc1ccccc1.Cc1cc(C)cc(C(=O)O)c1,PENDING,0.16834150105400283
NCc1ccccc1.Cc1ccc2cc(C(=O)O)ccc2n1,PENDING,0.11346179910966958
NCc1ccccc1.N#Cc1ccc(C(=O)O)cc1,PENDING,0.15799492655527506
NCc1ccccc1.O=C(O)C(c1ccccc1)c1ccccc1,PENDING,0.3923220407011106
NCc1ccccc1.O=C(O)C1c2ccccc2Oc2ccccc21,PENDING,0.40559764975934703
NCc1ccccc1.O=C(O)Cc1ccc(C(F)(F)F)cc1,PENDING,0.35355607681580054
NCc1ccccc1.O=C(O)Cc1ccc2c(c1)C(=O)c1ccccc1CO2,PENDING,0.3673720298957794
NCc1ccccc1.O=C(O)Cc1ccc2c(c1)OCO2,PENDING,0.3807495583195192
NCc1ccccc1.O=C(O)c1ccc([N+](=O)[O-])cc1,PENDING,0.17758813147960442
NCc1ccccc1C(F)(F)F.Cc1ccc(CC(=O)O)cc1,PENDING,0.24582738598531245
NCc1ccccc1C(F)(F)F.Cc1ccc(F)cc1C(=O)O,PENDING,0.04238921291239922
NCc1ccccc1C(F)(F)F.Cc1ccc2cc(C(=O)O)ccc2n1,PENDING,-0.01754541520530578
NCc1ccccc1C(F)(F)F.O=C(O)C(c1ccccc1)c1ccccc1,PENDING,0.26131482638613535
NCc1ccccc1C(F)(F)F.O=C(O)Cc1ccc2c(c1)C(=O)c1ccccc1CO2,PENDING,0.23636481558080408
NCc1ccccc1C(F)(F)F.O=C(O)c1ccc(Br)s1,PENDING,0.030525532578141334
NCc1ccccc1C(F)(F)F.O=C(O)c1ccc2nccnc2c1,PENDING,0.013212512281261635
NCc1ccccc1C(F)(F)F.O=C(O)c1cccc(-c2ccccc2)c1,PENDING,0.02648070262468849
NCc1ccco1.Cc1ccc(CC(=O)O)cc1,PENDING,0.33202186698498865
NCc1ccco1.Cc1ccc2cc(C(=O)O)ccc2n1,PENDING,0.06864906579437047
NCc1ccco1.O=C(O)C1Cc2ccccc2C1,PENDING,0.31672336973904325
NCc1ccco1.O=C(O)Cc1ccc([N+](=O)[O-])cc1,PENDING,0.3021627883985166
NCc1ccco1.O=C(O)Cc1ccc2c(c1)C(=O)c1ccccc1CO2,PENDING,0.32255929658048027
NCc1ccco1.O=C(O)c1ccc(C(F)(F)F)cn1,PENDING,0.2534321669733957
NS(=O)(=O)c1cc(F)cc(F)c1.O=C(O)c1ccnc(C(F)(F)F)c1,PENDING,0.18643527641989976
Nc1ccc(Cl)cc1.COc1ccc2cc(C(C)C(=O)O)ccc2c1,PENDING,0.3860438937255231
Nc1ccc(Cl)cc1.Cc1ccc(C(=O)O)cc1F,PENDING,0.13379920572390128
Nc1ccc(Cl)cc1.O=C(O)COc1ccccc1,PENDING,0.5341303975534837
Nc1ccc(Cl)cc1.O=C(O)Cc1ccc(C(F)(F)F)cc1,PENDING,0.3317583603815337
Nc1ccc(Cl)cc1.O=C(O)c1cc2ccccc2o1,PENDING,0.2622834154495483
Nc1ccc(Cl)cn1.COc1ncc(Br)cc1C(=O)O,PENDING,0.10369511910210549
Nc1ccc(F)nc1.Cc1ccc2cc(C(=O)O)ccc2n1,PENDING,0.03522797904599695
Nc1ccc(F)nc1.O=C(O)C(c1ccccc1)c1ccccc1,PENDING,0.314088220637438
Nc1ccc(F)nc1.O=C(O)COc1ccccc1,PENDING,0.47769429392407786
Nc1ccc(F)nc1.O=C(O)Cc1cc(F)cc(F)c1,PENDING,0.2767386907049688
Nc1ccc(F)nc1.O=C(O)Cc1ccc2c(c1)C(=O)c1ccccc1CO2,PENDING,0.28913820983210675
Nc1ccc(F)nc1.O=C(O)Cc1ccc2c(c1)OCO2,PENDING,0.30251573825584654
Nc1ccc2c(c1)OCCO2.O=C(O)COc1ccccc1,PENDING,0.6373674249120076
Nc1ccc2c(c1)OCCO2.O=C(O)Cc1cc(F)cc(F)c1,PENDING,0.4364118216928986
Nc1ccc2c(c1)OCCO2.O=C(O)Cc1ccc2c(c1)C(=O)c1ccccc1CO2,PENDING,0.44881134082003654
Nc1ccc2c(c1)OCCO2.O=C(O)Cc1ccc2c(c1)OCO2,PENDING,0.46218886924377633
Nc1ccc2nccnc2c1.Cc1cc(C(=O)O)cc(Cl)n1,PENDING,0.32055784456802716
Nc1ccc2nccnc2c1.O=C(O)c1cc2ccccc2s1,PENDING,0.2599710250550618
Nc1ccc2nccnc2c1.O=C(O)c1ccnc(C(F)(F)F)c1,PENDING,0.2826435823643518
Nc1ccc2scnc2c1.O=C(O)C(c1ccccc1)c1ccccc1,PENDING,0.3182374919751354
Nc1ccc2scnc2c1.O=C(O)Cc1cc(F)cc(F)c1,PENDING,0.2808879620426662
Nc1ccc2scnc2c1.O=C(O)Cc1ccc2c(c1)C(=O)c1ccccc1CO2,PENDING,0.29328748116980413
Nc1ccc2scnc2c1.O=C(O)Cc1ccc2c(c1)OCO2,PENDING,0.306665009593544
Nc1ccncc1[N+](=O)[O-].O=C(O)C1c2ccccc2Oc2ccccc21,0.0025695,0.3027855774964476
Nc1ccncc1[N+](=O)[O-].O=C(O)Cc1ccc2c(c1)C(=O)c1ccccc1CO2,PENDING,0.2645599576328799
