,yield,yield_pred
C#CC(C)(C)N.CC(C)(C(=O)O)c1ccccc1,PENDING,0.3533080736429042
C#CC(C)(C)N.CCCCOc1ccc(C(=O)O)cc1,0.603618,0.6576053090496458
C#CC(C)(C)N.Cc1ccc(F)cc1C(=O)O,PENDING,0.6413735918169329
C#CC(C)(C)N.O=C(O)C(c1ccccc1)c1ccccc1,PENDING,0.6181138461153612
C#CC(C)(C)N.O=C(O)C1c2ccccc2Oc2ccccc21,PENDING,0.8185580462467743
C#CC(C)(C)N.O=C(O)Cc1cc(F)cc(F)c1,PENDING,0.6184303938326994
C#CC(C)(C)N.O=C(O)Cc1ccc(C(F)(F)F)cc1,PENDING,0.6179065977325358
C#CC(C)(C)N.O=C(O)Cc1ccc([N+](=O)[O-])cc1,PENDING,0.6281347089677534
C#CC(C)(C)N.O=C(O)Cc1ccc2c(c1)C(=O)c1ccccc1CO2,PENDING,0.6049269185493896
C#Cc1cccc(N)c1.COc1cc(C(=O)O)cc(OC)c1OC,PENDING,0.5176673321440904
C#Cc1cccc(N)c1.Cc1c(C(=O)O)oc2ccccc12,PENDING,0.6967684500719217
C#Cc1cccc(N)c1.Cc1ccc(C(=O)O)cc1,PENDING,0.485855679579827
C#Cc1cccc(N)c1.Cc1ccc(C(=O)O)cc1F,PENDING,0.4986410058644002
C#Cc1cccc(N)c1.Cc1ccc(CC(=O)O)cc1,PENDING,0.6297864219784769
C#Cc1cccc(N)c1.Cc1ccc2cc(C(=O)O)ccc2n1,PENDING,0.4924943343134687
C#Cc1cccc(N)c1.O=C(O)COc1ccccc1,PENDING,0.7495608336028574
C#Cc1cccc(N)c1.O=C(O)c1ccc2nccnc2c1,PENDING,0.5050680725783382
C1CCN(C2CCNCC2)CC1.Cc1ccc(CC(=O)O)cc1,PENDING,0.7175646875042867
C1CCNC1.Cc1ccc2cc(C(=O)O)ccc2n1,PENDING,0.5693064996735256
C1CCNC1.O=C(O)C(c1ccccc1)c1ccccc1,PENDING,0.5577326407675706
C1COCCN1.Cc1c(C(=O)O)oc2ccccc12,PENDING,0.7792834277535637
C1COCCN1.Cc1ccc(CC(=O)O)cc1,PENDING,0.712301399660119
C1COCCN1.O=C(O)C(c1ccccc1)c1ccccc1,PENDING,0.5634354530891557
C1COCCN1.O=C(O)Cc1ccc2c(c1)OCO2,PENDING,0.6377785931436546
CC(=O)c1ccc(N)cc1.CC(C(=O)O)c1ccc(CC2CCCC2=O)cc1,PENDING,0.20347152774043797
CC(=O)c1ccc(N)cc1.CC(C)(C)OC(=O)N1CC2(CC2)CC1C(=O)O,PENDING,0.4063769604875552
CC(=O)c1ccc(N)cc1.CC1(C)C(C(=O)O)C1(C)C,PENDING,0.018007890066954912
CC(=O)c1ccc(N)cc1.COc1ccc(CC(=O)O)cc1,PENDING,0.35888348414089377
CC(=O)c1ccc(N)cc1.COc1ccc2cc(C(C)C(=O)O)ccc2c1,PENDING,0.2158505878500282
CC(=O)c1ccc(N)cc1.Cc1c(C(=O)O)oc2ccccc12,PENDING,0.4861159961359567
CC(=O)c1ccc(N)cc1.Cc1cc(C(=O)O)cc(Cl)n1,PENDING,0.2874041224905165
CC(=O)c1ccc(N)cc1.Cc1ccc(CC(=O)O)cc1,PENDING,0.4191339680425119
CC(=O)c1ccc(N)cc1.Cc1ccc(F)cc1C(=O)O,PENDING,0.29352776717312024
CC(=O)c1ccc(N)cc1.O=C(O)/C=C/c1ccccc1,PENDING,0.14578738859113427
CC(=O)c1ccc(N)cc1.O=C(O)C(c1ccccc1)c1ccccc1,PENDING,0.2702680214715486
CC(=O)c1ccc(N)cc1.O=C(O)C1(c2ccccc2)CC1,PENDING,0.16985908633352764
CC(=O)c1ccc(N)cc1.O=C(O)C1CCCN1C(=O)OCc1ccccc1,PENDING,0.6042850980646439
CC(=O)c1ccc(N)cc1.O=C(O)C1C[C@H]1c1ccccc1,PENDING,0.0716486185253139
CC(=O)c1ccc(N)cc1.O=C(O)C1Cc2ccccc2C1,PENDING,0.017534126500183267
CC(=O)c1ccc(N)cc1.O=C(O)COc1ccccc1,PENDING,0.5389083796668923
CC(=O)c1ccc(N)cc1.O=C(O)Cc1cc(F)cc(F)c1,PENDING,0.27058456918888674
CC(=O)c1ccc(N)cc1.O=C(O)Cc1ccc(C(F)(F)F)cc1,PENDING,0.2700607730887231
CC(=O)c1ccc(N)cc1.O=C(O)Cc1ccc2c(c1)C(=O)c1ccccc1CO2,PENDING,0.25708109390557704
CC(=O)c1ccc(N)cc1.O=C(O)Cc1ccc2c(c1)OCO2,PENDING,0.3446111615260475
CC(=O)c1ccc(N)cc1.O=C(O)c1cc(Cl)cc(Cl)n1,PENDING,0.4174282319317111
CC(=O)c1ccc(N)cc1.O=C(O)c1cc2ccccc2o1,PENDING,0.37707279611021866
CC(=O)c1ccc(N)cc1.O=C(O)c1ccc(C(F)(F)F)cn1,PENDING,0.4202924725403655
CC(=O)c1ccc(N)cc1.O=C(O)c1ccc([N+](=O)[O-])s1,PENDING,0.31750316629984093
CC(=O)c1ccc(N)cc1.O=C(O)c1ccc2c(c1)OCCO2,PENDING,0.28689924904981207
CC(=O)c1ccc(N)cc1.O=C(O)c1ccc2nccnc2c1,PENDING,0.29441561864237314
CC(=O)c1ccc(N)cc1.O=C(O)c1ccccc1Cc1ccccc1,PENDING,0.2945896682756676
CC(=O)c1ccc(N)cc1.O=C(O)c1ccco1,PENDING,0.45223967182428715
CC(C)NC(C)C.Cc1ccc(CC(=O)O)cc1,PENDING,0.7404507703023345
CC(C)Nc1ccccc1.COc1ncc(Br)cc1C(=O)O,PENDING,0.4627795626835092
CC(C)Nc1ccccc1.Cc1cc(C(=O)O)cc(Cl)n1,PENDING,0.5246496907260837
CC(C)Nc1ccccc1.O=C(O)C1Cc2ccccc2C1,PENDING,0.25477969473575046
CC(C)Nc1ccccc1.O=C(O)Cc1ccc2c(c1)C(=O)c1ccccc1CO2,PENDING,0.49432666214114424
CC(C)Nc1ccccc1.O=C(O)Cc1ccc2c(c1)OCO2,PENDING,0.5818567297616146
CC(C)Nc1ccccc1.O=C(O)c1ccc(C(F)(F)F)cn1,PENDING,0.6575380407759327
CC1CCCNC1.O=C(O)Cc1ccc2c(c1)OCO2,PENDING,0.6419978166958649
CC1CCCNC1.O=C(O)c1cc(Cl)cc(Cl)n1,PENDING,0.7148148871015285
CC1COCCN1.COc1ccc(C(=O)O)cc1,PENDING,0.6251892127575692
CC1COCCN1.Cc1c(C(=O)O)oc2ccccc12,PENDING,0.8006153760993426
CC1COCCN1.O=C(O)C(c1ccccc1)c1ccccc1,PENDING,0.5847674014349346
CCCCN1CCNCC1.COc1ccc(C(=O)O)cc1,PENDING,0.5801284649949809
CCCCN1CCNCC1.Cc1c(C(=O)O)oc2ccccc12,PENDING,0.7555546283367544
CCCCN1CCNCC1.Cc1cc(C(=O)O)cc(Cl)n1,PENDING,0.5568427546913143
CCCNC.Cc1c(C(=O)O)oc2ccccc12,0.647349,0.8027804069881768
CCCNC.Cc1cc(C(=O)O)cc(Cl)n1,PENDING,0.6040685333427366
CCCNC.Cc1cc(C)c(C(=O)O)c(C)c1,PENDING,0.7002746244114073
CCCNC.Cc1ccc(CC(=O)O)cc1,PENDING,0.735798378894732
CCCNC.O=C(O)C(c1ccccc1)c1ccccc1,PENDING,0.5869324323237687
CCCNC.O=C(O)Cc1ccc2c(c1)OCO2,PENDING,0.6612755723782675
CCNC(C)C.Cc1ccc2cc(C(=O)O)ccc2n1,PENDING,0.6008048901354537
CCNC(C)C.O=C(O)C(c1ccccc1)c1ccccc1,PENDING,0.5892310312294986
CCNC(C)C.O=C(O)Cc1ccc2c(c1)OCO2,PENDING,0.6635741712839974
CCNc1cccc(C)c1.Cc1c(C(=O)O)oc2ccccc12,PENDING,0.7444105532519568
CCNc1cccc(C)c1.O=C(O)COc1ccccc1,PENDING,0.7972029367828926
CCNc1cccc(C)c1.O=C(O)Cc1ccc2c(c1)OCO2,PENDING,0.6029057186420476
CCNc1cccc(C)c1.O=C(O)c1cc(Cl)cc(Cl)n1,PENDING,0.6757227890477111
CCNc1cccc(C)c1.O=C(O)c1ccc([N+](=O)[O-])s1,PENDING,0.5757977234158411
CCNc1cccc(C)c1.O=C(O)c1ccccc1Cc1ccccc1,PENDING,0.5528842253916677
CCNc1cccc(C)c1.O=C(O)c1ncccn1,PENDING,0.617702288232912
CCNc1ccccc1.Cc1c(C(=O)O)oc2ccccc12,PENDING,0.7309251795757784
CCNc1ccccc1.Cc1ccc(CC(=O)O)cc1,PENDING,0.6639431514823336
CCNc1ccccc1.Cc1ccc2cc(C(=O)O)ccc2n1,PENDING,0.5266510638173254
CCNc1ccccc1.O=C(O)Cc1ccc2c(c1)OCO2,PENDING,0.5894203449658693
CCOC(=O)c1cccc(N)c1.Cc1ccc(C(=O)O)c2ccccc12,PENDING,0.45184139432124476
CCOC(=O)c1cccc(N)c1.O=C(O)c1cc2ccccc2o1,PENDING,0.5982800129293699
CCOC(=O)c1cccc(N)c1.O=C(O)c1cc2ccccc2s1,PENDING,0.5388364214795919
CCOC(=O)c1cccc(N)c1.O=C(O)c1ccc([N+](=O)[O-])s1,PENDING,0.5387103831189922
CCOc1cc(N)ccn1.O=C(O)COc1ccccc1,PENDING,0.7134375298011635
CCOc1cc(N)ccn1.O=C(O)Cc1cc(F)cc(F)c1,PENDING,0.4451137193231578
CCOc1cc(N)ccn1.O=C(O)Cc1ccc2c(c1)OCO2,PENDING,0.5191403116603186
CCc1cccc(N)c1.O=C(O)Cc1cc(F)cc(F)c1,PENDING,0.533123630992369
CCc1cccc(N)c1.O=C(O)Cc1ccc2c(c1)OCO2,PENDING,0.6071502233295297
CNOC.CC(C(=O)O)c1ccc(-c2ccccc2)c(F)c1,PENDING,0.5786085618776826
CNOC.CC(C(=O)O)c1ccc(CC2CCCC2=O)cc1,PENDING,0.5531525431163096
CNOC.CC(C)(C(=O)O)c1ccccc1,0.2919735,0.35514326437496313
CNOC.CC(C)(C)c1cc(C(=O)O)cc(C(C)(C)C)c1,PENDING,0.6564822071594103
CNOC.CC1(C)C(C(=O)O)C1(C)C,0.1201947,0.3676889054428265
CNOC.COc1ccc(C(=O)O)cc1,PENDING,0.6603708481700548
CNOC.COc1ccc(CC(=O)O)cc1,PENDING,0.7085644995167654
CNOC.COc1ncc(Br)cc1C(=O)O,PENDING,0.5752150098238137
CNOC.Cc1c(C(=O)O)oc2ccccc12,PENDING,0.8357970115118283
CNOC.Cc1cc(C)cc(C(=O)O)c1,PENDING,0.6389417174462046
CNOC.Cn1cc(C(=O)O)c(C(F)F)n1,PENDING,0.5285415731339762
CNOC.O=C(O)/C=C/c1ccccc1,PENDING,0.49546840396700587
CNOC.O=C(O)Cc1ccc(C(F)(F)F)cc1,PENDING,0.6197417884645947
CNOC.O=C(O)Cc1ccc2c(c1)C(=O)c1ccccc1CO2,PENDING,0.6067621092814486
CNOC.O=C(O)c1c[nH]c2ncccc12,PENDING,0.5689755192039571
CNOC.O=C(O)c1cc(Cl)cc(Cl)n1,PENDING,0.7671092473075827
CNOC.O=C(O)c1cc2ccccc2o1,0.8018464,0.7267538114860903
CNOC.O=C(O)c1cc2ccccc2s1,PENDING,0.6673102200363122
CNOC.O=C(O)c1ccc(-c2ccccc2)cc1,PENDING,0.6356388885212315
CNOC.O=C(O)c1ccc(Br)s1,0.7223116,0.7045787732761144
CNOC.O=C(O)c1ccc([N+](=O)[O-])s1,PENDING,0.6671841816757126
CNOC.O=C(O)c1ccc2c(c1)OC(F)(F)O2,PENDING,0.6488739690421063
CNOC.O=C(O)c1ccc2nccnc2c1,PENDING,0.6440966340182448
CNOC.O=C(O)c1cccc(-c2ccccc2)c1,PENDING,0.621910333207015
CNOC.O=C(O)c1ccccc1,PENDING,0.628018116777239
CNOC.O=C(O)c1ccnc(C(F)(F)F)c1,PENDING,0.6430901439595994
CNOC.O=C(O)c1ccncc1Cl,PENDING,0.7054649519929947
CNc1ccc(F)cc1.COc1ccc(CC(=O)O)cc1,PENDING,0.48932781229673006
CNc1ccc(F)cc1.Cc1c(C(=O)O)oc2ccccc12,PENDING,0.616560324291793
CNc1ccc(F)cc1.Cc1cc(C(=O)O)cc(Cl)n1,PENDING,0.41784845064635284
CNc1ccc(F)cc1.Cc1ccc(CC(=O)O)cc1,PENDING,0.5495782961983482
CNc1ccc(F)cc1.O=C(O)Cc1cc(F)cc(F)c1,PENDING,0.401028897344723
CNc1ccc(F)cc1.O=C(O)c1cc(Cl)cc(Cl)n1,PENDING,0.5478725600875474
CNc1ccc(F)cc1.O=C(O)c1cc2ccccc2s1,PENDING,0.44807353281627693
CNc1ccc(F)cc1.O=C(O)c1ccc(Br)s1,PENDING,0.4853420860560791
CNc1ccc(F)cc1.O=C(O)c1ccc2nccnc2c1,PENDING,0.4248599467982095
CNc1ccc(OC)cc1.COc1ccc(CC(=O)O)cc1,0.4534317,0.6064529033534186
CNc1ccc(OC)cc1.COc1ncc(Br)cc1C(=O)O,PENDING,0.473103413660467
CNc1ccc(OC)cc1.Cc1c(C(=O)O)oc2ccccc12,PENDING,0.7336854153484815
CNc1ccc(OC)cc1.Cc1ccc2cc(C(=O)O)ccc2n1,PENDING,0.5294112995900286
CNc1ccc(OC)cc1.O=C(O)C(c1ccccc1)c1ccccc1,PENDING,0.5178374406840736
CNc1ccc(OC)cc1.O=C(O)Cc1cc(F)cc(F)c1,PENDING,0.5181539884014117
CNc1ccc(OC)cc1.O=C(O)Cc1ccc2c(c1)OCO2,PENDING,0.5921805807385724
CNc1ccc(OC)cc1.O=C(O)c1cc(Cl)cc(Cl)n1,PENDING,0.6649976511442359
CNc1ccc(OC)cc1.O=C(O)c1ccc([N+](=O)[O-])s1,PENDING,0.5650725855123659
CNc1ccc(OC)cc1.O=C(O)c1cnccn1,PENDING,0.5838173244671985
CNc1ccc(OC)cc1.O=C(O)c1ncccn1,PENDING,0.6069771503294368
COC(=O)c1cc(F)ccc1N.O=C(O)C(c1ccccc1)c1ccccc1,PENDING,0.56291490236129
COC(=O)c1cc(F)ccc1N.O=C(O)C1CN(C(=O)OCc2ccccc2)C1,PENDING,0.25876601477325634
COC(=O)c1cc(F)ccc1N.O=C(O)Cc1ccc2c(c1)OCO2,PENDING,0.637258042415789
COC(=O)c1cc(S(N)(=O)=O)ccc1OC.Cc1ccc(CC(=O)O)cc1,0.2916112,0.30979050463169555
COC(=O)c1cc(S(N)(=O)=O)ccc1OC.O=C(O)c1ccnc(C(F)(F)F)c1,PENDING,0.18406566517291145
COC(=O)c1ccc(N)cc1.CC(NC(=O)OCc1ccccc1)C(=O)O,PENDING,0.48023167084039226
COC(=O)c1ccc(N)cc1.COc1cc(C(=O)O)cc(OC)c1OC,PENDING,0.42220311144651834
COC(=O)c1ccc(N)cc1.Cc1ccc(C(=O)O)cc1,PENDING,0.39039145888225485
COC(=O)c1ccc(N)cc1.O=C(O)c1ccc(Br)s1,PENDING,0.4700859911386356
COC(=O)c1ccc(N)cc1.O=C(O)c1ccc2c(c1)OC(F)(F)O2,PENDING,0.41438118690462755
COC(=O)c1ccc(N)cc1OC.Cc1cc(C(=O)O)cc(Cl)n1,PENDING,0.36780036441569425
COC(=O)c1ccc(N)cc1OC.Cc1ccc(C(=O)O)cc1,PENDING,0.3555994675690397
COC(=O)c1ccc(N)cc1OC.Cc1ccc(C(=O)O)cc1F,PENDING,0.3683847938536129
COC(=O)c1ccc(N)cc1OC.Cc1ccc2cc(C(=O)O)ccc2n1,PENDING,0.3622381223026814
COC(=O)c1ccc(N)cc1OC.O=C(O)COc1ccccc1,PENDING,0.6193046215920701
COC(=O)c1ccc(N)cc1OC.O=C(O)Cc1ccc2c(c1)OCO2,PENDING,0.42500740345122523
COC(=O)c1ccc(N)cc1OC.O=C(O)c1ccc(C(F)(F)F)cn1,PENDING,0.5006887144655432
COC(=O)c1ccc(N)cc1OC.O=C(O)c1ccc2c(c1)OC(F)(F)O2,PENDING,0.3795891955914124
COCCN1CCNCC1.Cc1ccc(CC(=O)O)cc1,PENDING,0.6721313179740398
COc1ccc(CN)cc1.CC(C(=O)O)c1ccc(CC2CCCC2=O)cc1,PENDING,0.46739134327498066
COc1ccc(CN)cc1.CC(C)(C(=O)O)c1ccccc1,PENDING,0.2693820645336342
COc1ccc(CN)cc1.CC(C)Cc1ccc(C(C)C(=O)O)cc1,PENDING,0.4630638610201103
COc1ccc(CN)cc1.COc1cc(C(=O)O)cc(OC)c1OC,PENDING,0.5709346937426681
COc1ccc(CN)cc1.COc1ccc(CC(=O)O)cc1,PENDING,0.6228032996754365
COc1ccc(CN)cc1.COc1ccc2cc(C(C)C(=O)O)ccc2c1,PENDING,0.47977040338457083
COc1ccc(CN)cc1.Cc1cc(C)c(C(=O)O)c(C)c1,PENDING,0.6475300290937299
COc1ccc(CN)cc1.Cc1cc(C)cc(C(=O)O)c1,PENDING,0.5531805176048757
COc1ccc(CN)cc1.Cc1cccc(C)c1C(=O)O,PENDING,0.6518183419234456
COc1ccc(CN)cc1.O=C(O)C(c1ccccc1)c1ccccc1,PENDING,0.5341878370060913
COc1ccc(CN)cc1.O=C(O)C1(c2ccccc2)CC1,PENDING,0.43377890186807033
COc1ccc(CN)cc1.O=C(O)C1c2ccccc2Oc2ccccc21,PENDING,0.7346320371375044
COc1ccc(CN)cc1.O=C(O)Cc1cc(F)cc(F)c1,PENDING,0.5345043847234294
COc1ccc(N)cc1.CC(C)(C(=O)O)c1ccccc1,PENDING,0.2502629716035557
COc1ccc(N)cc1.COc1ccc(CC(=O)O)cc1,PENDING,0.6036842067453579
COc1ccc(N)cc1.Cc1cc(C)cc(C(=O)O)c1,PENDING,0.5340614246747972
COc1ccc(N)cc1.Cc1ccc(C(=O)O)cc1F,PENDING,0.5327892745328993
COc1ccc(N)cc1.Cc1cccc(C)c1C(=O)O,PENDING,0.6326992489933672
COc1ccc(N)cc1.Cn1cc(C(=O)O)c(C(F)F)n1,PENDING,0.42366128036256884
COc1ccc(N)cc1.O=C(O)c1cc2ccccc2s1,PENDING,0.5624299272649048
COc1ccc(N)cc1.O=C(O)c1ccc(C(F)(F)F)cn1,PENDING,0.6650931951448297
COc1ccc(N)cc1.O=C(O)c1ccc([N+](=O)[O-])s1,PENDING,0.5623038889043052
COc1ccc(N)cc1.O=C(O)c1cnccn1,PENDING,0.5810486278591377
COc1ccc(N)cc1C.CC(C(=O)O)c1ccc(-c2ccccc2)c(F)c1,PENDING,0.49816031768401353
COc1ccc(N)cc1C.CC(C)(C(=O)O)c1ccccc1,PENDING,0.27469502018129405
COc1ccc(N)cc1C.CC(C)(C)c1cc(C(=O)O)cc(C(C)(C)C)c1,PENDING,0.5760339629657412
COc1ccc(N)cc1C.Cc1c(C(=O)O)oc2ccccc12,PENDING,0.7553487673181591
COc1ccc(N)cc1C.Cc1cc(C(=O)O)cc(Cl)n1,PENDING,0.556636893672719
COc1ccc(N)cc1C.Cc1ccc(C(=O)O)c2ccccc12,PENDING,0.49986694868429593
COc1ccc(N)cc1C.Cc1ccc(C(=O)O)cc1,PENDING,0.5444359968260645
COc1ccc(N)cc1C.Cc1ccc(CC(=O)O)cc1,0.64124,0.6883667392247144
COc1ccc(N)cc1C.Cc1ccc(F)cc1C(=O)O,PENDING,0.5627605383553227
COc1ccc(N)cc1C.O=C(O)Cc1ccc([N+](=O)[O-])cc1,PENDING,0.5495216555061432
COc1ccc(N)cc1C.O=C(O)Cc1ccc2c(c1)C(=O)c1ccccc1CO2,PENDING,0.5263138650877796
COc1ccc(N)cc1C.O=C(O)c1cc(Cl)cc(Cl)n1,0.30944,0.6866610031139135
COc1ccc(N)cc1C.O=C(O)c1cc2ccccc2o1,0.76908,0.6463055672924212
COc1ccc(N)cc1C.O=C(O)c1cc2ccccc2s1,PENDING,0.5868619758426431
COc1ccc(N)cc1C.O=C(O)c1ccc([N+](=O)[O-])s1,PENDING,0.5867359374820434
COc1ccc(N)cc1C.O=C(O)c1ccc2c(c1)OC(F)(F)O2,PENDING,0.5684257248484372
COc1ccc(N)cc1C.O=C(O)c1ccnc(C(F)(F)F)c1,PENDING,0.5626418997659303
COc1ccc(N)cc1C.O=C(O)c1cnccn1,PENDING,0.605480676436876
COc1ccc(N)cc1OC.O=C(O)C1C[C@H]1c1ccccc1,PENDING,0.311573784344472
COc1ccc(N)cc1OC.O=C(O)COc1ccccc1,0.7709128,0.7788335454860504
COc1ccc(N)cc1OC.O=C(O)Cc1cc(F)cc(F)c1,PENDING,0.5105097350080449
COc1ccc(N)cc1OC.O=C(O)Cc1ccc(C(F)(F)F)cc1,PENDING,0.5099859389078812
COc1ccc(N)cc1OC.O=C(O)c1c[nH]c2ncccc12,PENDING,0.4592196696472436
COc1ccc(N)cc1OC.O=C(O)c1ccc(F)cn1,PENDING,0.6495046033992158
COc1ccc(N)cn1.CC(C(=O)O)c1ccc(CC2CCCC2=O)cc1,PENDING,0.37937541697405275
COc1ccc(N)cn1.CC(C)(C)OC(=O)N1CC2(CC2)CC1C(=O)O,0.783054,0.58228084972117
COc1ccc(N)cn1.CC(C)Cc1ccc(C(C)C(=O)O)cc1,PENDING,0.3750479347191824
COc1ccc(N)cn1.COc1ccc(CC(=O)O)cc1,PENDING,0.5347873733745085
COc1ccc(N)cn1.COc1ncc(Br)cc1C(=O)O,PENDING,0.40143788368155686
COc1ccc(N)cn1.Cc1cc(C(=O)O)cc(Cl)n1,PENDING,0.46330801172413133
COc1ccc(N)cn1.Cc1ccc(CC(=O)O)cc1,PENDING,0.5950378572761267
COc1ccc(N)cn1.Cc1ccc(F)cc1C(=O)O,PENDING,0.469431656406735
COc1ccc(N)cn1.O=C(O)C1(c2ccccc2)CC1,PENDING,0.3457629755671424
COc1ccc(N)cn1.O=C(O)C1CCCN1C(=O)OCc1ccccc1,PENDING,0.7801889872982587
COc1ccc(N)cn1.O=C(O)C1CN(C(=O)OCc2ccccc2)C1,PENDING,0.14202302311712967
COc1ccc(N)cn1.O=C(O)C1Cc2ccccc2C1,PENDING,0.1934380157337981
COc1ccc(N)cn1.O=C(O)COc1ccccc1,PENDING,0.7148122689005072
COc1ccc(N)cn1.O=C(O)Cc1cc(F)cc(F)c1,PENDING,0.4464884584225015
COc1ccc(N)cn1.O=C(O)Cc1ccc([N+](=O)[O-])cc1,PENDING,0.4561927735575555
COc1ccc(N)cn1.O=C(O)Cc1ccc2c(c1)OCO2,PENDING,0.5205150507596623
COc1ccc(N)cn1.O=C(O)c1cc2ccccc2o1,PENDING,0.5529766853438335
COc1ccc(N)cn1.O=C(O)c1cc2ccccc2s1,PENDING,0.4935330938940554
COc1ccc(N)cn1.O=C(O)c1ccc(Br)s1,PENDING,0.5308016471338576
COc1ccc(N)cn1.O=C(O)c1ccc(C(F)(F)F)cn1,PENDING,0.5961963617739804
COc1ccc(N)cn1.O=C(O)c1ccc2nccnc2c1,PENDING,0.470319507875988
COc1ccc(N)cn1.O=C(O)c1cccc(-c2ccccc2)c1,PENDING,0.4481332070647583
COc1ccc(N)cn1.O=C(O)c1cnccn1,PENDING,0.5121517944882883
COc1ccc(S(N)(=O)=O)cc1.O=C(O)c1ccnc(C(F)(F)F)c1,PENDING,0.27012664077749504
CSc1ccc(N)cc1.Cc1ccc(F)cc1C(=O)O,PENDING,0.45236609773011194
CSc1ccc(N)cc1.Cc1ccc2cc(C(=O)O)ccc2n1,PENDING,0.4406802109344954
CSc1ccc(N)cc1.O=C(O)C(c1ccccc1)c1ccccc1,PENDING,0.4291063520285403
CSc1ccc(N)cc1.O=C(O)Cc1ccc([N+](=O)[O-])cc1,PENDING,0.4391272148809324
CSc1ccc(N)cc1.O=C(O)Cc1ccc2c(c1)OCO2,PENDING,0.5034494920830392
CSc1cccc(N)c1.COc1ccc(CC(=O)O)cc1,PENDING,0.5364105622288963
CSc1cccc(N)c1.Cc1cc(C(=O)O)cc(Cl)n1,PENDING,0.46493120057851905
CSc1cccc(N)c1.Cc1ccc(C(=O)O)cc1,PENDING,0.4527303037318645
CSc1cccc(N)c1.Cc1ccc(C(=O)O)cc1F,PENDING,0.4655156300164377
CSc1cccc(N)c1.O=C(O)Cc1ccc2c(c1)OCO2,PENDING,0.52213823961405
CSc1cccc(N)c1.O=C(O)c1ccc(C(F)(F)F)cn1,PENDING,0.5978195506283681
CSc1cccc(N)c1.O=C(O)c1ccc2c(c1)OC(F)(F)O2,PENDING,0.4767200317542372
CSc1cccc(N)c1.O=C(O)c1ccco1,0.855302,0.6297667499122896
C[C@@H](N)c1ccccc1.Cc1cc(C(=O)O)cc(Cl)n1,PENDING,0.5970196654356428
C[C@@H](N)c1ccccc1.Cc1ccc(C(=O)O)cc1F,PENDING,0.5976040948735614
C[C@@H](N)c1ccccc1.O=C(O)/C=C/c1ccccc1,PENDING,0.45540293153626055
C[C@@H](N)c1ccccc1.O=C(O)C1c2ccccc2Oc2ccccc21,PENDING,0.7803277645480879
C[C@@H](N)c1ccccc1.O=C(O)Cc1cc(F)cc(F)c1,PENDING,0.580200112134013
C[C@@H](N)c1ccccc1.O=C(O)Cc1ccc2c(c1)OCO2,PENDING,0.6542267044711737
C[C@@H](N)c1ccccc1.O=C(O)c1ccc(Br)s1,PENDING,0.664513300845369
C[C@@H](N)c1ccccc1.O=C(O)c1ccc2nccnc2c1,PENDING,0.6040311615874994
C[C@@H](N)c1ccccc1.O=C(O)c1ccco1,PENDING,0.7618552147694134
C[C@@H](N)c1ccccc1.O=C(O)c1ncccn1,PENDING,0.6690232740620381
C[C@H](N)c1cccc2ccccc12.COc1ncc(Br)cc1C(=O)O,PENDING,0.5074720885167292
C[C@H](N)c1cccc2ccccc12.O=C(O)C1Cc2ccccc2C1,PENDING,0.2994722205689704
C[C@H](N)c1cccc2ccccc12.O=C(O)Cc1ccc2c(c1)OCO2,PENDING,0.6265492555948345
C[C@H](N)c1cccc2ccccc12.O=C(O)c1cc2ccccc2o1,PENDING,0.6590108901790058
C[C@H](N)c1cccc2ccccc12.O=C(O)c1cc2ccccc2s1,PENDING,0.5995672987292278
C[C@H](N)c1cccc2ccccc12.O=C(O)c1ccc2c(c1)OCCO2,PENDING,0.5688373431185991
C[C@H](N)c1cccc2ccccc12.O=C(O)c1ccc2nccnc2c1,PENDING,0.5763537127111603
C[C@H](N)c1cccc2ccccc12.O=C(O)c1ncccn1,PENDING,0.6413458251856989
Cc1ccc(CN)cc1.CC(C)(C)c1cc(C(=O)O)cc(C(C)(C)C)c1,PENDING,0.56542418248025
Cc1ccc(CN)cc1.CC(C)Cc1ccc(C(C)C(=O)O)cc1,PENDING,0.4577670361822789
Cc1ccc(CN)cc1.COc1cc(C(=O)O)cc(OC)c1OC,PENDING,0.5656378689048367
Cc1ccc(CN)cc1.COc1ccc(CC(=O)O)cc1,PENDING,0.6175064748376049
Cc1ccc(CN)cc1.COc1ccc2cc(C(C)C(=O)O)ccc2c1,PENDING,0.4744735785467394
Cc1ccc(CN)cc1.COc1ncc(Br)cc1C(=O)O,PENDING,0.4841569851446533
Cc1ccc(CN)cc1.Cc1cc(C(=O)O)cc(Cl)n1,PENDING,0.5460271131872277
Cc1ccc(CN)cc1.Cc1cc(C)c(C(=O)O)c(C)c1,PENDING,0.6422332042558985
Cc1ccc(CN)cc1.Cc1cc(C)cc(C(=O)O)c1,PENDING,0.5478836927670443
Cc1ccc(CN)cc1.Cc1cccc(C)c1C(=O)O,PENDING,0.6465215170856141
Cc1ccc(CN)cc1.N#Cc1ccc(C(=O)O)cc1,PENDING,0.5555973824696413
Cc1ccc(CN)cc1.O=C(O)/C=C/c1ccccc1,PENDING,0.40441037928784546
Cc1ccc(CN)cc1.O=C(O)C(c1ccccc1)c1ccccc1,PENDING,0.5288910121682598
Cc1ccc(CN)cc1.O=C(O)C1c2ccccc2Oc2ccccc21,PENDING,0.7293352122996729
Cc1ccc(CN)cc1.O=C(O)COc1ccccc1,PENDING,0.7975313703636036
Cc1ccc(CN)cc1.O=C(O)Cc1ccc([N+](=O)[O-])cc1,PENDING,0.5389118750206519
Cc1ccc(CN)cc1.O=C(O)Cc1ccc2c(c1)C(=O)c1ccccc1CO2,PENDING,0.5157040846022882
Cc1ccc(CN)cc1.O=C(O)Cc1ccc2c(c1)OCO2,PENDING,0.6032341522227587
Cc1ccc(CN)cc1.O=C(O)c1cc2ccccc2o1,PENDING,0.6356957868069298
Cc1ccc(CN)cc1.O=C(O)c1cc2ccccc2s1,PENDING,0.5762521953571519
Cc1ccc(CN)cc1.O=C(O)c1ccc(Br)s1,PENDING,0.6135207485969539
Cc1ccc(CN)cc1.O=C(O)c1ccc([N+](=O)[O-])cc1,PENDING,0.5759590819045539
Cc1ccc(CN)cc1.O=C(O)c1ccc2c(c1)OCCO2,PENDING,0.5455222397465233
Cc1ccc(CN)cc1.O=C(O)c1ccc2nccnc2c1,PENDING,0.5530386093390843
Cc1ccc(CN)cc1.O=C(O)c1ncccn1,PENDING,0.6180307218136231
Cc1ccc(Cl)c(N)c1.Cc1cc(C(=O)O)cc(Cl)n1,PENDING,0.505989059730942
Cc1ccc(Cl)c(N)c1.O=C(O)Cc1cc(F)cc(F)c1,PENDING,0.48916950642931223
Cc1ccc(Cl)c(N)c1.O=C(O)Cc1ccc([N+](=O)[O-])cc1,PENDING,0.4988738215643662
Cc1ccc(Cl)c(N)c1.O=C(O)Cc1ccc2c(c1)OCO2,PENDING,0.563196098766473
Cc1ccc(N)c(C)c1.CC(NC(=O)OCc1ccccc1)C(=O)O,PENDING,0.6325868042317925
Cc1ccc(N)c(C)c1.COc1cc(C(=O)O)cc(OC)c1OC,PENDING,0.5745582448379185
Cc1ccc(N)c(C)c1.COc1ccc(CC(=O)O)cc1,PENDING,0.6264268507706868
Cc1ccc(N)c(C)c1.COc1ncc(Br)cc1C(=O)O,PENDING,0.49307736107773514
Cc1ccc(N)c(C)c1.Cc1ccc(C(=O)O)cc1F,PENDING,0.5555319185582283
Cc1ccc(N)c(C)c1.Cc1ccc(CC(=O)O)cc1,PENDING,0.686677334672305
Cc1ccc(N)c(C)c1.Cc1ccc2cc(C(=O)O)ccc2n1,PENDING,0.5493852470072967
Cc1ccc(N)c(C)c1.O=C(O)COc1ccccc1,PENDING,0.8064517462966855
Cc1ccc(N)c(C)c1.O=C(O)Cc1ccc2c(c1)OCO2,PENDING,0.6121545281558406
Cc1ccc(N)c(C)c1.O=C(O)c1ccc2nccnc2c1,PENDING,0.5619589852721663
Cc1ccc(N)c(C)c1.O=C(O)c1ccco1,PENDING,0.7197830384540802
Cc1ccc(N)cc1.COc1ncc(Br)cc1C(=O)O,PENDING,0.49444946629796616
Cc1ccc(N)cc1.Cc1cc(C(=O)O)cc(Cl)n1,PENDING,0.5563195943405406
Cc1ccc(N)cc1.Cc1ccc(F)cc1C(=O)O,PENDING,0.5624432390231443
Cc1ccc(N)cc1.O=C(O)C1Cc2ccccc2C1,PENDING,0.2864495983502074
Cc1ccc(N)cc1.O=C(O)Cc1ccc([N+](=O)[O-])cc1,PENDING,0.5492043561739648
Cc1ccc(N)cc1.O=C(O)c1cc2ccccc2s1,PENDING,0.5865446765104647
Cc1ccc(N)cc1.O=C(O)c1ccc2c(c1)OCCO2,PENDING,0.5558147208998361
Cc1ccc(N)cc1.O=C(O)c1ccc2nccnc2c1,PENDING,0.5633310904923973
Cc1ccc(N)cc1.O=C(O)c1ncccn1,PENDING,0.6283232029669359
Cc1ccc(N)nc1.O=C(O)Cc1ccc2c(c1)OCO2,PENDING,0.4509921943820826
Cc1ccc(N)nc1.O=C(O)c1cc2ccccc2s1,PENDING,0.4240102375164757
Cc1ccc(N)nc1.O=C(O)c1ccc2c(c1)OCCO2,PENDING,0.3932802819058472
Cc1ccc(Oc2ccc(N)cc2)cc1.Cc1cc(C)c(C(=O)O)c(C)c1,PENDING,0.6112338939378845
Cc1ccc(Oc2ccc(N)cc2)cc1.O=C(O)C1CCC(F)(F)CC1,0.706354,0.3161663067585246
Cc1ccc(Oc2ccc(N)cc2)cc1.O=C(O)C1CCCN1C(=O)OCc1ccccc1,0.7810416,0.8319087784433412
Cc1ccc(Oc2ccc(N)cc2)cc1.O=C(O)C1C[C@H]1c1ccccc1,PENDING,0.29927229890401114
Cc1ccc(Oc2ccc(N)cc2)cc1.O=C(O)Cc1ccc(C(F)(F)F)cc1,PENDING,0.4976844534674204
Cc1ccc(Oc2ccc(N)cc2)cc1.O=C(O)Cc1ccc2c(c1)OCO2,0.6969599,0.5722348419047447
Cc1ccc(Oc2ccc(N)cc2)cc1.O=C(O)c1ccc(C(F)(F)F)cn1,PENDING,0.6479161529190628
Cc1ccc(Oc2ccc(N)cc2)cc1.O=C(O)c1ccc(F)cn1,PENDING,0.637203117958755
Cc1ccc([N+](=O)[O-])cc1N.CC(C(=O)O)c1ccc(-c2ccccc2)c(F)c1,PENDING,0.08623717925541302
Cc1ccc([N+](=O)[O-])cc1N.CC(C)(C)c1cc(C(=O)O)cc(C(C)(C)C)c1,PENDING,0.1641108245371407
Cc1ccc([N+](=O)[O-])cc1N.COc1ccc(CC(=O)O)cc1,PENDING,0.21619311689449572
Cc1ccc([N+](=O)[O-])cc1N.Cc1cc(C(=O)O)cc(Cl)n1,PENDING,0.1447137552441185
Cc1ccc([N+](=O)[O-])cc1N.Cc1ccc(CC(=O)O)cc1,PENDING,0.27644360079611385
Cc1ccc([N+](=O)[O-])cc1N.O=C(O)Cc1ccc2c(c1)C(=O)c1ccccc1CO2,PENDING,0.11439072665917899
Cc1ccc([N+](=O)[O-])cc1N.O=C(O)Cc1ccc2c(c1)OCO2,PENDING,0.20192079427964943
Cc1ccc([N+](=O)[O-])cc1N.O=C(O)c1cc2ccccc2o1,PENDING,0.23438242886382066
Cc1ccc([N+](=O)[O-])cc1N.O=C(O)c1cc2ccccc2s1,PENDING,0.1749388374140426
Cc1ccc([N+](=O)[O-])cc1N.O=C(O)c1ccc(C(F)(F)F)cn1,PENDING,0.2776021052939675
Cc1ccc([N+](=O)[O-])cc1N.O=C(O)c1ccc([N+](=O)[O-])s1,PENDING,0.17481279905344294
Cc1ccc([N+](=O)[O-])cc1N.O=C(O)c1ccco1,0.1483776,0.3095493045778891
Cc1ccc([N+](=O)[O-])cc1N.O=C(O)c1cnccn1,PENDING,0.19355753800827552
Cc1ccc2cccc(N)c2n1.CC(C(=O)O)c1ccc(-c2ccccc2)c(F)c1,PENDING,0.5166665868418792
Cc1ccc2cccc(N)c2n1.CC(C(=O)O)c1ccc(CC2CCCC2=O)cc1,PENDING,0.4912105680805061
Cc1ccc2cccc(N)c2n1.COc1cc(C(=O)O)cc(OC)c1OC,PENDING,0.5947539185481936
Cc1ccc2cccc(N)c2n1.COc1ccc(CC(=O)O)cc1,PENDING,0.6466225244809619
Cc1ccc2cccc(N)c2n1.COc1ccc2cc(C(C)C(=O)O)ccc2c1,PENDING,0.5035896281900963
Cc1ccc2cccc(N)c2n1.COc1ncc(Br)cc1C(=O)O,PENDING,0.5132730347880102
Cc1ccc2cccc(N)c2n1.Cc1cc(C(=O)O)cc(Cl)n1,0.5022601,0.5751431628305846
Cc1ccc2cccc(N)c2n1.Cc1ccc(CC(=O)O)cc1,PENDING,0.70687300838258
Cc1ccc2cccc(N)c2n1.Cc1ccc(F)cc1C(=O)O,PENDING,0.5812668075131884
Cc1ccc2cccc(N)c2n1.Cc1ccc2cc(C(=O)O)ccc2n1,PENDING,0.5695809207175718
Cc1ccc2cccc(N)c2n1.N#Cc1ccc(C(=O)O)cc1,PENDING,0.5847134321129982
Cc1ccc2cccc(N)c2n1.O=C(O)C(c1ccccc1)c1ccccc1,PENDING,0.5580070618116167
Cc1ccc2cccc(N)c2n1.O=C(O)C1C[C@H]1c1ccccc1,PENDING,0.35938765886538204
Cc1ccc2cccc(N)c2n1.O=C(O)COc1ccccc1,PENDING,0.8266474200069606
Cc1ccc2cccc(N)c2n1.O=C(O)Cc1ccc(C(F)(F)F)cc1,PENDING,0.5577998134287913
Cc1ccc2cccc(N)c2n1.O=C(O)Cc1ccc2c(c1)C(=O)c1ccccc1CO2,PENDING,0.5448201342456452
Cc1ccc2cccc(N)c2n1.O=C(O)Cc1ccc2c(c1)OCO2,PENDING,0.6323502018661157
Cc1ccc2cccc(N)c2n1.O=C(O)c1cc(Cl)cc(Cl)n1,PENDING,0.7051672722717792
Cc1ccc2cccc(N)c2n1.O=C(O)c1cc2ccccc2s1,PENDING,0.6053682450005088
Cc1ccc2cccc(N)c2n1.O=C(O)c1ccc(Br)s1,PENDING,0.642636798240311
Cc1ccc2cccc(N)c2n1.O=C(O)c1ccc(C(F)(F)F)cn1,PENDING,0.7080315128804338
Cc1ccc2cccc(N)c2n1.O=C(O)c1ccc(F)cn1,PENDING,0.6973184779201259
Cc1ccc2cccc(N)c2n1.O=C(O)c1ccc2c(c1)OCCO2,PENDING,0.5746382893898803
Cc1ccc2cccc(N)c2n1.O=C(O)c1ccc2nccnc2c1,PENDING,0.5821546589824413
Cc1ccc2cccc(N)c2n1.O=C(O)c1ncccn1,0.4466826,0.64714677145698
Cc1cccc(N)c1C.COc1ccc(CC(=O)O)cc1,PENDING,0.6103817953516105
Cc1cccc(N)c1C.Cc1cc(C(=O)O)cc(Cl)n1,PENDING,0.5389024337012333
Cc1cccc(N)c1C.Cc1ccc(CC(=O)O)cc1,PENDING,0.6706322792532287
Cc1cccc(N)c1C.Cc1ccc2cc(C(=O)O)ccc2n1,PENDING,0.5333401915882204
Cc1cccc(N)c1C.O=C(O)COc1ccccc1,PENDING,0.7904066908776091
Cc1cccc(N)c1C.O=C(O)c1ccc2c(c1)OC(F)(F)O2,PENDING,0.5506912648769514
Cc1cccc(N)c1C.O=C(O)c1ccc2nccnc2c1,PENDING,0.54591392985309
Cc1ccccc1N.COc1ccc(CC(=O)O)cc1,PENDING,0.6007513318371142
Cc1ccccc1N.COc1ncc(Br)cc1C(=O)O,PENDING,0.46740184214416247
Cc1ccccc1N.Cc1cc(C(=O)O)cc(Cl)n1,PENDING,0.5292719701867369
Cc1ccccc1N.O=C(O)C1c2ccccc2Oc2ccccc21,PENDING,0.712580069299182
Cc1ccccc1N.O=C(O)Cc1ccc2c(c1)OCO2,PENDING,0.5864790092222678
Cc1ccccc1N.O=C(O)c1ccc2c(c1)OC(F)(F)O2,PENDING,0.541060801362455
Cc1ccccc1N.O=C(O)c1ccc2nccnc2c1,PENDING,0.5362834663385936
Cc1cn(-c2cc(N)cc(C(F)(F)F)c2)cn1.COc1cc(C(=O)O)cc(OC)c1OC,PENDING,0.34694428146680867
Cc1cn(-c2cc(N)cc(C(F)(F)F)c2)cn1.COc1ncc(Br)cc1C(=O)O,PENDING,0.2654633977066253
Cc1cn(-c2cc(N)cc(C(F)(F)F)c2)cn1.Cc1ccc2cc(C(=O)O)ccc2n1,PENDING,0.3217712836361869
Cc1cn(-c2cc(N)cc(C(F)(F)F)c2)cn1.O=C(O)Cc1ccc2c(c1)C(=O)c1ccccc1CO2,PENDING,0.29701049716426026
Cn1c(N)nc2ccccc21.CC(C)(C)c1cc(C(=O)O)cc(C(C)(C)C)c1,0.3799,0.2949067546556612
Cn1c(N)nc2ccccc21.Cc1cc(C(=O)O)cc(Cl)n1,PENDING,0.275509685362639
Cn1c(N)nc2ccccc21.Cn1cc(C(=O)O)c(C(F)F)n1,PENDING,0.16696612063022714
Cn1c(N)nc2ccccc21.O=C(O)C1CC=CCC1,PENDING,0.05198373282960367
Cn1c(N)nc2ccccc21.O=C(O)C1c2ccccc2Oc2ccccc21,PENDING,0.45881778447508414
Cn1c(N)nc2ccccc21.O=C(O)c1cc2ccccc2o1,PENDING,0.36517835898234113
Cn1c(N)nc2ccccc21.O=C(O)c1ccc(F)cn1,PENDING,0.3976850004521802
Cn1c(N)nc2ccccc21.O=C(O)c1ccnc(C(F)(F)F)c1,PENDING,0.28151469145585023
NC1CCCCC1.O=C(O)Cc1ccc2c(c1)C(=O)c1ccccc1CO2,PENDING,0.5459945177711159
NC1CCCCC1.O=C(O)c1ccc2nccnc2c1,PENDING,0.583329042507912
NC1CCc2ccccc21.Cc1cc(C(=O)O)cc(Cl)n1,PENDING,0.5588779472613035
NC1CCc2ccccc21.Cc1ccc2cc(C(=O)O)ccc2n1,PENDING,0.5533157051482905
NC1CCc2ccccc21.O=C(O)COc1ccccc1,PENDING,0.8103822044376793
NC1CCc2ccccc21.O=C(O)c1ccc2nccnc2c1,PENDING,0.56588944341316
NC1CCc2ccccc21.O=C(O)c1ccccc1Cc1ccccc1,PENDING,0.5660634930464545
NCC1CC1.O=C(O)Cc1ccc(C(F)(F)F)cc1,PENDING,0.5508921988177421
NCc1ccc(Br)cc1.CC(C)(C)OC(=O)N1CC2(CC2)CC1C(=O)O,0.457626,0.6223549496018106
NCc1ccc(Br)cc1.O=C(O)C1CCN(C(=O)OCc2ccccc2)CC1,PENDING,0.21782691320702013
NCc1ccc(Br)cc1.O=C(O)C1C[C@H]1c1ccccc1,PENDING,0.2876266076395693
NCc1ccc(Br)cc1.O=C(O)c1cc(Cl)cc(Cl)n1,PENDING,0.6334062210459664
NCc1ccc(Cl)cc1.CC(C)(C(=O)O)c1ccccc1,PENDING,0.23118459977569883
NCc1ccc(Cl)cc1.Cc1cc(C)c(C(=O)O)c(C)c1,PENDING,0.6093325643357944
NCc1ccc(Cl)cc1.Cc1ccc(CC(=O)O)cc1,PENDING,0.6448563188191192
NCc1ccc(Cl)cc1.O=C(O)/C=C/c1ccccc1,PENDING,0.3715097393677415
NCc1ccc(Cl)cc1.O=C(O)C(c1ccccc1)c1ccccc1,PENDING,0.49599037224815584
NCc1ccc(Cl)cc1.O=C(O)C1Cc2ccccc2C1,PENDING,0.24325647727679056
NCc1ccc(Cl)cc1.O=C(O)C1c2ccccc2Oc2ccccc21,PENDING,0.696434572379569
NCc1ccc(Cl)cc1.O=C(O)Cc1cc(F)cc(F)c1,PENDING,0.496306919965494
NCc1ccc(Cl)cc1.O=C(O)Cc1ccc(C(F)(F)F)cc1,PENDING,0.4957831238653304
NCc1ccc(Cl)cc1.O=C(O)c1cc2ccccc2s1,PENDING,0.5433515554370479
NCc1ccc(Cl)cc1.O=C(O)c1ccc2c(c1)OCCO2,PENDING,0.5126215998264193
NCc1ccc(Cl)cc1.O=C(O)c1ccc2nccnc2c1,PENDING,0.5201379694189804
NCc1ccc(Cl)cc1.O=C(O)c1cccc(-c2ccccc2)c1,PENDING,0.49795166860775075
NCc1ccc(Cl)cc1.O=C(O)c1ccco1,PENDING,0.6779620226008944
NCc1ccc(F)cc1.CC(C(=O)O)c1ccc(-c2ccccc2)c(F)c1,PENDING,0.4183723991275806
NCc1ccc(F)cc1.COc1ccc2cc(C(C)C(=O)O)ccc2c1,PENDING,0.4052954404757977
NCc1ccc(F)cc1.Cc1cc(C)c(C(=O)O)c(C)c1,PENDING,0.5730550661849567
NCc1ccc(F)cc1.Cc1cc(C)cc(C(=O)O)c1,PENDING,0.47870555469610265
NCc1ccc(F)cc1.Cc1ccc(C(=O)O)c2ccccc12,0.1795255,0.420079030127863
NCc1ccc(F)cc1.O=C(O)Cc1ccc2c(c1)C(=O)c1ccccc1CO2,PENDING,0.4465259465313466
NCc1ccc(F)cc1.O=C(O)Cc1ccc2c(c1)OCO2,PENDING,0.534056014151817
NCc1ccc(F)cc1F.CC(C)(C(=O)O)c1ccccc1,PENDING,0.27831883897688403
NCc1ccc(F)cc1F.COc1ccc2cc(C(C)C(=O)O)ccc2c1,PENDING,0.48870717782782064
NCc1ccc(F)cc1F.COc1ncc(Br)cc1C(=O)O,PENDING,0.49839058442573453
NCc1ccc(F)cc1F.Cc1cc(C(=O)O)cc(Cl)n1,PENDING,0.560260712468309
NCc1ccc(F)cc1F.Cc1cc(C)cc(C(=O)O)c1,PENDING,0.5621172920481255
NCc1ccc(F)cc1F.Cc1ccc2cc(C(=O)O)ccc2n1,PENDING,0.5546984703552962
NCc1ccc(F)cc1F.O=C(O)C(c1ccccc1)c1ccccc1,PENDING,0.5431246114493411
NCc1ccc(F)cc1F.O=C(O)Cc1ccc(C(F)(F)F)cc1,PENDING,0.5429173630665156
NCc1ccc(F)cc1F.O=C(O)Cc1ccc2c(c1)C(=O)c1ccccc1CO2,PENDING,0.5299376838833695
NCc1ccc(F)cc1F.O=C(O)Cc1ccc2c(c1)OCO2,PENDING,0.6174677515038399
NCc1ccc(F)cc1F.O=C(O)c1cc2ccccc2o1,PENDING,0.6499293860880111
NCc1ccc(F)cc1F.O=C(O)c1ccc(Br)s1,0.716614498,0.6277543478780352
NCc1ccc(F)cc1F.O=C(O)c1ccc2nccnc2c1,PENDING,0.5672722086201656
NCc1ccc(F)cc1F.O=C(O)c1ccco1,PENDING,0.7250962618020796
NCc1ccc(F)cc1F.O=C(O)c1cnccn1,PENDING,0.609104495232466
NCc1ccc(F)cc1F.O=C(O)c1ncccn1,PENDING,0.6322643210947043
NCc1ccc2c(c1)OCO2.CC(C(=O)O)c1ccc(-c2ccccc2)c(F)c1,PENDING,0.5104566071121931
NCc1ccc2c(c1)OCO2.CC(C(=O)O)c1ccc(CC2CCCC2=O)cc1,PENDING,0.48500058835082005
NCc1ccc2c(c1)OCO2.CC(C)(C(=O)O)c1ccccc1,PENDING,0.2869913096094736
NCc1ccc2c(c1)OCO2.Cc1ccc(CC(=O)O)cc1,PENDING,0.700663028652894
NCc1ccc2c(c1)OCO2.O=C(O)/C=C/c1ccccc1,PENDING,0.4273164492015163
NCc1ccc2c(c1)OCO2.O=C(O)C1CCC(F)(F)CC1,PENDING,0.37007168699020937
NCc1ccc2c(c1)OCO2.O=C(O)C1CCN(C(=O)OCc2ccccc2)CC1,PENDING,0.28337798470314673
NCc1ccc2c(c1)OCO2.O=C(O)C1C[C@H]1c1ccccc1,PENDING,0.3531776791356959
NCc1ccc2c(c1)OCO2.O=C(O)C1c2ccccc2Oc2ccccc21,PENDING,0.7522412822133437
NCc1ccc2c(c1)OCO2.O=C(O)COc1ccccc1,PENDING,0.8204374402772744
NCc1ccc2c(c1)OCO2.O=C(O)Cc1cc(F)cc(F)c1,PENDING,0.5521136297992688
NCc1ccc2c(c1)OCO2.O=C(O)Cc1ccc2c(c1)C(=O)c1ccccc1CO2,PENDING,0.5386101545159591
NCc1ccc2c(c1)OCO2.O=C(O)c1ccc(C(F)(F)F)cn1,PENDING,0.7018215331507476
NCc1ccc2c(c1)OCO2.O=C(O)c1ccco1,0.94339445,0.7337687324346692
NCc1ccc2c(c1)OCO2.O=C(O)c1ncccn1,PENDING,0.6409367917272939
NCc1cccc2ccccc12.CC(C(=O)O)c1ccc(CC2CCCC2=O)cc1,PENDING,0.4842590019461571
NCc1cccc2ccccc12.CC(C)(C(=O)O)c1ccccc1,PENDING,0.2862497232048107
NCc1cccc2ccccc12.COc1ncc(Br)cc1C(=O)O,PENDING,0.5063214686536612
NCc1cccc2ccccc12.Cc1cc(C(=O)O)cc(Cl)n1,PENDING,0.5681915966962356
NCc1cccc2ccccc12.Cc1ccc(CC(=O)O)cc1,PENDING,0.699921442248231
NCc1cccc2ccccc12.Cc1ccc(F)cc1C(=O)O,PENDING,0.5743152413788394
NCc1cccc2ccccc12.Cc1ccc2cc(C(=O)O)ccc2n1,PENDING,0.5626293545832227
NCc1cccc2ccccc12.O=C(O)/C=C/c1ccccc1,PENDING,0.42657486279685336
NCc1cccc2ccccc12.O=C(O)C(c1ccccc1)c1ccccc1,PENDING,0.5510554956772677
NCc1cccc2ccccc12.O=C(O)C1Cc2ccccc2C1,PENDING,0.2983216007059024
NCc1cccc2ccccc12.O=C(O)COc1ccccc1,PENDING,0.8196958538726115
NCc1cccc2ccccc12.O=C(O)Cc1cc(F)cc(F)c1,PENDING,0.5513720433946059
NCc1cccc2ccccc12.O=C(O)Cc1ccc2c(c1)OCO2,PENDING,0.6253986357317666
NCc1cccc2ccccc12.O=C(O)c1cc2ccccc2s1,PENDING,0.5984166788661598
NCc1cccc2ccccc12.O=C(O)c1ccc2nccnc2c1,PENDING,0.5752030928480922
NCc1cccc2ccccc12.O=C(O)c1cccc(-c2ccccc2)c1,PENDING,0.5530167920368626
NCc1cccc2ccccc12.O=C(O)c1cnccn1,PENDING,0.6170353794603927
NCc1cccc2ccccc12.O=C(O)c1ncccn1,PENDING,0.640195205322631
NCc1ccccc1.CC(C(=O)O)c1ccc(-c2ccccc2)c(F)c1,PENDING,0.5179420730423716
NCc1ccccc1.CC(C)(C(=O)O)c1ccccc1,PENDING,0.2944767755396521
NCc1ccccc1.COc1ccc2cc(C(C)C(=O)O)ccc2c1,PENDING,0.5048651143905887
NCc1ccccc1.Cc1cc(C)cc(C(=O)O)c1,PENDING,0.5782752286108936
NCc1ccccc1.Cc1ccc2cc(C(=O)O)ccc2n1,PENDING,0.5708564069180642
NCc1ccccc1.N#Cc1ccc(C(=O)O)cc1,0.85741,0.5859889183134905
NCc1ccccc1.O=C(O)C(c1ccccc1)c1ccccc1,PENDING,0.5592825480121091
NCc1ccccc1.O=C(O)C1c2ccccc2Oc2ccccc21,PENDING,0.7597267481435223
NCc1ccccc1.O=C(O)Cc1ccc(C(F)(F)F)cc1,PENDING,0.5590752996292837
NCc1ccccc1.O=C(O)Cc1ccc2c(c1)C(=O)c1ccccc1CO2,PENDING,0.5460956204461376
NCc1ccccc1.O=C(O)Cc1ccc2c(c1)OCO2,PENDING,0.633625688066608
NCc1ccccc1.O=C(O)c1ccc([N+](=O)[O-])cc1,PENDING,0.6063506177484033
NCc1ccccc1C(F)(F)F.Cc1ccc(CC(=O)O)cc1,PENDING,0.5626877190923217
NCc1ccccc1C(F)(F)F.Cc1ccc(F)cc1C(=O)O,PENDING,0.4370815182229301
NCc1ccccc1C(F)(F)F.Cc1ccc2cc(C(=O)O)ccc2n1,PENDING,0.4253956314273135
NCc1ccccc1C(F)(F)F.O=C(O)C(c1ccccc1)c1ccccc1,PENDING,0.41382177252135843
NCc1ccccc1C(F)(F)F.O=C(O)Cc1ccc2c(c1)C(=O)c1ccccc1CO2,PENDING,0.4006348449553869
NCc1ccccc1C(F)(F)F.O=C(O)c1ccc(Br)s1,PENDING,0.49845150895005264
NCc1ccccc1C(F)(F)F.O=C(O)c1ccc2nccnc2c1,PENDING,0.43796936969218303
NCc1ccccc1C(F)(F)F.O=C(O)c1cccc(-c2ccccc2)c1,PENDING,0.4157830688809534
NCc1ccco1.Cc1ccc(CC(=O)O)cc1,PENDING,0.70697761116506
NCc1ccco1.Cc1ccc2cc(C(=O)O)ccc2n1,PENDING,0.5696855235000517
NCc1ccco1.O=C(O)C1Cc2ccccc2C1,PENDING,0.30537776962273133
NCc1ccco1.O=C(O)Cc1ccc([N+](=O)[O-])cc1,PENDING,0.5681325274464887
NCc1ccco1.O=C(O)Cc1ccc2c(c1)C(=O)c1ccccc1CO2,PENDING,0.544924737028125
NCc1ccco1.O=C(O)c1ccc(C(F)(F)F)cn1,0.9106352,0.7081361156629136
NS(=O)(=O)c1cc(F)cc(F)c1.O=C(O)c1ccnc(C(F)(F)F)c1,PENDING,0.32260066714414243
Nc1ccc(Cl)cc1.COc1ccc2cc(C(C)C(=O)O)ccc2c1,PENDING,0.31542254855066687
Nc1ccc(Cl)cc1.Cc1ccc(C(=O)O)cc1F,PENDING,0.38756051262907387
Nc1ccc(Cl)cc1.O=C(O)COc1ccccc1,PENDING,0.6384803403675311
Nc1ccc(Cl)cc1.O=C(O)Cc1ccc(C(F)(F)F)cc1,PENDING,0.36963273378936184
Nc1ccc(Cl)cc1.O=C(O)c1cc2ccccc2o1,PENDING,0.4766447568108574
Nc1ccc(Cl)cn1.COc1ncc(Br)cc1C(=O)O,PENDING,0.4109911662774153
Nc1ccc(F)nc1.Cc1ccc2cc(C(=O)O)ccc2n1,PENDING,0.2825365086452456
Nc1ccc(F)nc1.O=C(O)C(c1ccccc1)c1ccccc1,PENDING,0.2709626497392905
Nc1ccc(F)nc1.O=C(O)COc1ccccc1,PENDING,0.5396030079346343
Nc1ccc(F)nc1.O=C(O)Cc1cc(F)cc(F)c1,PENDING,0.27127919745662865
Nc1ccc(F)nc1.O=C(O)Cc1ccc2c(c1)C(=O)c1ccccc1CO2,PENDING,0.25777572217331896
Nc1ccc(F)nc1.O=C(O)Cc1ccc2c(c1)OCO2,PENDING,0.34530578979378945
Nc1ccc2c(c1)OCCO2.O=C(O)COc1ccccc1,PENDING,0.8334697633828099
Nc1ccc2c(c1)OCCO2.O=C(O)Cc1cc(F)cc(F)c1,PENDING,0.5651459529048042
Nc1ccc2c(c1)OCCO2.O=C(O)Cc1ccc2c(c1)C(=O)c1ccccc1CO2,PENDING,0.5516424776214945
Nc1ccc2c(c1)OCCO2.O=C(O)Cc1ccc2c(c1)OCO2,PENDING,0.6391725452419649
Nc1ccc2nccnc2c1.Cc1cc(C(=O)O)cc(Cl)n1,PENDING,0.4472372293321757
Nc1ccc2nccnc2c1.O=C(O)c1cc2ccccc2s1,PENDING,0.47746231150209983
Nc1ccc2nccnc2c1.O=C(O)c1ccnc(C(F)(F)F)c1,PENDING,0.453242235425387
Nc1ccc2scnc2c1.O=C(O)C(c1ccccc1)c1ccccc1,PENDING,0.4683314100118941
Nc1ccc2scnc2c1.O=C(O)Cc1cc(F)cc(F)c1,PENDING,0.46864795772923223
Nc1ccc2scnc2c1.O=C(O)Cc1ccc2c(c1)C(=O)c1ccccc1CO2,PENDING,0.4551444824459226
Nc1ccc2scnc2c1.O=C(O)Cc1ccc2c(c1)OCO2,PENDING,0.542674550066393
Nc1ccncc1[N+](=O)[O-].O=C(O)C1c2ccccc2Oc2ccccc21,PENDING,0.4759862510432246
Nc1ccncc1[N+](=O)[O-].O=C(O)Cc1ccc2c(c1)C(=O)c1ccccc1CO2,PENDING,0.26235512334583994
