,yield,yield_pred
C#CC(C)(C)N.CC(C)(C(=O)O)c1ccccc1,PENDING,0.23534994008696974
C#CC(C)(C)N.CCCCOc1ccc(C(=O)O)cc1,PENDING,0.29070287624007196
C#CC(C)(C)N.Cc1ccc(F)cc1C(=O)O,PENDING,0.27968325635949687
C#CC(C)(C)N.O=C(O)C(c1ccccc1)c1ccccc1,PENDING,0.18634613164937203
C#CC(C)(C)N.O=C(O)C1c2ccccc2Oc2ccccc21,PENDING,0.24627604724756483
C#CC(C)(C)N.O=C(O)Cc1cc(F)cc(F)c1,PENDING,0.26697173636898197
C#CC(C)(C)N.O=C(O)Cc1ccc(C(F)(F)F)cc1,PENDING,0.2580609878986921
C#CC(C)(C)N.O=C(O)Cc1ccc([N+](=O)[O-])cc1,PENDING,0.3447129486519445
C#CC(C)(C)N.O=C(O)Cc1ccc2c(c1)C(=O)c1ccccc1CO2,PENDING,0.41177161082012237
C#Cc1cccc(N)c1.COc1cc(C(=O)O)cc(OC)c1OC,PENDING,0.1881300165733518
C#Cc1cccc(N)c1.Cc1c(C(=O)O)oc2ccccc12,PENDING,0.09143480134361075
C#Cc1cccc(N)c1.Cc1ccc(C(=O)O)cc1,PENDING,0.16674861990803164
C#Cc1cccc(N)c1.Cc1ccc(C(=O)O)cc1F,PENDING,0.15790107411134705
C#Cc1cccc(N)c1.Cc1ccc(CC(=O)O)cc1,PENDING,0.15209823561881924
C#Cc1cccc(N)c1.Cc1ccc2cc(C(=O)O)ccc2n1,PENDING,0.22929718065891153
C#Cc1cccc(N)c1.O=C(O)COc1ccccc1,PENDING,0.10399805716174589
C#Cc1cccc(N)c1.O=C(O)c1ccc2nccnc2c1,PENDING,0.251519736079856
C1CCN(C2CCNCC2)CC1.Cc1ccc(CC(=O)O)cc1,PENDING,0.27848081214659115
C1CCNC1.Cc1ccc2cc(C(=O)O)ccc2n1,PENDING,0.3078132006967618
C1CCNC1.O=C(O)C(c1ccccc1)c1ccccc1,PENDING,0.15096330026845778
C1COCCN1.Cc1c(C(=O)O)oc2ccccc12,PENDING,0.1729001243206515
C1COCCN1.Cc1ccc(CC(=O)O)cc1,PENDING,0.23356355859585998
C1COCCN1.O=C(O)C(c1ccccc1)c1ccccc1,PENDING,0.15391260320764819
C1COCCN1.O=C(O)Cc1ccc2c(c1)OCO2,PENDING,0.28668787087879666
CC(=O)c1ccc(N)cc1.CC(C(=O)O)c1ccc(CC2CCCC2=O)cc1,PENDING,0.25603072609568406
CC(=O)c1ccc(N)cc1.CC(C)(C)OC(=O)N1CC2(CC2)CC1C(=O)O,PENDING,0.0732362137761767
CC(=O)c1ccc(N)cc1.CC1(C)C(C(=O)O)C1(C)C,PENDING,0.037009368701566264
CC(=O)c1ccc(N)cc1.COc1ccc(CC(=O)O)cc1,PENDING,0.2806154471860682
CC(=O)c1ccc(N)cc1.COc1ccc2cc(C(C)C(=O)O)ccc2c1,PENDING,0.33696177934014326
CC(=O)c1ccc(N)cc1.Cc1c(C(=O)O)oc2ccccc12,PENDING,0.18840377350248527
CC(=O)c1ccc(N)cc1.Cc1cc(C(=O)O)cc(Cl)n1,PENDING,0.2702221528931148
CC(=O)c1ccc(N)cc1.Cc1ccc(CC(=O)O)cc1,PENDING,0.24906720777769378
CC(=O)c1ccc(N)cc1.Cc1ccc(F)cc1C(=O)O,PENDING,0.26275337709960683
CC(=O)c1ccc(N)cc1.O=C(O)/C=C/c1ccccc1,0.0110344,0.3516958454175263
CC(=O)c1ccc(N)cc1.O=C(O)C(c1ccccc1)c1ccccc1,PENDING,0.169416252389482
CC(=O)c1ccc(N)cc1.O=C(O)C1(c2ccccc2)CC1,PENDING,0.13598979062256666
CC(=O)c1ccc(N)cc1.O=C(O)C1CCCN1C(=O)OCc1ccccc1,PENDING,0.17096089176856125
CC(=O)c1ccc(N)cc1.O=C(O)C1C[C@H]1c1ccccc1,PENDING,0.21206901385073093
CC(=O)c1ccc(N)cc1.O=C(O)C1Cc2ccccc2C1,PENDING,0.23052061263784954
CC(=O)c1ccc(N)cc1.O=C(O)COc1ccccc1,PENDING,0.2009670293206204
CC(=O)c1ccc(N)cc1.O=C(O)Cc1cc(F)cc(F)c1,PENDING,0.25004185710909194
CC(=O)c1ccc(N)cc1.O=C(O)Cc1ccc(C(F)(F)F)cc1,PENDING,0.24113110863880205
CC(=O)c1ccc(N)cc1.O=C(O)Cc1ccc2c(c1)C(=O)c1ccccc1CO2,PENDING,0.3948417315602323
CC(=O)c1ccc(N)cc1.O=C(O)Cc1ccc2c(c1)OCO2,PENDING,0.30219152006063044
CC(=O)c1ccc(N)cc1.O=C(O)c1cc(Cl)cc(Cl)n1,PENDING,0.17240389004543566
CC(=O)c1ccc(N)cc1.O=C(O)c1cc2ccccc2o1,PENDING,0.17664640572361504
CC(=O)c1ccc(N)cc1.O=C(O)c1ccc(C(F)(F)F)cn1,PENDING,0.1893240026755541
CC(=O)c1ccc(N)cc1.O=C(O)c1ccc([N+](=O)[O-])s1,PENDING,0.3098303399730641
CC(=O)c1ccc(N)cc1.O=C(O)c1ccc2c(c1)OCCO2,PENDING,0.28123272741693706
CC(=O)c1ccc(N)cc1.O=C(O)c1ccc2nccnc2c1,PENDING,0.34848870823873057
CC(=O)c1ccc(N)cc1.O=C(O)c1ccccc1Cc1ccccc1,PENDING,0.2614183411473801
CC(=O)c1ccc(N)cc1.O=C(O)c1ccco1,PENDING,0.14603819828151354
CC(C)NC(C)C.Cc1ccc(CC(=O)O)cc1,PENDING,0.2699583931254743
CC(C)Nc1ccccc1.COc1ncc(Br)cc1C(=O)O,PENDING,0.19140222825962525
CC(C)Nc1ccccc1.Cc1cc(C(=O)O)cc(Cl)n1,PENDING,0.1916151593317671
CC(C)Nc1ccccc1.O=C(O)C1Cc2ccccc2C1,PENDING,0.1519136190765018
CC(C)Nc1ccccc1.O=C(O)Cc1ccc2c(c1)C(=O)c1ccccc1CO2,PENDING,0.3162347379988846
CC(C)Nc1ccccc1.O=C(O)Cc1ccc2c(c1)OCO2,PENDING,0.2235845264992827
CC(C)Nc1ccccc1.O=C(O)c1ccc(C(F)(F)F)cn1,PENDING,0.11071700911420637
CC1CCCNC1.O=C(O)Cc1ccc2c(c1)OCO2,PENDING,0.27272783696662867
CC1CCCNC1.O=C(O)c1cc(Cl)cc(Cl)n1,PENDING,0.1429402069514339
CC1COCCN1.COc1ccc(C(=O)O)cc1,PENDING,0.27760173348819606
CC1COCCN1.Cc1c(C(=O)O)oc2ccccc12,PENDING,0.19368317249512565
CC1COCCN1.O=C(O)C(c1ccccc1)c1ccccc1,PENDING,0.17469565138212234
CCCCN1CCNCC1.COc1ccc(C(=O)O)cc1,PENDING,0.24980111426435742
CCCCN1CCNCC1.Cc1c(C(=O)O)oc2ccccc12,PENDING,0.165882553271287
CCCCN1CCNCC1.Cc1cc(C(=O)O)cc(Cl)n1,PENDING,0.24770093266191656
CCCNC.Cc1c(C(=O)O)oc2ccccc12,PENDING,0.1578025884750801
CCCNC.Cc1cc(C(=O)O)cc(Cl)n1,PENDING,0.23962096786570966
CCCNC.Cc1cc(C)c(C(=O)O)c(C)c1,0.0207566,0.18990082857789975
CCCNC.Cc1ccc(CC(=O)O)cc1,PENDING,0.21846602275028862
CCCNC.O=C(O)C(c1ccccc1)c1ccccc1,PENDING,0.13881506736207683
CCCNC.O=C(O)Cc1ccc2c(c1)OCO2,PENDING,0.27159033503322527
CCNC(C)C.Cc1ccc2cc(C(=O)O)ccc2n1,PENDING,0.3276571673383594
CCNC(C)C.O=C(O)C(c1ccccc1)c1ccccc1,PENDING,0.17080726691005538
CCNC(C)C.O=C(O)Cc1ccc2c(c1)OCO2,PENDING,0.3035825345812038
CCNc1cccc(C)c1.Cc1c(C(=O)O)oc2ccccc12,0.2223111,0.11494966330216384
CCNc1cccc(C)c1.O=C(O)COc1ccccc1,PENDING,0.127512919120299
CCNc1cccc(C)c1.O=C(O)Cc1ccc2c(c1)OCO2,PENDING,0.22873740986030902
CCNc1cccc(C)c1.O=C(O)c1cc(Cl)cc(Cl)n1,PENDING,0.09894977984511422
CCNc1cccc(C)c1.O=C(O)c1ccc([N+](=O)[O-])s1,0.4685837,0.2363762297727426
CCNc1cccc(C)c1.O=C(O)c1ccccc1Cc1ccccc1,PENDING,0.18796423094705866
CCNc1cccc(C)c1.O=C(O)c1ncccn1,PENDING,0.0468521536545565
CCNc1ccccc1.Cc1c(C(=O)O)oc2ccccc12,PENDING,0.11084931257349721
CCNc1ccccc1.Cc1ccc(CC(=O)O)cc1,PENDING,0.1715127468487057
CCNc1ccccc1.Cc1ccc2cc(C(=O)O)ccc2n1,PENDING,0.24871169188879796
CCNc1ccccc1.O=C(O)Cc1ccc2c(c1)OCO2,PENDING,0.22463705913164236
CCOC(=O)c1cccc(N)c1.Cc1ccc(C(=O)O)c2ccccc12,PENDING,0.20786000491254147
CCOC(=O)c1cccc(N)c1.O=C(O)c1cc2ccccc2o1,PENDING,0.05272637770148056
CCOC(=O)c1cccc(N)c1.O=C(O)c1cc2ccccc2s1,PENDING,0.19994486693992763
CCOC(=O)c1cccc(N)c1.O=C(O)c1ccc([N+](=O)[O-])s1,PENDING,0.18591031195092955
CCOc1cc(N)ccn1.O=C(O)COc1ccccc1,PENDING,0.17884709566415424
CCOc1cc(N)ccn1.O=C(O)Cc1cc(F)cc(F)c1,PENDING,0.22792192345262577
CCOc1cc(N)ccn1.O=C(O)Cc1ccc2c(c1)OCO2,PENDING,0.2800715864041643
CCc1cccc(N)c1.O=C(O)Cc1cc(F)cc(F)c1,PENDING,0.21048930549599865
CCc1cccc(N)c1.O=C(O)Cc1ccc2c(c1)OCO2,PENDING,0.26263896844753715
CNOC.CC(C(=O)O)c1ccc(-c2ccccc2)c(F)c1,PENDING,0.2750812938739223
CNOC.CC(C(=O)O)c1ccc(CC2CCCC2=O)cc1,PENDING,0.24397526691738136
CNOC.CC(C)(C(=O)O)c1ccccc1,0.031248,0.20636460164877699
CNOC.CC(C)(C)c1cc(C(=O)O)cc(C(C)(C)C)c1,PENDING,0.22285712494412618
CNOC.CC1(C)C(C(=O)O)C1(C)C,0.0404494,0.024953909523263568
CNOC.COc1ccc(C(=O)O)cc1,PENDING,0.26026687531725295
CNOC.COc1ccc(CC(=O)O)cc1,PENDING,0.2685599880077655
CNOC.COc1ncc(Br)cc1C(=O)O,PENDING,0.2579537626426702
CNOC.Cc1c(C(=O)O)oc2ccccc12,PENDING,0.17634831432418258
CNOC.Cc1cc(C)cc(C(=O)O)c1,PENDING,0.2343383084341606
CNOC.Cn1cc(C(=O)O)c(C(F)F)n1,PENDING,0.1591431636235303
CNOC.O=C(O)/C=C/c1ccccc1,PENDING,0.33964038623922355
CNOC.O=C(O)Cc1ccc(C(F)(F)F)cc1,PENDING,0.22907564946049933
CNOC.O=C(O)Cc1ccc2c(c1)C(=O)c1ccccc1CO2,0.2261616,0.38278627238192964
CNOC.O=C(O)c1c[nH]c2ncccc12,PENDING,0.26018041528219893
CNOC.O=C(O)c1cc(Cl)cc(Cl)n1,PENDING,0.16034843086713294
CNOC.O=C(O)c1cc2ccccc2o1,0.2167642,0.1645909465453123
CNOC.O=C(O)c1cc2ccccc2s1,PENDING,0.3118094357837594
CNOC.O=C(O)c1ccc(-c2ccccc2)cc1,PENDING,0.28141685073240186
CNOC.O=C(O)c1ccc(Br)s1,0.2092784,0.253274051603391
CNOC.O=C(O)c1ccc([N+](=O)[O-])s1,PENDING,0.29777488079476133
CNOC.O=C(O)c1ccc2c(c1)OC(F)(F)O2,PENDING,0.2476824909204583
CNOC.O=C(O)c1ccc2nccnc2c1,PENDING,0.3364332490604278
CNOC.O=C(O)c1cccc(-c2ccccc2)c1,PENDING,0.2640803020668492
CNOC.O=C(O)c1ccccc1,PENDING,0.2378233004953654
CNOC.O=C(O)c1ccnc(C(F)(F)F)c1,PENDING,0.23214212178091154
CNOC.O=C(O)c1ccncc1Cl,PENDING,0.22107007680791388
CNc1ccc(F)cc1.COc1ccc(CC(=O)O)cc1,PENDING,0.16662268761401597
CNc1ccc(F)cc1.Cc1c(C(=O)O)oc2ccccc12,PENDING,0.07441101393043303
CNc1ccc(F)cc1.Cc1cc(C(=O)O)cc(Cl)n1,PENDING,0.1562293933210626
CNc1ccc(F)cc1.Cc1ccc(CC(=O)O)cc1,PENDING,0.13507444820564155
CNc1ccc(F)cc1.O=C(O)Cc1cc(F)cc(F)c1,PENDING,0.1360490975370397
CNc1ccc(F)cc1.O=C(O)c1cc(Cl)cc(Cl)n1,PENDING,0.05841113047338342
CNc1ccc(F)cc1.O=C(O)c1cc2ccccc2s1,PENDING,0.2098721353900099
CNc1ccc(F)cc1.O=C(O)c1ccc(Br)s1,PENDING,0.15133675120964152
CNc1ccc(F)cc1.O=C(O)c1ccc2nccnc2c1,PENDING,0.23449594866667833
CNc1ccc(OC)cc1.COc1ccc(CC(=O)O)cc1,PENDING,0.24568139189650057
CNc1ccc(OC)cc1.COc1ncc(Br)cc1C(=O)O,PENDING,0.23507516653140534
CNc1ccc(OC)cc1.Cc1c(C(=O)O)oc2ccccc12,PENDING,0.15346971821291766
CNc1ccc(OC)cc1.Cc1ccc2cc(C(=O)O)ccc2n1,PENDING,0.2913320975282184
CNc1ccc(OC)cc1.O=C(O)C(c1ccccc1)c1ccccc1,PENDING,0.13448219709991438
CNc1ccc(OC)cc1.O=C(O)Cc1cc(F)cc(F)c1,PENDING,0.21510780181952432
CNc1ccc(OC)cc1.O=C(O)Cc1ccc2c(c1)OCO2,PENDING,0.2672574647710628
CNc1ccc(OC)cc1.O=C(O)c1cc(Cl)cc(Cl)n1,PENDING,0.13746983475586805
CNc1ccc(OC)cc1.O=C(O)c1ccc([N+](=O)[O-])s1,PENDING,0.2748962846834964
CNc1ccc(OC)cc1.O=C(O)c1cnccn1,PENDING,0.18412169410295828
CNc1ccc(OC)cc1.O=C(O)c1ncccn1,PENDING,0.08537220856531033
COC(=O)c1cc(F)ccc1N.O=C(O)C(c1ccccc1)c1ccccc1,PENDING,0.15358141629502212
COC(=O)c1cc(F)ccc1N.O=C(O)C1CN(C(=O)OCc2ccccc2)C1,PENDING,0.21664236047608562
COC(=O)c1cc(F)ccc1N.O=C(O)Cc1ccc2c(c1)OCO2,PENDING,0.28635668396617053
COC(=O)c1cc(S(N)(=O)=O)ccc1OC.Cc1ccc(CC(=O)O)cc1,0.0246432,0.11865899964324149
COC(=O)c1cc(S(N)(=O)=O)ccc1OC.O=C(O)c1ccnc(C(F)(F)F)c1,PENDING,0.11378937282476195
COC(=O)c1ccc(N)cc1.CC(NC(=O)OCc1ccccc1)C(=O)O,PENDING,0.10425666896861746
COC(=O)c1ccc(N)cc1.COc1cc(C(=O)O)cc(OC)c1OC,PENDING,0.20708185575871668
COC(=O)c1ccc(N)cc1.Cc1ccc(C(=O)O)cc1,PENDING,0.18570045909339652
COC(=O)c1ccc(N)cc1.O=C(O)c1ccc(Br)s1,PENDING,0.18731237780818408
COC(=O)c1ccc(N)cc1.O=C(O)c1ccc2c(c1)OC(F)(F)O2,PENDING,0.18172081712525134
COC(=O)c1ccc(N)cc1OC.Cc1cc(C(=O)O)cc(Cl)n1,PENDING,0.15600438857788845
COC(=O)c1ccc(N)cc1OC.Cc1ccc(C(=O)O)cc1,PENDING,0.14949982775167983
COC(=O)c1ccc(N)cc1OC.Cc1ccc(C(=O)O)cc1F,PENDING,0.14065228195499524
COC(=O)c1ccc(N)cc1OC.Cc1ccc2cc(C(=O)O)ccc2n1,PENDING,0.2120483885025597
COC(=O)c1ccc(N)cc1OC.O=C(O)COc1ccccc1,PENDING,0.08674926500539405
COC(=O)c1ccc(N)cc1OC.O=C(O)Cc1ccc2c(c1)OCO2,PENDING,0.1879737557454041
COC(=O)c1ccc(N)cc1OC.O=C(O)c1ccc(C(F)(F)F)cn1,PENDING,0.07510623836032773
COC(=O)c1ccc(N)cc1OC.O=C(O)c1ccc2c(c1)OC(F)(F)O2,PENDING,0.14552018578353465
COCCN1CCNCC1.Cc1ccc(CC(=O)O)cc1,0.1978368,0.26751631606318477
COc1ccc(CN)cc1.CC(C(=O)O)c1ccc(CC2CCCC2=O)cc1,PENDING,0.27159188220470487
COc1ccc(CN)cc1.CC(C)(C(=O)O)c1ccccc1,PENDING,0.23398121693610052
COc1ccc(CN)cc1.CC(C)Cc1ccc(C(C)C(=O)O)cc1,PENDING,0.23555482759922305
COc1ccc(CN)cc1.COc1cc(C(=O)O)cc(OC)c1OC,PENDING,0.30066014484124715
COc1ccc(CN)cc1.COc1ccc(CC(=O)O)cc1,PENDING,0.296176603295089
COc1ccc(CN)cc1.COc1ccc2cc(C(C)C(=O)O)ccc2c1,PENDING,0.35252293544916413
COc1ccc(CN)cc1.Cc1cc(C)c(C(=O)O)c(C)c1,PENDING,0.23606316971432575
COc1ccc(CN)cc1.Cc1cc(C)cc(C(=O)O)c1,PENDING,0.2619549237214841
COc1ccc(CN)cc1.Cc1cccc(C)c1C(=O)O,PENDING,0.23043102097779886
COc1ccc(CN)cc1.O=C(O)C(c1ccccc1)c1ccccc1,PENDING,0.1849774084985028
COc1ccc(CN)cc1.O=C(O)C1(c2ccccc2)CC1,0.0814086,0.15155094673158748
COc1ccc(CN)cc1.O=C(O)C1c2ccccc2Oc2ccccc21,PENDING,0.2449073240966956
COc1ccc(CN)cc1.O=C(O)Cc1cc(F)cc(F)c1,PENDING,0.26560301321811275
COc1ccc(N)cc1.CC(C)(C(=O)O)c1ccccc1,PENDING,0.21043199853804853
COc1ccc(N)cc1.COc1ccc(CC(=O)O)cc1,PENDING,0.27262738489703703
COc1ccc(N)cc1.Cc1cc(C)cc(C(=O)O)c1,PENDING,0.23840570532343214
COc1ccc(N)cc1.Cc1ccc(C(=O)O)cc1F,PENDING,0.24688198398119043
COc1ccc(N)cc1.Cc1cccc(C)c1C(=O)O,PENDING,0.20688180257974687
COc1ccc(N)cc1.Cn1cc(C(=O)O)c(C(F)F)n1,PENDING,0.16321056051280183
COc1ccc(N)cc1.O=C(O)c1cc2ccccc2s1,PENDING,0.31587683267303096
COc1ccc(N)cc1.O=C(O)c1ccc(C(F)(F)F)cn1,PENDING,0.18133594038652295
COc1ccc(N)cc1.O=C(O)c1ccc([N+](=O)[O-])s1,PENDING,0.3018422776840329
COc1ccc(N)cc1.O=C(O)c1cnccn1,PENDING,0.21106768710349474
COc1ccc(N)cc1C.CC(C(=O)O)c1ccc(-c2ccccc2)c(F)c1,PENDING,0.283406838588831
COc1ccc(N)cc1C.CC(C)(C(=O)O)c1ccccc1,PENDING,0.21469014636368564
COc1ccc(N)cc1C.CC(C)(C)c1cc(C(=O)O)cc(C(C)(C)C)c1,PENDING,0.23118266965903486
COc1ccc(N)cc1C.Cc1c(C(=O)O)oc2ccccc12,PENDING,0.18467385903909123
COc1ccc(N)cc1C.Cc1cc(C(=O)O)cc(Cl)n1,PENDING,0.26649223842972075
COc1ccc(N)cc1C.Cc1ccc(C(=O)O)c2ccccc12,PENDING,0.3280501184712819
COc1ccc(N)cc1C.Cc1ccc(C(=O)O)cc1,PENDING,0.25998767760351216
COc1ccc(N)cc1C.Cc1ccc(CC(=O)O)cc1,PENDING,0.24533729331429974
COc1ccc(N)cc1C.Cc1ccc(F)cc1C(=O)O,PENDING,0.2590234626362128
COc1ccc(N)cc1C.O=C(O)Cc1ccc([N+](=O)[O-])cc1,PENDING,0.3240531549286604
COc1ccc(N)cc1C.O=C(O)Cc1ccc2c(c1)C(=O)c1ccccc1CO2,PENDING,0.3911118170968383
COc1ccc(N)cc1C.O=C(O)c1cc(Cl)cc(Cl)n1,PENDING,0.16867397558204159
COc1ccc(N)cc1C.O=C(O)c1cc2ccccc2o1,PENDING,0.172916491260221
COc1ccc(N)cc1C.O=C(O)c1cc2ccccc2s1,PENDING,0.32013498049866806
COc1ccc(N)cc1C.O=C(O)c1ccc([N+](=O)[O-])s1,PENDING,0.30610042550967
COc1ccc(N)cc1C.O=C(O)c1ccc2c(c1)OC(F)(F)O2,PENDING,0.25600803563536695
COc1ccc(N)cc1C.O=C(O)c1ccnc(C(F)(F)F)c1,PENDING,0.24046766649582021
COc1ccc(N)cc1C.O=C(O)c1cnccn1,PENDING,0.21532583492913185
COc1ccc(N)cc1OC.O=C(O)C1C[C@H]1c1ccccc1,PENDING,0.19796343970565328
COc1ccc(N)cc1OC.O=C(O)COc1ccccc1,PENDING,0.18686145517554276
COc1ccc(N)cc1OC.O=C(O)Cc1cc(F)cc(F)c1,PENDING,0.23593628296401428
COc1ccc(N)cc1OC.O=C(O)Cc1ccc(C(F)(F)F)cc1,PENDING,0.2270255344937244
COc1ccc(N)cc1OC.O=C(O)c1c[nH]c2ncccc12,PENDING,0.258130300315424
COc1ccc(N)cc1OC.O=C(O)c1ccc(F)cn1,PENDING,0.15096818343279958
COc1ccc(N)cn1.CC(C(=O)O)c1ccc(CC2CCCC2=O)cc1,PENDING,0.23060509359305148
COc1ccc(N)cn1.CC(C)(C)OC(=O)N1CC2(CC2)CC1C(=O)O,PENDING,0.047810581273544095
COc1ccc(N)cn1.CC(C)Cc1ccc(C(C)C(=O)O)cc1,PENDING,0.19456803898756964
COc1ccc(N)cn1.COc1ccc(CC(=O)O)cc1,PENDING,0.2551898146834356
COc1ccc(N)cn1.COc1ncc(Br)cc1C(=O)O,PENDING,0.24458358931834037
COc1ccc(N)cn1.Cc1cc(C(=O)O)cc(Cl)n1,PENDING,0.24479652039048222
COc1ccc(N)cn1.Cc1ccc(CC(=O)O)cc1,PENDING,0.22364157527506118
COc1ccc(N)cn1.Cc1ccc(F)cc1C(=O)O,PENDING,0.23732774459697423
COc1ccc(N)cn1.O=C(O)C1(c2ccccc2)CC1,PENDING,0.11056415811993407
COc1ccc(N)cn1.O=C(O)C1CCCN1C(=O)OCc1ccccc1,0.27375984,0.14553525926592864
COc1ccc(N)cn1.O=C(O)C1CN(C(=O)OCc2ccccc2)C1,PENDING,0.20705156406791292
COc1ccc(N)cn1.O=C(O)C1Cc2ccccc2C1,PENDING,0.20509498013521696
COc1ccc(N)cn1.O=C(O)COc1ccccc1,PENDING,0.1755413968179878
COc1ccc(N)cn1.O=C(O)Cc1cc(F)cc(F)c1,PENDING,0.22461622460645936
COc1ccc(N)cn1.O=C(O)Cc1ccc([N+](=O)[O-])cc1,PENDING,0.30235743688942185
COc1ccc(N)cn1.O=C(O)Cc1ccc2c(c1)OCO2,PENDING,0.27676588755799786
COc1ccc(N)cn1.O=C(O)c1cc2ccccc2o1,PENDING,0.15122077322098243
COc1ccc(N)cn1.O=C(O)c1cc2ccccc2s1,PENDING,0.29843926245942953
COc1ccc(N)cn1.O=C(O)c1ccc(Br)s1,PENDING,0.23990387827906115
COc1ccc(N)cn1.O=C(O)c1ccc(C(F)(F)F)cn1,PENDING,0.1638983701729215
COc1ccc(N)cn1.O=C(O)c1ccc2nccnc2c1,PENDING,0.32306307573609794
COc1ccc(N)cn1.O=C(O)c1cccc(-c2ccccc2)c1,PENDING,0.2507101287425193
COc1ccc(N)cn1.O=C(O)c1cnccn1,PENDING,0.1936301168898933
COc1ccc(S(N)(=O)=O)cc1.O=C(O)c1ccnc(C(F)(F)F)c1,PENDING,0.15279319376348413
CSc1ccc(N)cc1.Cc1ccc(F)cc1C(=O)O,PENDING,0.2761059426451953
CSc1ccc(N)cc1.Cc1ccc2cc(C(=O)O)ccc2n1,PENDING,0.3396187183633745
CSc1ccc(N)cc1.O=C(O)C(c1ccccc1)c1ccccc1,PENDING,0.18276881793507044
CSc1ccc(N)cc1.O=C(O)Cc1ccc([N+](=O)[O-])cc1,PENDING,0.3411356349376429
CSc1ccc(N)cc1.O=C(O)Cc1ccc2c(c1)OCO2,PENDING,0.3155440856062189
CSc1cccc(N)c1.COc1ccc(CC(=O)O)cc1,PENDING,0.2784386668546732
CSc1cccc(N)c1.Cc1cc(C(=O)O)cc(Cl)n1,PENDING,0.26804537256171984
CSc1cccc(N)c1.Cc1ccc(C(=O)O)cc1,PENDING,0.26154081173551125
CSc1cccc(N)c1.Cc1ccc(C(=O)O)cc1F,PENDING,0.25269326593882663
CSc1cccc(N)c1.O=C(O)Cc1ccc2c(c1)OCO2,PENDING,0.3000147397292355
CSc1cccc(N)c1.O=C(O)c1ccc(C(F)(F)F)cn1,PENDING,0.18714722234415915
CSc1cccc(N)c1.O=C(O)c1ccc2c(c1)OC(F)(F)O2,PENDING,0.25756116976736604
CSc1cccc(N)c1.O=C(O)c1ccco1,PENDING,0.1438614179501186
C[C@@H](N)c1ccccc1.Cc1cc(C(=O)O)cc(Cl)n1,PENDING,0.23251802934812132
C[C@@H](N)c1ccccc1.Cc1ccc(C(=O)O)cc1F,PENDING,0.21716592272522808
C[C@@H](N)c1ccccc1.O=C(O)/C=C/c1ccccc1,PENDING,0.31399172187253277
C[C@@H](N)c1ccccc1.O=C(O)C1c2ccccc2Oc2ccccc21,PENDING,0.1916420444426813
C[C@@H](N)c1ccccc1.O=C(O)Cc1cc(F)cc(F)c1,0.3666051,0.21233773356409846
C[C@@H](N)c1ccccc1.O=C(O)Cc1ccc2c(c1)OCO2,PENDING,0.26448739651563696
C[C@@H](N)c1ccccc1.O=C(O)c1ccc(Br)s1,PENDING,0.22762538723670026
C[C@@H](N)c1ccccc1.O=C(O)c1ccc2nccnc2c1,PENDING,0.31078458469373704
C[C@@H](N)c1ccccc1.O=C(O)c1ccco1,PENDING,0.10833407473652007
C[C@@H](N)c1ccccc1.O=C(O)c1ncccn1,PENDING,0.08260214030988444
C[C@H](N)c1cccc2ccccc12.COc1ncc(Br)cc1C(=O)O,PENDING,0.2719872111386414
C[C@H](N)c1cccc2ccccc12.O=C(O)C1Cc2ccccc2C1,PENDING,0.23249860195551797
C[C@H](N)c1cccc2ccccc12.O=C(O)Cc1ccc2c(c1)OCO2,PENDING,0.30416950937829884
C[C@H](N)c1cccc2ccccc12.O=C(O)c1cc2ccccc2o1,PENDING,0.17862439504128344
C[C@H](N)c1cccc2ccccc12.O=C(O)c1cc2ccccc2s1,PENDING,0.3258428842797305
C[C@H](N)c1cccc2ccccc12.O=C(O)c1ccc2c(c1)OCCO2,PENDING,0.2832107167346055
C[C@H](N)c1cccc2ccccc12.O=C(O)c1ccc2nccnc2c1,PENDING,0.350466697556399
C[C@H](N)c1cccc2ccccc12.O=C(O)c1ncccn1,PENDING,0.12228425317254636
Cc1ccc(CN)cc1.CC(C)(C)c1cc(C(=O)O)cc(C(C)(C)C)c1,PENDING,0.21031936541976026
Cc1ccc(CN)cc1.CC(C)Cc1ccc(C(C)C(=O)O)cc1,PENDING,0.1954004527875336
Cc1ccc(CN)cc1.COc1cc(C(=O)O)cc(OC)c1OC,PENDING,0.26050577002955766
Cc1ccc(CN)cc1.COc1ccc(CC(=O)O)cc1,PENDING,0.25602222848339956
Cc1ccc(CN)cc1.COc1ccc2cc(C(C)C(=O)O)ccc2c1,PENDING,0.31236856063747465
Cc1ccc(CN)cc1.COc1ncc(Br)cc1C(=O)O,PENDING,0.2454160031183043
Cc1ccc(CN)cc1.Cc1cc(C(=O)O)cc(Cl)n1,PENDING,0.24562893419044618
Cc1ccc(CN)cc1.Cc1cc(C)c(C(=O)O)c(C)c1,PENDING,0.19590879490263627
Cc1ccc(CN)cc1.Cc1cc(C)cc(C(=O)O)c1,PENDING,0.22180054890979467
Cc1ccc(CN)cc1.Cc1cccc(C)c1C(=O)O,PENDING,0.1902766461661094
Cc1ccc(CN)cc1.N#Cc1ccc(C(=O)O)cc1,PENDING,0.2659561315007605
Cc1ccc(CN)cc1.O=C(O)/C=C/c1ccccc1,PENDING,0.3271026267148576
Cc1ccc(CN)cc1.O=C(O)C(c1ccccc1)c1ccccc1,PENDING,0.14482303368681335
Cc1ccc(CN)cc1.O=C(O)C1c2ccccc2Oc2ccccc21,PENDING,0.20475294928500612
Cc1ccc(CN)cc1.O=C(O)COc1ccccc1,PENDING,0.17637381061795177
Cc1ccc(CN)cc1.O=C(O)Cc1ccc([N+](=O)[O-])cc1,0.619736,0.3031898506893858
Cc1ccc(CN)cc1.O=C(O)Cc1ccc2c(c1)C(=O)c1ccccc1CO2,PENDING,0.37024851285756366
Cc1ccc(CN)cc1.O=C(O)Cc1ccc2c(c1)OCO2,PENDING,0.2775983013579618
Cc1ccc(CN)cc1.O=C(O)c1cc2ccccc2o1,PENDING,0.1520531870209464
Cc1ccc(CN)cc1.O=C(O)c1cc2ccccc2s1,PENDING,0.29927167625939344
Cc1ccc(CN)cc1.O=C(O)c1ccc(Br)s1,PENDING,0.24073629207902508
Cc1ccc(CN)cc1.O=C(O)c1ccc([N+](=O)[O-])cc1,PENDING,0.2846263925948611
Cc1ccc(CN)cc1.O=C(O)c1ccc2c(c1)OCCO2,PENDING,0.25663950871426844
Cc1ccc(CN)cc1.O=C(O)c1ccc2nccnc2c1,PENDING,0.3238954895360619
Cc1ccc(CN)cc1.O=C(O)c1ncccn1,0.003648,0.0957130451522093
Cc1ccc(Cl)c(N)c1.Cc1cc(C(=O)O)cc(Cl)n1,PENDING,0.2473613868271513
Cc1ccc(Cl)c(N)c1.O=C(O)Cc1cc(F)cc(F)c1,PENDING,0.22718109104312842
Cc1ccc(Cl)c(N)c1.O=C(O)Cc1ccc([N+](=O)[O-])cc1,PENDING,0.30492230332609094
Cc1ccc(Cl)c(N)c1.O=C(O)Cc1ccc2c(c1)OCO2,PENDING,0.2793307539946669
Cc1ccc(N)c(C)c1.CC(NC(=O)OCc1ccccc1)C(=O)O,0.2369226,0.1624591815984319
Cc1ccc(N)c(C)c1.COc1cc(C(=O)O)cc(OC)c1OC,PENDING,0.2652843683885311
Cc1ccc(N)c(C)c1.COc1ccc(CC(=O)O)cc1,PENDING,0.260800826842373
Cc1ccc(N)c(C)c1.COc1ncc(Br)cc1C(=O)O,PENDING,0.25019460147727773
Cc1ccc(N)c(C)c1.Cc1ccc(C(=O)O)cc1F,PENDING,0.23505542592652637
Cc1ccc(N)c(C)c1.Cc1ccc(CC(=O)O)cc1,PENDING,0.22925258743399857
Cc1ccc(N)c(C)c1.Cc1ccc2cc(C(=O)O)ccc2n1,PENDING,0.30645153247409085
Cc1ccc(N)c(C)c1.O=C(O)COc1ccccc1,PENDING,0.1811524089769252
Cc1ccc(N)c(C)c1.O=C(O)Cc1ccc2c(c1)OCO2,PENDING,0.28237689971693525
Cc1ccc(N)c(C)c1.O=C(O)c1ccc2nccnc2c1,PENDING,0.3286740878950354
Cc1ccc(N)c(C)c1.O=C(O)c1ccco1,PENDING,0.12622357793781835
Cc1ccc(N)cc1.COc1ncc(Br)cc1C(=O)O,PENDING,0.24465402043330609
Cc1ccc(N)cc1.Cc1cc(C(=O)O)cc(Cl)n1,PENDING,0.24486695150544796
Cc1ccc(N)cc1.Cc1ccc(F)cc1C(=O)O,PENDING,0.23739817571193997
Cc1ccc(N)cc1.O=C(O)C1Cc2ccccc2C1,PENDING,0.20516541125018267
Cc1ccc(N)cc1.O=C(O)Cc1ccc([N+](=O)[O-])cc1,PENDING,0.3024278680043876
Cc1ccc(N)cc1.O=C(O)c1cc2ccccc2s1,PENDING,0.2985096935743953
Cc1ccc(N)cc1.O=C(O)c1ccc2c(c1)OCCO2,PENDING,0.2558775260292702
Cc1ccc(N)cc1.O=C(O)c1ccc2nccnc2c1,PENDING,0.3231335068510637
Cc1ccc(N)cc1.O=C(O)c1ncccn1,PENDING,0.09495106246721108
Cc1ccc(N)nc1.O=C(O)Cc1ccc2c(c1)OCO2,PENDING,0.2852088174645161
Cc1ccc(N)nc1.O=C(O)c1cc2ccccc2s1,PENDING,0.30688219236594777
Cc1ccc(N)nc1.O=C(O)c1ccc2c(c1)OCCO2,PENDING,0.2642500248208227
Cc1ccc(Oc2ccc(N)cc2)cc1.Cc1cc(C)c(C(=O)O)c(C)c1,PENDING,0.09512582507691475
Cc1ccc(Oc2ccc(N)cc2)cc1.O=C(O)C1CCC(F)(F)CC1,PENDING,-0.019513349006405972
Cc1ccc(Oc2ccc(N)cc2)cc1.O=C(O)C1CCCN1C(=O)OCc1ccccc1,PENDING,0.04558470324017108
Cc1ccc(Oc2ccc(N)cc2)cc1.O=C(O)C1C[C@H]1c1ccccc1,PENDING,0.08669282532234075
Cc1ccc(Oc2ccc(N)cc2)cc1.O=C(O)Cc1ccc(C(F)(F)F)cc1,PENDING,0.11575492011041189
Cc1ccc(Oc2ccc(N)cc2)cc1.O=C(O)Cc1ccc2c(c1)OCO2,PENDING,0.17681533153224027
Cc1ccc(Oc2ccc(N)cc2)cc1.O=C(O)c1ccc(C(F)(F)F)cn1,PENDING,0.06394781414716391
Cc1ccc(Oc2ccc(N)cc2)cc1.O=C(O)c1ccc(F)cn1,PENDING,0.03969756904948704
Cc1ccc([N+](=O)[O-])cc1N.CC(C(=O)O)c1ccc(-c2ccccc2)c(F)c1,PENDING,-0.03235639221111877
Cc1ccc([N+](=O)[O-])cc1N.CC(C)(C)c1cc(C(=O)O)cc(C(C)(C)C)c1,PENDING,-0.08458056114091492
Cc1ccc([N+](=O)[O-])cc1N.COc1ccc(CC(=O)O)cc1,PENDING,-0.03887769807727562
Cc1ccc([N+](=O)[O-])cc1N.Cc1cc(C(=O)O)cc(Cl)n1,PENDING,-0.049270992370229
Cc1ccc([N+](=O)[O-])cc1N.Cc1ccc(CC(=O)O)cc1,PENDING,-0.07042593748565004
Cc1ccc([N+](=O)[O-])cc1N.O=C(O)Cc1ccc2c(c1)C(=O)c1ccccc1CO2,0.0357238,0.07534858629688851
Cc1ccc([N+](=O)[O-])cc1N.O=C(O)Cc1ccc2c(c1)OCO2,PENDING,-0.017301625202713333
Cc1ccc([N+](=O)[O-])cc1N.O=C(O)c1cc2ccccc2o1,PENDING,-0.1428467395397288
Cc1ccc([N+](=O)[O-])cc1N.O=C(O)c1cc2ccccc2s1,PENDING,0.004371749698718341
Cc1ccc([N+](=O)[O-])cc1N.O=C(O)c1ccc(C(F)(F)F)cn1,PENDING,-0.1301691425877897
Cc1ccc([N+](=O)[O-])cc1N.O=C(O)c1ccc([N+](=O)[O-])s1,PENDING,-0.009662805290279713
Cc1ccc([N+](=O)[O-])cc1N.O=C(O)c1ccco1,PENDING,-0.17345494698183025
Cc1ccc([N+](=O)[O-])cc1N.O=C(O)c1cnccn1,PENDING,-0.10043739587081787
Cc1ccc2cccc(N)c2n1.CC(C(=O)O)c1ccc(-c2ccccc2)c(F)c1,PENDING,0.20689810532750424
Cc1ccc2cccc(N)c2n1.CC(C(=O)O)c1ccc(CC2CCCC2=O)cc1,PENDING,0.17579207837096333
Cc1ccc2cccc(N)c2n1.COc1cc(C(=O)O)cc(OC)c1OC,PENDING,0.20486034100750558
Cc1ccc2cccc(N)c2n1.COc1ccc(CC(=O)O)cc1,PENDING,0.20037679946134745
Cc1ccc2cccc(N)c2n1.COc1ccc2cc(C(C)C(=O)O)ccc2c1,PENDING,0.25672313161542254
Cc1ccc2cccc(N)c2n1.COc1ncc(Br)cc1C(=O)O,PENDING,0.18977057409625223
Cc1ccc2cccc(N)c2n1.Cc1cc(C(=O)O)cc(Cl)n1,PENDING,0.18998350516839407
Cc1ccc2cccc(N)c2n1.Cc1ccc(CC(=O)O)cc1,PENDING,0.16882856005297303
Cc1ccc2cccc(N)c2n1.Cc1ccc(F)cc1C(=O)O,PENDING,0.18251472937488608
Cc1ccc2cccc(N)c2n1.Cc1ccc2cc(C(=O)O)ccc2n1,PENDING,0.2460275050930653
Cc1ccc2cccc(N)c2n1.N#Cc1ccc(C(=O)O)cc1,PENDING,0.2103107024787084
Cc1ccc2cccc(N)c2n1.O=C(O)C(c1ccccc1)c1ccccc1,PENDING,0.08917760466476124
Cc1ccc2cccc(N)c2n1.O=C(O)C1C[C@H]1c1ccccc1,PENDING,0.13183036612601018
Cc1ccc2cccc(N)c2n1.O=C(O)COc1ccccc1,PENDING,0.12072838159589967
Cc1ccc2cccc(N)c2n1.O=C(O)Cc1ccc(C(F)(F)F)cc1,0.1802294,0.1608924609140813
Cc1ccc2cccc(N)c2n1.O=C(O)Cc1ccc2c(c1)C(=O)c1ccccc1CO2,PENDING,0.31460308383551155
Cc1ccc2cccc(N)c2n1.O=C(O)Cc1ccc2c(c1)OCO2,PENDING,0.2219528723359097
Cc1ccc2cccc(N)c2n1.O=C(O)c1cc(Cl)cc(Cl)n1,PENDING,0.09216524232071491
Cc1ccc2cccc(N)c2n1.O=C(O)c1cc2ccccc2s1,PENDING,0.2436262472373414
Cc1ccc2cccc(N)c2n1.O=C(O)c1ccc(Br)s1,PENDING,0.185090863056973
Cc1ccc2cccc(N)c2n1.O=C(O)c1ccc(C(F)(F)F)cn1,PENDING,0.10908535495083337
Cc1ccc2cccc(N)c2n1.O=C(O)c1ccc(F)cn1,PENDING,0.08483510985315648
Cc1ccc2cccc(N)c2n1.O=C(O)c1ccc2c(c1)OCCO2,PENDING,0.20099407969221633
Cc1ccc2cccc(N)c2n1.O=C(O)c1ccc2nccnc2c1,PENDING,0.2682500605140098
Cc1ccc2cccc(N)c2n1.O=C(O)c1ncccn1,PENDING,0.04006761613015719
Cc1cccc(N)c1C.COc1ccc(CC(=O)O)cc1,PENDING,0.24934403214127907
Cc1cccc(N)c1C.Cc1cc(C(=O)O)cc(Cl)n1,PENDING,0.23895073784832568
Cc1cccc(N)c1C.Cc1ccc(CC(=O)O)cc1,PENDING,0.21779579273290464
Cc1cccc(N)c1C.Cc1ccc2cc(C(=O)O)ccc2n1,PENDING,0.2949947377729969
Cc1cccc(N)c1C.O=C(O)COc1ccccc1,PENDING,0.1696956142758313
Cc1cccc(N)c1C.O=C(O)c1ccc2c(c1)OC(F)(F)O2,PENDING,0.22846653505397188
Cc1cccc(N)c1C.O=C(O)c1ccc2nccnc2c1,PENDING,0.31721729319394143
Cc1ccccc1N.COc1ccc(CC(=O)O)cc1,PENDING,0.24404409074010705
Cc1ccccc1N.COc1ncc(Br)cc1C(=O)O,PENDING,0.23343786537501182
Cc1ccccc1N.Cc1cc(C(=O)O)cc(Cl)n1,PENDING,0.23365079644715367
Cc1ccccc1N.O=C(O)C1c2ccccc2Oc2ccccc21,PENDING,0.19277481154171364
Cc1ccccc1N.O=C(O)Cc1ccc2c(c1)OCO2,PENDING,0.2656201636146693
Cc1ccccc1N.O=C(O)c1ccc2c(c1)OC(F)(F)O2,PENDING,0.22316659365279987
Cc1ccccc1N.O=C(O)c1ccc2nccnc2c1,PENDING,0.3119173517927694
Cc1cn(-c2cc(N)cc(C(F)(F)F)c2)cn1.COc1cc(C(=O)O)cc(OC)c1OC,PENDING,0.1906557580639738
Cc1cn(-c2cc(N)cc(C(F)(F)F)c2)cn1.COc1ncc(Br)cc1C(=O)O,PENDING,0.17556599115272042
Cc1cn(-c2cc(N)cc(C(F)(F)F)c2)cn1.Cc1ccc2cc(C(=O)O)ccc2n1,PENDING,0.2318229221495335
Cc1cn(-c2cc(N)cc(C(F)(F)F)c2)cn1.O=C(O)Cc1ccc2c(c1)C(=O)c1ccccc1CO2,0.2962112,0.3003985008919798
Cn1c(N)nc2ccccc21.CC(C)(C)c1cc(C(=O)O)cc(C(C)(C)C)c1,PENDING,0.14455826751075357
Cn1c(N)nc2ccccc21.Cc1cc(C(=O)O)cc(Cl)n1,PENDING,0.17986783628143949
Cn1c(N)nc2ccccc21.Cn1cc(C(=O)O)c(C(F)F)n1,PENDING,0.08084430619015767
Cn1c(N)nc2ccccc21.O=C(O)C1CC=CCC1,PENDING,0.07853356300126244
Cn1c(N)nc2ccccc21.O=C(O)C1c2ccccc2Oc2ccccc21,PENDING,0.13899185137599945
Cn1c(N)nc2ccccc21.O=C(O)c1cc2ccccc2o1,PENDING,0.08629208911193972
Cn1c(N)nc2ccccc21.O=C(O)c1ccc(F)cn1,PENDING,0.0747194409662019
Cn1c(N)nc2ccccc21.O=C(O)c1ccnc(C(F)(F)F)c1,PENDING,0.15384326434753895
NC1CCCCC1.O=C(O)Cc1ccc2c(c1)C(=O)c1ccccc1CO2,PENDING,0.41349890572212356
NC1CCCCC1.O=C(O)c1ccc2nccnc2c1,PENDING,0.36714588240062174
NC1CCc2ccccc21.Cc1cc(C(=O)O)cc(Cl)n1,PENDING,0.24713190307206817
NC1CCc2ccccc21.Cc1ccc2cc(C(=O)O)ccc2n1,PENDING,0.30317590299673935
NC1CCc2ccccc21.O=C(O)COc1ccccc1,PENDING,0.17787677949957376
NC1CCc2ccccc21.O=C(O)c1ccc2nccnc2c1,PENDING,0.3253984584176839
NC1CCc2ccccc21.O=C(O)c1ccccc1Cc1ccccc1,PENDING,0.23832809132633342
NCC1CC1.O=C(O)Cc1ccc(C(F)(F)F)cc1,0.343709493,0.2465858129229254
NCc1ccc(Br)cc1.CC(C)(C)OC(=O)N1CC2(CC2)CC1C(=O)O,PENDING,0.018078942879338228
NCc1ccc(Br)cc1.O=C(O)C1CCN(C(=O)OCc2ccccc2)CC1,0.0842256,0.19775022909954054
NCc1ccc(Br)cc1.O=C(O)C1C[C@H]1c1ccccc1,PENDING,0.15691174295389246
NCc1ccc(Br)cc1.O=C(O)c1cc(Cl)cc(Cl)n1,PENDING,0.11724661914859719
NCc1ccc(Cl)cc1.CC(C)(C(=O)O)c1ccccc1,PENDING,0.14674575355065644
NCc1ccc(Cl)cc1.Cc1cc(C)c(C(=O)O)c(C)c1,PENDING,0.14882770632888168
NCc1ccc(Cl)cc1.Cc1ccc(CC(=O)O)cc1,PENDING,0.17739290050127052
NCc1ccc(Cl)cc1.O=C(O)/C=C/c1ccccc1,PENDING,0.280021538141103
NCc1ccc(Cl)cc1.O=C(O)C(c1ccccc1)c1ccccc1,PENDING,0.09774194511305873
NCc1ccc(Cl)cc1.O=C(O)C1Cc2ccccc2C1,PENDING,0.1588463053614263
NCc1ccc(Cl)cc1.O=C(O)C1c2ccccc2Oc2ccccc21,PENDING,0.15767186071125153
NCc1ccc(Cl)cc1.O=C(O)Cc1cc(F)cc(F)c1,PENDING,0.17836754983266867
NCc1ccc(Cl)cc1.O=C(O)Cc1ccc(C(F)(F)F)cc1,PENDING,0.16945680136237878
NCc1ccc(Cl)cc1.O=C(O)c1cc2ccccc2s1,PENDING,0.25219058768563885
NCc1ccc(Cl)cc1.O=C(O)c1ccc2c(c1)OCCO2,PENDING,0.20955842014051382
NCc1ccc(Cl)cc1.O=C(O)c1ccc2nccnc2c1,PENDING,0.2768144009623073
NCc1ccc(Cl)cc1.O=C(O)c1cccc(-c2ccccc2)c1,PENDING,0.2044614539687286
NCc1ccc(Cl)cc1.O=C(O)c1ccco1,PENDING,0.0743638910050903
NCc1ccc(F)cc1.CC(C(=O)O)c1ccc(-c2ccccc2)c(F)c1,PENDING,0.18777312298451526
NCc1ccc(F)cc1.COc1ccc2cc(C(C)C(=O)O)ccc2c1,PENDING,0.23759814927243356
NCc1ccc(F)cc1.Cc1cc(C)c(C(=O)O)c(C)c1,PENDING,0.12113838353759519
NCc1ccc(F)cc1.Cc1cc(C)cc(C(=O)O)c1,PENDING,0.14703013754475358
NCc1ccc(F)cc1.Cc1ccc(C(=O)O)c2ccccc12,PENDING,0.23241640286696624
NCc1ccc(F)cc1.O=C(O)Cc1ccc2c(c1)C(=O)c1ccccc1CO2,PENDING,0.29547810149252257
NCc1ccc(F)cc1.O=C(O)Cc1ccc2c(c1)OCO2,PENDING,0.2028278899929207
NCc1ccc(F)cc1F.CC(C)(C(=O)O)c1ccccc1,PENDING,0.10947830491663595
NCc1ccc(F)cc1F.COc1ccc2cc(C(C)C(=O)O)ccc2c1,PENDING,0.22802002342969954
NCc1ccc(F)cc1F.COc1ncc(Br)cc1C(=O)O,PENDING,0.1610674659105292
NCc1ccc(F)cc1F.Cc1cc(C(=O)O)cc(Cl)n1,PENDING,0.16128039698267105
NCc1ccc(F)cc1F.Cc1cc(C)cc(C(=O)O)c1,PENDING,0.13745201170201957
NCc1ccc(F)cc1F.Cc1ccc2cc(C(=O)O)ccc2n1,PENDING,0.2173243969073423
NCc1ccc(F)cc1F.O=C(O)C(c1ccccc1)c1ccccc1,PENDING,0.06047449647903824
NCc1ccc(F)cc1F.O=C(O)Cc1ccc(C(F)(F)F)cc1,PENDING,0.1321893527283583
NCc1ccc(F)cc1F.O=C(O)Cc1ccc2c(c1)C(=O)c1ccccc1CO2,PENDING,0.28589997564978853
NCc1ccc(F)cc1F.O=C(O)Cc1ccc2c(c1)OCO2,PENDING,0.1932497641501867
NCc1ccc(F)cc1F.O=C(O)c1cc2ccccc2o1,PENDING,0.06770464981317129
NCc1ccc(F)cc1F.O=C(O)c1ccc(Br)s1,PENDING,0.15638775487125
NCc1ccc(F)cc1F.O=C(O)c1ccc2nccnc2c1,PENDING,0.23954695232828682
NCc1ccc(F)cc1F.O=C(O)c1ccco1,PENDING,0.03709644237106979
NCc1ccc(F)cc1F.O=C(O)c1cnccn1,PENDING,0.11011399348208215
NCc1ccc(F)cc1F.O=C(O)c1ncccn1,PENDING,0.011364507944434193
NCc1ccc2c(c1)OCO2.CC(C(=O)O)c1ccc(-c2ccccc2)c(F)c1,PENDING,0.31626740396714503
NCc1ccc2c(c1)OCO2.CC(C(=O)O)c1ccc(CC2CCCC2=O)cc1,PENDING,0.2851613770106041
NCc1ccc2c(c1)OCO2.CC(C)(C(=O)O)c1ccccc1,PENDING,0.24755071174199975
NCc1ccc2c(c1)OCO2.Cc1ccc(CC(=O)O)cc1,PENDING,0.2781978586926138
NCc1ccc2c(c1)OCO2.O=C(O)/C=C/c1ccccc1,PENDING,0.38082649633244636
NCc1ccc2c(c1)OCO2.O=C(O)C1CCC(F)(F)CC1,0.1268156,0.13499349043690426
NCc1ccc2c(c1)OCO2.O=C(O)C1CCN(C(=O)OCc2ccccc2)CC1,PENDING,0.282038150911299
NCc1ccc2c(c1)OCO2.O=C(O)C1C[C@H]1c1ccccc1,PENDING,0.24119966476565097
NCc1ccc2c(c1)OCO2.O=C(O)C1c2ccccc2Oc2ccccc21,PENDING,0.25847681890259483
NCc1ccc2c(c1)OCO2.O=C(O)COc1ccccc1,PENDING,0.23009768023554047
NCc1ccc2c(c1)OCO2.O=C(O)Cc1cc(F)cc(F)c1,PENDING,0.279172508024012
NCc1ccc2c(c1)OCO2.O=C(O)Cc1ccc2c(c1)C(=O)c1ccccc1CO2,PENDING,0.42397238247515234
NCc1ccc2c(c1)OCO2.O=C(O)c1ccc(C(F)(F)F)cn1,PENDING,0.21845465359047417
NCc1ccc2c(c1)OCO2.O=C(O)c1ccco1,PENDING,0.1751688491964336
NCc1ccc2c(c1)OCO2.O=C(O)c1ncccn1,PENDING,0.149436914769798
NCc1cccc2ccccc12.CC(C(=O)O)c1ccc(CC2CCCC2=O)cc1,PENDING,0.2639527046181261
NCc1cccc2ccccc12.CC(C)(C(=O)O)c1ccccc1,PENDING,0.22634203934952174
NCc1cccc2ccccc12.COc1ncc(Br)cc1C(=O)O,PENDING,0.277931200343415
NCc1cccc2ccccc12.Cc1cc(C(=O)O)cc(Cl)n1,PENDING,0.27814413141555683
NCc1cccc2ccccc12.Cc1ccc(CC(=O)O)cc1,PENDING,0.25698918630013584
NCc1cccc2ccccc12.Cc1ccc(F)cc1C(=O)O,PENDING,0.27067535562204886
NCc1cccc2ccccc12.Cc1ccc2cc(C(=O)O)ccc2n1,PENDING,0.33418813134022807
NCc1cccc2ccccc12.O=C(O)/C=C/c1ccccc1,0.6924966,0.35961782393996833
NCc1cccc2ccccc12.O=C(O)C(c1ccccc1)c1ccccc1,PENDING,0.17733823091192402
NCc1cccc2ccccc12.O=C(O)C1Cc2ccccc2C1,PENDING,0.2384425911602916
NCc1cccc2ccccc12.O=C(O)COc1ccccc1,PENDING,0.20888900784306244
NCc1cccc2ccccc12.O=C(O)Cc1cc(F)cc(F)c1,PENDING,0.25796383563153397
NCc1cccc2ccccc12.O=C(O)Cc1ccc2c(c1)OCO2,PENDING,0.31011349858307247
NCc1cccc2ccccc12.O=C(O)c1cc2ccccc2s1,0.2244018,0.33178687348450414
NCc1cccc2ccccc12.O=C(O)c1ccc2nccnc2c1,PENDING,0.3564106867611726
NCc1cccc2ccccc12.O=C(O)c1cccc(-c2ccccc2)c1,PENDING,0.2840577397675939
NCc1cccc2ccccc12.O=C(O)c1cnccn1,PENDING,0.22697772791496792
NCc1cccc2ccccc12.O=C(O)c1ncccn1,PENDING,0.12822824237732
NCc1ccccc1.CC(C(=O)O)c1ccc(-c2ccccc2)c(F)c1,PENDING,0.2346823090678125
NCc1ccccc1.CC(C)(C(=O)O)c1ccccc1,PENDING,0.16596561684266722
NCc1ccccc1.COc1ccc2cc(C(C)C(=O)O)ccc2c1,PENDING,0.2845073353557308
NCc1ccccc1.Cc1cc(C)cc(C(=O)O)c1,PENDING,0.19393932362805083
NCc1ccccc1.Cc1ccc2cc(C(=O)O)ccc2n1,PENDING,0.2738117088333736
NCc1ccccc1.N#Cc1ccc(C(=O)O)cc1,0.178667,0.23809490621901666
NCc1ccccc1.O=C(O)C(c1ccccc1)c1ccccc1,PENDING,0.11696180840506952
NCc1ccccc1.O=C(O)C1c2ccccc2Oc2ccccc21,PENDING,0.1768917240032623
NCc1ccccc1.O=C(O)Cc1ccc(C(F)(F)F)cc1,PENDING,0.18867666465438956
NCc1ccccc1.O=C(O)Cc1ccc2c(c1)C(=O)c1ccccc1CO2,PENDING,0.3423872875758198
NCc1ccccc1.O=C(O)Cc1ccc2c(c1)OCO2,PENDING,0.24973707607621798
NCc1ccccc1.O=C(O)c1ccc([N+](=O)[O-])cc1,0.2704595,0.25676516731311727
NCc1ccccc1C(F)(F)F.Cc1ccc(CC(=O)O)cc1,PENDING,0.0815331770229234
NCc1ccccc1C(F)(F)F.Cc1ccc(F)cc1C(=O)O,PENDING,0.09521934634483645
NCc1ccccc1C(F)(F)F.Cc1ccc2cc(C(=O)O)ccc2n1,PENDING,0.15873212206301568
NCc1ccccc1C(F)(F)F.O=C(O)C(c1ccccc1)c1ccccc1,PENDING,0.0018822216347116338
NCc1ccccc1C(F)(F)F.O=C(O)Cc1ccc2c(c1)C(=O)c1ccccc1CO2,PENDING,0.22730770080546195
NCc1ccccc1C(F)(F)F.O=C(O)c1ccc(Br)s1,PENDING,0.09779548002692337
NCc1ccccc1C(F)(F)F.O=C(O)c1ccc2nccnc2c1,PENDING,0.18095467748396019
NCc1ccccc1C(F)(F)F.O=C(O)c1cccc(-c2ccccc2)c1,PENDING,0.1086017304903815
NCc1ccco1.Cc1ccc(CC(=O)O)cc1,PENDING,0.15724828406641655
NCc1ccco1.Cc1ccc2cc(C(=O)O)ccc2n1,PENDING,0.23444722910650884
NCc1ccco1.O=C(O)C1Cc2ccccc2C1,PENDING,0.1387016889265723
NCc1ccco1.O=C(O)Cc1ccc([N+](=O)[O-])cc1,PENDING,0.23596414568077723
NCc1ccco1.O=C(O)Cc1ccc2c(c1)C(=O)c1ccccc1CO2,PENDING,0.3030228078489551
NCc1ccco1.O=C(O)c1ccc(C(F)(F)F)cn1,PENDING,0.09750507896427689
NS(=O)(=O)c1cc(F)cc(F)c1.O=C(O)c1ccnc(C(F)(F)F)c1,PENDING,0.17133952715694517
Nc1ccc(Cl)cc1.COc1ccc2cc(C(C)C(=O)O)ccc2c1,PENDING,0.2653597470880966
Nc1ccc(Cl)cc1.Cc1ccc(C(=O)O)cc1F,PENDING,0.18326801401817489
Nc1ccc(Cl)cc1.O=C(O)COc1ccccc1,PENDING,0.1293649970685737
Nc1ccc(Cl)cc1.O=C(O)Cc1ccc(C(F)(F)F)cc1,PENDING,0.16952907638675535
Nc1ccc(Cl)cc1.O=C(O)c1cc2ccccc2o1,PENDING,0.10504437347156834
Nc1ccc(Cl)cn1.COc1ncc(Br)cc1C(=O)O,PENDING,0.2116100889952125
Nc1ccc(F)nc1.Cc1ccc2cc(C(=O)O)ccc2n1,PENDING,0.2050894195192282
Nc1ccc(F)nc1.O=C(O)C(c1ccccc1)c1ccccc1,PENDING,0.048239519090924166
Nc1ccc(F)nc1.O=C(O)COc1ccccc1,PENDING,0.07979029602206256
Nc1ccc(F)nc1.O=C(O)Cc1cc(F)cc(F)c1,PENDING,0.1288651238105341
Nc1ccc(F)nc1.O=C(O)Cc1ccc2c(c1)C(=O)c1ccccc1CO2,PENDING,0.27366499826167445
Nc1ccc(F)nc1.O=C(O)Cc1ccc2c(c1)OCO2,PENDING,0.1810147867620726
Nc1ccc2c(c1)OCCO2.O=C(O)COc1ccccc1,PENDING,0.22005064754928183
Nc1ccc2c(c1)OCCO2.O=C(O)Cc1cc(F)cc(F)c1,PENDING,0.26912547533775333
Nc1ccc2c(c1)OCCO2.O=C(O)Cc1ccc2c(c1)C(=O)c1ccccc1CO2,PENDING,0.4139253497888937
Nc1ccc2c(c1)OCCO2.O=C(O)Cc1ccc2c(c1)OCO2,PENDING,0.3212751382892919
Nc1ccc2nccnc2c1.Cc1cc(C(=O)O)cc(Cl)n1,PENDING,0.28187556779015477
Nc1ccc2nccnc2c1.O=C(O)c1cc2ccccc2s1,PENDING,0.335518309859102
Nc1ccc2nccnc2c1.O=C(O)c1ccnc(C(F)(F)F)c1,PENDING,0.2558509958562542
Nc1ccc2scnc2c1.O=C(O)C(c1ccccc1)c1ccccc1,PENDING,0.051884329290401265
Nc1ccc2scnc2c1.O=C(O)Cc1cc(F)cc(F)c1,PENDING,0.1325099340100112
Nc1ccc2scnc2c1.O=C(O)Cc1ccc2c(c1)C(=O)c1ccccc1CO2,PENDING,0.2773098084611516
Nc1ccc2scnc2c1.O=C(O)Cc1ccc2c(c1)OCO2,PENDING,0.18465959696154974
Nc1ccncc1[N+](=O)[O-].O=C(O)C1c2ccccc2Oc2ccccc21,PENDING,0.08657936332232698
Nc1ccncc1[N+](=O)[O-].O=C(O)Cc1ccc2c(c1)C(=O)c1ccccc1CO2,PENDING,0.25207492689488453
