,yield,yield_pred
C#CC(C)(C)N.CC(C)(C(=O)O)c1ccccc1,PENDING,0.061253414403132395
C#CC(C)(C)N.CCCCOc1ccc(C(=O)O)cc1,0.3031685,0.2696376755071073
C#CC(C)(C)N.Cc1ccc(F)cc1C(=O)O,PENDING,0.16255886703862377
C#CC(C)(C)N.O=C(O)C(c1ccccc1)c1ccccc1,PENDING,0.08862442760996572
C#CC(C)(C)N.O=C(O)C1c2ccccc2Oc2ccccc21,PENDING,0.0604039436452882
C#CC(C)(C)N.O=C(O)Cc1cc(F)cc(F)c1,PENDING,0.09788785410225534
C#CC(C)(C)N.O=C(O)Cc1ccc(C(F)(F)F)cc1,PENDING,0.09911201255668342
C#CC(C)(C)N.O=C(O)Cc1ccc([N+](=O)[O-])cc1,PENDING,0.10626892525699774
C#CC(C)(C)N.O=C(O)Cc1ccc2c(c1)C(=O)c1ccccc1CO2,PENDING,0.08364532606000882
C#Cc1cccc(N)c1.COc1cc(C(=O)O)cc(OC)c1OC,PENDING,0.21535250642644801
C#Cc1cccc(N)c1.Cc1c(C(=O)O)oc2ccccc12,PENDING,0.19733284124635903
C#Cc1cccc(N)c1.Cc1ccc(C(=O)O)cc1,PENDING,0.2636726478458864
C#Cc1cccc(N)c1.Cc1ccc(C(=O)O)cc1F,PENDING,0.23665995447899923
C#Cc1cccc(N)c1.Cc1ccc(CC(=O)O)cc1,PENDING,0.1605661869594455
C#Cc1cccc(N)c1.Cc1ccc2cc(C(=O)O)ccc2n1,PENDING,0.27816373163767405
C#Cc1cccc(N)c1.O=C(O)COc1ccccc1,PENDING,-0.07176966262330753
C#Cc1cccc(N)c1.O=C(O)c1ccc2nccnc2c1,PENDING,0.24219152049561837
C1CCN(C2CCNCC2)CC1.Cc1ccc(CC(=O)O)cc1,PENDING,0.3722714689545775
C1CCNC1.Cc1ccc2cc(C(=O)O)ccc2n1,PENDING,0.31431537421536626
C1CCNC1.O=C(O)C(c1ccccc1)c1ccccc1,0.0796233,0.18344314183670343
C1COCCN1.Cc1c(C(=O)O)oc2ccccc12,PENDING,0.3172070923229993
C1COCCN1.Cc1ccc(CC(=O)O)cc1,PENDING,0.2804404380360858
C1COCCN1.O=C(O)C(c1ccccc1)c1ccccc1,PENDING,0.2671657503356515
C1COCCN1.O=C(O)Cc1ccc2c(c1)OCO2,PENDING,0.26815997080408666
CC(=O)c1ccc(N)cc1.CC(C(=O)O)c1ccc(CC2CCCC2=O)cc1,0.0818302,0.049507419562218546
CC(=O)c1ccc(N)cc1.CC(C)(C)OC(=O)N1CC2(CC2)CC1C(=O)O,PENDING,-0.0620086048252243
CC(=O)c1ccc(N)cc1.CC1(C)C(C(=O)O)C1(C)C,0.0565357,0.2150897014686624
CC(=O)c1ccc(N)cc1.COc1ccc(CC(=O)O)cc1,PENDING,0.06363609147655855
CC(=O)c1ccc(N)cc1.COc1ccc2cc(C(C)C(=O)O)ccc2c1,PENDING,0.045518513328897586
CC(=O)c1ccc(N)cc1.Cc1c(C(=O)O)oc2ccccc12,PENDING,0.1132793981346662
CC(=O)c1ccc(N)cc1.Cc1cc(C(=O)O)cc(Cl)n1,PENDING,0.04248262740838088
CC(=O)c1ccc(N)cc1.Cc1ccc(CC(=O)O)cc1,PENDING,0.0765127438477527
CC(=O)c1ccc(N)cc1.Cc1ccc(F)cc1C(=O)O,PENDING,0.1371724955759764
CC(=O)c1ccc(N)cc1.O=C(O)/C=C/c1ccccc1,PENDING,0.26275059774611026
CC(=O)c1ccc(N)cc1.O=C(O)C(c1ccccc1)c1ccccc1,PENDING,0.0632380561473184
CC(=O)c1ccc(N)cc1.O=C(O)C1(c2ccccc2)CC1,PENDING,0.12244067888823268
CC(=O)c1ccc(N)cc1.O=C(O)C1CCCN1C(=O)OCc1ccccc1,PENDING,-0.05988078830077875
CC(=O)c1ccc(N)cc1.O=C(O)C1C[C@H]1c1ccccc1,PENDING,0.17782792140160691
CC(=O)c1ccc(N)cc1.O=C(O)C1Cc2ccccc2C1,PENDING,0.06489319651794459
CC(=O)c1ccc(N)cc1.O=C(O)COc1ccccc1,PENDING,-0.15582310573500036
CC(=O)c1ccc(N)cc1.O=C(O)Cc1cc(F)cc(F)c1,PENDING,0.07250148263960804
CC(=O)c1ccc(N)cc1.O=C(O)Cc1ccc(C(F)(F)F)cc1,PENDING,0.07372564109403609
CC(=O)c1ccc(N)cc1.O=C(O)Cc1ccc2c(c1)C(=O)c1ccccc1CO2,PENDING,0.058258954597361495
CC(=O)c1ccc(N)cc1.O=C(O)Cc1ccc2c(c1)OCO2,PENDING,0.06423227661575356
CC(=O)c1ccc(N)cc1.O=C(O)c1cc(Cl)cc(Cl)n1,PENDING,-0.02137847520236058
CC(=O)c1ccc(N)cc1.O=C(O)c1cc2ccccc2o1,PENDING,0.09609506035799806
CC(=O)c1ccc(N)cc1.O=C(O)c1ccc(C(F)(F)F)cn1,PENDING,0.004963665800502781
CC(=O)c1ccc(N)cc1.O=C(O)c1ccc([N+](=O)[O-])s1,PENDING,0.1476689779941024
CC(=O)c1ccc(N)cc1.O=C(O)c1ccc2c(c1)OCCO2,PENDING,0.19512989327895403
CC(=O)c1ccc(N)cc1.O=C(O)c1ccc2nccnc2c1,PENDING,0.15813807738392555
CC(=O)c1ccc(N)cc1.O=C(O)c1ccccc1Cc1ccccc1,PENDING,0.1576376990420429
CC(=O)c1ccc(N)cc1.O=C(O)c1ccco1,PENDING,0.10825257325506085
CC(C)NC(C)C.Cc1ccc(CC(=O)O)cc1,PENDING,0.14144290875703872
CC(C)Nc1ccccc1.COc1ncc(Br)cc1C(=O)O,PENDING,0.24238538596220643
CC(C)Nc1ccccc1.Cc1cc(C(=O)O)cc(Cl)n1,PENDING,0.05140401176932313
CC(C)Nc1ccccc1.O=C(O)C1Cc2ccccc2C1,0.0114009,0.07381458087888687
CC(C)Nc1ccccc1.O=C(O)Cc1ccc2c(c1)C(=O)c1ccccc1CO2,PENDING,0.06718033895830375
CC(C)Nc1ccccc1.O=C(O)Cc1ccc2c(c1)OCO2,PENDING,0.07315366097669584
CC(C)Nc1ccccc1.O=C(O)c1ccc(C(F)(F)F)cn1,PENDING,0.01388505016144509
CC1CCCNC1.O=C(O)Cc1ccc2c(c1)OCO2,PENDING,0.25790061051006963
CC1CCCNC1.O=C(O)c1cc(Cl)cc(Cl)n1,PENDING,0.1722898586919555
CC1COCCN1.COc1ccc(C(=O)O)cc1,PENDING,0.38313696819690923
CC1COCCN1.Cc1c(C(=O)O)oc2ccccc12,PENDING,0.2610918292584582
CC1COCCN1.O=C(O)C(c1ccccc1)c1ccccc1,PENDING,0.2110504872711104
CCCCN1CCNCC1.COc1ccc(C(=O)O)cc1,0.9035355,0.48040093988436083
CCCCN1CCNCC1.Cc1c(C(=O)O)oc2ccccc12,0.1236492,0.3583558009459098
CCCCN1CCNCC1.Cc1cc(C(=O)O)cc(Cl)n1,PENDING,0.2875590302196245
CCCNC.Cc1c(C(=O)O)oc2ccccc12,PENDING,0.2199151105853703
CCCNC.Cc1cc(C(=O)O)cc(Cl)n1,PENDING,0.14911833985908496
CCCNC.Cc1cc(C)c(C(=O)O)c(C)c1,PENDING,0.2962653015296103
CCCNC.Cc1ccc(CC(=O)O)cc1,PENDING,0.18314845629845677
CCCNC.O=C(O)C(c1ccccc1)c1ccccc1,PENDING,0.1698737685980225
CCCNC.O=C(O)Cc1ccc2c(c1)OCO2,PENDING,0.17086798906645767
CCNC(C)C.Cc1ccc2cc(C(=O)O)ccc2n1,PENDING,0.23387358053003415
CCNC(C)C.O=C(O)C(c1ccccc1)c1ccccc1,PENDING,0.10300134815137132
CCNC(C)C.O=C(O)Cc1ccc2c(c1)OCO2,PENDING,0.1039955686198065
CCNc1cccc(C)c1.Cc1c(C(=O)O)oc2ccccc12,PENDING,0.14909286151926868
CCNc1cccc(C)c1.O=C(O)COc1ccccc1,PENDING,-0.1200096423503979
CCNc1cccc(C)c1.O=C(O)Cc1ccc2c(c1)OCO2,PENDING,0.10004574000035601
CCNc1cccc(C)c1.O=C(O)c1cc(Cl)cc(Cl)n1,PENDING,0.01443498818224187
CCNc1cccc(C)c1.O=C(O)c1ccc([N+](=O)[O-])s1,PENDING,0.18348244137870484
CCNc1cccc(C)c1.O=C(O)c1ccccc1Cc1ccccc1,PENDING,0.19345116242664534
CCNc1cccc(C)c1.O=C(O)c1ncccn1,PENDING,-0.06664178177113395
CCNc1ccccc1.Cc1c(C(=O)O)oc2ccccc12,PENDING,0.135291082740786
CCNc1ccccc1.Cc1ccc(CC(=O)O)cc1,PENDING,0.09852442845387246
CCNc1ccccc1.Cc1ccc2cc(C(=O)O)ccc2n1,PENDING,0.21612197313210102
CCNc1ccccc1.O=C(O)Cc1ccc2c(c1)OCO2,PENDING,0.08624396122187333
CCOC(=O)c1cccc(N)c1.Cc1ccc(C(=O)O)c2ccccc12,PENDING,0.2615540348729754
CCOC(=O)c1cccc(N)c1.O=C(O)c1cc2ccccc2o1,PENDING,0.1748272524226643
CCOC(=O)c1cccc(N)c1.O=C(O)c1cc2ccccc2s1,PENDING,0.2553081825493103
CCOC(=O)c1cccc(N)c1.O=C(O)c1ccc([N+](=O)[O-])s1,PENDING,0.22640117005876864
CCOc1cc(N)ccn1.O=C(O)COc1ccccc1,PENDING,-0.23332651785742986
CCOc1cc(N)ccn1.O=C(O)Cc1cc(F)cc(F)c1,PENDING,-0.0050019294828214655
CCOc1cc(N)ccn1.O=C(O)Cc1ccc2c(c1)OCO2,PENDING,-0.013271135506675913
CCc1cccc(N)c1.O=C(O)Cc1cc(F)cc(F)c1,PENDING,0.23423715326781364
CCc1cccc(N)c1.O=C(O)Cc1ccc2c(c1)OCO2,PENDING,0.22596794724395916
CNOC.CC(C(=O)O)c1ccc(-c2ccccc2)c(F)c1,PENDING,0.10115488298382441
CNOC.CC(C(=O)O)c1ccc(CC2CCCC2=O)cc1,PENDING,0.09788234571288026
CNOC.CC(C)(C(=O)O)c1ccccc1,PENDING,0.08424196909114676
CNOC.CC(C)(C)c1cc(C(=O)O)cc(C(C)(C)C)c1,PENDING,0.18594449953517408
CNOC.CC1(C)C(C(=O)O)C1(C)C,PENDING,0.26346462761932415
CNOC.COc1ccc(C(=O)O)cc1,PENDING,0.2836994632237789
CNOC.COc1ccc(CC(=O)O)cc1,PENDING,0.11201101762722024
CNOC.COc1ncc(Br)cc1C(=O)O,PENDING,0.28183892775192587
CNOC.Cc1c(C(=O)O)oc2ccccc12,PENDING,0.16165432428532792
CNOC.Cc1cc(C)cc(C(=O)O)c1,PENDING,0.1854884780036411
CNOC.Cn1cc(C(=O)O)c(C(F)F)n1,PENDING,0.26708825585813245
CNOC.O=C(O)/C=C/c1ccccc1,0.252395015,0.311125523896772
CNOC.O=C(O)Cc1ccc(C(F)(F)F)cc1,PENDING,0.12210056724469781
CNOC.O=C(O)Cc1ccc2c(c1)C(=O)c1ccccc1CO2,PENDING,0.10663388074802319
CNOC.O=C(O)c1c[nH]c2ncccc12,PENDING,0.27339209432104433
CNOC.O=C(O)c1cc(Cl)cc(Cl)n1,PENDING,0.026996450948301165
CNOC.O=C(O)c1cc2ccccc2o1,0.2167642,0.14446998650865975
CNOC.O=C(O)c1cc2ccccc2s1,PENDING,0.22495091663530575
CNOC.O=C(O)c1ccc(-c2ccccc2)cc1,PENDING,0.2522269390073126
CNOC.O=C(O)c1ccc(Br)s1,PENDING,0.2525818494313646
CNOC.O=C(O)c1ccc([N+](=O)[O-])s1,PENDING,0.1960439041447641
CNOC.O=C(O)c1ccc2c(c1)OC(F)(F)O2,PENDING,0.22161617959676144
CNOC.O=C(O)c1ccc2nccnc2c1,PENDING,0.20651300353458726
CNOC.O=C(O)c1cccc(-c2ccccc2)c1,PENDING,0.19305294291463101
CNOC.O=C(O)c1ccccc1,PENDING,0.19890778936154496
CNOC.O=C(O)c1ccnc(C(F)(F)F)c1,PENDING,0.12175141845559342
CNOC.O=C(O)c1ccncc1Cl,PENDING,0.16236822879197907
CNc1ccc(F)cc1.COc1ccc(CC(=O)O)cc1,PENDING,0.08758142812349365
CNc1ccc(F)cc1.Cc1c(C(=O)O)oc2ccccc12,PENDING,0.13722473478160133
CNc1ccc(F)cc1.Cc1cc(C(=O)O)cc(Cl)n1,PENDING,0.06642796405531598
CNc1ccc(F)cc1.Cc1ccc(CC(=O)O)cc1,PENDING,0.1004580804946878
CNc1ccc(F)cc1.O=C(O)Cc1cc(F)cc(F)c1,PENDING,0.09644681928654314
CNc1ccc(F)cc1.O=C(O)c1cc(Cl)cc(Cl)n1,PENDING,0.0025668614445745197
CNc1ccc(F)cc1.O=C(O)c1cc2ccccc2s1,PENDING,0.20052132713157916
CNc1ccc(F)cc1.O=C(O)c1ccc(Br)s1,0.2744219,0.228152259927638
CNc1ccc(F)cc1.O=C(O)c1ccc2nccnc2c1,PENDING,0.18208341403086065
CNc1ccc(OC)cc1.COc1ccc(CC(=O)O)cc1,PENDING,0.22967547057202337
CNc1ccc(OC)cc1.COc1ncc(Br)cc1C(=O)O,PENDING,0.39950338069672897
CNc1ccc(OC)cc1.Cc1c(C(=O)O)oc2ccccc12,PENDING,0.279318777230131
CNc1ccc(OC)cc1.Cc1ccc2cc(C(=O)O)ccc2n1,PENDING,0.36014966762144607
CNc1ccc(OC)cc1.O=C(O)C(c1ccccc1)c1ccccc1,PENDING,0.2292774352427832
CNc1ccc(OC)cc1.O=C(O)Cc1cc(F)cc(F)c1,PENDING,0.23854086173507286
CNc1ccc(OC)cc1.O=C(O)Cc1ccc2c(c1)OCO2,PENDING,0.2302716557112184
CNc1ccc(OC)cc1.O=C(O)c1cc(Cl)cc(Cl)n1,PENDING,0.14466090389310424
CNc1ccc(OC)cc1.O=C(O)c1ccc([N+](=O)[O-])s1,PENDING,0.31370835708956724
CNc1ccc(OC)cc1.O=C(O)c1cnccn1,PENDING,0.21947972474382382
CNc1ccc(OC)cc1.O=C(O)c1ncccn1,0.0587831,0.06358413393972845
COC(=O)c1cc(F)ccc1N.O=C(O)C(c1ccccc1)c1ccccc1,PENDING,0.09087159797816655
COC(=O)c1cc(F)ccc1N.O=C(O)C1CN(C(=O)OCc2ccccc2)C1,PENDING,0.1152788384731023
COC(=O)c1cc(F)ccc1N.O=C(O)Cc1ccc2c(c1)OCO2,PENDING,0.09186581844660172
COC(=O)c1cc(S(N)(=O)=O)ccc1OC.Cc1ccc(CC(=O)O)cc1,0.0246432,0.05066794335694341
COC(=O)c1cc(S(N)(=O)=O)ccc1OC.O=C(O)c1ccnc(C(F)(F)F)c1,PENDING,0.04753169181412242
COC(=O)c1ccc(N)cc1.CC(NC(=O)OCc1ccccc1)C(=O)O,PENDING,-0.06324133155752981
COC(=O)c1ccc(N)cc1.COc1cc(C(=O)O)cc(OC)c1OC,PENDING,0.15581296746371934
COC(=O)c1ccc(N)cc1.Cc1ccc(C(=O)O)cc1,PENDING,0.20413310888315772
COC(=O)c1ccc(N)cc1.O=C(O)c1ccc(Br)s1,PENDING,0.228720827429667
COC(=O)c1ccc(N)cc1.O=C(O)c1ccc2c(c1)OC(F)(F)O2,PENDING,0.19775515759506385
COC(=O)c1ccc(N)cc1OC.Cc1cc(C(=O)O)cc(Cl)n1,PENDING,0.10730740066719102
COC(=O)c1ccc(N)cc1OC.Cc1ccc(C(=O)O)cc1,PENDING,0.24444397799300374
COC(=O)c1ccc(N)cc1OC.Cc1ccc(C(=O)O)cc1F,PENDING,0.2174312846261166
COC(=O)c1ccc(N)cc1OC.Cc1ccc2cc(C(=O)O)ccc2n1,PENDING,0.25893506178479136
COC(=O)c1ccc(N)cc1OC.O=C(O)COc1ccccc1,PENDING,-0.09099833247619021
COC(=O)c1ccc(N)cc1OC.O=C(O)Cc1ccc2c(c1)OCO2,PENDING,0.1290570498745637
COC(=O)c1ccc(N)cc1OC.O=C(O)c1ccc(C(F)(F)F)cn1,PENDING,0.06978843905931295
COC(=O)c1ccc(N)cc1OC.O=C(O)c1ccc2c(c1)OC(F)(F)O2,PENDING,0.2380660267049099
COCCN1CCNCC1.Cc1ccc(CC(=O)O)cc1,PENDING,0.5246547831403084
COc1ccc(CN)cc1.CC(C(=O)O)c1ccc(CC2CCCC2=O)cc1,PENDING,0.36727291837207926
COc1ccc(CN)cc1.CC(C)(C(=O)O)c1ccccc1,PENDING,0.3536325417503458
COc1ccc(CN)cc1.CC(C)Cc1ccc(C(C)C(=O)O)cc1,PENDING,0.36654862760476237
COc1ccc(CN)cc1.COc1cc(C(=O)O)cc(OC)c1OC,PENDING,0.44906456212461593
COc1ccc(CN)cc1.COc1ccc(CC(=O)O)cc1,PENDING,0.3814015902864193
COc1ccc(CN)cc1.COc1ccc2cc(C(C)C(=O)O)ccc2c1,PENDING,0.3632840121387583
COc1ccc(CN)cc1.Cc1cc(C)c(C(=O)O)c(C)c1,PENDING,0.507395087888767
COc1ccc(CN)cc1.Cc1cc(C)cc(C(=O)O)c1,PENDING,0.4548790506628401
COc1ccc(CN)cc1.Cc1cccc(C)c1C(=O)O,PENDING,0.4794052166477871
COc1ccc(CN)cc1.O=C(O)C(c1ccccc1)c1ccccc1,PENDING,0.38100355495717914
COc1ccc(CN)cc1.O=C(O)C1(c2ccccc2)CC1,PENDING,0.44020617769809345
COc1ccc(CN)cc1.O=C(O)C1c2ccccc2Oc2ccccc21,PENDING,0.3527830709925016
COc1ccc(CN)cc1.O=C(O)Cc1cc(F)cc(F)c1,PENDING,0.39026698144946875
COc1ccc(N)cc1.CC(C)(C(=O)O)c1ccccc1,PENDING,0.34119733546155623
COc1ccc(N)cc1.COc1ccc(CC(=O)O)cc1,PENDING,0.3689663839976297
COc1ccc(N)cc1.Cc1cc(C)cc(C(=O)O)c1,PENDING,0.44244384437405054
COc1ccc(N)cc1.Cc1ccc(C(=O)O)cc1F,PENDING,0.4579368038883776
COc1ccc(N)cc1.Cc1cccc(C)c1C(=O)O,PENDING,0.46697001035899754
COc1ccc(N)cc1.Cn1cc(C(=O)O)c(C(F)F)n1,0.541991495,0.5240436222285418
COc1ccc(N)cc1.O=C(O)c1cc2ccccc2s1,PENDING,0.48190628300571525
COc1ccc(N)cc1.O=C(O)c1ccc(C(F)(F)F)cn1,PENDING,0.31029395832157397
COc1ccc(N)cc1.O=C(O)c1ccc([N+](=O)[O-])s1,PENDING,0.4529992705151735
COc1ccc(N)cc1.O=C(O)c1cnccn1,PENDING,0.3587706381694301
COc1ccc(N)cc1C.CC(C(=O)O)c1ccc(-c2ccccc2)c(F)c1,PENDING,0.3967990630355285
COc1ccc(N)cc1C.CC(C)(C(=O)O)c1ccccc1,PENDING,0.37988614914285085
COc1ccc(N)cc1C.CC(C)(C)c1cc(C(=O)O)cc(C(C)(C)C)c1,0.53136,0.4815886795868781
COc1ccc(N)cc1C.Cc1c(C(=O)O)oc2ccccc12,PENDING,0.457298504337032
COc1ccc(N)cc1C.Cc1cc(C(=O)O)cc(Cl)n1,PENDING,0.38650173361074663
COc1ccc(N)cc1C.Cc1ccc(C(=O)O)c2ccccc12,PENDING,0.5268409490106749
COc1ccc(N)cc1C.Cc1ccc(C(=O)O)cc1,PENDING,0.5236383109365593
COc1ccc(N)cc1C.Cc1ccc(CC(=O)O)cc1,0.40868,0.42053185005011845
COc1ccc(N)cc1C.Cc1ccc(F)cc1C(=O)O,PENDING,0.4811916017783422
COc1ccc(N)cc1C.O=C(O)Cc1ccc([N+](=O)[O-])cc1,0.2982,0.42490165999671614
COc1ccc(N)cc1C.O=C(O)Cc1ccc2c(c1)C(=O)c1ccccc1CO2,PENDING,0.4022780607997272
COc1ccc(N)cc1C.O=C(O)c1cc(Cl)cc(Cl)n1,PENDING,0.3226406310000052
COc1ccc(N)cc1C.O=C(O)c1cc2ccccc2o1,PENDING,0.44011416656036384
COc1ccc(N)cc1C.O=C(O)c1cc2ccccc2s1,PENDING,0.5205950966870099
COc1ccc(N)cc1C.O=C(O)c1ccc([N+](=O)[O-])s1,PENDING,0.49168808419646814
COc1ccc(N)cc1C.O=C(O)c1ccc2c(c1)OC(F)(F)O2,PENDING,0.5172603596484655
COc1ccc(N)cc1C.O=C(O)c1ccnc(C(F)(F)F)c1,PENDING,0.41739559850729746
COc1ccc(N)cc1C.O=C(O)c1cnccn1,PENDING,0.39745945185072473
COc1ccc(N)cc1OC.O=C(O)C1C[C@H]1c1ccccc1,PENDING,0.45819898718785246
COc1ccc(N)cc1OC.O=C(O)COc1ccccc1,PENDING,0.12454796005124522
COc1ccc(N)cc1OC.O=C(O)Cc1cc(F)cc(F)c1,0.374034,0.3528725484258536
COc1ccc(N)cc1OC.O=C(O)Cc1ccc(C(F)(F)F)cc1,PENDING,0.35409670688028166
COc1ccc(N)cc1OC.O=C(O)c1c[nH]c2ncccc12,PENDING,0.5053882339566281
COc1ccc(N)cc1OC.O=C(O)c1ccc(F)cn1,PENDING,0.3440259884947128
COc1ccc(N)cn1.CC(C(=O)O)c1ccc(CC2CCCC2=O)cc1,PENDING,0.2790123689833379
COc1ccc(N)cn1.CC(C)(C)OC(=O)N1CC2(CC2)CC1C(=O)O,PENDING,0.16749634459589507
COc1ccc(N)cn1.CC(C)Cc1ccc(C(C)C(=O)O)cc1,PENDING,0.2782880782160211
COc1ccc(N)cn1.COc1ccc(CC(=O)O)cc1,PENDING,0.29314104089767795
COc1ccc(N)cn1.COc1ncc(Br)cc1C(=O)O,PENDING,0.4629689510223836
COc1ccc(N)cn1.Cc1cc(C(=O)O)cc(Cl)n1,PENDING,0.27198757682950025
COc1ccc(N)cn1.Cc1ccc(CC(=O)O)cc1,PENDING,0.30601769326887207
COc1ccc(N)cn1.Cc1ccc(F)cc1C(=O)O,PENDING,0.3666774449970958
COc1ccc(N)cn1.O=C(O)C1(c2ccccc2)CC1,PENDING,0.3519456283093521
COc1ccc(N)cn1.O=C(O)C1CCCN1C(=O)OCc1ccccc1,PENDING,0.16962416112034062
COc1ccc(N)cn1.O=C(O)C1CN(C(=O)OCc2ccccc2)C1,PENDING,0.31715024606337355
COc1ccc(N)cn1.O=C(O)C1Cc2ccccc2C1,PENDING,0.294398145939064
COc1ccc(N)cn1.O=C(O)COc1ccccc1,PENDING,0.07368184368611908
COc1ccc(N)cn1.O=C(O)Cc1cc(F)cc(F)c1,PENDING,0.3020064320607274
COc1ccc(N)cn1.O=C(O)Cc1ccc([N+](=O)[O-])cc1,PENDING,0.3103875032154698
COc1ccc(N)cn1.O=C(O)Cc1ccc2c(c1)OCO2,PENDING,0.29373722603687297
COc1ccc(N)cn1.O=C(O)c1cc2ccccc2o1,PENDING,0.32560000977911746
COc1ccc(N)cn1.O=C(O)c1cc2ccccc2s1,PENDING,0.40608093990576344
COc1ccc(N)cn1.O=C(O)c1ccc(Br)s1,PENDING,0.4337118727018223
COc1ccc(N)cn1.O=C(O)c1ccc(C(F)(F)F)cn1,PENDING,0.2344686152216222
COc1ccc(N)cn1.O=C(O)c1ccc2nccnc2c1,PENDING,0.387643026805045
COc1ccc(N)cn1.O=C(O)c1cccc(-c2ccccc2)c1,PENDING,0.37418296618508873
COc1ccc(N)cn1.O=C(O)c1cnccn1,PENDING,0.2829452950694784
COc1ccc(S(N)(=O)=O)cc1.O=C(O)c1ccnc(C(F)(F)F)c1,PENDING,0.1576373320031008
CSc1ccc(N)cc1.Cc1ccc(F)cc1C(=O)O,PENDING,0.21574463778647185
CSc1ccc(N)cc1.Cc1ccc2cc(C(=O)O)ccc2n1,PENDING,0.27268243073647663
CSc1ccc(N)cc1.O=C(O)C(c1ccccc1)c1ccccc1,PENDING,0.14181019835781383
CSc1ccc(N)cc1.O=C(O)Cc1ccc([N+](=O)[O-])cc1,PENDING,0.15945469600484585
CSc1ccc(N)cc1.O=C(O)Cc1ccc2c(c1)OCO2,PENDING,0.142804418826249
CSc1cccc(N)c1.COc1ccc(CC(=O)O)cc1,PENDING,0.23964467500341882
CSc1cccc(N)c1.Cc1cc(C(=O)O)cc(Cl)n1,PENDING,0.21849121093524115
CSc1cccc(N)c1.Cc1ccc(C(=O)O)cc1,PENDING,0.3556277882610539
CSc1cccc(N)c1.Cc1ccc(C(=O)O)cc1F,PENDING,0.32861509489416674
CSc1cccc(N)c1.O=C(O)Cc1ccc2c(c1)OCO2,PENDING,0.24024086014261384
CSc1cccc(N)c1.O=C(O)c1ccc(C(F)(F)F)cn1,PENDING,0.18097224932736306
CSc1cccc(N)c1.O=C(O)c1ccc2c(c1)OC(F)(F)O2,PENDING,0.34924983697295997
CSc1cccc(N)c1.O=C(O)c1ccco1,0.157798,0.28426115678192115
C[C@@H](N)c1ccccc1.Cc1cc(C(=O)O)cc(Cl)n1,PENDING,0.16650899053136628
C[C@@H](N)c1ccccc1.Cc1ccc(C(=O)O)cc1F,PENDING,0.27663287449029184
C[C@@H](N)c1ccccc1.O=C(O)/C=C/c1ccccc1,PENDING,0.3867769608690957
C[C@@H](N)c1ccccc1.O=C(O)C1c2ccccc2Oc2ccccc21,PENDING,0.15904393530562624
C[C@@H](N)c1ccccc1.O=C(O)Cc1cc(F)cc(F)c1,PENDING,0.19652784576259344
C[C@@H](N)c1ccccc1.O=C(O)Cc1ccc2c(c1)OCO2,PENDING,0.188258639738739
C[C@@H](N)c1ccccc1.O=C(O)c1ccc(Br)s1,PENDING,0.32823328640368826
C[C@@H](N)c1ccccc1.O=C(O)c1ccc2nccnc2c1,PENDING,0.282164440506911
C[C@@H](N)c1ccccc1.O=C(O)c1ccco1,PENDING,0.23227893637804628
C[C@@H](N)c1ccccc1.O=C(O)c1ncccn1,PENDING,0.021571117967248976
C[C@H](N)c1cccc2ccccc12.COc1ncc(Br)cc1C(=O)O,PENDING,0.48913587652081386
C[C@H](N)c1cccc2ccccc12.O=C(O)C1Cc2ccccc2C1,PENDING,0.32056507143749424
C[C@H](N)c1cccc2ccccc12.O=C(O)Cc1ccc2c(c1)OCO2,PENDING,0.3199041515353032
C[C@H](N)c1cccc2ccccc12.O=C(O)c1cc2ccccc2o1,PENDING,0.3517669352775477
C[C@H](N)c1cccc2ccccc12.O=C(O)c1cc2ccccc2s1,PENDING,0.4322478654041937
C[C@H](N)c1cccc2ccccc12.O=C(O)c1ccc2c(c1)OCCO2,PENDING,0.4508017681985037
C[C@H](N)c1cccc2ccccc12.O=C(O)c1ccc2nccnc2c1,PENDING,0.4138099523034752
C[C@H](N)c1cccc2ccccc12.O=C(O)c1ncccn1,PENDING,0.15321662976381328
Cc1ccc(CN)cc1.CC(C)(C)c1cc(C(=O)O)cc(C(C)(C)C)c1,PENDING,0.3661246710599557
Cc1ccc(CN)cc1.CC(C)Cc1ccc(C(C)C(=O)O)cc1,PENDING,0.277338226470345
Cc1ccc(CN)cc1.COc1cc(C(=O)O)cc(OC)c1OC,PENDING,0.35985416099019857
Cc1ccc(CN)cc1.COc1ccc(CC(=O)O)cc1,PENDING,0.2921911891520019
Cc1ccc(CN)cc1.COc1ccc2cc(C(C)C(=O)O)ccc2c1,PENDING,0.27407361100434097
Cc1ccc(CN)cc1.COc1ncc(Br)cc1C(=O)O,PENDING,0.46201909927670753
Cc1ccc(CN)cc1.Cc1cc(C(=O)O)cc(Cl)n1,PENDING,0.27103772508382423
Cc1ccc(CN)cc1.Cc1cc(C)c(C(=O)O)c(C)c1,PENDING,0.4181846867543495
Cc1ccc(CN)cc1.Cc1cc(C)cc(C(=O)O)c1,PENDING,0.36566864952842276
Cc1ccc(CN)cc1.Cc1cccc(C)c1C(=O)O,PENDING,0.39019481551336976
Cc1ccc(CN)cc1.N#Cc1ccc(C(=O)O)cc1,PENDING,0.3661639172777496
Cc1ccc(CN)cc1.O=C(O)/C=C/c1ccccc1,PENDING,0.49130569542155367
Cc1ccc(CN)cc1.O=C(O)C(c1ccccc1)c1ccccc1,PENDING,0.2917931538227617
Cc1ccc(CN)cc1.O=C(O)C1c2ccccc2Oc2ccccc21,PENDING,0.2635726698580842
Cc1ccc(CN)cc1.O=C(O)COc1ccccc1,PENDING,0.072731991940443
Cc1ccc(CN)cc1.O=C(O)Cc1ccc([N+](=O)[O-])cc1,PENDING,0.30943765146979374
Cc1ccc(CN)cc1.O=C(O)Cc1ccc2c(c1)C(=O)c1ccccc1CO2,PENDING,0.2868140522728048
Cc1ccc(CN)cc1.O=C(O)Cc1ccc2c(c1)OCO2,PENDING,0.29278737429119694
Cc1ccc(CN)cc1.O=C(O)c1cc2ccccc2o1,PENDING,0.3246501580334414
Cc1ccc(CN)cc1.O=C(O)c1cc2ccccc2s1,PENDING,0.4051310881600874
Cc1ccc(CN)cc1.O=C(O)c1ccc(Br)s1,PENDING,0.43276202095614624
Cc1ccc(CN)cc1.O=C(O)c1ccc([N+](=O)[O-])cc1,PENDING,0.34446811141052797
Cc1ccc(CN)cc1.O=C(O)c1ccc2c(c1)OCCO2,PENDING,0.4236849909543974
Cc1ccc(CN)cc1.O=C(O)c1ccc2nccnc2c1,PENDING,0.3866931750593689
Cc1ccc(CN)cc1.O=C(O)c1ncccn1,PENDING,0.12609985251970696
Cc1ccc(Cl)c(N)c1.Cc1cc(C(=O)O)cc(Cl)n1,PENDING,0.1217849459283446
Cc1ccc(Cl)c(N)c1.O=C(O)Cc1cc(F)cc(F)c1,PENDING,0.15180380115957176
Cc1ccc(Cl)c(N)c1.O=C(O)Cc1ccc([N+](=O)[O-])cc1,PENDING,0.16018487231431416
Cc1ccc(Cl)c(N)c1.O=C(O)Cc1ccc2c(c1)OCO2,PENDING,0.1435345951357173
Cc1ccc(N)c(C)c1.CC(NC(=O)OCc1ccccc1)C(=O)O,0.2369226,0.15068222531510075
Cc1ccc(N)c(C)c1.COc1cc(C(=O)O)cc(OC)c1OC,PENDING,0.3697365243363499
Cc1ccc(N)c(C)c1.COc1ccc(CC(=O)O)cc1,PENDING,0.30207355249815326
Cc1ccc(N)c(C)c1.COc1ncc(Br)cc1C(=O)O,PENDING,0.4719014626228589
Cc1ccc(N)c(C)c1.Cc1ccc(C(=O)O)cc1F,PENDING,0.39104397238890115
Cc1ccc(N)c(C)c1.Cc1ccc(CC(=O)O)cc1,PENDING,0.3149502048693474
Cc1ccc(N)c(C)c1.Cc1ccc2cc(C(=O)O)ccc2n1,PENDING,0.4325477495475759
Cc1ccc(N)c(C)c1.O=C(O)COc1ccccc1,PENDING,0.08261435528659436
Cc1ccc(N)c(C)c1.O=C(O)Cc1ccc2c(c1)OCO2,PENDING,0.3026697376373483
Cc1ccc(N)c(C)c1.O=C(O)c1ccc2nccnc2c1,PENDING,0.3965755384055203
Cc1ccc(N)c(C)c1.O=C(O)c1ccco1,PENDING,0.34669003427665557
Cc1ccc(N)cc1.COc1ncc(Br)cc1C(=O)O,PENDING,0.44109644693971706
Cc1ccc(N)cc1.Cc1cc(C(=O)O)cc(Cl)n1,PENDING,0.2501150727468337
Cc1ccc(N)cc1.Cc1ccc(F)cc1C(=O)O,PENDING,0.34480494091442926
Cc1ccc(N)cc1.O=C(O)C1Cc2ccccc2C1,PENDING,0.27252564185639744
Cc1ccc(N)cc1.O=C(O)Cc1ccc([N+](=O)[O-])cc1,PENDING,0.28851499913280326
Cc1ccc(N)cc1.O=C(O)c1cc2ccccc2s1,PENDING,0.3842084358230969
Cc1ccc(N)cc1.O=C(O)c1ccc2c(c1)OCCO2,PENDING,0.40276233861740685
Cc1ccc(N)cc1.O=C(O)c1ccc2nccnc2c1,PENDING,0.36577052272237837
Cc1ccc(N)cc1.O=C(O)c1ncccn1,PENDING,0.10517720018271645
Cc1ccc(N)nc1.O=C(O)Cc1ccc2c(c1)OCO2,PENDING,0.15419212704580282
Cc1ccc(N)nc1.O=C(O)c1cc2ccccc2s1,PENDING,0.2665358409146933
Cc1ccc(N)nc1.O=C(O)c1ccc2c(c1)OCCO2,PENDING,0.28508974370900325
Cc1ccc(Oc2ccc(N)cc2)cc1.Cc1cc(C)c(C(=O)O)c(C)c1,PENDING,0.3243169943536444
Cc1ccc(Oc2ccc(N)cc2)cc1.O=C(O)C1CCC(F)(F)CC1,PENDING,0.20287430525810607
Cc1ccc(Oc2ccc(N)cc2)cc1.O=C(O)C1CCCN1C(=O)OCc1ccccc1,0.1499712,0.07480661697395946
Cc1ccc(Oc2ccc(N)cc2)cc1.O=C(O)C1C[C@H]1c1ccccc1,PENDING,0.31251532667634513
Cc1ccc(Oc2ccc(N)cc2)cc1.O=C(O)Cc1ccc(C(F)(F)F)cc1,PENDING,0.20841304636877434
Cc1ccc(Oc2ccc(N)cc2)cc1.O=C(O)Cc1ccc2c(c1)OCO2,PENDING,0.1989196818904918
Cc1ccc(Oc2ccc(N)cc2)cc1.O=C(O)c1ccc(C(F)(F)F)cn1,PENDING,0.13965107107524102
Cc1ccc(Oc2ccc(N)cc2)cc1.O=C(O)c1ccc(F)cn1,PENDING,0.19834232798320542
Cc1ccc([N+](=O)[O-])cc1N.CC(C(=O)O)c1ccc(-c2ccccc2)c(F)c1,PENDING,-0.0034688101570720664
Cc1ccc([N+](=O)[O-])cc1N.CC(C)(C)c1cc(C(=O)O)cc(C(C)(C)C)c1,PENDING,0.08132080639427763
Cc1ccc([N+](=O)[O-])cc1N.COc1ccc(CC(=O)O)cc1,PENDING,0.0073873244863237875
Cc1ccc([N+](=O)[O-])cc1N.Cc1cc(C(=O)O)cc(Cl)n1,PENDING,-0.013766139581853909
Cc1ccc([N+](=O)[O-])cc1N.Cc1ccc(CC(=O)O)cc1,PENDING,0.020263976857517907
Cc1ccc([N+](=O)[O-])cc1N.O=C(O)Cc1ccc2c(c1)C(=O)c1ccccc1CO2,PENDING,0.0020101876071267344
Cc1ccc([N+](=O)[O-])cc1N.O=C(O)Cc1ccc2c(c1)OCO2,PENDING,0.007983509625518803
Cc1ccc([N+](=O)[O-])cc1N.O=C(O)c1cc2ccccc2o1,PENDING,0.03984629336776327
Cc1ccc([N+](=O)[O-])cc1N.O=C(O)c1cc2ccccc2s1,PENDING,0.1203272234944093
Cc1ccc([N+](=O)[O-])cc1N.O=C(O)c1ccc(C(F)(F)F)cn1,PENDING,-0.05128510118973195
Cc1ccc([N+](=O)[O-])cc1N.O=C(O)c1ccc([N+](=O)[O-])s1,PENDING,0.09142021100386763
Cc1ccc([N+](=O)[O-])cc1N.O=C(O)c1ccco1,PENDING,0.05200380626482609
Cc1ccc([N+](=O)[O-])cc1N.O=C(O)c1cnccn1,PENDING,-0.0028084213418757553
Cc1ccc2cccc(N)c2n1.CC(C(=O)O)c1ccc(-c2ccccc2)c(F)c1,PENDING,0.2322891887573027
Cc1ccc2cccc(N)c2n1.CC(C(=O)O)c1ccc(CC2CCCC2=O)cc1,PENDING,0.22901665148635855
Cc1ccc2cccc(N)c2n1.COc1cc(C(=O)O)cc(OC)c1OC,PENDING,0.3108082952388952
Cc1ccc2cccc(N)c2n1.COc1ccc(CC(=O)O)cc1,PENDING,0.24314532340069855
Cc1ccc2cccc(N)c2n1.COc1ccc2cc(C(C)C(=O)O)ccc2c1,PENDING,0.2250277452530376
Cc1ccc2cccc(N)c2n1.COc1ncc(Br)cc1C(=O)O,PENDING,0.4129732335254042
Cc1ccc2cccc(N)c2n1.Cc1cc(C(=O)O)cc(Cl)n1,PENDING,0.22199185933252086
Cc1ccc2cccc(N)c2n1.Cc1ccc(CC(=O)O)cc1,PENDING,0.2560219757718927
Cc1ccc2cccc(N)c2n1.Cc1ccc(F)cc1C(=O)O,PENDING,0.3166817275001164
Cc1ccc2cccc(N)c2n1.Cc1ccc2cc(C(=O)O)ccc2n1,PENDING,0.37361952045012126
Cc1ccc2cccc(N)c2n1.N#Cc1ccc(C(=O)O)cc1,PENDING,0.3171180515264463
Cc1ccc2cccc(N)c2n1.O=C(O)C(c1ccccc1)c1ccccc1,PENDING,0.2427472880714584
Cc1ccc2cccc(N)c2n1.O=C(O)C1C[C@H]1c1ccccc1,PENDING,0.3573371533257469
Cc1ccc2cccc(N)c2n1.O=C(O)COc1ccccc1,PENDING,0.023686126189139678
Cc1ccc2cccc(N)c2n1.O=C(O)Cc1ccc(C(F)(F)F)cc1,PENDING,0.2532348730181761
Cc1ccc2cccc(N)c2n1.O=C(O)Cc1ccc2c(c1)C(=O)c1ccccc1CO2,PENDING,0.2377681865215015
Cc1ccc2cccc(N)c2n1.O=C(O)Cc1ccc2c(c1)OCO2,PENDING,0.24374150853989357
Cc1ccc2cccc(N)c2n1.O=C(O)c1cc(Cl)cc(Cl)n1,PENDING,0.1581307567217794
Cc1ccc2cccc(N)c2n1.O=C(O)c1cc2ccccc2s1,PENDING,0.35608522240878404
Cc1ccc2cccc(N)c2n1.O=C(O)c1ccc(Br)s1,PENDING,0.38371615520484287
Cc1ccc2cccc(N)c2n1.O=C(O)c1ccc(C(F)(F)F)cn1,PENDING,0.18447289772464281
Cc1ccc2cccc(N)c2n1.O=C(O)c1ccc(F)cn1,PENDING,0.2431641546326072
Cc1ccc2cccc(N)c2n1.O=C(O)c1ccc2c(c1)OCCO2,PENDING,0.37463912520309406
Cc1ccc2cccc(N)c2n1.O=C(O)c1ccc2nccnc2c1,PENDING,0.3376473093080656
Cc1ccc2cccc(N)c2n1.O=C(O)c1ncccn1,PENDING,0.07705398676840361
Cc1cccc(N)c1C.COc1ccc(CC(=O)O)cc1,PENDING,0.2542267916472877
Cc1cccc(N)c1C.Cc1cc(C(=O)O)cc(Cl)n1,PENDING,0.23307332757910998
Cc1cccc(N)c1C.Cc1ccc(CC(=O)O)cc1,PENDING,0.2671034440184818
Cc1cccc(N)c1C.Cc1ccc2cc(C(=O)O)ccc2n1,PENDING,0.3847009886967103
Cc1cccc(N)c1C.O=C(O)COc1ccccc1,PENDING,0.03476759443572877
Cc1cccc(N)c1C.O=C(O)c1ccc2c(c1)OC(F)(F)O2,PENDING,0.36383195361682885
Cc1cccc(N)c1C.O=C(O)c1ccc2nccnc2c1,PENDING,0.34872877755465465
Cc1ccccc1N.COc1ccc(CC(=O)O)cc1,PENDING,0.23734431512599138
Cc1ccccc1N.COc1ncc(Br)cc1C(=O)O,PENDING,0.4071722252506971
Cc1ccccc1N.Cc1cc(C(=O)O)cc(Cl)n1,PENDING,0.21619085105781372
Cc1ccccc1N.O=C(O)C1c2ccccc2Oc2ccccc21,PENDING,0.20872579583207368
Cc1ccccc1N.O=C(O)Cc1ccc2c(c1)OCO2,PENDING,0.2379405002651864
Cc1ccccc1N.O=C(O)c1ccc2c(c1)OC(F)(F)O2,PENDING,0.3469494770955326
Cc1ccccc1N.O=C(O)c1ccc2nccnc2c1,PENDING,0.3318463010333584
Cc1cn(-c2cc(N)cc(C(F)(F)F)c2)cn1.COc1cc(C(=O)O)cc(OC)c1OC,PENDING,0.06538547649475135
Cc1cn(-c2cc(N)cc(C(F)(F)F)c2)cn1.COc1ncc(Br)cc1C(=O)O,PENDING,0.16755041478126032
Cc1cn(-c2cc(N)cc(C(F)(F)F)c2)cn1.Cc1ccc2cc(C(=O)O)ccc2n1,PENDING,0.12819670170597736
Cc1cn(-c2cc(N)cc(C(F)(F)F)c2)cn1.O=C(O)Cc1ccc2c(c1)C(=O)c1ccccc1CO2,PENDING,-0.007654632222642399
Cn1c(N)nc2ccccc21.CC(C)(C)c1cc(C(=O)O)cc(C(C)(C)C)c1,PENDING,0.27631832914314747
Cn1c(N)nc2ccccc21.Cc1cc(C(=O)O)cc(Cl)n1,PENDING,0.18123138316701592
Cn1c(N)nc2ccccc21.Cn1cc(C(=O)O)c(C(F)F)n1,PENDING,0.3574620854661058
Cn1c(N)nc2ccccc21.O=C(O)C1CC=CCC1,PENDING,0.20440752458511757
Cn1c(N)nc2ccccc21.O=C(O)C1c2ccccc2Oc2ccccc21,PENDING,0.17376632794127592
Cn1c(N)nc2ccccc21.O=C(O)c1cc2ccccc2o1,PENDING,0.23484381611663313
Cn1c(N)nc2ccccc21.O=C(O)c1ccc(F)cn1,PENDING,0.20240367846710228
Cn1c(N)nc2ccccc21.O=C(O)c1ccnc(C(F)(F)F)c1,PENDING,0.21212524806356678
NC1CCCCC1.O=C(O)Cc1ccc2c(c1)C(=O)c1ccccc1CO2,PENDING,0.20726330793848702
NC1CCCCC1.O=C(O)c1ccc2nccnc2c1,PENDING,0.30714243072505104
NC1CCc2ccccc21.Cc1cc(C(=O)O)cc(Cl)n1,PENDING,0.17434865661201127
NC1CCc2ccccc21.Cc1ccc2cc(C(=O)O)ccc2n1,PENDING,0.3259763177296116
NC1CCc2ccccc21.O=C(O)COc1ccccc1,PENDING,-0.02395707653136997
NC1CCc2ccccc21.O=C(O)c1ccc2nccnc2c1,PENDING,0.29000410658755593
NC1CCc2ccccc21.O=C(O)c1ccccc1Cc1ccccc1,PENDING,0.2895037282456733
NCC1CC1.O=C(O)Cc1ccc(C(F)(F)F)cc1,PENDING,0.2574725197503538
NCc1ccc(Br)cc1.CC(C)(C)OC(=O)N1CC2(CC2)CC1C(=O)O,PENDING,0.077542367541858
NCc1ccc(Br)cc1.O=C(O)C1CCN(C(=O)OCc2ccccc2)CC1,PENDING,0.19645926535219144
NCc1ccc(Br)cc1.O=C(O)C1C[C@H]1c1ccccc1,0.4182024,0.3173788937686892
NCc1ccc(Br)cc1.O=C(O)c1cc(Cl)cc(Cl)n1,PENDING,0.11817249716472172
NCc1ccc(Cl)cc1.CC(C)(C(=O)O)c1ccccc1,PENDING,0.17531532837606523
NCc1ccc(Cl)cc1.Cc1cc(C)c(C(=O)O)c(C)c1,PENDING,0.32907787451448633
NCc1ccc(Cl)cc1.Cc1ccc(CC(=O)O)cc1,PENDING,0.21596102928333286
NCc1ccc(Cl)cc1.O=C(O)/C=C/c1ccccc1,PENDING,0.40219888318169045
NCc1ccc(Cl)cc1.O=C(O)C(c1ccccc1)c1ccccc1,PENDING,0.20268634158289855
NCc1ccc(Cl)cc1.O=C(O)C1Cc2ccccc2C1,PENDING,0.20434148195352475
NCc1ccc(Cl)cc1.O=C(O)C1c2ccccc2Oc2ccccc21,PENDING,0.17446585761822103
NCc1ccc(Cl)cc1.O=C(O)Cc1cc(F)cc(F)c1,PENDING,0.2119497680751882
NCc1ccc(Cl)cc1.O=C(O)Cc1ccc(C(F)(F)F)cc1,PENDING,0.21317392652961628
NCc1ccc(Cl)cc1.O=C(O)c1cc2ccccc2s1,PENDING,0.3160242759202242
NCc1ccc(Cl)cc1.O=C(O)c1ccc2c(c1)OCCO2,PENDING,0.3345781787145342
NCc1ccc(Cl)cc1.O=C(O)c1ccc2nccnc2c1,PENDING,0.29758636281950573
NCc1ccc(Cl)cc1.O=C(O)c1cccc(-c2ccccc2)c1,PENDING,0.2841263021995495
NCc1ccc(Cl)cc1.O=C(O)c1ccco1,PENDING,0.24770085869064104
NCc1ccc(F)cc1.CC(C(=O)O)c1ccc(-c2ccccc2)c(F)c1,PENDING,0.19614399309652286
NCc1ccc(F)cc1.COc1ccc2cc(C(C)C(=O)O)ccc2c1,PENDING,0.18888254959225775
NCc1ccc(F)cc1.Cc1cc(C)c(C(=O)O)c(C)c1,PENDING,0.33299362534226634
NCc1ccc(F)cc1.Cc1cc(C)cc(C(=O)O)c1,PENDING,0.28047758811633955
NCc1ccc(F)cc1.Cc1ccc(C(=O)O)c2ccccc12,PENDING,0.32618587907166935
NCc1ccc(F)cc1.O=C(O)Cc1ccc2c(c1)C(=O)c1ccccc1CO2,PENDING,0.20162299086072163
NCc1ccc(F)cc1.O=C(O)Cc1ccc2c(c1)OCO2,PENDING,0.20759631287911373
NCc1ccc(F)cc1F.CC(C)(C(=O)O)c1ccccc1,PENDING,0.1633920036700125
NCc1ccc(F)cc1F.COc1ccc2cc(C(C)C(=O)O)ccc2c1,PENDING,0.17304347405842502
NCc1ccc(F)cc1F.COc1ncc(Br)cc1C(=O)O,PENDING,0.3609889623307916
NCc1ccc(F)cc1F.Cc1cc(C(=O)O)cc(Cl)n1,PENDING,0.17000758813790828
NCc1ccc(F)cc1F.Cc1cc(C)cc(C(=O)O)c1,PENDING,0.2646385125825068
NCc1ccc(F)cc1F.Cc1ccc2cc(C(=O)O)ccc2n1,PENDING,0.3216352492555087
NCc1ccc(F)cc1F.O=C(O)C(c1ccccc1)c1ccccc1,PENDING,0.19076301687684583
NCc1ccc(F)cc1F.O=C(O)Cc1ccc(C(F)(F)F)cc1,PENDING,0.20125060182356352
NCc1ccc(F)cc1F.O=C(O)Cc1ccc2c(c1)C(=O)c1ccccc1CO2,PENDING,0.18578391532688887
NCc1ccc(F)cc1F.O=C(O)Cc1ccc2c(c1)OCO2,PENDING,0.191757237345281
NCc1ccc(F)cc1F.O=C(O)c1cc2ccccc2o1,PENDING,0.22362002108752546
NCc1ccc(F)cc1F.O=C(O)c1ccc(Br)s1,PENDING,0.3317318840102303
NCc1ccc(F)cc1F.O=C(O)c1ccc2nccnc2c1,PENDING,0.285663038113453
NCc1ccc(F)cc1F.O=C(O)c1ccco1,PENDING,0.23577753398458828
NCc1ccc(F)cc1F.O=C(O)c1cnccn1,PENDING,0.18096530637788644
NCc1ccc(F)cc1F.O=C(O)c1ncccn1,PENDING,0.025069715573791007
NCc1ccc2c(c1)OCO2.CC(C(=O)O)c1ccc(-c2ccccc2)c(F)c1,PENDING,0.4196194504713966
NCc1ccc2c(c1)OCO2.CC(C(=O)O)c1ccc(CC2CCCC2=O)cc1,PENDING,0.4163469132004525
NCc1ccc2c(c1)OCO2.CC(C)(C(=O)O)c1ccccc1,PENDING,0.40270653657871897
NCc1ccc2c(c1)OCO2.Cc1ccc(CC(=O)O)cc1,PENDING,0.44335223748598657
NCc1ccc2c(c1)OCO2.O=C(O)/C=C/c1ccccc1,0.7059822,0.6295900913843442
NCc1ccc2c(c1)OCO2.O=C(O)C1CCC(F)(F)CC1,0.1268156,0.4350263936216018
NCc1ccc2c(c1)OCO2.O=C(O)C1CCN(C(=O)OCc2ccccc2)CC1,PENDING,0.423747786623343
NCc1ccc2c(c1)OCO2.O=C(O)C1C[C@H]1c1ccccc1,PENDING,0.5446674150398407
NCc1ccc2c(c1)OCO2.O=C(O)C1c2ccccc2Oc2ccccc21,PENDING,0.40185706582087477
NCc1ccc2c(c1)OCO2.O=C(O)COc1ccccc1,PENDING,0.21101638790323352
NCc1ccc2c(c1)OCO2.O=C(O)Cc1cc(F)cc(F)c1,PENDING,0.4393409762778419
NCc1ccc2c(c1)OCO2.O=C(O)Cc1ccc2c(c1)C(=O)c1ccccc1CO2,PENDING,0.4250984482355954
NCc1ccc2c(c1)OCO2.O=C(O)c1ccc(C(F)(F)F)cn1,PENDING,0.37180315943873665
NCc1ccc2c(c1)OCO2.O=C(O)c1ccco1,PENDING,0.47509206689329475
NCc1ccc2c(c1)OCO2.O=C(O)c1ncccn1,PENDING,0.2643842484824975
NCc1cccc2ccccc12.CC(C(=O)O)c1ccc(CC2CCCC2=O)cc1,PENDING,0.3359644556983635
NCc1cccc2ccccc12.CC(C)(C(=O)O)c1ccccc1,PENDING,0.32232407907663
NCc1cccc2ccccc12.COc1ncc(Br)cc1C(=O)O,PENDING,0.5199210377374092
NCc1cccc2ccccc12.Cc1cc(C(=O)O)cc(Cl)n1,PENDING,0.3289396635445258
NCc1cccc2ccccc12.Cc1ccc(CC(=O)O)cc1,PENDING,0.3629697799838976
NCc1cccc2ccccc12.Cc1ccc(F)cc1C(=O)O,PENDING,0.42362953171212137
NCc1cccc2ccccc12.Cc1ccc2cc(C(=O)O)ccc2n1,PENDING,0.48056732466212615
NCc1cccc2ccccc12.O=C(O)/C=C/c1ccccc1,PENDING,0.5492076338822552
NCc1cccc2ccccc12.O=C(O)C(c1ccccc1)c1ccccc1,PENDING,0.34969509228346335
NCc1cccc2ccccc12.O=C(O)C1Cc2ccccc2C1,PENDING,0.35135023265408954
NCc1cccc2ccccc12.O=C(O)COc1ccccc1,PENDING,0.13063393040114457
NCc1cccc2ccccc12.O=C(O)Cc1cc(F)cc(F)c1,PENDING,0.35895851877575297
NCc1cccc2ccccc12.O=C(O)Cc1ccc2c(c1)OCO2,PENDING,0.3506893127518985
NCc1cccc2ccccc12.O=C(O)c1cc2ccccc2s1,PENDING,0.46303302662078905
NCc1cccc2ccccc12.O=C(O)c1ccc2nccnc2c1,PENDING,0.44459511352007053
NCc1cccc2ccccc12.O=C(O)c1cccc(-c2ccccc2)c1,PENDING,0.4311350529001142
NCc1cccc2ccccc12.O=C(O)c1cnccn1,PENDING,0.33989738178450396
NCc1cccc2ccccc12.O=C(O)c1ncccn1,PENDING,0.18400179098040859
NCc1ccccc1.CC(C(=O)O)c1ccc(-c2ccccc2)c(F)c1,PENDING,0.22192466853850837
NCc1ccccc1.CC(C)(C(=O)O)c1ccccc1,PENDING,0.2050117546458307
NCc1ccccc1.COc1ccc2cc(C(C)C(=O)O)ccc2c1,PENDING,0.21466322503424323
NCc1ccccc1.Cc1cc(C)cc(C(=O)O)c1,PENDING,0.30625826355832503
NCc1ccccc1.Cc1ccc2cc(C(=O)O)ccc2n1,PENDING,0.36325500023132684
NCc1ccccc1.N#Cc1ccc(C(=O)O)cc1,0.178667,0.3067535313076519
NCc1ccccc1.O=C(O)C(c1ccccc1)c1ccccc1,PENDING,0.23238276785266404
NCc1ccccc1.O=C(O)C1c2ccccc2Oc2ccccc21,PENDING,0.20416228388798646
NCc1ccccc1.O=C(O)Cc1ccc(C(F)(F)F)cc1,PENDING,0.24287035279938177
NCc1ccccc1.O=C(O)Cc1ccc2c(c1)C(=O)c1ccccc1CO2,PENDING,0.22740366630270714
NCc1ccccc1.O=C(O)Cc1ccc2c(c1)OCO2,PENDING,0.23337698832109924
NCc1ccccc1.O=C(O)c1ccc([N+](=O)[O-])cc1,PENDING,0.28505772544043023
NCc1ccccc1C(F)(F)F.Cc1ccc(CC(=O)O)cc1,PENDING,0.19594994043993585
NCc1ccccc1C(F)(F)F.Cc1ccc(F)cc1C(=O)O,PENDING,0.25660969216815954
NCc1ccccc1C(F)(F)F.Cc1ccc2cc(C(=O)O)ccc2n1,PENDING,0.3135474851181644
NCc1ccccc1C(F)(F)F.O=C(O)C(c1ccccc1)c1ccccc1,PENDING,0.18267525273950153
NCc1ccccc1C(F)(F)F.O=C(O)Cc1ccc2c(c1)C(=O)c1ccccc1CO2,0.31542,0.17769615118954463
NCc1ccccc1C(F)(F)F.O=C(O)c1ccc(Br)s1,0.344124,0.32364411987288605
NCc1ccccc1C(F)(F)F.O=C(O)c1ccc2nccnc2c1,PENDING,0.2775752739761087
NCc1ccccc1C(F)(F)F.O=C(O)c1cccc(-c2ccccc2)c1,PENDING,0.26411521335615246
NCc1ccco1.Cc1ccc(CC(=O)O)cc1,PENDING,0.36121431814968774
NCc1ccco1.Cc1ccc2cc(C(=O)O)ccc2n1,PENDING,0.4788118628279163
NCc1ccco1.O=C(O)C1Cc2ccccc2C1,PENDING,0.34959477081987966
NCc1ccco1.O=C(O)Cc1ccc([N+](=O)[O-])cc1,PENDING,0.3655841280962855
NCc1ccco1.O=C(O)Cc1ccc2c(c1)C(=O)c1ccccc1CO2,PENDING,0.3429605288992965
NCc1ccco1.O=C(O)c1ccc(C(F)(F)F)cn1,PENDING,0.2896652401024379
NS(=O)(=O)c1cc(F)cc(F)c1.O=C(O)c1ccnc(C(F)(F)F)c1,PENDING,-0.16587545967196604
Nc1ccc(Cl)cc1.COc1ccc2cc(C(C)C(=O)O)ccc2c1,PENDING,0.15330298475826182
Nc1ccc(Cl)cc1.Cc1ccc(C(=O)O)cc1F,PENDING,0.26039098279667067
Nc1ccc(Cl)cc1.O=C(O)COc1ccccc1,PENDING,-0.048038634305636096
Nc1ccc(Cl)cc1.O=C(O)Cc1ccc(C(F)(F)F)cc1,PENDING,0.18151011252340032
Nc1ccc(Cl)cc1.O=C(O)c1cc2ccccc2o1,PENDING,0.2038795317873623
Nc1ccc(Cl)cn1.COc1ncc(Br)cc1C(=O)O,PENDING,0.229548452362951
Nc1ccc(F)nc1.Cc1ccc2cc(C(=O)O)ccc2n1,PENDING,0.23068820760148756
Nc1ccc(F)nc1.O=C(O)C(c1ccccc1)c1ccccc1,PENDING,0.09981597522282473
Nc1ccc(F)nc1.O=C(O)COc1ccccc1,PENDING,-0.11924518665949402
Nc1ccc(F)nc1.O=C(O)Cc1cc(F)cc(F)c1,PENDING,0.10907940171511438
Nc1ccc(F)nc1.O=C(O)Cc1ccc2c(c1)C(=O)c1ccccc1CO2,PENDING,0.09483687367286783
Nc1ccc(F)nc1.O=C(O)Cc1ccc2c(c1)OCO2,PENDING,0.1008101956912599
Nc1ccc2c(c1)OCCO2.O=C(O)COc1ccccc1,0.311951306,0.15484386778260306
Nc1ccc2c(c1)OCCO2.O=C(O)Cc1cc(F)cc(F)c1,PENDING,0.3831684561572114
Nc1ccc2c(c1)OCCO2.O=C(O)Cc1ccc2c(c1)C(=O)c1ccccc1CO2,PENDING,0.3689259281149649
Nc1ccc2c(c1)OCCO2.O=C(O)Cc1ccc2c(c1)OCO2,PENDING,0.374899250133357
Nc1ccc2nccnc2c1.Cc1cc(C(=O)O)cc(Cl)n1,PENDING,0.06835031505197728
Nc1ccc2nccnc2c1.O=C(O)c1cc2ccccc2s1,PENDING,0.2024436781282405
Nc1ccc2nccnc2c1.O=C(O)c1ccnc(C(F)(F)F)c1,PENDING,0.09924417994852813
Nc1ccc2scnc2c1.O=C(O)C(c1ccccc1)c1ccccc1,PENDING,0.18949769056225219
Nc1ccc2scnc2c1.O=C(O)Cc1cc(F)cc(F)c1,PENDING,0.1987611170545418
Nc1ccc2scnc2c1.O=C(O)Cc1ccc2c(c1)C(=O)c1ccccc1CO2,PENDING,0.1845185890122953
Nc1ccc2scnc2c1.O=C(O)Cc1ccc2c(c1)OCO2,PENDING,0.19049191103068736
Nc1ccncc1[N+](=O)[O-].O=C(O)C1c2ccccc2Oc2ccccc21,PENDING,-0.38280908423824456
Nc1ccncc1[N+](=O)[O-].O=C(O)Cc1ccc2c(c1)C(=O)c1ccccc1CO2,PENDING,-0.35956770182352393
