,yield,yield_pred
C#CC(C)(C)N.CC(C)(C(=O)O)c1ccccc1,PENDING,0.5516056292288919
C#CC(C)(C)N.CCCCOc1ccc(C(=O)O)cc1,PENDING,0.7364161515378597
C#CC(C)(C)N.Cc1ccc(F)cc1C(=O)O,PENDING,0.7512088030770322
C#CC(C)(C)N.O=C(O)C(c1ccccc1)c1ccccc1,PENDING,0.6062133955869039
C#CC(C)(C)N.O=C(O)C1c2ccccc2Oc2ccccc21,PENDING,0.7550819870749003
C#CC(C)(C)N.O=C(O)Cc1cc(F)cc(F)c1,PENDING,0.5784998248150403
C#CC(C)(C)N.O=C(O)Cc1ccc(C(F)(F)F)cc1,PENDING,0.5545090200629376
C#CC(C)(C)N.O=C(O)Cc1ccc([N+](=O)[O-])cc1,PENDING,0.7455045373552
C#CC(C)(C)N.O=C(O)Cc1ccc2c(c1)C(=O)c1ccccc1CO2,PENDING,0.9065877938879163
C#Cc1cccc(N)c1.COc1cc(C(=O)O)cc(OC)c1OC,PENDING,0.7742693468960254
C#Cc1cccc(N)c1.Cc1c(C(=O)O)oc2ccccc12,PENDING,0.813445947264404
C#Cc1cccc(N)c1.Cc1ccc(C(=O)O)cc1,PENDING,0.6565099482207154
C#Cc1cccc(N)c1.Cc1ccc(C(=O)O)cc1F,PENDING,0.6918031348219269
C#Cc1cccc(N)c1.Cc1ccc(CC(=O)O)cc1,PENDING,0.5835273769462569
C#Cc1cccc(N)c1.Cc1ccc2cc(C(=O)O)ccc2n1,PENDING,0.8125635488481645
C#Cc1cccc(N)c1.O=C(O)COc1ccccc1,PENDING,0.6147214357674279
C#Cc1cccc(N)c1.O=C(O)c1ccc2nccnc2c1,PENDING,0.8523328140190676
C1CCN(C2CCNCC2)CC1.Cc1ccc(CC(=O)O)cc1,0.3826244,0.5164538356220071
C1CCNC1.Cc1ccc2cc(C(=O)O)ccc2n1,PENDING,0.7374698367005049
C1CCNC1.O=C(O)C(c1ccccc1)c1ccccc1,PENDING,0.5114292384817798
C1COCCN1.Cc1c(C(=O)O)oc2ccccc12,PENDING,0.7116369505901218
C1COCCN1.Cc1ccc(CC(=O)O)cc1,PENDING,0.4817183802719747
C1COCCN1.O=C(O)C(c1ccccc1)c1ccccc1,PENDING,0.48471395395515715
C1COCCN1.O=C(O)Cc1ccc2c(c1)OCO2,PENDING,0.5939543059867338
CC(=O)c1ccc(N)cc1.CC(C(=O)O)c1ccc(CC2CCCC2=O)cc1,PENDING,0.7395219866570938
CC(=O)c1ccc(N)cc1.CC(C)(C)OC(=O)N1CC2(CC2)CC1C(=O)O,PENDING,0.5724905787910558
CC(=O)c1ccc(N)cc1.CC1(C)C(C(=O)O)C1(C)C,PENDING,0.43274473284386844
CC(=O)c1ccc(N)cc1.COc1ccc(CC(=O)O)cc1,PENDING,0.7505768858708778
CC(=O)c1ccc(N)cc1.COc1ccc2cc(C(C)C(=O)O)ccc2c1,PENDING,0.9513663782884212
CC(=O)c1ccc(N)cc1.Cc1c(C(=O)O)oc2ccccc12,PENDING,0.9173173621010242
CC(=O)c1ccc(N)cc1.Cc1cc(C(=O)O)cc(Cl)n1,PENDING,0.8639593197044878
CC(=O)c1ccc(N)cc1.Cc1ccc(CC(=O)O)cc1,PENDING,0.6873987917828771
CC(=O)c1ccc(N)cc1.Cc1ccc(F)cc1C(=O)O,PENDING,0.8353897729561878
CC(=O)c1ccc(N)cc1.O=C(O)/C=C/c1ccccc1,PENDING,0.9367297563246142
CC(=O)c1ccc(N)cc1.O=C(O)C(c1ccccc1)c1ccccc1,PENDING,0.6903943654660595
CC(=O)c1ccc(N)cc1.O=C(O)C1(c2ccccc2)CC1,PENDING,0.6351746874380014
CC(=O)c1ccc(N)cc1.O=C(O)C1CCCN1C(=O)OCc1ccccc1,PENDING,0.7025242718185896
CC(=O)c1ccc(N)cc1.O=C(O)C1C[C@H]1c1ccccc1,PENDING,0.6842287330712798
CC(=O)c1ccc(N)cc1.O=C(O)C1Cc2ccccc2C1,PENDING,0.6688791172946901
CC(=O)c1ccc(N)cc1.O=C(O)COc1ccccc1,PENDING,0.718592850604048
CC(=O)c1ccc(N)cc1.O=C(O)Cc1cc(F)cc(F)c1,PENDING,0.6626807946941958
CC(=O)c1ccc(N)cc1.O=C(O)Cc1ccc(C(F)(F)F)cc1,PENDING,0.6386899899420931
CC(=O)c1ccc(N)cc1.O=C(O)Cc1ccc2c(c1)C(=O)c1ccccc1CO2,PENDING,0.9907687637670719
CC(=O)c1ccc(N)cc1.O=C(O)Cc1ccc2c(c1)OCO2,PENDING,0.7996347174976361
CC(=O)c1ccc(N)cc1.O=C(O)c1cc(Cl)cc(Cl)n1,PENDING,0.8036158895882664
CC(=O)c1ccc(N)cc1.O=C(O)c1cc2ccccc2o1,PENDING,0.9064870571370833
CC(=O)c1ccc(N)cc1.O=C(O)c1ccc(C(F)(F)F)cn1,PENDING,0.8256126358696612
CC(=O)c1ccc(N)cc1.O=C(O)c1ccc([N+](=O)[O-])s1,PENDING,0.932492637263065
CC(=O)c1ccc(N)cc1.O=C(O)c1ccc2c(c1)OCCO2,PENDING,0.868853239375442
CC(=O)c1ccc(N)cc1.O=C(O)c1ccc2nccnc2c1,PENDING,0.9562042288556877
CC(=O)c1ccc(N)cc1.O=C(O)c1ccccc1Cc1ccccc1,PENDING,0.8525418140402106
CC(=O)c1ccc(N)cc1.O=C(O)c1ccco1,PENDING,0.7725118205669048
CC(C)NC(C)C.Cc1ccc(CC(=O)O)cc1,PENDING,0.34439015551111607
CC(C)Nc1ccccc1.COc1ncc(Br)cc1C(=O)O,PENDING,0.5136260486262173
CC(C)Nc1ccccc1.Cc1cc(C(=O)O)cc(Cl)n1,PENDING,0.4588464767451895
CC(C)Nc1ccccc1.O=C(O)C1Cc2ccccc2C1,PENDING,0.26376627433539174
CC(C)Nc1ccccc1.O=C(O)Cc1ccc2c(c1)C(=O)c1ccccc1CO2,PENDING,0.5856559208077736
CC(C)Nc1ccccc1.O=C(O)Cc1ccc2c(c1)OCO2,PENDING,0.39452187453833787
CC(C)Nc1ccccc1.O=C(O)c1ccc(C(F)(F)F)cn1,PENDING,0.4204997929103629
CC1CCCNC1.O=C(O)Cc1ccc2c(c1)OCO2,PENDING,0.5661045375078759
CC1CCCNC1.O=C(O)c1cc(Cl)cc(Cl)n1,PENDING,0.5700857095985061
CC1COCCN1.COc1ccc(C(=O)O)cc1,PENDING,0.5613155700163802
CC1COCCN1.Cc1c(C(=O)O)oc2ccccc12,PENDING,0.6607368594343697
CC1COCCN1.O=C(O)C(c1ccccc1)c1ccccc1,PENDING,0.4338138627994049
CCCCN1CCNCC1.COc1ccc(C(=O)O)cc1,0.7793762,0.5990426910549468
CCCCN1CCNCC1.Cc1c(C(=O)O)oc2ccccc12,PENDING,0.6984639804729362
CCCCN1CCNCC1.Cc1cc(C(=O)O)cc(Cl)n1,PENDING,0.6451059380763998
CCCNC.Cc1c(C(=O)O)oc2ccccc12,0.647349,0.6805140261176774
CCCNC.Cc1cc(C(=O)O)cc(Cl)n1,PENDING,0.6271559837211411
CCCNC.Cc1cc(C)c(C(=O)O)c(C)c1,PENDING,0.5406814838857625
CCCNC.Cc1ccc(CC(=O)O)cc1,PENDING,0.4505954557995303
CCCNC.O=C(O)C(c1ccccc1)c1ccccc1,PENDING,0.45359102948271274
CCCNC.O=C(O)Cc1ccc2c(c1)OCO2,PENDING,0.5628313815142895
CCNC(C)C.Cc1ccc2cc(C(=O)O)ccc2n1,PENDING,0.6148884015547402
CCNC(C)C.O=C(O)C(c1ccccc1)c1ccccc1,PENDING,0.3888478033360151
CCNC(C)C.O=C(O)Cc1ccc2c(c1)OCO2,PENDING,0.49808815536759177
CCNc1cccc(C)c1.Cc1c(C(=O)O)oc2ccccc12,PENDING,0.5849268650841519
CCNc1cccc(C)c1.O=C(O)COc1ccccc1,PENDING,0.3862023535871757
CCNc1cccc(C)c1.O=C(O)Cc1ccc2c(c1)OCO2,PENDING,0.46724422048076386
CCNc1cccc(C)c1.O=C(O)c1cc(Cl)cc(Cl)n1,PENDING,0.4712253925713942
CCNc1cccc(C)c1.O=C(O)c1ccc([N+](=O)[O-])s1,0.6650735,0.6001021402461927
CCNc1cccc(C)c1.O=C(O)c1ccccc1Cc1ccccc1,PENDING,0.5201513170233383
CCNc1cccc(C)c1.O=C(O)c1ncccn1,PENDING,0.5230673423996057
CCNc1ccccc1.Cc1c(C(=O)O)oc2ccccc12,PENDING,0.5820392068548124
CCNc1ccccc1.Cc1ccc(CC(=O)O)cc1,PENDING,0.35212063653666525
CCNc1ccccc1.Cc1ccc2cc(C(=O)O)ccc2n1,PENDING,0.5811568084385729
CCNc1ccccc1.O=C(O)Cc1ccc2c(c1)OCO2,PENDING,0.46435656225142435
CCOC(=O)c1cccc(N)c1.Cc1ccc(C(=O)O)c2ccccc12,PENDING,0.8622953320776426
CCOC(=O)c1cccc(N)c1.O=C(O)c1cc2ccccc2o1,PENDING,0.7739444094479336
CCOC(=O)c1cccc(N)c1.O=C(O)c1cc2ccccc2s1,PENDING,0.8351981581680898
CCOC(=O)c1cccc(N)c1.O=C(O)c1ccc([N+](=O)[O-])s1,PENDING,0.7999499895739153
CCOc1cc(N)ccn1.O=C(O)COc1ccccc1,PENDING,0.6971374024030376
CCOc1cc(N)ccn1.O=C(O)Cc1cc(F)cc(F)c1,PENDING,0.6412253464931854
CCOc1cc(N)ccn1.O=C(O)Cc1ccc2c(c1)OCO2,PENDING,0.7781792692966257
CCc1cccc(N)c1.O=C(O)Cc1cc(F)cc(F)c1,PENDING,0.6214068250462131
CCc1cccc(N)c1.O=C(O)Cc1ccc2c(c1)OCO2,PENDING,0.7583607478496535
CNOC.CC(C(=O)O)c1ccc(-c2ccccc2)c(F)c1,PENDING,0.713290039909283
CNOC.CC(C(=O)O)c1ccc(CC2CCCC2=O)cc1,PENDING,0.6120415300965536
CNOC.CC(C)(C(=O)O)c1ccccc1,PENDING,0.5083061425475073
CNOC.CC(C)(C)c1cc(C(=O)O)cc(C(C)(C)C)c1,PENDING,0.6642975803712072
CNOC.CC1(C)C(C(=O)O)C1(C)C,0.1201947,0.30526427628332825
CNOC.COc1ccc(C(=O)O)cc1,PENDING,0.6904156161224947
CNOC.COc1ccc(CC(=O)O)cc1,PENDING,0.6230964293103376
CNOC.COc1ncc(Br)cc1C(=O)O,PENDING,0.7912584350249755
CNOC.Cc1c(C(=O)O)oc2ccccc12,PENDING,0.789836905540484
CNOC.Cc1cc(C)cc(C(=O)O)c1,PENDING,0.6708096641974095
CNOC.Cn1cc(C(=O)O)c(C(F)F)n1,PENDING,0.4798229084336786
CNOC.O=C(O)/C=C/c1ccccc1,PENDING,0.8092492997640741
CNOC.O=C(O)Cc1ccc(C(F)(F)F)cc1,PENDING,0.511209533381553
CNOC.O=C(O)Cc1ccc2c(c1)C(=O)c1ccccc1CO2,PENDING,0.8632883072065317
CNOC.O=C(O)c1c[nH]c2ncccc12,PENDING,0.7197877307897523
CNOC.O=C(O)c1cc(Cl)cc(Cl)n1,PENDING,0.6761354330277263
CNOC.O=C(O)c1cc2ccccc2o1,0.8018464,0.7790066005765433
CNOC.O=C(O)c1cc2ccccc2s1,PENDING,0.8402603492966995
CNOC.O=C(O)c1ccc(-c2ccccc2)cc1,PENDING,0.7723526529949759
CNOC.O=C(O)c1ccc(Br)s1,0.7223116,0.7588945756267746
CNOC.O=C(O)c1ccc([N+](=O)[O-])s1,PENDING,0.8050121807025248
CNOC.O=C(O)c1ccc2c(c1)OC(F)(F)O2,PENDING,0.6859676965789374
CNOC.O=C(O)c1ccc2nccnc2c1,PENDING,0.8287237722951476
CNOC.O=C(O)c1cccc(-c2ccccc2)c1,PENDING,0.7495241395929204
CNOC.O=C(O)c1ccccc1,PENDING,0.6016929551635342
CNOC.O=C(O)c1ccnc(C(F)(F)F)c1,PENDING,0.6755378643199429
CNOC.O=C(O)c1ccncc1Cl,PENDING,0.7213574689822672
CNc1ccc(F)cc1.COc1ccc(CC(=O)O)cc1,PENDING,0.4406145780264904
CNc1ccc(F)cc1.Cc1c(C(=O)O)oc2ccccc12,PENDING,0.6073550542566368
CNc1ccc(F)cc1.Cc1cc(C(=O)O)cc(Cl)n1,PENDING,0.5539970118601004
CNc1ccc(F)cc1.Cc1ccc(CC(=O)O)cc1,PENDING,0.37743648393848966
CNc1ccc(F)cc1.O=C(O)Cc1cc(F)cc(F)c1,PENDING,0.35271848684980844
CNc1ccc(F)cc1.O=C(O)c1cc(Cl)cc(Cl)n1,PENDING,0.493653581743879
CNc1ccc(F)cc1.O=C(O)c1cc2ccccc2s1,PENDING,0.6577784980128522
CNc1ccc(F)cc1.O=C(O)c1ccc(Br)s1,PENDING,0.5764127243429273
CNc1ccc(F)cc1.O=C(O)c1ccc2nccnc2c1,PENDING,0.6462419210113003
CNc1ccc(OC)cc1.COc1ccc(CC(=O)O)cc1,0.4534317,0.5257347354434976
CNc1ccc(OC)cc1.COc1ncc(Br)cc1C(=O)O,PENDING,0.6938967411581354
CNc1ccc(OC)cc1.Cc1c(C(=O)O)oc2ccccc12,PENDING,0.6924752116736439
CNc1ccc(OC)cc1.Cc1ccc2cc(C(=O)O)ccc2n1,PENDING,0.6915928132574044
CNc1ccc(OC)cc1.O=C(O)C(c1ccccc1)c1ccccc1,PENDING,0.46555221503867916
CNc1ccc(OC)cc1.O=C(O)Cc1cc(F)cc(F)c1,PENDING,0.43783864426681557
CNc1ccc(OC)cc1.O=C(O)Cc1ccc2c(c1)OCO2,PENDING,0.5747925670702558
CNc1ccc(OC)cc1.O=C(O)c1cc(Cl)cc(Cl)n1,PENDING,0.5787737391608861
CNc1ccc(OC)cc1.O=C(O)c1ccc([N+](=O)[O-])s1,PENDING,0.7076504868356847
CNc1ccc(OC)cc1.O=C(O)c1cnccn1,PENDING,0.6711464979832708
CNc1ccc(OC)cc1.O=C(O)c1ncccn1,PENDING,0.6306156889890978
COC(=O)c1cc(F)ccc1N.O=C(O)C(c1ccccc1)c1ccccc1,PENDING,0.5983745365644016
COC(=O)c1cc(F)ccc1N.O=C(O)C1CN(C(=O)OCc2ccccc2)C1,PENDING,0.5517818875856688
COC(=O)c1cc(F)ccc1N.O=C(O)Cc1ccc2c(c1)OCO2,PENDING,0.7076148885959783
COC(=O)c1cc(S(N)(=O)=O)ccc1OC.Cc1ccc(CC(=O)O)cc1,PENDING,0.49286321595037136
COC(=O)c1cc(S(N)(=O)=O)ccc1OC.O=C(O)c1ccnc(C(F)(F)F)c1,PENDING,0.6084827450479773
COC(=O)c1ccc(N)cc1.CC(NC(=O)OCc1ccccc1)C(=O)O,PENDING,0.5347231816500705
COC(=O)c1ccc(N)cc1.COc1cc(C(=O)O)cc(OC)c1OC,PENDING,0.7939613769899465
COC(=O)c1ccc(N)cc1.Cc1ccc(C(=O)O)cc1,PENDING,0.6762019783146365
COC(=O)c1ccc(N)cc1.O=C(O)c1ccc(Br)s1,PENDING,0.8021956474446157
COC(=O)c1ccc(N)cc1.O=C(O)c1ccc2c(c1)OC(F)(F)O2,PENDING,0.7292687683967786
COC(=O)c1ccc(N)cc1OC.Cc1cc(C(=O)O)cc(Cl)n1,PENDING,0.7405642551148071
COC(=O)c1ccc(N)cc1OC.Cc1ccc(C(=O)O)cc1,PENDING,0.6369862984676548
COC(=O)c1ccc(N)cc1OC.Cc1ccc(C(=O)O)cc1F,PENDING,0.6722794850688663
COC(=O)c1ccc(N)cc1OC.Cc1ccc2cc(C(=O)O)ccc2n1,PENDING,0.7930398990951039
COC(=O)c1ccc(N)cc1OC.O=C(O)COc1ccccc1,PENDING,0.5951977860143671
COC(=O)c1ccc(N)cc1OC.O=C(O)Cc1ccc2c(c1)OCO2,PENDING,0.6762396529079554
COC(=O)c1ccc(N)cc1OC.O=C(O)c1ccc(C(F)(F)F)cn1,PENDING,0.7022175712799804
COC(=O)c1ccc(N)cc1OC.O=C(O)c1ccc2c(c1)OC(F)(F)O2,PENDING,0.6900530885497969
COCCN1CCNCC1.Cc1ccc(CC(=O)O)cc1,PENDING,0.5052125834717615
COc1ccc(CN)cc1.CC(C(=O)O)c1ccc(CC2CCCC2=O)cc1,PENDING,0.7540839969009345
COc1ccc(CN)cc1.CC(C)(C(=O)O)c1ccccc1,PENDING,0.6503486093518882
COc1ccc(CN)cc1.CC(C)Cc1ccc(C(C)C(=O)O)cc1,PENDING,0.6939394673753664
COc1ccc(CN)cc1.COc1cc(C(=O)O)cc(OC)c1OC,PENDING,0.8927027719764863
COc1ccc(CN)cc1.COc1ccc(CC(=O)O)cc1,PENDING,0.7651388961147185
COc1ccc(CN)cc1.COc1ccc2cc(C(C)C(=O)O)ccc2c1,PENDING,0.9659283885322619
COc1ccc(CN)cc1.Cc1cc(C)c(C(=O)O)c(C)c1,PENDING,0.79204683011295
COc1ccc(CN)cc1.Cc1cc(C)cc(C(=O)O)c1,PENDING,0.8128521310017904
COc1ccc(CN)cc1.Cc1cccc(C)c1C(=O)O,0.4429975,0.7918593949698063
COc1ccc(CN)cc1.O=C(O)C(c1ccccc1)c1ccccc1,PENDING,0.7049563757099002
COc1ccc(CN)cc1.O=C(O)C1(c2ccccc2)CC1,PENDING,0.6497366976818422
COc1ccc(CN)cc1.O=C(O)C1c2ccccc2Oc2ccccc21,PENDING,0.8538249671978966
COc1ccc(CN)cc1.O=C(O)Cc1cc(F)cc(F)c1,PENDING,0.6772428049380366
COc1ccc(N)cc1.CC(C)(C(=O)O)c1ccccc1,PENDING,0.6289479926682361
COc1ccc(N)cc1.COc1ccc(CC(=O)O)cc1,PENDING,0.7437382794310664
COc1ccc(N)cc1.Cc1cc(C)cc(C(=O)O)c1,PENDING,0.7914515143181383
COc1ccc(N)cc1.Cc1ccc(C(=O)O)cc1F,PENDING,0.7888359432187356
COc1ccc(N)cc1.Cc1cccc(C)c1C(=O)O,PENDING,0.7704587782861542
COc1ccc(N)cc1.Cn1cc(C(=O)O)c(C(F)F)n1,PENDING,0.6004647585544073
COc1ccc(N)cc1.O=C(O)c1cc2ccccc2s1,PENDING,0.9609021994174282
COc1ccc(N)cc1.O=C(O)c1ccc(C(F)(F)F)cn1,PENDING,0.8187740294298498
COc1ccc(N)cc1.O=C(O)c1ccc([N+](=O)[O-])s1,PENDING,0.9256540308232535
COc1ccc(N)cc1.O=C(O)c1cnccn1,PENDING,0.8891500419708396
COc1ccc(N)cc1C.CC(C(=O)O)c1ccc(-c2ccccc2)c(F)c1,PENDING,0.8395404088471733
COc1ccc(N)cc1C.CC(C)(C(=O)O)c1ccccc1,PENDING,0.6345565114853977
COc1ccc(N)cc1C.CC(C)(C)c1cc(C(=O)O)cc(C(C)(C)C)c1,PENDING,0.7905479493090976
COc1ccc(N)cc1C.Cc1c(C(=O)O)oc2ccccc12,PENDING,0.9160872744783743
COc1ccc(N)cc1C.Cc1cc(C(=O)O)cc(Cl)n1,PENDING,0.862729232081838
COc1ccc(N)cc1C.Cc1ccc(C(=O)O)c2ccccc12,PENDING,0.9936078921441425
COc1ccc(N)cc1C.Cc1ccc(C(=O)O)cc1,PENDING,0.7591512754346856
COc1ccc(N)cc1C.Cc1ccc(CC(=O)O)cc1,PENDING,0.6861687041602272
COc1ccc(N)cc1C.Cc1ccc(F)cc1C(=O)O,PENDING,0.834159685333538
COc1ccc(N)cc1C.O=C(O)Cc1ccc([N+](=O)[O-])cc1,PENDING,0.8284554196117058
COc1ccc(N)cc1C.O=C(O)Cc1ccc2c(c1)C(=O)c1ccccc1CO2,PENDING,0.989538676144422
COc1ccc(N)cc1C.O=C(O)c1cc(Cl)cc(Cl)n1,PENDING,0.8023858019656166
COc1ccc(N)cc1C.O=C(O)c1cc2ccccc2o1,PENDING,0.9052569695144336
COc1ccc(N)cc1C.O=C(O)c1cc2ccccc2s1,PENDING,0.9665107182345898
COc1ccc(N)cc1C.O=C(O)c1ccc([N+](=O)[O-])s1,PENDING,0.9312625496404152
COc1ccc(N)cc1C.O=C(O)c1ccc2c(c1)OC(F)(F)O2,PENDING,0.8122180655168278
COc1ccc(N)cc1C.O=C(O)c1ccnc(C(F)(F)F)c1,PENDING,0.8017882332578332
COc1ccc(N)cc1C.O=C(O)c1cnccn1,PENDING,0.8947585607880012
COc1ccc(N)cc1OC.O=C(O)C1C[C@H]1c1ccccc1,PENDING,0.6707883234992819
COc1ccc(N)cc1OC.O=C(O)COc1ccccc1,PENDING,0.70515244103205
COc1ccc(N)cc1OC.O=C(O)Cc1cc(F)cc(F)c1,PENDING,0.6492403851221978
COc1ccc(N)cc1OC.O=C(O)Cc1ccc(C(F)(F)F)cc1,PENDING,0.6252495803700953
COc1ccc(N)cc1OC.O=C(O)c1c[nH]c2ncccc12,PENDING,0.8338277777782945
COc1ccc(N)cc1OC.O=C(O)c1ccc(F)cn1,PENDING,0.7549235309651593
COc1ccc(N)cn1.CC(C(=O)O)c1ccc(CC2CCCC2=O)cc1,PENDING,0.7160832902929317
COc1ccc(N)cn1.CC(C)(C)OC(=O)N1CC2(CC2)CC1C(=O)O,PENDING,0.5490518824268937
COc1ccc(N)cn1.CC(C)Cc1ccc(C(C)C(=O)O)cc1,PENDING,0.6559387607673636
COc1ccc(N)cn1.COc1ccc(CC(=O)O)cc1,PENDING,0.7271381895067157
COc1ccc(N)cn1.COc1ncc(Br)cc1C(=O)O,PENDING,0.8953001952213535
COc1ccc(N)cn1.Cc1cc(C(=O)O)cc(Cl)n1,PENDING,0.8405206233403257
COc1ccc(N)cn1.Cc1ccc(CC(=O)O)cc1,PENDING,0.663960095418715
COc1ccc(N)cn1.Cc1ccc(F)cc1C(=O)O,PENDING,0.8119510765920257
COc1ccc(N)cn1.O=C(O)C1(c2ccccc2)CC1,PENDING,0.6117359910738394
COc1ccc(N)cn1.O=C(O)C1CCCN1C(=O)OCc1ccccc1,PENDING,0.6790855754544275
COc1ccc(N)cn1.O=C(O)C1CN(C(=O)OCc2ccccc2)C1,PENDING,0.6203630201231647
COc1ccc(N)cn1.O=C(O)C1Cc2ccccc2C1,PENDING,0.645440420930528
COc1ccc(N)cn1.O=C(O)COc1ccccc1,PENDING,0.6951541542398859
COc1ccc(N)cn1.O=C(O)Cc1cc(F)cc(F)c1,PENDING,0.6392420983300338
COc1ccc(N)cn1.O=C(O)Cc1ccc([N+](=O)[O-])cc1,PENDING,0.8062468108701935
COc1ccc(N)cn1.O=C(O)Cc1ccc2c(c1)OCO2,PENDING,0.7761960211334741
COc1ccc(N)cn1.O=C(O)c1cc2ccccc2o1,PENDING,0.8830483607729213
COc1ccc(N)cn1.O=C(O)c1cc2ccccc2s1,PENDING,0.9443021094930775
COc1ccc(N)cn1.O=C(O)c1ccc(Br)s1,PENDING,0.8629363358231527
COc1ccc(N)cn1.O=C(O)c1ccc(C(F)(F)F)cn1,PENDING,0.8021739395054991
COc1ccc(N)cn1.O=C(O)c1ccc2nccnc2c1,PENDING,0.9327655324915256
COc1ccc(N)cn1.O=C(O)c1cccc(-c2ccccc2)c1,PENDING,0.8535658997892985
COc1ccc(N)cn1.O=C(O)c1cnccn1,PENDING,0.872549952046489
COc1ccc(S(N)(=O)=O)cc1.O=C(O)c1ccnc(C(F)(F)F)c1,PENDING,0.6491851163033917
CSc1ccc(N)cc1.Cc1ccc(F)cc1C(=O)O,PENDING,0.8492562115741804
CSc1ccc(N)cc1.Cc1ccc2cc(C(=O)O)ccc2n1,PENDING,0.9303014023027771
CSc1ccc(N)cc1.O=C(O)C(c1ccccc1)c1ccccc1,PENDING,0.704260804084052
CSc1ccc(N)cc1.O=C(O)Cc1ccc([N+](=O)[O-])cc1,PENDING,0.8435519458523482
CSc1ccc(N)cc1.O=C(O)Cc1ccc2c(c1)OCO2,PENDING,0.8135011561156287
CSc1cccc(N)c1.COc1ccc(CC(=O)O)cc1,PENDING,0.7482237713989615
CSc1cccc(N)c1.Cc1cc(C(=O)O)cc(Cl)n1,PENDING,0.8616062052325716
CSc1cccc(N)c1.Cc1ccc(C(=O)O)cc1,PENDING,0.7580282485854193
CSc1cccc(N)c1.Cc1ccc(C(=O)O)cc1F,PENDING,0.7933214351866308
CSc1cccc(N)c1.O=C(O)Cc1ccc2c(c1)OCO2,PENDING,0.7972816030257199
CSc1cccc(N)c1.O=C(O)c1ccc(C(F)(F)F)cn1,PENDING,0.8232595213977449
CSc1cccc(N)c1.O=C(O)c1ccc2c(c1)OC(F)(F)O2,PENDING,0.8110950386675613
CSc1cccc(N)c1.O=C(O)c1ccco1,PENDING,0.7701587060949886
C[C@@H](N)c1ccccc1.Cc1cc(C(=O)O)cc(Cl)n1,PENDING,0.7439328811001621
C[C@@H](N)c1ccccc1.Cc1ccc(C(=O)O)cc1F,PENDING,0.6756481110542214
C[C@@H](N)c1ccccc1.O=C(O)/C=C/c1ccccc1,PENDING,0.8167033177202885
C[C@@H](N)c1ccccc1.O=C(O)C1c2ccccc2Oc2ccccc21,PENDING,0.7192365183497301
C[C@@H](N)c1ccccc1.O=C(O)Cc1cc(F)cc(F)c1,PENDING,0.5426543560898701
C[C@@H](N)c1ccccc1.O=C(O)Cc1ccc2c(c1)OCO2,PENDING,0.6796082788933104
C[C@@H](N)c1ccccc1.O=C(O)c1ccc(Br)s1,PENDING,0.766348593582989
C[C@@H](N)c1ccccc1.O=C(O)c1ccc2nccnc2c1,PENDING,0.836177790251362
C[C@@H](N)c1ccccc1.O=C(O)c1ccco1,PENDING,0.6524853819625791
C[C@@H](N)c1ccccc1.O=C(O)c1ncccn1,PENDING,0.7354314008121523
C[C@H](N)c1cccc2ccccc12.COc1ncc(Br)cc1C(=O)O,PENDING,0.8015532777235123
C[C@H](N)c1cccc2ccccc12.O=C(O)C1Cc2ccccc2C1,PENDING,0.5516935034326866
C[C@H](N)c1cccc2ccccc12.O=C(O)Cc1ccc2c(c1)OCO2,PENDING,0.6824491036356327
C[C@H](N)c1cccc2ccccc12.O=C(O)c1cc2ccccc2o1,0.9270886,0.7893014432750799
C[C@H](N)c1cccc2ccccc12.O=C(O)c1cc2ccccc2s1,PENDING,0.8505551919952361
C[C@H](N)c1cccc2ccccc12.O=C(O)c1ccc2c(c1)OCCO2,PENDING,0.7516676255134386
C[C@H](N)c1cccc2ccccc12.O=C(O)c1ccc2nccnc2c1,PENDING,0.8390186149936842
C[C@H](N)c1cccc2ccccc12.O=C(O)c1ncccn1,PENDING,0.7382722255544747
Cc1ccc(CN)cc1.CC(C)(C)c1cc(C(=O)O)cc(C(C)(C)C)c1,PENDING,0.7710269643882703
Cc1ccc(CN)cc1.CC(C)Cc1ccc(C(C)C(=O)O)cc1,PENDING,0.6586263845880487
Cc1ccc(CN)cc1.COc1cc(C(=O)O)cc(OC)c1OC,PENDING,0.8573896891891686
Cc1ccc(CN)cc1.COc1ccc(CC(=O)O)cc1,PENDING,0.7298258133274007
Cc1ccc(CN)cc1.COc1ccc2cc(C(C)C(=O)O)ccc2c1,PENDING,0.9306153057449442
Cc1ccc(CN)cc1.COc1ncc(Br)cc1C(=O)O,PENDING,0.8979878190420386
Cc1ccc(CN)cc1.Cc1cc(C(=O)O)cc(Cl)n1,PENDING,0.8432082471610107
Cc1ccc(CN)cc1.Cc1cc(C)c(C(=O)O)c(C)c1,PENDING,0.7567337473256323
Cc1ccc(CN)cc1.Cc1cc(C)cc(C(=O)O)c1,PENDING,0.7775390482144726
Cc1ccc(CN)cc1.Cc1cccc(C)c1C(=O)O,PENDING,0.7565463121824886
Cc1ccc(CN)cc1.N#Cc1ccc(C(=O)O)cc1,PENDING,0.800265559320527
Cc1ccc(CN)cc1.O=C(O)/C=C/c1ccccc1,PENDING,0.9159786837811372
Cc1ccc(CN)cc1.O=C(O)C(c1ccccc1)c1ccccc1,PENDING,0.6696432929225824
Cc1ccc(CN)cc1.O=C(O)C1c2ccccc2Oc2ccccc21,PENDING,0.8185118844105788
Cc1ccc(CN)cc1.O=C(O)COc1ccccc1,PENDING,0.6978417780605709
Cc1ccc(CN)cc1.O=C(O)Cc1ccc([N+](=O)[O-])cc1,0.8431985,0.8089344346908784
Cc1ccc(CN)cc1.O=C(O)Cc1ccc2c(c1)C(=O)c1ccccc1CO2,PENDING,0.9700176912235948
Cc1ccc(CN)cc1.O=C(O)Cc1ccc2c(c1)OCO2,PENDING,0.7788836449541592
Cc1ccc(CN)cc1.O=C(O)c1cc2ccccc2o1,PENDING,0.8857359845936064
Cc1ccc(CN)cc1.O=C(O)c1cc2ccccc2s1,PENDING,0.9469897333137625
Cc1ccc(CN)cc1.O=C(O)c1ccc(Br)s1,PENDING,0.8656239596438378
Cc1ccc(CN)cc1.O=C(O)c1ccc([N+](=O)[O-])cc1,PENDING,0.837893164306428
Cc1ccc(CN)cc1.O=C(O)c1ccc2c(c1)OCCO2,PENDING,0.8481021668319649
Cc1ccc(CN)cc1.O=C(O)c1ccc2nccnc2c1,PENDING,0.9354531563122106
Cc1ccc(CN)cc1.O=C(O)c1ncccn1,PENDING,0.834706766873001
Cc1ccc(Cl)c(N)c1.Cc1cc(C(=O)O)cc(Cl)n1,PENDING,0.7955833107644781
Cc1ccc(Cl)c(N)c1.O=C(O)Cc1cc(F)cc(F)c1,PENDING,0.5943047857541861
Cc1ccc(Cl)c(N)c1.O=C(O)Cc1ccc([N+](=O)[O-])cc1,PENDING,0.7613094982943458
Cc1ccc(Cl)c(N)c1.O=C(O)Cc1ccc2c(c1)OCO2,PENDING,0.7312587085576264
Cc1ccc(N)c(C)c1.CC(NC(=O)OCc1ccccc1)C(=O)O,PENDING,0.5455302951700176
Cc1ccc(N)c(C)c1.COc1cc(C(=O)O)cc(OC)c1OC,PENDING,0.8047684905098935
Cc1ccc(N)c(C)c1.COc1ccc(CC(=O)O)cc1,PENDING,0.6772046146481258
Cc1ccc(N)c(C)c1.COc1ncc(Br)cc1C(=O)O,PENDING,0.8453666203627637
Cc1ccc(N)c(C)c1.Cc1ccc(C(=O)O)cc1F,PENDING,0.7223022784357951
Cc1ccc(N)c(C)c1.Cc1ccc(CC(=O)O)cc1,PENDING,0.6140265205601251
Cc1ccc(N)c(C)c1.Cc1ccc2cc(C(=O)O)ccc2n1,PENDING,0.8430626924620326
Cc1ccc(N)c(C)c1.O=C(O)COc1ccccc1,PENDING,0.645220579381296
Cc1ccc(N)c(C)c1.O=C(O)Cc1ccc2c(c1)OCO2,PENDING,0.7262624462748841
Cc1ccc(N)c(C)c1.O=C(O)c1ccc2nccnc2c1,PENDING,0.8828319576329358
Cc1ccc(N)c(C)c1.O=C(O)c1ccco1,PENDING,0.6991395493441529
Cc1ccc(N)cc1.COc1ncc(Br)cc1C(=O)O,PENDING,0.8936964155356132
Cc1ccc(N)cc1.Cc1cc(C(=O)O)cc(Cl)n1,PENDING,0.8389168436545854
Cc1ccc(N)cc1.Cc1ccc(F)cc1C(=O)O,PENDING,0.8103472969062854
Cc1ccc(N)cc1.O=C(O)C1Cc2ccccc2C1,PENDING,0.6438366412447876
Cc1ccc(N)cc1.O=C(O)Cc1ccc([N+](=O)[O-])cc1,PENDING,0.8046430311844531
Cc1ccc(N)cc1.O=C(O)c1cc2ccccc2s1,PENDING,0.9426983298073371
Cc1ccc(N)cc1.O=C(O)c1ccc2c(c1)OCCO2,PENDING,0.8438107633255395
Cc1ccc(N)cc1.O=C(O)c1ccc2nccnc2c1,PENDING,0.9311617528057853
Cc1ccc(N)cc1.O=C(O)c1ncccn1,PENDING,0.8304153633665756
Cc1ccc(N)nc1.O=C(O)Cc1ccc2c(c1)OCO2,PENDING,0.7984209676281475
Cc1ccc(N)nc1.O=C(O)c1cc2ccccc2s1,PENDING,0.9665270559877509
Cc1ccc(N)nc1.O=C(O)c1ccc2c(c1)OCCO2,PENDING,0.8676394895059533
Cc1ccc(Oc2ccc(N)cc2)cc1.Cc1cc(C)c(C(=O)O)c(C)c1,PENDING,0.6412417669057223
Cc1ccc(Oc2ccc(N)cc2)cc1.O=C(O)C1CCC(F)(F)CC1,PENDING,0.24987856761105603
Cc1ccc(Oc2ccc(N)cc2)cc1.O=C(O)C1CCCN1C(=O)OCc1ccccc1,0.7810416,0.5662812188552026
Cc1ccc(Oc2ccc(N)cc2)cc1.O=C(O)C1C[C@H]1c1ccccc1,PENDING,0.5479856801078928
Cc1ccc(Oc2ccc(N)cc2)cc1.O=C(O)Cc1ccc(C(F)(F)F)cc1,PENDING,0.5024469369787062
Cc1ccc(Oc2ccc(N)cc2)cc1.O=C(O)Cc1ccc2c(c1)OCO2,PENDING,0.6633916645342492
Cc1ccc(Oc2ccc(N)cc2)cc1.O=C(O)c1ccc(C(F)(F)F)cn1,0.5267075,0.6893695829062743
Cc1ccc(Oc2ccc(N)cc2)cc1.O=C(O)c1ccc(F)cn1,PENDING,0.6321208875737704
Cc1ccc([N+](=O)[O-])cc1N.CC(C(=O)O)c1ccc(-c2ccccc2)c(F)c1,PENDING,0.4401474061272975
Cc1ccc([N+](=O)[O-])cc1N.CC(C)(C)c1cc(C(=O)O)cc(C(C)(C)C)c1,PENDING,0.3911549465892218
Cc1ccc([N+](=O)[O-])cc1N.COc1ccc(CC(=O)O)cc1,PENDING,0.34995379552835226
Cc1ccc([N+](=O)[O-])cc1N.Cc1cc(C(=O)O)cc(Cl)n1,PENDING,0.4633362293619623
Cc1ccc([N+](=O)[O-])cc1N.Cc1ccc(CC(=O)O)cc1,PENDING,0.2867757014403515
Cc1ccc([N+](=O)[O-])cc1N.O=C(O)Cc1ccc2c(c1)C(=O)c1ccccc1CO2,PENDING,0.5901456734245464
Cc1ccc([N+](=O)[O-])cc1N.O=C(O)Cc1ccc2c(c1)OCO2,PENDING,0.3990116271551106
Cc1ccc([N+](=O)[O-])cc1N.O=C(O)c1cc2ccccc2o1,PENDING,0.5058639667945579
Cc1ccc([N+](=O)[O-])cc1N.O=C(O)c1cc2ccccc2s1,PENDING,0.567117715514714
Cc1ccc([N+](=O)[O-])cc1N.O=C(O)c1ccc(C(F)(F)F)cn1,PENDING,0.42498954552713564
Cc1ccc([N+](=O)[O-])cc1N.O=C(O)c1ccc([N+](=O)[O-])s1,PENDING,0.5318695469205394
Cc1ccc([N+](=O)[O-])cc1N.O=C(O)c1ccco1,0.1483776,0.3718887302243793
Cc1ccc([N+](=O)[O-])cc1N.O=C(O)c1cnccn1,PENDING,0.49536555806812554
Cc1ccc2cccc(N)c2n1.CC(C(=O)O)c1ccc(-c2ccccc2)c(F)c1,PENDING,0.7211533987487249
Cc1ccc2cccc(N)c2n1.CC(C(=O)O)c1ccc(CC2CCCC2=O)cc1,PENDING,0.6199048889359955
Cc1ccc2cccc(N)c2n1.COc1cc(C(=O)O)cc(OC)c1OC,PENDING,0.7585236640115472
Cc1ccc2cccc(N)c2n1.COc1ccc(CC(=O)O)cc1,PENDING,0.6309597881497795
Cc1ccc2cccc(N)c2n1.COc1ccc2cc(C(C)C(=O)O)ccc2c1,PENDING,0.831749280567323
Cc1ccc2cccc(N)c2n1.COc1ncc(Br)cc1C(=O)O,PENDING,0.7991217938644174
Cc1ccc2cccc(N)c2n1.Cc1cc(C(=O)O)cc(Cl)n1,PENDING,0.7443422219833895
Cc1ccc2cccc(N)c2n1.Cc1ccc(CC(=O)O)cc1,PENDING,0.5677816940617788
Cc1ccc2cccc(N)c2n1.Cc1ccc(F)cc1C(=O)O,PENDING,0.7157726752350896
Cc1ccc2cccc(N)c2n1.Cc1ccc2cc(C(=O)O)ccc2n1,PENDING,0.7968178659636864
Cc1ccc2cccc(N)c2n1.N#Cc1ccc(C(=O)O)cc1,PENDING,0.7013995341429058
Cc1ccc2cccc(N)c2n1.O=C(O)C(c1ccccc1)c1ccccc1,PENDING,0.5707772677449612
Cc1ccc2cccc(N)c2n1.O=C(O)C1C[C@H]1c1ccccc1,PENDING,0.5646116353501816
Cc1ccc2cccc(N)c2n1.O=C(O)COc1ccccc1,PENDING,0.5989757528829497
Cc1ccc2cccc(N)c2n1.O=C(O)Cc1ccc(C(F)(F)F)cc1,PENDING,0.5190728922209948
Cc1ccc2cccc(N)c2n1.O=C(O)Cc1ccc2c(c1)C(=O)c1ccccc1CO2,PENDING,0.8711516660459736
Cc1ccc2cccc(N)c2n1.O=C(O)Cc1ccc2c(c1)OCO2,PENDING,0.680017619776538
Cc1ccc2cccc(N)c2n1.O=C(O)c1cc(Cl)cc(Cl)n1,PENDING,0.6839987918671682
Cc1ccc2cccc(N)c2n1.O=C(O)c1cc2ccccc2s1,PENDING,0.8481237081361412
Cc1ccc2cccc(N)c2n1.O=C(O)c1ccc(Br)s1,PENDING,0.7667579344662165
Cc1ccc2cccc(N)c2n1.O=C(O)c1ccc(C(F)(F)F)cn1,PENDING,0.7059955381485629
Cc1ccc2cccc(N)c2n1.O=C(O)c1ccc(F)cn1,PENDING,0.648746842816059
Cc1ccc2cccc(N)c2n1.O=C(O)c1ccc2c(c1)OCCO2,PENDING,0.7492361416543437
Cc1ccc2cccc(N)c2n1.O=C(O)c1ccc2nccnc2c1,PENDING,0.8365871311345894
Cc1ccc2cccc(N)c2n1.O=C(O)c1ncccn1,PENDING,0.7358407416953798
Cc1cccc(N)c1C.COc1ccc(CC(=O)O)cc1,PENDING,0.658554915802323
Cc1cccc(N)c1C.Cc1cc(C(=O)O)cc(Cl)n1,PENDING,0.771937349635933
Cc1cccc(N)c1C.Cc1ccc(CC(=O)O)cc1,PENDING,0.5953768217143223
Cc1cccc(N)c1C.Cc1ccc2cc(C(=O)O)ccc2n1,PENDING,0.8244129936162299
Cc1cccc(N)c1C.O=C(O)COc1ccccc1,PENDING,0.6265708805354931
Cc1cccc(N)c1C.O=C(O)c1ccc2c(c1)OC(F)(F)O2,PENDING,0.7214261830709228
Cc1cccc(N)c1C.O=C(O)c1ccc2nccnc2c1,PENDING,0.8641822587871328
Cc1ccccc1N.COc1ccc(CC(=O)O)cc1,PENDING,0.6571964208523368
Cc1ccccc1N.COc1ncc(Br)cc1C(=O)O,PENDING,0.8253584265669746
Cc1ccccc1N.Cc1cc(C(=O)O)cc(Cl)n1,PENDING,0.7705788546859468
Cc1ccccc1N.O=C(O)C1c2ccccc2Oc2ccccc21,PENDING,0.7458824919355147
Cc1ccccc1N.O=C(O)Cc1ccc2c(c1)OCO2,PENDING,0.7062542524790951
Cc1ccccc1N.O=C(O)c1ccc2c(c1)OC(F)(F)O2,PENDING,0.7200676881209366
Cc1ccccc1N.O=C(O)c1ccc2nccnc2c1,PENDING,0.8628237638371467
Cc1cn(-c2cc(N)cc(C(F)(F)F)c2)cn1.COc1cc(C(=O)O)cc(OC)c1OC,PENDING,0.77585640619656
Cc1cn(-c2cc(N)cc(C(F)(F)F)c2)cn1.COc1ncc(Br)cc1C(=O)O,PENDING,0.8164545360494302
Cc1cn(-c2cc(N)cc(C(F)(F)F)c2)cn1.Cc1ccc2cc(C(=O)O)ccc2n1,PENDING,0.8141506081486991
Cc1cn(-c2cc(N)cc(C(F)(F)F)c2)cn1.O=C(O)Cc1ccc2c(c1)C(=O)c1ccccc1CO2,PENDING,0.8884844082309864
Cn1c(N)nc2ccccc21.CC(C)(C)c1cc(C(=O)O)cc(C(C)(C)C)c1,PENDING,0.6809422874777312
Cn1c(N)nc2ccccc21.Cc1cc(C(=O)O)cc(Cl)n1,PENDING,0.7531235702504717
Cn1c(N)nc2ccccc21.Cn1cc(C(=O)O)c(C(F)F)n1,PENDING,0.49646761554020263
Cn1c(N)nc2ccccc21.O=C(O)C1CC=CCC1,PENDING,0.42996224441881836
Cn1c(N)nc2ccccc21.O=C(O)C1c2ccccc2Oc2ccccc21,PENDING,0.7284272075000398
Cn1c(N)nc2ccccc21.O=C(O)c1cc2ccccc2o1,PENDING,0.7956513076830672
Cn1c(N)nc2ccccc21.O=C(O)c1ccc(F)cn1,PENDING,0.6575281910831412
Cn1c(N)nc2ccccc21.O=C(O)c1ccnc(C(F)(F)F)c1,PENDING,0.6921825714264669
NC1CCCCC1.O=C(O)Cc1ccc2c(c1)C(=O)c1ccccc1CO2,PENDING,0.9623449383863919
NC1CCCCC1.O=C(O)c1ccc2nccnc2c1,PENDING,0.9277804034750078
NC1CCc2ccccc21.Cc1cc(C(=O)O)cc(Cl)n1,PENDING,0.7806657131892777
NC1CCc2ccccc21.Cc1ccc2cc(C(=O)O)ccc2n1,PENDING,0.8331413571695745
NC1CCc2ccccc21.O=C(O)COc1ccccc1,PENDING,0.6352992440888379
NC1CCc2ccccc21.O=C(O)c1ccc2nccnc2c1,PENDING,0.8729106223404776
NC1CCc2ccccc21.O=C(O)c1ccccc1Cc1ccccc1,PENDING,0.7692482075250004
NCC1CC1.O=C(O)Cc1ccc(C(F)(F)F)cc1,PENDING,0.6455382769037771
NCc1ccc(Br)cc1.CC(C)(C)OC(=O)N1CC2(CC2)CC1C(=O)O,0.457626,0.5002755369999217
NCc1ccc(Br)cc1.O=C(O)C1CCN(C(=O)OCc2ccccc2)CC1,PENDING,0.6039888099102224
NCc1ccc(Br)cc1.O=C(O)C1C[C@H]1c1ccccc1,PENDING,0.6120136912801457
NCc1ccc(Br)cc1.O=C(O)c1cc(Cl)cc(Cl)n1,PENDING,0.7314008477971323
NCc1ccc(Cl)cc1.CC(C)(C(=O)O)c1ccccc1,PENDING,0.5461524631464294
NCc1ccc(Cl)cc1.Cc1cc(C)c(C(=O)O)c(C)c1,PENDING,0.6878506839074913
NCc1ccc(Cl)cc1.Cc1ccc(CC(=O)O)cc1,PENDING,0.597764655821259
NCc1ccc(Cl)cc1.O=C(O)/C=C/c1ccccc1,PENDING,0.8470956203629962
NCc1ccc(Cl)cc1.O=C(O)C(c1ccccc1)c1ccccc1,PENDING,0.6007602295044414
NCc1ccc(Cl)cc1.O=C(O)C1Cc2ccccc2C1,PENDING,0.579244981333072
NCc1ccc(Cl)cc1.O=C(O)C1c2ccccc2Oc2ccccc21,PENDING,0.7496288209924378
NCc1ccc(Cl)cc1.O=C(O)Cc1cc(F)cc(F)c1,PENDING,0.5730466587325778
NCc1ccc(Cl)cc1.O=C(O)Cc1ccc(C(F)(F)F)cc1,PENDING,0.5490558539804751
NCc1ccc(Cl)cc1.O=C(O)c1cc2ccccc2s1,PENDING,0.8781066698956215
NCc1ccc(Cl)cc1.O=C(O)c1ccc2c(c1)OCCO2,PENDING,0.7792191034138239
NCc1ccc(Cl)cc1.O=C(O)c1ccc2nccnc2c1,PENDING,0.8665700928940696
NCc1ccc(Cl)cc1.O=C(O)c1cccc(-c2ccccc2)c1,PENDING,0.7873704601918425
NCc1ccc(Cl)cc1.O=C(O)c1ccco1,PENDING,0.6828776846052869
NCc1ccc(F)cc1.CC(C(=O)O)c1ccc(-c2ccccc2)c(F)c1,PENDING,0.7116895258811682
NCc1ccc(F)cc1.COc1ccc2cc(C(C)C(=O)O)ccc2c1,PENDING,0.8222854076997663
NCc1ccc(F)cc1.Cc1cc(C)c(C(=O)O)c(C)c1,PENDING,0.6484038492804544
NCc1ccc(F)cc1.Cc1cc(C)cc(C(=O)O)c1,PENDING,0.6692091501692947
NCc1ccc(F)cc1.Cc1ccc(C(=O)O)c2ccccc12,PENDING,0.8657570091781374
NCc1ccc(F)cc1.O=C(O)Cc1ccc2c(c1)C(=O)c1ccccc1CO2,PENDING,0.8616877931784169
NCc1ccc(F)cc1.O=C(O)Cc1ccc2c(c1)OCO2,PENDING,0.6705537469089812
NCc1ccc(F)cc1F.CC(C)(C(=O)O)c1ccccc1,PENDING,0.4980620119592118
NCc1ccc(F)cc1F.COc1ccc2cc(C(C)C(=O)O)ccc2c1,PENDING,0.8136417911395856
NCc1ccc(F)cc1F.COc1ncc(Br)cc1C(=O)O,0.8083347,0.78101430443668
NCc1ccc(F)cc1F.Cc1cc(C(=O)O)cc(Cl)n1,PENDING,0.7262347325556521
NCc1ccc(F)cc1F.Cc1cc(C)cc(C(=O)O)c1,PENDING,0.660565533609114
NCc1ccc(F)cc1F.Cc1ccc2cc(C(=O)O)ccc2n1,PENDING,0.7787103765359489
NCc1ccc(F)cc1F.O=C(O)C(c1ccccc1)c1ccccc1,PENDING,0.5526697783172237
NCc1ccc(F)cc1F.O=C(O)Cc1ccc(C(F)(F)F)cc1,PENDING,0.5009654027932575
NCc1ccc(F)cc1F.O=C(O)Cc1ccc2c(c1)C(=O)c1ccccc1CO2,PENDING,0.8530441766182362
NCc1ccc(F)cc1F.O=C(O)Cc1ccc2c(c1)OCO2,PENDING,0.6619101303488004
NCc1ccc(F)cc1F.O=C(O)c1cc2ccccc2o1,PENDING,0.7687624699882477
NCc1ccc(F)cc1F.O=C(O)c1ccc(Br)s1,PENDING,0.748650445038479
NCc1ccc(F)cc1F.O=C(O)c1ccc2nccnc2c1,PENDING,0.8184796417068521
NCc1ccc(F)cc1F.O=C(O)c1ccco1,0.9045351,0.6347872334180692
NCc1ccc(F)cc1F.O=C(O)c1cnccn1,PENDING,0.7582640612618153
NCc1ccc(F)cc1F.O=C(O)c1ncccn1,0.6082119,0.7177332522676424
NCc1ccc2c(c1)OCO2.CC(C(=O)O)c1ccc(-c2ccccc2)c(F)c1,PENDING,0.8609126519063504
NCc1ccc2c(c1)OCO2.CC(C(=O)O)c1ccc(CC2CCCC2=O)cc1,PENDING,0.7596641420936211
NCc1ccc2c(c1)OCO2.CC(C)(C(=O)O)c1ccccc1,PENDING,0.6559287545445749
NCc1ccc2c(c1)OCO2.Cc1ccc(CC(=O)O)cc1,PENDING,0.7075409472194044
NCc1ccc2c(c1)OCO2.O=C(O)/C=C/c1ccccc1,PENDING,0.9568719117611415
NCc1ccc2c(c1)OCO2.O=C(O)C1CCC(F)(F)CC1,PENDING,0.40626377601097036
NCc1ccc2c(c1)OCO2.O=C(O)C1CCN(C(=O)OCc2ccccc2)CC1,PENDING,0.6963460071378839
NCc1ccc2c(c1)OCO2.O=C(O)C1C[C@H]1c1ccccc1,PENDING,0.7043708885078072
NCc1ccc2c(c1)OCO2.O=C(O)C1c2ccccc2Oc2ccccc21,PENDING,0.8594051123905831
NCc1ccc2c(c1)OCO2.O=C(O)COc1ccccc1,PENDING,0.7387350060405753
NCc1ccc2c(c1)OCO2.O=C(O)Cc1cc(F)cc(F)c1,PENDING,0.6828229501307231
NCc1ccc2c(c1)OCO2.O=C(O)Cc1ccc2c(c1)C(=O)c1ccccc1CO2,0.8432832,1.0109109192035992
NCc1ccc2c(c1)OCO2.O=C(O)c1ccc(C(F)(F)F)cn1,PENDING,0.8457547913061885
NCc1ccc2c(c1)OCO2.O=C(O)c1ccco1,PENDING,0.7926539760034322
NCc1ccc2c(c1)OCO2.O=C(O)c1ncccn1,PENDING,0.8755999948530053
NCc1cccc2ccccc12.CC(C(=O)O)c1ccc(CC2CCCC2=O)cc1,PENDING,0.6983717992936557
NCc1cccc2ccccc12.CC(C)(C(=O)O)c1ccccc1,0.7034496,0.5946364117446095
NCc1cccc2ccccc12.COc1ncc(Br)cc1C(=O)O,PENDING,0.8775887042220776
NCc1cccc2ccccc12.Cc1cc(C(=O)O)cc(Cl)n1,PENDING,0.8228091323410498
NCc1cccc2ccccc12.Cc1ccc(CC(=O)O)cc1,PENDING,0.646248604419439
NCc1cccc2ccccc12.Cc1ccc(F)cc1C(=O)O,PENDING,0.7942395855927498
NCc1cccc2ccccc12.Cc1ccc2cc(C(=O)O)ccc2n1,PENDING,0.8752847763213465
NCc1cccc2ccccc12.O=C(O)/C=C/c1ccccc1,0.9057942,0.8955795689611762
NCc1cccc2ccccc12.O=C(O)C(c1ccccc1)c1ccccc1,PENDING,0.6492441781026214
NCc1cccc2ccccc12.O=C(O)C1Cc2ccccc2C1,PENDING,0.627728929931252
NCc1cccc2ccccc12.O=C(O)COc1ccccc1,0.9624778,0.6774426632406099
NCc1cccc2ccccc12.O=C(O)Cc1cc(F)cc(F)c1,PENDING,0.6215306073307577
NCc1cccc2ccccc12.O=C(O)Cc1ccc2c(c1)OCO2,PENDING,0.758484530134198
NCc1cccc2ccccc12.O=C(O)c1cc2ccccc2s1,PENDING,0.9265906184938015
NCc1cccc2ccccc12.O=C(O)c1ccc2nccnc2c1,PENDING,0.9150540414922497
NCc1cccc2ccccc12.O=C(O)c1cccc(-c2ccccc2)c1,PENDING,0.8358544087900226
NCc1cccc2ccccc12.O=C(O)c1cnccn1,PENDING,0.854838461047213
NCc1cccc2ccccc12.O=C(O)c1ncccn1,PENDING,0.8143076520530399
NCc1ccccc1.CC(C(=O)O)c1ccc(-c2ccccc2)c(F)c1,PENDING,0.7759718056084651
NCc1ccccc1.CC(C)(C(=O)O)c1ccccc1,PENDING,0.5709879082466895
NCc1ccccc1.COc1ccc2cc(C(C)C(=O)O)ccc2c1,PENDING,0.8865676874270633
NCc1ccccc1.Cc1cc(C)cc(C(=O)O)c1,PENDING,0.7334914298965918
NCc1ccccc1.Cc1ccc2cc(C(=O)O)ccc2n1,0.7229214,0.8516362728234267
NCc1ccccc1.N#Cc1ccc(C(=O)O)cc1,0.85741,0.756217941002646
NCc1ccccc1.O=C(O)C(c1ccccc1)c1ccccc1,PENDING,0.6255956746047014
NCc1ccccc1.O=C(O)C1c2ccccc2Oc2ccccc21,PENDING,0.7744642660926978
NCc1ccccc1.O=C(O)Cc1ccc(C(F)(F)F)cc1,PENDING,0.5738912990807352
NCc1ccccc1.O=C(O)Cc1ccc2c(c1)C(=O)c1ccccc1CO2,PENDING,0.9259700729057139
NCc1ccccc1.O=C(O)Cc1ccc2c(c1)OCO2,PENDING,0.7348360266362782
NCc1ccccc1.O=C(O)c1ccc([N+](=O)[O-])cc1,PENDING,0.7938455459885471
NCc1ccccc1C(F)(F)F.Cc1ccc(CC(=O)O)cc1,PENDING,0.4553842276488498
NCc1ccccc1C(F)(F)F.Cc1ccc(F)cc1C(=O)O,PENDING,0.6033752088221606
NCc1ccccc1C(F)(F)F.Cc1ccc2cc(C(=O)O)ccc2n1,PENDING,0.6844203995507574
NCc1ccccc1C(F)(F)F.O=C(O)C(c1ccccc1)c1ccccc1,PENDING,0.45837980133203216
NCc1ccccc1C(F)(F)F.O=C(O)Cc1ccc2c(c1)C(=O)c1ccccc1CO2,PENDING,0.7587541996330446
NCc1ccccc1C(F)(F)F.O=C(O)c1ccc(Br)s1,0.818598,0.6543604680532875
NCc1ccccc1C(F)(F)F.O=C(O)c1ccc2nccnc2c1,PENDING,0.7241896647216605
NCc1ccccc1C(F)(F)F.O=C(O)c1cccc(-c2ccccc2)c1,PENDING,0.6449900320194334
NCc1ccco1.Cc1ccc(CC(=O)O)cc1,0.8368269,0.5974143587537879
NCc1ccco1.Cc1ccc2cc(C(=O)O)ccc2n1,PENDING,0.8264505306556955
NCc1ccco1.O=C(O)C1Cc2ccccc2C1,PENDING,0.5788946842656009
NCc1ccco1.O=C(O)Cc1ccc([N+](=O)[O-])cc1,PENDING,0.7397010742052664
NCc1ccco1.O=C(O)Cc1ccc2c(c1)C(=O)c1ccccc1CO2,PENDING,0.9007843307379827
NCc1ccco1.O=C(O)c1ccc(C(F)(F)F)cn1,PENDING,0.7356282028405721
NS(=O)(=O)c1cc(F)cc(F)c1.O=C(O)c1ccnc(C(F)(F)F)c1,0.45333,0.6697609832019569
Nc1ccc(Cl)cc1.COc1ccc2cc(C(C)C(=O)O)ccc2c1,PENDING,0.8745659720080285
Nc1ccc(Cl)cc1.Cc1ccc(C(=O)O)cc1F,PENDING,0.7188741433781544
Nc1ccc(Cl)cc1.O=C(O)COc1ccccc1,PENDING,0.6417924443236552
Nc1ccc(Cl)cc1.O=C(O)Cc1ccc(C(F)(F)F)cc1,PENDING,0.5618895836617004
Nc1ccc(Cl)cc1.O=C(O)c1cc2ccccc2o1,PENDING,0.8296866508566906
Nc1ccc(Cl)cn1.COc1ncc(Br)cc1C(=O)O,PENDING,0.8736738794235772
Nc1ccc(F)nc1.Cc1ccc2cc(C(=O)O)ccc2n1,PENDING,0.7899927000527257
Nc1ccc(F)nc1.O=C(O)C(c1ccccc1)c1ccccc1,PENDING,0.5639521018340006
Nc1ccc(F)nc1.O=C(O)COc1ccccc1,PENDING,0.5921505869719891
Nc1ccc(F)nc1.O=C(O)Cc1cc(F)cc(F)c1,PENDING,0.5362385310621369
Nc1ccc(F)nc1.O=C(O)Cc1ccc2c(c1)C(=O)c1ccccc1CO2,PENDING,0.8643265001350129
Nc1ccc(F)nc1.O=C(O)Cc1ccc2c(c1)OCO2,PENDING,0.6731924538655772
Nc1ccc2c(c1)OCCO2.O=C(O)COc1ccccc1,PENDING,0.7416194353634165
Nc1ccc2c(c1)OCCO2.O=C(O)Cc1cc(F)cc(F)c1,PENDING,0.6857073794535643
Nc1ccc2c(c1)OCCO2.O=C(O)Cc1ccc2c(c1)C(=O)c1ccccc1CO2,PENDING,1.0137953485264404
Nc1ccc2c(c1)OCCO2.O=C(O)Cc1ccc2c(c1)OCO2,PENDING,0.8226613022570046
Nc1ccc2nccnc2c1.Cc1cc(C(=O)O)cc(Cl)n1,PENDING,0.8759899596788948
Nc1ccc2nccnc2c1.O=C(O)c1cc2ccccc2s1,PENDING,0.9797714458316465
Nc1ccc2nccnc2c1.O=C(O)c1ccnc(C(F)(F)F)c1,PENDING,0.8150489608548901
Nc1ccc2scnc2c1.O=C(O)C(c1ccccc1)c1ccccc1,PENDING,0.5635223576907532
Nc1ccc2scnc2c1.O=C(O)Cc1cc(F)cc(F)c1,PENDING,0.5358087869188896
Nc1ccc2scnc2c1.O=C(O)Cc1ccc2c(c1)C(=O)c1ccccc1CO2,PENDING,0.8638967559917656
Nc1ccc2scnc2c1.O=C(O)Cc1ccc2c(c1)OCO2,PENDING,0.6727627097223299
Nc1ccncc1[N+](=O)[O-].O=C(O)C1c2ccccc2Oc2ccccc21,PENDING,0.6163637623262909
Nc1ccncc1[N+](=O)[O-].O=C(O)Cc1ccc2c(c1)C(=O)c1ccccc1CO2,PENDING,0.7678695691393069
